candidate_id,source,source_row,case_id,weak_label,confidence,reason,text,noise_flag,duplicate_of
candidate_0067,data/nlp_research/candidate_review_priority_30.csv,0,sample_sales,neutral,0.0,,and how teams usually evaluate the workflow.,,
candidate_0025,data/nlp_research/candidate_review_priority_30.csv,1,sample_emotion_cases,neutral,0.0,,We need the revised order form by end of day because the customer deadline is before launch tomorrow.,,
candidate_0070,data/nlp_research/candidate_review_priority_30.csv,2,sample_sales,risk_friction,0.0,expensive; cost; seat cost; intercom; zendesk,"The seat cost feels expensive versus Zendesk, and the team is also comparing you to Intercom.",,
candidate_0071,data/nlp_research/candidate_review_priority_30.csv,3,sample_sales,risk_friction,0.0,expensive; cost; seat cost; zendesk,The seat cost feels expensive versus Zendesk,,
candidate_0034,data/nlp_research/candidate_review_priority_30.csv,4,sales_calls_realistic,risk_friction,0.0,price; intercom; zendesk,but the enterprise price is higher than Zendesk and Intercom,,
candidate_0054,data/nlp_research/candidate_review_priority_30.csv,5,sample_account_management,risk_friction,0.0,renewal; still dealing with; unresolved,"Our renewal is in about 45 days, and we're still dealing with two unresolved onboarding issues from the launch.",,
candidate_0059,data/nlp_research/candidate_review_priority_30.csv,6,sample_account_management,risk_friction,0.0,cut seats; look at another vendor; renewal,"But if these issues stay open into renewal, we may cut seats, delay the renewal, or look at another vendor.",,
candidate_0061,data/nlp_research/candidate_review_priority_30.csv,7,sample_account_management,risk_friction,0.0,again; downgrade; switch,"Okay, but if this slips again finance will ask whether we should downgrade or switch.",,
candidate_0062,data/nlp_research/candidate_review_priority_30.csv,8,sample_account_management,risk_friction,0.0,again; downgrade; switch,but if this slips again finance will ask whether we should downgrade or switch.,,
candidate_0089,data/nlp_research/candidate_review_priority_30.csv,9,sample_support,risk_friction,0.0,escalate; manager; unresolved,and if this is still unresolved today I'll escalate it to your manager and dispute the charge.,,
candidate_0027,data/nlp_research/candidate_review_priority_30.csv,10,account_management_realistic,risk_friction,0.0,renewal; unresolved,"Our renewal is 30 days out, two onboarding issues are still unresolved",,
candidate_0050,data/nlp_research/candidate_review_priority_30.csv,11,support_tickets_realistic,risk_friction,0.0,again; escalate,and if this slips again we will escalate the dispute.,,
candidate_0056,data/nlp_research/candidate_review_priority_30.csv,12,sample_account_management,risk_friction,0.0,still dealing with; unresolved,and we're still dealing with two unresolved onboarding issues from the launch.,,
candidate_0033,data/nlp_research/candidate_review_priority_30.csv,13,sales_calls_realistic,risk_friction,0.0,price; intercom; zendesk,"We're interested, but the enterprise price is higher than Zendesk and Intercom, and I still do not know what happens after the pilot.",,
candidate_0039,data/nlp_research/candidate_review_priority_30.csv,14,sales_calls_realistic,risk_friction,0.0,discount,"and discount range, procurement will not move this week.",,
candidate_0042,data/nlp_research/candidate_review_priority_30.csv,15,support_tickets_realistic,risk_friction,0.0,frustrated,I'm frustrated that invoice 8842 still shows the wrong total and nobody has confirmed when the credit will post.,,
candidate_0084,data/nlp_research/candidate_review_priority_30.csv,16,sample_support,risk_friction,0.0,another team,Refund timing sits with another team,,
candidate_0085,data/nlp_research/candidate_review_priority_30.csv,17,sample_support,risk_friction,0.0,please refer to,so please refer to the billing FAQ for now while we look into it on our side.,,
candidate_0044,data/nlp_research/candidate_review_priority_30.csv,18,support_tickets_realistic,uncertainty_hedging,0.0,for now,"Billing is still reviewing it, so please check the help center article for now while we wait for their response.",,
candidate_0046,data/nlp_research/candidate_review_priority_30.csv,19,support_tickets_realistic,uncertainty_hedging,0.0,for now,so please check the help center article for now while we wait for their response.,,
candidate_0029,data/nlp_research/candidate_review_priority_30.csv,20,account_management_realistic,opportunity_commitment,0.0,send; i own; recovery plan; renewal review,I own the recovery plan and will send named owners this afternoon with a renewal review for next Tuesday.,,
candidate_0057,data/nlp_research/candidate_review_priority_30.csv,21,sample_account_management,opportunity_commitment,0.0,send; action items; i own; recovery plan,I own the action items and will send a recovery plan by Friday with owners for each open item.,,
candidate_0073,data/nlp_research/candidate_review_priority_30.csv,22,sample_sales,opportunity_commitment,0.0,pilot; procurement; proposal; pilot plan; pricing options; send,"I can send a pilot plan, pricing options, and a proposal by Tuesday, and I can include the security packet for procurement.",,
candidate_0074,data/nlp_research/candidate_review_priority_30.csv,23,sample_sales,opportunity_commitment,0.0,pilot; pilot plan; pricing options; send,"I can send a pilot plan, pricing options",,
candidate_0030,data/nlp_research/candidate_review_priority_30.csv,24,account_management_realistic,opportunity_commitment,0.0,fixed; expand; recovery plan,"If the recovery plan lands and the integrations are fixed, we may still expand analytics seats later this quarter.",,
candidate_0060,data/nlp_research/candidate_review_priority_30.csv,25,sample_account_management,opportunity_commitment,0.0,schedule; expansion; renewal review,I'll confirm owners today and schedule a renewal review next week so we can decide whether expansion is still realistic.,,
candidate_0075,data/nlp_research/candidate_review_priority_30.csv,26,sample_sales,opportunity_commitment,0.0,proposal,and a proposal by Tuesday,,
candidate_0076,data/nlp_research/candidate_review_priority_30.csv,27,sample_sales,opportunity_commitment,0.0,procurement,and I can include the security packet for procurement.,,
candidate_0228,data/nlp_research/candidate_review_priority_30.csv,28,sales_demo_output,opportunity_commitment,0.0,pilot; proposal; pilot plan; pricing options; send,"I can send a pilot plan, pricing options, and a proposal by Tuesday, and I can include the security packet for pr...",,
candidate_0015,data/nlp_research/candidate_review_priority_30.csv,29,sample_emotion_cases,opportunity_commitment,0.0,recovery plan,Thank you for the recovery plan.,,
gold_candidate_risk_sales_pricing_objection_001,data/nlp_research/gold_holdout_candidates.jsonl,0,sample_sales,risk_friction,0.0,,"My main concern is price. The seat cost feels expensive versus Zendesk, and the team is also comparing you to Intercom.",,
gold_candidate_risk_support_anger_seed_001,data/nlp_research/gold_holdout_candidates.jsonl,1,sample_emotion_cases,risk_friction,0.0,,I'm angry that your team charged the wrong card again and closed the ticket without notice.,,
gold_candidate_risk_sales_procurement_block_001,data/nlp_research/gold_holdout_candidates.jsonl,2,sales_calls_realistic,risk_friction,0.0,,"That feels vague. Without a concrete next step, security packet, and discount range, procurement will not move this week.",,
gold_candidate_risk_support_help_center_001,data/nlp_research/gold_holdout_candidates.jsonl,3,support_tickets_realistic,risk_friction,0.0,,"Billing is still reviewing it, so please check the help center article for now while we wait for their response.",,
gold_candidate_opp_account_recovery_plan_001,data/nlp_research/gold_holdout_candidates.jsonl,4,sample_account_management,opportunity_commitment,0.0,,I own the action items and will send a recovery plan by Friday with owners for each open item.,,candidate_0057
gold_candidate_opp_account_confirm_owners_001,data/nlp_research/gold_holdout_candidates.jsonl,5,sample_account_management,opportunity_commitment,0.0,,I'll confirm owners today and schedule a renewal review next week,,
gold_candidate_opp_account_named_owners_001,data/nlp_research/gold_holdout_candidates.jsonl,6,account_management_realistic,opportunity_commitment,0.0,,will send named owners this afternoon with a renewal review for next Tuesday.,,
gold_candidate_opp_account_followthrough_seed_001,data/nlp_research/gold_holdout_candidates.jsonl,7,sample_emotion_cases,opportunity_commitment,0.0,,Thank you for the recovery plan. We appreciate the follow-through and that works for our renewal review.,,
gold_candidate_unc_support_waiting_update_001,data/nlp_research/gold_holdout_candidates.jsonl,8,sample_support,uncertainty_hedging,0.0,,We are still looking into it and someone will reach out later once billing has an update.,,
gold_candidate_unc_sales_confusion_seed_001,data/nlp_research/gold_holdout_candidates.jsonl,9,sample_emotion_cases,uncertainty_hedging,0.0,,Can you explain what this new implementation fee covers? I don't understand the difference between the two quotes.,,
gold_candidate_unc_account_rollout_condition_001,data/nlp_research/gold_holdout_candidates.jsonl,10,sample_account_management,uncertainty_hedging,0.0,,If the rollout stabilizes this quarter,,
gold_candidate_unc_sales_discount_signoff_001,data/nlp_research/gold_holdout_candidates.jsonl,11,sample_sales,uncertainty_hedging,0.0,,If the discount works and security signs off,,
gold_candidate_neut_sales_status_full_001,data/nlp_research/gold_holdout_candidates.jsonl,12,sample_emotion_cases,neutral,0.0,,"For reference, the current status is that procurement is scheduled for next Tuesday and the legal review is still open.",,
gold_candidate_neut_sales_opening_full_001,data/nlp_research/gold_holdout_candidates.jsonl,13,sample_sales,neutral,0.0,,"Thanks for making time. I can walk through the pilot scope, rollout plan, and how teams usually evaluate the workflow.",,
gold_candidate_neut_account_status_full_001,data/nlp_research/gold_holdout_candidates.jsonl,14,sample_emotion_cases,neutral,0.0,,Sharing the update from finance: the meeting starts at 09:00 CET and the agenda is attached in the renewal folder.,,
gold_candidate_neut_account_review_schedule_001,data/nlp_research/gold_holdout_candidates.jsonl,15,account_management_realistic,neutral,0.0,,with a renewal review for next Tuesday.,,
risk_support_refund_delay_001,data/nlp_research/human_reviewed_signal_labels.jsonl,0,sample_support,risk_friction,0.0,Explicit frustration plus an unresolved refund delay creates a clear operational friction signal.,"Hi, I'm honestly pretty frustrated. Ticket 78421 has been open for 11 days and the refund still hasn't posted to our card.",,
risk_support_deflection_001,data/nlp_research/human_reviewed_signal_labels.jsonl,1,sample_support,risk_friction,0.0,The response deflects ownership instead of answering the customer's timing question.,Refund timing sits with another team,,candidate_0084
risk_support_escalation_001,data/nlp_research/human_reviewed_signal_labels.jsonl,2,sample_support,risk_friction,0.0,The customer explicitly rejects the answer and threatens escalation and a charge dispute.,"That still doesn't answer the question. I need a real date, not a FAQ, and if this is still unresolved today I'll escalate it to your manager and dispute the charge.",,
risk_sales_pricing_objection_001,data/nlp_research/human_reviewed_signal_labels.jsonl,3,sample_sales,risk_friction,0.0,The buyer raises a pricing objection and competitor comparison in the same turn.,"My main concern is price. The seat cost feels expensive versus Zendesk, and the team is also comparing you to Intercom.",,gold_candidate_risk_sales_pricing_objection_001
risk_account_unresolved_001,data/nlp_research/human_reviewed_signal_labels.jsonl,4,sample_account_management,risk_friction,0.0,"The account context is still carrying unresolved launch issues, which is a direct friction signal.",we're still dealing with two unresolved onboarding issues from the launch.,,
risk_account_vendor_risk_001,data/nlp_research/human_reviewed_signal_labels.jsonl,5,sample_account_management,risk_friction,0.0,The customer explicitly names downgrade and competitive-switch risk.,"But if these issues stay open into renewal, we may cut seats, delay the renewal, or look at another vendor.",,candidate_0059
risk_support_billing_delay_001,data/nlp_research/human_reviewed_signal_labels.jsonl,6,support_tickets_realistic,risk_friction,0.0,The customer describes an unresolved billing error with no confirmed posting date.,I'm frustrated that invoice 8842 still shows the wrong total and nobody has confirmed when the credit will post. Please send the update to [EMAIL] or call [PHONE].,,
risk_support_help_center_001,data/nlp_research/human_reviewed_signal_labels.jsonl,7,support_tickets_realistic,risk_friction,0.0,The agent deflects to documentation and keeps ownership vague.,"Billing is still reviewing it, so please check the help center article for now while we wait for their response.",,gold_candidate_risk_support_help_center_001
risk_support_dispute_001,data/nlp_research/human_reviewed_signal_labels.jsonl,8,support_tickets_realistic,risk_friction,0.0,"The customer describes a failed resolution, duplicate charge, and escalation threat.","That does not solve it. The failed resolution has been open since Monday, the card ending 1111 was charged twice, and if this slips again we will escalate the dispute.",,
risk_sales_procurement_block_001,data/nlp_research/human_reviewed_signal_labels.jsonl,9,sales_calls_realistic,risk_friction,0.0,The buyer explicitly says the deal cannot advance without clearer follow-through.,"That feels vague. Without a concrete next step, security packet, and discount range, procurement will not move this week.",,gold_candidate_risk_sales_procurement_block_001
risk_account_reduce_seats_001,data/nlp_research/human_reviewed_signal_labels.jsonl,10,account_management_realistic,risk_friction,0.0,The account is near renewal with unresolved issues and a concrete seat-reduction risk.,"Our renewal is 30 days out, two onboarding issues are still unresolved, and leadership is asking whether we should reduce seats if support does not stabilize.",,
risk_support_anger_seed_001,data/nlp_research/human_reviewed_signal_labels.jsonl,11,sample_emotion_cases,risk_friction,0.0,The utterance describes a repeated billing failure and a broken support process.,I'm angry that your team charged the wrong card again and closed the ticket without notice.,,gold_candidate_risk_support_anger_seed_001
opp_sales_pilot_interest_001,data/nlp_research/human_reviewed_signal_labels.jsonl,12,sample_sales,opportunity_commitment,0.0,This clause states concrete buyer interest in a pilot timeline.,We're interested in a pilot next month,,
opp_sales_plan_commitment_001,data/nlp_research/human_reviewed_signal_labels.jsonl,13,sample_sales,opportunity_commitment,0.0,The rep makes a dated follow-up commitment tied to the deal process.,"I can send a pilot plan, pricing options, and a proposal by Tuesday",,
opp_sales_security_packet_001,data/nlp_research/human_reviewed_signal_labels.jsonl,14,sample_sales,opportunity_commitment,0.0,The rep offers a concrete artifact that helps the buying process move forward.,I can include the security packet for procurement.,,
opp_sales_procurement_path_001,data/nlp_research/human_reviewed_signal_labels.jsonl,15,sample_sales,opportunity_commitment,0.0,The buyer names a concrete next step if the commercial conditions land.,we can bring procurement in next week.,,
opp_account_recovery_plan_001,data/nlp_research/human_reviewed_signal_labels.jsonl,16,sample_account_management,opportunity_commitment,0.0,The account manager takes ownership and gives a dated recovery commitment.,I own the action items and will send a recovery plan by Friday with owners for each open item.,,candidate_0057
opp_account_expand_support_001,data/nlp_research/human_reviewed_signal_labels.jsonl,17,sample_account_management,opportunity_commitment,0.0,"Even though it is conditional, this clause names specific expansion upside.",we may add the support team and upgrade to the enterprise package.,,
opp_account_confirm_owners_001,data/nlp_research/human_reviewed_signal_labels.jsonl,18,sample_account_management,opportunity_commitment,0.0,The account manager gives concrete ownership and meeting commitments.,I'll confirm owners today and schedule a renewal review next week,,gold_candidate_opp_account_confirm_owners_001
opp_account_own_recovery_001,data/nlp_research/human_reviewed_signal_labels.jsonl,19,account_management_realistic,opportunity_commitment,0.0,This clause contains explicit ownership language.,I own the recovery plan,,
opp_account_named_owners_001,data/nlp_research/human_reviewed_signal_labels.jsonl,20,account_management_realistic,opportunity_commitment,0.0,This clause contains dated follow-through and explicit ownership structure.,will send named owners this afternoon with a renewal review for next Tuesday.,,gold_candidate_opp_account_named_owners_001
opp_account_expand_realistic_001,data/nlp_research/human_reviewed_signal_labels.jsonl,21,account_management_realistic,opportunity_commitment,0.0,The customer names a specific expansion path if the recovery lands.,we may still expand analytics seats later this quarter.,,
opp_support_resolution_seed_001,data/nlp_research/human_reviewed_signal_labels.jsonl,22,sample_emotion_cases,opportunity_commitment,0.0,The utterance confirms a completed resolution and positive follow-through.,"Thanks, the replacement order arrived this morning and I'm happy with how quickly your team solved it.",,
opp_account_followthrough_seed_001,data/nlp_research/human_reviewed_signal_labels.jsonl,23,sample_emotion_cases,opportunity_commitment,0.0,The customer acknowledges that the recovery plan is actionable and acceptable.,Thank you for the recovery plan. We appreciate the follow-through and that works for our renewal review.,,gold_candidate_opp_account_followthrough_seed_001
opp_sales_security_review_path_001,data/nlp_research/human_reviewed_signal_labels.jsonl,24,sample_sales,opportunity_commitment,0.0,"This clause suggests positive comparative fit, which supports forward motion without standing alone as a close signal.",the onboarding looks lighter than what we've seen before.,,
unc_support_waiting_update_001,data/nlp_research/human_reviewed_signal_labels.jsonl,25,sample_support,uncertainty_hedging,0.0,"The response defers timing and ownership, but the defining cue is uncertainty rather than direct confrontation.",We are still looking into it and someone will reach out later once billing has an update.,,gold_candidate_unc_support_waiting_update_001
unc_sales_security_review_001,data/nlp_research/human_reviewed_signal_labels.jsonl,26,sample_sales,uncertainty_hedging,0.0,The buyer interest is clearly contingent on future checks and onboarding confidence.,if the security review goes well and the onboarding looks lighter than what we've seen before.,,
unc_sales_discount_signoff_001,data/nlp_research/human_reviewed_signal_labels.jsonl,27,sample_sales,uncertainty_hedging,0.0,The next step depends on commercial and security contingencies.,If the discount works and security signs off,,gold_candidate_unc_sales_discount_signoff_001
unc_account_rollout_condition_001,data/nlp_research/human_reviewed_signal_labels.jsonl,28,sample_account_management,uncertainty_hedging,0.0,The customer frames expansion upside as conditional on future stability.,If the rollout stabilizes this quarter,,gold_candidate_unc_account_rollout_condition_001
unc_account_expansion_realistic_001,data/nlp_research/human_reviewed_signal_labels.jsonl,29,sample_account_management,uncertainty_hedging,0.0,This clause explicitly defers certainty about expansion viability.,so we can decide whether expansion is still realistic.,,
unc_sales_unknown_after_pilot_001,data/nlp_research/human_reviewed_signal_labels.jsonl,30,sales_calls_realistic,uncertainty_hedging,0.0,The buyer explicitly states uncertainty about post-pilot rollout.,I still do not know what happens after the pilot.,,
unc_sales_probably_001,data/nlp_research/human_reviewed_signal_labels.jsonl,31,sales_calls_realistic,uncertainty_hedging,0.0,The rep uses explicitly hedged pricing language.,We can probably work something out on pricing,,
unc_sales_details_later_001,data/nlp_research/human_reviewed_signal_labels.jsonl,32,sales_calls_realistic,uncertainty_hedging,0.0,The rep defers specifics to a later internal regrouping step.,and I can send more details later once I regroup with the team.,,
unc_account_if_recovery_lands_001,data/nlp_research/human_reviewed_signal_labels.jsonl,33,account_management_realistic,uncertainty_hedging,0.0,The customer explicitly conditions expansion on future execution and technical outcomes.,If the recovery plan lands and the integrations are fixed,,
unc_support_confusion_seed_001,data/nlp_research/human_reviewed_signal_labels.jsonl,34,sample_emotion_cases,uncertainty_hedging,0.0,The utterance expresses concrete ambiguity about the current billing state.,I'm confused about which invoice version is final because the portal and the email summary do not match.,,
unc_sales_confusion_seed_001,data/nlp_research/human_reviewed_signal_labels.jsonl,35,sample_emotion_cases,uncertainty_hedging,0.0,The buyer explicitly asks for clarification because the commercial terms are unclear.,Can you explain what this new implementation fee covers? I don't understand the difference between the two quotes.,,gold_candidate_unc_sales_confusion_seed_001
unc_support_concern_seed_001,data/nlp_research/human_reviewed_signal_labels.jsonl,36,sample_emotion_cases,uncertainty_hedging,0.0,The speaker highlights an unconfirmed rollback plan and asks for follow-up.,I'm concerned the rollback plan still hasn't been confirmed. Please send the update to [EMAIL] when you have it.,,
neut_sales_opening_full_001,data/nlp_research/human_reviewed_signal_labels.jsonl,37,sample_sales,neutral,0.0,"This opening turn is mostly procedural and does not yet signal friction, uncertainty, or a commitment outcome.","Thanks for making time. I can walk through the pilot scope, rollout plan, and how teams usually evaluate the workflow.",,gold_candidate_neut_sales_opening_full_001
neut_sales_opening_thanks_001,data/nlp_research/human_reviewed_signal_labels.jsonl,38,sample_sales,neutral,0.0,This is a conversational opener without a clear directional signal.,Thanks for making time.,,
neut_sales_status_full_001,data/nlp_research/human_reviewed_signal_labels.jsonl,39,sample_emotion_cases,neutral,0.0,The utterance is primarily a procedural status update rather than a directional judgment.,"For reference, the current status is that procurement is scheduled for next Tuesday and the legal review is still open.",,gold_candidate_neut_sales_status_full_001
neut_sales_status_procurement_001,data/nlp_research/human_reviewed_signal_labels.jsonl,40,sample_emotion_cases,neutral,0.0,This clause is a plain process update without clear friction or commitment strength on its own.,the current status is that procurement is scheduled for next Tuesday,,
neut_account_status_full_001,data/nlp_research/human_reviewed_signal_labels.jsonl,41,sample_emotion_cases,neutral,0.0,This is an operational scheduling update rather than a risk or opportunity signal.,Sharing the update from finance: the meeting starts at 09:00 CET and the agenda is attached in the renewal folder.,,gold_candidate_neut_account_status_full_001
neut_account_status_intro_001,data/nlp_research/human_reviewed_signal_labels.jsonl,42,sample_emotion_cases,neutral,0.0,This intro clause is a context-setting status marker rather than a business signal.,Sharing the update from finance:,,
neut_account_status_meeting_001,data/nlp_research/human_reviewed_signal_labels.jsonl,43,sample_emotion_cases,neutral,0.0,This is a scheduling fact without directional review meaning on its own.,the meeting starts at 09:00 CET,,
neut_account_status_agenda_001,data/nlp_research/human_reviewed_signal_labels.jsonl,44,sample_emotion_cases,neutral,0.0,This is a purely operational document-reference clause.,the agenda is attached in the renewal folder.,,
neut_account_review_schedule_001,data/nlp_research/human_reviewed_signal_labels.jsonl,45,account_management_realistic,neutral,0.0,This isolated scheduling clause is useful as a neutral procedural example.,with a renewal review for next Tuesday.,,gold_candidate_neut_account_review_schedule_001
neut_sales_acknowledgement_001,data/nlp_research/human_reviewed_signal_labels.jsonl,46,sample_sales,neutral,0.0,This acknowledgement alone does not carry a directional signal.,Understood.,,
neut_sales_legal_status_001,data/nlp_research/human_reviewed_signal_labels.jsonl,47,sample_emotion_cases,neutral,0.0,This clause states process status without enough context to assign friction or commitment on its own.,the legal review is still open.,,
risk_support_refund_delay_001,data/nlp_research/review_packets/signal_labels_review_packet.csv,0,signal_labels_review_packet,risk_friction,0.0,Explicit frustration plus an unresolved refund delay creates a clear operational friction signal.,"Hi, I'm honestly pretty frustrated. Ticket 78421 has been open for 11 days and the refund still hasn't posted to our card.",,
risk_support_deflection_001,data/nlp_research/review_packets/signal_labels_review_packet.csv,1,signal_labels_review_packet,risk_friction,0.0,The response deflects ownership instead of answering the customer's timing question.,Refund timing sits with another team,,
risk_support_escalation_001,data/nlp_research/review_packets/signal_labels_review_packet.csv,2,signal_labels_review_packet,risk_friction,0.0,The customer explicitly rejects the answer and threatens escalation and a charge dispute.,"That still doesn't answer the question. I need a real date, not a FAQ, and if this is still unresolved today I'll escalate it to your manager and dispute the charge.",,
risk_sales_pricing_objection_001,data/nlp_research/review_packets/signal_labels_review_packet.csv,3,signal_labels_review_packet,risk_friction,0.0,The buyer raises a pricing objection and competitor comparison in the same turn.,"My main concern is price. The seat cost feels expensive versus Zendesk, and the team is also comparing you to Intercom.",,
risk_account_unresolved_001,data/nlp_research/review_packets/signal_labels_review_packet.csv,4,signal_labels_review_packet,risk_friction,0.0,"The account context is still carrying unresolved launch issues, which is a direct friction signal.",we're still dealing with two unresolved onboarding issues from the launch.,,
risk_account_vendor_risk_001,data/nlp_research/review_packets/signal_labels_review_packet.csv,5,signal_labels_review_packet,risk_friction,0.0,The customer explicitly names downgrade and competitive-switch risk.,"But if these issues stay open into renewal, we may cut seats, delay the renewal, or look at another vendor.",,
risk_support_billing_delay_001,data/nlp_research/review_packets/signal_labels_review_packet.csv,6,signal_labels_review_packet,risk_friction,0.0,The customer describes an unresolved billing error with no confirmed posting date.,I'm frustrated that invoice 8842 still shows the wrong total and nobody has confirmed when the credit will post. Please send the update to [EMAIL] or call [PHONE].,,
risk_support_help_center_001,data/nlp_research/review_packets/signal_labels_review_packet.csv,7,signal_labels_review_packet,risk_friction,0.0,The agent deflects to documentation and keeps ownership vague.,"Billing is still reviewing it, so please check the help center article for now while we wait for their response.",,
risk_support_dispute_001,data/nlp_research/review_packets/signal_labels_review_packet.csv,8,signal_labels_review_packet,risk_friction,0.0,"The customer describes a failed resolution, duplicate charge, and escalation threat.","That does not solve it. The failed resolution has been open since Monday, the card ending 1111 was charged twice, and if this slips again we will escalate the dispute.",,
risk_sales_procurement_block_001,data/nlp_research/review_packets/signal_labels_review_packet.csv,9,signal_labels_review_packet,risk_friction,0.0,The buyer explicitly says the deal cannot advance without clearer follow-through.,"That feels vague. Without a concrete next step, security packet, and discount range, procurement will not move this week.",,
risk_account_reduce_seats_001,data/nlp_research/review_packets/signal_labels_review_packet.csv,10,signal_labels_review_packet,risk_friction,0.0,The account is near renewal with unresolved issues and a concrete seat-reduction risk.,"Our renewal is 30 days out, two onboarding issues are still unresolved, and leadership is asking whether we should reduce seats if support does not stabilize.",,
risk_support_anger_seed_001,data/nlp_research/review_packets/signal_labels_review_packet.csv,11,signal_labels_review_packet,risk_friction,0.0,The utterance describes a repeated billing failure and a broken support process.,I'm angry that your team charged the wrong card again and closed the ticket without notice.,,
opp_sales_pilot_interest_001,data/nlp_research/review_packets/signal_labels_review_packet.csv,12,signal_labels_review_packet,opportunity_commitment,0.0,This clause states concrete buyer interest in a pilot timeline.,We're interested in a pilot next month,,
opp_sales_plan_commitment_001,data/nlp_research/review_packets/signal_labels_review_packet.csv,13,signal_labels_review_packet,opportunity_commitment,0.0,The rep makes a dated follow-up commitment tied to the deal process.,"I can send a pilot plan, pricing options, and a proposal by Tuesday",,
opp_sales_security_packet_001,data/nlp_research/review_packets/signal_labels_review_packet.csv,14,signal_labels_review_packet,opportunity_commitment,0.0,The rep offers a concrete artifact that helps the buying process move forward.,I can include the security packet for procurement.,,
opp_sales_procurement_path_001,data/nlp_research/review_packets/signal_labels_review_packet.csv,15,signal_labels_review_packet,opportunity_commitment,0.0,The buyer names a concrete next step if the commercial conditions land.,we can bring procurement in next week.,,
opp_account_recovery_plan_001,data/nlp_research/review_packets/signal_labels_review_packet.csv,16,signal_labels_review_packet,opportunity_commitment,0.0,The account manager takes ownership and gives a dated recovery commitment.,I own the action items and will send a recovery plan by Friday with owners for each open item.,,
opp_account_expand_support_001,data/nlp_research/review_packets/signal_labels_review_packet.csv,17,signal_labels_review_packet,opportunity_commitment,0.0,"Even though it is conditional, this clause names specific expansion upside.",we may add the support team and upgrade to the enterprise package.,,
opp_account_confirm_owners_001,data/nlp_research/review_packets/signal_labels_review_packet.csv,18,signal_labels_review_packet,opportunity_commitment,0.0,The account manager gives concrete ownership and meeting commitments.,I'll confirm owners today and schedule a renewal review next week,,
opp_account_own_recovery_001,data/nlp_research/review_packets/signal_labels_review_packet.csv,19,signal_labels_review_packet,opportunity_commitment,0.0,This clause contains explicit ownership language.,I own the recovery plan,,
opp_account_named_owners_001,data/nlp_research/review_packets/signal_labels_review_packet.csv,20,signal_labels_review_packet,opportunity_commitment,0.0,This clause contains dated follow-through and explicit ownership structure.,will send named owners this afternoon with a renewal review for next Tuesday.,,
opp_account_expand_realistic_001,data/nlp_research/review_packets/signal_labels_review_packet.csv,21,signal_labels_review_packet,opportunity_commitment,0.0,The customer names a specific expansion path if the recovery lands.,we may still expand analytics seats later this quarter.,,
opp_support_resolution_seed_001,data/nlp_research/review_packets/signal_labels_review_packet.csv,22,signal_labels_review_packet,opportunity_commitment,0.0,The utterance confirms a completed resolution and positive follow-through.,"Thanks, the replacement order arrived this morning and I'm happy with how quickly your team solved it.",,
opp_account_followthrough_seed_001,data/nlp_research/review_packets/signal_labels_review_packet.csv,23,signal_labels_review_packet,opportunity_commitment,0.0,The customer acknowledges that the recovery plan is actionable and acceptable.,Thank you for the recovery plan. We appreciate the follow-through and that works for our renewal review.,,
opp_sales_security_review_path_001,data/nlp_research/review_packets/signal_labels_review_packet.csv,24,signal_labels_review_packet,opportunity_commitment,0.0,"This clause suggests positive comparative fit, which supports forward motion without standing alone as a close signal.",the onboarding looks lighter than what we've seen before.,,
unc_support_waiting_update_001,data/nlp_research/review_packets/signal_labels_review_packet.csv,25,signal_labels_review_packet,uncertainty_hedging,0.0,"The response defers timing and ownership, but the defining cue is uncertainty rather than direct confrontation.",We are still looking into it and someone will reach out later once billing has an update.,,
unc_sales_security_review_001,data/nlp_research/review_packets/signal_labels_review_packet.csv,26,signal_labels_review_packet,uncertainty_hedging,0.0,The buyer interest is clearly contingent on future checks and onboarding confidence.,if the security review goes well and the onboarding looks lighter than what we've seen before.,,
unc_sales_discount_signoff_001,data/nlp_research/review_packets/signal_labels_review_packet.csv,27,signal_labels_review_packet,uncertainty_hedging,0.0,The next step depends on commercial and security contingencies.,If the discount works and security signs off,,
unc_account_rollout_condition_001,data/nlp_research/review_packets/signal_labels_review_packet.csv,28,signal_labels_review_packet,uncertainty_hedging,0.0,The customer frames expansion upside as conditional on future stability.,If the rollout stabilizes this quarter,,
unc_account_expansion_realistic_001,data/nlp_research/review_packets/signal_labels_review_packet.csv,29,signal_labels_review_packet,uncertainty_hedging,0.0,This clause explicitly defers certainty about expansion viability.,so we can decide whether expansion is still realistic.,,
unc_sales_unknown_after_pilot_001,data/nlp_research/review_packets/signal_labels_review_packet.csv,30,signal_labels_review_packet,uncertainty_hedging,0.0,The buyer explicitly states uncertainty about post-pilot rollout.,I still do not know what happens after the pilot.,,
unc_sales_probably_001,data/nlp_research/review_packets/signal_labels_review_packet.csv,31,signal_labels_review_packet,uncertainty_hedging,0.0,The rep uses explicitly hedged pricing language.,We can probably work something out on pricing,,
unc_sales_details_later_001,data/nlp_research/review_packets/signal_labels_review_packet.csv,32,signal_labels_review_packet,uncertainty_hedging,0.0,The rep defers specifics to a later internal regrouping step.,and I can send more details later once I regroup with the team.,,
unc_account_if_recovery_lands_001,data/nlp_research/review_packets/signal_labels_review_packet.csv,33,signal_labels_review_packet,uncertainty_hedging,0.0,The customer explicitly conditions expansion on future execution and technical outcomes.,If the recovery plan lands and the integrations are fixed,,
unc_support_confusion_seed_001,data/nlp_research/review_packets/signal_labels_review_packet.csv,34,signal_labels_review_packet,uncertainty_hedging,0.0,The utterance expresses concrete ambiguity about the current billing state.,I'm confused about which invoice version is final because the portal and the email summary do not match.,,
unc_sales_confusion_seed_001,data/nlp_research/review_packets/signal_labels_review_packet.csv,35,signal_labels_review_packet,uncertainty_hedging,0.0,The buyer explicitly asks for clarification because the commercial terms are unclear.,Can you explain what this new implementation fee covers? I don't understand the difference between the two quotes.,,
unc_support_concern_seed_001,data/nlp_research/review_packets/signal_labels_review_packet.csv,36,signal_labels_review_packet,uncertainty_hedging,0.0,The speaker highlights an unconfirmed rollback plan and asks for follow-up.,I'm concerned the rollback plan still hasn't been confirmed. Please send the update to [EMAIL] when you have it.,,
neut_sales_opening_full_001,data/nlp_research/review_packets/signal_labels_review_packet.csv,37,signal_labels_review_packet,neutral,0.0,"This opening turn is mostly procedural and does not yet signal friction, uncertainty, or a commitment outcome.","Thanks for making time. I can walk through the pilot scope, rollout plan, and how teams usually evaluate the workflow.",,
neut_sales_opening_thanks_001,data/nlp_research/review_packets/signal_labels_review_packet.csv,38,signal_labels_review_packet,neutral,0.0,This is a conversational opener without a clear directional signal.,Thanks for making time.,,
neut_sales_status_full_001,data/nlp_research/review_packets/signal_labels_review_packet.csv,39,signal_labels_review_packet,neutral,0.0,The utterance is primarily a procedural status update rather than a directional judgment.,"For reference, the current status is that procurement is scheduled for next Tuesday and the legal review is still open.",,
neut_sales_status_procurement_001,data/nlp_research/review_packets/signal_labels_review_packet.csv,40,signal_labels_review_packet,neutral,0.0,This clause is a plain process update without clear friction or commitment strength on its own.,the current status is that procurement is scheduled for next Tuesday,,
neut_account_status_full_001,data/nlp_research/review_packets/signal_labels_review_packet.csv,41,signal_labels_review_packet,neutral,0.0,This is an operational scheduling update rather than a risk or opportunity signal.,Sharing the update from finance: the meeting starts at 09:00 CET and the agenda is attached in the renewal folder.,,
neut_account_status_intro_001,data/nlp_research/review_packets/signal_labels_review_packet.csv,42,signal_labels_review_packet,neutral,0.0,This intro clause is a context-setting status marker rather than a business signal.,Sharing the update from finance:,,
neut_account_status_meeting_001,data/nlp_research/review_packets/signal_labels_review_packet.csv,43,signal_labels_review_packet,neutral,0.0,This is a scheduling fact without directional review meaning on its own.,the meeting starts at 09:00 CET,,
neut_account_status_agenda_001,data/nlp_research/review_packets/signal_labels_review_packet.csv,44,signal_labels_review_packet,neutral,0.0,This is a purely operational document-reference clause.,the agenda is attached in the renewal folder.,,
neut_account_review_schedule_001,data/nlp_research/review_packets/signal_labels_review_packet.csv,45,signal_labels_review_packet,neutral,0.0,This isolated scheduling clause is useful as a neutral procedural example.,with a renewal review for next Tuesday.,,
neut_sales_acknowledgement_001,data/nlp_research/review_packets/signal_labels_review_packet.csv,46,signal_labels_review_packet,neutral,0.0,This acknowledgement alone does not carry a directional signal.,Understood.,,
neut_sales_legal_status_001,data/nlp_research/review_packets/signal_labels_review_packet.csv,47,signal_labels_review_packet,neutral,0.0,This clause states process status without enough context to assign friction or commitment on its own.,the legal review is still open.,,
signal_labels_review_packet_paragraph_0000,data/nlp_research/review_packets/signal_labels_review_packet.md,0,signal_labels_review_packet,,0.0,,This packet is for a second human review pass over the seeded `signal_family` labels.,,
signal_labels_review_packet_paragraph_0001,data/nlp_research/review_packets/signal_labels_review_packet.md,1,signal_labels_review_packet,,0.0,,"Use it to fill in `reviewer_label`, `reviewer_confidence`, and `reviewer_notes` without editing the original dataset.",,
signal_labels_review_packet_paragraph_0002,data/nlp_research/review_packets/signal_labels_review_packet.md,2,signal_labels_review_packet,,0.0,,- `risk_friction` - `opportunity_commitment` - `uncertainty_hedging` - `neutral`,,
signal_labels_review_packet_paragraph_0003,data/nlp_research/review_packets/signal_labels_review_packet.md,3,signal_labels_review_packet,,0.0,,"- text: Hi, I'm honestly pretty frustrated. Ticket 78421 has been open for 11 days and the refund still hasn't posted to our card. - evidence_terms: frustrated; 11 days; refund - rationale: Explicit frustration plus an unresolved refund delay creates a clear operational friction signal. - reviewer_label: - reviewer_confidence: - reviewer_notes:",,
signal_labels_review_packet_paragraph_0004,data/nlp_research/review_packets/signal_labels_review_packet.md,4,signal_labels_review_packet,,0.0,,- text: Refund timing sits with another team - evidence_terms: another team - rationale: The response deflects ownership instead of answering the customer's timing question. - reviewer_label: - reviewer_confidence: - reviewer_notes:,,
signal_labels_review_packet_paragraph_0005,data/nlp_research/review_packets/signal_labels_review_packet.md,5,signal_labels_review_packet,,0.0,,"- text: That still doesn't answer the question. I need a real date, not a FAQ, and if this is still unresolved today I'll escalate it to your manager and dispute the charge. - evidence_terms: doesn't answer; escalate; dispute - rationale: The customer explicitly rejects the answer and threatens escalation and a charge dispute. - reviewer_label: - reviewer_confidence: - reviewer_notes:",,
signal_labels_review_packet_paragraph_0006,data/nlp_research/review_packets/signal_labels_review_packet.md,6,signal_labels_review_packet,,0.0,,"- text: My main concern is price. The seat cost feels expensive versus Zendesk, and the team is also comparing you to Intercom. - evidence_terms: concern; expensive; Zendesk; Intercom - rationale: The buyer raises a pricing objection and competitor comparison in the same turn. - reviewer_label: - reviewer_confidence: - reviewer_notes:",,
signal_labels_review_packet_paragraph_0007,data/nlp_research/review_packets/signal_labels_review_packet.md,7,signal_labels_review_packet,,0.0,,"- text: we're still dealing with two unresolved onboarding issues from the launch. - evidence_terms: unresolved; issues - rationale: The account context is still carrying unresolved launch issues, which is a direct friction signal. - reviewer_label: - reviewer_confidence: - reviewer_notes:",,
signal_labels_review_packet_paragraph_0008,data/nlp_research/review_packets/signal_labels_review_packet.md,8,signal_labels_review_packet,,0.0,,"- text: But if these issues stay open into renewal, we may cut seats, delay the renewal, or look at another vendor. - evidence_terms: cut seats; delay the renewal; look at another vendor - rationale: The customer explicitly names downgrade and competitive-switch risk. - reviewer_label: - reviewer_confidence: - reviewer_notes:",,
signal_labels_review_packet_paragraph_0009,data/nlp_research/review_packets/signal_labels_review_packet.md,9,signal_labels_review_packet,,0.0,,- text: I'm frustrated that invoice 8842 still shows the wrong total and nobody has confirmed when the credit will post. Please send the update to [EMAIL] or call [PHONE]. - evidence_terms: frustrated; wrong total; nobody has confirmed - rationale: The customer describes an unresolved billing error with no confirmed posting date. - reviewer_label: - reviewer_confidence: - reviewer_notes:,,
signal_labels_review_packet_paragraph_0010,data/nlp_research/review_packets/signal_labels_review_packet.md,10,signal_labels_review_packet,,0.0,,"- text: Billing is still reviewing it, so please check the help center article for now while we wait for their response. - evidence_terms: still reviewing; help center article; for now - rationale: The agent deflects to documentation and keeps ownership vague. - reviewer_label: - reviewer_confidence: - reviewer_notes:",,
signal_labels_review_packet_paragraph_0011,data/nlp_research/review_packets/signal_labels_review_packet.md,11,signal_labels_review_packet,,0.0,,"- text: That does not solve it. The failed resolution has been open since Monday, the card ending 1111 was charged twice, and if this slips again we will escalate the dispute. - evidence_terms: does not solve; failed resolution; charged twice; escalate - rationale: The customer describes a failed resolution, duplicate charge, and escalation threat. - reviewer_label: - reviewer_confidence: - reviewer_notes:",,
signal_labels_review_packet_paragraph_0012,data/nlp_research/review_packets/signal_labels_review_packet.md,12,signal_labels_review_packet,,0.0,,"- text: That feels vague. Without a concrete next step, security packet, and discount range, procurement will not move this week. - evidence_terms: vague; concrete next step; will not move - rationale: The buyer explicitly says the deal cannot advance without clearer follow-through. - reviewer_label: - reviewer_confidence: - reviewer_notes:",,
signal_labels_review_packet_paragraph_0013,data/nlp_research/review_packets/signal_labels_review_packet.md,13,signal_labels_review_packet,,0.0,,"- text: Our renewal is 30 days out, two onboarding issues are still unresolved, and leadership is asking whether we should reduce seats if support does not stabilize. - evidence_terms: unresolved; reduce seats; does not stabilize - rationale: The account is near renewal with unresolved issues and a concrete seat-reduction risk. - reviewer_label: - reviewer_confidence: - reviewer_notes:",,
signal_labels_review_packet_paragraph_0014,data/nlp_research/review_packets/signal_labels_review_packet.md,14,signal_labels_review_packet,,0.0,,- text: I'm angry that your team charged the wrong card again and closed the ticket without notice. - evidence_terms: angry; wrong card; closed the ticket without notice - rationale: The utterance describes a repeated billing failure and a broken support process. - reviewer_label: - reviewer_confidence: - reviewer_notes:,,
signal_labels_review_packet_paragraph_0015,data/nlp_research/review_packets/signal_labels_review_packet.md,15,signal_labels_review_packet,,0.0,,- text: We're interested in a pilot next month - evidence_terms: interested; pilot next month - rationale: This clause states concrete buyer interest in a pilot timeline. - reviewer_label: - reviewer_confidence: - reviewer_notes:,,
signal_labels_review_packet_paragraph_0016,data/nlp_research/review_packets/signal_labels_review_packet.md,16,signal_labels_review_packet,,0.0,,"- text: I can send a pilot plan, pricing options, and a proposal by Tuesday - evidence_terms: send; proposal by Tuesday - rationale: The rep makes a dated follow-up commitment tied to the deal process. - reviewer_label: - reviewer_confidence: - reviewer_notes:",,
signal_labels_review_packet_paragraph_0017,data/nlp_research/review_packets/signal_labels_review_packet.md,17,signal_labels_review_packet,,0.0,,- text: I can include the security packet for procurement. - evidence_terms: security packet; procurement - rationale: The rep offers a concrete artifact that helps the buying process move forward. - reviewer_label: - reviewer_confidence: - reviewer_notes:,,
signal_labels_review_packet_paragraph_0018,data/nlp_research/review_packets/signal_labels_review_packet.md,18,signal_labels_review_packet,,0.0,,- text: we can bring procurement in next week. - evidence_terms: bring procurement in next week - rationale: The buyer names a concrete next step if the commercial conditions land. - reviewer_label: - reviewer_confidence: - reviewer_notes:,,
signal_labels_review_packet_paragraph_0019,data/nlp_research/review_packets/signal_labels_review_packet.md,19,signal_labels_review_packet,,0.0,,- text: I own the action items and will send a recovery plan by Friday with owners for each open item. - evidence_terms: I own; will send; by Friday; owners - rationale: The account manager takes ownership and gives a dated recovery commitment. - reviewer_label: - reviewer_confidence: - reviewer_notes:,,
signal_labels_review_packet_paragraph_0020,data/nlp_research/review_packets/signal_labels_review_packet.md,20,signal_labels_review_packet,,0.0,,"- text: we may add the support team and upgrade to the enterprise package. - evidence_terms: add the support team; upgrade - rationale: Even though it is conditional, this clause names specific expansion upside. - reviewer_label: - reviewer_confidence: - reviewer_notes:",,
signal_labels_review_packet_paragraph_0021,data/nlp_research/review_packets/signal_labels_review_packet.md,21,signal_labels_review_packet,,0.0,,- text: I'll confirm owners today and schedule a renewal review next week - evidence_terms: confirm owners; today; schedule a renewal review next week - rationale: The account manager gives concrete ownership and meeting commitments. - reviewer_label: - reviewer_confidence: - reviewer_notes:,,
signal_labels_review_packet_paragraph_0022,data/nlp_research/review_packets/signal_labels_review_packet.md,22,signal_labels_review_packet,,0.0,,- text: I own the recovery plan - evidence_terms: I own - rationale: This clause contains explicit ownership language. - reviewer_label: - reviewer_confidence: - reviewer_notes:,,
signal_labels_review_packet_paragraph_0023,data/nlp_research/review_packets/signal_labels_review_packet.md,23,signal_labels_review_packet,,0.0,,- text: will send named owners this afternoon with a renewal review for next Tuesday. - evidence_terms: named owners; this afternoon; next Tuesday - rationale: This clause contains dated follow-through and explicit ownership structure. - reviewer_label: - reviewer_confidence: - reviewer_notes:,,
signal_labels_review_packet_paragraph_0024,data/nlp_research/review_packets/signal_labels_review_packet.md,24,signal_labels_review_packet,,0.0,,- text: we may still expand analytics seats later this quarter. - evidence_terms: expand analytics seats - rationale: The customer names a specific expansion path if the recovery lands. - reviewer_label: - reviewer_confidence: - reviewer_notes:,,
signal_labels_review_packet_paragraph_0025,data/nlp_research/review_packets/signal_labels_review_packet.md,25,signal_labels_review_packet,,0.0,,"- text: Thanks, the replacement order arrived this morning and I'm happy with how quickly your team solved it. - evidence_terms: arrived; solved - rationale: The utterance confirms a completed resolution and positive follow-through. - reviewer_label: - reviewer_confidence: - reviewer_notes:",,
signal_labels_review_packet_paragraph_0026,data/nlp_research/review_packets/signal_labels_review_packet.md,26,signal_labels_review_packet,,0.0,,- text: Thank you for the recovery plan. We appreciate the follow-through and that works for our renewal review. - evidence_terms: recovery plan; follow-through; works for our renewal review - rationale: The customer acknowledges that the recovery plan is actionable and acceptable. - reviewer_label: - reviewer_confidence: - reviewer_notes:,,
signal_labels_review_packet_paragraph_0027,data/nlp_research/review_packets/signal_labels_review_packet.md,27,signal_labels_review_packet,,0.0,,"- text: the onboarding looks lighter than what we've seen before. - evidence_terms: lighter - rationale: This clause suggests positive comparative fit, which supports forward motion without standing alone as a close signal. - reviewer_label: - reviewer_confidence: - reviewer_notes:",,
signal_labels_review_packet_paragraph_0028,data/nlp_research/review_packets/signal_labels_review_packet.md,28,signal_labels_review_packet,,0.0,,"- text: We are still looking into it and someone will reach out later once billing has an update. - evidence_terms: still looking into it; later; once billing has an update - rationale: The response defers timing and ownership, but the defining cue is uncertainty rather than direct confrontation. - reviewer_label: - reviewer_confidence: - reviewer_notes:",,
signal_labels_review_packet_paragraph_0029,data/nlp_research/review_packets/signal_labels_review_packet.md,29,signal_labels_review_packet,,0.0,,- text: if the security review goes well and the onboarding looks lighter than what we've seen before. - evidence_terms: if; goes well - rationale: The buyer interest is clearly contingent on future checks and onboarding confidence. - reviewer_label: - reviewer_confidence: - reviewer_notes:,,
signal_labels_review_packet_paragraph_0030,data/nlp_research/review_packets/signal_labels_review_packet.md,30,signal_labels_review_packet,,0.0,,- text: If the discount works and security signs off - evidence_terms: If; signs off - rationale: The next step depends on commercial and security contingencies. - reviewer_label: - reviewer_confidence: - reviewer_notes:,,
signal_labels_review_packet_paragraph_0031,data/nlp_research/review_packets/signal_labels_review_packet.md,31,signal_labels_review_packet,,0.0,,- text: If the rollout stabilizes this quarter - evidence_terms: If; stabilizes this quarter - rationale: The customer frames expansion upside as conditional on future stability. - reviewer_label: - reviewer_confidence: - reviewer_notes:,,
signal_labels_review_packet_paragraph_0032,data/nlp_research/review_packets/signal_labels_review_packet.md,32,signal_labels_review_packet,,0.0,,- text: so we can decide whether expansion is still realistic. - evidence_terms: decide whether; still realistic - rationale: This clause explicitly defers certainty about expansion viability. - reviewer_label: - reviewer_confidence: - reviewer_notes:,,
signal_labels_review_packet_paragraph_0033,data/nlp_research/review_packets/signal_labels_review_packet.md,33,signal_labels_review_packet,,0.0,,- text: I still do not know what happens after the pilot. - evidence_terms: do not know; after the pilot - rationale: The buyer explicitly states uncertainty about post-pilot rollout. - reviewer_label: - reviewer_confidence: - reviewer_notes:,,
signal_labels_review_packet_paragraph_0034,data/nlp_research/review_packets/signal_labels_review_packet.md,34,signal_labels_review_packet,,0.0,,- text: We can probably work something out on pricing - evidence_terms: probably - rationale: The rep uses explicitly hedged pricing language. - reviewer_label: - reviewer_confidence: - reviewer_notes:,,
signal_labels_review_packet_paragraph_0035,data/nlp_research/review_packets/signal_labels_review_packet.md,35,signal_labels_review_packet,,0.0,,- text: and I can send more details later once I regroup with the team. - evidence_terms: later; once I regroup with the team - rationale: The rep defers specifics to a later internal regrouping step. - reviewer_label: - reviewer_confidence: - reviewer_notes:,,
signal_labels_review_packet_paragraph_0036,data/nlp_research/review_packets/signal_labels_review_packet.md,36,signal_labels_review_packet,,0.0,,- text: If the recovery plan lands and the integrations are fixed - evidence_terms: If; are fixed - rationale: The customer explicitly conditions expansion on future execution and technical outcomes. - reviewer_label: - reviewer_confidence: - reviewer_notes:,,
signal_labels_review_packet_paragraph_0037,data/nlp_research/review_packets/signal_labels_review_packet.md,37,signal_labels_review_packet,,0.0,,- text: I'm confused about which invoice version is final because the portal and the email summary do not match. - evidence_terms: confused; do not match - rationale: The utterance expresses concrete ambiguity about the current billing state. - reviewer_label: - reviewer_confidence: - reviewer_notes:,,
signal_labels_review_packet_paragraph_0038,data/nlp_research/review_packets/signal_labels_review_packet.md,38,signal_labels_review_packet,,0.0,,- text: Can you explain what this new implementation fee covers? I don't understand the difference between the two quotes. - evidence_terms: explain; don't understand; difference - rationale: The buyer explicitly asks for clarification because the commercial terms are unclear. - reviewer_label: - reviewer_confidence: - reviewer_notes:,,
signal_labels_review_packet_paragraph_0039,data/nlp_research/review_packets/signal_labels_review_packet.md,39,signal_labels_review_packet,,0.0,,- text: I'm concerned the rollback plan still hasn't been confirmed. Please send the update to [EMAIL] when you have it. - evidence_terms: concerned; hasn't been confirmed - rationale: The speaker highlights an unconfirmed rollback plan and asks for follow-up. - reviewer_label: - reviewer_confidence: - reviewer_notes:,,
signal_labels_review_packet_paragraph_0040,data/nlp_research/review_packets/signal_labels_review_packet.md,40,signal_labels_review_packet,,0.0,,"- text: Thanks for making time. I can walk through the pilot scope, rollout plan, and how teams usually evaluate the workflow. - evidence_terms: making time; pilot scope; rollout plan - rationale: This opening turn is mostly procedural and does not yet signal friction, uncertainty, or a commitment outcome. - reviewer_label: - reviewer_confidence: - reviewer_notes:",,
signal_labels_review_packet_paragraph_0041,data/nlp_research/review_packets/signal_labels_review_packet.md,41,signal_labels_review_packet,,0.0,,- text: Thanks for making time. - evidence_terms: Thanks - rationale: This is a conversational opener without a clear directional signal. - reviewer_label: - reviewer_confidence: - reviewer_notes:,,
signal_labels_review_packet_paragraph_0042,data/nlp_research/review_packets/signal_labels_review_packet.md,42,signal_labels_review_packet,,0.0,,"- text: For reference, the current status is that procurement is scheduled for next Tuesday and the legal review is still open. - evidence_terms: for reference; current status; scheduled for next Tuesday - rationale: The utterance is primarily a procedural status update rather than a directional judgment. - reviewer_label: - reviewer_confidence: - reviewer_notes:",,
signal_labels_review_packet_paragraph_0043,data/nlp_research/review_packets/signal_labels_review_packet.md,43,signal_labels_review_packet,,0.0,,- text: the current status is that procurement is scheduled for next Tuesday - evidence_terms: current status; scheduled for next Tuesday - rationale: This clause is a plain process update without clear friction or commitment strength on its own. - reviewer_label: - reviewer_confidence: - reviewer_notes:,,
signal_labels_review_packet_paragraph_0044,data/nlp_research/review_packets/signal_labels_review_packet.md,44,signal_labels_review_packet,,0.0,,- text: Sharing the update from finance: the meeting starts at 09:00 CET and the agenda is attached in the renewal folder. - evidence_terms: update from finance; meeting starts; agenda is attached - rationale: This is an operational scheduling update rather than a risk or opportunity signal. - reviewer_label: - reviewer_confidence: - reviewer_notes:,,
signal_labels_review_packet_paragraph_0045,data/nlp_research/review_packets/signal_labels_review_packet.md,45,signal_labels_review_packet,,0.0,,- text: Sharing the update from finance: - evidence_terms: update from finance - rationale: This intro clause is a context-setting status marker rather than a business signal. - reviewer_label: - reviewer_confidence: - reviewer_notes:,,
signal_labels_review_packet_paragraph_0046,data/nlp_research/review_packets/signal_labels_review_packet.md,46,signal_labels_review_packet,,0.0,,- text: the meeting starts at 09:00 CET - evidence_terms: meeting starts at 09:00 CET - rationale: This is a scheduling fact without directional review meaning on its own. - reviewer_label: - reviewer_confidence: - reviewer_notes:,,
signal_labels_review_packet_paragraph_0047,data/nlp_research/review_packets/signal_labels_review_packet.md,47,signal_labels_review_packet,,0.0,,- text: the agenda is attached in the renewal folder. - evidence_terms: agenda is attached - rationale: This is a purely operational document-reference clause. - reviewer_label: - reviewer_confidence: - reviewer_notes:,,
signal_labels_review_packet_paragraph_0048,data/nlp_research/review_packets/signal_labels_review_packet.md,48,signal_labels_review_packet,,0.0,,- text: with a renewal review for next Tuesday. - evidence_terms: renewal review; next Tuesday - rationale: This isolated scheduling clause is useful as a neutral procedural example. - reviewer_label: - reviewer_confidence: - reviewer_notes:,,
signal_labels_review_packet_paragraph_0049,data/nlp_research/review_packets/signal_labels_review_packet.md,49,signal_labels_review_packet,,0.0,,- text: Understood. - evidence_terms: Understood - rationale: This acknowledgement alone does not carry a directional signal. - reviewer_label: - reviewer_confidence: - reviewer_notes:,,
signal_labels_review_packet_paragraph_0050,data/nlp_research/review_packets/signal_labels_review_packet.md,50,signal_labels_review_packet,,0.0,,- text: the legal review is still open. - evidence_terms: legal review - rationale: This clause states process status without enough context to assign friction or commitment on its own. - reviewer_label: - reviewer_confidence: - reviewer_notes:,,
neut_account_status_agenda_001,data/nlp_research/second_review_priority_queue.csv,0,second_review_priority_queue,neutral,0.0,,the agenda is attached in the renewal folder.,,
neut_account_status_full_001,data/nlp_research/second_review_priority_queue.csv,1,second_review_priority_queue,neutral,0.0,,Sharing the update from finance: the meeting starts at 09:00 CET and the agenda is attached in the renewal folder.,,
opp_sales_security_review_path_001,data/nlp_research/second_review_priority_queue.csv,2,second_review_priority_queue,opportunity_commitment,0.0,,the onboarding looks lighter than what we've seen before.,,
unc_account_rollout_condition_001,data/nlp_research/second_review_priority_queue.csv,3,second_review_priority_queue,uncertainty_hedging,0.0,,If the rollout stabilizes this quarter,,
neut_account_status_meeting_001,data/nlp_research/second_review_priority_queue.csv,4,second_review_priority_queue,neutral,0.0,,the meeting starts at 09:00 CET,,
neut_sales_status_procurement_001,data/nlp_research/second_review_priority_queue.csv,5,second_review_priority_queue,neutral,0.0,,the current status is that procurement is scheduled for next Tuesday,,
risk_support_deflection_001,data/nlp_research/second_review_priority_queue.csv,6,second_review_priority_queue,risk_friction,0.0,,Refund timing sits with another team,,
unc_sales_discount_signoff_001,data/nlp_research/second_review_priority_queue.csv,7,second_review_priority_queue,uncertainty_hedging,0.0,,If the discount works and security signs off,,
unc_sales_probably_001,data/nlp_research/second_review_priority_queue.csv,8,second_review_priority_queue,uncertainty_hedging,0.0,,We can probably work something out on pricing,,
unc_support_confusion_seed_001,data/nlp_research/second_review_priority_queue.csv,9,second_review_priority_queue,uncertainty_hedging,0.0,,I'm confused about which invoice version is final because the portal and the email summary do not match.,,
opp_account_own_recovery_001,data/nlp_research/second_review_priority_queue.csv,10,second_review_priority_queue,opportunity_commitment,0.0,,I own the recovery plan,,
opp_sales_procurement_path_001,data/nlp_research/second_review_priority_queue.csv,11,second_review_priority_queue,opportunity_commitment,0.0,,we can bring procurement in next week.,,
risk_account_unresolved_001,data/nlp_research/second_review_priority_queue.csv,12,second_review_priority_queue,risk_friction,0.0,,we're still dealing with two unresolved onboarding issues from the launch.,,
risk_account_vendor_risk_001,data/nlp_research/second_review_priority_queue.csv,13,second_review_priority_queue,risk_friction,0.0,,"But if these issues stay open into renewal, we may cut seats, delay the renewal, or look at another vendor.",,
opp_account_recovery_plan_001,data/nlp_research/second_review_priority_queue.csv,14,second_review_priority_queue,opportunity_commitment,0.0,,I own the action items and will send a recovery plan by Friday with owners for each open item.,,
risk_support_refund_delay_001,data/nlp_research/second_review_priority_queue.csv,15,second_review_priority_queue,risk_friction,0.0,,"Hi, I'm honestly pretty frustrated. Ticket 78421 has been open for 11 days and the refund still hasn't posted to our card.",,
risk_support_refund_delay_001,data/nlp_research/second_review_template.csv,0,second_review_template,risk_friction,0.0,Explicit frustration plus an unresolved refund delay creates a clear operational friction signal.,"Hi, I'm honestly pretty frustrated. Ticket 78421 has been open for 11 days and the refund still hasn't posted to our card.",,
risk_support_deflection_001,data/nlp_research/second_review_template.csv,1,second_review_template,risk_friction,0.0,The response deflects ownership instead of answering the customer's timing question.,Refund timing sits with another team,,
risk_support_escalation_001,data/nlp_research/second_review_template.csv,2,second_review_template,risk_friction,0.0,The customer explicitly rejects the answer and threatens escalation and a charge dispute.,"That still doesn't answer the question. I need a real date, not a FAQ, and if this is still unresolved today I'll escalate it to your manager and dispute the charge.",,
risk_sales_pricing_objection_001,data/nlp_research/second_review_template.csv,3,second_review_template,risk_friction,0.0,The buyer raises a pricing objection and competitor comparison in the same turn.,"My main concern is price. The seat cost feels expensive versus Zendesk, and the team is also comparing you to Intercom.",,
risk_account_unresolved_001,data/nlp_research/second_review_template.csv,4,second_review_template,risk_friction,0.0,"The account context is still carrying unresolved launch issues, which is a direct friction signal.",we're still dealing with two unresolved onboarding issues from the launch.,,
risk_account_vendor_risk_001,data/nlp_research/second_review_template.csv,5,second_review_template,risk_friction,0.0,The customer explicitly names downgrade and competitive-switch risk.,"But if these issues stay open into renewal, we may cut seats, delay the renewal, or look at another vendor.",,
risk_support_billing_delay_001,data/nlp_research/second_review_template.csv,6,second_review_template,risk_friction,0.0,The customer describes an unresolved billing error with no confirmed posting date.,I'm frustrated that invoice 8842 still shows the wrong total and nobody has confirmed when the credit will post. Please send the update to [EMAIL] or call [PHONE].,,
risk_support_help_center_001,data/nlp_research/second_review_template.csv,7,second_review_template,risk_friction,0.0,The agent deflects to documentation and keeps ownership vague.,"Billing is still reviewing it, so please check the help center article for now while we wait for their response.",,
risk_support_dispute_001,data/nlp_research/second_review_template.csv,8,second_review_template,risk_friction,0.0,"The customer describes a failed resolution, duplicate charge, and escalation threat.","That does not solve it. The failed resolution has been open since Monday, the card ending 1111 was charged twice, and if this slips again we will escalate the dispute.",,
risk_sales_procurement_block_001,data/nlp_research/second_review_template.csv,9,second_review_template,risk_friction,0.0,The buyer explicitly says the deal cannot advance without clearer follow-through.,"That feels vague. Without a concrete next step, security packet, and discount range, procurement will not move this week.",,
risk_account_reduce_seats_001,data/nlp_research/second_review_template.csv,10,second_review_template,risk_friction,0.0,The account is near renewal with unresolved issues and a concrete seat-reduction risk.,"Our renewal is 30 days out, two onboarding issues are still unresolved, and leadership is asking whether we should reduce seats if support does not stabilize.",,
risk_support_anger_seed_001,data/nlp_research/second_review_template.csv,11,second_review_template,risk_friction,0.0,The utterance describes a repeated billing failure and a broken support process.,I'm angry that your team charged the wrong card again and closed the ticket without notice.,,
opp_sales_pilot_interest_001,data/nlp_research/second_review_template.csv,12,second_review_template,opportunity_commitment,0.0,This clause states concrete buyer interest in a pilot timeline.,We're interested in a pilot next month,,
opp_sales_plan_commitment_001,data/nlp_research/second_review_template.csv,13,second_review_template,opportunity_commitment,0.0,The rep makes a dated follow-up commitment tied to the deal process.,"I can send a pilot plan, pricing options, and a proposal by Tuesday",,
opp_sales_security_packet_001,data/nlp_research/second_review_template.csv,14,second_review_template,opportunity_commitment,0.0,The rep offers a concrete artifact that helps the buying process move forward.,I can include the security packet for procurement.,,
opp_sales_procurement_path_001,data/nlp_research/second_review_template.csv,15,second_review_template,opportunity_commitment,0.0,The buyer names a concrete next step if the commercial conditions land.,we can bring procurement in next week.,,
opp_account_recovery_plan_001,data/nlp_research/second_review_template.csv,16,second_review_template,opportunity_commitment,0.0,The account manager takes ownership and gives a dated recovery commitment.,I own the action items and will send a recovery plan by Friday with owners for each open item.,,
opp_account_expand_support_001,data/nlp_research/second_review_template.csv,17,second_review_template,opportunity_commitment,0.0,"Even though it is conditional, this clause names specific expansion upside.",we may add the support team and upgrade to the enterprise package.,,
opp_account_confirm_owners_001,data/nlp_research/second_review_template.csv,18,second_review_template,opportunity_commitment,0.0,The account manager gives concrete ownership and meeting commitments.,I'll confirm owners today and schedule a renewal review next week,,
opp_account_own_recovery_001,data/nlp_research/second_review_template.csv,19,second_review_template,opportunity_commitment,0.0,This clause contains explicit ownership language.,I own the recovery plan,,
opp_account_named_owners_001,data/nlp_research/second_review_template.csv,20,second_review_template,opportunity_commitment,0.0,This clause contains dated follow-through and explicit ownership structure.,will send named owners this afternoon with a renewal review for next Tuesday.,,
opp_account_expand_realistic_001,data/nlp_research/second_review_template.csv,21,second_review_template,opportunity_commitment,0.0,The customer names a specific expansion path if the recovery lands.,we may still expand analytics seats later this quarter.,,
opp_support_resolution_seed_001,data/nlp_research/second_review_template.csv,22,second_review_template,opportunity_commitment,0.0,The utterance confirms a completed resolution and positive follow-through.,"Thanks, the replacement order arrived this morning and I'm happy with how quickly your team solved it.",,
opp_account_followthrough_seed_001,data/nlp_research/second_review_template.csv,23,second_review_template,opportunity_commitment,0.0,The customer acknowledges that the recovery plan is actionable and acceptable.,Thank you for the recovery plan. We appreciate the follow-through and that works for our renewal review.,,
opp_sales_security_review_path_001,data/nlp_research/second_review_template.csv,24,second_review_template,opportunity_commitment,0.0,"This clause suggests positive comparative fit, which supports forward motion without standing alone as a close signal.",the onboarding looks lighter than what we've seen before.,,
unc_support_waiting_update_001,data/nlp_research/second_review_template.csv,25,second_review_template,uncertainty_hedging,0.0,"The response defers timing and ownership, but the defining cue is uncertainty rather than direct confrontation.",We are still looking into it and someone will reach out later once billing has an update.,,
unc_sales_security_review_001,data/nlp_research/second_review_template.csv,26,second_review_template,uncertainty_hedging,0.0,The buyer interest is clearly contingent on future checks and onboarding confidence.,if the security review goes well and the onboarding looks lighter than what we've seen before.,,
unc_sales_discount_signoff_001,data/nlp_research/second_review_template.csv,27,second_review_template,uncertainty_hedging,0.0,The next step depends on commercial and security contingencies.,If the discount works and security signs off,,
unc_account_rollout_condition_001,data/nlp_research/second_review_template.csv,28,second_review_template,uncertainty_hedging,0.0,The customer frames expansion upside as conditional on future stability.,If the rollout stabilizes this quarter,,
unc_account_expansion_realistic_001,data/nlp_research/second_review_template.csv,29,second_review_template,uncertainty_hedging,0.0,This clause explicitly defers certainty about expansion viability.,so we can decide whether expansion is still realistic.,,
unc_sales_unknown_after_pilot_001,data/nlp_research/second_review_template.csv,30,second_review_template,uncertainty_hedging,0.0,The buyer explicitly states uncertainty about post-pilot rollout.,I still do not know what happens after the pilot.,,
unc_sales_probably_001,data/nlp_research/second_review_template.csv,31,second_review_template,uncertainty_hedging,0.0,The rep uses explicitly hedged pricing language.,We can probably work something out on pricing,,
unc_sales_details_later_001,data/nlp_research/second_review_template.csv,32,second_review_template,uncertainty_hedging,0.0,The rep defers specifics to a later internal regrouping step.,and I can send more details later once I regroup with the team.,,
unc_account_if_recovery_lands_001,data/nlp_research/second_review_template.csv,33,second_review_template,uncertainty_hedging,0.0,The customer explicitly conditions expansion on future execution and technical outcomes.,If the recovery plan lands and the integrations are fixed,,
unc_support_confusion_seed_001,data/nlp_research/second_review_template.csv,34,second_review_template,uncertainty_hedging,0.0,The utterance expresses concrete ambiguity about the current billing state.,I'm confused about which invoice version is final because the portal and the email summary do not match.,,
unc_sales_confusion_seed_001,data/nlp_research/second_review_template.csv,35,second_review_template,uncertainty_hedging,0.0,The buyer explicitly asks for clarification because the commercial terms are unclear.,Can you explain what this new implementation fee covers? I don't understand the difference between the two quotes.,,
unc_support_concern_seed_001,data/nlp_research/second_review_template.csv,36,second_review_template,uncertainty_hedging,0.0,The speaker highlights an unconfirmed rollback plan and asks for follow-up.,I'm concerned the rollback plan still hasn't been confirmed. Please send the update to [EMAIL] when you have it.,,
neut_sales_opening_full_001,data/nlp_research/second_review_template.csv,37,second_review_template,neutral,0.0,"This opening turn is mostly procedural and does not yet signal friction, uncertainty, or a commitment outcome.","Thanks for making time. I can walk through the pilot scope, rollout plan, and how teams usually evaluate the workflow.",,
neut_sales_opening_thanks_001,data/nlp_research/second_review_template.csv,38,second_review_template,neutral,0.0,This is a conversational opener without a clear directional signal.,Thanks for making time.,,
neut_sales_status_full_001,data/nlp_research/second_review_template.csv,39,second_review_template,neutral,0.0,The utterance is primarily a procedural status update rather than a directional judgment.,"For reference, the current status is that procurement is scheduled for next Tuesday and the legal review is still open.",,
neut_sales_status_procurement_001,data/nlp_research/second_review_template.csv,40,second_review_template,neutral,0.0,This clause is a plain process update without clear friction or commitment strength on its own.,the current status is that procurement is scheduled for next Tuesday,,
neut_account_status_full_001,data/nlp_research/second_review_template.csv,41,second_review_template,neutral,0.0,This is an operational scheduling update rather than a risk or opportunity signal.,Sharing the update from finance: the meeting starts at 09:00 CET and the agenda is attached in the renewal folder.,,
neut_account_status_intro_001,data/nlp_research/second_review_template.csv,42,second_review_template,neutral,0.0,This intro clause is a context-setting status marker rather than a business signal.,Sharing the update from finance:,,
neut_account_status_meeting_001,data/nlp_research/second_review_template.csv,43,second_review_template,neutral,0.0,This is a scheduling fact without directional review meaning on its own.,the meeting starts at 09:00 CET,,
neut_account_status_agenda_001,data/nlp_research/second_review_template.csv,44,second_review_template,neutral,0.0,This is a purely operational document-reference clause.,the agenda is attached in the renewal folder.,,
neut_account_review_schedule_001,data/nlp_research/second_review_template.csv,45,second_review_template,neutral,0.0,This isolated scheduling clause is useful as a neutral procedural example.,with a renewal review for next Tuesday.,,
neut_sales_acknowledgement_001,data/nlp_research/second_review_template.csv,46,second_review_template,neutral,0.0,This acknowledgement alone does not carry a directional signal.,Understood.,,
neut_sales_legal_status_001,data/nlp_research/second_review_template.csv,47,second_review_template,neutral,0.0,This clause states process status without enough context to assign friction or commitment on its own.,the legal review is still open.,,
neut_account_status_agenda_001,data/nlp_research/signal_error_analysis.csv,0,sample_emotion_cases,,0.0,Neutral attachment reference clause.,the agenda is attached in the renewal folder.,,
opp_sales_security_review_path_001,data/nlp_research/signal_error_analysis.csv,1,sample_sales,,0.0,Clause split from a buyer-interest turn; labeled conservatively as weak opportunity.,the onboarding looks lighter than what we've seen before.,,
neut_account_status_meeting_001,data/nlp_research/signal_error_analysis.csv,2,sample_emotion_cases,,0.0,Neutral schedule clause.,the meeting starts at 09:00 CET,,
neut_sales_status_procurement_001,data/nlp_research/signal_error_analysis.csv,3,sample_emotion_cases,,0.0,Clause split from a neutral operational update.,the current status is that procurement is scheduled for next Tuesday,,
risk_support_deflection_001,data/nlp_research/signal_error_analysis.csv,4,sample_support,,0.0,Clause split from an agent deflection turn.,Refund timing sits with another team,,
unc_account_rollout_condition_001,data/nlp_research/signal_error_analysis.csv,5,sample_account_management,,0.0,Condition clause from an expansion turn.,If the rollout stabilizes this quarter,,
unc_sales_probably_001,data/nlp_research/signal_error_analysis.csv,6,sales_calls_realistic,,0.0,Clause split from a vague rep response.,We can probably work something out on pricing,,
neut_account_status_full_001,data/nlp_research/signal_error_analysis.csv,7,sample_emotion_cases,,0.0,Emotion benchmark neutral case reused as a process-update label.,Sharing the update from finance: the meeting starts at 09:00 CET and the agenda is attached in the renewal folder.,,
unc_support_confusion_seed_001,data/nlp_research/signal_error_analysis.csv,8,sample_emotion_cases,,0.0,Emotion benchmark confusion case reused as an ambiguity label.,I'm confused about which invoice version is final because the portal and the email summary do not match.,,
opp_account_own_recovery_001,data/nlp_research/signal_error_analysis.csv,9,account_management_realistic,,0.0,Short ownership clause from the realistic account-management fixture.,I own the recovery plan,,
unc_sales_discount_signoff_001,data/nlp_research/signal_error_analysis.csv,10,sample_sales,,0.0,Conditional clause from a next-step turn.,If the discount works and security signs off,,
opp_sales_procurement_path_001,data/nlp_research/signal_error_analysis.csv,11,sample_sales,,0.0,Clause split from a buyer next-step turn.,we can bring procurement in next week.,,
risk_account_unresolved_001,data/nlp_research/signal_error_analysis.csv,12,sample_account_management,,0.0,Clause split from a renewal-risk turn.,we're still dealing with two unresolved onboarding issues from the launch.,,
risk_account_vendor_risk_001,data/nlp_research/signal_error_analysis.csv,13,sample_account_management,,0.0,Full churn-pressure turn from the account-management sample.,"But if these issues stay open into renewal, we may cut seats, delay the renewal, or look at another vendor.",,
opp_account_recovery_plan_001,data/nlp_research/signal_error_analysis.csv,14,sample_account_management,,0.0,Full owner-commitment turn from the account-management sample.,I own the action items and will send a recovery plan by Friday with owners for each open item.,,
risk_support_refund_delay_001,data/nlp_research/signal_error_analysis.csv,15,sample_support,,0.0,Full customer turn from the synthetic support sample.,"Hi, I'm honestly pretty frustrated. Ticket 78421 has been open for 11 days and the refund still hasn't posted to our card.",,
candidate_0070,data/nlp_research/signal_label_candidates.jsonl,0,sample_sales,risk_friction,0.9,expensive; cost; seat cost; intercom; zendesk,"The seat cost feels expensive versus Zendesk, and the team is also comparing you to Intercom.",,candidate_0070
candidate_0071,data/nlp_research/signal_label_candidates.jsonl,1,sample_sales,risk_friction,0.9,expensive; cost; seat cost; zendesk,The seat cost feels expensive versus Zendesk,,candidate_0071
candidate_0222,data/nlp_research/signal_label_candidates.jsonl,2,sales_demo_output,risk_friction,0.9,expensive; cost; seat cost; zendesk,"The seat cost feels expensive versus Zendesk, and the team is also comparing yo...",,
candidate_0008,data/nlp_research/signal_label_candidates.jsonl,3,sample_emotion_cases,risk_friction,0.9,ridiculous; unacceptable; pricing,This pricing change is ridiculous and it feels unacceptable to spring it on us a day before signature.,,
candidate_0033,data/nlp_research/signal_label_candidates.jsonl,4,sales_calls_realistic,risk_friction,0.9,price; intercom; zendesk,"We're interested, but the enterprise price is higher than Zendesk and Intercom, and I still do not know what happens after the pilot.",,candidate_0033
candidate_0034,data/nlp_research/signal_label_candidates.jsonl,5,sales_calls_realistic,risk_friction,0.9,price; intercom; zendesk,but the enterprise price is higher than Zendesk and Intercom,,candidate_0034
candidate_0054,data/nlp_research/signal_label_candidates.jsonl,6,sample_account_management,risk_friction,0.9,renewal; still dealing with; unresolved,"Our renewal is in about 45 days, and we're still dealing with two unresolved onboarding issues from the launch.",,candidate_0054
candidate_0059,data/nlp_research/signal_label_candidates.jsonl,7,sample_account_management,risk_friction,0.9,cut seats; look at another vendor; renewal,"But if these issues stay open into renewal, we may cut seats, delay the renewal, or look at another vendor.",,candidate_0059
candidate_0061,data/nlp_research/signal_label_candidates.jsonl,8,sample_account_management,risk_friction,0.9,again; downgrade; switch,"Okay, but if this slips again finance will ask whether we should downgrade or switch.",,candidate_0061
candidate_0062,data/nlp_research/signal_label_candidates.jsonl,9,sample_account_management,risk_friction,0.9,again; downgrade; switch,but if this slips again finance will ask whether we should downgrade or switch.,,candidate_0062
candidate_0087,data/nlp_research/signal_label_candidates.jsonl,10,sample_support,risk_friction,0.9,escalate; manager; unresolved,"I need a real date, not a FAQ, and if this is still unresolved today I'll escalate it to your manager and dispute the charge.",,
candidate_0089,data/nlp_research/signal_label_candidates.jsonl,11,sample_support,risk_friction,0.9,escalate; manager; unresolved,and if this is still unresolved today I'll escalate it to your manager and dispute the charge.,,candidate_0089
candidate_0093,data/nlp_research/signal_label_candidates.jsonl,12,account_management_demo_output,risk_friction,0.9,cut seats; look at another vendor; renewal,"...tay open into renewal, we may cut seats, delay the renewal, or look at another vendor.",,
candidate_0096,data/nlp_research/signal_label_candidates.jsonl,13,account_management_demo_output,risk_friction,0.9,renewal; still dealing with; unresolved,"Our renewal is in about 45 days, and we're still dealing with two unresolved onboarding issues from t...",,
candidate_0098,data/nlp_research/signal_label_candidates.jsonl,14,account_management_demo_output,risk_friction,0.9,cut seats; look at another vendor; renewal,"...f these issues stay open into renewal, we may cut seats, delay the renewal, or look at another vendor.",,
candidate_0123,data/nlp_research/signal_label_candidates.jsonl,15,buyer_one_pager,risk_friction,0.9,concern; renewal; unresolved,"Account management: churn risk, renewal concern, unresolved issues, commitment clarity, expansion opportunity",,
candidate_0148,data/nlp_research/signal_label_candidates.jsonl,16,demo_report,risk_friction,0.9,escalate; manager; unresolved,"""...if this is still unresolved today I'll escalate it to your manager and dispute the charge.""",,
candidate_0152,data/nlp_research/signal_label_candidates.jsonl,17,demo_report,risk_friction,0.9,pricing; intercom; zendesk,"A prospect expresses interest in a pilot, raises pricing concerns, compares the product to Zendesk and Intercom, and signals procurement involvement if the next step goes well.",,
candidate_0153,data/nlp_research/signal_label_candidates.jsonl,18,demo_report,risk_friction,0.9,pricing; intercom; zendesk,"A prospect expresses interest in a pilot, raises pricing concerns, compares the product to Zendesk and Intercom",,
candidate_0165,data/nlp_research/signal_label_candidates.jsonl,19,demo_report,risk_friction,0.9,renewal; still dealing with; unresolved,"""Our renewal is in about 45 days, and we're still dealing with two unresolved onboarding issues...""",,
candidate_0167,data/nlp_research/signal_label_candidates.jsonl,20,demo_report,risk_friction,0.9,cut seats; look at another vendor; renewal,"""...we may cut seats, delay the renewal, or look at another vendor.""",,
candidate_0233,data/nlp_research/signal_label_candidates.jsonl,21,support_demo_output,risk_friction,0.9,escalate; manager; unresolved,...s still unresolved today I'll escalate it to your manager and dispute the charge.,,
candidate_0010,data/nlp_research/signal_label_candidates.jsonl,22,sample_emotion_cases,risk_friction,0.6,still waiting; waiting on,We're still waiting on the onboarding fix and nothing has changed since last week's review.,,
candidate_0017,data/nlp_research/signal_label_candidates.jsonl,23,sample_emotion_cases,risk_friction,0.6,legal; still open,"For reference, the current status is that procurement is scheduled for next Tuesday and the legal review is still open.",,
candidate_0021,data/nlp_research/signal_label_candidates.jsonl,24,sample_emotion_cases,risk_friction,0.6,worried; renewal,We're worried the migration might slip into quarter close and could impact the renewal if the issue remains open.,,
candidate_0026,data/nlp_research/signal_label_candidates.jsonl,25,account_management_realistic,risk_friction,0.6,renewal; unresolved,"Our renewal is 30 days out, two onboarding issues are still unresolved, and leadership is asking whether we should reduce seats if support does not stabilize.",,risk_account_reduce_seats_001
candidate_0027,data/nlp_research/signal_label_candidates.jsonl,26,account_management_realistic,risk_friction,0.6,renewal; unresolved,"Our renewal is 30 days out, two onboarding issues are still unresolved",,candidate_0027
candidate_0031,data/nlp_research/signal_label_candidates.jsonl,27,account_management_realistic,risk_friction,0.6,renewal; unresolved,"Realistic synthetic account-management conversation with renewal risk, unresolved issues, and conditional expansion upside.",,
candidate_0032,data/nlp_research/signal_label_candidates.jsonl,28,account_management_realistic,risk_friction,0.6,renewal; unresolved,"Realistic synthetic account-management conversation with renewal risk, unresolved issues",,
candidate_0040,data/nlp_research/signal_label_candidates.jsonl,29,sales_calls_realistic,risk_friction,0.6,pricing; competitor,"Realistic synthetic sales call with pricing objection, competitor pressure, and weak next-step clarity.",,
candidate_0041,data/nlp_research/signal_label_candidates.jsonl,30,sales_calls_realistic,risk_friction,0.6,pricing; competitor,"Realistic synthetic sales call with pricing objection, competitor pressure",,
candidate_0048,data/nlp_research/signal_label_candidates.jsonl,31,support_tickets_realistic,risk_friction,0.6,again; escalate,"The failed resolution has been open since Monday, the card ending 1111 was charged twice, and if this slips again we will escalate the dispute.",,
candidate_0050,data/nlp_research/signal_label_candidates.jsonl,32,support_tickets_realistic,risk_friction,0.6,again; escalate,and if this slips again we will escalate the dispute.,,candidate_0050
candidate_0056,data/nlp_research/signal_label_candidates.jsonl,33,sample_account_management,risk_friction,0.6,still dealing with; unresolved,and we're still dealing with two unresolved onboarding issues from the launch.,,candidate_0056
candidate_0063,data/nlp_research/signal_label_candidates.jsonl,34,sample_account_management,risk_friction,0.6,renewal; unresolved,"Tiny deterministic account-management example with renewal risk, unresolved issues, churn pressure, and expansion upside.",,
candidate_0064,data/nlp_research/signal_label_candidates.jsonl,35,sample_account_management,risk_friction,0.6,renewal; unresolved,"Tiny deterministic account-management example with renewal risk, unresolved issues, churn pressure",,
candidate_0069,data/nlp_research/signal_label_candidates.jsonl,36,sample_sales,risk_friction,0.6,concern; price,My main concern is price.,,
candidate_0078,data/nlp_research/signal_label_candidates.jsonl,37,sample_sales,risk_friction,0.6,pricing; competitor,"Tiny deterministic sales example with buyer intent, pricing pressure, competitor mentions, and a concrete next step.",,
candidate_0079,data/nlp_research/signal_label_candidates.jsonl,38,sample_sales,risk_friction,0.6,pricing; competitor,"Tiny deterministic sales example with buyer intent, pricing pressure, competitor mentions",,
candidate_0083,data/nlp_research/signal_label_candidates.jsonl,39,sample_support,risk_friction,0.6,another team; please refer to,"Refund timing sits with another team, so please refer to the billing FAQ for now while we look into it on our side.",,
candidate_0095,data/nlp_research/signal_label_candidates.jsonl,40,account_management_demo_output,risk_friction,0.6,downgrade; switch,...ce will ask whether we should downgrade or switch.,,
candidate_0097,data/nlp_research/signal_label_candidates.jsonl,41,account_management_demo_output,risk_friction,0.6,still dealing with; unresolved,and we're still dealing with two unresolved onboarding issues from t...,,
candidate_0099,data/nlp_research/signal_label_candidates.jsonl,42,account_management_demo_output,risk_friction,0.6,still dealing with; unresolved,"...s in about 45 days, and we're still dealing with two unresolved onboarding issues from the launch.",,
candidate_0122,data/nlp_research/signal_label_candidates.jsonl,43,buyer_one_pager,risk_friction,0.6,pricing; competitor,"Sales: buyer intent, objections, pricing pressure, competitor mentions, next-step clarity",,
candidate_0145,data/nlp_research/signal_label_candidates.jsonl,44,demo_report,risk_friction,0.6,another team; please refer to,"""Refund timing sits with another team, so please refer to the billing FAQ for now...""",,
candidate_0158,data/nlp_research/signal_label_candidates.jsonl,45,demo_report,risk_friction,0.6,manager; price,This would have saved a sales manager from manually skimming the call just to learn the deal is real but price-sensitive.,,
candidate_0159,data/nlp_research/signal_label_candidates.jsonl,46,demo_report,risk_friction,0.6,discount; competitor,"It focuses follow-up on discount strategy, competitor pressure, and whether the rep left the call with a concrete next step.",,
candidate_0160,data/nlp_research/signal_label_candidates.jsonl,47,demo_report,risk_friction,0.6,discount; competitor,"It focuses follow-up on discount strategy, competitor pressure",,
candidate_0162,data/nlp_research/signal_label_candidates.jsonl,48,demo_report,risk_friction,0.6,renewal; unresolved,"An existing customer is approaching renewal with unresolved onboarding issues, warns that seats may be cut or the vendor replaced, but also suggests possible expansion if stability improves.",,
candidate_0163,data/nlp_research/signal_label_candidates.jsonl,49,demo_report,risk_friction,0.6,renewal; unresolved,"An existing customer is approaching renewal with unresolved onboarding issues, warns that seats may be cut or the vendor replaced",,
candidate_0166,data/nlp_research/signal_label_candidates.jsonl,50,demo_report,risk_friction,0.6,still dealing with; unresolved,"and we're still dealing with two unresolved onboarding issues...""",,
candidate_0203,data/nlp_research/signal_label_candidates.jsonl,51,polished_examples,risk_friction,0.6,pricing; competitor,"A prospective buyer is interested in moving forward, but raises pricing pressure, compares the product to a competitor, and leaves the next step weaker than ideal.",,
candidate_0205,data/nlp_research/signal_label_candidates.jsonl,52,polished_examples,risk_friction,0.6,pricing; competitor,"but raises pricing pressure, compares the product to a competitor",,
candidate_0209,data/nlp_research/signal_label_candidates.jsonl,53,polished_examples,risk_friction,0.6,cost; seat cost,"""The seat cost still feels high for where we are.""",,
candidate_0212,data/nlp_research/signal_label_candidates.jsonl,54,polished_examples,risk_friction,0.6,pricing; competitor,"Tighten the next-step commitment, answer the pricing objection directly, and equip the rep with a concrete competitor comparison for the next review.",,
candidate_0221,data/nlp_research/signal_label_candidates.jsonl,55,sales_demo_output,risk_friction,0.6,budget; pricing,Buyer raised pricing or budget concerns.,,
candidate_0225,data/nlp_research/signal_label_candidates.jsonl,56,sales_demo_output,risk_friction,0.6,alternative; competitor,Competitor or alternative mention detected.,,
candidate_0252,data/nlp_research/signal_label_candidates.jsonl,57,pii_redacted_support_output,risk_friction,0.6,again; escalate,"...rged twice, and if this slips again we will escalate the dispute.",,
candidate_0253,data/nlp_research/signal_label_candidates.jsonl,58,pii_redacted_support_output,risk_friction,0.6,again; escalate,...d if this slips again we will escalate the dispute.,,
candidate_0298,data/nlp_research/signal_label_candidates.jsonl,59,multimodal_feature_report,risk_friction,0.6,escalate; unresolved,Escalate for human review if unresolved operational risk keeps increasing.,,
candidate_0007,data/nlp_research/signal_label_candidates.jsonl,60,sample_emotion_cases,risk_friction,0.6,again,I'm angry that your team charged the wrong card again and closed the ticket without notice.,,gold_candidate_risk_support_anger_seed_001
candidate_0009,data/nlp_research/signal_label_candidates.jsonl,61,sample_emotion_cases,risk_friction,0.6,frustrated,I'm frustrated because I keep reopening the same issue and there is still no update from billing.,,
candidate_0016,data/nlp_research/signal_label_candidates.jsonl,62,sample_emotion_cases,risk_friction,0.6,renewal,We appreciate the follow-through and that works for our renewal review.,,
candidate_0018,data/nlp_research/signal_label_candidates.jsonl,63,sample_emotion_cases,risk_friction,0.6,renewal,Sharing the update from finance: the meeting starts at 09:00 CET and the agenda is attached in the renewal folder.,,
candidate_0036,data/nlp_research/signal_label_candidates.jsonl,64,sales_calls_realistic,risk_friction,0.6,pricing,We can probably work something out on pricing and I can send more details later once I regroup with the team.,,
candidate_0039,data/nlp_research/signal_label_candidates.jsonl,65,sales_calls_realistic,risk_friction,0.6,discount,"and discount range, procurement will not move this week.",,candidate_0039
candidate_0042,data/nlp_research/signal_label_candidates.jsonl,66,support_tickets_realistic,risk_friction,0.6,frustrated,I'm frustrated that invoice 8842 still shows the wrong total and nobody has confirmed when the credit will post.,,candidate_0042
candidate_0055,data/nlp_research/signal_label_candidates.jsonl,67,sample_account_management,risk_friction,0.6,renewal,Our renewal is in about 45 days,,
candidate_0072,data/nlp_research/signal_label_candidates.jsonl,68,sample_sales,risk_friction,0.6,intercom,and the team is also comparing you to Intercom.,,
candidate_0077,data/nlp_research/signal_label_candidates.jsonl,69,sample_sales,risk_friction,0.6,discount,"If the discount works and security signs off, we can bring procurement in next week.",,
candidate_0081,data/nlp_research/signal_label_candidates.jsonl,70,sample_support,risk_friction,0.6,frustrated,"Hi, I'm honestly pretty frustrated.",,
candidate_0084,data/nlp_research/signal_label_candidates.jsonl,71,sample_support,risk_friction,0.6,another team,Refund timing sits with another team,,candidate_0084
candidate_0085,data/nlp_research/signal_label_candidates.jsonl,72,sample_support,risk_friction,0.6,please refer to,so please refer to the billing FAQ for now while we look into it on our side.,,candidate_0085
candidate_0090,data/nlp_research/signal_label_candidates.jsonl,73,sample_support,risk_friction,0.6,someone will reach out,We are still looking into it and someone will reach out later once billing has an update.,,
candidate_0091,data/nlp_research/signal_label_candidates.jsonl,74,sample_support,risk_friction,0.6,unresolved,"Tiny deterministic support escalation example with frustration, deflection, unresolved status, and escalation risk.",,
candidate_0092,data/nlp_research/signal_label_candidates.jsonl,75,sample_support,risk_friction,0.6,unresolved,"Tiny deterministic support escalation example with frustration, deflection, unresolved status",,
candidate_0101,data/nlp_research/signal_label_candidates.jsonl,76,account_management_demo_output,risk_friction,0.6,renewal,Customer sentiment skews negative alongside churn or renewal risk cues.,,
candidate_0142,data/nlp_research/signal_label_candidates.jsonl,77,demo_report,risk_friction,0.6,unresolved,"A customer follows up on an overdue refund tied to an open ticket, the agent deflects to billing and a FAQ, the issue remains unresolved, and the customer threatens escalation and a charge dispute.",,
candidate_0143,data/nlp_research/signal_label_candidates.jsonl,78,demo_report,risk_friction,0.6,unresolved,"A customer follows up on an overdue refund tied to an open ticket, the agent deflects to billing and a FAQ, the issue remains unresolved",,
candidate_0146,data/nlp_research/signal_label_candidates.jsonl,79,demo_report,risk_friction,0.6,please refer to,"so please refer to the billing FAQ for now...""",,
candidate_0149,data/nlp_research/signal_label_candidates.jsonl,80,demo_report,risk_friction,0.6,someone will reach out,"""We are still looking into it and someone will reach out later...""",,
candidate_0150,data/nlp_research/signal_label_candidates.jsonl,81,demo_report,risk_friction,0.6,supervisor,This would have flagged a likely escalation before a supervisor had to read the full thread.,,
candidate_0151,data/nlp_research/signal_label_candidates.jsonl,82,demo_report,risk_friction,0.6,unresolved,"For a support QA lead, it narrows review to a vague, deflective exchange with clear customer frustration and unresolved ownership.",,
candidate_0156,data/nlp_research/signal_label_candidates.jsonl,83,demo_report,risk_friction,0.6,intercom,"""...the team is also comparing you to Intercom.""",,
candidate_0180,data/nlp_research/signal_label_candidates.jsonl,84,demo_report,risk_friction,0.6,legal,not legal or compliance advice,,
candidate_0188,data/nlp_research/signal_label_candidates.jsonl,85,polished_examples,risk_friction,0.6,unresolved,detected review state: unresolved billing issue with escalation risk,,
candidate_0191,data/nlp_research/signal_label_candidates.jsonl,86,polished_examples,risk_friction,0.6,another team,"""Refund timing sits with another team, so I can't change it here.""",,
candidate_0193,data/nlp_research/signal_label_candidates.jsonl,87,polished_examples,risk_friction,0.6,still open,"""I've already asked twice and the problem is still open.""",,
candidate_0194,data/nlp_research/signal_label_candidates.jsonl,88,polished_examples,risk_friction,0.6,frustrated,"""I'm pretty frustrated at this point.""",,
candidate_0207,data/nlp_research/signal_label_candidates.jsonl,89,polished_examples,risk_friction,0.6,pricing,detected review state: active deal motion with pricing and competitive pressure,,
candidate_0210,data/nlp_research/signal_label_candidates.jsonl,90,polished_examples,risk_friction,0.6,intercom,"""We're also comparing this against Intercom.""",,
candidate_0213,data/nlp_research/signal_label_candidates.jsonl,91,polished_examples,risk_friction,0.6,pricing,"Tighten the next-step commitment, answer the pricing objection directly",,
candidate_0214,data/nlp_research/signal_label_candidates.jsonl,92,polished_examples,risk_friction,0.6,competitor,and equip the rep with a concrete competitor comparison for the next review.,,
candidate_0217,data/nlp_research/signal_label_candidates.jsonl,93,polished_examples,risk_friction,0.6,manager,"It helps a manager or buyer see what was detected, why it was detected, and what requires review next, without pretending to predict closed-won outcomes from the transcript alone.",,
candidate_0218,data/nlp_research/signal_label_candidates.jsonl,94,polished_examples,risk_friction,0.6,manager,"It helps a manager or buyer see what was detected, why it was detected",,
candidate_0224,data/nlp_research/signal_label_candidates.jsonl,95,sales_demo_output,risk_friction,0.6,intercom,...team is also comparing you to Intercom.,,
candidate_0231,data/nlp_research/signal_label_candidates.jsonl,96,support_demo_output,risk_friction,0.6,someone will reach out,...are still looking into it and someone will reach out later once billing has an update.,,
candidate_0251,data/nlp_research/signal_label_candidates.jsonl,97,pii_redacted_support_output,risk_friction,0.6,frustrated,I'm frustrated that invoice 8842 still shows the wrong total and nobody has confirmed when the credit wi...,,
candidate_0254,data/nlp_research/signal_label_candidates.jsonl,98,pii_redacted_support_output,risk_friction,0.6,still open,Customer prompt is still open without a clear resolution turn.,,
candidate_0259,data/nlp_research/signal_label_candidates.jsonl,99,report,risk_friction,0.6,concern,"`anger, frustration, confusion, satisfaction, neutral, concern, urgency`",,
candidate_0266,data/nlp_research/signal_label_candidates.jsonl,100,report,risk_friction,0.6,concern,| concern | 2 |,,
candidate_0274,data/nlp_research/signal_label_candidates.jsonl,101,report,risk_friction,0.6,concern,| concern | 1.0000 | 1.0000 | 1.0000 | 2 |,,
candidate_0276,data/nlp_research/signal_label_candidates.jsonl,102,report,risk_friction,0.6,concern,| true \ pred | anger | frustration | confusion | satisfaction | neutral | concern | urgency |,,
candidate_0282,data/nlp_research/signal_label_candidates.jsonl,103,report,risk_friction,0.6,concern,| concern | 0 | 0 | 0 | 0 | 0 | 2 | 0 |,,
candidate_0293,data/nlp_research/signal_label_candidates.jsonl,104,multimodal_feature_report,risk_friction,0.6,escalate,Matched deterministic transcript cues: escalate.,,
candidate_0297,data/nlp_research/signal_label_candidates.jsonl,105,multimodal_feature_report,risk_friction,0.6,escalate,"Matched deterministic transcript cues: escalate, dispute.",,
candidate_0073,data/nlp_research/signal_label_candidates.jsonl,106,sample_sales,opportunity_commitment,0.9,pilot; procurement; proposal; pilot plan; pricing options; send,"I can send a pilot plan, pricing options, and a proposal by Tuesday, and I can include the security packet for procurement.",,candidate_0073
candidate_0157,data/nlp_research/signal_label_candidates.jsonl,107,demo_report,opportunity_commitment,0.9,pilot; proposal; pilot plan; pricing options; send,"""I can send a pilot plan, pricing options, and a proposal by Tuesday...""",,
candidate_0228,data/nlp_research/signal_label_candidates.jsonl,108,sales_demo_output,opportunity_commitment,0.9,pilot; proposal; pilot plan; pricing options; send,"I can send a pilot plan, pricing options, and a proposal by Tuesday, and I can include the security packet for pr...",,candidate_0228
candidate_0029,data/nlp_research/signal_label_candidates.jsonl,109,account_management_realistic,opportunity_commitment,0.9,send; i own; recovery plan; renewal review,I own the recovery plan and will send named owners this afternoon with a renewal review for next Tuesday.,,candidate_0029
candidate_0057,data/nlp_research/signal_label_candidates.jsonl,110,sample_account_management,opportunity_commitment,0.9,send; action items; i own; recovery plan,I own the action items and will send a recovery plan by Friday with owners for each open item.,,candidate_0057
candidate_0074,data/nlp_research/signal_label_candidates.jsonl,111,sample_sales,opportunity_commitment,0.9,pilot; pilot plan; pricing options; send,"I can send a pilot plan, pricing options",,candidate_0074
candidate_0169,data/nlp_research/signal_label_candidates.jsonl,112,demo_report,opportunity_commitment,0.9,send; action items; i own; recovery plan,"""I own the action items and will send a recovery plan by Friday...""",,
candidate_0030,data/nlp_research/signal_label_candidates.jsonl,113,account_management_realistic,opportunity_commitment,0.9,fixed; expand; recovery plan,"If the recovery plan lands and the integrations are fixed, we may still expand analytics seats later this quarter.",,candidate_0030
candidate_0058,data/nlp_research/signal_label_candidates.jsonl,114,sample_account_management,opportunity_commitment,0.9,rollout; enterprise package; upgrade,"If the rollout stabilizes this quarter, we may add the support team and upgrade to the enterprise package.",,
candidate_0060,data/nlp_research/signal_label_candidates.jsonl,115,sample_account_management,opportunity_commitment,0.9,schedule; expansion; renewal review,I'll confirm owners today and schedule a renewal review next week so we can decide whether expansion is still realistic.,,candidate_0060
candidate_0106,data/nlp_research/signal_label_candidates.jsonl,116,account_management_demo_output,opportunity_commitment,0.9,schedule; expansion; renewal review,...m owners today and schedule a renewal review next week so we can decide whether expansion is still realistic.,,
candidate_0037,data/nlp_research/signal_label_candidates.jsonl,117,sales_calls_realistic,opportunity_commitment,0.6,procurement; next step,"Without a concrete next step, security packet, and discount range, procurement will not move this week.",,
candidate_0065,data/nlp_research/signal_label_candidates.jsonl,118,sample_sales,opportunity_commitment,0.6,pilot; rollout,"I can walk through the pilot scope, rollout plan, and how teams usually evaluate the workflow.",,
candidate_0066,data/nlp_research/signal_label_candidates.jsonl,119,sample_sales,opportunity_commitment,0.6,pilot; rollout,"I can walk through the pilot scope, rollout plan",,
candidate_0068,data/nlp_research/signal_label_candidates.jsonl,120,sample_sales,opportunity_commitment,0.6,pilot; security review,We're interested in a pilot next month if the security review goes well and the onboarding looks lighter than what we've seen before.,,
candidate_0102,data/nlp_research/signal_label_candidates.jsonl,121,account_management_demo_output,opportunity_commitment,0.6,enterprise package; upgrade,...pport team and upgrade to the enterprise package.,,
candidate_0103,data/nlp_research/signal_label_candidates.jsonl,122,account_management_demo_output,opportunity_commitment,0.6,expansion; upgrade,Expansion or upgrade language detected.,,
candidate_0154,data/nlp_research/signal_label_candidates.jsonl,123,demo_report,opportunity_commitment,0.6,procurement; next step,and signals procurement involvement if the next step goes well.,,
candidate_0155,data/nlp_research/signal_label_candidates.jsonl,124,demo_report,opportunity_commitment,0.6,pilot; security review,"""We're interested in a pilot next month if the security review goes well...""",,
candidate_0168,data/nlp_research/signal_label_candidates.jsonl,125,demo_report,opportunity_commitment,0.6,rollout; upgrade,"""If the rollout stabilizes this quarter, we may add the support team and upgrade...""",,
candidate_0226,data/nlp_research/signal_label_candidates.jsonl,126,sales_demo_output,opportunity_commitment,0.6,pilot; security review,We're interested in a pilot next month if the security review goes well and the onboarding looks lighter than what we...,,
candidate_0012,data/nlp_research/signal_label_candidates.jsonl,127,sample_emotion_cases,opportunity_commitment,0.6,implementation,Can you explain what this new implementation fee covers?,,
candidate_0015,data/nlp_research/signal_label_candidates.jsonl,128,sample_emotion_cases,opportunity_commitment,0.6,recovery plan,Thank you for the recovery plan.,,candidate_0015
candidate_0020,data/nlp_research/signal_label_candidates.jsonl,129,sample_emotion_cases,opportunity_commitment,0.6,send,Please send the update to [EMAIL] when you have it.,,
candidate_0022,data/nlp_research/signal_label_candidates.jsonl,130,sample_emotion_cases,opportunity_commitment,0.6,fixed,"We need this fixed today before the board call, so please respond right away at [PHONE].",,
candidate_0023,data/nlp_research/signal_label_candidates.jsonl,131,sample_emotion_cases,opportunity_commitment,0.6,fixed,We need this fixed today before the board call,,
candidate_0035,data/nlp_research/signal_label_candidates.jsonl,132,sales_calls_realistic,opportunity_commitment,0.6,pilot,and I still do not know what happens after the pilot.,,
candidate_0038,data/nlp_research/signal_label_candidates.jsonl,133,sales_calls_realistic,opportunity_commitment,0.6,next step,"Without a concrete next step, security packet",,
candidate_0043,data/nlp_research/signal_label_candidates.jsonl,134,support_tickets_realistic,opportunity_commitment,0.6,send,Please send the update to [EMAIL] or call [PHONE].,,
candidate_0075,data/nlp_research/signal_label_candidates.jsonl,135,sample_sales,opportunity_commitment,0.6,proposal,and a proposal by Tuesday,,candidate_0075
candidate_0076,data/nlp_research/signal_label_candidates.jsonl,136,sample_sales,opportunity_commitment,0.6,procurement,and I can include the security packet for procurement.,,candidate_0076
candidate_0080,data/nlp_research/signal_label_candidates.jsonl,137,sample_sales,opportunity_commitment,0.6,next step,and a concrete next step.,,
candidate_0104,data/nlp_research/signal_label_candidates.jsonl,138,account_management_demo_output,opportunity_commitment,0.6,expansion,...week so we can decide whether expansion is still realistic.,,
candidate_0109,data/nlp_research/signal_label_candidates.jsonl,139,account_management_demo_output,opportunity_commitment,0.6,offline,Optional offline speech-to-text when the input is audio rather than transcript text.,,
candidate_0127,data/nlp_research/signal_label_candidates.jsonl,140,buyer_one_pager,opportunity_commitment,0.6,pilot,teams can pilot quickly without adding black-box AI risk,,
candidate_0134,data/nlp_research/signal_label_candidates.jsonl,141,buyer_one_pager,opportunity_commitment,0.6,demo,"recruiters and hiring managers evaluating product judgment, deterministic NLP design, and demo readiness",,
candidate_0161,data/nlp_research/signal_label_candidates.jsonl,142,demo_report,opportunity_commitment,0.6,next step,and whether the rep left the call with a concrete next step.,,
candidate_0164,data/nlp_research/signal_label_candidates.jsonl,143,demo_report,opportunity_commitment,0.6,expansion,but also suggests possible expansion if stability improves.,,
candidate_0171,data/nlp_research/signal_label_candidates.jsonl,144,demo_report,opportunity_commitment,0.6,expansion,"A CS leader can quickly see that the account needs recovery execution now, but still has expansion value if the open issues are closed.",,
candidate_0173,data/nlp_research/signal_label_candidates.jsonl,145,demo_report,opportunity_commitment,0.6,expansion,but still has expansion value if the open issues are closed.,,
candidate_0177,data/nlp_research/signal_label_candidates.jsonl,146,demo_report,opportunity_commitment,0.6,demo,Demo JSON artifacts in this pack:,,
candidate_0206,data/nlp_research/signal_label_candidates.jsonl,147,polished_examples,opportunity_commitment,0.6,next step,and leaves the next step weaker than ideal.,,
candidate_0227,data/nlp_research/signal_label_candidates.jsonl,148,sales_demo_output,opportunity_commitment,0.6,procurement,"...urity signs off, we can bring procurement in next week.",,
candidate_0285,data/nlp_research/signal_label_candidates.jsonl,149,report,opportunity_commitment,0.6,expand,expand fixtures only after rubric review and privacy sign-off,,
candidate_0291,data/nlp_research/signal_label_candidates.jsonl,150,multimodal_feature_report,opportunity_commitment,0.6,send,"Matched deterministic transcript cues: send, we will.",,
candidate_0044,data/nlp_research/signal_label_candidates.jsonl,151,support_tickets_realistic,uncertainty_hedging,0.6,for now,"Billing is still reviewing it, so please check the help center article for now while we wait for their response.",,candidate_0044
candidate_0046,data/nlp_research/signal_label_candidates.jsonl,152,support_tickets_realistic,uncertainty_hedging,0.6,for now,so please check the help center article for now while we wait for their response.,,candidate_0046
candidate_0246,data/nlp_research/signal_label_candidates.jsonl,153,demo_index,uncertainty_hedging,0.6,could,Optional transformer benchmark not run because dependency/model cache availability could not be confirmed quickly without risking a slow demo pass.,,
candidate_0288,data/nlp_research/signal_label_candidates.jsonl,154,multimodal_feature_report,uncertainty_hedging,0.6,for now,Matched deterministic transcript cues: for now.,,
candidate_0306,data/nlp_research/signal_label_candidates.jsonl,155,multimodal_feature_report,uncertainty_hedging,0.6,cautious,Review cautious or ambiguous language before making a directional judgment.,,
candidate_0001,data/nlp_research/signal_label_candidates.jsonl,156,emotion_benchmark_manifest,neutral,0.6,,Signal Engine 2.0 handcrafted text emotion benchmark fixture,,
candidate_0002,data/nlp_research/signal_label_candidates.jsonl,157,emotion_benchmark_manifest,neutral,0.6,,Contains synthetic placeholder contact details for redaction validation only.,,
candidate_0003,data/nlp_research/signal_label_candidates.jsonl,158,emotion_benchmark_manifest,neutral,0.6,,"Lightweight harness validation for deterministic text emotion benchmarking in support, sales, and account-management workflows.",,
candidate_0004,data/nlp_research/signal_label_candidates.jsonl,159,emotion_benchmark_manifest,neutral,0.6,,"Lightweight harness validation for deterministic text emotion benchmarking in support, sales",,
candidate_0005,data/nlp_research/signal_label_candidates.jsonl,160,emotion_benchmark_manifest,neutral,0.35,,Not a production benchmark or domain proof.,,
candidate_0006,data/nlp_research/signal_label_candidates.jsonl,161,emotion_benchmark_manifest,neutral,0.6,,Includes synthetic placeholder PII patterns solely to exercise redaction behavior.,,
candidate_0011,data/nlp_research/signal_label_candidates.jsonl,162,sample_emotion_cases,neutral,0.6,,I'm confused about which invoice version is final because the portal and the email summary do not match.,,
candidate_0013,data/nlp_research/signal_label_candidates.jsonl,163,sample_emotion_cases,neutral,0.6,,I don't understand the difference between the two quotes.,,
candidate_0014,data/nlp_research/signal_label_candidates.jsonl,164,sample_emotion_cases,neutral,0.6,,"Thanks, the replacement order arrived this morning and I'm happy with how quickly your team solved it.",,
candidate_0019,data/nlp_research/signal_label_candidates.jsonl,165,sample_emotion_cases,neutral,0.6,,I'm concerned the rollback plan still hasn't been confirmed.,,
candidate_0024,data/nlp_research/signal_label_candidates.jsonl,166,sample_emotion_cases,neutral,0.35,,so please respond right away at [PHONE].,,
candidate_0025,data/nlp_research/signal_label_candidates.jsonl,167,sample_emotion_cases,neutral,0.6,,We need the revised order form by end of day because the customer deadline is before launch tomorrow.,,candidate_0025
candidate_0028,data/nlp_research/signal_label_candidates.jsonl,168,account_management_realistic,neutral,0.6,,and leadership is asking whether we should reduce seats if support does not stabilize.,,
candidate_0045,data/nlp_research/signal_label_candidates.jsonl,169,support_tickets_realistic,neutral,0.35,,Billing is still reviewing it,,
candidate_0047,data/nlp_research/signal_label_candidates.jsonl,170,support_tickets_realistic,neutral,0.35,,That does not solve it.,,
candidate_0049,data/nlp_research/signal_label_candidates.jsonl,171,support_tickets_realistic,neutral,0.6,,"The failed resolution has been open since Monday, the card ending 1111 was charged twice",,
candidate_0051,data/nlp_research/signal_label_candidates.jsonl,172,support_tickets_realistic,neutral,0.6,,"Realistic synthetic support ticket conversation with billing frustration, failed resolution, and synthetic PII for redaction validation.",,
candidate_0052,data/nlp_research/signal_label_candidates.jsonl,173,support_tickets_realistic,neutral,0.6,,"Realistic synthetic support ticket conversation with billing frustration, failed resolution",,
candidate_0053,data/nlp_research/signal_label_candidates.jsonl,174,support_tickets_realistic,neutral,0.35,,and synthetic PII for redaction validation.,,
candidate_0067,data/nlp_research/signal_label_candidates.jsonl,175,sample_sales,neutral,0.35,,and how teams usually evaluate the workflow.,,candidate_0067
candidate_0082,data/nlp_research/signal_label_candidates.jsonl,176,sample_support,neutral,0.6,,Ticket 78421 has been open for 11 days and the refund still hasn't posted to our card.,,
candidate_0086,data/nlp_research/signal_label_candidates.jsonl,177,sample_support,neutral,0.35,,That still doesn't answer the question.,,
candidate_0088,data/nlp_research/signal_label_candidates.jsonl,178,sample_support,neutral,0.6,,"I need a real date, not a FAQ",,
candidate_0094,data/nlp_research/signal_label_candidates.jsonl,179,account_management_demo_output,neutral,0.6,,Customer language indicates possible churn or seat reduction risk.,,
candidate_0100,data/nlp_research/signal_label_candidates.jsonl,180,account_management_demo_output,neutral,0.35,,...s in about 45 days,,
candidate_0105,data/nlp_research/signal_label_candidates.jsonl,181,account_management_demo_output,neutral,0.35,,Account team commitment language detected.,,
candidate_0107,data/nlp_research/signal_label_candidates.jsonl,182,account_management_demo_output,neutral,0.35,,domain-specific lexicon and role rules,,
candidate_0108,data/nlp_research/signal_label_candidates.jsonl,183,account_management_demo_output,neutral,0.35,,optional retrieval and long-context review,,
candidate_0110,data/nlp_research/signal_label_candidates.jsonl,184,account_management_demo_output,neutral,0.6,,Optional speaker separation before role mapping and per-speaker turn analysis.,,
candidate_0111,data/nlp_research/signal_label_candidates.jsonl,185,account_management_demo_output,neutral,0.6,,Optional prosody and pause features for later review workflows.,,
candidate_0112,data/nlp_research/signal_label_candidates.jsonl,186,account_management_demo_output,neutral,0.6,,"Optional keyframe extraction for multimodal investigations, not canonical scoring.",,
candidate_0113,data/nlp_research/signal_label_candidates.jsonl,187,buyer_one_pager,neutral,0.6,,"Teams already have transcripts, QA notes, CRM exports, and call recordings, but managers still lose time manually skimming conversations to find risk, coaching moments, and missed follow-up.",,
candidate_0114,data/nlp_research/signal_label_candidates.jsonl,188,buyer_one_pager,neutral,0.6,,"Teams already have transcripts, QA notes, CRM exports",,
candidate_0115,data/nlp_research/signal_label_candidates.jsonl,189,buyer_one_pager,neutral,0.6,,"but managers still lose time manually skimming conversations to find risk, coaching moments",,
candidate_0116,data/nlp_research/signal_label_candidates.jsonl,190,buyer_one_pager,neutral,0.6,,"Signal Engine 2.0 runs deterministic, transcript-first analysis across support, sales, and account-management conversations.",,
candidate_0117,data/nlp_research/signal_label_candidates.jsonl,191,buyer_one_pager,neutral,0.6,,"Signal Engine 2.0 runs deterministic, transcript-first analysis across support, sales",,
candidate_0118,data/nlp_research/signal_label_candidates.jsonl,192,buyer_one_pager,neutral,0.6,,"It surfaces concrete signals, evidence snippets, and plain-English review stories without depending on LLMs or external APIs.",,
candidate_0119,data/nlp_research/signal_label_candidates.jsonl,193,buyer_one_pager,neutral,0.35,,"It surfaces concrete signals, evidence snippets",,
candidate_0120,data/nlp_research/signal_label_candidates.jsonl,194,buyer_one_pager,neutral,0.6,,and plain-English review stories without depending on LLMs or external APIs.,,
candidate_0121,data/nlp_research/signal_label_candidates.jsonl,195,buyer_one_pager,neutral,0.6,,"Support: deflection, low directness, frustration, escalation risk, resolution clarity",,
candidate_0124,data/nlp_research/signal_label_candidates.jsonl,196,buyer_one_pager,neutral,0.6,,every signal is tied to visible lexical rules and transcript evidence,,
candidate_0125,data/nlp_research/signal_label_candidates.jsonl,197,buyer_one_pager,neutral,0.35,,outputs are repeatable across runs,,
candidate_0126,data/nlp_research/signal_label_candidates.jsonl,198,buyer_one_pager,neutral,0.6,,reviewers can audit why a call was flagged,,
candidate_0128,data/nlp_research/signal_label_candidates.jsonl,199,buyer_one_pager,neutral,0.35,,run on 50–500 historical conversations,,
candidate_0129,data/nlp_research/signal_label_candidates.jsonl,200,buyer_one_pager,neutral,0.35,,accept CSV or JSON export,,
candidate_0130,data/nlp_research/signal_label_candidates.jsonl,201,buyer_one_pager,neutral,0.35,,deliver a deterministic risk and signal report,,
candidate_0131,data/nlp_research/signal_label_candidates.jsonl,202,buyer_one_pager,neutral,0.6,,support QA leads who need faster review focus,,
candidate_0132,data/nlp_research/signal_label_candidates.jsonl,203,buyer_one_pager,neutral,0.6,,sales managers who want fast deal-risk readouts from call transcripts,,
candidate_0133,data/nlp_research/signal_label_candidates.jsonl,204,buyer_one_pager,neutral,0.6,,customer success and account-management leaders watching renewals and expansions,,
candidate_0135,data/nlp_research/signal_label_candidates.jsonl,205,buyer_one_pager,neutral,0.6,,"recruiters and hiring managers evaluating product judgment, deterministic NLP design",,
candidate_0136,data/nlp_research/signal_label_candidates.jsonl,206,demo_report,neutral,0.6,,"deterministic conversation intelligence across support, sales, and account management",,
candidate_0137,data/nlp_research/signal_label_candidates.jsonl,207,demo_report,neutral,0.35,,"deterministic conversation intelligence across support, sales",,
candidate_0138,data/nlp_research/signal_label_candidates.jsonl,208,demo_report,neutral,0.35,,transcript-first analysis with evidence-backed signals,,
candidate_0139,data/nlp_research/signal_label_candidates.jsonl,209,demo_report,neutral,0.6,,plain-English review outputs that stay grounded in specific turns,,
candidate_0140,data/nlp_research/signal_label_candidates.jsonl,210,demo_report,neutral,0.6,,"no LLM dependency, no external API dependency, and no UI dependency",,
candidate_0141,data/nlp_research/signal_label_candidates.jsonl,211,demo_report,neutral,0.35,,"no LLM dependency, no external API dependency",,
candidate_0144,data/nlp_research/signal_label_candidates.jsonl,212,demo_report,neutral,0.6,,and the customer threatens escalation and a charge dispute.,,
candidate_0147,data/nlp_research/signal_label_candidates.jsonl,213,demo_report,neutral,0.35,,"I need a real date...""",,
candidate_0170,data/nlp_research/signal_label_candidates.jsonl,214,demo_report,neutral,0.6,,This would have improved customer-success review focus by showing both downside risk and upside potential in the same call.,,
candidate_0172,data/nlp_research/signal_label_candidates.jsonl,215,demo_report,neutral,0.6,,A CS leader can quickly see that the account needs recovery execution now,,
candidate_0174,data/nlp_research/signal_label_candidates.jsonl,216,demo_report,neutral,0.35,,python scripts/signal_engine_analyze.py --domain support data/signal_engine_2_0/sample_support.json,,
candidate_0175,data/nlp_research/signal_label_candidates.jsonl,217,demo_report,neutral,0.35,,python scripts/signal_engine_analyze.py --domain sales data/signal_engine_2_0/sample_sales.json,,
candidate_0176,data/nlp_research/signal_label_candidates.jsonl,218,demo_report,neutral,0.35,,python scripts/signal_engine_analyze.py --domain account_management data/signal_engine_2_0/sample_account_management.json,,
candidate_0178,data/nlp_research/signal_label_candidates.jsonl,219,demo_report,neutral,0.35,,not a black-box AI score,,
candidate_0179,data/nlp_research/signal_label_candidates.jsonl,220,demo_report,neutral,0.35,,not a replacement for managers,,
candidate_0181,data/nlp_research/signal_label_candidates.jsonl,221,polished_examples,neutral,0.6,,"These examples are recruiter-, buyer-, and reviewer-facing summaries of deterministic Signal Engine 2.0 outputs.",,
candidate_0182,data/nlp_research/signal_label_candidates.jsonl,222,polished_examples,neutral,0.35,,"These examples are recruiter-, buyer-",,
candidate_0183,data/nlp_research/signal_label_candidates.jsonl,223,polished_examples,neutral,0.6,,and reviewer-facing summaries of deterministic Signal Engine 2.0 outputs.,,
candidate_0184,data/nlp_research/signal_label_candidates.jsonl,224,polished_examples,neutral,0.6,,"They are meant to show how the system surfaces structured, evidence-backed signals from messy transcripts without claiming hidden intent certainty, truth detection, or black-box emotional truth.",,
candidate_0185,data/nlp_research/signal_label_candidates.jsonl,225,polished_examples,neutral,0.6,,"A customer contacts support about a billing error, says the issue has already been raised twice, and shares synthetic contact details so the case can be traced.",,
candidate_0186,data/nlp_research/signal_label_candidates.jsonl,226,polished_examples,neutral,0.6,,"A customer contacts support about a billing error, says the issue has already been raised twice",,
candidate_0187,data/nlp_research/signal_label_candidates.jsonl,227,polished_examples,neutral,0.6,,and shares synthetic contact details so the case can be traced.,,
candidate_0189,data/nlp_research/signal_label_candidates.jsonl,228,polished_examples,neutral,0.6,,"output style: deterministic flags, evidence snippets, and redaction-aware metadata",,
candidate_0190,data/nlp_research/signal_label_candidates.jsonl,229,polished_examples,neutral,0.35,,"output style: deterministic flags, evidence snippets",,
candidate_0192,data/nlp_research/signal_label_candidates.jsonl,230,polished_examples,neutral,0.35,,"so I can't change it here.""",,
candidate_0195,data/nlp_research/signal_label_candidates.jsonl,231,polished_examples,neutral,0.6,,"Route to a human reviewer or team lead, confirm billing ownership, and provide a concrete resolution or timeline instead of another handoff.",,
candidate_0196,data/nlp_research/signal_label_candidates.jsonl,232,polished_examples,neutral,0.6,,"Route to a human reviewer or team lead, confirm billing ownership",,
candidate_0197,data/nlp_research/signal_label_candidates.jsonl,233,polished_examples,neutral,0.6,,and provide a concrete resolution or timeline instead of another handoff.,,
candidate_0198,data/nlp_research/signal_label_candidates.jsonl,234,polished_examples,neutral,0.6,,"When `--redact-pii` is enabled, synthetic email and phone details are replaced before analysis and only hash-based redaction records are retained in metadata.",,
candidate_0199,data/nlp_research/signal_label_candidates.jsonl,235,polished_examples,neutral,0.35,,Why the output is useful:,,
candidate_0200,data/nlp_research/signal_label_candidates.jsonl,236,polished_examples,neutral,0.6,,"It gives a reviewer a compact, auditable explanation of why the conversation suggests service risk, without relying on a broad summary or unsupported certainty claims.",,
candidate_0201,data/nlp_research/signal_label_candidates.jsonl,237,polished_examples,neutral,0.6,,"It gives a reviewer a compact, auditable explanation of why the conversation suggests service risk",,
candidate_0202,data/nlp_research/signal_label_candidates.jsonl,238,polished_examples,neutral,0.6,,without relying on a broad summary or unsupported certainty claims.,,
candidate_0204,data/nlp_research/signal_label_candidates.jsonl,239,polished_examples,neutral,0.6,,A prospective buyer is interested in moving forward,,
candidate_0208,data/nlp_research/signal_label_candidates.jsonl,240,polished_examples,neutral,0.6,,output style: deterministic opportunity/risk flags with transcript evidence,,
candidate_0211,data/nlp_research/signal_label_candidates.jsonl,241,polished_examples,neutral,0.35,,"""Let's try to regroup sometime next week.""",,
candidate_0215,data/nlp_research/signal_label_candidates.jsonl,242,polished_examples,neutral,0.6,,No raw PII should be exposed in polished output examples,,
candidate_0216,data/nlp_research/signal_label_candidates.jsonl,243,polished_examples,neutral,0.6,,examples here use role-level context and short evidence snippets only.,,
candidate_0219,data/nlp_research/signal_label_candidates.jsonl,244,polished_examples,neutral,0.35,,and what requires review next,,
candidate_0220,data/nlp_research/signal_label_candidates.jsonl,245,polished_examples,neutral,0.6,,without pretending to predict closed-won outcomes from the transcript alone.,,
candidate_0223,data/nlp_research/signal_label_candidates.jsonl,246,sales_demo_output,neutral,0.35,,and the team is also comparing yo...,,
candidate_0229,data/nlp_research/signal_label_candidates.jsonl,247,sales_demo_output,neutral,0.6,,and I can include the security packet for pr...,,
candidate_0230,data/nlp_research/signal_label_candidates.jsonl,248,support_demo_output,neutral,0.6,,Low lexical overlap and few direct-answer cues in the response.,,
candidate_0232,data/nlp_research/signal_label_candidates.jsonl,249,support_demo_output,neutral,0.6,,Response uses a deflection phrase instead of resolving the prompt.,,
candidate_0234,data/nlp_research/signal_label_candidates.jsonl,250,support_demo_output,neutral,0.35,,Escalation language detected in the support exchange.,,
candidate_0235,data/nlp_research/signal_label_candidates.jsonl,251,demo_index,neutral,0.35,,`/Users/keith/.pyenv/versions/3.11.3/bin/python scripts/signal_engine_analyze.py --domain support data/signal_engine_2_0/sample_support.json`,,
candidate_0236,data/nlp_research/signal_label_candidates.jsonl,252,demo_index,neutral,0.35,,`/Users/keith/.pyenv/versions/3.11.3/bin/python scripts/signal_engine_analyze.py --domain sales data/signal_engine_2_0/sample_sales.json`,,
candidate_0237,data/nlp_research/signal_label_candidates.jsonl,253,demo_index,neutral,0.35,,`/Users/keith/.pyenv/versions/3.11.3/bin/python scripts/signal_engine_analyze.py --domain account_management data/signal_engine_2_0/sample_account_management.json`,,
candidate_0238,data/nlp_research/signal_label_candidates.jsonl,254,demo_index,neutral,0.35,,`/Users/keith/.pyenv/versions/3.11.3/bin/python scripts/signal_engine_analyze.py --domain support --redact-pii data/signal_engine_2_0/fixtures/support_tickets_realistic.jsonl`,,
candidate_0239,data/nlp_research/signal_label_candidates.jsonl,255,demo_index,neutral,0.6,,`/Users/keith/.pyenv/versions/3.11.3/bin/python scripts/run_text_emotion_benchmark.py --input data/signal_engine_2_0/emotion_benchmark/sample_emotion_cases.jsonl --manifest data/signal_engine_2_0/dataset_manifests/emotion_benchmark_manifest.json --mode deterministic --redact-pii --out-dir outputs/signal_engine_2_0/final_demo/text_emotion_benchmark`,,
candidate_0240,data/nlp_research/signal_label_candidates.jsonl,256,demo_index,neutral,0.6,,`/Users/keith/.pyenv/versions/3.11.3/bin/python scripts/run_text_emotion_benchmark.py --input data/signal_engine_2_0/emotion_benchmark/sample_emotion_cases.jsonl --manifest data/signal_engine_2_0/dataset_manifests/emotion_benchmark_manifest.json --mode transformers --model-id j-hartmann/emotion-english-distilroberta-base --out-dir /Users/keith/Documents/New project/earnings-call-signal-engine-support-qa/outputs/signal_engine_2_0/text_emotion_transformer_optional`,,
candidate_0241,data/nlp_research/signal_label_candidates.jsonl,257,demo_index,neutral,0.35,,"support: `support_low_directness, support_deflection, support_frustration, support_escalation_risk`",,
candidate_0242,data/nlp_research/signal_label_candidates.jsonl,258,demo_index,neutral,0.35,,"sales: `sales_pricing_risk, sales_objection_pressure, sales_competitor_pressure, sales_buyer_intent, sales_next_step_defined`",,
candidate_0243,data/nlp_research/signal_label_candidates.jsonl,259,demo_index,neutral,0.6,,"account management: `account_churn_risk, account_renewal_risk, account_unresolved_issues, account_negative_sentiment, account_expansion_opportunity, account_commitment_defined`",,
candidate_0244,data/nlp_research/signal_label_candidates.jsonl,260,demo_index,neutral,0.6,,"redaction summary: `{""enabled"": true, ""summary"": {""by_type"": {""email"": 1, ""phone"": 1}, ""total_redactions"": 2, ""unique_hashes"": 2}}`",,
candidate_0245,data/nlp_research/signal_label_candidates.jsonl,261,demo_index,neutral,0.6,,"warning: tiny handcrafted fixture, useful for harness validation only",,
candidate_0247,data/nlp_research/signal_label_candidates.jsonl,262,demo_index,neutral,0.35,,deterministic transcript outputs remain canonical,,
candidate_0248,data/nlp_research/signal_label_candidates.jsonl,263,demo_index,neutral,0.35,,benchmark fixture is tiny and handcrafted,,
candidate_0249,data/nlp_research/signal_label_candidates.jsonl,264,demo_index,neutral,0.6,,no truth-detection or black-box emotion score is treated as product truth,,
candidate_0250,data/nlp_research/signal_label_candidates.jsonl,265,pii_redacted_support_output,neutral,0.6,,Prompt did not receive a matching response turn.,,
candidate_0255,data/nlp_research/signal_label_candidates.jsonl,266,report,neutral,0.6,,name: Signal Engine 2.0 handcrafted text emotion benchmark fixture,,
candidate_0256,data/nlp_research/signal_label_candidates.jsonl,267,report,neutral,0.6,,pii_status: Contains synthetic placeholder contact details for redaction validation only.,,
candidate_0257,data/nlp_research/signal_label_candidates.jsonl,268,report,neutral,0.35,,| path | size_bytes | record_count |,,
candidate_0258,data/nlp_research/signal_label_candidates.jsonl,269,report,neutral,0.6,,| `/Users/keith/Documents/New project/earnings-call-signal-engine-support-qa/data/signal_engine_2_0/emotion_benchmark/sample_emotion_cases.jsonl` | 4132 | 14 |,,
candidate_0260,data/nlp_research/signal_label_candidates.jsonl,270,report,neutral,0.35,,| label | support |,,
candidate_0261,data/nlp_research/signal_label_candidates.jsonl,271,report,neutral,0.35,,| anger | 2 |,,
candidate_0262,data/nlp_research/signal_label_candidates.jsonl,272,report,neutral,0.35,,| frustration | 2 |,,
candidate_0263,data/nlp_research/signal_label_candidates.jsonl,273,report,neutral,0.35,,| confusion | 2 |,,
candidate_0264,data/nlp_research/signal_label_candidates.jsonl,274,report,neutral,0.35,,| satisfaction | 2 |,,
candidate_0265,data/nlp_research/signal_label_candidates.jsonl,275,report,neutral,0.35,,| neutral | 2 |,,
candidate_0267,data/nlp_research/signal_label_candidates.jsonl,276,report,neutral,0.35,,| urgency | 2 |,,
candidate_0268,data/nlp_research/signal_label_candidates.jsonl,277,report,neutral,0.6,,| label | precision | recall | f1 | support |,,
candidate_0269,data/nlp_research/signal_label_candidates.jsonl,278,report,neutral,0.6,,| anger | 1.0000 | 1.0000 | 1.0000 | 2 |,,
candidate_0270,data/nlp_research/signal_label_candidates.jsonl,279,report,neutral,0.6,,| frustration | 1.0000 | 1.0000 | 1.0000 | 2 |,,
candidate_0271,data/nlp_research/signal_label_candidates.jsonl,280,report,neutral,0.6,,| confusion | 1.0000 | 1.0000 | 1.0000 | 2 |,,
candidate_0272,data/nlp_research/signal_label_candidates.jsonl,281,report,neutral,0.6,,| satisfaction | 1.0000 | 1.0000 | 1.0000 | 2 |,,
candidate_0273,data/nlp_research/signal_label_candidates.jsonl,282,report,neutral,0.6,,| neutral | 1.0000 | 1.0000 | 1.0000 | 2 |,,
candidate_0275,data/nlp_research/signal_label_candidates.jsonl,283,report,neutral,0.6,,| urgency | 1.0000 | 1.0000 | 1.0000 | 2 |,,
candidate_0277,data/nlp_research/signal_label_candidates.jsonl,284,report,neutral,0.6,,| anger | 2 | 0 | 0 | 0 | 0 | 0 | 0 |,,
candidate_0278,data/nlp_research/signal_label_candidates.jsonl,285,report,neutral,0.6,,| frustration | 0 | 2 | 0 | 0 | 0 | 0 | 0 |,,
candidate_0279,data/nlp_research/signal_label_candidates.jsonl,286,report,neutral,0.6,,| confusion | 0 | 0 | 2 | 0 | 0 | 0 | 0 |,,
candidate_0280,data/nlp_research/signal_label_candidates.jsonl,287,report,neutral,0.6,,| satisfaction | 0 | 0 | 0 | 2 | 0 | 0 | 0 |,,
candidate_0281,data/nlp_research/signal_label_candidates.jsonl,288,report,neutral,0.6,,| neutral | 0 | 0 | 0 | 0 | 2 | 0 | 0 |,,
candidate_0283,data/nlp_research/signal_label_candidates.jsonl,289,report,neutral,0.6,,| urgency | 0 | 0 | 0 | 0 | 0 | 0 | 2 |,,
candidate_0284,data/nlp_research/signal_label_candidates.jsonl,290,report,neutral,0.35,,"by_type: `{""email"": 1, ""phone"": 1}`",,
candidate_0286,data/nlp_research/signal_label_candidates.jsonl,291,report,neutral,0.6,,compare deterministic results against optional local transformer baselines,,
candidate_0287,data/nlp_research/signal_label_candidates.jsonl,292,report,neutral,0.6,,keep transcript-first deterministic analysis canonical while audio/video remain adapter-ready roadmap,,
candidate_0289,data/nlp_research/signal_label_candidates.jsonl,293,multimodal_feature_report,neutral,0.6,,"Review hedged language against concrete dates, owners, and commitments.",,
candidate_0290,data/nlp_research/signal_label_candidates.jsonl,294,multimodal_feature_report,neutral,0.35,,"Review hedged language against concrete dates, owners",,
candidate_0292,data/nlp_research/signal_label_candidates.jsonl,295,multimodal_feature_report,neutral,0.6,,Verify that reassurance is backed by a concrete plan rather than a generic promise.,,
candidate_0294,data/nlp_research/signal_label_candidates.jsonl,296,multimodal_feature_report,neutral,0.6,,"Review the objection, pressure, or analyst challenge before deciding severity.",,
candidate_0295,data/nlp_research/signal_label_candidates.jsonl,297,multimodal_feature_report,neutral,0.6,,"Matched deterministic transcript cues: still, does not solve.",,
candidate_0296,data/nlp_research/signal_label_candidates.jsonl,298,multimodal_feature_report,neutral,0.6,,Compare the surrounding turns to see whether the speaker is walking back a prior statement.,,
candidate_0299,data/nlp_research/signal_label_candidates.jsonl,299,multimodal_feature_report,neutral,0.6,,"Signals are review cues, not claims about internal state.",,
candidate_0300,data/nlp_research/signal_label_candidates.jsonl,300,multimodal_feature_report,neutral,0.35,,audio and video are optional support only.,,
candidate_0301,data/nlp_research/signal_label_candidates.jsonl,301,multimodal_feature_report,neutral,0.35,,No audio file was provided.,,
candidate_0302,data/nlp_research/signal_label_candidates.jsonl,302,multimodal_feature_report,neutral,0.6,,Audio cues are optional support only and never canonical truth.,,
candidate_0303,data/nlp_research/signal_label_candidates.jsonl,303,multimodal_feature_report,neutral,0.35,,No video file was provided.,,
candidate_0304,data/nlp_research/signal_label_candidates.jsonl,304,multimodal_feature_report,neutral,0.35,,Video cues remain optional review support only.,,
candidate_0305,data/nlp_research/signal_label_candidates.jsonl,305,multimodal_feature_report,neutral,0.6,,Transcript evidence is primary for this review cue.,,
candidate_0307,data/nlp_research/signal_label_candidates.jsonl,306,multimodal_feature_report,neutral,0.6,,"Verify whether reassuring language is backed by owners, dates, and concrete evidence.",,
candidate_0308,data/nlp_research/signal_label_candidates.jsonl,307,multimodal_feature_report,neutral,0.6,,"Verify whether reassuring language is backed by owners, dates",,
candidate_0309,data/nlp_research/signal_label_candidates.jsonl,308,multimodal_feature_report,neutral,0.6,,Check the underlying turns and media cues before escalating severity.,,
candidate_0310,data/nlp_research/signal_label_candidates.jsonl,309,multimodal_feature_report,neutral,0.6,,Compare apparently conflicting statements directly in the transcript.,,
candidate_0311,data/nlp_research/signal_label_candidates.jsonl,310,multimodal_feature_report,neutral,0.35,,Transcript-first deterministic evidence remains canonical.,,
candidate_0312,data/nlp_research/signal_label_candidates.jsonl,311,multimodal_feature_report,neutral,0.6,,"Signals are review cues, not claims about hidden emotion, truthfulness, or diagnosis.",,
candidate_0313,data/nlp_research/signal_label_candidates.jsonl,312,multimodal_feature_report,neutral,0.35,,"Missing or unsupported modalities: audio, video.",,
candidate_0314,data/nlp_research/signal_label_candidates.jsonl,313,report,neutral,0.6,,| anger | 0.6667 | 1.0000 | 0.8000 | 2 |,,
candidate_0315,data/nlp_research/signal_label_candidates.jsonl,314,report,neutral,0.6,,| frustration | 0.0000 | 0.0000 | 0.0000 | 2 |,,
candidate_0316,data/nlp_research/signal_label_candidates.jsonl,315,report,neutral,0.6,,| confusion | 0.0000 | 0.0000 | 0.0000 | 2 |,,
candidate_0317,data/nlp_research/signal_label_candidates.jsonl,316,report,neutral,0.6,,| neutral | 0.3333 | 1.0000 | 0.5000 | 2 |,,
candidate_0318,data/nlp_research/signal_label_candidates.jsonl,317,report,neutral,0.6,,| urgency | 0.0000 | 0.0000 | 0.0000 | 2 |,,
candidate_0319,data/nlp_research/signal_label_candidates.jsonl,318,report,neutral,0.6,,| frustration | 1 | 0 | 0 | 0 | 1 | 0 | 0 |,,
candidate_0320,data/nlp_research/signal_label_candidates.jsonl,319,report,neutral,0.6,,| confusion | 0 | 0 | 0 | 0 | 1 | 0 | 1 |,,
candidate_0321,data/nlp_research/signal_label_candidates.jsonl,320,report,neutral,0.6,,| urgency | 0 | 0 | 0 | 0 | 2 | 0 | 0 |,,
candidate_0070,data/nlp_research/signal_label_candidates_review.csv,0,sample_sales,risk_friction,0.9,expensive; cost; seat cost; intercom; zendesk,"The seat cost feels expensive versus Zendesk, and the team is also comparing you to Intercom.",,candidate_0070
candidate_0071,data/nlp_research/signal_label_candidates_review.csv,1,sample_sales,risk_friction,0.9,expensive; cost; seat cost; zendesk,The seat cost feels expensive versus Zendesk,,candidate_0071
candidate_0222,data/nlp_research/signal_label_candidates_review.csv,2,sales_demo_output,risk_friction,0.9,expensive; cost; seat cost; zendesk,"The seat cost feels expensive versus Zendesk, and the team is also comparing yo...",,candidate_0222
candidate_0008,data/nlp_research/signal_label_candidates_review.csv,3,sample_emotion_cases,risk_friction,0.9,ridiculous; unacceptable; pricing,This pricing change is ridiculous and it feels unacceptable to spring it on us a day before signature.,,candidate_0008
candidate_0033,data/nlp_research/signal_label_candidates_review.csv,4,sales_calls_realistic,risk_friction,0.9,price; intercom; zendesk,"We're interested, but the enterprise price is higher than Zendesk and Intercom, and I still do not know what happens after the pilot.",,candidate_0033
candidate_0034,data/nlp_research/signal_label_candidates_review.csv,5,sales_calls_realistic,risk_friction,0.9,price; intercom; zendesk,but the enterprise price is higher than Zendesk and Intercom,,candidate_0034
candidate_0054,data/nlp_research/signal_label_candidates_review.csv,6,sample_account_management,risk_friction,0.9,renewal; still dealing with; unresolved,"Our renewal is in about 45 days, and we're still dealing with two unresolved onboarding issues from the launch.",,candidate_0054
candidate_0059,data/nlp_research/signal_label_candidates_review.csv,7,sample_account_management,risk_friction,0.9,cut seats; look at another vendor; renewal,"But if these issues stay open into renewal, we may cut seats, delay the renewal, or look at another vendor.",,candidate_0059
candidate_0061,data/nlp_research/signal_label_candidates_review.csv,8,sample_account_management,risk_friction,0.9,again; downgrade; switch,"Okay, but if this slips again finance will ask whether we should downgrade or switch.",,candidate_0061
candidate_0062,data/nlp_research/signal_label_candidates_review.csv,9,sample_account_management,risk_friction,0.9,again; downgrade; switch,but if this slips again finance will ask whether we should downgrade or switch.,,candidate_0062
candidate_0087,data/nlp_research/signal_label_candidates_review.csv,10,sample_support,risk_friction,0.9,escalate; manager; unresolved,"I need a real date, not a FAQ, and if this is still unresolved today I'll escalate it to your manager and dispute the charge.",,candidate_0087
candidate_0089,data/nlp_research/signal_label_candidates_review.csv,11,sample_support,risk_friction,0.9,escalate; manager; unresolved,and if this is still unresolved today I'll escalate it to your manager and dispute the charge.,,candidate_0089
candidate_0093,data/nlp_research/signal_label_candidates_review.csv,12,account_management_demo_output,risk_friction,0.9,cut seats; look at another vendor; renewal,"...tay open into renewal, we may cut seats, delay the renewal, or look at another vendor.",,candidate_0093
candidate_0096,data/nlp_research/signal_label_candidates_review.csv,13,account_management_demo_output,risk_friction,0.9,renewal; still dealing with; unresolved,"Our renewal is in about 45 days, and we're still dealing with two unresolved onboarding issues from t...",,candidate_0096
candidate_0098,data/nlp_research/signal_label_candidates_review.csv,14,account_management_demo_output,risk_friction,0.9,cut seats; look at another vendor; renewal,"...f these issues stay open into renewal, we may cut seats, delay the renewal, or look at another vendor.",,candidate_0098
candidate_0123,data/nlp_research/signal_label_candidates_review.csv,15,buyer_one_pager,risk_friction,0.9,concern; renewal; unresolved,"Account management: churn risk, renewal concern, unresolved issues, commitment clarity, expansion opportunity",,candidate_0123
candidate_0148,data/nlp_research/signal_label_candidates_review.csv,16,demo_report,risk_friction,0.9,escalate; manager; unresolved,"""...if this is still unresolved today I'll escalate it to your manager and dispute the charge.""",,candidate_0148
candidate_0152,data/nlp_research/signal_label_candidates_review.csv,17,demo_report,risk_friction,0.9,pricing; intercom; zendesk,"A prospect expresses interest in a pilot, raises pricing concerns, compares the product to Zendesk and Intercom, and signals procurement involvement if the next step goes well.",,candidate_0152
candidate_0153,data/nlp_research/signal_label_candidates_review.csv,18,demo_report,risk_friction,0.9,pricing; intercom; zendesk,"A prospect expresses interest in a pilot, raises pricing concerns, compares the product to Zendesk and Intercom",,candidate_0153
candidate_0165,data/nlp_research/signal_label_candidates_review.csv,19,demo_report,risk_friction,0.9,renewal; still dealing with; unresolved,"""Our renewal is in about 45 days, and we're still dealing with two unresolved onboarding issues...""",,candidate_0165
candidate_0167,data/nlp_research/signal_label_candidates_review.csv,20,demo_report,risk_friction,0.9,cut seats; look at another vendor; renewal,"""...we may cut seats, delay the renewal, or look at another vendor.""",,candidate_0167
candidate_0233,data/nlp_research/signal_label_candidates_review.csv,21,support_demo_output,risk_friction,0.9,escalate; manager; unresolved,...s still unresolved today I'll escalate it to your manager and dispute the charge.,,candidate_0233
candidate_0010,data/nlp_research/signal_label_candidates_review.csv,22,sample_emotion_cases,risk_friction,0.6,still waiting; waiting on,We're still waiting on the onboarding fix and nothing has changed since last week's review.,,candidate_0010
candidate_0017,data/nlp_research/signal_label_candidates_review.csv,23,sample_emotion_cases,risk_friction,0.6,legal; still open,"For reference, the current status is that procurement is scheduled for next Tuesday and the legal review is still open.",,candidate_0017
candidate_0021,data/nlp_research/signal_label_candidates_review.csv,24,sample_emotion_cases,risk_friction,0.6,worried; renewal,We're worried the migration might slip into quarter close and could impact the renewal if the issue remains open.,,candidate_0021
candidate_0026,data/nlp_research/signal_label_candidates_review.csv,25,account_management_realistic,risk_friction,0.6,renewal; unresolved,"Our renewal is 30 days out, two onboarding issues are still unresolved, and leadership is asking whether we should reduce seats if support does not stabilize.",,risk_account_reduce_seats_001
candidate_0027,data/nlp_research/signal_label_candidates_review.csv,26,account_management_realistic,risk_friction,0.6,renewal; unresolved,"Our renewal is 30 days out, two onboarding issues are still unresolved",,candidate_0027
candidate_0031,data/nlp_research/signal_label_candidates_review.csv,27,account_management_realistic,risk_friction,0.6,renewal; unresolved,"Realistic synthetic account-management conversation with renewal risk, unresolved issues, and conditional expansion upside.",,candidate_0031
candidate_0032,data/nlp_research/signal_label_candidates_review.csv,28,account_management_realistic,risk_friction,0.6,renewal; unresolved,"Realistic synthetic account-management conversation with renewal risk, unresolved issues",,candidate_0032
candidate_0040,data/nlp_research/signal_label_candidates_review.csv,29,sales_calls_realistic,risk_friction,0.6,pricing; competitor,"Realistic synthetic sales call with pricing objection, competitor pressure, and weak next-step clarity.",,candidate_0040
candidate_0041,data/nlp_research/signal_label_candidates_review.csv,30,sales_calls_realistic,risk_friction,0.6,pricing; competitor,"Realistic synthetic sales call with pricing objection, competitor pressure",,candidate_0041
candidate_0048,data/nlp_research/signal_label_candidates_review.csv,31,support_tickets_realistic,risk_friction,0.6,again; escalate,"The failed resolution has been open since Monday, the card ending 1111 was charged twice, and if this slips again we will escalate the dispute.",,candidate_0048
candidate_0050,data/nlp_research/signal_label_candidates_review.csv,32,support_tickets_realistic,risk_friction,0.6,again; escalate,and if this slips again we will escalate the dispute.,,candidate_0050
candidate_0056,data/nlp_research/signal_label_candidates_review.csv,33,sample_account_management,risk_friction,0.6,still dealing with; unresolved,and we're still dealing with two unresolved onboarding issues from the launch.,,candidate_0056
candidate_0063,data/nlp_research/signal_label_candidates_review.csv,34,sample_account_management,risk_friction,0.6,renewal; unresolved,"Tiny deterministic account-management example with renewal risk, unresolved issues, churn pressure, and expansion upside.",,candidate_0063
candidate_0064,data/nlp_research/signal_label_candidates_review.csv,35,sample_account_management,risk_friction,0.6,renewal; unresolved,"Tiny deterministic account-management example with renewal risk, unresolved issues, churn pressure",,candidate_0064
candidate_0069,data/nlp_research/signal_label_candidates_review.csv,36,sample_sales,risk_friction,0.6,concern; price,My main concern is price.,,candidate_0069
candidate_0078,data/nlp_research/signal_label_candidates_review.csv,37,sample_sales,risk_friction,0.6,pricing; competitor,"Tiny deterministic sales example with buyer intent, pricing pressure, competitor mentions, and a concrete next step.",,candidate_0078
candidate_0079,data/nlp_research/signal_label_candidates_review.csv,38,sample_sales,risk_friction,0.6,pricing; competitor,"Tiny deterministic sales example with buyer intent, pricing pressure, competitor mentions",,candidate_0079
candidate_0083,data/nlp_research/signal_label_candidates_review.csv,39,sample_support,risk_friction,0.6,another team; please refer to,"Refund timing sits with another team, so please refer to the billing FAQ for now while we look into it on our side.",,candidate_0083
candidate_0095,data/nlp_research/signal_label_candidates_review.csv,40,account_management_demo_output,risk_friction,0.6,downgrade; switch,...ce will ask whether we should downgrade or switch.,,candidate_0095
candidate_0097,data/nlp_research/signal_label_candidates_review.csv,41,account_management_demo_output,risk_friction,0.6,still dealing with; unresolved,and we're still dealing with two unresolved onboarding issues from t...,,candidate_0097
candidate_0099,data/nlp_research/signal_label_candidates_review.csv,42,account_management_demo_output,risk_friction,0.6,still dealing with; unresolved,"...s in about 45 days, and we're still dealing with two unresolved onboarding issues from the launch.",,candidate_0099
candidate_0122,data/nlp_research/signal_label_candidates_review.csv,43,buyer_one_pager,risk_friction,0.6,pricing; competitor,"Sales: buyer intent, objections, pricing pressure, competitor mentions, next-step clarity",,candidate_0122
candidate_0145,data/nlp_research/signal_label_candidates_review.csv,44,demo_report,risk_friction,0.6,another team; please refer to,"""Refund timing sits with another team, so please refer to the billing FAQ for now...""",,candidate_0145
candidate_0158,data/nlp_research/signal_label_candidates_review.csv,45,demo_report,risk_friction,0.6,manager; price,This would have saved a sales manager from manually skimming the call just to learn the deal is real but price-sensitive.,,candidate_0158
candidate_0159,data/nlp_research/signal_label_candidates_review.csv,46,demo_report,risk_friction,0.6,discount; competitor,"It focuses follow-up on discount strategy, competitor pressure, and whether the rep left the call with a concrete next step.",,candidate_0159
candidate_0160,data/nlp_research/signal_label_candidates_review.csv,47,demo_report,risk_friction,0.6,discount; competitor,"It focuses follow-up on discount strategy, competitor pressure",,candidate_0160
candidate_0162,data/nlp_research/signal_label_candidates_review.csv,48,demo_report,risk_friction,0.6,renewal; unresolved,"An existing customer is approaching renewal with unresolved onboarding issues, warns that seats may be cut or the vendor replaced, but also suggests possible expansion if stability improves.",,candidate_0162
candidate_0163,data/nlp_research/signal_label_candidates_review.csv,49,demo_report,risk_friction,0.6,renewal; unresolved,"An existing customer is approaching renewal with unresolved onboarding issues, warns that seats may be cut or the vendor replaced",,candidate_0163
candidate_0166,data/nlp_research/signal_label_candidates_review.csv,50,demo_report,risk_friction,0.6,still dealing with; unresolved,"and we're still dealing with two unresolved onboarding issues...""",,candidate_0166
candidate_0203,data/nlp_research/signal_label_candidates_review.csv,51,polished_examples,risk_friction,0.6,pricing; competitor,"A prospective buyer is interested in moving forward, but raises pricing pressure, compares the product to a competitor, and leaves the next step weaker than ideal.",,candidate_0203
candidate_0205,data/nlp_research/signal_label_candidates_review.csv,52,polished_examples,risk_friction,0.6,pricing; competitor,"but raises pricing pressure, compares the product to a competitor",,candidate_0205
candidate_0209,data/nlp_research/signal_label_candidates_review.csv,53,polished_examples,risk_friction,0.6,cost; seat cost,"""The seat cost still feels high for where we are.""",,candidate_0209
candidate_0212,data/nlp_research/signal_label_candidates_review.csv,54,polished_examples,risk_friction,0.6,pricing; competitor,"Tighten the next-step commitment, answer the pricing objection directly, and equip the rep with a concrete competitor comparison for the next review.",,candidate_0212
candidate_0221,data/nlp_research/signal_label_candidates_review.csv,55,sales_demo_output,risk_friction,0.6,budget; pricing,Buyer raised pricing or budget concerns.,,candidate_0221
candidate_0225,data/nlp_research/signal_label_candidates_review.csv,56,sales_demo_output,risk_friction,0.6,alternative; competitor,Competitor or alternative mention detected.,,candidate_0225
candidate_0252,data/nlp_research/signal_label_candidates_review.csv,57,pii_redacted_support_output,risk_friction,0.6,again; escalate,"...rged twice, and if this slips again we will escalate the dispute.",,candidate_0252
candidate_0253,data/nlp_research/signal_label_candidates_review.csv,58,pii_redacted_support_output,risk_friction,0.6,again; escalate,...d if this slips again we will escalate the dispute.,,candidate_0253
candidate_0298,data/nlp_research/signal_label_candidates_review.csv,59,multimodal_feature_report,risk_friction,0.6,escalate; unresolved,Escalate for human review if unresolved operational risk keeps increasing.,,candidate_0298
candidate_0007,data/nlp_research/signal_label_candidates_review.csv,60,sample_emotion_cases,risk_friction,0.6,again,I'm angry that your team charged the wrong card again and closed the ticket without notice.,,gold_candidate_risk_support_anger_seed_001
candidate_0009,data/nlp_research/signal_label_candidates_review.csv,61,sample_emotion_cases,risk_friction,0.6,frustrated,I'm frustrated because I keep reopening the same issue and there is still no update from billing.,,candidate_0009
candidate_0016,data/nlp_research/signal_label_candidates_review.csv,62,sample_emotion_cases,risk_friction,0.6,renewal,We appreciate the follow-through and that works for our renewal review.,,candidate_0016
candidate_0018,data/nlp_research/signal_label_candidates_review.csv,63,sample_emotion_cases,risk_friction,0.6,renewal,Sharing the update from finance: the meeting starts at 09:00 CET and the agenda is attached in the renewal folder.,,candidate_0018
candidate_0036,data/nlp_research/signal_label_candidates_review.csv,64,sales_calls_realistic,risk_friction,0.6,pricing,We can probably work something out on pricing and I can send more details later once I regroup with the team.,,candidate_0036
candidate_0039,data/nlp_research/signal_label_candidates_review.csv,65,sales_calls_realistic,risk_friction,0.6,discount,"and discount range, procurement will not move this week.",,candidate_0039
candidate_0042,data/nlp_research/signal_label_candidates_review.csv,66,support_tickets_realistic,risk_friction,0.6,frustrated,I'm frustrated that invoice 8842 still shows the wrong total and nobody has confirmed when the credit will post.,,candidate_0042
candidate_0055,data/nlp_research/signal_label_candidates_review.csv,67,sample_account_management,risk_friction,0.6,renewal,Our renewal is in about 45 days,,candidate_0055
candidate_0072,data/nlp_research/signal_label_candidates_review.csv,68,sample_sales,risk_friction,0.6,intercom,and the team is also comparing you to Intercom.,,candidate_0072
candidate_0077,data/nlp_research/signal_label_candidates_review.csv,69,sample_sales,risk_friction,0.6,discount,"If the discount works and security signs off, we can bring procurement in next week.",,candidate_0077
candidate_0081,data/nlp_research/signal_label_candidates_review.csv,70,sample_support,risk_friction,0.6,frustrated,"Hi, I'm honestly pretty frustrated.",,candidate_0081
candidate_0084,data/nlp_research/signal_label_candidates_review.csv,71,sample_support,risk_friction,0.6,another team,Refund timing sits with another team,,candidate_0084
candidate_0085,data/nlp_research/signal_label_candidates_review.csv,72,sample_support,risk_friction,0.6,please refer to,so please refer to the billing FAQ for now while we look into it on our side.,,candidate_0085
candidate_0090,data/nlp_research/signal_label_candidates_review.csv,73,sample_support,risk_friction,0.6,someone will reach out,We are still looking into it and someone will reach out later once billing has an update.,,candidate_0090
candidate_0091,data/nlp_research/signal_label_candidates_review.csv,74,sample_support,risk_friction,0.6,unresolved,"Tiny deterministic support escalation example with frustration, deflection, unresolved status, and escalation risk.",,candidate_0091
candidate_0092,data/nlp_research/signal_label_candidates_review.csv,75,sample_support,risk_friction,0.6,unresolved,"Tiny deterministic support escalation example with frustration, deflection, unresolved status",,candidate_0092
candidate_0101,data/nlp_research/signal_label_candidates_review.csv,76,account_management_demo_output,risk_friction,0.6,renewal,Customer sentiment skews negative alongside churn or renewal risk cues.,,candidate_0101
candidate_0142,data/nlp_research/signal_label_candidates_review.csv,77,demo_report,risk_friction,0.6,unresolved,"A customer follows up on an overdue refund tied to an open ticket, the agent deflects to billing and a FAQ, the issue remains unresolved, and the customer threatens escalation and a charge dispute.",,candidate_0142
candidate_0143,data/nlp_research/signal_label_candidates_review.csv,78,demo_report,risk_friction,0.6,unresolved,"A customer follows up on an overdue refund tied to an open ticket, the agent deflects to billing and a FAQ, the issue remains unresolved",,candidate_0143
candidate_0146,data/nlp_research/signal_label_candidates_review.csv,79,demo_report,risk_friction,0.6,please refer to,"so please refer to the billing FAQ for now...""",,candidate_0146
candidate_0149,data/nlp_research/signal_label_candidates_review.csv,80,demo_report,risk_friction,0.6,someone will reach out,"""We are still looking into it and someone will reach out later...""",,candidate_0149
candidate_0150,data/nlp_research/signal_label_candidates_review.csv,81,demo_report,risk_friction,0.6,supervisor,This would have flagged a likely escalation before a supervisor had to read the full thread.,,candidate_0150
candidate_0151,data/nlp_research/signal_label_candidates_review.csv,82,demo_report,risk_friction,0.6,unresolved,"For a support QA lead, it narrows review to a vague, deflective exchange with clear customer frustration and unresolved ownership.",,candidate_0151
candidate_0156,data/nlp_research/signal_label_candidates_review.csv,83,demo_report,risk_friction,0.6,intercom,"""...the team is also comparing you to Intercom.""",,candidate_0156
candidate_0180,data/nlp_research/signal_label_candidates_review.csv,84,demo_report,risk_friction,0.6,legal,not legal or compliance advice,,candidate_0180
candidate_0188,data/nlp_research/signal_label_candidates_review.csv,85,polished_examples,risk_friction,0.6,unresolved,detected review state: unresolved billing issue with escalation risk,,candidate_0188
candidate_0191,data/nlp_research/signal_label_candidates_review.csv,86,polished_examples,risk_friction,0.6,another team,"""Refund timing sits with another team, so I can't change it here.""",,candidate_0191
candidate_0193,data/nlp_research/signal_label_candidates_review.csv,87,polished_examples,risk_friction,0.6,still open,"""I've already asked twice and the problem is still open.""",,candidate_0193
candidate_0194,data/nlp_research/signal_label_candidates_review.csv,88,polished_examples,risk_friction,0.6,frustrated,"""I'm pretty frustrated at this point.""",,candidate_0194
candidate_0207,data/nlp_research/signal_label_candidates_review.csv,89,polished_examples,risk_friction,0.6,pricing,detected review state: active deal motion with pricing and competitive pressure,,candidate_0207
candidate_0210,data/nlp_research/signal_label_candidates_review.csv,90,polished_examples,risk_friction,0.6,intercom,"""We're also comparing this against Intercom.""",,candidate_0210
candidate_0213,data/nlp_research/signal_label_candidates_review.csv,91,polished_examples,risk_friction,0.6,pricing,"Tighten the next-step commitment, answer the pricing objection directly",,candidate_0213
candidate_0214,data/nlp_research/signal_label_candidates_review.csv,92,polished_examples,risk_friction,0.6,competitor,and equip the rep with a concrete competitor comparison for the next review.,,candidate_0214
candidate_0217,data/nlp_research/signal_label_candidates_review.csv,93,polished_examples,risk_friction,0.6,manager,"It helps a manager or buyer see what was detected, why it was detected, and what requires review next, without pretending to predict closed-won outcomes from the transcript alone.",,candidate_0217
candidate_0218,data/nlp_research/signal_label_candidates_review.csv,94,polished_examples,risk_friction,0.6,manager,"It helps a manager or buyer see what was detected, why it was detected",,candidate_0218
candidate_0224,data/nlp_research/signal_label_candidates_review.csv,95,sales_demo_output,risk_friction,0.6,intercom,...team is also comparing you to Intercom.,,candidate_0224
candidate_0231,data/nlp_research/signal_label_candidates_review.csv,96,support_demo_output,risk_friction,0.6,someone will reach out,...are still looking into it and someone will reach out later once billing has an update.,,candidate_0231
candidate_0251,data/nlp_research/signal_label_candidates_review.csv,97,pii_redacted_support_output,risk_friction,0.6,frustrated,I'm frustrated that invoice 8842 still shows the wrong total and nobody has confirmed when the credit wi...,,candidate_0251
candidate_0254,data/nlp_research/signal_label_candidates_review.csv,98,pii_redacted_support_output,risk_friction,0.6,still open,Customer prompt is still open without a clear resolution turn.,,candidate_0254
candidate_0259,data/nlp_research/signal_label_candidates_review.csv,99,report,risk_friction,0.6,concern,"`anger, frustration, confusion, satisfaction, neutral, concern, urgency`",,candidate_0259
candidate_0266,data/nlp_research/signal_label_candidates_review.csv,100,report,risk_friction,0.6,concern,| concern | 2 |,,candidate_0266
candidate_0274,data/nlp_research/signal_label_candidates_review.csv,101,report,risk_friction,0.6,concern,| concern | 1.0000 | 1.0000 | 1.0000 | 2 |,,candidate_0274
candidate_0276,data/nlp_research/signal_label_candidates_review.csv,102,report,risk_friction,0.6,concern,| true \ pred | anger | frustration | confusion | satisfaction | neutral | concern | urgency |,,candidate_0276
candidate_0282,data/nlp_research/signal_label_candidates_review.csv,103,report,risk_friction,0.6,concern,| concern | 0 | 0 | 0 | 0 | 0 | 2 | 0 |,,candidate_0282
candidate_0293,data/nlp_research/signal_label_candidates_review.csv,104,multimodal_feature_report,risk_friction,0.6,escalate,Matched deterministic transcript cues: escalate.,,candidate_0293
candidate_0297,data/nlp_research/signal_label_candidates_review.csv,105,multimodal_feature_report,risk_friction,0.6,escalate,"Matched deterministic transcript cues: escalate, dispute.",,candidate_0297
candidate_0073,data/nlp_research/signal_label_candidates_review.csv,106,sample_sales,opportunity_commitment,0.9,pilot; procurement; proposal; pilot plan; pricing options; send,"I can send a pilot plan, pricing options, and a proposal by Tuesday, and I can include the security packet for procurement.",,candidate_0073
candidate_0157,data/nlp_research/signal_label_candidates_review.csv,107,demo_report,opportunity_commitment,0.9,pilot; proposal; pilot plan; pricing options; send,"""I can send a pilot plan, pricing options, and a proposal by Tuesday...""",,candidate_0157
candidate_0228,data/nlp_research/signal_label_candidates_review.csv,108,sales_demo_output,opportunity_commitment,0.9,pilot; proposal; pilot plan; pricing options; send,"I can send a pilot plan, pricing options, and a proposal by Tuesday, and I can include the security packet for pr...",,candidate_0228
candidate_0029,data/nlp_research/signal_label_candidates_review.csv,109,account_management_realistic,opportunity_commitment,0.9,send; i own; recovery plan; renewal review,I own the recovery plan and will send named owners this afternoon with a renewal review for next Tuesday.,,candidate_0029
candidate_0057,data/nlp_research/signal_label_candidates_review.csv,110,sample_account_management,opportunity_commitment,0.9,send; action items; i own; recovery plan,I own the action items and will send a recovery plan by Friday with owners for each open item.,,candidate_0057
candidate_0074,data/nlp_research/signal_label_candidates_review.csv,111,sample_sales,opportunity_commitment,0.9,pilot; pilot plan; pricing options; send,"I can send a pilot plan, pricing options",,candidate_0074
candidate_0169,data/nlp_research/signal_label_candidates_review.csv,112,demo_report,opportunity_commitment,0.9,send; action items; i own; recovery plan,"""I own the action items and will send a recovery plan by Friday...""",,candidate_0169
candidate_0030,data/nlp_research/signal_label_candidates_review.csv,113,account_management_realistic,opportunity_commitment,0.9,fixed; expand; recovery plan,"If the recovery plan lands and the integrations are fixed, we may still expand analytics seats later this quarter.",,candidate_0030
candidate_0058,data/nlp_research/signal_label_candidates_review.csv,114,sample_account_management,opportunity_commitment,0.9,rollout; enterprise package; upgrade,"If the rollout stabilizes this quarter, we may add the support team and upgrade to the enterprise package.",,candidate_0058
candidate_0060,data/nlp_research/signal_label_candidates_review.csv,115,sample_account_management,opportunity_commitment,0.9,schedule; expansion; renewal review,I'll confirm owners today and schedule a renewal review next week so we can decide whether expansion is still realistic.,,candidate_0060
candidate_0106,data/nlp_research/signal_label_candidates_review.csv,116,account_management_demo_output,opportunity_commitment,0.9,schedule; expansion; renewal review,...m owners today and schedule a renewal review next week so we can decide whether expansion is still realistic.,,candidate_0106
candidate_0037,data/nlp_research/signal_label_candidates_review.csv,117,sales_calls_realistic,opportunity_commitment,0.6,procurement; next step,"Without a concrete next step, security packet, and discount range, procurement will not move this week.",,candidate_0037
candidate_0065,data/nlp_research/signal_label_candidates_review.csv,118,sample_sales,opportunity_commitment,0.6,pilot; rollout,"I can walk through the pilot scope, rollout plan, and how teams usually evaluate the workflow.",,candidate_0065
candidate_0066,data/nlp_research/signal_label_candidates_review.csv,119,sample_sales,opportunity_commitment,0.6,pilot; rollout,"I can walk through the pilot scope, rollout plan",,candidate_0066
candidate_0068,data/nlp_research/signal_label_candidates_review.csv,120,sample_sales,opportunity_commitment,0.6,pilot; security review,We're interested in a pilot next month if the security review goes well and the onboarding looks lighter than what we've seen before.,,candidate_0068
candidate_0102,data/nlp_research/signal_label_candidates_review.csv,121,account_management_demo_output,opportunity_commitment,0.6,enterprise package; upgrade,...pport team and upgrade to the enterprise package.,,candidate_0102
candidate_0103,data/nlp_research/signal_label_candidates_review.csv,122,account_management_demo_output,opportunity_commitment,0.6,expansion; upgrade,Expansion or upgrade language detected.,,candidate_0103
candidate_0154,data/nlp_research/signal_label_candidates_review.csv,123,demo_report,opportunity_commitment,0.6,procurement; next step,and signals procurement involvement if the next step goes well.,,candidate_0154
candidate_0155,data/nlp_research/signal_label_candidates_review.csv,124,demo_report,opportunity_commitment,0.6,pilot; security review,"""We're interested in a pilot next month if the security review goes well...""",,candidate_0155
candidate_0168,data/nlp_research/signal_label_candidates_review.csv,125,demo_report,opportunity_commitment,0.6,rollout; upgrade,"""If the rollout stabilizes this quarter, we may add the support team and upgrade...""",,candidate_0168
candidate_0226,data/nlp_research/signal_label_candidates_review.csv,126,sales_demo_output,opportunity_commitment,0.6,pilot; security review,We're interested in a pilot next month if the security review goes well and the onboarding looks lighter than what we...,,candidate_0226
candidate_0012,data/nlp_research/signal_label_candidates_review.csv,127,sample_emotion_cases,opportunity_commitment,0.6,implementation,Can you explain what this new implementation fee covers?,,candidate_0012
candidate_0015,data/nlp_research/signal_label_candidates_review.csv,128,sample_emotion_cases,opportunity_commitment,0.6,recovery plan,Thank you for the recovery plan.,,candidate_0015
candidate_0020,data/nlp_research/signal_label_candidates_review.csv,129,sample_emotion_cases,opportunity_commitment,0.6,send,Please send the update to [EMAIL] when you have it.,,candidate_0020
candidate_0022,data/nlp_research/signal_label_candidates_review.csv,130,sample_emotion_cases,opportunity_commitment,0.6,fixed,"We need this fixed today before the board call, so please respond right away at [PHONE].",,candidate_0022
candidate_0023,data/nlp_research/signal_label_candidates_review.csv,131,sample_emotion_cases,opportunity_commitment,0.6,fixed,We need this fixed today before the board call,,candidate_0023
candidate_0035,data/nlp_research/signal_label_candidates_review.csv,132,sales_calls_realistic,opportunity_commitment,0.6,pilot,and I still do not know what happens after the pilot.,,candidate_0035
candidate_0038,data/nlp_research/signal_label_candidates_review.csv,133,sales_calls_realistic,opportunity_commitment,0.6,next step,"Without a concrete next step, security packet",,candidate_0038
candidate_0043,data/nlp_research/signal_label_candidates_review.csv,134,support_tickets_realistic,opportunity_commitment,0.6,send,Please send the update to [EMAIL] or call [PHONE].,,candidate_0043
candidate_0075,data/nlp_research/signal_label_candidates_review.csv,135,sample_sales,opportunity_commitment,0.6,proposal,and a proposal by Tuesday,,candidate_0075
candidate_0076,data/nlp_research/signal_label_candidates_review.csv,136,sample_sales,opportunity_commitment,0.6,procurement,and I can include the security packet for procurement.,,candidate_0076
candidate_0080,data/nlp_research/signal_label_candidates_review.csv,137,sample_sales,opportunity_commitment,0.6,next step,and a concrete next step.,,candidate_0080
candidate_0104,data/nlp_research/signal_label_candidates_review.csv,138,account_management_demo_output,opportunity_commitment,0.6,expansion,...week so we can decide whether expansion is still realistic.,,candidate_0104
candidate_0109,data/nlp_research/signal_label_candidates_review.csv,139,account_management_demo_output,opportunity_commitment,0.6,offline,Optional offline speech-to-text when the input is audio rather than transcript text.,,candidate_0109
candidate_0127,data/nlp_research/signal_label_candidates_review.csv,140,buyer_one_pager,opportunity_commitment,0.6,pilot,teams can pilot quickly without adding black-box AI risk,,candidate_0127
candidate_0134,data/nlp_research/signal_label_candidates_review.csv,141,buyer_one_pager,opportunity_commitment,0.6,demo,"recruiters and hiring managers evaluating product judgment, deterministic NLP design, and demo readiness",,candidate_0134
candidate_0161,data/nlp_research/signal_label_candidates_review.csv,142,demo_report,opportunity_commitment,0.6,next step,and whether the rep left the call with a concrete next step.,,candidate_0161
candidate_0164,data/nlp_research/signal_label_candidates_review.csv,143,demo_report,opportunity_commitment,0.6,expansion,but also suggests possible expansion if stability improves.,,candidate_0164
candidate_0171,data/nlp_research/signal_label_candidates_review.csv,144,demo_report,opportunity_commitment,0.6,expansion,"A CS leader can quickly see that the account needs recovery execution now, but still has expansion value if the open issues are closed.",,candidate_0171
candidate_0173,data/nlp_research/signal_label_candidates_review.csv,145,demo_report,opportunity_commitment,0.6,expansion,but still has expansion value if the open issues are closed.,,candidate_0173
candidate_0177,data/nlp_research/signal_label_candidates_review.csv,146,demo_report,opportunity_commitment,0.6,demo,Demo JSON artifacts in this pack:,,candidate_0177
candidate_0206,data/nlp_research/signal_label_candidates_review.csv,147,polished_examples,opportunity_commitment,0.6,next step,and leaves the next step weaker than ideal.,,candidate_0206
candidate_0227,data/nlp_research/signal_label_candidates_review.csv,148,sales_demo_output,opportunity_commitment,0.6,procurement,"...urity signs off, we can bring procurement in next week.",,candidate_0227
candidate_0285,data/nlp_research/signal_label_candidates_review.csv,149,report,opportunity_commitment,0.6,expand,expand fixtures only after rubric review and privacy sign-off,,candidate_0285
candidate_0291,data/nlp_research/signal_label_candidates_review.csv,150,multimodal_feature_report,opportunity_commitment,0.6,send,"Matched deterministic transcript cues: send, we will.",,candidate_0291
candidate_0044,data/nlp_research/signal_label_candidates_review.csv,151,support_tickets_realistic,uncertainty_hedging,0.6,for now,"Billing is still reviewing it, so please check the help center article for now while we wait for their response.",,candidate_0044
candidate_0046,data/nlp_research/signal_label_candidates_review.csv,152,support_tickets_realistic,uncertainty_hedging,0.6,for now,so please check the help center article for now while we wait for their response.,,candidate_0046
candidate_0246,data/nlp_research/signal_label_candidates_review.csv,153,demo_index,uncertainty_hedging,0.6,could,Optional transformer benchmark not run because dependency/model cache availability could not be confirmed quickly without risking a slow demo pass.,,candidate_0246
candidate_0288,data/nlp_research/signal_label_candidates_review.csv,154,multimodal_feature_report,uncertainty_hedging,0.6,for now,Matched deterministic transcript cues: for now.,,candidate_0288
candidate_0306,data/nlp_research/signal_label_candidates_review.csv,155,multimodal_feature_report,uncertainty_hedging,0.6,cautious,Review cautious or ambiguous language before making a directional judgment.,,candidate_0306
candidate_0001,data/nlp_research/signal_label_candidates_review.csv,156,emotion_benchmark_manifest,neutral,0.6,,Signal Engine 2.0 handcrafted text emotion benchmark fixture,,candidate_0001
candidate_0002,data/nlp_research/signal_label_candidates_review.csv,157,emotion_benchmark_manifest,neutral,0.6,,Contains synthetic placeholder contact details for redaction validation only.,,candidate_0002
candidate_0003,data/nlp_research/signal_label_candidates_review.csv,158,emotion_benchmark_manifest,neutral,0.6,,"Lightweight harness validation for deterministic text emotion benchmarking in support, sales, and account-management workflows.",,candidate_0003
candidate_0004,data/nlp_research/signal_label_candidates_review.csv,159,emotion_benchmark_manifest,neutral,0.6,,"Lightweight harness validation for deterministic text emotion benchmarking in support, sales",,candidate_0004
candidate_0005,data/nlp_research/signal_label_candidates_review.csv,160,emotion_benchmark_manifest,neutral,0.35,,Not a production benchmark or domain proof.,,candidate_0005
candidate_0006,data/nlp_research/signal_label_candidates_review.csv,161,emotion_benchmark_manifest,neutral,0.6,,Includes synthetic placeholder PII patterns solely to exercise redaction behavior.,,candidate_0006
candidate_0011,data/nlp_research/signal_label_candidates_review.csv,162,sample_emotion_cases,neutral,0.6,,I'm confused about which invoice version is final because the portal and the email summary do not match.,,candidate_0011
candidate_0013,data/nlp_research/signal_label_candidates_review.csv,163,sample_emotion_cases,neutral,0.6,,I don't understand the difference between the two quotes.,,candidate_0013
candidate_0014,data/nlp_research/signal_label_candidates_review.csv,164,sample_emotion_cases,neutral,0.6,,"Thanks, the replacement order arrived this morning and I'm happy with how quickly your team solved it.",,candidate_0014
candidate_0019,data/nlp_research/signal_label_candidates_review.csv,165,sample_emotion_cases,neutral,0.6,,I'm concerned the rollback plan still hasn't been confirmed.,,candidate_0019
candidate_0024,data/nlp_research/signal_label_candidates_review.csv,166,sample_emotion_cases,neutral,0.35,,so please respond right away at [PHONE].,,candidate_0024
candidate_0025,data/nlp_research/signal_label_candidates_review.csv,167,sample_emotion_cases,neutral,0.6,,We need the revised order form by end of day because the customer deadline is before launch tomorrow.,,candidate_0025
candidate_0028,data/nlp_research/signal_label_candidates_review.csv,168,account_management_realistic,neutral,0.6,,and leadership is asking whether we should reduce seats if support does not stabilize.,,candidate_0028
candidate_0045,data/nlp_research/signal_label_candidates_review.csv,169,support_tickets_realistic,neutral,0.35,,Billing is still reviewing it,,candidate_0045
candidate_0047,data/nlp_research/signal_label_candidates_review.csv,170,support_tickets_realistic,neutral,0.35,,That does not solve it.,,candidate_0047
candidate_0049,data/nlp_research/signal_label_candidates_review.csv,171,support_tickets_realistic,neutral,0.6,,"The failed resolution has been open since Monday, the card ending 1111 was charged twice",,candidate_0049
candidate_0051,data/nlp_research/signal_label_candidates_review.csv,172,support_tickets_realistic,neutral,0.6,,"Realistic synthetic support ticket conversation with billing frustration, failed resolution, and synthetic PII for redaction validation.",,candidate_0051
candidate_0052,data/nlp_research/signal_label_candidates_review.csv,173,support_tickets_realistic,neutral,0.6,,"Realistic synthetic support ticket conversation with billing frustration, failed resolution",,candidate_0052
candidate_0053,data/nlp_research/signal_label_candidates_review.csv,174,support_tickets_realistic,neutral,0.35,,and synthetic PII for redaction validation.,,candidate_0053
candidate_0067,data/nlp_research/signal_label_candidates_review.csv,175,sample_sales,neutral,0.35,,and how teams usually evaluate the workflow.,,candidate_0067
candidate_0082,data/nlp_research/signal_label_candidates_review.csv,176,sample_support,neutral,0.6,,Ticket 78421 has been open for 11 days and the refund still hasn't posted to our card.,,candidate_0082
candidate_0086,data/nlp_research/signal_label_candidates_review.csv,177,sample_support,neutral,0.35,,That still doesn't answer the question.,,candidate_0086
candidate_0088,data/nlp_research/signal_label_candidates_review.csv,178,sample_support,neutral,0.6,,"I need a real date, not a FAQ",,candidate_0088
candidate_0094,data/nlp_research/signal_label_candidates_review.csv,179,account_management_demo_output,neutral,0.6,,Customer language indicates possible churn or seat reduction risk.,,candidate_0094
candidate_0100,data/nlp_research/signal_label_candidates_review.csv,180,account_management_demo_output,neutral,0.35,,...s in about 45 days,,candidate_0100
candidate_0105,data/nlp_research/signal_label_candidates_review.csv,181,account_management_demo_output,neutral,0.35,,Account team commitment language detected.,,candidate_0105
candidate_0107,data/nlp_research/signal_label_candidates_review.csv,182,account_management_demo_output,neutral,0.35,,domain-specific lexicon and role rules,,candidate_0107
candidate_0108,data/nlp_research/signal_label_candidates_review.csv,183,account_management_demo_output,neutral,0.35,,optional retrieval and long-context review,,candidate_0108
candidate_0110,data/nlp_research/signal_label_candidates_review.csv,184,account_management_demo_output,neutral,0.6,,Optional speaker separation before role mapping and per-speaker turn analysis.,,candidate_0110
candidate_0111,data/nlp_research/signal_label_candidates_review.csv,185,account_management_demo_output,neutral,0.6,,Optional prosody and pause features for later review workflows.,,candidate_0111
candidate_0112,data/nlp_research/signal_label_candidates_review.csv,186,account_management_demo_output,neutral,0.6,,"Optional keyframe extraction for multimodal investigations, not canonical scoring.",,candidate_0112
candidate_0113,data/nlp_research/signal_label_candidates_review.csv,187,buyer_one_pager,neutral,0.6,,"Teams already have transcripts, QA notes, CRM exports, and call recordings, but managers still lose time manually skimming conversations to find risk, coaching moments, and missed follow-up.",,candidate_0113
candidate_0114,data/nlp_research/signal_label_candidates_review.csv,188,buyer_one_pager,neutral,0.6,,"Teams already have transcripts, QA notes, CRM exports",,candidate_0114
candidate_0115,data/nlp_research/signal_label_candidates_review.csv,189,buyer_one_pager,neutral,0.6,,"but managers still lose time manually skimming conversations to find risk, coaching moments",,candidate_0115
candidate_0116,data/nlp_research/signal_label_candidates_review.csv,190,buyer_one_pager,neutral,0.6,,"Signal Engine 2.0 runs deterministic, transcript-first analysis across support, sales, and account-management conversations.",,candidate_0116
candidate_0117,data/nlp_research/signal_label_candidates_review.csv,191,buyer_one_pager,neutral,0.6,,"Signal Engine 2.0 runs deterministic, transcript-first analysis across support, sales",,candidate_0117
candidate_0118,data/nlp_research/signal_label_candidates_review.csv,192,buyer_one_pager,neutral,0.6,,"It surfaces concrete signals, evidence snippets, and plain-English review stories without depending on LLMs or external APIs.",,candidate_0118
candidate_0119,data/nlp_research/signal_label_candidates_review.csv,193,buyer_one_pager,neutral,0.35,,"It surfaces concrete signals, evidence snippets",,candidate_0119
candidate_0120,data/nlp_research/signal_label_candidates_review.csv,194,buyer_one_pager,neutral,0.6,,and plain-English review stories without depending on LLMs or external APIs.,,candidate_0120
candidate_0121,data/nlp_research/signal_label_candidates_review.csv,195,buyer_one_pager,neutral,0.6,,"Support: deflection, low directness, frustration, escalation risk, resolution clarity",,candidate_0121
candidate_0124,data/nlp_research/signal_label_candidates_review.csv,196,buyer_one_pager,neutral,0.6,,every signal is tied to visible lexical rules and transcript evidence,,candidate_0124
candidate_0125,data/nlp_research/signal_label_candidates_review.csv,197,buyer_one_pager,neutral,0.35,,outputs are repeatable across runs,,candidate_0125
candidate_0126,data/nlp_research/signal_label_candidates_review.csv,198,buyer_one_pager,neutral,0.6,,reviewers can audit why a call was flagged,,candidate_0126
candidate_0128,data/nlp_research/signal_label_candidates_review.csv,199,buyer_one_pager,neutral,0.35,,run on 50–500 historical conversations,,candidate_0128
candidate_0129,data/nlp_research/signal_label_candidates_review.csv,200,buyer_one_pager,neutral,0.35,,accept CSV or JSON export,,candidate_0129
candidate_0130,data/nlp_research/signal_label_candidates_review.csv,201,buyer_one_pager,neutral,0.35,,deliver a deterministic risk and signal report,,candidate_0130
candidate_0131,data/nlp_research/signal_label_candidates_review.csv,202,buyer_one_pager,neutral,0.6,,support QA leads who need faster review focus,,candidate_0131
candidate_0132,data/nlp_research/signal_label_candidates_review.csv,203,buyer_one_pager,neutral,0.6,,sales managers who want fast deal-risk readouts from call transcripts,,candidate_0132
candidate_0133,data/nlp_research/signal_label_candidates_review.csv,204,buyer_one_pager,neutral,0.6,,customer success and account-management leaders watching renewals and expansions,,candidate_0133
candidate_0135,data/nlp_research/signal_label_candidates_review.csv,205,buyer_one_pager,neutral,0.6,,"recruiters and hiring managers evaluating product judgment, deterministic NLP design",,candidate_0135
candidate_0136,data/nlp_research/signal_label_candidates_review.csv,206,demo_report,neutral,0.6,,"deterministic conversation intelligence across support, sales, and account management",,candidate_0136
candidate_0137,data/nlp_research/signal_label_candidates_review.csv,207,demo_report,neutral,0.35,,"deterministic conversation intelligence across support, sales",,candidate_0137
candidate_0138,data/nlp_research/signal_label_candidates_review.csv,208,demo_report,neutral,0.35,,transcript-first analysis with evidence-backed signals,,candidate_0138
candidate_0139,data/nlp_research/signal_label_candidates_review.csv,209,demo_report,neutral,0.6,,plain-English review outputs that stay grounded in specific turns,,candidate_0139
candidate_0140,data/nlp_research/signal_label_candidates_review.csv,210,demo_report,neutral,0.6,,"no LLM dependency, no external API dependency, and no UI dependency",,candidate_0140
candidate_0141,data/nlp_research/signal_label_candidates_review.csv,211,demo_report,neutral,0.35,,"no LLM dependency, no external API dependency",,candidate_0141
candidate_0144,data/nlp_research/signal_label_candidates_review.csv,212,demo_report,neutral,0.6,,and the customer threatens escalation and a charge dispute.,,candidate_0144
candidate_0147,data/nlp_research/signal_label_candidates_review.csv,213,demo_report,neutral,0.35,,"I need a real date...""",,candidate_0147
candidate_0170,data/nlp_research/signal_label_candidates_review.csv,214,demo_report,neutral,0.6,,This would have improved customer-success review focus by showing both downside risk and upside potential in the same call.,,candidate_0170
candidate_0172,data/nlp_research/signal_label_candidates_review.csv,215,demo_report,neutral,0.6,,A CS leader can quickly see that the account needs recovery execution now,,candidate_0172
candidate_0174,data/nlp_research/signal_label_candidates_review.csv,216,demo_report,neutral,0.35,,python scripts/signal_engine_analyze.py --domain support data/signal_engine_2_0/sample_support.json,,candidate_0174
candidate_0175,data/nlp_research/signal_label_candidates_review.csv,217,demo_report,neutral,0.35,,python scripts/signal_engine_analyze.py --domain sales data/signal_engine_2_0/sample_sales.json,,candidate_0175
candidate_0176,data/nlp_research/signal_label_candidates_review.csv,218,demo_report,neutral,0.35,,python scripts/signal_engine_analyze.py --domain account_management data/signal_engine_2_0/sample_account_management.json,,candidate_0176
candidate_0178,data/nlp_research/signal_label_candidates_review.csv,219,demo_report,neutral,0.35,,not a black-box AI score,,candidate_0178
candidate_0179,data/nlp_research/signal_label_candidates_review.csv,220,demo_report,neutral,0.35,,not a replacement for managers,,candidate_0179
candidate_0181,data/nlp_research/signal_label_candidates_review.csv,221,polished_examples,neutral,0.6,,"These examples are recruiter-, buyer-, and reviewer-facing summaries of deterministic Signal Engine 2.0 outputs.",,candidate_0181
candidate_0182,data/nlp_research/signal_label_candidates_review.csv,222,polished_examples,neutral,0.35,,"These examples are recruiter-, buyer-",,candidate_0182
candidate_0183,data/nlp_research/signal_label_candidates_review.csv,223,polished_examples,neutral,0.6,,and reviewer-facing summaries of deterministic Signal Engine 2.0 outputs.,,candidate_0183
candidate_0184,data/nlp_research/signal_label_candidates_review.csv,224,polished_examples,neutral,0.6,,"They are meant to show how the system surfaces structured, evidence-backed signals from messy transcripts without claiming hidden intent certainty, truth detection, or black-box emotional truth.",,candidate_0184
candidate_0185,data/nlp_research/signal_label_candidates_review.csv,225,polished_examples,neutral,0.6,,"A customer contacts support about a billing error, says the issue has already been raised twice, and shares synthetic contact details so the case can be traced.",,candidate_0185
candidate_0186,data/nlp_research/signal_label_candidates_review.csv,226,polished_examples,neutral,0.6,,"A customer contacts support about a billing error, says the issue has already been raised twice",,candidate_0186
candidate_0187,data/nlp_research/signal_label_candidates_review.csv,227,polished_examples,neutral,0.6,,and shares synthetic contact details so the case can be traced.,,candidate_0187
candidate_0189,data/nlp_research/signal_label_candidates_review.csv,228,polished_examples,neutral,0.6,,"output style: deterministic flags, evidence snippets, and redaction-aware metadata",,candidate_0189
candidate_0190,data/nlp_research/signal_label_candidates_review.csv,229,polished_examples,neutral,0.35,,"output style: deterministic flags, evidence snippets",,candidate_0190
candidate_0192,data/nlp_research/signal_label_candidates_review.csv,230,polished_examples,neutral,0.35,,"so I can't change it here.""",,candidate_0192
candidate_0195,data/nlp_research/signal_label_candidates_review.csv,231,polished_examples,neutral,0.6,,"Route to a human reviewer or team lead, confirm billing ownership, and provide a concrete resolution or timeline instead of another handoff.",,candidate_0195
candidate_0196,data/nlp_research/signal_label_candidates_review.csv,232,polished_examples,neutral,0.6,,"Route to a human reviewer or team lead, confirm billing ownership",,candidate_0196
candidate_0197,data/nlp_research/signal_label_candidates_review.csv,233,polished_examples,neutral,0.6,,and provide a concrete resolution or timeline instead of another handoff.,,candidate_0197
candidate_0198,data/nlp_research/signal_label_candidates_review.csv,234,polished_examples,neutral,0.6,,"When `--redact-pii` is enabled, synthetic email and phone details are replaced before analysis and only hash-based redaction records are retained in metadata.",,candidate_0198
candidate_0199,data/nlp_research/signal_label_candidates_review.csv,235,polished_examples,neutral,0.35,,Why the output is useful:,,candidate_0199
candidate_0200,data/nlp_research/signal_label_candidates_review.csv,236,polished_examples,neutral,0.6,,"It gives a reviewer a compact, auditable explanation of why the conversation suggests service risk, without relying on a broad summary or unsupported certainty claims.",,candidate_0200
candidate_0201,data/nlp_research/signal_label_candidates_review.csv,237,polished_examples,neutral,0.6,,"It gives a reviewer a compact, auditable explanation of why the conversation suggests service risk",,candidate_0201
candidate_0202,data/nlp_research/signal_label_candidates_review.csv,238,polished_examples,neutral,0.6,,without relying on a broad summary or unsupported certainty claims.,,candidate_0202
candidate_0204,data/nlp_research/signal_label_candidates_review.csv,239,polished_examples,neutral,0.6,,A prospective buyer is interested in moving forward,,candidate_0204
candidate_0208,data/nlp_research/signal_label_candidates_review.csv,240,polished_examples,neutral,0.6,,output style: deterministic opportunity/risk flags with transcript evidence,,candidate_0208
candidate_0211,data/nlp_research/signal_label_candidates_review.csv,241,polished_examples,neutral,0.35,,"""Let's try to regroup sometime next week.""",,candidate_0211
candidate_0215,data/nlp_research/signal_label_candidates_review.csv,242,polished_examples,neutral,0.6,,No raw PII should be exposed in polished output examples,,candidate_0215
candidate_0216,data/nlp_research/signal_label_candidates_review.csv,243,polished_examples,neutral,0.6,,examples here use role-level context and short evidence snippets only.,,candidate_0216
candidate_0219,data/nlp_research/signal_label_candidates_review.csv,244,polished_examples,neutral,0.35,,and what requires review next,,candidate_0219
candidate_0220,data/nlp_research/signal_label_candidates_review.csv,245,polished_examples,neutral,0.6,,without pretending to predict closed-won outcomes from the transcript alone.,,candidate_0220
candidate_0223,data/nlp_research/signal_label_candidates_review.csv,246,sales_demo_output,neutral,0.35,,and the team is also comparing yo...,,candidate_0223
candidate_0229,data/nlp_research/signal_label_candidates_review.csv,247,sales_demo_output,neutral,0.6,,and I can include the security packet for pr...,,candidate_0229
candidate_0230,data/nlp_research/signal_label_candidates_review.csv,248,support_demo_output,neutral,0.6,,Low lexical overlap and few direct-answer cues in the response.,,candidate_0230
candidate_0232,data/nlp_research/signal_label_candidates_review.csv,249,support_demo_output,neutral,0.6,,Response uses a deflection phrase instead of resolving the prompt.,,candidate_0232
candidate_0234,data/nlp_research/signal_label_candidates_review.csv,250,support_demo_output,neutral,0.35,,Escalation language detected in the support exchange.,,candidate_0234
candidate_0235,data/nlp_research/signal_label_candidates_review.csv,251,demo_index,neutral,0.35,,`/Users/keith/.pyenv/versions/3.11.3/bin/python scripts/signal_engine_analyze.py --domain support data/signal_engine_2_0/sample_support.json`,,candidate_0235
candidate_0236,data/nlp_research/signal_label_candidates_review.csv,252,demo_index,neutral,0.35,,`/Users/keith/.pyenv/versions/3.11.3/bin/python scripts/signal_engine_analyze.py --domain sales data/signal_engine_2_0/sample_sales.json`,,candidate_0236
candidate_0237,data/nlp_research/signal_label_candidates_review.csv,253,demo_index,neutral,0.35,,`/Users/keith/.pyenv/versions/3.11.3/bin/python scripts/signal_engine_analyze.py --domain account_management data/signal_engine_2_0/sample_account_management.json`,,candidate_0237
candidate_0238,data/nlp_research/signal_label_candidates_review.csv,254,demo_index,neutral,0.35,,`/Users/keith/.pyenv/versions/3.11.3/bin/python scripts/signal_engine_analyze.py --domain support --redact-pii data/signal_engine_2_0/fixtures/support_tickets_realistic.jsonl`,,candidate_0238
candidate_0239,data/nlp_research/signal_label_candidates_review.csv,255,demo_index,neutral,0.6,,`/Users/keith/.pyenv/versions/3.11.3/bin/python scripts/run_text_emotion_benchmark.py --input data/signal_engine_2_0/emotion_benchmark/sample_emotion_cases.jsonl --manifest data/signal_engine_2_0/dataset_manifests/emotion_benchmark_manifest.json --mode deterministic --redact-pii --out-dir outputs/signal_engine_2_0/final_demo/text_emotion_benchmark`,,candidate_0239
candidate_0240,data/nlp_research/signal_label_candidates_review.csv,256,demo_index,neutral,0.6,,`/Users/keith/.pyenv/versions/3.11.3/bin/python scripts/run_text_emotion_benchmark.py --input data/signal_engine_2_0/emotion_benchmark/sample_emotion_cases.jsonl --manifest data/signal_engine_2_0/dataset_manifests/emotion_benchmark_manifest.json --mode transformers --model-id j-hartmann/emotion-english-distilroberta-base --out-dir /Users/keith/Documents/New project/earnings-call-signal-engine-support-qa/outputs/signal_engine_2_0/text_emotion_transformer_optional`,,candidate_0240
candidate_0241,data/nlp_research/signal_label_candidates_review.csv,257,demo_index,neutral,0.35,,"support: `support_low_directness, support_deflection, support_frustration, support_escalation_risk`",,candidate_0241
candidate_0242,data/nlp_research/signal_label_candidates_review.csv,258,demo_index,neutral,0.35,,"sales: `sales_pricing_risk, sales_objection_pressure, sales_competitor_pressure, sales_buyer_intent, sales_next_step_defined`",,candidate_0242
candidate_0243,data/nlp_research/signal_label_candidates_review.csv,259,demo_index,neutral,0.6,,"account management: `account_churn_risk, account_renewal_risk, account_unresolved_issues, account_negative_sentiment, account_expansion_opportunity, account_commitment_defined`",,candidate_0243
candidate_0244,data/nlp_research/signal_label_candidates_review.csv,260,demo_index,neutral,0.6,,"redaction summary: `{""enabled"": true, ""summary"": {""by_type"": {""email"": 1, ""phone"": 1}, ""total_redactions"": 2, ""unique_hashes"": 2}}`",,candidate_0244
candidate_0245,data/nlp_research/signal_label_candidates_review.csv,261,demo_index,neutral,0.6,,"warning: tiny handcrafted fixture, useful for harness validation only",,candidate_0245
candidate_0247,data/nlp_research/signal_label_candidates_review.csv,262,demo_index,neutral,0.35,,deterministic transcript outputs remain canonical,,candidate_0247
candidate_0248,data/nlp_research/signal_label_candidates_review.csv,263,demo_index,neutral,0.35,,benchmark fixture is tiny and handcrafted,,candidate_0248
candidate_0249,data/nlp_research/signal_label_candidates_review.csv,264,demo_index,neutral,0.6,,no truth-detection or black-box emotion score is treated as product truth,,candidate_0249
candidate_0250,data/nlp_research/signal_label_candidates_review.csv,265,pii_redacted_support_output,neutral,0.6,,Prompt did not receive a matching response turn.,,candidate_0250
candidate_0255,data/nlp_research/signal_label_candidates_review.csv,266,report,neutral,0.6,,name: Signal Engine 2.0 handcrafted text emotion benchmark fixture,,candidate_0255
candidate_0256,data/nlp_research/signal_label_candidates_review.csv,267,report,neutral,0.6,,pii_status: Contains synthetic placeholder contact details for redaction validation only.,,candidate_0256
candidate_0257,data/nlp_research/signal_label_candidates_review.csv,268,report,neutral,0.35,,| path | size_bytes | record_count |,,candidate_0257
candidate_0258,data/nlp_research/signal_label_candidates_review.csv,269,report,neutral,0.6,,| `/Users/keith/Documents/New project/earnings-call-signal-engine-support-qa/data/signal_engine_2_0/emotion_benchmark/sample_emotion_cases.jsonl` | 4132 | 14 |,,candidate_0258
candidate_0260,data/nlp_research/signal_label_candidates_review.csv,270,report,neutral,0.35,,| label | support |,,candidate_0260
candidate_0261,data/nlp_research/signal_label_candidates_review.csv,271,report,neutral,0.35,,| anger | 2 |,,candidate_0261
candidate_0262,data/nlp_research/signal_label_candidates_review.csv,272,report,neutral,0.35,,| frustration | 2 |,,candidate_0262
candidate_0263,data/nlp_research/signal_label_candidates_review.csv,273,report,neutral,0.35,,| confusion | 2 |,,candidate_0263
candidate_0264,data/nlp_research/signal_label_candidates_review.csv,274,report,neutral,0.35,,| satisfaction | 2 |,,candidate_0264
candidate_0265,data/nlp_research/signal_label_candidates_review.csv,275,report,neutral,0.35,,| neutral | 2 |,,candidate_0265
candidate_0267,data/nlp_research/signal_label_candidates_review.csv,276,report,neutral,0.35,,| urgency | 2 |,,candidate_0267
candidate_0268,data/nlp_research/signal_label_candidates_review.csv,277,report,neutral,0.6,,| label | precision | recall | f1 | support |,,candidate_0268
candidate_0269,data/nlp_research/signal_label_candidates_review.csv,278,report,neutral,0.6,,| anger | 1.0000 | 1.0000 | 1.0000 | 2 |,,candidate_0269
candidate_0270,data/nlp_research/signal_label_candidates_review.csv,279,report,neutral,0.6,,| frustration | 1.0000 | 1.0000 | 1.0000 | 2 |,,candidate_0270
candidate_0271,data/nlp_research/signal_label_candidates_review.csv,280,report,neutral,0.6,,| confusion | 1.0000 | 1.0000 | 1.0000 | 2 |,,candidate_0271
candidate_0272,data/nlp_research/signal_label_candidates_review.csv,281,report,neutral,0.6,,| satisfaction | 1.0000 | 1.0000 | 1.0000 | 2 |,,candidate_0272
candidate_0273,data/nlp_research/signal_label_candidates_review.csv,282,report,neutral,0.6,,| neutral | 1.0000 | 1.0000 | 1.0000 | 2 |,,candidate_0273
candidate_0275,data/nlp_research/signal_label_candidates_review.csv,283,report,neutral,0.6,,| urgency | 1.0000 | 1.0000 | 1.0000 | 2 |,,candidate_0275
candidate_0277,data/nlp_research/signal_label_candidates_review.csv,284,report,neutral,0.6,,| anger | 2 | 0 | 0 | 0 | 0 | 0 | 0 |,,candidate_0277
candidate_0278,data/nlp_research/signal_label_candidates_review.csv,285,report,neutral,0.6,,| frustration | 0 | 2 | 0 | 0 | 0 | 0 | 0 |,,candidate_0278
candidate_0279,data/nlp_research/signal_label_candidates_review.csv,286,report,neutral,0.6,,| confusion | 0 | 0 | 2 | 0 | 0 | 0 | 0 |,,candidate_0279
candidate_0280,data/nlp_research/signal_label_candidates_review.csv,287,report,neutral,0.6,,| satisfaction | 0 | 0 | 0 | 2 | 0 | 0 | 0 |,,candidate_0280
candidate_0281,data/nlp_research/signal_label_candidates_review.csv,288,report,neutral,0.6,,| neutral | 0 | 0 | 0 | 0 | 2 | 0 | 0 |,,candidate_0281
candidate_0283,data/nlp_research/signal_label_candidates_review.csv,289,report,neutral,0.6,,| urgency | 0 | 0 | 0 | 0 | 0 | 0 | 2 |,,candidate_0283
candidate_0284,data/nlp_research/signal_label_candidates_review.csv,290,report,neutral,0.35,,"by_type: `{""email"": 1, ""phone"": 1}`",,candidate_0284
candidate_0286,data/nlp_research/signal_label_candidates_review.csv,291,report,neutral,0.6,,compare deterministic results against optional local transformer baselines,,candidate_0286
candidate_0287,data/nlp_research/signal_label_candidates_review.csv,292,report,neutral,0.6,,keep transcript-first deterministic analysis canonical while audio/video remain adapter-ready roadmap,,candidate_0287
candidate_0289,data/nlp_research/signal_label_candidates_review.csv,293,multimodal_feature_report,neutral,0.6,,"Review hedged language against concrete dates, owners, and commitments.",,candidate_0289
candidate_0290,data/nlp_research/signal_label_candidates_review.csv,294,multimodal_feature_report,neutral,0.35,,"Review hedged language against concrete dates, owners",,candidate_0290
candidate_0292,data/nlp_research/signal_label_candidates_review.csv,295,multimodal_feature_report,neutral,0.6,,Verify that reassurance is backed by a concrete plan rather than a generic promise.,,candidate_0292
candidate_0294,data/nlp_research/signal_label_candidates_review.csv,296,multimodal_feature_report,neutral,0.6,,"Review the objection, pressure, or analyst challenge before deciding severity.",,candidate_0294
candidate_0295,data/nlp_research/signal_label_candidates_review.csv,297,multimodal_feature_report,neutral,0.6,,"Matched deterministic transcript cues: still, does not solve.",,candidate_0295
candidate_0296,data/nlp_research/signal_label_candidates_review.csv,298,multimodal_feature_report,neutral,0.6,,Compare the surrounding turns to see whether the speaker is walking back a prior statement.,,candidate_0296
candidate_0299,data/nlp_research/signal_label_candidates_review.csv,299,multimodal_feature_report,neutral,0.6,,"Signals are review cues, not claims about internal state.",,candidate_0299
candidate_0300,data/nlp_research/signal_label_candidates_review.csv,300,multimodal_feature_report,neutral,0.35,,audio and video are optional support only.,,candidate_0300
candidate_0301,data/nlp_research/signal_label_candidates_review.csv,301,multimodal_feature_report,neutral,0.35,,No audio file was provided.,,candidate_0301
candidate_0302,data/nlp_research/signal_label_candidates_review.csv,302,multimodal_feature_report,neutral,0.6,,Audio cues are optional support only and never canonical truth.,,candidate_0302
candidate_0303,data/nlp_research/signal_label_candidates_review.csv,303,multimodal_feature_report,neutral,0.35,,No video file was provided.,,candidate_0303
candidate_0304,data/nlp_research/signal_label_candidates_review.csv,304,multimodal_feature_report,neutral,0.35,,Video cues remain optional review support only.,,candidate_0304
candidate_0305,data/nlp_research/signal_label_candidates_review.csv,305,multimodal_feature_report,neutral,0.6,,Transcript evidence is primary for this review cue.,,candidate_0305
candidate_0307,data/nlp_research/signal_label_candidates_review.csv,306,multimodal_feature_report,neutral,0.6,,"Verify whether reassuring language is backed by owners, dates, and concrete evidence.",,candidate_0307
candidate_0308,data/nlp_research/signal_label_candidates_review.csv,307,multimodal_feature_report,neutral,0.6,,"Verify whether reassuring language is backed by owners, dates",,candidate_0308
candidate_0309,data/nlp_research/signal_label_candidates_review.csv,308,multimodal_feature_report,neutral,0.6,,Check the underlying turns and media cues before escalating severity.,,candidate_0309
candidate_0310,data/nlp_research/signal_label_candidates_review.csv,309,multimodal_feature_report,neutral,0.6,,Compare apparently conflicting statements directly in the transcript.,,candidate_0310
candidate_0311,data/nlp_research/signal_label_candidates_review.csv,310,multimodal_feature_report,neutral,0.35,,Transcript-first deterministic evidence remains canonical.,,candidate_0311
candidate_0312,data/nlp_research/signal_label_candidates_review.csv,311,multimodal_feature_report,neutral,0.6,,"Signals are review cues, not claims about hidden emotion, truthfulness, or diagnosis.",,candidate_0312
candidate_0313,data/nlp_research/signal_label_candidates_review.csv,312,multimodal_feature_report,neutral,0.35,,"Missing or unsupported modalities: audio, video.",,candidate_0313
candidate_0314,data/nlp_research/signal_label_candidates_review.csv,313,report,neutral,0.6,,| anger | 0.6667 | 1.0000 | 0.8000 | 2 |,,candidate_0314
candidate_0315,data/nlp_research/signal_label_candidates_review.csv,314,report,neutral,0.6,,| frustration | 0.0000 | 0.0000 | 0.0000 | 2 |,,candidate_0315
candidate_0316,data/nlp_research/signal_label_candidates_review.csv,315,report,neutral,0.6,,| confusion | 0.0000 | 0.0000 | 0.0000 | 2 |,,candidate_0316
candidate_0317,data/nlp_research/signal_label_candidates_review.csv,316,report,neutral,0.6,,| neutral | 0.3333 | 1.0000 | 0.5000 | 2 |,,candidate_0317
candidate_0318,data/nlp_research/signal_label_candidates_review.csv,317,report,neutral,0.6,,| urgency | 0.0000 | 0.0000 | 0.0000 | 2 |,,candidate_0318
candidate_0319,data/nlp_research/signal_label_candidates_review.csv,318,report,neutral,0.6,,| frustration | 1 | 0 | 0 | 0 | 1 | 0 | 0 |,,candidate_0319
candidate_0320,data/nlp_research/signal_label_candidates_review.csv,319,report,neutral,0.6,,| confusion | 0 | 0 | 0 | 0 | 1 | 0 | 1 |,,candidate_0320
candidate_0321,data/nlp_research/signal_label_candidates_review.csv,320,report,neutral,0.6,,| urgency | 0 | 0 | 0 | 0 | 2 | 0 | 0 |,,candidate_0321
risk_support_refund_delay_001,data/nlp_research/signal_retrieval_index.json,0,sample_support,risk_friction,0.0,frustrated; 11 days; refund,"Hi, I'm honestly pretty frustrated. Ticket 78421 has been open for 11 days and the refund still hasn't posted to our card.",,risk_support_refund_delay_001
risk_support_deflection_001,data/nlp_research/signal_retrieval_index.json,1,sample_support,risk_friction,0.0,another team,Refund timing sits with another team,,candidate_0084
risk_support_escalation_001,data/nlp_research/signal_retrieval_index.json,2,sample_support,risk_friction,0.0,doesn't answer; escalate; dispute,"That still doesn't answer the question. I need a real date, not a FAQ, and if this is still unresolved today I'll escalate it to your manager and dispute the charge.",,risk_support_escalation_001
risk_sales_pricing_objection_001,data/nlp_research/signal_retrieval_index.json,3,sample_sales,risk_friction,0.0,concern; expensive; Zendesk; Intercom,"My main concern is price. The seat cost feels expensive versus Zendesk, and the team is also comparing you to Intercom.",,gold_candidate_risk_sales_pricing_objection_001
risk_account_unresolved_001,data/nlp_research/signal_retrieval_index.json,4,sample_account_management,risk_friction,0.0,unresolved; issues,we're still dealing with two unresolved onboarding issues from the launch.,,risk_account_unresolved_001
risk_account_vendor_risk_001,data/nlp_research/signal_retrieval_index.json,5,sample_account_management,risk_friction,0.0,cut seats; delay the renewal; look at another vendor,"But if these issues stay open into renewal, we may cut seats, delay the renewal, or look at another vendor.",,candidate_0059
risk_support_billing_delay_001,data/nlp_research/signal_retrieval_index.json,6,support_tickets_realistic,risk_friction,0.0,frustrated; wrong total; nobody has confirmed,I'm frustrated that invoice 8842 still shows the wrong total and nobody has confirmed when the credit will post. Please send the update to [EMAIL] or call [PHONE].,,risk_support_billing_delay_001
risk_support_help_center_001,data/nlp_research/signal_retrieval_index.json,7,support_tickets_realistic,risk_friction,0.0,still reviewing; help center article; for now,"Billing is still reviewing it, so please check the help center article for now while we wait for their response.",,gold_candidate_risk_support_help_center_001
risk_support_dispute_001,data/nlp_research/signal_retrieval_index.json,8,support_tickets_realistic,risk_friction,0.0,does not solve; failed resolution; charged twice; escalate,"That does not solve it. The failed resolution has been open since Monday, the card ending 1111 was charged twice, and if this slips again we will escalate the dispute.",,risk_support_dispute_001
risk_sales_procurement_block_001,data/nlp_research/signal_retrieval_index.json,9,sales_calls_realistic,risk_friction,0.0,vague; concrete next step; will not move,"That feels vague. Without a concrete next step, security packet, and discount range, procurement will not move this week.",,gold_candidate_risk_sales_procurement_block_001
risk_account_reduce_seats_001,data/nlp_research/signal_retrieval_index.json,10,account_management_realistic,risk_friction,0.0,unresolved; reduce seats; does not stabilize,"Our renewal is 30 days out, two onboarding issues are still unresolved, and leadership is asking whether we should reduce seats if support does not stabilize.",,risk_account_reduce_seats_001
risk_support_anger_seed_001,data/nlp_research/signal_retrieval_index.json,11,sample_emotion_cases,risk_friction,0.0,angry; wrong card; closed the ticket without notice,I'm angry that your team charged the wrong card again and closed the ticket without notice.,,gold_candidate_risk_support_anger_seed_001
opp_sales_pilot_interest_001,data/nlp_research/signal_retrieval_index.json,12,sample_sales,opportunity_commitment,0.0,interested; pilot next month,We're interested in a pilot next month,,opp_sales_pilot_interest_001
opp_sales_plan_commitment_001,data/nlp_research/signal_retrieval_index.json,13,sample_sales,opportunity_commitment,0.0,send; proposal by Tuesday,"I can send a pilot plan, pricing options, and a proposal by Tuesday",,opp_sales_plan_commitment_001
opp_sales_security_packet_001,data/nlp_research/signal_retrieval_index.json,14,sample_sales,opportunity_commitment,0.0,security packet; procurement,I can include the security packet for procurement.,,opp_sales_security_packet_001
opp_sales_procurement_path_001,data/nlp_research/signal_retrieval_index.json,15,sample_sales,opportunity_commitment,0.0,bring procurement in next week,we can bring procurement in next week.,,opp_sales_procurement_path_001
opp_account_recovery_plan_001,data/nlp_research/signal_retrieval_index.json,16,sample_account_management,opportunity_commitment,0.0,I own; will send; by Friday; owners,I own the action items and will send a recovery plan by Friday with owners for each open item.,,candidate_0057
opp_account_expand_support_001,data/nlp_research/signal_retrieval_index.json,17,sample_account_management,opportunity_commitment,0.0,add the support team; upgrade,we may add the support team and upgrade to the enterprise package.,,opp_account_expand_support_001
opp_account_confirm_owners_001,data/nlp_research/signal_retrieval_index.json,18,sample_account_management,opportunity_commitment,0.0,confirm owners; today; schedule a renewal review next week,I'll confirm owners today and schedule a renewal review next week,,gold_candidate_opp_account_confirm_owners_001
opp_account_own_recovery_001,data/nlp_research/signal_retrieval_index.json,19,account_management_realistic,opportunity_commitment,0.0,I own,I own the recovery plan,,opp_account_own_recovery_001
opp_account_named_owners_001,data/nlp_research/signal_retrieval_index.json,20,account_management_realistic,opportunity_commitment,0.0,named owners; this afternoon; next Tuesday,will send named owners this afternoon with a renewal review for next Tuesday.,,gold_candidate_opp_account_named_owners_001
opp_account_expand_realistic_001,data/nlp_research/signal_retrieval_index.json,21,account_management_realistic,opportunity_commitment,0.0,expand analytics seats,we may still expand analytics seats later this quarter.,,opp_account_expand_realistic_001
opp_support_resolution_seed_001,data/nlp_research/signal_retrieval_index.json,22,sample_emotion_cases,opportunity_commitment,0.0,arrived; solved,"Thanks, the replacement order arrived this morning and I'm happy with how quickly your team solved it.",,opp_support_resolution_seed_001
opp_account_followthrough_seed_001,data/nlp_research/signal_retrieval_index.json,23,sample_emotion_cases,opportunity_commitment,0.0,recovery plan; follow-through; works for our renewal review,Thank you for the recovery plan. We appreciate the follow-through and that works for our renewal review.,,gold_candidate_opp_account_followthrough_seed_001
opp_sales_security_review_path_001,data/nlp_research/signal_retrieval_index.json,24,sample_sales,opportunity_commitment,0.0,lighter,the onboarding looks lighter than what we've seen before.,,opp_sales_security_review_path_001
unc_support_waiting_update_001,data/nlp_research/signal_retrieval_index.json,25,sample_support,uncertainty_hedging,0.0,still looking into it; later; once billing has an update,We are still looking into it and someone will reach out later once billing has an update.,,gold_candidate_unc_support_waiting_update_001
unc_sales_security_review_001,data/nlp_research/signal_retrieval_index.json,26,sample_sales,uncertainty_hedging,0.0,if; goes well,if the security review goes well and the onboarding looks lighter than what we've seen before.,,unc_sales_security_review_001
unc_sales_discount_signoff_001,data/nlp_research/signal_retrieval_index.json,27,sample_sales,uncertainty_hedging,0.0,If; signs off,If the discount works and security signs off,,gold_candidate_unc_sales_discount_signoff_001
unc_account_rollout_condition_001,data/nlp_research/signal_retrieval_index.json,28,sample_account_management,uncertainty_hedging,0.0,If; stabilizes this quarter,If the rollout stabilizes this quarter,,gold_candidate_unc_account_rollout_condition_001
unc_account_expansion_realistic_001,data/nlp_research/signal_retrieval_index.json,29,sample_account_management,uncertainty_hedging,0.0,decide whether; still realistic,so we can decide whether expansion is still realistic.,,unc_account_expansion_realistic_001
unc_sales_unknown_after_pilot_001,data/nlp_research/signal_retrieval_index.json,30,sales_calls_realistic,uncertainty_hedging,0.0,do not know; after the pilot,I still do not know what happens after the pilot.,,unc_sales_unknown_after_pilot_001
unc_sales_probably_001,data/nlp_research/signal_retrieval_index.json,31,sales_calls_realistic,uncertainty_hedging,0.0,probably,We can probably work something out on pricing,,unc_sales_probably_001
unc_sales_details_later_001,data/nlp_research/signal_retrieval_index.json,32,sales_calls_realistic,uncertainty_hedging,0.0,later; once I regroup with the team,and I can send more details later once I regroup with the team.,,unc_sales_details_later_001
unc_account_if_recovery_lands_001,data/nlp_research/signal_retrieval_index.json,33,account_management_realistic,uncertainty_hedging,0.0,If; are fixed,If the recovery plan lands and the integrations are fixed,,unc_account_if_recovery_lands_001
unc_support_confusion_seed_001,data/nlp_research/signal_retrieval_index.json,34,sample_emotion_cases,uncertainty_hedging,0.0,confused; do not match,I'm confused about which invoice version is final because the portal and the email summary do not match.,,unc_support_confusion_seed_001
unc_sales_confusion_seed_001,data/nlp_research/signal_retrieval_index.json,35,sample_emotion_cases,uncertainty_hedging,0.0,explain; don't understand; difference,Can you explain what this new implementation fee covers? I don't understand the difference between the two quotes.,,gold_candidate_unc_sales_confusion_seed_001
unc_support_concern_seed_001,data/nlp_research/signal_retrieval_index.json,36,sample_emotion_cases,uncertainty_hedging,0.0,concerned; hasn't been confirmed,I'm concerned the rollback plan still hasn't been confirmed. Please send the update to [EMAIL] when you have it.,,unc_support_concern_seed_001
neut_sales_opening_full_001,data/nlp_research/signal_retrieval_index.json,37,sample_sales,neutral,0.0,making time; pilot scope; rollout plan,"Thanks for making time. I can walk through the pilot scope, rollout plan, and how teams usually evaluate the workflow.",,gold_candidate_neut_sales_opening_full_001
neut_sales_opening_thanks_001,data/nlp_research/signal_retrieval_index.json,38,sample_sales,neutral,0.0,Thanks,Thanks for making time.,,neut_sales_opening_thanks_001
neut_sales_status_full_001,data/nlp_research/signal_retrieval_index.json,39,sample_emotion_cases,neutral,0.0,for reference; current status; scheduled for next Tuesday,"For reference, the current status is that procurement is scheduled for next Tuesday and the legal review is still open.",,gold_candidate_neut_sales_status_full_001
neut_sales_status_procurement_001,data/nlp_research/signal_retrieval_index.json,40,sample_emotion_cases,neutral,0.0,current status; scheduled for next Tuesday,the current status is that procurement is scheduled for next Tuesday,,neut_sales_status_procurement_001
neut_account_status_full_001,data/nlp_research/signal_retrieval_index.json,41,sample_emotion_cases,neutral,0.0,update from finance; meeting starts; agenda is attached,Sharing the update from finance: the meeting starts at 09:00 CET and the agenda is attached in the renewal folder.,,gold_candidate_neut_account_status_full_001
neut_account_status_intro_001,data/nlp_research/signal_retrieval_index.json,42,sample_emotion_cases,neutral,0.0,update from finance,Sharing the update from finance:,,neut_account_status_intro_001
neut_account_status_meeting_001,data/nlp_research/signal_retrieval_index.json,43,sample_emotion_cases,neutral,0.0,meeting starts at 09:00 CET,the meeting starts at 09:00 CET,,neut_account_status_meeting_001
neut_account_status_agenda_001,data/nlp_research/signal_retrieval_index.json,44,sample_emotion_cases,neutral,0.0,agenda is attached,the agenda is attached in the renewal folder.,,neut_account_status_agenda_001
neut_account_review_schedule_001,data/nlp_research/signal_retrieval_index.json,45,account_management_realistic,neutral,0.0,renewal review; next Tuesday,with a renewal review for next Tuesday.,,gold_candidate_neut_account_review_schedule_001
neut_sales_acknowledgement_001,data/nlp_research/signal_retrieval_index.json,46,sample_sales,neutral,0.0,Understood,Understood.,,neut_sales_acknowledgement_001
neut_sales_legal_status_001,data/nlp_research/signal_retrieval_index.json,47,sample_emotion_cases,neutral,0.0,legal review,the legal review is still open.,,neut_sales_legal_status_001
neut_sales_status_procurement_001,data/nlp_research/transcript_baseline_predictions.jsonl,0,sample_emotion_cases,,0.0,Clause split from a neutral operational update.,the current status is that procurement is scheduled for next Tuesday,,neut_sales_status_procurement_001
risk_account_vendor_risk_001,data/nlp_research/transcript_baseline_predictions.jsonl,1,sample_account_management,,0.0,Full churn-pressure turn from the account-management sample.,"But if these issues stay open into renewal, we may cut seats, delay the renewal, or look at another vendor.",,risk_account_vendor_risk_001
opp_sales_security_review_path_001,data/nlp_research/transcript_baseline_predictions.jsonl,2,sample_sales,,0.0,Clause split from a buyer-interest turn; labeled conservatively as weak opportunity.,the onboarding looks lighter than what we've seen before.,,opp_sales_security_review_path_001
unc_account_rollout_condition_001,data/nlp_research/transcript_baseline_predictions.jsonl,3,sample_account_management,,0.0,Condition clause from an expansion turn.,If the rollout stabilizes this quarter,,unc_account_rollout_condition_001
neut_account_status_full_001,data/nlp_research/transcript_baseline_predictions.jsonl,4,sample_emotion_cases,,0.0,Emotion benchmark neutral case reused as a process-update label.,Sharing the update from finance: the meeting starts at 09:00 CET and the agenda is attached in the renewal folder.,,neut_account_status_full_001
risk_account_unresolved_001,data/nlp_research/transcript_baseline_predictions.jsonl,5,sample_account_management,,0.0,Clause split from a renewal-risk turn.,we're still dealing with two unresolved onboarding issues from the launch.,,risk_account_unresolved_001
opp_account_recovery_plan_001,data/nlp_research/transcript_baseline_predictions.jsonl,6,sample_account_management,,0.0,Full owner-commitment turn from the account-management sample.,I own the action items and will send a recovery plan by Friday with owners for each open item.,,opp_account_recovery_plan_001
opp_sales_procurement_path_001,data/nlp_research/transcript_baseline_predictions.jsonl,7,sample_sales,,0.0,Clause split from a buyer next-step turn.,we can bring procurement in next week.,,opp_sales_procurement_path_001
opp_account_own_recovery_001,data/nlp_research/transcript_baseline_predictions.jsonl,8,account_management_realistic,,0.0,Short ownership clause from the realistic account-management fixture.,I own the recovery plan,,opp_account_own_recovery_001
neut_account_status_meeting_001,data/nlp_research/transcript_baseline_predictions.jsonl,9,sample_emotion_cases,,0.0,Neutral schedule clause.,the meeting starts at 09:00 CET,,neut_account_status_meeting_001
unc_sales_probably_001,data/nlp_research/transcript_baseline_predictions.jsonl,10,sales_calls_realistic,,0.0,Clause split from a vague rep response.,We can probably work something out on pricing,,unc_sales_probably_001
unc_support_confusion_seed_001,data/nlp_research/transcript_baseline_predictions.jsonl,11,sample_emotion_cases,,0.0,Emotion benchmark confusion case reused as an ambiguity label.,I'm confused about which invoice version is final because the portal and the email summary do not match.,,unc_support_confusion_seed_001
risk_support_deflection_001,data/nlp_research/transcript_baseline_predictions.jsonl,12,sample_support,,0.0,Clause split from an agent deflection turn.,Refund timing sits with another team,,risk_support_deflection_001
risk_support_refund_delay_001,data/nlp_research/transcript_baseline_predictions.jsonl,13,sample_support,,0.0,Full customer turn from the synthetic support sample.,"Hi, I'm honestly pretty frustrated. Ticket 78421 has been open for 11 days and the refund still hasn't posted to our card.",,risk_support_refund_delay_001
neut_account_status_agenda_001,data/nlp_research/transcript_baseline_predictions.jsonl,14,sample_emotion_cases,,0.0,Neutral attachment reference clause.,the agenda is attached in the renewal folder.,,neut_account_status_agenda_001
unc_sales_discount_signoff_001,data/nlp_research/transcript_baseline_predictions.jsonl,15,sample_sales,,0.0,Conditional clause from a next-step turn.,If the discount works and security signs off,,unc_sales_discount_signoff_001
