candidate_id,case_id,text,weak_label,confidence,noise_flag,priority_score,priority_reason,review_decision,final_label
candidate_0027,account_management_realistic,"Our renewal is 30 days out, two onboarding issues are still unresolved",risk_friction,0.0,,5,high_business_context;low_confidence,,
candidate_0029,account_management_realistic,I own the recovery plan and will send named owners this afternoon with a renewal review for next Tuesday.,opportunity_commitment,0.0,,5,high_business_context;low_confidence,,
candidate_0033,sales_calls_realistic,"We're interested, but the enterprise price is higher than Zendesk and Intercom, and I still do not know what happens after the pilot.",risk_friction,0.0,,5,high_business_context;low_confidence,,
candidate_0039,sales_calls_realistic,"and discount range, procurement will not move this week.",risk_friction,0.0,,5,high_business_context;low_confidence,,
candidate_0050,support_tickets_realistic,and if this slips again we will escalate the dispute.,risk_friction,0.0,,5,high_business_context;low_confidence,,
candidate_0054,sample_account_management,"Our renewal is in about 45 days, and we're still dealing with two unresolved onboarding issues from the launch.",risk_friction,0.0,,5,high_business_context;low_confidence,,
candidate_0056,sample_account_management,and we're still dealing with two unresolved onboarding issues from the launch.,risk_friction,0.0,,5,high_business_context;low_confidence,,
candidate_0059,sample_account_management,"But if these issues stay open into renewal, we may cut seats, delay the renewal, or look at another vendor.",risk_friction,0.0,,5,high_business_context;low_confidence,,
candidate_0060,sample_account_management,I'll confirm owners today and schedule a renewal review next week so we can decide whether expansion is still realistic.,opportunity_commitment,0.0,,5,high_business_context;low_confidence,,
candidate_0073,sample_sales,"I can send a pilot plan, pricing options, and a proposal by Tuesday, and I can include the security packet for procurement.",opportunity_commitment,0.0,,5,high_business_context;low_confidence,,
candidate_0074,sample_sales,"I can send a pilot plan, pricing options",opportunity_commitment,0.0,,5,high_business_context;low_confidence,,
candidate_0076,sample_sales,and I can include the security packet for procurement.,opportunity_commitment,0.0,,5,high_business_context;low_confidence,,
candidate_0084,sample_support,Refund timing sits with another team,risk_friction,0.0,,5,high_business_context;low_confidence,,
candidate_0089,sample_support,and if this is still unresolved today I'll escalate it to your manager and dispute the charge.,risk_friction,0.0,,5,high_business_context;low_confidence,,
candidate_0105,account_management_demo_output,Account team commitment language detected.,neutral,0.35,,5,high_business_context;low_confidence,,
candidate_0130,buyer_one_pager,deliver a deterministic risk and signal report,neutral,0.35,,5,high_business_context;low_confidence,,
candidate_0228,sales_demo_output,"I can send a pilot plan, pricing options, and a proposal by Tuesday, and I can include the security packet for pr...",opportunity_commitment,0.0,,5,high_business_context;low_confidence,,
candidate_0241,demo_index,"support: `support_low_directness, support_deflection, support_frustration, support_escalation_risk`",neutral,0.35,,5,high_business_context;low_confidence,,
candidate_0242,demo_index,"sales: `sales_pricing_risk, sales_objection_pressure, sales_competitor_pressure, sales_buyer_intent, sales_next_step_defined`",neutral,0.35,,5,high_business_context;low_confidence,,
gold_candidate_neut_account_review_schedule_001,account_management_realistic,with a renewal review for next Tuesday.,neutral,0.0,,5,high_business_context;low_confidence,,
gold_candidate_neut_account_status_full_001,sample_emotion_cases,Sharing the update from finance: the meeting starts at 09:00 CET and the agenda is attached in the renewal folder.,neutral,0.0,,5,high_business_context;low_confidence,,
gold_candidate_neut_sales_opening_full_001,sample_sales,"Thanks for making time. I can walk through the pilot scope, rollout plan, and how teams usually evaluate the workflow.",neutral,0.0,,5,high_business_context;low_confidence,,
gold_candidate_neut_sales_status_full_001,sample_emotion_cases,"For reference, the current status is that procurement is scheduled for next Tuesday and the legal review is still open.",neutral,0.0,,5,high_business_context;low_confidence,,
gold_candidate_opp_account_confirm_owners_001,sample_account_management,I'll confirm owners today and schedule a renewal review next week,opportunity_commitment,0.0,,5,high_business_context;low_confidence,,
gold_candidate_opp_account_followthrough_seed_001,sample_emotion_cases,Thank you for the recovery plan. We appreciate the follow-through and that works for our renewal review.,opportunity_commitment,0.0,,5,high_business_context;low_confidence,,
gold_candidate_opp_account_named_owners_001,account_management_realistic,will send named owners this afternoon with a renewal review for next Tuesday.,opportunity_commitment,0.0,,5,high_business_context;low_confidence,,
gold_candidate_risk_sales_procurement_block_001,sales_calls_realistic,"That feels vague. Without a concrete next step, security packet, and discount range, procurement will not move this week.",risk_friction,0.0,,5,high_business_context;low_confidence,,
neut_account_review_schedule_001,signal_labels_review_packet,with a renewal review for next Tuesday.,neutral,0.0,,5,high_business_context;low_confidence,,
neut_account_review_schedule_001,second_review_template,with a renewal review for next Tuesday.,neutral,0.0,,5,high_business_context;low_confidence,,
neut_account_status_agenda_001,sample_emotion_cases,the agenda is attached in the renewal folder.,neutral,0.0,,5,high_business_context;low_confidence,,
neut_account_status_agenda_001,signal_labels_review_packet,the agenda is attached in the renewal folder.,neutral,0.0,,5,high_business_context;low_confidence,,
neut_account_status_agenda_001,second_review_priority_queue,the agenda is attached in the renewal folder.,neutral,0.0,,5,high_business_context;low_confidence,,
neut_account_status_agenda_001,second_review_template,the agenda is attached in the renewal folder.,neutral,0.0,,5,high_business_context;low_confidence,,
neut_account_status_agenda_001,sample_emotion_cases,the agenda is attached in the renewal folder.,,0.0,,5,high_business_context;low_confidence,,
neut_account_status_full_001,signal_labels_review_packet,Sharing the update from finance: the meeting starts at 09:00 CET and the agenda is attached in the renewal folder.,neutral,0.0,,5,high_business_context;low_confidence,,
neut_account_status_full_001,second_review_priority_queue,Sharing the update from finance: the meeting starts at 09:00 CET and the agenda is attached in the renewal folder.,neutral,0.0,,5,high_business_context;low_confidence,,
neut_account_status_full_001,second_review_template,Sharing the update from finance: the meeting starts at 09:00 CET and the agenda is attached in the renewal folder.,neutral,0.0,,5,high_business_context;low_confidence,,
neut_account_status_full_001,sample_emotion_cases,Sharing the update from finance: the meeting starts at 09:00 CET and the agenda is attached in the renewal folder.,,0.0,,5,high_business_context;low_confidence,,
neut_sales_opening_full_001,signal_labels_review_packet,"Thanks for making time. I can walk through the pilot scope, rollout plan, and how teams usually evaluate the workflow.",neutral,0.0,,5,high_business_context;low_confidence,,
neut_sales_opening_full_001,second_review_template,"Thanks for making time. I can walk through the pilot scope, rollout plan, and how teams usually evaluate the workflow.",neutral,0.0,,5,high_business_context;low_confidence,,
neut_sales_status_full_001,signal_labels_review_packet,"For reference, the current status is that procurement is scheduled for next Tuesday and the legal review is still open.",neutral,0.0,,5,high_business_context;low_confidence,,
neut_sales_status_full_001,second_review_template,"For reference, the current status is that procurement is scheduled for next Tuesday and the legal review is still open.",neutral,0.0,,5,high_business_context;low_confidence,,
neut_sales_status_procurement_001,sample_emotion_cases,the current status is that procurement is scheduled for next Tuesday,neutral,0.0,,5,high_business_context;low_confidence,,
neut_sales_status_procurement_001,signal_labels_review_packet,the current status is that procurement is scheduled for next Tuesday,neutral,0.0,,5,high_business_context;low_confidence,,
neut_sales_status_procurement_001,second_review_priority_queue,the current status is that procurement is scheduled for next Tuesday,neutral,0.0,,5,high_business_context;low_confidence,,
neut_sales_status_procurement_001,second_review_template,the current status is that procurement is scheduled for next Tuesday,neutral,0.0,,5,high_business_context;low_confidence,,
neut_sales_status_procurement_001,sample_emotion_cases,the current status is that procurement is scheduled for next Tuesday,,0.0,,5,high_business_context;low_confidence,,
opp_account_confirm_owners_001,signal_labels_review_packet,I'll confirm owners today and schedule a renewal review next week,opportunity_commitment,0.0,,5,high_business_context;low_confidence,,
opp_account_confirm_owners_001,second_review_template,I'll confirm owners today and schedule a renewal review next week,opportunity_commitment,0.0,,5,high_business_context;low_confidence,,
opp_account_followthrough_seed_001,signal_labels_review_packet,Thank you for the recovery plan. We appreciate the follow-through and that works for our renewal review.,opportunity_commitment,0.0,,5,high_business_context;low_confidence,,
opp_account_followthrough_seed_001,second_review_template,Thank you for the recovery plan. We appreciate the follow-through and that works for our renewal review.,opportunity_commitment,0.0,,5,high_business_context;low_confidence,,
opp_account_named_owners_001,signal_labels_review_packet,will send named owners this afternoon with a renewal review for next Tuesday.,opportunity_commitment,0.0,,5,high_business_context;low_confidence,,
opp_account_named_owners_001,second_review_template,will send named owners this afternoon with a renewal review for next Tuesday.,opportunity_commitment,0.0,,5,high_business_context;low_confidence,,
opp_sales_pilot_interest_001,sample_sales,We're interested in a pilot next month,opportunity_commitment,0.0,,5,high_business_context;low_confidence,,
opp_sales_pilot_interest_001,signal_labels_review_packet,We're interested in a pilot next month,opportunity_commitment,0.0,,5,high_business_context;low_confidence,,
opp_sales_pilot_interest_001,second_review_template,We're interested in a pilot next month,opportunity_commitment,0.0,,5,high_business_context;low_confidence,,
opp_sales_plan_commitment_001,sample_sales,"I can send a pilot plan, pricing options, and a proposal by Tuesday",opportunity_commitment,0.0,,5,high_business_context;low_confidence,,
opp_sales_plan_commitment_001,signal_labels_review_packet,"I can send a pilot plan, pricing options, and a proposal by Tuesday",opportunity_commitment,0.0,,5,high_business_context;low_confidence,,
opp_sales_plan_commitment_001,second_review_template,"I can send a pilot plan, pricing options, and a proposal by Tuesday",opportunity_commitment,0.0,,5,high_business_context;low_confidence,,
opp_sales_procurement_path_001,sample_sales,we can bring procurement in next week.,opportunity_commitment,0.0,,5,high_business_context;low_confidence,,
opp_sales_procurement_path_001,signal_labels_review_packet,we can bring procurement in next week.,opportunity_commitment,0.0,,5,high_business_context;low_confidence,,
opp_sales_procurement_path_001,second_review_priority_queue,we can bring procurement in next week.,opportunity_commitment,0.0,,5,high_business_context;low_confidence,,
opp_sales_procurement_path_001,second_review_template,we can bring procurement in next week.,opportunity_commitment,0.0,,5,high_business_context;low_confidence,,
opp_sales_procurement_path_001,sample_sales,we can bring procurement in next week.,,0.0,,5,high_business_context;low_confidence,,
opp_sales_security_packet_001,sample_sales,I can include the security packet for procurement.,opportunity_commitment,0.0,,5,high_business_context;low_confidence,,
opp_sales_security_packet_001,signal_labels_review_packet,I can include the security packet for procurement.,opportunity_commitment,0.0,,5,high_business_context;low_confidence,,
opp_sales_security_packet_001,second_review_template,I can include the security packet for procurement.,opportunity_commitment,0.0,,5,high_business_context;low_confidence,,
risk_account_reduce_seats_001,account_management_realistic,"Our renewal is 30 days out, two onboarding issues are still unresolved, and leadership is asking whether we should reduce seats if support does not stabilize.",risk_friction,0.0,,5,high_business_context;low_confidence,,
risk_account_reduce_seats_001,signal_labels_review_packet,"Our renewal is 30 days out, two onboarding issues are still unresolved, and leadership is asking whether we should reduce seats if support does not stabilize.",risk_friction,0.0,,5,high_business_context;low_confidence,,
risk_account_reduce_seats_001,second_review_template,"Our renewal is 30 days out, two onboarding issues are still unresolved, and leadership is asking whether we should reduce seats if support does not stabilize.",risk_friction,0.0,,5,high_business_context;low_confidence,,
risk_account_unresolved_001,sample_account_management,we're still dealing with two unresolved onboarding issues from the launch.,risk_friction,0.0,,5,high_business_context;low_confidence,,
risk_account_unresolved_001,signal_labels_review_packet,we're still dealing with two unresolved onboarding issues from the launch.,risk_friction,0.0,,5,high_business_context;low_confidence,,
risk_account_unresolved_001,second_review_priority_queue,we're still dealing with two unresolved onboarding issues from the launch.,risk_friction,0.0,,5,high_business_context;low_confidence,,
risk_account_unresolved_001,second_review_template,we're still dealing with two unresolved onboarding issues from the launch.,risk_friction,0.0,,5,high_business_context;low_confidence,,
risk_account_unresolved_001,sample_account_management,we're still dealing with two unresolved onboarding issues from the launch.,,0.0,,5,high_business_context;low_confidence,,
risk_account_vendor_risk_001,signal_labels_review_packet,"But if these issues stay open into renewal, we may cut seats, delay the renewal, or look at another vendor.",risk_friction,0.0,,5,high_business_context;low_confidence,,
risk_account_vendor_risk_001,second_review_priority_queue,"But if these issues stay open into renewal, we may cut seats, delay the renewal, or look at another vendor.",risk_friction,0.0,,5,high_business_context;low_confidence,,
risk_account_vendor_risk_001,second_review_template,"But if these issues stay open into renewal, we may cut seats, delay the renewal, or look at another vendor.",risk_friction,0.0,,5,high_business_context;low_confidence,,
risk_account_vendor_risk_001,sample_account_management,"But if these issues stay open into renewal, we may cut seats, delay the renewal, or look at another vendor.",,0.0,,5,high_business_context;low_confidence,,
risk_sales_procurement_block_001,signal_labels_review_packet,"That feels vague. Without a concrete next step, security packet, and discount range, procurement will not move this week.",risk_friction,0.0,,5,high_business_context;low_confidence,,
risk_sales_procurement_block_001,second_review_template,"That feels vague. Without a concrete next step, security packet, and discount range, procurement will not move this week.",risk_friction,0.0,,5,high_business_context;low_confidence,,
risk_support_deflection_001,signal_labels_review_packet,Refund timing sits with another team,risk_friction,0.0,,5,high_business_context;low_confidence,,
risk_support_deflection_001,second_review_priority_queue,Refund timing sits with another team,risk_friction,0.0,,5,high_business_context;low_confidence,,
risk_support_deflection_001,second_review_template,Refund timing sits with another team,risk_friction,0.0,,5,high_business_context;low_confidence,,
risk_support_deflection_001,sample_support,Refund timing sits with another team,,0.0,,5,high_business_context;low_confidence,,
risk_support_dispute_001,support_tickets_realistic,"That does not solve it. The failed resolution has been open since Monday, the card ending 1111 was charged twice, and if this slips again we will escalate the dispute.",risk_friction,0.0,,5,high_business_context;low_confidence,,
risk_support_dispute_001,signal_labels_review_packet,"That does not solve it. The failed resolution has been open since Monday, the card ending 1111 was charged twice, and if this slips again we will escalate the dispute.",risk_friction,0.0,,5,high_business_context;low_confidence,,
risk_support_dispute_001,second_review_template,"That does not solve it. The failed resolution has been open since Monday, the card ending 1111 was charged twice, and if this slips again we will escalate the dispute.",risk_friction,0.0,,5,high_business_context;low_confidence,,
risk_support_escalation_001,sample_support,"That still doesn't answer the question. I need a real date, not a FAQ, and if this is still unresolved today I'll escalate it to your manager and dispute the charge.",risk_friction,0.0,,5,high_business_context;low_confidence,,
risk_support_escalation_001,signal_labels_review_packet,"That still doesn't answer the question. I need a real date, not a FAQ, and if this is still unresolved today I'll escalate it to your manager and dispute the charge.",risk_friction,0.0,,5,high_business_context;low_confidence,,
risk_support_escalation_001,second_review_template,"That still doesn't answer the question. I need a real date, not a FAQ, and if this is still unresolved today I'll escalate it to your manager and dispute the charge.",risk_friction,0.0,,5,high_business_context;low_confidence,,
risk_support_refund_delay_001,sample_support,"Hi, I'm honestly pretty frustrated. Ticket 78421 has been open for 11 days and the refund still hasn't posted to our card.",risk_friction,0.0,,5,high_business_context;low_confidence,,
risk_support_refund_delay_001,signal_labels_review_packet,"Hi, I'm honestly pretty frustrated. Ticket 78421 has been open for 11 days and the refund still hasn't posted to our card.",risk_friction,0.0,,5,high_business_context;low_confidence,,
risk_support_refund_delay_001,second_review_priority_queue,"Hi, I'm honestly pretty frustrated. Ticket 78421 has been open for 11 days and the refund still hasn't posted to our card.",risk_friction,0.0,,5,high_business_context;low_confidence,,
risk_support_refund_delay_001,second_review_template,"Hi, I'm honestly pretty frustrated. Ticket 78421 has been open for 11 days and the refund still hasn't posted to our card.",risk_friction,0.0,,5,high_business_context;low_confidence,,
risk_support_refund_delay_001,sample_support,"Hi, I'm honestly pretty frustrated. Ticket 78421 has been open for 11 days and the refund still hasn't posted to our card.",,0.0,,5,high_business_context;low_confidence,,
signal_labels_review_packet_paragraph_0002,signal_labels_review_packet,- `risk_friction` - `opportunity_commitment` - `uncertainty_hedging` - `neutral`,,0.0,,5,high_business_context;low_confidence,,
signal_labels_review_packet_paragraph_0003,signal_labels_review_packet,"- text: Hi, I'm honestly pretty frustrated. Ticket 78421 has been open for 11 days and the refund still hasn't posted to our card. - evidence_terms: frustrated; 11 days; refund - rationale: Explicit frustration plus an unresolved refund delay creates a clear operational friction signal. - reviewer_label: - reviewer_confidence: - reviewer_notes:",,0.0,,5,high_business_context;low_confidence,,
signal_labels_review_packet_paragraph_0004,signal_labels_review_packet,- text: Refund timing sits with another team - evidence_terms: another team - rationale: The response deflects ownership instead of answering the customer's timing question. - reviewer_label: - reviewer_confidence: - reviewer_notes:,,0.0,,5,high_business_context;low_confidence,,
signal_labels_review_packet_paragraph_0005,signal_labels_review_packet,"- text: That still doesn't answer the question. I need a real date, not a FAQ, and if this is still unresolved today I'll escalate it to your manager and dispute the charge. - evidence_terms: doesn't answer; escalate; dispute - rationale: The customer explicitly rejects the answer and threatens escalation and a charge dispute. - reviewer_label: - reviewer_confidence: - reviewer_notes:",,0.0,,5,high_business_context;low_confidence,,
signal_labels_review_packet_paragraph_0006,signal_labels_review_packet,"- text: My main concern is price. The seat cost feels expensive versus Zendesk, and the team is also comparing you to Intercom. - evidence_terms: concern; expensive; Zendesk; Intercom - rationale: The buyer raises a pricing objection and competitor comparison in the same turn. - reviewer_label: - reviewer_confidence: - reviewer_notes:",,0.0,,5,high_business_context;low_confidence,,
signal_labels_review_packet_paragraph_0007,signal_labels_review_packet,"- text: we're still dealing with two unresolved onboarding issues from the launch. - evidence_terms: unresolved; issues - rationale: The account context is still carrying unresolved launch issues, which is a direct friction signal. - reviewer_label: - reviewer_confidence: - reviewer_notes:",,0.0,,5,high_business_context;low_confidence,,
signal_labels_review_packet_paragraph_0008,signal_labels_review_packet,"- text: But if these issues stay open into renewal, we may cut seats, delay the renewal, or look at another vendor. - evidence_terms: cut seats; delay the renewal; look at another vendor - rationale: The customer explicitly names downgrade and competitive-switch risk. - reviewer_label: - reviewer_confidence: - reviewer_notes:",,0.0,,5,high_business_context;low_confidence,,
signal_labels_review_packet_paragraph_0009,signal_labels_review_packet,- text: I'm frustrated that invoice 8842 still shows the wrong total and nobody has confirmed when the credit will post. Please send the update to [EMAIL] or call [PHONE]. - evidence_terms: frustrated; wrong total; nobody has confirmed - rationale: The customer describes an unresolved billing error with no confirmed posting date. - reviewer_label: - reviewer_confidence: - reviewer_notes:,,0.0,,5,high_business_context;low_confidence,,
signal_labels_review_packet_paragraph_0011,signal_labels_review_packet,"- text: That does not solve it. The failed resolution has been open since Monday, the card ending 1111 was charged twice, and if this slips again we will escalate the dispute. - evidence_terms: does not solve; failed resolution; charged twice; escalate - rationale: The customer describes a failed resolution, duplicate charge, and escalation threat. - reviewer_label: - reviewer_confidence: - reviewer_notes:",,0.0,,5,high_business_context;low_confidence,,
signal_labels_review_packet_paragraph_0012,signal_labels_review_packet,"- text: That feels vague. Without a concrete next step, security packet, and discount range, procurement will not move this week. - evidence_terms: vague; concrete next step; will not move - rationale: The buyer explicitly says the deal cannot advance without clearer follow-through. - reviewer_label: - reviewer_confidence: - reviewer_notes:",,0.0,,5,high_business_context;low_confidence,,
signal_labels_review_packet_paragraph_0013,signal_labels_review_packet,"- text: Our renewal is 30 days out, two onboarding issues are still unresolved, and leadership is asking whether we should reduce seats if support does not stabilize. - evidence_terms: unresolved; reduce seats; does not stabilize - rationale: The account is near renewal with unresolved issues and a concrete seat-reduction risk. - reviewer_label: - reviewer_confidence: - reviewer_notes:",,0.0,,5,high_business_context;low_confidence,,
signal_labels_review_packet_paragraph_0015,signal_labels_review_packet,- text: We're interested in a pilot next month - evidence_terms: interested; pilot next month - rationale: This clause states concrete buyer interest in a pilot timeline. - reviewer_label: - reviewer_confidence: - reviewer_notes:,,0.0,,5,high_business_context;low_confidence,,
signal_labels_review_packet_paragraph_0016,signal_labels_review_packet,"- text: I can send a pilot plan, pricing options, and a proposal by Tuesday - evidence_terms: send; proposal by Tuesday - rationale: The rep makes a dated follow-up commitment tied to the deal process. - reviewer_label: - reviewer_confidence: - reviewer_notes:",,0.0,,5,high_business_context;low_confidence,,
signal_labels_review_packet_paragraph_0017,signal_labels_review_packet,- text: I can include the security packet for procurement. - evidence_terms: security packet; procurement - rationale: The rep offers a concrete artifact that helps the buying process move forward. - reviewer_label: - reviewer_confidence: - reviewer_notes:,,0.0,,5,high_business_context;low_confidence,,
signal_labels_review_packet_paragraph_0018,signal_labels_review_packet,- text: we can bring procurement in next week. - evidence_terms: bring procurement in next week - rationale: The buyer names a concrete next step if the commercial conditions land. - reviewer_label: - reviewer_confidence: - reviewer_notes:,,0.0,,5,high_business_context;low_confidence,,
signal_labels_review_packet_paragraph_0019,signal_labels_review_packet,- text: I own the action items and will send a recovery plan by Friday with owners for each open item. - evidence_terms: I own; will send; by Friday; owners - rationale: The account manager takes ownership and gives a dated recovery commitment. - reviewer_label: - reviewer_confidence: - reviewer_notes:,,0.0,,5,high_business_context;low_confidence,,
signal_labels_review_packet_paragraph_0021,signal_labels_review_packet,- text: I'll confirm owners today and schedule a renewal review next week - evidence_terms: confirm owners; today; schedule a renewal review next week - rationale: The account manager gives concrete ownership and meeting commitments. - reviewer_label: - reviewer_confidence: - reviewer_notes:,,0.0,,5,high_business_context;low_confidence,,
signal_labels_review_packet_paragraph_0023,signal_labels_review_packet,- text: will send named owners this afternoon with a renewal review for next Tuesday. - evidence_terms: named owners; this afternoon; next Tuesday - rationale: This clause contains dated follow-through and explicit ownership structure. - reviewer_label: - reviewer_confidence: - reviewer_notes:,,0.0,,5,high_business_context;low_confidence,,
signal_labels_review_packet_paragraph_0026,signal_labels_review_packet,- text: Thank you for the recovery plan. We appreciate the follow-through and that works for our renewal review. - evidence_terms: recovery plan; follow-through; works for our renewal review - rationale: The customer acknowledges that the recovery plan is actionable and acceptable. - reviewer_label: - reviewer_confidence: - reviewer_notes:,,0.0,,5,high_business_context;low_confidence,,
signal_labels_review_packet_paragraph_0033,signal_labels_review_packet,- text: I still do not know what happens after the pilot. - evidence_terms: do not know; after the pilot - rationale: The buyer explicitly states uncertainty about post-pilot rollout. - reviewer_label: - reviewer_confidence: - reviewer_notes:,,0.0,,5,high_business_context;low_confidence,,
signal_labels_review_packet_paragraph_0034,signal_labels_review_packet,- text: We can probably work something out on pricing - evidence_terms: probably - rationale: The rep uses explicitly hedged pricing language. - reviewer_label: - reviewer_confidence: - reviewer_notes:,,0.0,,5,high_business_context;low_confidence,,
signal_labels_review_packet_paragraph_0040,signal_labels_review_packet,"- text: Thanks for making time. I can walk through the pilot scope, rollout plan, and how teams usually evaluate the workflow. - evidence_terms: making time; pilot scope; rollout plan - rationale: This opening turn is mostly procedural and does not yet signal friction, uncertainty, or a commitment outcome. - reviewer_label: - reviewer_confidence: - reviewer_notes:",,0.0,,5,high_business_context;low_confidence,,
signal_labels_review_packet_paragraph_0042,signal_labels_review_packet,"- text: For reference, the current status is that procurement is scheduled for next Tuesday and the legal review is still open. - evidence_terms: for reference; current status; scheduled for next Tuesday - rationale: The utterance is primarily a procedural status update rather than a directional judgment. - reviewer_label: - reviewer_confidence: - reviewer_notes:",,0.0,,5,high_business_context;low_confidence,,
signal_labels_review_packet_paragraph_0043,signal_labels_review_packet,- text: the current status is that procurement is scheduled for next Tuesday - evidence_terms: current status; scheduled for next Tuesday - rationale: This clause is a plain process update without clear friction or commitment strength on its own. - reviewer_label: - reviewer_confidence: - reviewer_notes:,,0.0,,5,high_business_context;low_confidence,,
signal_labels_review_packet_paragraph_0044,signal_labels_review_packet,- text: Sharing the update from finance: the meeting starts at 09:00 CET and the agenda is attached in the renewal folder. - evidence_terms: update from finance; meeting starts; agenda is attached - rationale: This is an operational scheduling update rather than a risk or opportunity signal. - reviewer_label: - reviewer_confidence: - reviewer_notes:,,0.0,,5,high_business_context;low_confidence,,
signal_labels_review_packet_paragraph_0047,signal_labels_review_packet,- text: the agenda is attached in the renewal folder. - evidence_terms: agenda is attached - rationale: This is a purely operational document-reference clause. - reviewer_label: - reviewer_confidence: - reviewer_notes:,,0.0,,5,high_business_context;low_confidence,,
signal_labels_review_packet_paragraph_0048,signal_labels_review_packet,- text: with a renewal review for next Tuesday. - evidence_terms: renewal review; next Tuesday - rationale: This isolated scheduling clause is useful as a neutral procedural example. - reviewer_label: - reviewer_confidence: - reviewer_notes:,,0.0,,5,high_business_context;low_confidence,,
signal_labels_review_packet_paragraph_0050,signal_labels_review_packet,- text: the legal review is still open. - evidence_terms: legal review - rationale: This clause states process status without enough context to assign friction or commitment on its own. - reviewer_label: - reviewer_confidence: - reviewer_notes:,,0.0,,5,high_business_context;low_confidence,,
unc_sales_probably_001,sales_calls_realistic,We can probably work something out on pricing,uncertainty_hedging,0.0,,5,high_business_context;low_confidence,,
unc_sales_probably_001,signal_labels_review_packet,We can probably work something out on pricing,uncertainty_hedging,0.0,,5,high_business_context;low_confidence,,
unc_sales_probably_001,second_review_priority_queue,We can probably work something out on pricing,uncertainty_hedging,0.0,,5,high_business_context;low_confidence,,
unc_sales_probably_001,second_review_template,We can probably work something out on pricing,uncertainty_hedging,0.0,,5,high_business_context;low_confidence,,
unc_sales_probably_001,sales_calls_realistic,We can probably work something out on pricing,,0.0,,5,high_business_context;low_confidence,,
unc_sales_unknown_after_pilot_001,sales_calls_realistic,I still do not know what happens after the pilot.,uncertainty_hedging,0.0,,5,high_business_context;low_confidence,,
unc_sales_unknown_after_pilot_001,signal_labels_review_packet,I still do not know what happens after the pilot.,uncertainty_hedging,0.0,,5,high_business_context;low_confidence,,
unc_sales_unknown_after_pilot_001,second_review_template,I still do not know what happens after the pilot.,uncertainty_hedging,0.0,,5,high_business_context;low_confidence,,
candidate_0105,account_management_demo_output,Account team commitment language detected.,neutral,0.35,,4,high_business_context;low_confidence;duplicate_flagged,,
candidate_0130,buyer_one_pager,deliver a deterministic risk and signal report,neutral,0.35,,4,high_business_context;low_confidence;duplicate_flagged,,
candidate_0241,demo_index,"support: `support_low_directness, support_deflection, support_frustration, support_escalation_risk`",neutral,0.35,,4,high_business_context;low_confidence;duplicate_flagged,,
candidate_0242,demo_index,"sales: `sales_pricing_risk, sales_objection_pressure, sales_competitor_pressure, sales_buyer_intent, sales_next_step_defined`",neutral,0.35,,4,high_business_context;low_confidence;duplicate_flagged,,
neut_account_review_schedule_001,account_management_realistic,with a renewal review for next Tuesday.,neutral,0.0,,4,high_business_context;low_confidence;duplicate_flagged,,
neut_account_review_schedule_001,account_management_realistic,with a renewal review for next Tuesday.,neutral,0.0,,4,high_business_context;low_confidence;duplicate_flagged,,
neut_account_status_agenda_001,sample_emotion_cases,the agenda is attached in the renewal folder.,neutral,0.0,,4,high_business_context;low_confidence;duplicate_flagged,,
neut_account_status_agenda_001,sample_emotion_cases,the agenda is attached in the renewal folder.,,0.0,,4,high_business_context;low_confidence;duplicate_flagged,,
neut_account_status_full_001,sample_emotion_cases,Sharing the update from finance: the meeting starts at 09:00 CET and the agenda is attached in the renewal folder.,neutral,0.0,,4,high_business_context;low_confidence;duplicate_flagged,,
neut_account_status_full_001,sample_emotion_cases,Sharing the update from finance: the meeting starts at 09:00 CET and the agenda is attached in the renewal folder.,neutral,0.0,,4,high_business_context;low_confidence;duplicate_flagged,,
neut_account_status_full_001,sample_emotion_cases,Sharing the update from finance: the meeting starts at 09:00 CET and the agenda is attached in the renewal folder.,,0.0,,4,high_business_context;low_confidence;duplicate_flagged,,
neut_sales_opening_full_001,sample_sales,"Thanks for making time. I can walk through the pilot scope, rollout plan, and how teams usually evaluate the workflow.",neutral,0.0,,4,high_business_context;low_confidence;duplicate_flagged,,
neut_sales_opening_full_001,sample_sales,"Thanks for making time. I can walk through the pilot scope, rollout plan, and how teams usually evaluate the workflow.",neutral,0.0,,4,high_business_context;low_confidence;duplicate_flagged,,
neut_sales_status_full_001,sample_emotion_cases,"For reference, the current status is that procurement is scheduled for next Tuesday and the legal review is still open.",neutral,0.0,,4,high_business_context;low_confidence;duplicate_flagged,,
neut_sales_status_full_001,sample_emotion_cases,"For reference, the current status is that procurement is scheduled for next Tuesday and the legal review is still open.",neutral,0.0,,4,high_business_context;low_confidence;duplicate_flagged,,
neut_sales_status_procurement_001,sample_emotion_cases,the current status is that procurement is scheduled for next Tuesday,neutral,0.0,,4,high_business_context;low_confidence;duplicate_flagged,,
neut_sales_status_procurement_001,sample_emotion_cases,the current status is that procurement is scheduled for next Tuesday,,0.0,,4,high_business_context;low_confidence;duplicate_flagged,,
opp_account_confirm_owners_001,sample_account_management,I'll confirm owners today and schedule a renewal review next week,opportunity_commitment,0.0,,4,high_business_context;low_confidence;duplicate_flagged,,
opp_account_confirm_owners_001,sample_account_management,I'll confirm owners today and schedule a renewal review next week,opportunity_commitment,0.0,,4,high_business_context;low_confidence;duplicate_flagged,,
opp_account_followthrough_seed_001,sample_emotion_cases,Thank you for the recovery plan. We appreciate the follow-through and that works for our renewal review.,opportunity_commitment,0.0,,4,high_business_context;low_confidence;duplicate_flagged,,
opp_account_followthrough_seed_001,sample_emotion_cases,Thank you for the recovery plan. We appreciate the follow-through and that works for our renewal review.,opportunity_commitment,0.0,,4,high_business_context;low_confidence;duplicate_flagged,,
opp_account_named_owners_001,account_management_realistic,will send named owners this afternoon with a renewal review for next Tuesday.,opportunity_commitment,0.0,,4,high_business_context;low_confidence;duplicate_flagged,,
opp_account_named_owners_001,account_management_realistic,will send named owners this afternoon with a renewal review for next Tuesday.,opportunity_commitment,0.0,,4,high_business_context;low_confidence;duplicate_flagged,,
opp_sales_pilot_interest_001,sample_sales,We're interested in a pilot next month,opportunity_commitment,0.0,,4,high_business_context;low_confidence;duplicate_flagged,,
opp_sales_plan_commitment_001,sample_sales,"I can send a pilot plan, pricing options, and a proposal by Tuesday",opportunity_commitment,0.0,,4,high_business_context;low_confidence;duplicate_flagged,,
opp_sales_procurement_path_001,sample_sales,we can bring procurement in next week.,opportunity_commitment,0.0,,4,high_business_context;low_confidence;duplicate_flagged,,
opp_sales_procurement_path_001,sample_sales,we can bring procurement in next week.,,0.0,,4,high_business_context;low_confidence;duplicate_flagged,,
opp_sales_security_packet_001,sample_sales,I can include the security packet for procurement.,opportunity_commitment,0.0,,4,high_business_context;low_confidence;duplicate_flagged,,
risk_account_reduce_seats_001,account_management_realistic,"Our renewal is 30 days out, two onboarding issues are still unresolved, and leadership is asking whether we should reduce seats if support does not stabilize.",risk_friction,0.0,,4,high_business_context;low_confidence;duplicate_flagged,,
risk_account_unresolved_001,sample_account_management,we're still dealing with two unresolved onboarding issues from the launch.,risk_friction,0.0,,4,high_business_context;low_confidence;duplicate_flagged,,
risk_account_unresolved_001,sample_account_management,we're still dealing with two unresolved onboarding issues from the launch.,,0.0,,4,high_business_context;low_confidence;duplicate_flagged,,
risk_account_vendor_risk_001,sample_account_management,"But if these issues stay open into renewal, we may cut seats, delay the renewal, or look at another vendor.",risk_friction,0.0,,4,high_business_context;low_confidence;duplicate_flagged,,
risk_account_vendor_risk_001,sample_account_management,"But if these issues stay open into renewal, we may cut seats, delay the renewal, or look at another vendor.",risk_friction,0.0,,4,high_business_context;low_confidence;duplicate_flagged,,
risk_account_vendor_risk_001,sample_account_management,"But if these issues stay open into renewal, we may cut seats, delay the renewal, or look at another vendor.",,0.0,,4,high_business_context;low_confidence;duplicate_flagged,,
risk_sales_procurement_block_001,sales_calls_realistic,"That feels vague. Without a concrete next step, security packet, and discount range, procurement will not move this week.",risk_friction,0.0,,4,high_business_context;low_confidence;duplicate_flagged,,
risk_sales_procurement_block_001,sales_calls_realistic,"That feels vague. Without a concrete next step, security packet, and discount range, procurement will not move this week.",risk_friction,0.0,,4,high_business_context;low_confidence;duplicate_flagged,,
risk_support_deflection_001,sample_support,Refund timing sits with another team,risk_friction,0.0,,4,high_business_context;low_confidence;duplicate_flagged,,
risk_support_deflection_001,sample_support,Refund timing sits with another team,risk_friction,0.0,,4,high_business_context;low_confidence;duplicate_flagged,,
risk_support_deflection_001,sample_support,Refund timing sits with another team,,0.0,,4,high_business_context;low_confidence;duplicate_flagged,,
risk_support_dispute_001,support_tickets_realistic,"That does not solve it. The failed resolution has been open since Monday, the card ending 1111 was charged twice, and if this slips again we will escalate the dispute.",risk_friction,0.0,,4,high_business_context;low_confidence;duplicate_flagged,,
risk_support_escalation_001,sample_support,"That still doesn't answer the question. I need a real date, not a FAQ, and if this is still unresolved today I'll escalate it to your manager and dispute the charge.",risk_friction,0.0,,4,high_business_context;low_confidence;duplicate_flagged,,
risk_support_refund_delay_001,sample_support,"Hi, I'm honestly pretty frustrated. Ticket 78421 has been open for 11 days and the refund still hasn't posted to our card.",risk_friction,0.0,,4,high_business_context;low_confidence;duplicate_flagged,,
risk_support_refund_delay_001,sample_support,"Hi, I'm honestly pretty frustrated. Ticket 78421 has been open for 11 days and the refund still hasn't posted to our card.",,0.0,,4,high_business_context;low_confidence;duplicate_flagged,,
unc_sales_probably_001,sales_calls_realistic,We can probably work something out on pricing,uncertainty_hedging,0.0,,4,high_business_context;low_confidence;duplicate_flagged,,
unc_sales_probably_001,sales_calls_realistic,We can probably work something out on pricing,,0.0,,4,high_business_context;low_confidence;duplicate_flagged,,
unc_sales_unknown_after_pilot_001,sales_calls_realistic,I still do not know what happens after the pilot.,uncertainty_hedging,0.0,,4,high_business_context;low_confidence;duplicate_flagged,,
candidate_0008,sample_emotion_cases,This pricing change is ridiculous and it feels unacceptable to spring it on us a day before signature.,risk_friction,0.9,,3,high_business_context,,
candidate_0016,sample_emotion_cases,We appreciate the follow-through and that works for our renewal review.,risk_friction,0.6,,3,high_business_context,,
candidate_0017,sample_emotion_cases,"For reference, the current status is that procurement is scheduled for next Tuesday and the legal review is still open.",risk_friction,0.6,,3,high_business_context,,
candidate_0018,sample_emotion_cases,Sharing the update from finance: the meeting starts at 09:00 CET and the agenda is attached in the renewal folder.,risk_friction,0.6,,3,high_business_context,,
candidate_0021,sample_emotion_cases,We're worried the migration might slip into quarter close and could impact the renewal if the issue remains open.,risk_friction,0.6,,3,high_business_context,,
candidate_0031,account_management_realistic,"Realistic synthetic account-management conversation with renewal risk, unresolved issues, and conditional expansion upside.",risk_friction,0.6,,3,high_business_context,,
candidate_0032,account_management_realistic,"Realistic synthetic account-management conversation with renewal risk, unresolved issues",risk_friction,0.6,,3,high_business_context,,
candidate_0035,sales_calls_realistic,and I still do not know what happens after the pilot.,opportunity_commitment,0.6,,3,high_business_context,,
candidate_0036,sales_calls_realistic,We can probably work something out on pricing and I can send more details later once I regroup with the team.,risk_friction,0.6,,3,high_business_context,,
candidate_0037,sales_calls_realistic,"Without a concrete next step, security packet, and discount range, procurement will not move this week.",opportunity_commitment,0.6,,3,high_business_context,,
candidate_0040,sales_calls_realistic,"Realistic synthetic sales call with pricing objection, competitor pressure, and weak next-step clarity.",risk_friction,0.6,,3,high_business_context,,
candidate_0041,sales_calls_realistic,"Realistic synthetic sales call with pricing objection, competitor pressure",risk_friction,0.6,,3,high_business_context,,
candidate_0048,support_tickets_realistic,"The failed resolution has been open since Monday, the card ending 1111 was charged twice, and if this slips again we will escalate the dispute.",risk_friction,0.6,,3,high_business_context,,
candidate_0055,sample_account_management,Our renewal is in about 45 days,risk_friction,0.6,,3,high_business_context,,
candidate_0063,sample_account_management,"Tiny deterministic account-management example with renewal risk, unresolved issues, churn pressure, and expansion upside.",risk_friction,0.6,,3,high_business_context,,
candidate_0064,sample_account_management,"Tiny deterministic account-management example with renewal risk, unresolved issues, churn pressure",risk_friction,0.6,,3,high_business_context,,
candidate_0065,sample_sales,"I can walk through the pilot scope, rollout plan, and how teams usually evaluate the workflow.",opportunity_commitment,0.6,,3,high_business_context,,
candidate_0066,sample_sales,"I can walk through the pilot scope, rollout plan",opportunity_commitment,0.6,,3,high_business_context,,
candidate_0068,sample_sales,We're interested in a pilot next month if the security review goes well and the onboarding looks lighter than what we've seen before.,opportunity_commitment,0.6,,3,high_business_context,,
candidate_0077,sample_sales,"If the discount works and security signs off, we can bring procurement in next week.",risk_friction,0.6,,3,high_business_context,,
candidate_0078,sample_sales,"Tiny deterministic sales example with buyer intent, pricing pressure, competitor mentions, and a concrete next step.",risk_friction,0.6,,3,high_business_context,,
candidate_0079,sample_sales,"Tiny deterministic sales example with buyer intent, pricing pressure, competitor mentions",risk_friction,0.6,,3,high_business_context,,
candidate_0082,sample_support,Ticket 78421 has been open for 11 days and the refund still hasn't posted to our card.,neutral,0.6,,3,high_business_context,,
candidate_0083,sample_support,"Refund timing sits with another team, so please refer to the billing FAQ for now while we look into it on our side.",risk_friction,0.6,,3,high_business_context,,
candidate_0087,sample_support,"I need a real date, not a FAQ, and if this is still unresolved today I'll escalate it to your manager and dispute the charge.",risk_friction,0.9,,3,high_business_context,,
candidate_0091,sample_support,"Tiny deterministic support escalation example with frustration, deflection, unresolved status, and escalation risk.",risk_friction,0.6,,3,high_business_context,,
candidate_0092,sample_support,"Tiny deterministic support escalation example with frustration, deflection, unresolved status",risk_friction,0.6,,3,high_business_context,,
candidate_0093,account_management_demo_output,"...tay open into renewal, we may cut seats, delay the renewal, or look at another vendor.",risk_friction,0.9,,3,high_business_context,,
candidate_0094,account_management_demo_output,Customer language indicates possible churn or seat reduction risk.,neutral,0.6,,3,high_business_context,,
candidate_0096,account_management_demo_output,"Our renewal is in about 45 days, and we're still dealing with two unresolved onboarding issues from t...",risk_friction,0.9,,3,high_business_context,,
candidate_0097,account_management_demo_output,and we're still dealing with two unresolved onboarding issues from t...,risk_friction,0.6,,3,high_business_context,,
candidate_0098,account_management_demo_output,"...f these issues stay open into renewal, we may cut seats, delay the renewal, or look at another vendor.",risk_friction,0.9,,3,high_business_context,,
candidate_0099,account_management_demo_output,"...s in about 45 days, and we're still dealing with two unresolved onboarding issues from the launch.",risk_friction,0.6,,3,high_business_context,,
candidate_0101,account_management_demo_output,Customer sentiment skews negative alongside churn or renewal risk cues.,risk_friction,0.6,,3,high_business_context,,
candidate_0106,account_management_demo_output,...m owners today and schedule a renewal review next week so we can decide whether expansion is still realistic.,opportunity_commitment,0.9,,3,high_business_context,,
candidate_0113,buyer_one_pager,"Teams already have transcripts, QA notes, CRM exports, and call recordings, but managers still lose time manually skimming conversations to find risk, coaching moments, and missed follow-up.",neutral,0.6,,3,high_business_context,,
candidate_0115,buyer_one_pager,"but managers still lose time manually skimming conversations to find risk, coaching moments",neutral,0.6,,3,high_business_context,,
candidate_0121,buyer_one_pager,"Support: deflection, low directness, frustration, escalation risk, resolution clarity",neutral,0.6,,3,high_business_context,,
candidate_0122,buyer_one_pager,"Sales: buyer intent, objections, pricing pressure, competitor mentions, next-step clarity",risk_friction,0.6,,3,high_business_context,,
candidate_0123,buyer_one_pager,"Account management: churn risk, renewal concern, unresolved issues, commitment clarity, expansion opportunity",risk_friction,0.9,,3,high_business_context,,
candidate_0127,buyer_one_pager,teams can pilot quickly without adding black-box AI risk,opportunity_commitment,0.6,,3,high_business_context,,
candidate_0132,buyer_one_pager,sales managers who want fast deal-risk readouts from call transcripts,neutral,0.6,,3,high_business_context,,
candidate_0133,buyer_one_pager,customer success and account-management leaders watching renewals and expansions,neutral,0.6,,3,high_business_context,,
candidate_0142,demo_report,"A customer follows up on an overdue refund tied to an open ticket, the agent deflects to billing and a FAQ, the issue remains unresolved, and the customer threatens escalation and a charge dispute.",risk_friction,0.6,,3,high_business_context,,
candidate_0143,demo_report,"A customer follows up on an overdue refund tied to an open ticket, the agent deflects to billing and a FAQ, the issue remains unresolved",risk_friction,0.6,,3,high_business_context,,
candidate_0145,demo_report,"""Refund timing sits with another team, so please refer to the billing FAQ for now...""",risk_friction,0.6,,3,high_business_context,,
candidate_0148,demo_report,"""...if this is still unresolved today I'll escalate it to your manager and dispute the charge.""",risk_friction,0.9,,3,high_business_context,,
candidate_0151,demo_report,"For a support QA lead, it narrows review to a vague, deflective exchange with clear customer frustration and unresolved ownership.",risk_friction,0.6,,3,high_business_context,,
candidate_0152,demo_report,"A prospect expresses interest in a pilot, raises pricing concerns, compares the product to Zendesk and Intercom, and signals procurement involvement if the next step goes well.",risk_friction,0.9,,3,high_business_context,,
candidate_0153,demo_report,"A prospect expresses interest in a pilot, raises pricing concerns, compares the product to Zendesk and Intercom",risk_friction,0.9,,3,high_business_context,,
candidate_0154,demo_report,and signals procurement involvement if the next step goes well.,opportunity_commitment,0.6,,3,high_business_context,,
candidate_0155,demo_report,"""We're interested in a pilot next month if the security review goes well...""",opportunity_commitment,0.6,,3,high_business_context,,
candidate_0157,demo_report,"""I can send a pilot plan, pricing options, and a proposal by Tuesday...""",opportunity_commitment,0.9,,3,high_business_context,,
candidate_0162,demo_report,"An existing customer is approaching renewal with unresolved onboarding issues, warns that seats may be cut or the vendor replaced, but also suggests possible expansion if stability improves.",risk_friction,0.6,,3,high_business_context,,
candidate_0163,demo_report,"An existing customer is approaching renewal with unresolved onboarding issues, warns that seats may be cut or the vendor replaced",risk_friction,0.6,,3,high_business_context,,
candidate_0165,demo_report,"""Our renewal is in about 45 days, and we're still dealing with two unresolved onboarding issues...""",risk_friction,0.9,,3,high_business_context,,
candidate_0166,demo_report,"and we're still dealing with two unresolved onboarding issues...""",risk_friction,0.6,,3,high_business_context,,
candidate_0167,demo_report,"""...we may cut seats, delay the renewal, or look at another vendor.""",risk_friction,0.9,,3,high_business_context,,
candidate_0170,demo_report,This would have improved customer-success review focus by showing both downside risk and upside potential in the same call.,neutral,0.6,,3,high_business_context,,
candidate_0188,polished_examples,detected review state: unresolved billing issue with escalation risk,risk_friction,0.6,,3,high_business_context,,
candidate_0191,polished_examples,"""Refund timing sits with another team, so I can't change it here.""",risk_friction,0.6,,3,high_business_context,,
candidate_0200,polished_examples,"It gives a reviewer a compact, auditable explanation of why the conversation suggests service risk, without relying on a broad summary or unsupported certainty claims.",neutral,0.6,,3,high_business_context,,
candidate_0201,polished_examples,"It gives a reviewer a compact, auditable explanation of why the conversation suggests service risk",neutral,0.6,,3,high_business_context,,
candidate_0203,polished_examples,"A prospective buyer is interested in moving forward, but raises pricing pressure, compares the product to a competitor, and leaves the next step weaker than ideal.",risk_friction,0.6,,3,high_business_context,,
candidate_0205,polished_examples,"but raises pricing pressure, compares the product to a competitor",risk_friction,0.6,,3,high_business_context,,
candidate_0207,polished_examples,detected review state: active deal motion with pricing and competitive pressure,risk_friction,0.6,,3,high_business_context,,
candidate_0208,polished_examples,output style: deterministic opportunity/risk flags with transcript evidence,neutral,0.6,,3,high_business_context,,
candidate_0212,polished_examples,"Tighten the next-step commitment, answer the pricing objection directly, and equip the rep with a concrete competitor comparison for the next review.",risk_friction,0.6,,3,high_business_context,,
candidate_0213,polished_examples,"Tighten the next-step commitment, answer the pricing objection directly",risk_friction,0.6,,3,high_business_context,,
candidate_0221,sales_demo_output,Buyer raised pricing or budget concerns.,risk_friction,0.6,,3,high_business_context,,
candidate_0226,sales_demo_output,We're interested in a pilot next month if the security review goes well and the onboarding looks lighter than what we...,opportunity_commitment,0.6,,3,high_business_context,,
candidate_0227,sales_demo_output,"...urity signs off, we can bring procurement in next week.",opportunity_commitment,0.6,,3,high_business_context,,
candidate_0233,support_demo_output,...s still unresolved today I'll escalate it to your manager and dispute the charge.,risk_friction,0.9,,3,high_business_context,,
candidate_0243,demo_index,"account management: `account_churn_risk, account_renewal_risk, account_unresolved_issues, account_negative_sentiment, account_expansion_opportunity, account_commitment_defined`",neutral,0.6,,3,high_business_context,,
candidate_0246,demo_index,Optional transformer benchmark not run because dependency/model cache availability could not be confirmed quickly without risking a slow demo pass.,uncertainty_hedging,0.6,,3,high_business_context,,
candidate_0252,pii_redacted_support_output,"...rged twice, and if this slips again we will escalate the dispute.",risk_friction,0.6,,3,high_business_context,,
candidate_0253,pii_redacted_support_output,...d if this slips again we will escalate the dispute.,risk_friction,0.6,,3,high_business_context,,
candidate_0289,multimodal_feature_report,"Review hedged language against concrete dates, owners, and commitments.",neutral,0.6,,3,high_business_context,,
candidate_0293,multimodal_feature_report,Matched deterministic transcript cues: escalate.,risk_friction,0.6,,3,high_business_context,,
candidate_0297,multimodal_feature_report,"Matched deterministic transcript cues: escalate, dispute.",risk_friction,0.6,,3,high_business_context,,
candidate_0298,multimodal_feature_report,Escalate for human review if unresolved operational risk keeps increasing.,risk_friction,0.6,,3,high_business_context,,
candidate_0005,emotion_benchmark_manifest,Not a production benchmark or domain proof.,neutral,0.35,,2,low_confidence,,
candidate_0008,sample_emotion_cases,This pricing change is ridiculous and it feels unacceptable to spring it on us a day before signature.,risk_friction,0.9,,2,high_business_context;duplicate_flagged,,
candidate_0015,sample_emotion_cases,Thank you for the recovery plan.,opportunity_commitment,0.0,,2,low_confidence,,
candidate_0016,sample_emotion_cases,We appreciate the follow-through and that works for our renewal review.,risk_friction,0.6,,2,high_business_context;duplicate_flagged,,
candidate_0017,sample_emotion_cases,"For reference, the current status is that procurement is scheduled for next Tuesday and the legal review is still open.",risk_friction,0.6,,2,high_business_context;duplicate_flagged,,
candidate_0018,sample_emotion_cases,Sharing the update from finance: the meeting starts at 09:00 CET and the agenda is attached in the renewal folder.,risk_friction,0.6,,2,high_business_context;duplicate_flagged,,
candidate_0021,sample_emotion_cases,We're worried the migration might slip into quarter close and could impact the renewal if the issue remains open.,risk_friction,0.6,,2,high_business_context;duplicate_flagged,,
candidate_0024,sample_emotion_cases,so please respond right away at [PHONE].,neutral,0.35,,2,low_confidence,,
candidate_0025,sample_emotion_cases,We need the revised order form by end of day because the customer deadline is before launch tomorrow.,neutral,0.0,,2,low_confidence,,
candidate_0026,account_management_realistic,"Our renewal is 30 days out, two onboarding issues are still unresolved, and leadership is asking whether we should reduce seats if support does not stabilize.",risk_friction,0.6,,2,high_business_context;duplicate_flagged,,
candidate_0026,account_management_realistic,"Our renewal is 30 days out, two onboarding issues are still unresolved, and leadership is asking whether we should reduce seats if support does not stabilize.",risk_friction,0.6,,2,high_business_context;duplicate_flagged,,
candidate_0027,account_management_realistic,"Our renewal is 30 days out, two onboarding issues are still unresolved",risk_friction,0.6,,2,high_business_context;duplicate_flagged,,
candidate_0027,account_management_realistic,"Our renewal is 30 days out, two onboarding issues are still unresolved",risk_friction,0.6,,2,high_business_context;duplicate_flagged,,
candidate_0029,account_management_realistic,I own the recovery plan and will send named owners this afternoon with a renewal review for next Tuesday.,opportunity_commitment,0.9,,2,high_business_context;duplicate_flagged,,
candidate_0029,account_management_realistic,I own the recovery plan and will send named owners this afternoon with a renewal review for next Tuesday.,opportunity_commitment,0.9,,2,high_business_context;duplicate_flagged,,
candidate_0030,account_management_realistic,"If the recovery plan lands and the integrations are fixed, we may still expand analytics seats later this quarter.",opportunity_commitment,0.0,,2,low_confidence,,
candidate_0031,account_management_realistic,"Realistic synthetic account-management conversation with renewal risk, unresolved issues, and conditional expansion upside.",risk_friction,0.6,,2,high_business_context;duplicate_flagged,,
candidate_0032,account_management_realistic,"Realistic synthetic account-management conversation with renewal risk, unresolved issues",risk_friction,0.6,,2,high_business_context;duplicate_flagged,,
candidate_0033,sales_calls_realistic,"We're interested, but the enterprise price is higher than Zendesk and Intercom, and I still do not know what happens after the pilot.",risk_friction,0.9,,2,high_business_context;duplicate_flagged,,
candidate_0033,sales_calls_realistic,"We're interested, but the enterprise price is higher than Zendesk and Intercom, and I still do not know what happens after the pilot.",risk_friction,0.9,,2,high_business_context;duplicate_flagged,,
candidate_0034,sales_calls_realistic,but the enterprise price is higher than Zendesk and Intercom,risk_friction,0.0,,2,low_confidence,,
candidate_0035,sales_calls_realistic,and I still do not know what happens after the pilot.,opportunity_commitment,0.6,,2,high_business_context;duplicate_flagged,,
candidate_0036,sales_calls_realistic,We can probably work something out on pricing and I can send more details later once I regroup with the team.,risk_friction,0.6,,2,high_business_context;duplicate_flagged,,
candidate_0037,sales_calls_realistic,"Without a concrete next step, security packet, and discount range, procurement will not move this week.",opportunity_commitment,0.6,,2,high_business_context;duplicate_flagged,,
candidate_0039,sales_calls_realistic,"and discount range, procurement will not move this week.",risk_friction,0.6,,2,high_business_context;duplicate_flagged,,
candidate_0039,sales_calls_realistic,"and discount range, procurement will not move this week.",risk_friction,0.6,,2,high_business_context;duplicate_flagged,,
candidate_0040,sales_calls_realistic,"Realistic synthetic sales call with pricing objection, competitor pressure, and weak next-step clarity.",risk_friction,0.6,,2,high_business_context;duplicate_flagged,,
candidate_0041,sales_calls_realistic,"Realistic synthetic sales call with pricing objection, competitor pressure",risk_friction,0.6,,2,high_business_context;duplicate_flagged,,
candidate_0042,support_tickets_realistic,I'm frustrated that invoice 8842 still shows the wrong total and nobody has confirmed when the credit will post.,risk_friction,0.0,,2,low_confidence,,
candidate_0044,support_tickets_realistic,"Billing is still reviewing it, so please check the help center article for now while we wait for their response.",uncertainty_hedging,0.0,,2,low_confidence,,
candidate_0045,support_tickets_realistic,Billing is still reviewing it,neutral,0.35,,2,low_confidence,,
candidate_0046,support_tickets_realistic,so please check the help center article for now while we wait for their response.,uncertainty_hedging,0.0,,2,low_confidence,,
candidate_0047,support_tickets_realistic,That does not solve it.,neutral,0.35,,2,low_confidence,,
candidate_0048,support_tickets_realistic,"The failed resolution has been open since Monday, the card ending 1111 was charged twice, and if this slips again we will escalate the dispute.",risk_friction,0.6,,2,high_business_context;duplicate_flagged,,
candidate_0050,support_tickets_realistic,and if this slips again we will escalate the dispute.,risk_friction,0.6,,2,high_business_context;duplicate_flagged,,
candidate_0050,support_tickets_realistic,and if this slips again we will escalate the dispute.,risk_friction,0.6,,2,high_business_context;duplicate_flagged,,
candidate_0053,support_tickets_realistic,and synthetic PII for redaction validation.,neutral,0.35,,2,low_confidence,,
candidate_0054,sample_account_management,"Our renewal is in about 45 days, and we're still dealing with two unresolved onboarding issues from the launch.",risk_friction,0.9,,2,high_business_context;duplicate_flagged,,
candidate_0054,sample_account_management,"Our renewal is in about 45 days, and we're still dealing with two unresolved onboarding issues from the launch.",risk_friction,0.9,,2,high_business_context;duplicate_flagged,,
candidate_0055,sample_account_management,Our renewal is in about 45 days,risk_friction,0.6,,2,high_business_context;duplicate_flagged,,
candidate_0056,sample_account_management,and we're still dealing with two unresolved onboarding issues from the launch.,risk_friction,0.6,,2,high_business_context;duplicate_flagged,,
candidate_0056,sample_account_management,and we're still dealing with two unresolved onboarding issues from the launch.,risk_friction,0.6,,2,high_business_context;duplicate_flagged,,
candidate_0057,sample_account_management,I own the action items and will send a recovery plan by Friday with owners for each open item.,opportunity_commitment,0.0,,2,low_confidence,,
candidate_0059,sample_account_management,"But if these issues stay open into renewal, we may cut seats, delay the renewal, or look at another vendor.",risk_friction,0.9,,2,high_business_context;duplicate_flagged,,
candidate_0059,sample_account_management,"But if these issues stay open into renewal, we may cut seats, delay the renewal, or look at another vendor.",risk_friction,0.9,,2,high_business_context;duplicate_flagged,,
candidate_0060,sample_account_management,I'll confirm owners today and schedule a renewal review next week so we can decide whether expansion is still realistic.,opportunity_commitment,0.9,,2,high_business_context;duplicate_flagged,,
candidate_0060,sample_account_management,I'll confirm owners today and schedule a renewal review next week so we can decide whether expansion is still realistic.,opportunity_commitment,0.9,,2,high_business_context;duplicate_flagged,,
candidate_0061,sample_account_management,"Okay, but if this slips again finance will ask whether we should downgrade or switch.",risk_friction,0.0,,2,low_confidence,,
candidate_0062,sample_account_management,but if this slips again finance will ask whether we should downgrade or switch.,risk_friction,0.0,,2,low_confidence,,
candidate_0063,sample_account_management,"Tiny deterministic account-management example with renewal risk, unresolved issues, churn pressure, and expansion upside.",risk_friction,0.6,,2,high_business_context;duplicate_flagged,,
candidate_0064,sample_account_management,"Tiny deterministic account-management example with renewal risk, unresolved issues, churn pressure",risk_friction,0.6,,2,high_business_context;duplicate_flagged,,
candidate_0065,sample_sales,"I can walk through the pilot scope, rollout plan, and how teams usually evaluate the workflow.",opportunity_commitment,0.6,,2,high_business_context;duplicate_flagged,,
candidate_0066,sample_sales,"I can walk through the pilot scope, rollout plan",opportunity_commitment,0.6,,2,high_business_context;duplicate_flagged,,
candidate_0067,sample_sales,and how teams usually evaluate the workflow.,neutral,0.0,,2,low_confidence,,
candidate_0068,sample_sales,We're interested in a pilot next month if the security review goes well and the onboarding looks lighter than what we've seen before.,opportunity_commitment,0.6,,2,high_business_context;duplicate_flagged,,
candidate_0070,sample_sales,"The seat cost feels expensive versus Zendesk, and the team is also comparing you to Intercom.",risk_friction,0.0,,2,low_confidence,,
candidate_0071,sample_sales,The seat cost feels expensive versus Zendesk,risk_friction,0.0,,2,low_confidence,,
candidate_0073,sample_sales,"I can send a pilot plan, pricing options, and a proposal by Tuesday, and I can include the security packet for procurement.",opportunity_commitment,0.9,,2,high_business_context;duplicate_flagged,,
candidate_0073,sample_sales,"I can send a pilot plan, pricing options, and a proposal by Tuesday, and I can include the security packet for procurement.",opportunity_commitment,0.9,,2,high_business_context;duplicate_flagged,,
candidate_0074,sample_sales,"I can send a pilot plan, pricing options",opportunity_commitment,0.9,,2,high_business_context;duplicate_flagged,,
candidate_0074,sample_sales,"I can send a pilot plan, pricing options",opportunity_commitment,0.9,,2,high_business_context;duplicate_flagged,,
candidate_0075,sample_sales,and a proposal by Tuesday,opportunity_commitment,0.0,,2,low_confidence,,
candidate_0076,sample_sales,and I can include the security packet for procurement.,opportunity_commitment,0.6,,2,high_business_context;duplicate_flagged,,
candidate_0076,sample_sales,and I can include the security packet for procurement.,opportunity_commitment,0.6,,2,high_business_context;duplicate_flagged,,
candidate_0077,sample_sales,"If the discount works and security signs off, we can bring procurement in next week.",risk_friction,0.6,,2,high_business_context;duplicate_flagged,,
candidate_0078,sample_sales,"Tiny deterministic sales example with buyer intent, pricing pressure, competitor mentions, and a concrete next step.",risk_friction,0.6,,2,high_business_context;duplicate_flagged,,
candidate_0079,sample_sales,"Tiny deterministic sales example with buyer intent, pricing pressure, competitor mentions",risk_friction,0.6,,2,high_business_context;duplicate_flagged,,
candidate_0082,sample_support,Ticket 78421 has been open for 11 days and the refund still hasn't posted to our card.,neutral,0.6,,2,high_business_context;duplicate_flagged,,
candidate_0083,sample_support,"Refund timing sits with another team, so please refer to the billing FAQ for now while we look into it on our side.",risk_friction,0.6,,2,high_business_context;duplicate_flagged,,
candidate_0084,sample_support,Refund timing sits with another team,risk_friction,0.6,,2,high_business_context;duplicate_flagged,,
candidate_0084,sample_support,Refund timing sits with another team,risk_friction,0.6,,2,high_business_context;duplicate_flagged,,
candidate_0085,sample_support,so please refer to the billing FAQ for now while we look into it on our side.,risk_friction,0.0,,2,low_confidence,,
candidate_0086,sample_support,That still doesn't answer the question.,neutral,0.35,,2,low_confidence,,
candidate_0087,sample_support,"I need a real date, not a FAQ, and if this is still unresolved today I'll escalate it to your manager and dispute the charge.",risk_friction,0.9,,2,high_business_context;duplicate_flagged,,
candidate_0089,sample_support,and if this is still unresolved today I'll escalate it to your manager and dispute the charge.,risk_friction,0.9,,2,high_business_context;duplicate_flagged,,
candidate_0089,sample_support,and if this is still unresolved today I'll escalate it to your manager and dispute the charge.,risk_friction,0.9,,2,high_business_context;duplicate_flagged,,
candidate_0091,sample_support,"Tiny deterministic support escalation example with frustration, deflection, unresolved status, and escalation risk.",risk_friction,0.6,,2,high_business_context;duplicate_flagged,,
candidate_0092,sample_support,"Tiny deterministic support escalation example with frustration, deflection, unresolved status",risk_friction,0.6,,2,high_business_context;duplicate_flagged,,
candidate_0093,account_management_demo_output,"...tay open into renewal, we may cut seats, delay the renewal, or look at another vendor.",risk_friction,0.9,,2,high_business_context;duplicate_flagged,,
candidate_0094,account_management_demo_output,Customer language indicates possible churn or seat reduction risk.,neutral,0.6,,2,high_business_context;duplicate_flagged,,
candidate_0096,account_management_demo_output,"Our renewal is in about 45 days, and we're still dealing with two unresolved onboarding issues from t...",risk_friction,0.9,,2,high_business_context;duplicate_flagged,,
candidate_0097,account_management_demo_output,and we're still dealing with two unresolved onboarding issues from t...,risk_friction,0.6,,2,high_business_context;duplicate_flagged,,
candidate_0098,account_management_demo_output,"...f these issues stay open into renewal, we may cut seats, delay the renewal, or look at another vendor.",risk_friction,0.9,,2,high_business_context;duplicate_flagged,,
candidate_0099,account_management_demo_output,"...s in about 45 days, and we're still dealing with two unresolved onboarding issues from the launch.",risk_friction,0.6,,2,high_business_context;duplicate_flagged,,
candidate_0100,account_management_demo_output,...s in about 45 days,neutral,0.35,,2,low_confidence,,
candidate_0101,account_management_demo_output,Customer sentiment skews negative alongside churn or renewal risk cues.,risk_friction,0.6,,2,high_business_context;duplicate_flagged,,
candidate_0106,account_management_demo_output,...m owners today and schedule a renewal review next week so we can decide whether expansion is still realistic.,opportunity_commitment,0.9,,2,high_business_context;duplicate_flagged,,
candidate_0107,account_management_demo_output,domain-specific lexicon and role rules,neutral,0.35,,2,low_confidence,,
candidate_0108,account_management_demo_output,optional retrieval and long-context review,neutral,0.35,,2,low_confidence,,
candidate_0113,buyer_one_pager,"Teams already have transcripts, QA notes, CRM exports, and call recordings, but managers still lose time manually skimming conversations to find risk, coaching moments, and missed follow-up.",neutral,0.6,,2,high_business_context;duplicate_flagged,,
candidate_0115,buyer_one_pager,"but managers still lose time manually skimming conversations to find risk, coaching moments",neutral,0.6,,2,high_business_context;duplicate_flagged,,
candidate_0119,buyer_one_pager,"It surfaces concrete signals, evidence snippets",neutral,0.35,,2,low_confidence,,
candidate_0121,buyer_one_pager,"Support: deflection, low directness, frustration, escalation risk, resolution clarity",neutral,0.6,,2,high_business_context;duplicate_flagged,,
candidate_0122,buyer_one_pager,"Sales: buyer intent, objections, pricing pressure, competitor mentions, next-step clarity",risk_friction,0.6,,2,high_business_context;duplicate_flagged,,
candidate_0123,buyer_one_pager,"Account management: churn risk, renewal concern, unresolved issues, commitment clarity, expansion opportunity",risk_friction,0.9,,2,high_business_context;duplicate_flagged,,
candidate_0125,buyer_one_pager,outputs are repeatable across runs,neutral,0.35,,2,low_confidence,,
candidate_0127,buyer_one_pager,teams can pilot quickly without adding black-box AI risk,opportunity_commitment,0.6,,2,high_business_context;duplicate_flagged,,
candidate_0128,buyer_one_pager,run on 50–500 historical conversations,neutral,0.35,,2,low_confidence,,
candidate_0129,buyer_one_pager,accept CSV or JSON export,neutral,0.35,,2,low_confidence,,
candidate_0132,buyer_one_pager,sales managers who want fast deal-risk readouts from call transcripts,neutral,0.6,,2,high_business_context;duplicate_flagged,,
candidate_0133,buyer_one_pager,customer success and account-management leaders watching renewals and expansions,neutral,0.6,,2,high_business_context;duplicate_flagged,,
candidate_0137,demo_report,"deterministic conversation intelligence across support, sales",neutral,0.35,,2,low_confidence,,
candidate_0138,demo_report,transcript-first analysis with evidence-backed signals,neutral,0.35,,2,low_confidence,,
candidate_0141,demo_report,"no LLM dependency, no external API dependency",neutral,0.35,,2,low_confidence,,
candidate_0142,demo_report,"A customer follows up on an overdue refund tied to an open ticket, the agent deflects to billing and a FAQ, the issue remains unresolved, and the customer threatens escalation and a charge dispute.",risk_friction,0.6,,2,high_business_context;duplicate_flagged,,
candidate_0143,demo_report,"A customer follows up on an overdue refund tied to an open ticket, the agent deflects to billing and a FAQ, the issue remains unresolved",risk_friction,0.6,,2,high_business_context;duplicate_flagged,,
candidate_0145,demo_report,"""Refund timing sits with another team, so please refer to the billing FAQ for now...""",risk_friction,0.6,,2,high_business_context;duplicate_flagged,,
candidate_0147,demo_report,"I need a real date...""",neutral,0.35,,2,low_confidence,,
candidate_0148,demo_report,"""...if this is still unresolved today I'll escalate it to your manager and dispute the charge.""",risk_friction,0.9,,2,high_business_context;duplicate_flagged,,
candidate_0151,demo_report,"For a support QA lead, it narrows review to a vague, deflective exchange with clear customer frustration and unresolved ownership.",risk_friction,0.6,,2,high_business_context;duplicate_flagged,,
candidate_0152,demo_report,"A prospect expresses interest in a pilot, raises pricing concerns, compares the product to Zendesk and Intercom, and signals procurement involvement if the next step goes well.",risk_friction,0.9,,2,high_business_context;duplicate_flagged,,
candidate_0153,demo_report,"A prospect expresses interest in a pilot, raises pricing concerns, compares the product to Zendesk and Intercom",risk_friction,0.9,,2,high_business_context;duplicate_flagged,,
candidate_0154,demo_report,and signals procurement involvement if the next step goes well.,opportunity_commitment,0.6,,2,high_business_context;duplicate_flagged,,
candidate_0155,demo_report,"""We're interested in a pilot next month if the security review goes well...""",opportunity_commitment,0.6,,2,high_business_context;duplicate_flagged,,
candidate_0157,demo_report,"""I can send a pilot plan, pricing options, and a proposal by Tuesday...""",opportunity_commitment,0.9,,2,high_business_context;duplicate_flagged,,
candidate_0162,demo_report,"An existing customer is approaching renewal with unresolved onboarding issues, warns that seats may be cut or the vendor replaced, but also suggests possible expansion if stability improves.",risk_friction,0.6,,2,high_business_context;duplicate_flagged,,
candidate_0163,demo_report,"An existing customer is approaching renewal with unresolved onboarding issues, warns that seats may be cut or the vendor replaced",risk_friction,0.6,,2,high_business_context;duplicate_flagged,,
candidate_0165,demo_report,"""Our renewal is in about 45 days, and we're still dealing with two unresolved onboarding issues...""",risk_friction,0.9,,2,high_business_context;duplicate_flagged,,
candidate_0166,demo_report,"and we're still dealing with two unresolved onboarding issues...""",risk_friction,0.6,,2,high_business_context;duplicate_flagged,,
candidate_0167,demo_report,"""...we may cut seats, delay the renewal, or look at another vendor.""",risk_friction,0.9,,2,high_business_context;duplicate_flagged,,
candidate_0170,demo_report,This would have improved customer-success review focus by showing both downside risk and upside potential in the same call.,neutral,0.6,,2,high_business_context;duplicate_flagged,,
candidate_0174,demo_report,python scripts/signal_engine_analyze.py --domain support data/signal_engine_2_0/sample_support.json,neutral,0.35,,2,low_confidence,,
candidate_0175,demo_report,python scripts/signal_engine_analyze.py --domain sales data/signal_engine_2_0/sample_sales.json,neutral,0.35,,2,low_confidence,,
candidate_0176,demo_report,python scripts/signal_engine_analyze.py --domain account_management data/signal_engine_2_0/sample_account_management.json,neutral,0.35,,2,low_confidence,,
candidate_0178,demo_report,not a black-box AI score,neutral,0.35,,2,low_confidence,,
candidate_0179,demo_report,not a replacement for managers,neutral,0.35,,2,low_confidence,,
candidate_0182,polished_examples,"These examples are recruiter-, buyer-",neutral,0.35,,2,low_confidence,,
candidate_0188,polished_examples,detected review state: unresolved billing issue with escalation risk,risk_friction,0.6,,2,high_business_context;duplicate_flagged,,
candidate_0190,polished_examples,"output style: deterministic flags, evidence snippets",neutral,0.35,,2,low_confidence,,
candidate_0191,polished_examples,"""Refund timing sits with another team, so I can't change it here.""",risk_friction,0.6,,2,high_business_context;duplicate_flagged,,
candidate_0192,polished_examples,"so I can't change it here.""",neutral,0.35,,2,low_confidence,,
candidate_0199,polished_examples,Why the output is useful:,neutral,0.35,,2,low_confidence,,
candidate_0200,polished_examples,"It gives a reviewer a compact, auditable explanation of why the conversation suggests service risk, without relying on a broad summary or unsupported certainty claims.",neutral,0.6,,2,high_business_context;duplicate_flagged,,
candidate_0201,polished_examples,"It gives a reviewer a compact, auditable explanation of why the conversation suggests service risk",neutral,0.6,,2,high_business_context;duplicate_flagged,,
candidate_0203,polished_examples,"A prospective buyer is interested in moving forward, but raises pricing pressure, compares the product to a competitor, and leaves the next step weaker than ideal.",risk_friction,0.6,,2,high_business_context;duplicate_flagged,,
candidate_0205,polished_examples,"but raises pricing pressure, compares the product to a competitor",risk_friction,0.6,,2,high_business_context;duplicate_flagged,,
candidate_0207,polished_examples,detected review state: active deal motion with pricing and competitive pressure,risk_friction,0.6,,2,high_business_context;duplicate_flagged,,
candidate_0208,polished_examples,output style: deterministic opportunity/risk flags with transcript evidence,neutral,0.6,,2,high_business_context;duplicate_flagged,,
candidate_0211,polished_examples,"""Let's try to regroup sometime next week.""",neutral,0.35,,2,low_confidence,,
candidate_0212,polished_examples,"Tighten the next-step commitment, answer the pricing objection directly, and equip the rep with a concrete competitor comparison for the next review.",risk_friction,0.6,,2,high_business_context;duplicate_flagged,,
candidate_0213,polished_examples,"Tighten the next-step commitment, answer the pricing objection directly",risk_friction,0.6,,2,high_business_context;duplicate_flagged,,
candidate_0219,polished_examples,and what requires review next,neutral,0.35,,2,low_confidence,,
candidate_0221,sales_demo_output,Buyer raised pricing or budget concerns.,risk_friction,0.6,,2,high_business_context;duplicate_flagged,,
candidate_0223,sales_demo_output,and the team is also comparing yo...,neutral,0.35,,2,low_confidence,,
candidate_0226,sales_demo_output,We're interested in a pilot next month if the security review goes well and the onboarding looks lighter than what we...,opportunity_commitment,0.6,,2,high_business_context;duplicate_flagged,,
candidate_0227,sales_demo_output,"...urity signs off, we can bring procurement in next week.",opportunity_commitment,0.6,,2,high_business_context;duplicate_flagged,,
candidate_0228,sales_demo_output,"I can send a pilot plan, pricing options, and a proposal by Tuesday, and I can include the security packet for pr...",opportunity_commitment,0.9,,2,high_business_context;duplicate_flagged,,
candidate_0228,sales_demo_output,"I can send a pilot plan, pricing options, and a proposal by Tuesday, and I can include the security packet for pr...",opportunity_commitment,0.9,,2,high_business_context;duplicate_flagged,,
candidate_0233,support_demo_output,...s still unresolved today I'll escalate it to your manager and dispute the charge.,risk_friction,0.9,,2,high_business_context;duplicate_flagged,,
candidate_0234,support_demo_output,Escalation language detected in the support exchange.,neutral,0.35,,2,low_confidence,,
candidate_0235,demo_index,`/Users/keith/.pyenv/versions/3.11.3/bin/python scripts/signal_engine_analyze.py --domain support data/signal_engine_2_0/sample_support.json`,neutral,0.35,,2,low_confidence,,
candidate_0236,demo_index,`/Users/keith/.pyenv/versions/3.11.3/bin/python scripts/signal_engine_analyze.py --domain sales data/signal_engine_2_0/sample_sales.json`,neutral,0.35,,2,low_confidence,,
candidate_0237,demo_index,`/Users/keith/.pyenv/versions/3.11.3/bin/python scripts/signal_engine_analyze.py --domain account_management data/signal_engine_2_0/sample_account_management.json`,neutral,0.35,,2,low_confidence,,
candidate_0238,demo_index,`/Users/keith/.pyenv/versions/3.11.3/bin/python scripts/signal_engine_analyze.py --domain support --redact-pii data/signal_engine_2_0/fixtures/support_tickets_realistic.jsonl`,neutral,0.35,,2,low_confidence,,
candidate_0243,demo_index,"account management: `account_churn_risk, account_renewal_risk, account_unresolved_issues, account_negative_sentiment, account_expansion_opportunity, account_commitment_defined`",neutral,0.6,,2,high_business_context;duplicate_flagged,,
candidate_0246,demo_index,Optional transformer benchmark not run because dependency/model cache availability could not be confirmed quickly without risking a slow demo pass.,uncertainty_hedging,0.6,,2,high_business_context;duplicate_flagged,,
candidate_0247,demo_index,deterministic transcript outputs remain canonical,neutral,0.35,,2,low_confidence,,
candidate_0248,demo_index,benchmark fixture is tiny and handcrafted,neutral,0.35,,2,low_confidence,,
candidate_0252,pii_redacted_support_output,"...rged twice, and if this slips again we will escalate the dispute.",risk_friction,0.6,,2,high_business_context;duplicate_flagged,,
candidate_0253,pii_redacted_support_output,...d if this slips again we will escalate the dispute.,risk_friction,0.6,,2,high_business_context;duplicate_flagged,,
candidate_0257,report,| path | size_bytes | record_count |,neutral,0.35,,2,low_confidence,,
candidate_0260,report,| label | support |,neutral,0.35,,2,low_confidence,,
candidate_0261,report,| anger | 2 |,neutral,0.35,,2,low_confidence,,
candidate_0262,report,| frustration | 2 |,neutral,0.35,,2,low_confidence,,
candidate_0263,report,| confusion | 2 |,neutral,0.35,,2,low_confidence,,
candidate_0264,report,| satisfaction | 2 |,neutral,0.35,,2,low_confidence,,
candidate_0265,report,| neutral | 2 |,neutral,0.35,,2,low_confidence,,
candidate_0267,report,| urgency | 2 |,neutral,0.35,,2,low_confidence,,
candidate_0284,report,"by_type: `{""email"": 1, ""phone"": 1}`",neutral,0.35,,2,low_confidence,,
candidate_0289,multimodal_feature_report,"Review hedged language against concrete dates, owners, and commitments.",neutral,0.6,,2,high_business_context;duplicate_flagged,,
candidate_0290,multimodal_feature_report,"Review hedged language against concrete dates, owners",neutral,0.35,,2,low_confidence,,
candidate_0293,multimodal_feature_report,Matched deterministic transcript cues: escalate.,risk_friction,0.6,,2,high_business_context;duplicate_flagged,,
candidate_0297,multimodal_feature_report,"Matched deterministic transcript cues: escalate, dispute.",risk_friction,0.6,,2,high_business_context;duplicate_flagged,,
candidate_0298,multimodal_feature_report,Escalate for human review if unresolved operational risk keeps increasing.,risk_friction,0.6,,2,high_business_context;duplicate_flagged,,
candidate_0300,multimodal_feature_report,audio and video are optional support only.,neutral,0.35,,2,low_confidence,,
candidate_0301,multimodal_feature_report,No audio file was provided.,neutral,0.35,,2,low_confidence,,
candidate_0303,multimodal_feature_report,No video file was provided.,neutral,0.35,,2,low_confidence,,
candidate_0304,multimodal_feature_report,Video cues remain optional review support only.,neutral,0.35,,2,low_confidence,,
candidate_0311,multimodal_feature_report,Transcript-first deterministic evidence remains canonical.,neutral,0.35,,2,low_confidence,,
candidate_0313,multimodal_feature_report,"Missing or unsupported modalities: audio, video.",neutral,0.35,,2,low_confidence,,
gold_candidate_risk_sales_pricing_objection_001,sample_sales,"My main concern is price. The seat cost feels expensive versus Zendesk, and the team is also comparing you to Intercom.",risk_friction,0.0,,2,low_confidence,,
gold_candidate_risk_support_anger_seed_001,sample_emotion_cases,I'm angry that your team charged the wrong card again and closed the ticket without notice.,risk_friction,0.0,,2,low_confidence,,
gold_candidate_risk_support_help_center_001,support_tickets_realistic,"Billing is still reviewing it, so please check the help center article for now while we wait for their response.",risk_friction,0.0,,2,low_confidence,,
gold_candidate_unc_account_rollout_condition_001,sample_account_management,If the rollout stabilizes this quarter,uncertainty_hedging,0.0,,2,low_confidence,,
gold_candidate_unc_sales_confusion_seed_001,sample_emotion_cases,Can you explain what this new implementation fee covers? I don't understand the difference between the two quotes.,uncertainty_hedging,0.0,,2,low_confidence,,
gold_candidate_unc_sales_discount_signoff_001,sample_sales,If the discount works and security signs off,uncertainty_hedging,0.0,,2,low_confidence,,
gold_candidate_unc_support_waiting_update_001,sample_support,We are still looking into it and someone will reach out later once billing has an update.,uncertainty_hedging,0.0,,2,low_confidence,,
neut_account_status_intro_001,sample_emotion_cases,Sharing the update from finance:,neutral,0.0,,2,low_confidence,,
neut_account_status_intro_001,signal_labels_review_packet,Sharing the update from finance:,neutral,0.0,,2,low_confidence,,
neut_account_status_intro_001,second_review_template,Sharing the update from finance:,neutral,0.0,,2,low_confidence,,
neut_account_status_meeting_001,sample_emotion_cases,the meeting starts at 09:00 CET,neutral,0.0,,2,low_confidence,,
neut_account_status_meeting_001,signal_labels_review_packet,the meeting starts at 09:00 CET,neutral,0.0,,2,low_confidence,,
neut_account_status_meeting_001,second_review_priority_queue,the meeting starts at 09:00 CET,neutral,0.0,,2,low_confidence,,
neut_account_status_meeting_001,second_review_template,the meeting starts at 09:00 CET,neutral,0.0,,2,low_confidence,,
neut_account_status_meeting_001,sample_emotion_cases,the meeting starts at 09:00 CET,,0.0,,2,low_confidence,,
neut_sales_acknowledgement_001,sample_sales,Understood.,neutral,0.0,,2,low_confidence,,
neut_sales_acknowledgement_001,signal_labels_review_packet,Understood.,neutral,0.0,,2,low_confidence,,
neut_sales_acknowledgement_001,second_review_template,Understood.,neutral,0.0,,2,low_confidence,,
neut_sales_legal_status_001,sample_emotion_cases,the legal review is still open.,neutral,0.0,,2,low_confidence,,
neut_sales_legal_status_001,signal_labels_review_packet,the legal review is still open.,neutral,0.0,,2,low_confidence,,
neut_sales_legal_status_001,second_review_template,the legal review is still open.,neutral,0.0,,2,low_confidence,,
neut_sales_opening_thanks_001,sample_sales,Thanks for making time.,neutral,0.0,,2,low_confidence,,
neut_sales_opening_thanks_001,signal_labels_review_packet,Thanks for making time.,neutral,0.0,,2,low_confidence,,
neut_sales_opening_thanks_001,second_review_template,Thanks for making time.,neutral,0.0,,2,low_confidence,,
opp_account_expand_realistic_001,account_management_realistic,we may still expand analytics seats later this quarter.,opportunity_commitment,0.0,,2,low_confidence,,
opp_account_expand_realistic_001,signal_labels_review_packet,we may still expand analytics seats later this quarter.,opportunity_commitment,0.0,,2,low_confidence,,
opp_account_expand_realistic_001,second_review_template,we may still expand analytics seats later this quarter.,opportunity_commitment,0.0,,2,low_confidence,,
opp_account_expand_support_001,sample_account_management,we may add the support team and upgrade to the enterprise package.,opportunity_commitment,0.0,,2,low_confidence,,
opp_account_expand_support_001,signal_labels_review_packet,we may add the support team and upgrade to the enterprise package.,opportunity_commitment,0.0,,2,low_confidence,,
opp_account_expand_support_001,second_review_template,we may add the support team and upgrade to the enterprise package.,opportunity_commitment,0.0,,2,low_confidence,,
opp_account_own_recovery_001,account_management_realistic,I own the recovery plan,opportunity_commitment,0.0,,2,low_confidence,,
opp_account_own_recovery_001,signal_labels_review_packet,I own the recovery plan,opportunity_commitment,0.0,,2,low_confidence,,
opp_account_own_recovery_001,second_review_priority_queue,I own the recovery plan,opportunity_commitment,0.0,,2,low_confidence,,
opp_account_own_recovery_001,second_review_template,I own the recovery plan,opportunity_commitment,0.0,,2,low_confidence,,
opp_account_own_recovery_001,account_management_realistic,I own the recovery plan,,0.0,,2,low_confidence,,
opp_account_recovery_plan_001,signal_labels_review_packet,I own the action items and will send a recovery plan by Friday with owners for each open item.,opportunity_commitment,0.0,,2,low_confidence,,
opp_account_recovery_plan_001,second_review_priority_queue,I own the action items and will send a recovery plan by Friday with owners for each open item.,opportunity_commitment,0.0,,2,low_confidence,,
opp_account_recovery_plan_001,second_review_template,I own the action items and will send a recovery plan by Friday with owners for each open item.,opportunity_commitment,0.0,,2,low_confidence,,
opp_account_recovery_plan_001,sample_account_management,I own the action items and will send a recovery plan by Friday with owners for each open item.,,0.0,,2,low_confidence,,
opp_sales_security_review_path_001,sample_sales,the onboarding looks lighter than what we've seen before.,opportunity_commitment,0.0,,2,low_confidence,,
opp_sales_security_review_path_001,signal_labels_review_packet,the onboarding looks lighter than what we've seen before.,opportunity_commitment,0.0,,2,low_confidence,,
opp_sales_security_review_path_001,second_review_priority_queue,the onboarding looks lighter than what we've seen before.,opportunity_commitment,0.0,,2,low_confidence,,
opp_sales_security_review_path_001,second_review_template,the onboarding looks lighter than what we've seen before.,opportunity_commitment,0.0,,2,low_confidence,,
opp_sales_security_review_path_001,sample_sales,the onboarding looks lighter than what we've seen before.,,0.0,,2,low_confidence,,
opp_support_resolution_seed_001,sample_emotion_cases,"Thanks, the replacement order arrived this morning and I'm happy with how quickly your team solved it.",opportunity_commitment,0.0,,2,low_confidence,,
opp_support_resolution_seed_001,signal_labels_review_packet,"Thanks, the replacement order arrived this morning and I'm happy with how quickly your team solved it.",opportunity_commitment,0.0,,2,low_confidence,,
opp_support_resolution_seed_001,second_review_template,"Thanks, the replacement order arrived this morning and I'm happy with how quickly your team solved it.",opportunity_commitment,0.0,,2,low_confidence,,
risk_sales_pricing_objection_001,signal_labels_review_packet,"My main concern is price. The seat cost feels expensive versus Zendesk, and the team is also comparing you to Intercom.",risk_friction,0.0,,2,low_confidence,,
risk_sales_pricing_objection_001,second_review_template,"My main concern is price. The seat cost feels expensive versus Zendesk, and the team is also comparing you to Intercom.",risk_friction,0.0,,2,low_confidence,,
risk_support_anger_seed_001,signal_labels_review_packet,I'm angry that your team charged the wrong card again and closed the ticket without notice.,risk_friction,0.0,,2,low_confidence,,
risk_support_anger_seed_001,second_review_template,I'm angry that your team charged the wrong card again and closed the ticket without notice.,risk_friction,0.0,,2,low_confidence,,
risk_support_billing_delay_001,support_tickets_realistic,I'm frustrated that invoice 8842 still shows the wrong total and nobody has confirmed when the credit will post. Please send the update to [EMAIL] or call [PHONE].,risk_friction,0.0,,2,low_confidence,,
risk_support_billing_delay_001,signal_labels_review_packet,I'm frustrated that invoice 8842 still shows the wrong total and nobody has confirmed when the credit will post. Please send the update to [EMAIL] or call [PHONE].,risk_friction,0.0,,2,low_confidence,,
risk_support_billing_delay_001,second_review_template,I'm frustrated that invoice 8842 still shows the wrong total and nobody has confirmed when the credit will post. Please send the update to [EMAIL] or call [PHONE].,risk_friction,0.0,,2,low_confidence,,
risk_support_help_center_001,signal_labels_review_packet,"Billing is still reviewing it, so please check the help center article for now while we wait for their response.",risk_friction,0.0,,2,low_confidence,,
risk_support_help_center_001,second_review_template,"Billing is still reviewing it, so please check the help center article for now while we wait for their response.",risk_friction,0.0,,2,low_confidence,,
signal_labels_review_packet_paragraph_0000,signal_labels_review_packet,This packet is for a second human review pass over the seeded `signal_family` labels.,,0.0,,2,low_confidence,,
signal_labels_review_packet_paragraph_0001,signal_labels_review_packet,"Use it to fill in `reviewer_label`, `reviewer_confidence`, and `reviewer_notes` without editing the original dataset.",,0.0,,2,low_confidence,,
signal_labels_review_packet_paragraph_0010,signal_labels_review_packet,"- text: Billing is still reviewing it, so please check the help center article for now while we wait for their response. - evidence_terms: still reviewing; help center article; for now - rationale: The agent deflects to documentation and keeps ownership vague. - reviewer_label: - reviewer_confidence: - reviewer_notes:",,0.0,,2,low_confidence,,
signal_labels_review_packet_paragraph_0014,signal_labels_review_packet,- text: I'm angry that your team charged the wrong card again and closed the ticket without notice. - evidence_terms: angry; wrong card; closed the ticket without notice - rationale: The utterance describes a repeated billing failure and a broken support process. - reviewer_label: - reviewer_confidence: - reviewer_notes:,,0.0,,2,low_confidence,,
signal_labels_review_packet_paragraph_0020,signal_labels_review_packet,"- text: we may add the support team and upgrade to the enterprise package. - evidence_terms: add the support team; upgrade - rationale: Even though it is conditional, this clause names specific expansion upside. - reviewer_label: - reviewer_confidence: - reviewer_notes:",,0.0,,2,low_confidence,,
signal_labels_review_packet_paragraph_0022,signal_labels_review_packet,- text: I own the recovery plan - evidence_terms: I own - rationale: This clause contains explicit ownership language. - reviewer_label: - reviewer_confidence: - reviewer_notes:,,0.0,,2,low_confidence,,
signal_labels_review_packet_paragraph_0024,signal_labels_review_packet,- text: we may still expand analytics seats later this quarter. - evidence_terms: expand analytics seats - rationale: The customer names a specific expansion path if the recovery lands. - reviewer_label: - reviewer_confidence: - reviewer_notes:,,0.0,,2,low_confidence,,
signal_labels_review_packet_paragraph_0025,signal_labels_review_packet,"- text: Thanks, the replacement order arrived this morning and I'm happy with how quickly your team solved it. - evidence_terms: arrived; solved - rationale: The utterance confirms a completed resolution and positive follow-through. - reviewer_label: - reviewer_confidence: - reviewer_notes:",,0.0,,2,low_confidence,,
signal_labels_review_packet_paragraph_0027,signal_labels_review_packet,"- text: the onboarding looks lighter than what we've seen before. - evidence_terms: lighter - rationale: This clause suggests positive comparative fit, which supports forward motion without standing alone as a close signal. - reviewer_label: - reviewer_confidence: - reviewer_notes:",,0.0,,2,low_confidence,,
signal_labels_review_packet_paragraph_0028,signal_labels_review_packet,"- text: We are still looking into it and someone will reach out later once billing has an update. - evidence_terms: still looking into it; later; once billing has an update - rationale: The response defers timing and ownership, but the defining cue is uncertainty rather than direct confrontation. - reviewer_label: - reviewer_confidence: - reviewer_notes:",,0.0,,2,low_confidence,,
signal_labels_review_packet_paragraph_0029,signal_labels_review_packet,- text: if the security review goes well and the onboarding looks lighter than what we've seen before. - evidence_terms: if; goes well - rationale: The buyer interest is clearly contingent on future checks and onboarding confidence. - reviewer_label: - reviewer_confidence: - reviewer_notes:,,0.0,,2,low_confidence,,
signal_labels_review_packet_paragraph_0030,signal_labels_review_packet,- text: If the discount works and security signs off - evidence_terms: If; signs off - rationale: The next step depends on commercial and security contingencies. - reviewer_label: - reviewer_confidence: - reviewer_notes:,,0.0,,2,low_confidence,,
signal_labels_review_packet_paragraph_0031,signal_labels_review_packet,- text: If the rollout stabilizes this quarter - evidence_terms: If; stabilizes this quarter - rationale: The customer frames expansion upside as conditional on future stability. - reviewer_label: - reviewer_confidence: - reviewer_notes:,,0.0,,2,low_confidence,,
signal_labels_review_packet_paragraph_0032,signal_labels_review_packet,- text: so we can decide whether expansion is still realistic. - evidence_terms: decide whether; still realistic - rationale: This clause explicitly defers certainty about expansion viability. - reviewer_label: - reviewer_confidence: - reviewer_notes:,,0.0,,2,low_confidence,,
signal_labels_review_packet_paragraph_0035,signal_labels_review_packet,- text: and I can send more details later once I regroup with the team. - evidence_terms: later; once I regroup with the team - rationale: The rep defers specifics to a later internal regrouping step. - reviewer_label: - reviewer_confidence: - reviewer_notes:,,0.0,,2,low_confidence,,
signal_labels_review_packet_paragraph_0036,signal_labels_review_packet,- text: If the recovery plan lands and the integrations are fixed - evidence_terms: If; are fixed - rationale: The customer explicitly conditions expansion on future execution and technical outcomes. - reviewer_label: - reviewer_confidence: - reviewer_notes:,,0.0,,2,low_confidence,,
signal_labels_review_packet_paragraph_0037,signal_labels_review_packet,- text: I'm confused about which invoice version is final because the portal and the email summary do not match. - evidence_terms: confused; do not match - rationale: The utterance expresses concrete ambiguity about the current billing state. - reviewer_label: - reviewer_confidence: - reviewer_notes:,,0.0,,2,low_confidence,,
signal_labels_review_packet_paragraph_0038,signal_labels_review_packet,- text: Can you explain what this new implementation fee covers? I don't understand the difference between the two quotes. - evidence_terms: explain; don't understand; difference - rationale: The buyer explicitly asks for clarification because the commercial terms are unclear. - reviewer_label: - reviewer_confidence: - reviewer_notes:,,0.0,,2,low_confidence,,
signal_labels_review_packet_paragraph_0039,signal_labels_review_packet,- text: I'm concerned the rollback plan still hasn't been confirmed. Please send the update to [EMAIL] when you have it. - evidence_terms: concerned; hasn't been confirmed - rationale: The speaker highlights an unconfirmed rollback plan and asks for follow-up. - reviewer_label: - reviewer_confidence: - reviewer_notes:,,0.0,,2,low_confidence,,
signal_labels_review_packet_paragraph_0041,signal_labels_review_packet,- text: Thanks for making time. - evidence_terms: Thanks - rationale: This is a conversational opener without a clear directional signal. - reviewer_label: - reviewer_confidence: - reviewer_notes:,,0.0,,2,low_confidence,,
signal_labels_review_packet_paragraph_0045,signal_labels_review_packet,- text: Sharing the update from finance: - evidence_terms: update from finance - rationale: This intro clause is a context-setting status marker rather than a business signal. - reviewer_label: - reviewer_confidence: - reviewer_notes:,,0.0,,2,low_confidence,,
signal_labels_review_packet_paragraph_0046,signal_labels_review_packet,- text: the meeting starts at 09:00 CET - evidence_terms: meeting starts at 09:00 CET - rationale: This is a scheduling fact without directional review meaning on its own. - reviewer_label: - reviewer_confidence: - reviewer_notes:,,0.0,,2,low_confidence,,
signal_labels_review_packet_paragraph_0049,signal_labels_review_packet,- text: Understood. - evidence_terms: Understood - rationale: This acknowledgement alone does not carry a directional signal. - reviewer_label: - reviewer_confidence: - reviewer_notes:,,0.0,,2,low_confidence,,
unc_account_expansion_realistic_001,sample_account_management,so we can decide whether expansion is still realistic.,uncertainty_hedging,0.0,,2,low_confidence,,
unc_account_expansion_realistic_001,signal_labels_review_packet,so we can decide whether expansion is still realistic.,uncertainty_hedging,0.0,,2,low_confidence,,
unc_account_expansion_realistic_001,second_review_template,so we can decide whether expansion is still realistic.,uncertainty_hedging,0.0,,2,low_confidence,,
unc_account_if_recovery_lands_001,account_management_realistic,If the recovery plan lands and the integrations are fixed,uncertainty_hedging,0.0,,2,low_confidence,,
unc_account_if_recovery_lands_001,signal_labels_review_packet,If the recovery plan lands and the integrations are fixed,uncertainty_hedging,0.0,,2,low_confidence,,
unc_account_if_recovery_lands_001,second_review_template,If the recovery plan lands and the integrations are fixed,uncertainty_hedging,0.0,,2,low_confidence,,
unc_account_rollout_condition_001,signal_labels_review_packet,If the rollout stabilizes this quarter,uncertainty_hedging,0.0,,2,low_confidence,,
unc_account_rollout_condition_001,second_review_priority_queue,If the rollout stabilizes this quarter,uncertainty_hedging,0.0,,2,low_confidence,,
unc_account_rollout_condition_001,second_review_template,If the rollout stabilizes this quarter,uncertainty_hedging,0.0,,2,low_confidence,,
unc_account_rollout_condition_001,sample_account_management,If the rollout stabilizes this quarter,,0.0,,2,low_confidence,,
unc_sales_confusion_seed_001,signal_labels_review_packet,Can you explain what this new implementation fee covers? I don't understand the difference between the two quotes.,uncertainty_hedging,0.0,,2,low_confidence,,
unc_sales_confusion_seed_001,second_review_template,Can you explain what this new implementation fee covers? I don't understand the difference between the two quotes.,uncertainty_hedging,0.0,,2,low_confidence,,
unc_sales_details_later_001,sales_calls_realistic,and I can send more details later once I regroup with the team.,uncertainty_hedging,0.0,,2,low_confidence,,
unc_sales_details_later_001,signal_labels_review_packet,and I can send more details later once I regroup with the team.,uncertainty_hedging,0.0,,2,low_confidence,,
unc_sales_details_later_001,second_review_template,and I can send more details later once I regroup with the team.,uncertainty_hedging,0.0,,2,low_confidence,,
unc_sales_discount_signoff_001,signal_labels_review_packet,If the discount works and security signs off,uncertainty_hedging,0.0,,2,low_confidence,,
unc_sales_discount_signoff_001,second_review_priority_queue,If the discount works and security signs off,uncertainty_hedging,0.0,,2,low_confidence,,
unc_sales_discount_signoff_001,second_review_template,If the discount works and security signs off,uncertainty_hedging,0.0,,2,low_confidence,,
unc_sales_discount_signoff_001,sample_sales,If the discount works and security signs off,,0.0,,2,low_confidence,,
unc_sales_security_review_001,sample_sales,if the security review goes well and the onboarding looks lighter than what we've seen before.,uncertainty_hedging,0.0,,2,low_confidence,,
unc_sales_security_review_001,signal_labels_review_packet,if the security review goes well and the onboarding looks lighter than what we've seen before.,uncertainty_hedging,0.0,,2,low_confidence,,
unc_sales_security_review_001,second_review_template,if the security review goes well and the onboarding looks lighter than what we've seen before.,uncertainty_hedging,0.0,,2,low_confidence,,
unc_support_concern_seed_001,sample_emotion_cases,I'm concerned the rollback plan still hasn't been confirmed. Please send the update to [EMAIL] when you have it.,uncertainty_hedging,0.0,,2,low_confidence,,
unc_support_concern_seed_001,signal_labels_review_packet,I'm concerned the rollback plan still hasn't been confirmed. Please send the update to [EMAIL] when you have it.,uncertainty_hedging,0.0,,2,low_confidence,,
unc_support_concern_seed_001,second_review_template,I'm concerned the rollback plan still hasn't been confirmed. Please send the update to [EMAIL] when you have it.,uncertainty_hedging,0.0,,2,low_confidence,,
unc_support_confusion_seed_001,sample_emotion_cases,I'm confused about which invoice version is final because the portal and the email summary do not match.,uncertainty_hedging,0.0,,2,low_confidence,,
unc_support_confusion_seed_001,signal_labels_review_packet,I'm confused about which invoice version is final because the portal and the email summary do not match.,uncertainty_hedging,0.0,,2,low_confidence,,
unc_support_confusion_seed_001,second_review_priority_queue,I'm confused about which invoice version is final because the portal and the email summary do not match.,uncertainty_hedging,0.0,,2,low_confidence,,
unc_support_confusion_seed_001,second_review_template,I'm confused about which invoice version is final because the portal and the email summary do not match.,uncertainty_hedging,0.0,,2,low_confidence,,
unc_support_confusion_seed_001,sample_emotion_cases,I'm confused about which invoice version is final because the portal and the email summary do not match.,,0.0,,2,low_confidence,,
unc_support_waiting_update_001,signal_labels_review_packet,We are still looking into it and someone will reach out later once billing has an update.,uncertainty_hedging,0.0,,2,low_confidence,,
unc_support_waiting_update_001,second_review_template,We are still looking into it and someone will reach out later once billing has an update.,uncertainty_hedging,0.0,,2,low_confidence,,
candidate_0005,emotion_benchmark_manifest,Not a production benchmark or domain proof.,neutral,0.35,,1,low_confidence;duplicate_flagged,,
candidate_0024,sample_emotion_cases,so please respond right away at [PHONE].,neutral,0.35,,1,low_confidence;duplicate_flagged,,
candidate_0045,support_tickets_realistic,Billing is still reviewing it,neutral,0.35,,1,low_confidence;duplicate_flagged,,
candidate_0047,support_tickets_realistic,That does not solve it.,neutral,0.35,,1,low_confidence;duplicate_flagged,,
candidate_0053,support_tickets_realistic,and synthetic PII for redaction validation.,neutral,0.35,,1,low_confidence;duplicate_flagged,,
candidate_0067,sample_sales,and how teams usually evaluate the workflow.,neutral,0.35,,1,low_confidence;duplicate_flagged,,
candidate_0067,sample_sales,and how teams usually evaluate the workflow.,neutral,0.35,,1,low_confidence;duplicate_flagged,,
candidate_0086,sample_support,That still doesn't answer the question.,neutral,0.35,,1,low_confidence;duplicate_flagged,,
candidate_0100,account_management_demo_output,...s in about 45 days,neutral,0.35,,1,low_confidence;duplicate_flagged,,
candidate_0107,account_management_demo_output,domain-specific lexicon and role rules,neutral,0.35,,1,low_confidence;duplicate_flagged,,
candidate_0108,account_management_demo_output,optional retrieval and long-context review,neutral,0.35,,1,low_confidence;duplicate_flagged,,
candidate_0119,buyer_one_pager,"It surfaces concrete signals, evidence snippets",neutral,0.35,,1,low_confidence;duplicate_flagged,,
candidate_0125,buyer_one_pager,outputs are repeatable across runs,neutral,0.35,,1,low_confidence;duplicate_flagged,,
candidate_0128,buyer_one_pager,run on 50–500 historical conversations,neutral,0.35,,1,low_confidence;duplicate_flagged,,
candidate_0129,buyer_one_pager,accept CSV or JSON export,neutral,0.35,,1,low_confidence;duplicate_flagged,,
candidate_0137,demo_report,"deterministic conversation intelligence across support, sales",neutral,0.35,,1,low_confidence;duplicate_flagged,,
candidate_0138,demo_report,transcript-first analysis with evidence-backed signals,neutral,0.35,,1,low_confidence;duplicate_flagged,,
candidate_0141,demo_report,"no LLM dependency, no external API dependency",neutral,0.35,,1,low_confidence;duplicate_flagged,,
candidate_0147,demo_report,"I need a real date...""",neutral,0.35,,1,low_confidence;duplicate_flagged,,
candidate_0174,demo_report,python scripts/signal_engine_analyze.py --domain support data/signal_engine_2_0/sample_support.json,neutral,0.35,,1,low_confidence;duplicate_flagged,,
candidate_0175,demo_report,python scripts/signal_engine_analyze.py --domain sales data/signal_engine_2_0/sample_sales.json,neutral,0.35,,1,low_confidence;duplicate_flagged,,
candidate_0176,demo_report,python scripts/signal_engine_analyze.py --domain account_management data/signal_engine_2_0/sample_account_management.json,neutral,0.35,,1,low_confidence;duplicate_flagged,,
candidate_0178,demo_report,not a black-box AI score,neutral,0.35,,1,low_confidence;duplicate_flagged,,
candidate_0179,demo_report,not a replacement for managers,neutral,0.35,,1,low_confidence;duplicate_flagged,,
candidate_0182,polished_examples,"These examples are recruiter-, buyer-",neutral,0.35,,1,low_confidence;duplicate_flagged,,
candidate_0190,polished_examples,"output style: deterministic flags, evidence snippets",neutral,0.35,,1,low_confidence;duplicate_flagged,,
candidate_0192,polished_examples,"so I can't change it here.""",neutral,0.35,,1,low_confidence;duplicate_flagged,,
candidate_0199,polished_examples,Why the output is useful:,neutral,0.35,,1,low_confidence;duplicate_flagged,,
candidate_0211,polished_examples,"""Let's try to regroup sometime next week.""",neutral,0.35,,1,low_confidence;duplicate_flagged,,
candidate_0219,polished_examples,and what requires review next,neutral,0.35,,1,low_confidence;duplicate_flagged,,
candidate_0223,sales_demo_output,and the team is also comparing yo...,neutral,0.35,,1,low_confidence;duplicate_flagged,,
candidate_0234,support_demo_output,Escalation language detected in the support exchange.,neutral,0.35,,1,low_confidence;duplicate_flagged,,
candidate_0235,demo_index,`/Users/keith/.pyenv/versions/3.11.3/bin/python scripts/signal_engine_analyze.py --domain support data/signal_engine_2_0/sample_support.json`,neutral,0.35,,1,low_confidence;duplicate_flagged,,
candidate_0236,demo_index,`/Users/keith/.pyenv/versions/3.11.3/bin/python scripts/signal_engine_analyze.py --domain sales data/signal_engine_2_0/sample_sales.json`,neutral,0.35,,1,low_confidence;duplicate_flagged,,
candidate_0237,demo_index,`/Users/keith/.pyenv/versions/3.11.3/bin/python scripts/signal_engine_analyze.py --domain account_management data/signal_engine_2_0/sample_account_management.json`,neutral,0.35,,1,low_confidence;duplicate_flagged,,
candidate_0238,demo_index,`/Users/keith/.pyenv/versions/3.11.3/bin/python scripts/signal_engine_analyze.py --domain support --redact-pii data/signal_engine_2_0/fixtures/support_tickets_realistic.jsonl`,neutral,0.35,,1,low_confidence;duplicate_flagged,,
candidate_0247,demo_index,deterministic transcript outputs remain canonical,neutral,0.35,,1,low_confidence;duplicate_flagged,,
candidate_0248,demo_index,benchmark fixture is tiny and handcrafted,neutral,0.35,,1,low_confidence;duplicate_flagged,,
candidate_0257,report,| path | size_bytes | record_count |,neutral,0.35,,1,low_confidence;duplicate_flagged,,
candidate_0260,report,| label | support |,neutral,0.35,,1,low_confidence;duplicate_flagged,,
candidate_0261,report,| anger | 2 |,neutral,0.35,,1,low_confidence;duplicate_flagged,,
candidate_0262,report,| frustration | 2 |,neutral,0.35,,1,low_confidence;duplicate_flagged,,
candidate_0263,report,| confusion | 2 |,neutral,0.35,,1,low_confidence;duplicate_flagged,,
candidate_0264,report,| satisfaction | 2 |,neutral,0.35,,1,low_confidence;duplicate_flagged,,
candidate_0265,report,| neutral | 2 |,neutral,0.35,,1,low_confidence;duplicate_flagged,,
candidate_0267,report,| urgency | 2 |,neutral,0.35,,1,low_confidence;duplicate_flagged,,
candidate_0284,report,"by_type: `{""email"": 1, ""phone"": 1}`",neutral,0.35,,1,low_confidence;duplicate_flagged,,
candidate_0290,multimodal_feature_report,"Review hedged language against concrete dates, owners",neutral,0.35,,1,low_confidence;duplicate_flagged,,
candidate_0300,multimodal_feature_report,audio and video are optional support only.,neutral,0.35,,1,low_confidence;duplicate_flagged,,
candidate_0301,multimodal_feature_report,No audio file was provided.,neutral,0.35,,1,low_confidence;duplicate_flagged,,
candidate_0303,multimodal_feature_report,No video file was provided.,neutral,0.35,,1,low_confidence;duplicate_flagged,,
candidate_0304,multimodal_feature_report,Video cues remain optional review support only.,neutral,0.35,,1,low_confidence;duplicate_flagged,,
candidate_0311,multimodal_feature_report,Transcript-first deterministic evidence remains canonical.,neutral,0.35,,1,low_confidence;duplicate_flagged,,
candidate_0313,multimodal_feature_report,"Missing or unsupported modalities: audio, video.",neutral,0.35,,1,low_confidence;duplicate_flagged,,
gold_candidate_opp_account_recovery_plan_001,sample_account_management,I own the action items and will send a recovery plan by Friday with owners for each open item.,opportunity_commitment,0.0,,1,low_confidence;duplicate_flagged,,
neut_account_status_intro_001,sample_emotion_cases,Sharing the update from finance:,neutral,0.0,,1,low_confidence;duplicate_flagged,,
neut_account_status_meeting_001,sample_emotion_cases,the meeting starts at 09:00 CET,neutral,0.0,,1,low_confidence;duplicate_flagged,,
neut_account_status_meeting_001,sample_emotion_cases,the meeting starts at 09:00 CET,,0.0,,1,low_confidence;duplicate_flagged,,
neut_sales_acknowledgement_001,sample_sales,Understood.,neutral,0.0,,1,low_confidence;duplicate_flagged,,
neut_sales_legal_status_001,sample_emotion_cases,the legal review is still open.,neutral,0.0,,1,low_confidence;duplicate_flagged,,
neut_sales_opening_thanks_001,sample_sales,Thanks for making time.,neutral,0.0,,1,low_confidence;duplicate_flagged,,
opp_account_expand_realistic_001,account_management_realistic,we may still expand analytics seats later this quarter.,opportunity_commitment,0.0,,1,low_confidence;duplicate_flagged,,
opp_account_expand_support_001,sample_account_management,we may add the support team and upgrade to the enterprise package.,opportunity_commitment,0.0,,1,low_confidence;duplicate_flagged,,
opp_account_own_recovery_001,account_management_realistic,I own the recovery plan,opportunity_commitment,0.0,,1,low_confidence;duplicate_flagged,,
opp_account_own_recovery_001,account_management_realistic,I own the recovery plan,,0.0,,1,low_confidence;duplicate_flagged,,
opp_account_recovery_plan_001,sample_account_management,I own the action items and will send a recovery plan by Friday with owners for each open item.,opportunity_commitment,0.0,,1,low_confidence;duplicate_flagged,,
opp_account_recovery_plan_001,sample_account_management,I own the action items and will send a recovery plan by Friday with owners for each open item.,opportunity_commitment,0.0,,1,low_confidence;duplicate_flagged,,
opp_account_recovery_plan_001,sample_account_management,I own the action items and will send a recovery plan by Friday with owners for each open item.,,0.0,,1,low_confidence;duplicate_flagged,,
opp_sales_security_review_path_001,sample_sales,the onboarding looks lighter than what we've seen before.,opportunity_commitment,0.0,,1,low_confidence;duplicate_flagged,,
opp_sales_security_review_path_001,sample_sales,the onboarding looks lighter than what we've seen before.,,0.0,,1,low_confidence;duplicate_flagged,,
opp_support_resolution_seed_001,sample_emotion_cases,"Thanks, the replacement order arrived this morning and I'm happy with how quickly your team solved it.",opportunity_commitment,0.0,,1,low_confidence;duplicate_flagged,,
risk_sales_pricing_objection_001,sample_sales,"My main concern is price. The seat cost feels expensive versus Zendesk, and the team is also comparing you to Intercom.",risk_friction,0.0,,1,low_confidence;duplicate_flagged,,
risk_sales_pricing_objection_001,sample_sales,"My main concern is price. The seat cost feels expensive versus Zendesk, and the team is also comparing you to Intercom.",risk_friction,0.0,,1,low_confidence;duplicate_flagged,,
risk_support_anger_seed_001,sample_emotion_cases,I'm angry that your team charged the wrong card again and closed the ticket without notice.,risk_friction,0.0,,1,low_confidence;duplicate_flagged,,
risk_support_anger_seed_001,sample_emotion_cases,I'm angry that your team charged the wrong card again and closed the ticket without notice.,risk_friction,0.0,,1,low_confidence;duplicate_flagged,,
risk_support_billing_delay_001,support_tickets_realistic,I'm frustrated that invoice 8842 still shows the wrong total and nobody has confirmed when the credit will post. Please send the update to [EMAIL] or call [PHONE].,risk_friction,0.0,,1,low_confidence;duplicate_flagged,,
risk_support_help_center_001,support_tickets_realistic,"Billing is still reviewing it, so please check the help center article for now while we wait for their response.",risk_friction,0.0,,1,low_confidence;duplicate_flagged,,
risk_support_help_center_001,support_tickets_realistic,"Billing is still reviewing it, so please check the help center article for now while we wait for their response.",risk_friction,0.0,,1,low_confidence;duplicate_flagged,,
unc_account_expansion_realistic_001,sample_account_management,so we can decide whether expansion is still realistic.,uncertainty_hedging,0.0,,1,low_confidence;duplicate_flagged,,
unc_account_if_recovery_lands_001,account_management_realistic,If the recovery plan lands and the integrations are fixed,uncertainty_hedging,0.0,,1,low_confidence;duplicate_flagged,,
unc_account_rollout_condition_001,sample_account_management,If the rollout stabilizes this quarter,uncertainty_hedging,0.0,,1,low_confidence;duplicate_flagged,,
unc_account_rollout_condition_001,sample_account_management,If the rollout stabilizes this quarter,uncertainty_hedging,0.0,,1,low_confidence;duplicate_flagged,,
unc_account_rollout_condition_001,sample_account_management,If the rollout stabilizes this quarter,,0.0,,1,low_confidence;duplicate_flagged,,
unc_sales_confusion_seed_001,sample_emotion_cases,Can you explain what this new implementation fee covers? I don't understand the difference between the two quotes.,uncertainty_hedging,0.0,,1,low_confidence;duplicate_flagged,,
unc_sales_confusion_seed_001,sample_emotion_cases,Can you explain what this new implementation fee covers? I don't understand the difference between the two quotes.,uncertainty_hedging,0.0,,1,low_confidence;duplicate_flagged,,
unc_sales_details_later_001,sales_calls_realistic,and I can send more details later once I regroup with the team.,uncertainty_hedging,0.0,,1,low_confidence;duplicate_flagged,,
unc_sales_discount_signoff_001,sample_sales,If the discount works and security signs off,uncertainty_hedging,0.0,,1,low_confidence;duplicate_flagged,,
unc_sales_discount_signoff_001,sample_sales,If the discount works and security signs off,uncertainty_hedging,0.0,,1,low_confidence;duplicate_flagged,,
unc_sales_discount_signoff_001,sample_sales,If the discount works and security signs off,,0.0,,1,low_confidence;duplicate_flagged,,
unc_sales_security_review_001,sample_sales,if the security review goes well and the onboarding looks lighter than what we've seen before.,uncertainty_hedging,0.0,,1,low_confidence;duplicate_flagged,,
unc_support_concern_seed_001,sample_emotion_cases,I'm concerned the rollback plan still hasn't been confirmed. Please send the update to [EMAIL] when you have it.,uncertainty_hedging,0.0,,1,low_confidence;duplicate_flagged,,
unc_support_confusion_seed_001,sample_emotion_cases,I'm confused about which invoice version is final because the portal and the email summary do not match.,uncertainty_hedging,0.0,,1,low_confidence;duplicate_flagged,,
unc_support_confusion_seed_001,sample_emotion_cases,I'm confused about which invoice version is final because the portal and the email summary do not match.,,0.0,,1,low_confidence;duplicate_flagged,,
unc_support_waiting_update_001,sample_support,We are still looking into it and someone will reach out later once billing has an update.,uncertainty_hedging,0.0,,1,low_confidence;duplicate_flagged,,
unc_support_waiting_update_001,sample_support,We are still looking into it and someone will reach out later once billing has an update.,uncertainty_hedging,0.0,,1,low_confidence;duplicate_flagged,,
candidate_0001,emotion_benchmark_manifest,Signal Engine 2.0 handcrafted text emotion benchmark fixture,neutral,0.6,,0,coverage,,
candidate_0001,emotion_benchmark_manifest,Signal Engine 2.0 handcrafted text emotion benchmark fixture,neutral,0.6,,0,duplicate_flagged,,
candidate_0002,emotion_benchmark_manifest,Contains synthetic placeholder contact details for redaction validation only.,neutral,0.6,,0,coverage,,
candidate_0002,emotion_benchmark_manifest,Contains synthetic placeholder contact details for redaction validation only.,neutral,0.6,,0,duplicate_flagged,,
candidate_0003,emotion_benchmark_manifest,"Lightweight harness validation for deterministic text emotion benchmarking in support, sales, and account-management workflows.",neutral,0.6,,0,coverage,,
candidate_0003,emotion_benchmark_manifest,"Lightweight harness validation for deterministic text emotion benchmarking in support, sales, and account-management workflows.",neutral,0.6,,0,duplicate_flagged,,
candidate_0004,emotion_benchmark_manifest,"Lightweight harness validation for deterministic text emotion benchmarking in support, sales",neutral,0.6,,0,coverage,,
candidate_0004,emotion_benchmark_manifest,"Lightweight harness validation for deterministic text emotion benchmarking in support, sales",neutral,0.6,,0,duplicate_flagged,,
candidate_0006,emotion_benchmark_manifest,Includes synthetic placeholder PII patterns solely to exercise redaction behavior.,neutral,0.6,,0,coverage,,
candidate_0006,emotion_benchmark_manifest,Includes synthetic placeholder PII patterns solely to exercise redaction behavior.,neutral,0.6,,0,duplicate_flagged,,
candidate_0007,sample_emotion_cases,I'm angry that your team charged the wrong card again and closed the ticket without notice.,risk_friction,0.6,,0,duplicate_flagged,,
candidate_0007,sample_emotion_cases,I'm angry that your team charged the wrong card again and closed the ticket without notice.,risk_friction,0.6,,0,duplicate_flagged,,
candidate_0009,sample_emotion_cases,I'm frustrated because I keep reopening the same issue and there is still no update from billing.,risk_friction,0.6,,0,coverage,,
candidate_0009,sample_emotion_cases,I'm frustrated because I keep reopening the same issue and there is still no update from billing.,risk_friction,0.6,,0,duplicate_flagged,,
candidate_0010,sample_emotion_cases,We're still waiting on the onboarding fix and nothing has changed since last week's review.,risk_friction,0.6,,0,coverage,,
candidate_0010,sample_emotion_cases,We're still waiting on the onboarding fix and nothing has changed since last week's review.,risk_friction,0.6,,0,duplicate_flagged,,
candidate_0011,sample_emotion_cases,I'm confused about which invoice version is final because the portal and the email summary do not match.,neutral,0.6,,0,coverage,,
candidate_0011,sample_emotion_cases,I'm confused about which invoice version is final because the portal and the email summary do not match.,neutral,0.6,,0,duplicate_flagged,,
candidate_0012,sample_emotion_cases,Can you explain what this new implementation fee covers?,opportunity_commitment,0.6,,0,coverage,,
candidate_0012,sample_emotion_cases,Can you explain what this new implementation fee covers?,opportunity_commitment,0.6,,0,duplicate_flagged,,
candidate_0013,sample_emotion_cases,I don't understand the difference between the two quotes.,neutral,0.6,,0,coverage,,
candidate_0013,sample_emotion_cases,I don't understand the difference between the two quotes.,neutral,0.6,,0,duplicate_flagged,,
candidate_0014,sample_emotion_cases,"Thanks, the replacement order arrived this morning and I'm happy with how quickly your team solved it.",neutral,0.6,,0,coverage,,
candidate_0014,sample_emotion_cases,"Thanks, the replacement order arrived this morning and I'm happy with how quickly your team solved it.",neutral,0.6,,0,duplicate_flagged,,
candidate_0015,sample_emotion_cases,Thank you for the recovery plan.,opportunity_commitment,0.6,,0,duplicate_flagged,,
candidate_0015,sample_emotion_cases,Thank you for the recovery plan.,opportunity_commitment,0.6,,0,duplicate_flagged,,
candidate_0019,sample_emotion_cases,I'm concerned the rollback plan still hasn't been confirmed.,neutral,0.6,,0,coverage,,
candidate_0019,sample_emotion_cases,I'm concerned the rollback plan still hasn't been confirmed.,neutral,0.6,,0,duplicate_flagged,,
candidate_0020,sample_emotion_cases,Please send the update to [EMAIL] when you have it.,opportunity_commitment,0.6,,0,coverage,,
candidate_0020,sample_emotion_cases,Please send the update to [EMAIL] when you have it.,opportunity_commitment,0.6,,0,duplicate_flagged,,
candidate_0022,sample_emotion_cases,"We need this fixed today before the board call, so please respond right away at [PHONE].",opportunity_commitment,0.6,,0,coverage,,
candidate_0022,sample_emotion_cases,"We need this fixed today before the board call, so please respond right away at [PHONE].",opportunity_commitment,0.6,,0,duplicate_flagged,,
candidate_0023,sample_emotion_cases,We need this fixed today before the board call,opportunity_commitment,0.6,,0,coverage,,
candidate_0023,sample_emotion_cases,We need this fixed today before the board call,opportunity_commitment,0.6,,0,duplicate_flagged,,
candidate_0025,sample_emotion_cases,We need the revised order form by end of day because the customer deadline is before launch tomorrow.,neutral,0.6,,0,duplicate_flagged,,
candidate_0025,sample_emotion_cases,We need the revised order form by end of day because the customer deadline is before launch tomorrow.,neutral,0.6,,0,duplicate_flagged,,
candidate_0028,account_management_realistic,and leadership is asking whether we should reduce seats if support does not stabilize.,neutral,0.6,,0,coverage,,
candidate_0028,account_management_realistic,and leadership is asking whether we should reduce seats if support does not stabilize.,neutral,0.6,,0,duplicate_flagged,,
candidate_0030,account_management_realistic,"If the recovery plan lands and the integrations are fixed, we may still expand analytics seats later this quarter.",opportunity_commitment,0.9,,0,duplicate_flagged,,
candidate_0030,account_management_realistic,"If the recovery plan lands and the integrations are fixed, we may still expand analytics seats later this quarter.",opportunity_commitment,0.9,,0,duplicate_flagged,,
candidate_0034,sales_calls_realistic,but the enterprise price is higher than Zendesk and Intercom,risk_friction,0.9,,0,duplicate_flagged,,
candidate_0034,sales_calls_realistic,but the enterprise price is higher than Zendesk and Intercom,risk_friction,0.9,,0,duplicate_flagged,,
candidate_0038,sales_calls_realistic,"Without a concrete next step, security packet",opportunity_commitment,0.6,,0,coverage,,
candidate_0038,sales_calls_realistic,"Without a concrete next step, security packet",opportunity_commitment,0.6,,0,duplicate_flagged,,
candidate_0042,support_tickets_realistic,I'm frustrated that invoice 8842 still shows the wrong total and nobody has confirmed when the credit will post.,risk_friction,0.6,,0,duplicate_flagged,,
candidate_0042,support_tickets_realistic,I'm frustrated that invoice 8842 still shows the wrong total and nobody has confirmed when the credit will post.,risk_friction,0.6,,0,duplicate_flagged,,
candidate_0043,support_tickets_realistic,Please send the update to [EMAIL] or call [PHONE].,opportunity_commitment,0.6,,0,coverage,,
candidate_0043,support_tickets_realistic,Please send the update to [EMAIL] or call [PHONE].,opportunity_commitment,0.6,,0,duplicate_flagged,,
candidate_0044,support_tickets_realistic,"Billing is still reviewing it, so please check the help center article for now while we wait for their response.",uncertainty_hedging,0.6,,0,duplicate_flagged,,
candidate_0044,support_tickets_realistic,"Billing is still reviewing it, so please check the help center article for now while we wait for their response.",uncertainty_hedging,0.6,,0,duplicate_flagged,,
candidate_0046,support_tickets_realistic,so please check the help center article for now while we wait for their response.,uncertainty_hedging,0.6,,0,duplicate_flagged,,
candidate_0046,support_tickets_realistic,so please check the help center article for now while we wait for their response.,uncertainty_hedging,0.6,,0,duplicate_flagged,,
candidate_0049,support_tickets_realistic,"The failed resolution has been open since Monday, the card ending 1111 was charged twice",neutral,0.6,,0,coverage,,
candidate_0049,support_tickets_realistic,"The failed resolution has been open since Monday, the card ending 1111 was charged twice",neutral,0.6,,0,duplicate_flagged,,
candidate_0051,support_tickets_realistic,"Realistic synthetic support ticket conversation with billing frustration, failed resolution, and synthetic PII for redaction validation.",neutral,0.6,,0,coverage,,
candidate_0051,support_tickets_realistic,"Realistic synthetic support ticket conversation with billing frustration, failed resolution, and synthetic PII for redaction validation.",neutral,0.6,,0,duplicate_flagged,,
candidate_0052,support_tickets_realistic,"Realistic synthetic support ticket conversation with billing frustration, failed resolution",neutral,0.6,,0,coverage,,
candidate_0052,support_tickets_realistic,"Realistic synthetic support ticket conversation with billing frustration, failed resolution",neutral,0.6,,0,duplicate_flagged,,
candidate_0057,sample_account_management,I own the action items and will send a recovery plan by Friday with owners for each open item.,opportunity_commitment,0.9,,0,duplicate_flagged,,
candidate_0057,sample_account_management,I own the action items and will send a recovery plan by Friday with owners for each open item.,opportunity_commitment,0.9,,0,duplicate_flagged,,
candidate_0058,sample_account_management,"If the rollout stabilizes this quarter, we may add the support team and upgrade to the enterprise package.",opportunity_commitment,0.9,,0,coverage,,
candidate_0058,sample_account_management,"If the rollout stabilizes this quarter, we may add the support team and upgrade to the enterprise package.",opportunity_commitment,0.9,,0,duplicate_flagged,,
candidate_0061,sample_account_management,"Okay, but if this slips again finance will ask whether we should downgrade or switch.",risk_friction,0.9,,0,duplicate_flagged,,
candidate_0061,sample_account_management,"Okay, but if this slips again finance will ask whether we should downgrade or switch.",risk_friction,0.9,,0,duplicate_flagged,,
candidate_0062,sample_account_management,but if this slips again finance will ask whether we should downgrade or switch.,risk_friction,0.9,,0,duplicate_flagged,,
candidate_0062,sample_account_management,but if this slips again finance will ask whether we should downgrade or switch.,risk_friction,0.9,,0,duplicate_flagged,,
candidate_0069,sample_sales,My main concern is price.,risk_friction,0.6,,0,coverage,,
candidate_0069,sample_sales,My main concern is price.,risk_friction,0.6,,0,duplicate_flagged,,
candidate_0070,sample_sales,"The seat cost feels expensive versus Zendesk, and the team is also comparing you to Intercom.",risk_friction,0.9,,0,duplicate_flagged,,
candidate_0070,sample_sales,"The seat cost feels expensive versus Zendesk, and the team is also comparing you to Intercom.",risk_friction,0.9,,0,duplicate_flagged,,
candidate_0071,sample_sales,The seat cost feels expensive versus Zendesk,risk_friction,0.9,,0,duplicate_flagged,,
candidate_0071,sample_sales,The seat cost feels expensive versus Zendesk,risk_friction,0.9,,0,duplicate_flagged,,
candidate_0072,sample_sales,and the team is also comparing you to Intercom.,risk_friction,0.6,,0,coverage,,
candidate_0072,sample_sales,and the team is also comparing you to Intercom.,risk_friction,0.6,,0,duplicate_flagged,,
candidate_0075,sample_sales,and a proposal by Tuesday,opportunity_commitment,0.6,,0,duplicate_flagged,,
candidate_0075,sample_sales,and a proposal by Tuesday,opportunity_commitment,0.6,,0,duplicate_flagged,,
candidate_0080,sample_sales,and a concrete next step.,opportunity_commitment,0.6,,0,coverage,,
candidate_0080,sample_sales,and a concrete next step.,opportunity_commitment,0.6,,0,duplicate_flagged,,
candidate_0081,sample_support,"Hi, I'm honestly pretty frustrated.",risk_friction,0.6,,0,coverage,,
candidate_0081,sample_support,"Hi, I'm honestly pretty frustrated.",risk_friction,0.6,,0,duplicate_flagged,,
candidate_0085,sample_support,so please refer to the billing FAQ for now while we look into it on our side.,risk_friction,0.6,,0,duplicate_flagged,,
candidate_0085,sample_support,so please refer to the billing FAQ for now while we look into it on our side.,risk_friction,0.6,,0,duplicate_flagged,,
candidate_0088,sample_support,"I need a real date, not a FAQ",neutral,0.6,,0,coverage,,
candidate_0088,sample_support,"I need a real date, not a FAQ",neutral,0.6,,0,duplicate_flagged,,
candidate_0090,sample_support,We are still looking into it and someone will reach out later once billing has an update.,risk_friction,0.6,,0,coverage,,
candidate_0090,sample_support,We are still looking into it and someone will reach out later once billing has an update.,risk_friction,0.6,,0,duplicate_flagged,,
candidate_0095,account_management_demo_output,...ce will ask whether we should downgrade or switch.,risk_friction,0.6,,0,coverage,,
candidate_0095,account_management_demo_output,...ce will ask whether we should downgrade or switch.,risk_friction,0.6,,0,duplicate_flagged,,
candidate_0102,account_management_demo_output,...pport team and upgrade to the enterprise package.,opportunity_commitment,0.6,,0,coverage,,
candidate_0102,account_management_demo_output,...pport team and upgrade to the enterprise package.,opportunity_commitment,0.6,,0,duplicate_flagged,,
candidate_0103,account_management_demo_output,Expansion or upgrade language detected.,opportunity_commitment,0.6,,0,coverage,,
candidate_0103,account_management_demo_output,Expansion or upgrade language detected.,opportunity_commitment,0.6,,0,duplicate_flagged,,
candidate_0104,account_management_demo_output,...week so we can decide whether expansion is still realistic.,opportunity_commitment,0.6,,0,coverage,,
candidate_0104,account_management_demo_output,...week so we can decide whether expansion is still realistic.,opportunity_commitment,0.6,,0,duplicate_flagged,,
candidate_0109,account_management_demo_output,Optional offline speech-to-text when the input is audio rather than transcript text.,opportunity_commitment,0.6,,0,coverage,,
candidate_0109,account_management_demo_output,Optional offline speech-to-text when the input is audio rather than transcript text.,opportunity_commitment,0.6,,0,duplicate_flagged,,
candidate_0110,account_management_demo_output,Optional speaker separation before role mapping and per-speaker turn analysis.,neutral,0.6,,0,coverage,,
candidate_0110,account_management_demo_output,Optional speaker separation before role mapping and per-speaker turn analysis.,neutral,0.6,,0,duplicate_flagged,,
candidate_0111,account_management_demo_output,Optional prosody and pause features for later review workflows.,neutral,0.6,,0,coverage,,
candidate_0111,account_management_demo_output,Optional prosody and pause features for later review workflows.,neutral,0.6,,0,duplicate_flagged,,
candidate_0112,account_management_demo_output,"Optional keyframe extraction for multimodal investigations, not canonical scoring.",neutral,0.6,,0,coverage,,
candidate_0112,account_management_demo_output,"Optional keyframe extraction for multimodal investigations, not canonical scoring.",neutral,0.6,,0,duplicate_flagged,,
candidate_0114,buyer_one_pager,"Teams already have transcripts, QA notes, CRM exports",neutral,0.6,,0,coverage,,
candidate_0114,buyer_one_pager,"Teams already have transcripts, QA notes, CRM exports",neutral,0.6,,0,duplicate_flagged,,
candidate_0116,buyer_one_pager,"Signal Engine 2.0 runs deterministic, transcript-first analysis across support, sales, and account-management conversations.",neutral,0.6,,0,coverage,,
candidate_0116,buyer_one_pager,"Signal Engine 2.0 runs deterministic, transcript-first analysis across support, sales, and account-management conversations.",neutral,0.6,,0,duplicate_flagged,,
candidate_0117,buyer_one_pager,"Signal Engine 2.0 runs deterministic, transcript-first analysis across support, sales",neutral,0.6,,0,coverage,,
candidate_0117,buyer_one_pager,"Signal Engine 2.0 runs deterministic, transcript-first analysis across support, sales",neutral,0.6,,0,duplicate_flagged,,
candidate_0118,buyer_one_pager,"It surfaces concrete signals, evidence snippets, and plain-English review stories without depending on LLMs or external APIs.",neutral,0.6,,0,coverage,,
candidate_0118,buyer_one_pager,"It surfaces concrete signals, evidence snippets, and plain-English review stories without depending on LLMs or external APIs.",neutral,0.6,,0,duplicate_flagged,,
candidate_0120,buyer_one_pager,and plain-English review stories without depending on LLMs or external APIs.,neutral,0.6,,0,coverage,,
candidate_0120,buyer_one_pager,and plain-English review stories without depending on LLMs or external APIs.,neutral,0.6,,0,duplicate_flagged,,
candidate_0124,buyer_one_pager,every signal is tied to visible lexical rules and transcript evidence,neutral,0.6,,0,coverage,,
candidate_0124,buyer_one_pager,every signal is tied to visible lexical rules and transcript evidence,neutral,0.6,,0,duplicate_flagged,,
candidate_0126,buyer_one_pager,reviewers can audit why a call was flagged,neutral,0.6,,0,coverage,,
candidate_0126,buyer_one_pager,reviewers can audit why a call was flagged,neutral,0.6,,0,duplicate_flagged,,
candidate_0131,buyer_one_pager,support QA leads who need faster review focus,neutral,0.6,,0,coverage,,
candidate_0131,buyer_one_pager,support QA leads who need faster review focus,neutral,0.6,,0,duplicate_flagged,,
candidate_0134,buyer_one_pager,"recruiters and hiring managers evaluating product judgment, deterministic NLP design, and demo readiness",opportunity_commitment,0.6,,0,coverage,,
candidate_0134,buyer_one_pager,"recruiters and hiring managers evaluating product judgment, deterministic NLP design, and demo readiness",opportunity_commitment,0.6,,0,duplicate_flagged,,
candidate_0135,buyer_one_pager,"recruiters and hiring managers evaluating product judgment, deterministic NLP design",neutral,0.6,,0,coverage,,
candidate_0135,buyer_one_pager,"recruiters and hiring managers evaluating product judgment, deterministic NLP design",neutral,0.6,,0,duplicate_flagged,,
candidate_0136,demo_report,"deterministic conversation intelligence across support, sales, and account management",neutral,0.6,,0,coverage,,
candidate_0136,demo_report,"deterministic conversation intelligence across support, sales, and account management",neutral,0.6,,0,duplicate_flagged,,
candidate_0139,demo_report,plain-English review outputs that stay grounded in specific turns,neutral,0.6,,0,coverage,,
candidate_0139,demo_report,plain-English review outputs that stay grounded in specific turns,neutral,0.6,,0,duplicate_flagged,,
candidate_0140,demo_report,"no LLM dependency, no external API dependency, and no UI dependency",neutral,0.6,,0,coverage,,
candidate_0140,demo_report,"no LLM dependency, no external API dependency, and no UI dependency",neutral,0.6,,0,duplicate_flagged,,
candidate_0144,demo_report,and the customer threatens escalation and a charge dispute.,neutral,0.6,,0,coverage,,
candidate_0144,demo_report,and the customer threatens escalation and a charge dispute.,neutral,0.6,,0,duplicate_flagged,,
candidate_0146,demo_report,"so please refer to the billing FAQ for now...""",risk_friction,0.6,,0,coverage,,
candidate_0146,demo_report,"so please refer to the billing FAQ for now...""",risk_friction,0.6,,0,duplicate_flagged,,
candidate_0149,demo_report,"""We are still looking into it and someone will reach out later...""",risk_friction,0.6,,0,coverage,,
candidate_0149,demo_report,"""We are still looking into it and someone will reach out later...""",risk_friction,0.6,,0,duplicate_flagged,,
candidate_0150,demo_report,This would have flagged a likely escalation before a supervisor had to read the full thread.,risk_friction,0.6,,0,coverage,,
candidate_0150,demo_report,This would have flagged a likely escalation before a supervisor had to read the full thread.,risk_friction,0.6,,0,duplicate_flagged,,
candidate_0156,demo_report,"""...the team is also comparing you to Intercom.""",risk_friction,0.6,,0,coverage,,
candidate_0156,demo_report,"""...the team is also comparing you to Intercom.""",risk_friction,0.6,,0,duplicate_flagged,,
candidate_0158,demo_report,This would have saved a sales manager from manually skimming the call just to learn the deal is real but price-sensitive.,risk_friction,0.6,,0,coverage,,
candidate_0158,demo_report,This would have saved a sales manager from manually skimming the call just to learn the deal is real but price-sensitive.,risk_friction,0.6,,0,duplicate_flagged,,
candidate_0159,demo_report,"It focuses follow-up on discount strategy, competitor pressure, and whether the rep left the call with a concrete next step.",risk_friction,0.6,,0,coverage,,
candidate_0159,demo_report,"It focuses follow-up on discount strategy, competitor pressure, and whether the rep left the call with a concrete next step.",risk_friction,0.6,,0,duplicate_flagged,,
candidate_0160,demo_report,"It focuses follow-up on discount strategy, competitor pressure",risk_friction,0.6,,0,coverage,,
candidate_0160,demo_report,"It focuses follow-up on discount strategy, competitor pressure",risk_friction,0.6,,0,duplicate_flagged,,
candidate_0161,demo_report,and whether the rep left the call with a concrete next step.,opportunity_commitment,0.6,,0,coverage,,
candidate_0161,demo_report,and whether the rep left the call with a concrete next step.,opportunity_commitment,0.6,,0,duplicate_flagged,,
candidate_0164,demo_report,but also suggests possible expansion if stability improves.,opportunity_commitment,0.6,,0,coverage,,
candidate_0164,demo_report,but also suggests possible expansion if stability improves.,opportunity_commitment,0.6,,0,duplicate_flagged,,
candidate_0168,demo_report,"""If the rollout stabilizes this quarter, we may add the support team and upgrade...""",opportunity_commitment,0.6,,0,coverage,,
candidate_0168,demo_report,"""If the rollout stabilizes this quarter, we may add the support team and upgrade...""",opportunity_commitment,0.6,,0,duplicate_flagged,,
candidate_0169,demo_report,"""I own the action items and will send a recovery plan by Friday...""",opportunity_commitment,0.9,,0,coverage,,
candidate_0169,demo_report,"""I own the action items and will send a recovery plan by Friday...""",opportunity_commitment,0.9,,0,duplicate_flagged,,
candidate_0171,demo_report,"A CS leader can quickly see that the account needs recovery execution now, but still has expansion value if the open issues are closed.",opportunity_commitment,0.6,,0,coverage,,
candidate_0171,demo_report,"A CS leader can quickly see that the account needs recovery execution now, but still has expansion value if the open issues are closed.",opportunity_commitment,0.6,,0,duplicate_flagged,,
candidate_0172,demo_report,A CS leader can quickly see that the account needs recovery execution now,neutral,0.6,,0,coverage,,
candidate_0172,demo_report,A CS leader can quickly see that the account needs recovery execution now,neutral,0.6,,0,duplicate_flagged,,
candidate_0173,demo_report,but still has expansion value if the open issues are closed.,opportunity_commitment,0.6,,0,coverage,,
candidate_0173,demo_report,but still has expansion value if the open issues are closed.,opportunity_commitment,0.6,,0,duplicate_flagged,,
candidate_0177,demo_report,Demo JSON artifacts in this pack:,opportunity_commitment,0.6,,0,coverage,,
candidate_0177,demo_report,Demo JSON artifacts in this pack:,opportunity_commitment,0.6,,0,duplicate_flagged,,
candidate_0180,demo_report,not legal or compliance advice,risk_friction,0.6,,0,coverage,,
candidate_0180,demo_report,not legal or compliance advice,risk_friction,0.6,,0,duplicate_flagged,,
candidate_0181,polished_examples,"These examples are recruiter-, buyer-, and reviewer-facing summaries of deterministic Signal Engine 2.0 outputs.",neutral,0.6,,0,coverage,,
candidate_0181,polished_examples,"These examples are recruiter-, buyer-, and reviewer-facing summaries of deterministic Signal Engine 2.0 outputs.",neutral,0.6,,0,duplicate_flagged,,
candidate_0183,polished_examples,and reviewer-facing summaries of deterministic Signal Engine 2.0 outputs.,neutral,0.6,,0,coverage,,
candidate_0183,polished_examples,and reviewer-facing summaries of deterministic Signal Engine 2.0 outputs.,neutral,0.6,,0,duplicate_flagged,,
candidate_0184,polished_examples,"They are meant to show how the system surfaces structured, evidence-backed signals from messy transcripts without claiming hidden intent certainty, truth detection, or black-box emotional truth.",neutral,0.6,,0,coverage,,
candidate_0184,polished_examples,"They are meant to show how the system surfaces structured, evidence-backed signals from messy transcripts without claiming hidden intent certainty, truth detection, or black-box emotional truth.",neutral,0.6,,0,duplicate_flagged,,
candidate_0185,polished_examples,"A customer contacts support about a billing error, says the issue has already been raised twice, and shares synthetic contact details so the case can be traced.",neutral,0.6,,0,coverage,,
candidate_0185,polished_examples,"A customer contacts support about a billing error, says the issue has already been raised twice, and shares synthetic contact details so the case can be traced.",neutral,0.6,,0,duplicate_flagged,,
candidate_0186,polished_examples,"A customer contacts support about a billing error, says the issue has already been raised twice",neutral,0.6,,0,coverage,,
candidate_0186,polished_examples,"A customer contacts support about a billing error, says the issue has already been raised twice",neutral,0.6,,0,duplicate_flagged,,
candidate_0187,polished_examples,and shares synthetic contact details so the case can be traced.,neutral,0.6,,0,coverage,,
candidate_0187,polished_examples,and shares synthetic contact details so the case can be traced.,neutral,0.6,,0,duplicate_flagged,,
candidate_0189,polished_examples,"output style: deterministic flags, evidence snippets, and redaction-aware metadata",neutral,0.6,,0,coverage,,
candidate_0189,polished_examples,"output style: deterministic flags, evidence snippets, and redaction-aware metadata",neutral,0.6,,0,duplicate_flagged,,
candidate_0193,polished_examples,"""I've already asked twice and the problem is still open.""",risk_friction,0.6,,0,coverage,,
candidate_0193,polished_examples,"""I've already asked twice and the problem is still open.""",risk_friction,0.6,,0,duplicate_flagged,,
candidate_0194,polished_examples,"""I'm pretty frustrated at this point.""",risk_friction,0.6,,0,coverage,,
candidate_0194,polished_examples,"""I'm pretty frustrated at this point.""",risk_friction,0.6,,0,duplicate_flagged,,
candidate_0195,polished_examples,"Route to a human reviewer or team lead, confirm billing ownership, and provide a concrete resolution or timeline instead of another handoff.",neutral,0.6,,0,coverage,,
candidate_0195,polished_examples,"Route to a human reviewer or team lead, confirm billing ownership, and provide a concrete resolution or timeline instead of another handoff.",neutral,0.6,,0,duplicate_flagged,,
candidate_0196,polished_examples,"Route to a human reviewer or team lead, confirm billing ownership",neutral,0.6,,0,coverage,,
candidate_0196,polished_examples,"Route to a human reviewer or team lead, confirm billing ownership",neutral,0.6,,0,duplicate_flagged,,
candidate_0197,polished_examples,and provide a concrete resolution or timeline instead of another handoff.,neutral,0.6,,0,coverage,,
candidate_0197,polished_examples,and provide a concrete resolution or timeline instead of another handoff.,neutral,0.6,,0,duplicate_flagged,,
candidate_0198,polished_examples,"When `--redact-pii` is enabled, synthetic email and phone details are replaced before analysis and only hash-based redaction records are retained in metadata.",neutral,0.6,,0,coverage,,
candidate_0198,polished_examples,"When `--redact-pii` is enabled, synthetic email and phone details are replaced before analysis and only hash-based redaction records are retained in metadata.",neutral,0.6,,0,duplicate_flagged,,
candidate_0202,polished_examples,without relying on a broad summary or unsupported certainty claims.,neutral,0.6,,0,coverage,,
candidate_0202,polished_examples,without relying on a broad summary or unsupported certainty claims.,neutral,0.6,,0,duplicate_flagged,,
candidate_0204,polished_examples,A prospective buyer is interested in moving forward,neutral,0.6,,0,coverage,,
candidate_0204,polished_examples,A prospective buyer is interested in moving forward,neutral,0.6,,0,duplicate_flagged,,
candidate_0206,polished_examples,and leaves the next step weaker than ideal.,opportunity_commitment,0.6,,0,coverage,,
candidate_0206,polished_examples,and leaves the next step weaker than ideal.,opportunity_commitment,0.6,,0,duplicate_flagged,,
candidate_0209,polished_examples,"""The seat cost still feels high for where we are.""",risk_friction,0.6,,0,coverage,,
candidate_0209,polished_examples,"""The seat cost still feels high for where we are.""",risk_friction,0.6,,0,duplicate_flagged,,
candidate_0210,polished_examples,"""We're also comparing this against Intercom.""",risk_friction,0.6,,0,coverage,,
candidate_0210,polished_examples,"""We're also comparing this against Intercom.""",risk_friction,0.6,,0,duplicate_flagged,,
candidate_0214,polished_examples,and equip the rep with a concrete competitor comparison for the next review.,risk_friction,0.6,,0,coverage,,
candidate_0214,polished_examples,and equip the rep with a concrete competitor comparison for the next review.,risk_friction,0.6,,0,duplicate_flagged,,
candidate_0215,polished_examples,No raw PII should be exposed in polished output examples,neutral,0.6,,0,coverage,,
candidate_0215,polished_examples,No raw PII should be exposed in polished output examples,neutral,0.6,,0,duplicate_flagged,,
candidate_0216,polished_examples,examples here use role-level context and short evidence snippets only.,neutral,0.6,,0,coverage,,
candidate_0216,polished_examples,examples here use role-level context and short evidence snippets only.,neutral,0.6,,0,duplicate_flagged,,
candidate_0217,polished_examples,"It helps a manager or buyer see what was detected, why it was detected, and what requires review next, without pretending to predict closed-won outcomes from the transcript alone.",risk_friction,0.6,,0,coverage,,
candidate_0217,polished_examples,"It helps a manager or buyer see what was detected, why it was detected, and what requires review next, without pretending to predict closed-won outcomes from the transcript alone.",risk_friction,0.6,,0,duplicate_flagged,,
candidate_0218,polished_examples,"It helps a manager or buyer see what was detected, why it was detected",risk_friction,0.6,,0,coverage,,
candidate_0218,polished_examples,"It helps a manager or buyer see what was detected, why it was detected",risk_friction,0.6,,0,duplicate_flagged,,
candidate_0220,polished_examples,without pretending to predict closed-won outcomes from the transcript alone.,neutral,0.6,,0,coverage,,
candidate_0220,polished_examples,without pretending to predict closed-won outcomes from the transcript alone.,neutral,0.6,,0,duplicate_flagged,,
candidate_0222,sales_demo_output,"The seat cost feels expensive versus Zendesk, and the team is also comparing yo...",risk_friction,0.9,,0,coverage,,
candidate_0222,sales_demo_output,"The seat cost feels expensive versus Zendesk, and the team is also comparing yo...",risk_friction,0.9,,0,duplicate_flagged,,
candidate_0224,sales_demo_output,...team is also comparing you to Intercom.,risk_friction,0.6,,0,coverage,,
candidate_0224,sales_demo_output,...team is also comparing you to Intercom.,risk_friction,0.6,,0,duplicate_flagged,,
candidate_0225,sales_demo_output,Competitor or alternative mention detected.,risk_friction,0.6,,0,coverage,,
candidate_0225,sales_demo_output,Competitor or alternative mention detected.,risk_friction,0.6,,0,duplicate_flagged,,
candidate_0229,sales_demo_output,and I can include the security packet for pr...,neutral,0.6,,0,coverage,,
candidate_0229,sales_demo_output,and I can include the security packet for pr...,neutral,0.6,,0,duplicate_flagged,,
candidate_0230,support_demo_output,Low lexical overlap and few direct-answer cues in the response.,neutral,0.6,,0,coverage,,
candidate_0230,support_demo_output,Low lexical overlap and few direct-answer cues in the response.,neutral,0.6,,0,duplicate_flagged,,
candidate_0231,support_demo_output,...are still looking into it and someone will reach out later once billing has an update.,risk_friction,0.6,,0,coverage,,
candidate_0231,support_demo_output,...are still looking into it and someone will reach out later once billing has an update.,risk_friction,0.6,,0,duplicate_flagged,,
candidate_0232,support_demo_output,Response uses a deflection phrase instead of resolving the prompt.,neutral,0.6,,0,coverage,,
candidate_0232,support_demo_output,Response uses a deflection phrase instead of resolving the prompt.,neutral,0.6,,0,duplicate_flagged,,
candidate_0239,demo_index,`/Users/keith/.pyenv/versions/3.11.3/bin/python scripts/run_text_emotion_benchmark.py --input data/signal_engine_2_0/emotion_benchmark/sample_emotion_cases.jsonl --manifest data/signal_engine_2_0/dataset_manifests/emotion_benchmark_manifest.json --mode deterministic --redact-pii --out-dir outputs/signal_engine_2_0/final_demo/text_emotion_benchmark`,neutral,0.6,,0,coverage,,
candidate_0239,demo_index,`/Users/keith/.pyenv/versions/3.11.3/bin/python scripts/run_text_emotion_benchmark.py --input data/signal_engine_2_0/emotion_benchmark/sample_emotion_cases.jsonl --manifest data/signal_engine_2_0/dataset_manifests/emotion_benchmark_manifest.json --mode deterministic --redact-pii --out-dir outputs/signal_engine_2_0/final_demo/text_emotion_benchmark`,neutral,0.6,,0,duplicate_flagged,,
candidate_0240,demo_index,`/Users/keith/.pyenv/versions/3.11.3/bin/python scripts/run_text_emotion_benchmark.py --input data/signal_engine_2_0/emotion_benchmark/sample_emotion_cases.jsonl --manifest data/signal_engine_2_0/dataset_manifests/emotion_benchmark_manifest.json --mode transformers --model-id j-hartmann/emotion-english-distilroberta-base --out-dir /Users/keith/Documents/New project/earnings-call-signal-engine-support-qa/outputs/signal_engine_2_0/text_emotion_transformer_optional`,neutral,0.6,,0,coverage,,
candidate_0240,demo_index,`/Users/keith/.pyenv/versions/3.11.3/bin/python scripts/run_text_emotion_benchmark.py --input data/signal_engine_2_0/emotion_benchmark/sample_emotion_cases.jsonl --manifest data/signal_engine_2_0/dataset_manifests/emotion_benchmark_manifest.json --mode transformers --model-id j-hartmann/emotion-english-distilroberta-base --out-dir /Users/keith/Documents/New project/earnings-call-signal-engine-support-qa/outputs/signal_engine_2_0/text_emotion_transformer_optional`,neutral,0.6,,0,duplicate_flagged,,
candidate_0244,demo_index,"redaction summary: `{""enabled"": true, ""summary"": {""by_type"": {""email"": 1, ""phone"": 1}, ""total_redactions"": 2, ""unique_hashes"": 2}}`",neutral,0.6,,0,coverage,,
candidate_0244,demo_index,"redaction summary: `{""enabled"": true, ""summary"": {""by_type"": {""email"": 1, ""phone"": 1}, ""total_redactions"": 2, ""unique_hashes"": 2}}`",neutral,0.6,,0,duplicate_flagged,,
candidate_0245,demo_index,"warning: tiny handcrafted fixture, useful for harness validation only",neutral,0.6,,0,coverage,,
candidate_0245,demo_index,"warning: tiny handcrafted fixture, useful for harness validation only",neutral,0.6,,0,duplicate_flagged,,
candidate_0249,demo_index,no truth-detection or black-box emotion score is treated as product truth,neutral,0.6,,0,coverage,,
candidate_0249,demo_index,no truth-detection or black-box emotion score is treated as product truth,neutral,0.6,,0,duplicate_flagged,,
candidate_0250,pii_redacted_support_output,Prompt did not receive a matching response turn.,neutral,0.6,,0,coverage,,
candidate_0250,pii_redacted_support_output,Prompt did not receive a matching response turn.,neutral,0.6,,0,duplicate_flagged,,
candidate_0251,pii_redacted_support_output,I'm frustrated that invoice 8842 still shows the wrong total and nobody has confirmed when the credit wi...,risk_friction,0.6,,0,coverage,,
candidate_0251,pii_redacted_support_output,I'm frustrated that invoice 8842 still shows the wrong total and nobody has confirmed when the credit wi...,risk_friction,0.6,,0,duplicate_flagged,,
candidate_0254,pii_redacted_support_output,Customer prompt is still open without a clear resolution turn.,risk_friction,0.6,,0,coverage,,
candidate_0254,pii_redacted_support_output,Customer prompt is still open without a clear resolution turn.,risk_friction,0.6,,0,duplicate_flagged,,
candidate_0255,report,name: Signal Engine 2.0 handcrafted text emotion benchmark fixture,neutral,0.6,,0,coverage,,
candidate_0255,report,name: Signal Engine 2.0 handcrafted text emotion benchmark fixture,neutral,0.6,,0,duplicate_flagged,,
candidate_0256,report,pii_status: Contains synthetic placeholder contact details for redaction validation only.,neutral,0.6,,0,coverage,,
candidate_0256,report,pii_status: Contains synthetic placeholder contact details for redaction validation only.,neutral,0.6,,0,duplicate_flagged,,
candidate_0258,report,| `/Users/keith/Documents/New project/earnings-call-signal-engine-support-qa/data/signal_engine_2_0/emotion_benchmark/sample_emotion_cases.jsonl` | 4132 | 14 |,neutral,0.6,,0,coverage,,
candidate_0258,report,| `/Users/keith/Documents/New project/earnings-call-signal-engine-support-qa/data/signal_engine_2_0/emotion_benchmark/sample_emotion_cases.jsonl` | 4132 | 14 |,neutral,0.6,,0,duplicate_flagged,,
candidate_0259,report,"`anger, frustration, confusion, satisfaction, neutral, concern, urgency`",risk_friction,0.6,,0,coverage,,
candidate_0259,report,"`anger, frustration, confusion, satisfaction, neutral, concern, urgency`",risk_friction,0.6,,0,duplicate_flagged,,
candidate_0266,report,| concern | 2 |,risk_friction,0.6,,0,coverage,,
candidate_0266,report,| concern | 2 |,risk_friction,0.6,,0,duplicate_flagged,,
candidate_0268,report,| label | precision | recall | f1 | support |,neutral,0.6,,0,coverage,,
candidate_0268,report,| label | precision | recall | f1 | support |,neutral,0.6,,0,duplicate_flagged,,
candidate_0269,report,| anger | 1.0000 | 1.0000 | 1.0000 | 2 |,neutral,0.6,,0,coverage,,
candidate_0269,report,| anger | 1.0000 | 1.0000 | 1.0000 | 2 |,neutral,0.6,,0,duplicate_flagged,,
candidate_0270,report,| frustration | 1.0000 | 1.0000 | 1.0000 | 2 |,neutral,0.6,,0,coverage,,
candidate_0270,report,| frustration | 1.0000 | 1.0000 | 1.0000 | 2 |,neutral,0.6,,0,duplicate_flagged,,
candidate_0271,report,| confusion | 1.0000 | 1.0000 | 1.0000 | 2 |,neutral,0.6,,0,coverage,,
candidate_0271,report,| confusion | 1.0000 | 1.0000 | 1.0000 | 2 |,neutral,0.6,,0,duplicate_flagged,,
candidate_0272,report,| satisfaction | 1.0000 | 1.0000 | 1.0000 | 2 |,neutral,0.6,,0,coverage,,
candidate_0272,report,| satisfaction | 1.0000 | 1.0000 | 1.0000 | 2 |,neutral,0.6,,0,duplicate_flagged,,
candidate_0273,report,| neutral | 1.0000 | 1.0000 | 1.0000 | 2 |,neutral,0.6,,0,coverage,,
candidate_0273,report,| neutral | 1.0000 | 1.0000 | 1.0000 | 2 |,neutral,0.6,,0,duplicate_flagged,,
candidate_0274,report,| concern | 1.0000 | 1.0000 | 1.0000 | 2 |,risk_friction,0.6,,0,coverage,,
candidate_0274,report,| concern | 1.0000 | 1.0000 | 1.0000 | 2 |,risk_friction,0.6,,0,duplicate_flagged,,
candidate_0275,report,| urgency | 1.0000 | 1.0000 | 1.0000 | 2 |,neutral,0.6,,0,coverage,,
candidate_0275,report,| urgency | 1.0000 | 1.0000 | 1.0000 | 2 |,neutral,0.6,,0,duplicate_flagged,,
candidate_0276,report,| true \ pred | anger | frustration | confusion | satisfaction | neutral | concern | urgency |,risk_friction,0.6,,0,coverage,,
candidate_0276,report,| true \ pred | anger | frustration | confusion | satisfaction | neutral | concern | urgency |,risk_friction,0.6,,0,duplicate_flagged,,
candidate_0277,report,| anger | 2 | 0 | 0 | 0 | 0 | 0 | 0 |,neutral,0.6,,0,coverage,,
candidate_0277,report,| anger | 2 | 0 | 0 | 0 | 0 | 0 | 0 |,neutral,0.6,,0,duplicate_flagged,,
candidate_0278,report,| frustration | 0 | 2 | 0 | 0 | 0 | 0 | 0 |,neutral,0.6,,0,coverage,,
candidate_0278,report,| frustration | 0 | 2 | 0 | 0 | 0 | 0 | 0 |,neutral,0.6,,0,duplicate_flagged,,
candidate_0279,report,| confusion | 0 | 0 | 2 | 0 | 0 | 0 | 0 |,neutral,0.6,,0,coverage,,
candidate_0279,report,| confusion | 0 | 0 | 2 | 0 | 0 | 0 | 0 |,neutral,0.6,,0,duplicate_flagged,,
candidate_0280,report,| satisfaction | 0 | 0 | 0 | 2 | 0 | 0 | 0 |,neutral,0.6,,0,coverage,,
candidate_0280,report,| satisfaction | 0 | 0 | 0 | 2 | 0 | 0 | 0 |,neutral,0.6,,0,duplicate_flagged,,
candidate_0281,report,| neutral | 0 | 0 | 0 | 0 | 2 | 0 | 0 |,neutral,0.6,,0,coverage,,
candidate_0281,report,| neutral | 0 | 0 | 0 | 0 | 2 | 0 | 0 |,neutral,0.6,,0,duplicate_flagged,,
candidate_0282,report,| concern | 0 | 0 | 0 | 0 | 0 | 2 | 0 |,risk_friction,0.6,,0,coverage,,
candidate_0282,report,| concern | 0 | 0 | 0 | 0 | 0 | 2 | 0 |,risk_friction,0.6,,0,duplicate_flagged,,
candidate_0283,report,| urgency | 0 | 0 | 0 | 0 | 0 | 0 | 2 |,neutral,0.6,,0,coverage,,
candidate_0283,report,| urgency | 0 | 0 | 0 | 0 | 0 | 0 | 2 |,neutral,0.6,,0,duplicate_flagged,,
candidate_0285,report,expand fixtures only after rubric review and privacy sign-off,opportunity_commitment,0.6,,0,coverage,,
candidate_0285,report,expand fixtures only after rubric review and privacy sign-off,opportunity_commitment,0.6,,0,duplicate_flagged,,
candidate_0286,report,compare deterministic results against optional local transformer baselines,neutral,0.6,,0,coverage,,
candidate_0286,report,compare deterministic results against optional local transformer baselines,neutral,0.6,,0,duplicate_flagged,,
candidate_0287,report,keep transcript-first deterministic analysis canonical while audio/video remain adapter-ready roadmap,neutral,0.6,,0,coverage,,
candidate_0287,report,keep transcript-first deterministic analysis canonical while audio/video remain adapter-ready roadmap,neutral,0.6,,0,duplicate_flagged,,
candidate_0288,multimodal_feature_report,Matched deterministic transcript cues: for now.,uncertainty_hedging,0.6,,0,coverage,,
candidate_0288,multimodal_feature_report,Matched deterministic transcript cues: for now.,uncertainty_hedging,0.6,,0,duplicate_flagged,,
candidate_0291,multimodal_feature_report,"Matched deterministic transcript cues: send, we will.",opportunity_commitment,0.6,,0,coverage,,
candidate_0291,multimodal_feature_report,"Matched deterministic transcript cues: send, we will.",opportunity_commitment,0.6,,0,duplicate_flagged,,
candidate_0292,multimodal_feature_report,Verify that reassurance is backed by a concrete plan rather than a generic promise.,neutral,0.6,,0,coverage,,
candidate_0292,multimodal_feature_report,Verify that reassurance is backed by a concrete plan rather than a generic promise.,neutral,0.6,,0,duplicate_flagged,,
candidate_0294,multimodal_feature_report,"Review the objection, pressure, or analyst challenge before deciding severity.",neutral,0.6,,0,coverage,,
candidate_0294,multimodal_feature_report,"Review the objection, pressure, or analyst challenge before deciding severity.",neutral,0.6,,0,duplicate_flagged,,
candidate_0295,multimodal_feature_report,"Matched deterministic transcript cues: still, does not solve.",neutral,0.6,,0,coverage,,
candidate_0295,multimodal_feature_report,"Matched deterministic transcript cues: still, does not solve.",neutral,0.6,,0,duplicate_flagged,,
candidate_0296,multimodal_feature_report,Compare the surrounding turns to see whether the speaker is walking back a prior statement.,neutral,0.6,,0,coverage,,
candidate_0296,multimodal_feature_report,Compare the surrounding turns to see whether the speaker is walking back a prior statement.,neutral,0.6,,0,duplicate_flagged,,
candidate_0299,multimodal_feature_report,"Signals are review cues, not claims about internal state.",neutral,0.6,,0,coverage,,
candidate_0299,multimodal_feature_report,"Signals are review cues, not claims about internal state.",neutral,0.6,,0,duplicate_flagged,,
candidate_0302,multimodal_feature_report,Audio cues are optional support only and never canonical truth.,neutral,0.6,,0,coverage,,
candidate_0302,multimodal_feature_report,Audio cues are optional support only and never canonical truth.,neutral,0.6,,0,duplicate_flagged,,
candidate_0305,multimodal_feature_report,Transcript evidence is primary for this review cue.,neutral,0.6,,0,coverage,,
candidate_0305,multimodal_feature_report,Transcript evidence is primary for this review cue.,neutral,0.6,,0,duplicate_flagged,,
candidate_0306,multimodal_feature_report,Review cautious or ambiguous language before making a directional judgment.,uncertainty_hedging,0.6,,0,coverage,,
candidate_0306,multimodal_feature_report,Review cautious or ambiguous language before making a directional judgment.,uncertainty_hedging,0.6,,0,duplicate_flagged,,
candidate_0307,multimodal_feature_report,"Verify whether reassuring language is backed by owners, dates, and concrete evidence.",neutral,0.6,,0,coverage,,
candidate_0307,multimodal_feature_report,"Verify whether reassuring language is backed by owners, dates, and concrete evidence.",neutral,0.6,,0,duplicate_flagged,,
candidate_0308,multimodal_feature_report,"Verify whether reassuring language is backed by owners, dates",neutral,0.6,,0,coverage,,
candidate_0308,multimodal_feature_report,"Verify whether reassuring language is backed by owners, dates",neutral,0.6,,0,duplicate_flagged,,
candidate_0309,multimodal_feature_report,Check the underlying turns and media cues before escalating severity.,neutral,0.6,,0,coverage,,
candidate_0309,multimodal_feature_report,Check the underlying turns and media cues before escalating severity.,neutral,0.6,,0,duplicate_flagged,,
candidate_0310,multimodal_feature_report,Compare apparently conflicting statements directly in the transcript.,neutral,0.6,,0,coverage,,
candidate_0310,multimodal_feature_report,Compare apparently conflicting statements directly in the transcript.,neutral,0.6,,0,duplicate_flagged,,
candidate_0312,multimodal_feature_report,"Signals are review cues, not claims about hidden emotion, truthfulness, or diagnosis.",neutral,0.6,,0,coverage,,
candidate_0312,multimodal_feature_report,"Signals are review cues, not claims about hidden emotion, truthfulness, or diagnosis.",neutral,0.6,,0,duplicate_flagged,,
candidate_0314,report,| anger | 0.6667 | 1.0000 | 0.8000 | 2 |,neutral,0.6,,0,coverage,,
candidate_0314,report,| anger | 0.6667 | 1.0000 | 0.8000 | 2 |,neutral,0.6,,0,duplicate_flagged,,
candidate_0315,report,| frustration | 0.0000 | 0.0000 | 0.0000 | 2 |,neutral,0.6,,0,coverage,,
candidate_0315,report,| frustration | 0.0000 | 0.0000 | 0.0000 | 2 |,neutral,0.6,,0,duplicate_flagged,,
candidate_0316,report,| confusion | 0.0000 | 0.0000 | 0.0000 | 2 |,neutral,0.6,,0,coverage,,
candidate_0316,report,| confusion | 0.0000 | 0.0000 | 0.0000 | 2 |,neutral,0.6,,0,duplicate_flagged,,
candidate_0317,report,| neutral | 0.3333 | 1.0000 | 0.5000 | 2 |,neutral,0.6,,0,coverage,,
candidate_0317,report,| neutral | 0.3333 | 1.0000 | 0.5000 | 2 |,neutral,0.6,,0,duplicate_flagged,,
candidate_0318,report,| urgency | 0.0000 | 0.0000 | 0.0000 | 2 |,neutral,0.6,,0,coverage,,
candidate_0318,report,| urgency | 0.0000 | 0.0000 | 0.0000 | 2 |,neutral,0.6,,0,duplicate_flagged,,
candidate_0319,report,| frustration | 1 | 0 | 0 | 0 | 1 | 0 | 0 |,neutral,0.6,,0,coverage,,
candidate_0319,report,| frustration | 1 | 0 | 0 | 0 | 1 | 0 | 0 |,neutral,0.6,,0,duplicate_flagged,,
candidate_0320,report,| confusion | 0 | 0 | 0 | 0 | 1 | 0 | 1 |,neutral,0.6,,0,coverage,,
candidate_0320,report,| confusion | 0 | 0 | 0 | 0 | 1 | 0 | 1 |,neutral,0.6,,0,duplicate_flagged,,
candidate_0321,report,| urgency | 0 | 0 | 0 | 0 | 2 | 0 | 0 |,neutral,0.6,,0,coverage,,
candidate_0321,report,| urgency | 0 | 0 | 0 | 0 | 2 | 0 | 0 |,neutral,0.6,,0,duplicate_flagged,,
