object_id,object_type,case_id,ticker,company,fiscal_period,source_type,source_ref,section,speaker,topic,span_start_char,span_end_char,source_sha256,text_sha256,normalized_transcript_sha256,provenance_ref,provenance_hash,rights_tier,retrieval_priority,commit_allowed,raw_text_commit_allowed,raw_text_committed
evidence_e4ea6676da78e9c9,evidence_object,bac_2025_q4,BAC,Bank of America Corporation,2025 Q4,manual_local_transcript_evidence,/Users/keith/Desktop/earnings calls 100 samples/BAC_Bank_of_America_Corporation/bac_2025_q4/chunks/transcript/chunk_80b1bfb135d3c002.txt,prepared_remarks,management,prepared_remarks,767,809,sha256:3f68b8abe347f2eddb1a70e836eee558d4d39e41871c1773daf4cee7752e58da,sha256:fee215c8e40ae4e79e560b769d7b11148dc230c6098dc10d341138adfa7790e4,sha256:bdaaaa1ad7c3a4f1a3b35b36e96fe0d24ce0eed1e7491cd5becadc2d301f903f,/Users/keith/Desktop/earnings calls 100 samples/BAC_Bank_of_America_Corporation/bac_2025_q4/metadata/normalized_transcript.json,sha256:6dfd49f09ee877108ddd350b39348f7ade7c1eaa4e4b2761a08d8ad8d9b56818,safe_to_download,1,false,false,false
evidence_68ddf052cec0aa58,evidence_object,cat_2024_q4,CAT,Caterpillar Inc.,2024 Q4,manual_local_transcript_evidence,/Users/keith/Desktop/earnings calls 100 samples/CAT_Caterpillar_Inc/cat_2024_q4/chunks/transcript/chunk_5e47beb69b193b17.txt,prepared_remarks,management,prepared_remarks,870,2082,sha256:943b0a15942e31440425cfc56a43cf41774314d6669205b87708a32fe5615087,sha256:5f281ca0ecd8a43d0e9ce1def39d9d381f42bbc4677653f57d8b4e3ee7cfe665,sha256:fdcfe0c9ec49025f5a8854f42a73c7698d3691e3cf8b79cb81bf43ca6c48d8c8,/Users/keith/Desktop/earnings calls 100 samples/CAT_Caterpillar_Inc/cat_2024_q4/metadata/normalized_transcript.json,sha256:727116e8d4432febdc609b1be213500491f8aa31cedc8b80f6f03deb36434c84,safe_to_download,1,false,false,false
evidence_d260f6498c9d7367,evidence_object,cat_2025_q1,CAT,Caterpillar Inc.,2025 Q1,manual_local_transcript_evidence,/Users/keith/Desktop/earnings calls 100 samples/CAT_Caterpillar_Inc/cat_2025_q1/chunks/transcript/chunk_797efabd0224dab5.txt,prepared_remarks,management,prepared_remarks,801,2081,sha256:8924d13b82fefadc3f0912b4631c0540d7bd18ad096de44b4a278d166d49c428,sha256:c3ae74eb872a5db8702564d8371f9c69a900de6e09362c06648b58e5ce072770,sha256:f349917693947a6461bd2576889299acf59cf560def1273a7d9328273b58bd0a,/Users/keith/Desktop/earnings calls 100 samples/CAT_Caterpillar_Inc/cat_2025_q1/metadata/normalized_transcript.json,sha256:66c7b7435977e1469078aa0d7b38980cc34e961704d28aad638b459c1f4f3c8f,safe_to_download,1,false,false,false
evidence_5fc09c790b6aff71,evidence_object,cat_2025_q2,CAT,Caterpillar Inc.,2025 Q2,manual_local_transcript_evidence,/Users/keith/Desktop/earnings calls 100 samples/CAT_Caterpillar_Inc/cat_2025_q2/chunks/transcript/chunk_a3aa7bb84ba6733f.txt,prepared_remarks,management,prepared_remarks,751,1995,sha256:245d279780d60d7505e1ba4dfb9f31ceba34f28722aa4577aa085c31148f850a,sha256:990a86c139fe48f357856ae8fcd943201556eea2686dc9a35f14e93f5016ceca,sha256:c9f976f13460eacb26e5c22feaccfdb3bf63b8ef4b1cb345f4fd00c97a2f7af6,/Users/keith/Desktop/earnings calls 100 samples/CAT_Caterpillar_Inc/cat_2025_q2/metadata/normalized_transcript.json,sha256:d2dabc08418e0c36609f88ef92449a005b991c2dbf52549af09ff625044a91a2,safe_to_download,1,false,false,false
evidence_cccf9ad479e54e0a,evidence_object,cat_2025_q3,CAT,Caterpillar Inc.,2025 Q3,manual_local_transcript_evidence,/Users/keith/Desktop/earnings calls 100 samples/CAT_Caterpillar_Inc/cat_2025_q3/chunks/transcript/chunk_0dd437d5a85b4682.txt,prepared_remarks,management,prepared_remarks,716,1938,sha256:afbda8b53586966dc8df34306d4f193c30bdebf0f264a26f81e1f8045349878a,sha256:3f291d039ad323bec8e0d2dcf89bdad946ef10f8b126894e464f0f0bc00892bc,sha256:bffe5b001482c9712a33c385e897728c6242c757c3f372d88a8bec599b0c1efe,/Users/keith/Desktop/earnings calls 100 samples/CAT_Caterpillar_Inc/cat_2025_q3/metadata/normalized_transcript.json,sha256:7058072ce75c93983fc4292f9e116136ba6316830dc3361704d9bf12ee870963,safe_to_download,1,false,false,false
evidence_a934c84afe2ee096,evidence_object,cat_2025_q4,CAT,Caterpillar Inc.,2025 Q4,manual_local_transcript_evidence,/Users/keith/Desktop/earnings calls 100 samples/CAT_Caterpillar_Inc/cat_2025_q4/chunks/transcript/chunk_1820a485d8ced6e9.txt,prepared_remarks,management,prepared_remarks,668,1856,sha256:23848e055532697dcade55635d015faab05dae68ebde2dc50d098383d738e6a7,sha256:f02e19e2d13782b4c4dcfd64167ed17e3dc48109de10de89973155a3b508cdb2,sha256:0a977c84256e62757d6b7f248b47dc954557ccc306f75da7c29ff9fbdafb3725,/Users/keith/Desktop/earnings calls 100 samples/CAT_Caterpillar_Inc/cat_2025_q4/metadata/normalized_transcript.json,sha256:05d1d664928995a179304143e28ca488fd2913be1ab2f240e2d4d5a5bd9efd93,safe_to_download,1,false,false,false
evidence_e2cfcf3f39ff87b6,evidence_object,f_2025_q1,F,Ford Motor Company,2025 Q1,manual_local_transcript_evidence,/Users/keith/Desktop/earnings calls 100 samples/F_Ford_Motor_Company/f_2025_q1/chunks/transcript/chunk_ce5ae796123f6b93.txt,prepared_remarks,management,prepared_remarks,46167,48667,sha256:34cfd9da1094797400fddc5cba2ba0045e3d1920723ebbd7b4628c0d07ecf32f,sha256:0a709d3c5c0a00dbc9baa5e0f5397d821f979a41b27c911e2bfb3b244d0c5e4a,sha256:ef362fc48eadfe886b4476ebd1930dab8ee0dccc73146ce53503da6c2ba271a9,/Users/keith/Desktop/earnings calls 100 samples/F_Ford_Motor_Company/f_2025_q1/metadata/normalized_transcript.json,sha256:ce18532f380406fea0178326bb66af2d3d75dbfbc1aacf4885e08791668d2454,safe_to_download,1,false,false,false
evidence_f9e163da78e27c77,evidence_object,f_2025_q1,F,Ford Motor Company,2025 Q1,manual_local_transcript_evidence,/Users/keith/Desktop/earnings calls 100 samples/F_Ford_Motor_Company/f_2025_q1/chunks/transcript/chunk_9b4ade2607aaefb1.txt,prepared_remarks,management,prepared_remarks,48667,51167,sha256:34cfd9da1094797400fddc5cba2ba0045e3d1920723ebbd7b4628c0d07ecf32f,sha256:fceafc0261aebbd70a15a1fa81f0c800c21d659a7b5649ef2790827be02f53ca,sha256:ef362fc48eadfe886b4476ebd1930dab8ee0dccc73146ce53503da6c2ba271a9,/Users/keith/Desktop/earnings calls 100 samples/F_Ford_Motor_Company/f_2025_q1/metadata/normalized_transcript.json,sha256:183c2139b21261881d371b06e9cfaff4fef507273b6c48036a39218b844ff734,safe_to_download,1,false,false,false
evidence_ca5c334eabf43b76,evidence_object,f_2025_q1,F,Ford Motor Company,2025 Q1,manual_local_transcript_evidence,/Users/keith/Desktop/earnings calls 100 samples/F_Ford_Motor_Company/f_2025_q1/chunks/transcript/chunk_639d047f6bc53757.txt,prepared_remarks,management,prepared_remarks,51167,53366,sha256:34cfd9da1094797400fddc5cba2ba0045e3d1920723ebbd7b4628c0d07ecf32f,sha256:f4c38d931cbf736a504fc3e12d24d05883999e0ab868365af0e8808a04b94b52,sha256:ef362fc48eadfe886b4476ebd1930dab8ee0dccc73146ce53503da6c2ba271a9,/Users/keith/Desktop/earnings calls 100 samples/F_Ford_Motor_Company/f_2025_q1/metadata/normalized_transcript.json,sha256:c7247ed6d9f551c72b729c8c93e4a60a2777865011e82757aeaedcf1ad520bcc,safe_to_download,1,false,false,false
evidence_70cc086d01f56251,evidence_object,f_2025_q2,F,Ford Motor Company,2025 Q2,manual_local_transcript_evidence,/Users/keith/Desktop/earnings calls 100 samples/F_Ford_Motor_Company/f_2025_q2/chunks/transcript/chunk_bd4a5c9eb01b8d5e.txt,prepared_remarks,management,prepared_remarks,498,577,sha256:662151de52eb9e609340c9fd5d3be599b04744074ddd4639e58d33d76ac5ff33,sha256:24bb0dc066e9a780f8579602b11b9a52dd3f097cd2a22f80dfcb0916286f8907,sha256:8f1a9695d41a365f15799204ece0919eba88660dae4215933a1b77f974d0fd2b,/Users/keith/Desktop/earnings calls 100 samples/F_Ford_Motor_Company/f_2025_q2/metadata/normalized_transcript.json,sha256:26fee641079d00a54285c879b53d079d0dbe4a3e76ca4f4766cb9d74a5a5c85d,safe_to_download,1,false,false,false
evidence_844bd1658884f8f1,evidence_object,f_2025_q3,F,Ford Motor Company,2025 Q3,manual_local_transcript_evidence,/Users/keith/Desktop/earnings calls 100 samples/F_Ford_Motor_Company/f_2025_q3/chunks/transcript/chunk_6ec77c7dcbbc5022.txt,prepared_remarks,management,prepared_remarks,512,593,sha256:5b3393c074a51daa3637666422a20f61de9eff73d1bbacbf1802cc00b6f89b18,sha256:e37ed7c21120172f22ccbd9f0bd393725e007a55f44341b7bd61c6bd36d803cd,sha256:863d2faae86b94e2d80a6e0e483514f50823959cd02abd2ddc026acb4b6dcaea,/Users/keith/Desktop/earnings calls 100 samples/F_Ford_Motor_Company/f_2025_q3/metadata/normalized_transcript.json,sha256:97ec693ebcf8d67d7515fd620865bebdc66e4743d73929658e3cf03bfb03317e,safe_to_download,1,false,false,false
evidence_95e18b257a772093,evidence_object,f_2025_q4,F,Ford Motor Company,2025 Q4,manual_local_transcript_evidence,/Users/keith/Desktop/earnings calls 100 samples/F_Ford_Motor_Company/f_2025_q4/chunks/transcript/chunk_5aeecfc9e5743c7b.txt,prepared_remarks,management,prepared_remarks,558,640,sha256:9d0dfd62d4fbd44e485c1593090ef144a88ee1e4c531eeb91e7cbd39ac3559a8,sha256:a72b154b509d976f8ff49b569bf3286f3de0aedc4f7a14f6a0ec0d239c5f41d9,sha256:80b121679ab2890ff94b7703936f9952a02f1a96d2f1cdc22412379a07e69b49,/Users/keith/Desktop/earnings calls 100 samples/F_Ford_Motor_Company/f_2025_q4/metadata/normalized_transcript.json,sha256:7d5ea24d91b7f0e2e441ced9b300f874b66cec6f3eff48db039110e1ff16928a,safe_to_download,1,false,false,false
evidence_435dd81dc711073d,evidence_object,hd_2024_q1,HD,The Home Depot Inc.,2024 Q1,manual_local_transcript_evidence,/Users/keith/Desktop/earnings calls 100 samples/HD_The_Home_Depot_Inc/hd_2024_q1/chunks/transcript/chunk_f5359db1e8709bad.txt,prepared_remarks,management,prepared_remarks,81,258,sha256:b48b9ec8389b99458d711c7cba456aea95e5c70498700269b2aa04a90f8283ac,sha256:defdf0b028473d5ac1f00681a660da60642f72fe243e68b70c590b4727a129da,sha256:5c2a7c417b3bce31569d7afbef2336185cc0d09592553cab16002a6f39475428,/Users/keith/Desktop/earnings calls 100 samples/HD_The_Home_Depot_Inc/hd_2024_q1/metadata/normalized_transcript.json,sha256:32e6b325c40f6b8345d98bea58d57e18347624f8780f5964c16ccc237a76d8d4,safe_to_download,1,false,false,false
evidence_5a2cd614d939692b,evidence_object,hd_2024_q2,HD,The Home Depot Inc.,2024 Q2,manual_local_transcript_evidence,/Users/keith/Desktop/earnings calls 100 samples/HD_The_Home_Depot_Inc/hd_2024_q2/chunks/transcript/chunk_27c65c3874744776.txt,prepared_remarks,management,prepared_remarks,84,261,sha256:3174638eac245995333789f2ecd92998ac55a9d590e6d5e13130d784923b04bf,sha256:c57524459ab0d442ed23031fc2a23b6374a7828a286ffe3f960279bb592af160,sha256:7bf93f4dd4bf928ab5b77b112bd349d0f67a05a36747b9a4ccecccd8ecf4fb5b,/Users/keith/Desktop/earnings calls 100 samples/HD_The_Home_Depot_Inc/hd_2024_q2/metadata/normalized_transcript.json,sha256:6ce354e4a0f2812e276fa6409a769cf1500ab93609d4df4d86689ce285ae07e8,safe_to_download,1,false,false,false
evidence_eb15677310a01da9,evidence_object,hd_2024_q3,HD,The Home Depot Inc.,2024 Q3,manual_local_transcript_evidence,/Users/keith/Desktop/earnings calls 100 samples/HD_The_Home_Depot_Inc/hd_2024_q3/chunks/transcript/chunk_aab60be671c4ec6c.txt,prepared_remarks,management,prepared_remarks,86,263,sha256:7615358920d80acfbd3262943496d8570827676fe39d2c38aecdf4e7ba2d2fc6,sha256:f11127ce7fbd191abdb25f1869975f0ce854c721f18323ab134df35dbee028ad,sha256:e8e45598dae822f29006156b2a47b06a43f1c62013e129cede330b85f4220ffc,/Users/keith/Desktop/earnings calls 100 samples/HD_The_Home_Depot_Inc/hd_2024_q3/metadata/normalized_transcript.json,sha256:2b90670433186ad6b2815a9e59bbefd9d216b982f119c6105d31cfeeefbdcb95,safe_to_download,1,false,false,false
evidence_4fcf4c5e5a52d119,evidence_object,hd_2024_q4,HD,The Home Depot Inc.,2024 Q4,manual_local_transcript_evidence,/Users/keith/Desktop/earnings calls 100 samples/HD_The_Home_Depot_Inc/hd_2024_q4/chunks/transcript/chunk_25f3b2baeb5456f6.txt,prepared_remarks,management,prepared_remarks,89,267,sha256:6662b3fea415afaf582fba4411c086fed59fbf02225c05c4b41d47c26f9d3a0e,sha256:07a1f7802f05f17a3958d2e63f2c5156ac0931c41c3c532f8865ea6c00c49b15,sha256:4d1d4319cef314c5348b2102762aa6b2a6c10ce8e371a9efd39a96cc28475a54,/Users/keith/Desktop/earnings calls 100 samples/HD_The_Home_Depot_Inc/hd_2024_q4/metadata/normalized_transcript.json,sha256:cdf454fb3405ed084728daaaf3a8da924a8ec09b73bf000d9c328017325f843c,safe_to_download,1,false,false,false
evidence_51f5608b806b5578,evidence_object,hd_2025_q4,HD,"The Home Depot, Inc.",2025 Q4,manual_local_transcript_evidence,/Users/keith/Desktop/earnings calls 100 samples/HD_The_Home_Depot_Inc/hd_2025_q4/chunks/transcript/chunk_9b5b69343be3dc39.txt,prepared_remarks,management,prepared_remarks,93,276,sha256:9930b485a5fbe82794b52fe951d036f7a1429abea2711921530b79ed8746ca8a,sha256:010dc3d3595250195fa9ed8f53343d7c9e2f07c773bb57e30316a08692debd12,sha256:9a4ba3adec57821de9a9281ab6acb2b78fc240df55b3c4b5019ab772a034459e,/Users/keith/Desktop/earnings calls 100 samples/HD_The_Home_Depot_Inc/hd_2025_q4/metadata/normalized_transcript.json,sha256:b83cec7882fba5a61960dfc68082ae9ec9d130714961947f793df5ae24dda83d,safe_to_download,1,false,false,false
evidence_764d9cc32c1d458d,evidence_object,jpm_2024_q1,JPM,JPMorgan Chase & Co.,2024 Q1,manual_local_transcript_evidence,/Users/keith/Desktop/earnings calls 100 samples/JPM_JPMorgan_Chase_Co/jpm_2024_q1/chunks/transcript/chunk_47355238016183b3.txt,prepared_remarks,management,prepared_remarks,582,3082,sha256:4ecc3387f5c6a8c23276665573381fdef37b403f0c73d864b0fd79b285cf79d7,sha256:c6e4511720d6534990bb1f920d89f82fbefaef0c9252c75df5e072bee26f171f,sha256:fb1944d651d375dbb7832b50a5cbf6dead50ab02a0f10edc647b350d9c3a6f08,/Users/keith/Desktop/earnings calls 100 samples/JPM_JPMorgan_Chase_Co/jpm_2024_q1/metadata/normalized_transcript.json,sha256:bb9f91ca901f20edc88e7ac538e2a557d073e5c2a924cd0aa5cf692ceedcb59c,safe_to_download,1,false,false,false
evidence_9a4608fc0e8d1906,evidence_object,jpm_2024_q1,JPM,JPMorgan Chase & Co.,2024 Q1,manual_local_transcript_evidence,/Users/keith/Desktop/earnings calls 100 samples/JPM_JPMorgan_Chase_Co/jpm_2024_q1/chunks/transcript/chunk_ff07046c90486701.txt,prepared_remarks,management,prepared_remarks,3082,5582,sha256:4ecc3387f5c6a8c23276665573381fdef37b403f0c73d864b0fd79b285cf79d7,sha256:b313ac17f1551a28eeacd774365b4c4c3dc3b5a33209e10ce922027ca2da6c06,sha256:fb1944d651d375dbb7832b50a5cbf6dead50ab02a0f10edc647b350d9c3a6f08,/Users/keith/Desktop/earnings calls 100 samples/JPM_JPMorgan_Chase_Co/jpm_2024_q1/metadata/normalized_transcript.json,sha256:1fd0e960ad517fbcf55da9dcbdc3828314a3000d8d993b2c267c1dc5cae8f473,safe_to_download,1,false,false,false
evidence_0d2ac3b9e4a65be8,evidence_object,jpm_2024_q1,JPM,JPMorgan Chase & Co.,2024 Q1,manual_local_transcript_evidence,/Users/keith/Desktop/earnings calls 100 samples/JPM_JPMorgan_Chase_Co/jpm_2024_q1/chunks/transcript/chunk_846b914c9a8700b0.txt,prepared_remarks,management,prepared_remarks,5582,8082,sha256:4ecc3387f5c6a8c23276665573381fdef37b403f0c73d864b0fd79b285cf79d7,sha256:ca6f98c792e8fd52daa8a9ad0f238ddef1b598508c17fd8be9bc6924afaec263,sha256:fb1944d651d375dbb7832b50a5cbf6dead50ab02a0f10edc647b350d9c3a6f08,/Users/keith/Desktop/earnings calls 100 samples/JPM_JPMorgan_Chase_Co/jpm_2024_q1/metadata/normalized_transcript.json,sha256:0c3d80f0546b0740a6e1ddb2d5cb65c3d1772bd314840e9a5bba168744f88f12,safe_to_download,1,false,false,false
evidence_a25ce81d8ee3dccd,evidence_object,jpm_2024_q1,JPM,JPMorgan Chase & Co.,2024 Q1,manual_local_transcript_evidence,/Users/keith/Desktop/earnings calls 100 samples/JPM_JPMorgan_Chase_Co/jpm_2024_q1/chunks/transcript/chunk_2beb3e824425184b.txt,prepared_remarks,management,prepared_remarks,8082,10582,sha256:4ecc3387f5c6a8c23276665573381fdef37b403f0c73d864b0fd79b285cf79d7,sha256:15b8e9dc79144b9cee8dcbc36d548db63672fdf77d590018425c60bcc90fbe9d,sha256:fb1944d651d375dbb7832b50a5cbf6dead50ab02a0f10edc647b350d9c3a6f08,/Users/keith/Desktop/earnings calls 100 samples/JPM_JPMorgan_Chase_Co/jpm_2024_q1/metadata/normalized_transcript.json,sha256:403ae3c5653970773d63ed16c5d498f34fe81f16461f808f7eb4dbec16007f01,safe_to_download,1,false,false,false
evidence_85f40c63ee268b12,evidence_object,jpm_2024_q1,JPM,JPMorgan Chase & Co.,2024 Q1,manual_local_transcript_evidence,/Users/keith/Desktop/earnings calls 100 samples/JPM_JPMorgan_Chase_Co/jpm_2024_q1/chunks/transcript/chunk_3269e1a6503e4e30.txt,guidance_statement,mixed,guidance_statement,10582,12438,sha256:4ecc3387f5c6a8c23276665573381fdef37b403f0c73d864b0fd79b285cf79d7,sha256:197e65e00f8e81b537a2948a8cad648765644ea7a0d93b77f065e0e7324d02e1,sha256:fb1944d651d375dbb7832b50a5cbf6dead50ab02a0f10edc647b350d9c3a6f08,/Users/keith/Desktop/earnings calls 100 samples/JPM_JPMorgan_Chase_Co/jpm_2024_q1/metadata/normalized_transcript.json,sha256:031a5398bd27a301db997e5fa7ecf8d6681c7c17a83ded5ef9d8da779dd0148e,safe_to_download,1,false,false,false
evidence_4020d457eb1abc6a,evidence_object,jpm_2024_q2,JPM,JPMorgan Chase & Co.,2024 Q2,manual_local_transcript_evidence,/Users/keith/Desktop/earnings calls 100 samples/JPM_JPMorgan_Chase_Co/jpm_2024_q2/chunks/transcript/chunk_2e63d1dac61177da.txt,prepared_remarks,management,prepared_remarks,581,713,sha256:da03ff9709cda967dc85fec54235bd1a2f97682fa5b3b236e084bbdcf8151585,sha256:3f02830d75e3cecc935c1bc8c518458e3ef202d91de2ca41392b12ee4b72950f,sha256:4fbf0ef593a6b1b822fa118d6b245f0b184ab7f65f7d090e943f427016c5e647,/Users/keith/Desktop/earnings calls 100 samples/JPM_JPMorgan_Chase_Co/jpm_2024_q2/metadata/normalized_transcript.json,sha256:e63b39188a85f6b3b8d3b3cac50938a00a5a8233aeb49024ed0b87d109479811,safe_to_download,1,false,false,false
evidence_cd3ccbd971c33aee,evidence_object,jpm_2024_q3,JPM,JPMorgan Chase & Co.,2024 Q3,manual_local_transcript_evidence,/Users/keith/Desktop/earnings calls 100 samples/JPM_JPMorgan_Chase_Co/jpm_2024_q3/chunks/transcript/chunk_98cfac4850a97029.txt,prepared_remarks,management,prepared_remarks,568,695,sha256:23979f93ec4f88a7a31d13e23bc4c0aa3e7d7f9e02300c4a6fba0ef0043444e0,sha256:8e2a343c5862cc1cbc540e12580c813c7d00e651c774d7f6986c3a40dc9b8b6e,sha256:ef8079d89554b1ecb4abc2c35c074435ae9c15048a05a2f48194422f0009cdc0,/Users/keith/Desktop/earnings calls 100 samples/JPM_JPMorgan_Chase_Co/jpm_2024_q3/metadata/normalized_transcript.json,sha256:e4a84c5368ab77fc6f7f68b1bbfff3c80a4d14dd74bb31f52ebb6606e581530f,safe_to_download,1,false,false,false
evidence_ae1db0e6bd5772ca,evidence_object,jpm_2024_q4,JPM,JPMorgan Chase & Co.,2024 Q4,manual_local_transcript_evidence,/Users/keith/Desktop/earnings calls 100 samples/JPM_JPMorgan_Chase_Co/jpm_2024_q4/chunks/transcript/chunk_9bf716a42deb477c.txt,prepared_remarks,management,prepared_remarks,637,764,sha256:391b4dff8f71c53e61a8a61148a966c796289bb79a180d40ea1c707299a4a3ec,sha256:8e2a343c5862cc1cbc540e12580c813c7d00e651c774d7f6986c3a40dc9b8b6e,sha256:83a985d507183b95b317ab4a22fc09c2ba0780ab01a2d88765a1ce33f987dd48,/Users/keith/Desktop/earnings calls 100 samples/JPM_JPMorgan_Chase_Co/jpm_2024_q4/metadata/normalized_transcript.json,sha256:2db0ed85c57903b19e5733c9ff97b240ddb694ce3359c21d10636641d2ee1375,safe_to_download,1,false,false,false
evidence_bad98f0637801ba8,evidence_object,jpm_2025_q1,JPM,JPMorgan Chase & Co.,2025 Q1,manual_local_transcript_evidence,/Users/keith/Desktop/earnings calls 100 samples/JPM_JPMorgan_Chase_Co/jpm_2025_q1/chunks/transcript/chunk_06f9f3ff1066277c.txt,prepared_remarks,management,prepared_remarks,634,761,sha256:4443844be1c36e8aa3826e7713da962087469b319aad806800526919906d3967,sha256:8e2a343c5862cc1cbc540e12580c813c7d00e651c774d7f6986c3a40dc9b8b6e,sha256:cac2b59a92287f9dc606ff9d040470b3c7e8b0abab28950ed9f11f0f23e396a4,/Users/keith/Desktop/earnings calls 100 samples/JPM_JPMorgan_Chase_Co/jpm_2025_q1/metadata/normalized_transcript.json,sha256:d2bfe6e04bb0db8355138dd59939a94ab2b86ec12015a4c5db929f7d08cff68b,safe_to_download,1,false,false,false
evidence_a68bfad97ab39bed,evidence_object,jpm_2025_q2,JPM,JPMorgan Chase & Co.,2025 Q2,manual_local_transcript_evidence,/Users/keith/Desktop/earnings calls 100 samples/JPM_JPMorgan_Chase_Co/jpm_2025_q2/chunks/transcript/chunk_36b6ca5bfff410a0.txt,prepared_remarks,management,prepared_remarks,634,761,sha256:e126c41a79d11ac4edb3e422042198d10962a2a0c7c7036704544fb826bcbbba,sha256:8e2a343c5862cc1cbc540e12580c813c7d00e651c774d7f6986c3a40dc9b8b6e,sha256:f26723b03dec27890010ff4b9edf2d2b4be1300b4aecd1e4b3b28205eebd22d3,/Users/keith/Desktop/earnings calls 100 samples/JPM_JPMorgan_Chase_Co/jpm_2025_q2/metadata/normalized_transcript.json,sha256:2291e873eaabaa8adc19bc66d838d1ab73f569b3eb4c386ddb5a542ba1c7e1cf,safe_to_download,1,false,false,false
evidence_17e01b91161a042f,evidence_object,jpm_2025_q3,JPM,JPMorgan Chase & Co.,2025 Q3,manual_local_transcript_evidence,/Users/keith/Desktop/earnings calls 100 samples/JPM_JPMorgan_Chase_Co/jpm_2025_q3/chunks/transcript/chunk_aadb724d54431b44.txt,prepared_remarks,management,prepared_remarks,636,763,sha256:785605abf40743a5f4d14c36a363ea22afc8f3fdfe1e59fe3c5b8b225db50737,sha256:8e2a343c5862cc1cbc540e12580c813c7d00e651c774d7f6986c3a40dc9b8b6e,sha256:5c8c3d23ba64f0199ef5d6225ed064d816ee9455edd8fb4bd0f9e4b7ffabc706,/Users/keith/Desktop/earnings calls 100 samples/JPM_JPMorgan_Chase_Co/jpm_2025_q3/metadata/normalized_transcript.json,sha256:b92ea0b220ca14eab5269bd9f90c1c9c869a866ba37541148aad962883a9ae48,safe_to_download,1,false,false,false
evidence_d3fa6c14db04207c,evidence_object,jpm_2025_q4,JPM,JPMorgan Chase & Co.,2025 Q4,manual_local_transcript_evidence,/Users/keith/Desktop/earnings calls 100 samples/JPM_JPMorgan_Chase_Co/jpm_2025_q4/chunks/transcript/chunk_9a676069575c6293.txt,prepared_remarks,management,prepared_remarks,637,764,sha256:624b4bf0fe79bdd4e1cb7361b1bb3992d06272ce9c40f6fe29394e6a4963ffae,sha256:8e2a343c5862cc1cbc540e12580c813c7d00e651c774d7f6986c3a40dc9b8b6e,sha256:b675db7410ea2ad842267d3b8782588a3cb1b15831d9a4785605dcebbc0e4d7b,/Users/keith/Desktop/earnings calls 100 samples/JPM_JPMorgan_Chase_Co/jpm_2025_q4/metadata/normalized_transcript.json,sha256:b925ce54aa3fdb68537306fe720092f9dd57954ce0748b58d63c8850b09791cc,safe_to_download,1,false,false,false
evidence_818a62debe69ca86,evidence_object,lyb_2025_q1,LYB,LyondellBasell Industries N.V.,2025 Q1,manual_local_transcript_evidence,/Users/keith/Desktop/earnings calls 100 samples/LYB_LyondellBasell_Industries_N_V/lyb_2025_q1/chunks/transcript/chunk_3c1d23b6c04c6d3a.txt,prepared_remarks,management,prepared_remarks,1021,1535,sha256:1b5d701db16a74f651df169f3c038bd077c8e532ad3319ce1dd13094a914d29e,sha256:06027184286c477439c818921b54e64d68850ceab38cf1c4f252f196a5c0d708,sha256:c98c414279777f2a9b377f8115b6c50b065bd70a66691afbc7ee4eb8a39ebe81,/Users/keith/Desktop/earnings calls 100 samples/LYB_LyondellBasell_Industries_N_V/lyb_2025_q1/metadata/normalized_transcript.json,sha256:a87037d5454762466f8dd080be0f77639cfb4ce7e9a6c4a9bb532dddf16e0fd7,safe_to_download,1,false,false,false
evidence_f9880a4196162a2a,evidence_object,lyb_2025_q2,LYB,LyondellBasell Industries N.V.,2025 Q2,manual_local_transcript_evidence,/Users/keith/Desktop/earnings calls 100 samples/LYB_LyondellBasell_Industries_N_V/lyb_2025_q2/chunks/transcript/chunk_f1350a9eff0121b6.txt,prepared_remarks,management,prepared_remarks,1149,1664,sha256:68bbdaa6e3fa38d71ffe5d898b24a38cd30134a9dde08731a7ed379f37ab7b1e,sha256:814484d92ba3dde68db88c04232fba6e73c2cea0bc05251d9b6bbeabfaaf22f5,sha256:9e7090a90e686ce2752f48986fbd0a051db51015ac1b232a1118c02d53cec4e4,/Users/keith/Desktop/earnings calls 100 samples/LYB_LyondellBasell_Industries_N_V/lyb_2025_q2/metadata/normalized_transcript.json,sha256:6efce092ba0abf029c0e49d78e2d88afce5c4a5b5a4a2869a479da4dacf131b8,safe_to_download,1,false,false,false
evidence_5f14c0566c49cd56,evidence_object,lyb_2025_q3,LYB,LyondellBasell Industries N.V.,2025 Q3,manual_local_transcript_evidence,/Users/keith/Desktop/earnings calls 100 samples/LYB_LyondellBasell_Industries_N_V/lyb_2025_q3/chunks/transcript/chunk_9b2207ce341636b8.txt,prepared_remarks,management,prepared_remarks,1001,2210,sha256:24b6a529fb516efd3de733fb83c7652865bbfb0ee564371e6700d927bc975e72,sha256:8e8318ad5d9243763b312616000a6245d4a789408b4c71b20a997fa8416f254b,sha256:dc305cab29ea63bde0dcccebf90b7af642a9167aa3e0639d39a160d82b029e37,/Users/keith/Desktop/earnings calls 100 samples/LYB_LyondellBasell_Industries_N_V/lyb_2025_q3/metadata/normalized_transcript.json,sha256:071c00cb2c2eeaccc04e7ae1fc55074f58447bb22cd78d8f911dc35690a5d50f,safe_to_download,1,false,false,false
evidence_9fc7b0a9877dff46,evidence_object,rddt_2025_q3,RDDT,Reddit Inc.,2025 Q3,manual_local_transcript_evidence,/Users/keith/Desktop/earnings calls 100 samples/RDDT_Reddit_Inc/rddt_2025_q3/chunks/transcript/chunk_9bcb051539955fb3.txt,prepared_remarks,management,prepared_remarks,899,1391,sha256:692e3e2fbff056431c1638e2b08baa506bd270ef55063c4f5b2c20a5059c4353,sha256:e91b70b819a3734d2850132786a4585e2d4042efc3d1012ec68f9e09945cb413,sha256:e87df19271a8114dc0c6e6bd9f38a7283e1e2d87371449e04b41374f7d61e9db,/Users/keith/Desktop/earnings calls 100 samples/RDDT_Reddit_Inc/rddt_2025_q3/metadata/normalized_transcript.json,sha256:6b8e52088d5da2254e56515bcdc96622c4889ea95779a963785c775b372d3acd,safe_to_download,1,false,false,false
evidence_9f6119ccdbf749fa,evidence_object,rddt_2025_q4,RDDT,Reddit Inc.,2025 Q4,manual_local_transcript_evidence,/Users/keith/Desktop/earnings calls 100 samples/RDDT_Reddit_Inc/rddt_2025_q4/chunks/transcript/chunk_a652e07ee600308c.txt,prepared_remarks,management,prepared_remarks,809,850,sha256:044acb4779829812158284da059f975303e868f78d57bd83d1b8c39c3687156b,sha256:293dcb17d016a7fa4bcca8b89f3e6373277b310c9e5fd651a174bf1411b40590,sha256:1e6ee440330049811abdcf4aa508e2e91d25c4df9c250fb7e319e3730c6b803d,/Users/keith/Desktop/earnings calls 100 samples/RDDT_Reddit_Inc/rddt_2025_q4/metadata/normalized_transcript.json,sha256:a60edfa02099280258eaf65a11521ba5f2dcd430870370a7c3ebeee8f701ea5b,safe_to_download,1,false,false,false
evidence_303d813dc7b35ca7,evidence_object,uber_2025_q4,UBER,Uber Technologies Inc.,2025 Q4,manual_local_transcript_evidence,/Users/keith/Desktop/earnings calls 100 samples/UBER_Uber_Technologies_Inc/uber_2025_q4/chunks/transcript/chunk_e801bc0d3ab60724.txt,guidance_revision_candidate,mixed,guidance_revision_candidate,39,2539,sha256:6d61865b7ff6aa5629a76f8b6320124b12d83ebc8bf6dbc208398d9e5c9d31ed,sha256:7a3992744781ca434aa5a92f1b73cc630ca655dd4f32f2cc2d928a7f56914f32,sha256:826f5a749a69f1db4c04244f4e2263934fcf097de5b9447b7bd8d7e0fded0ea9,/Users/keith/Desktop/earnings calls 100 samples/UBER_Uber_Technologies_Inc/uber_2025_q4/metadata/normalized_transcript.json,sha256:7f97b499b6fb82ab224c17e6623fbef7880a3fbf2385c9d2c3cf2d3c81923e17,safe_to_download,1,false,false,false
evidence_b9172e9ade76fd1f,evidence_object,uber_2025_q4,UBER,Uber Technologies Inc.,2025 Q4,manual_local_transcript_evidence,/Users/keith/Desktop/earnings calls 100 samples/UBER_Uber_Technologies_Inc/uber_2025_q4/chunks/transcript/chunk_da95a92a3fd3bd3e.txt,prepared_remarks,management,prepared_remarks,2539,5039,sha256:6d61865b7ff6aa5629a76f8b6320124b12d83ebc8bf6dbc208398d9e5c9d31ed,sha256:8db24ded8a7b57911d1e03f5dcd4177292b22090b75d1ecfef04dd741c5490d5,sha256:826f5a749a69f1db4c04244f4e2263934fcf097de5b9447b7bd8d7e0fded0ea9,/Users/keith/Desktop/earnings calls 100 samples/UBER_Uber_Technologies_Inc/uber_2025_q4/metadata/normalized_transcript.json,sha256:8df1e3508fe9efa4ca39dd211c178f8c0ce20ad1c0e99b6865e99b2443d59a31,safe_to_download,1,false,false,false
evidence_17020d04546c68a7,evidence_object,uber_2025_q4,UBER,Uber Technologies Inc.,2025 Q4,manual_local_transcript_evidence,/Users/keith/Desktop/earnings calls 100 samples/UBER_Uber_Technologies_Inc/uber_2025_q4/chunks/transcript/chunk_8acf1b5bbc29e11c.txt,prepared_remarks,management,prepared_remarks,5039,7539,sha256:6d61865b7ff6aa5629a76f8b6320124b12d83ebc8bf6dbc208398d9e5c9d31ed,sha256:3bc306e7271a34006e3ad8c50df7982e4191b22eeb50db232f4d7b139b0a2a32,sha256:826f5a749a69f1db4c04244f4e2263934fcf097de5b9447b7bd8d7e0fded0ea9,/Users/keith/Desktop/earnings calls 100 samples/UBER_Uber_Technologies_Inc/uber_2025_q4/metadata/normalized_transcript.json,sha256:3772245ab8394af2ea82f03e48c1e63426ab36a21d90b68f666a4844d08ed352,safe_to_download,1,false,false,false
evidence_35f22d0bbef51ffd,evidence_object,uber_2025_q4,UBER,Uber Technologies Inc.,2025 Q4,manual_local_transcript_evidence,/Users/keith/Desktop/earnings calls 100 samples/UBER_Uber_Technologies_Inc/uber_2025_q4/chunks/transcript/chunk_5a4e898ec3462ed4.txt,prepared_remarks,management,prepared_remarks,7539,10039,sha256:6d61865b7ff6aa5629a76f8b6320124b12d83ebc8bf6dbc208398d9e5c9d31ed,sha256:e28991228e6b0724066fee94142f03898817c7d16b12b98d8ceb440513bf15db,sha256:826f5a749a69f1db4c04244f4e2263934fcf097de5b9447b7bd8d7e0fded0ea9,/Users/keith/Desktop/earnings calls 100 samples/UBER_Uber_Technologies_Inc/uber_2025_q4/metadata/normalized_transcript.json,sha256:276506769c1954cfd6c84529fc7018b22f356609fef757748228a9c11a65631c,safe_to_download,1,false,false,false
evidence_48278f5ca4683511,evidence_object,uber_2025_q4,UBER,Uber Technologies Inc.,2025 Q4,manual_local_transcript_evidence,/Users/keith/Desktop/earnings calls 100 samples/UBER_Uber_Technologies_Inc/uber_2025_q4/chunks/transcript/chunk_3b9ce25bb324ab99.txt,prepared_remarks,management,prepared_remarks,10039,12539,sha256:6d61865b7ff6aa5629a76f8b6320124b12d83ebc8bf6dbc208398d9e5c9d31ed,sha256:ad522fa35a5ad0026ca0bf2b89920a50810522c94482f722b2638a1a16c3426a,sha256:826f5a749a69f1db4c04244f4e2263934fcf097de5b9447b7bd8d7e0fded0ea9,/Users/keith/Desktop/earnings calls 100 samples/UBER_Uber_Technologies_Inc/uber_2025_q4/metadata/normalized_transcript.json,sha256:4087f2140e351370e83cc6be55bf7292f146fcef91055f7dabb1c3834a669098,safe_to_download,1,false,false,false
evidence_fe6fe2431340020f,evidence_object,uber_2025_q4,UBER,Uber Technologies Inc.,2025 Q4,manual_local_transcript_evidence,/Users/keith/Desktop/earnings calls 100 samples/UBER_Uber_Technologies_Inc/uber_2025_q4/chunks/transcript/chunk_5b3ae02a8d971843.txt,prepared_remarks,management,prepared_remarks,12539,15039,sha256:6d61865b7ff6aa5629a76f8b6320124b12d83ebc8bf6dbc208398d9e5c9d31ed,sha256:10c71b2f8e86d9512f836a582296cd5f41d9228c2f819d4f7a979fae0d082310,sha256:826f5a749a69f1db4c04244f4e2263934fcf097de5b9447b7bd8d7e0fded0ea9,/Users/keith/Desktop/earnings calls 100 samples/UBER_Uber_Technologies_Inc/uber_2025_q4/metadata/normalized_transcript.json,sha256:7c3671d8a935d1f5bf3c8a6a58b4fbcda627963409d13fd1b9a217bfcd87f05d,safe_to_download,1,false,false,false
evidence_8d1cdc58a126bbcf,evidence_object,uber_2025_q4,UBER,Uber Technologies Inc.,2025 Q4,manual_local_transcript_evidence,/Users/keith/Desktop/earnings calls 100 samples/UBER_Uber_Technologies_Inc/uber_2025_q4/chunks/transcript/chunk_a3d54111eb72172d.txt,prepared_remarks,management,prepared_remarks,15039,17539,sha256:6d61865b7ff6aa5629a76f8b6320124b12d83ebc8bf6dbc208398d9e5c9d31ed,sha256:ceea37a8f80155f7c47356f5141554c13616f8b96ec01cabd09df9354ff47be8,sha256:826f5a749a69f1db4c04244f4e2263934fcf097de5b9447b7bd8d7e0fded0ea9,/Users/keith/Desktop/earnings calls 100 samples/UBER_Uber_Technologies_Inc/uber_2025_q4/metadata/normalized_transcript.json,sha256:7dd7b96058cc8cb911973b5e97cf69927a24d85e9a3c737597c4c568af417feb,safe_to_download,1,false,false,false
evidence_9b67784151279366,evidence_object,uber_2025_q4,UBER,Uber Technologies Inc.,2025 Q4,manual_local_transcript_evidence,/Users/keith/Desktop/earnings calls 100 samples/UBER_Uber_Technologies_Inc/uber_2025_q4/chunks/transcript/chunk_266c083427448329.txt,prepared_remarks,management,prepared_remarks,17539,20039,sha256:6d61865b7ff6aa5629a76f8b6320124b12d83ebc8bf6dbc208398d9e5c9d31ed,sha256:6ed1bfdfb0858c59831ba8e8e0bcd9532564f5ce23818d580103921c692f1056,sha256:826f5a749a69f1db4c04244f4e2263934fcf097de5b9447b7bd8d7e0fded0ea9,/Users/keith/Desktop/earnings calls 100 samples/UBER_Uber_Technologies_Inc/uber_2025_q4/metadata/normalized_transcript.json,sha256:a2dc2614fcc7052777ce3874992b941ca49cfc32a555930b5ac242eac51b28e3,safe_to_download,1,false,false,false
evidence_d84d596223a3268e,evidence_object,uber_2025_q4,UBER,Uber Technologies Inc.,2025 Q4,manual_local_transcript_evidence,/Users/keith/Desktop/earnings calls 100 samples/UBER_Uber_Technologies_Inc/uber_2025_q4/chunks/transcript/chunk_56c303ad4e2544cc.txt,prepared_remarks,management,prepared_remarks,20039,22539,sha256:6d61865b7ff6aa5629a76f8b6320124b12d83ebc8bf6dbc208398d9e5c9d31ed,sha256:5a9ff81ac548ea6eb7c4ef6b3459363143fd327aac4a1050c6ba353c7922d3ef,sha256:826f5a749a69f1db4c04244f4e2263934fcf097de5b9447b7bd8d7e0fded0ea9,/Users/keith/Desktop/earnings calls 100 samples/UBER_Uber_Technologies_Inc/uber_2025_q4/metadata/normalized_transcript.json,sha256:461dce94e7e413b9c6b8fc95c69afb178b85767556f568bb57fa632abffc219e,safe_to_download,1,false,false,false
evidence_18dfc5ca3b97cf95,evidence_object,uber_2025_q4,UBER,Uber Technologies Inc.,2025 Q4,manual_local_transcript_evidence,/Users/keith/Desktop/earnings calls 100 samples/UBER_Uber_Technologies_Inc/uber_2025_q4/chunks/transcript/chunk_743107444e128b8a.txt,prepared_remarks,management,prepared_remarks,22539,24455,sha256:6d61865b7ff6aa5629a76f8b6320124b12d83ebc8bf6dbc208398d9e5c9d31ed,sha256:eb0ef4f9e55fdbd492690be30f8cb4b49cebec0cb92cb6a99c6bd362aca05ed2,sha256:826f5a749a69f1db4c04244f4e2263934fcf097de5b9447b7bd8d7e0fded0ea9,/Users/keith/Desktop/earnings calls 100 samples/UBER_Uber_Technologies_Inc/uber_2025_q4/metadata/normalized_transcript.json,sha256:18dcbb72c542bf19b99738b7c89624e75094ddb7b5b502e929e621a975cee395,safe_to_download,1,false,false,false
sha256:e310c11e0f0e45401fd6fb4be,event_aligned_chunk,bac_2025_q4,BAC,Bank of America Corporation,2025 Q4,manual_local_transcript_chunk,/Users/keith/Desktop/earnings calls 100 samples/BAC_Bank_of_America_Corporation/bac_2025_q4/chunks/transcript/chunk_80b1bfb135d3c002.txt,prepared_remarks,management,prepared_remarks,767,809,sha256:3f68b8abe347f2eddb1a70e836eee558d4d39e41871c1773daf4cee7752e58da,sha256:fee215c8e40ae4e79e560b769d7b11148dc230c6098dc10d341138adfa7790e4,sha256:bdaaaa1ad7c3a4f1a3b35b36e96fe0d24ce0eed1e7491cd5becadc2d301f903f,/Users/keith/Desktop/earnings calls 100 samples/BAC_Bank_of_America_Corporation/bac_2025_q4/metadata/normalized_transcript.json,sha256:1f6d444daa94650e853be9fb8511e8e38cf5dde0035191bc6eba905db9693b59,safe_to_download,2,false,false,false
sha256:764260e7957912fad3eb6dc01,semantic_chunk,bac_2025_q4,BAC,Bank of America Corporation,2025 Q4,manual_local_transcript_chunk,/Users/keith/Desktop/earnings calls 100 samples/BAC_Bank_of_America_Corporation/bac_2025_q4/chunks/transcript/chunk_8f21b32e705d07bd.txt,unknown,unknown,semantic_fallback,4432,6932,sha256:3f68b8abe347f2eddb1a70e836eee558d4d39e41871c1773daf4cee7752e58da,sha256:ea0cf30d6459770270d16a3df9c7663b6d8a45c8e92f53dc6672f0a9082f2aa2,sha256:bdaaaa1ad7c3a4f1a3b35b36e96fe0d24ce0eed1e7491cd5becadc2d301f903f,/Users/keith/Desktop/earnings calls 100 samples/BAC_Bank_of_America_Corporation/bac_2025_q4/metadata/normalized_transcript.json,sha256:ec7504ee4bab423c9feeab28acde4a45326aa698424865e71b6579357eb5dfec,safe_to_download,3,false,false,false
sha256:6ac7b1c48965a796a2bff7272,semantic_chunk,bac_2025_q4,BAC,Bank of America Corporation,2025 Q4,manual_local_transcript_chunk,/Users/keith/Desktop/earnings calls 100 samples/BAC_Bank_of_America_Corporation/bac_2025_q4/chunks/transcript/chunk_2fdcc4f40d77fea1.txt,unknown,unknown,semantic_fallback,6932,9432,sha256:3f68b8abe347f2eddb1a70e836eee558d4d39e41871c1773daf4cee7752e58da,sha256:c74076521a72f435eb8b5702a8c822cd818d5697289f4beb678d79948c72ed78,sha256:bdaaaa1ad7c3a4f1a3b35b36e96fe0d24ce0eed1e7491cd5becadc2d301f903f,/Users/keith/Desktop/earnings calls 100 samples/BAC_Bank_of_America_Corporation/bac_2025_q4/metadata/normalized_transcript.json,sha256:737b8e130768ecd71ae696e3290796e96e0e5a840499f6421ee420216463a525,safe_to_download,3,false,false,false
sha256:556ab254e68134cf72b78f2da,semantic_chunk,bac_2025_q4,BAC,Bank of America Corporation,2025 Q4,manual_local_transcript_chunk,/Users/keith/Desktop/earnings calls 100 samples/BAC_Bank_of_America_Corporation/bac_2025_q4/chunks/transcript/chunk_2e903a957c9b9940.txt,unknown,unknown,semantic_fallback,9432,11932,sha256:3f68b8abe347f2eddb1a70e836eee558d4d39e41871c1773daf4cee7752e58da,sha256:b564a2d05bcc3687aece6ebd51d78561814bdc9c7053ced8b45f77459e5b8c71,sha256:bdaaaa1ad7c3a4f1a3b35b36e96fe0d24ce0eed1e7491cd5becadc2d301f903f,/Users/keith/Desktop/earnings calls 100 samples/BAC_Bank_of_America_Corporation/bac_2025_q4/metadata/normalized_transcript.json,sha256:3c6f759eca5a032eed6ce94392d4712be37c5d1dbbda709113f192dbc06f0516,safe_to_download,3,false,false,false
sha256:f973e38a94593d92990923a69,semantic_chunk,bac_2025_q4,BAC,Bank of America Corporation,2025 Q4,manual_local_transcript_chunk,/Users/keith/Desktop/earnings calls 100 samples/BAC_Bank_of_America_Corporation/bac_2025_q4/chunks/transcript/chunk_770e13a8082676b8.txt,unknown,unknown,semantic_fallback,11932,14432,sha256:3f68b8abe347f2eddb1a70e836eee558d4d39e41871c1773daf4cee7752e58da,sha256:537aca19b4a2feda7f00782611048fa7e8f830faec1fca793112329eb2b2e1f5,sha256:bdaaaa1ad7c3a4f1a3b35b36e96fe0d24ce0eed1e7491cd5becadc2d301f903f,/Users/keith/Desktop/earnings calls 100 samples/BAC_Bank_of_America_Corporation/bac_2025_q4/metadata/normalized_transcript.json,sha256:f57829e863f6bc96af806772a76b69c21590425d22741e16143f52fbaa4688d2,safe_to_download,3,false,false,false
sha256:147d579877457bf4d4b480e22,semantic_chunk,bac_2025_q4,BAC,Bank of America Corporation,2025 Q4,manual_local_transcript_chunk,/Users/keith/Desktop/earnings calls 100 samples/BAC_Bank_of_America_Corporation/bac_2025_q4/chunks/transcript/chunk_d48251db0608b693.txt,unknown,unknown,semantic_fallback,14432,16932,sha256:3f68b8abe347f2eddb1a70e836eee558d4d39e41871c1773daf4cee7752e58da,sha256:95a553893b36f5d71c6c46643c4ea5f5ef7d3306390cc5a318688962a9967970,sha256:bdaaaa1ad7c3a4f1a3b35b36e96fe0d24ce0eed1e7491cd5becadc2d301f903f,/Users/keith/Desktop/earnings calls 100 samples/BAC_Bank_of_America_Corporation/bac_2025_q4/metadata/normalized_transcript.json,sha256:d5eeeeff1d6030b161500ee7dfd14aa1b5f32c1123cc2afa8dcf2e0c6143fa73,safe_to_download,3,false,false,false
sha256:62b3a4726273cc8ea1efdb14d,semantic_chunk,bac_2025_q4,BAC,Bank of America Corporation,2025 Q4,manual_local_transcript_chunk,/Users/keith/Desktop/earnings calls 100 samples/BAC_Bank_of_America_Corporation/bac_2025_q4/chunks/transcript/chunk_01aed57bf58aeb47.txt,unknown,unknown,semantic_fallback,16932,19432,sha256:3f68b8abe347f2eddb1a70e836eee558d4d39e41871c1773daf4cee7752e58da,sha256:7b891f6edeab6f40c7a258cff05a7271ec2e319352c45c9bc2fd31b09464c2f4,sha256:bdaaaa1ad7c3a4f1a3b35b36e96fe0d24ce0eed1e7491cd5becadc2d301f903f,/Users/keith/Desktop/earnings calls 100 samples/BAC_Bank_of_America_Corporation/bac_2025_q4/metadata/normalized_transcript.json,sha256:8e0c61cda394922a27fd514da787debebb8377e31eb41f5a98e2a79afcb4731d,safe_to_download,3,false,false,false
sha256:ada2c11b792cd15bc3909a6c2,semantic_chunk,bac_2025_q4,BAC,Bank of America Corporation,2025 Q4,manual_local_transcript_chunk,/Users/keith/Desktop/earnings calls 100 samples/BAC_Bank_of_America_Corporation/bac_2025_q4/chunks/transcript/chunk_65df8955dc27ce6b.txt,unknown,unknown,semantic_fallback,19432,21932,sha256:3f68b8abe347f2eddb1a70e836eee558d4d39e41871c1773daf4cee7752e58da,sha256:b49f11463b39eb5fdbfaba0ffb42567754f1f6dc7e2b322c887508a8f6ad2943,sha256:bdaaaa1ad7c3a4f1a3b35b36e96fe0d24ce0eed1e7491cd5becadc2d301f903f,/Users/keith/Desktop/earnings calls 100 samples/BAC_Bank_of_America_Corporation/bac_2025_q4/metadata/normalized_transcript.json,sha256:fc683dcf5735f0a2839330f4a045afd139e6e710d6808d2ac1e2c04319e01abd,safe_to_download,3,false,false,false
sha256:b15dfe1ff38ee87f3e33b339e,semantic_chunk,bac_2025_q4,BAC,Bank of America Corporation,2025 Q4,manual_local_transcript_chunk,/Users/keith/Desktop/earnings calls 100 samples/BAC_Bank_of_America_Corporation/bac_2025_q4/chunks/transcript/chunk_c33a133990fbcee3.txt,unknown,unknown,semantic_fallback,21932,24432,sha256:3f68b8abe347f2eddb1a70e836eee558d4d39e41871c1773daf4cee7752e58da,sha256:46ff4c76f1c062b4910474ba71c03f29eab92c1009c7188b944be810aeebeedf,sha256:bdaaaa1ad7c3a4f1a3b35b36e96fe0d24ce0eed1e7491cd5becadc2d301f903f,/Users/keith/Desktop/earnings calls 100 samples/BAC_Bank_of_America_Corporation/bac_2025_q4/metadata/normalized_transcript.json,sha256:0a34fb075a3bc4deb1ff9026bed3319516c085531a9b88b4848e0c0cca9a0010,safe_to_download,3,false,false,false
sha256:be06814899f25c91015d85899,semantic_chunk,bac_2025_q4,BAC,Bank of America Corporation,2025 Q4,manual_local_transcript_chunk,/Users/keith/Desktop/earnings calls 100 samples/BAC_Bank_of_America_Corporation/bac_2025_q4/chunks/transcript/chunk_7aec7ed311211f72.txt,unknown,unknown,semantic_fallback,24432,26932,sha256:3f68b8abe347f2eddb1a70e836eee558d4d39e41871c1773daf4cee7752e58da,sha256:9c35af84fbf8f3a6779f9c34b42e7c160398d0bf4c9bb21ba955fa940b984fe4,sha256:bdaaaa1ad7c3a4f1a3b35b36e96fe0d24ce0eed1e7491cd5becadc2d301f903f,/Users/keith/Desktop/earnings calls 100 samples/BAC_Bank_of_America_Corporation/bac_2025_q4/metadata/normalized_transcript.json,sha256:75b4aa5548c3a4e963e9d83032006bb1f261415374fe4f0340a521a4ef5ec712,safe_to_download,3,false,false,false
sha256:6b50800eb60e9337eac642b48,semantic_chunk,bac_2025_q4,BAC,Bank of America Corporation,2025 Q4,manual_local_transcript_chunk,/Users/keith/Desktop/earnings calls 100 samples/BAC_Bank_of_America_Corporation/bac_2025_q4/chunks/transcript/chunk_21f372c5a03b5253.txt,unknown,unknown,semantic_fallback,26932,29432,sha256:3f68b8abe347f2eddb1a70e836eee558d4d39e41871c1773daf4cee7752e58da,sha256:89c6f66be91afb37066186430cc2b00e16f22a81c23875f4ac8fc06ecbf1cad7,sha256:bdaaaa1ad7c3a4f1a3b35b36e96fe0d24ce0eed1e7491cd5becadc2d301f903f,/Users/keith/Desktop/earnings calls 100 samples/BAC_Bank_of_America_Corporation/bac_2025_q4/metadata/normalized_transcript.json,sha256:eb2e45f58cbcdc4e45771d3bf6b1927ac0bc70e035baa405b1d5c7469f1e83af,safe_to_download,3,false,false,false
sha256:959a9021ddcfe9150aa75236e,semantic_chunk,bac_2025_q4,BAC,Bank of America Corporation,2025 Q4,manual_local_transcript_chunk,/Users/keith/Desktop/earnings calls 100 samples/BAC_Bank_of_America_Corporation/bac_2025_q4/chunks/transcript/chunk_7c0d34ff4c00d972.txt,unknown,unknown,semantic_fallback,29432,29880,sha256:3f68b8abe347f2eddb1a70e836eee558d4d39e41871c1773daf4cee7752e58da,sha256:fae49baa542705cbeeb759b4c67254a10b76ac59bef0eee76368aa9478907592,sha256:bdaaaa1ad7c3a4f1a3b35b36e96fe0d24ce0eed1e7491cd5becadc2d301f903f,/Users/keith/Desktop/earnings calls 100 samples/BAC_Bank_of_America_Corporation/bac_2025_q4/metadata/normalized_transcript.json,sha256:e048710d5173ad63d16afa107fd17ce1b92448283ead576ea8b135dd563f28c2,safe_to_download,3,false,false,false
sha256:bb2fa3cf18334d1ab32b46c23,event_aligned_chunk,cat_2024_q4,CAT,Caterpillar Inc.,2024 Q4,manual_local_transcript_chunk,/Users/keith/Desktop/earnings calls 100 samples/CAT_Caterpillar_Inc/cat_2024_q4/chunks/transcript/chunk_5e47beb69b193b17.txt,prepared_remarks,management,prepared_remarks,870,2082,sha256:943b0a15942e31440425cfc56a43cf41774314d6669205b87708a32fe5615087,sha256:5f281ca0ecd8a43d0e9ce1def39d9d381f42bbc4677653f57d8b4e3ee7cfe665,sha256:fdcfe0c9ec49025f5a8854f42a73c7698d3691e3cf8b79cb81bf43ca6c48d8c8,/Users/keith/Desktop/earnings calls 100 samples/CAT_Caterpillar_Inc/cat_2024_q4/metadata/normalized_transcript.json,sha256:dcf038ebb799c950b5337ee4eca2eb32be52c5af84abf40a83aab5962269ff1e,safe_to_download,2,false,false,false
sha256:8346b48e524a28e2ff0b660ce,semantic_chunk,cat_2024_q4,CAT,Caterpillar Inc.,2024 Q4,manual_local_transcript_chunk,/Users/keith/Desktop/earnings calls 100 samples/CAT_Caterpillar_Inc/cat_2024_q4/chunks/transcript/chunk_3357eb57f20aeeba.txt,unknown,unknown,semantic_fallback,36836,39336,sha256:943b0a15942e31440425cfc56a43cf41774314d6669205b87708a32fe5615087,sha256:d49b6d4b1c77cc49029b3de19686c63018465af8b54da84869757b3dbf5d0f48,sha256:fdcfe0c9ec49025f5a8854f42a73c7698d3691e3cf8b79cb81bf43ca6c48d8c8,/Users/keith/Desktop/earnings calls 100 samples/CAT_Caterpillar_Inc/cat_2024_q4/metadata/normalized_transcript.json,sha256:9a03f4b108085fdb6d972f038570db49f39ebdf9418f6627d558f97ea5f23107,safe_to_download,3,false,false,false
sha256:d21f21d5894269c525d3d2fd7,semantic_chunk,cat_2024_q4,CAT,Caterpillar Inc.,2024 Q4,manual_local_transcript_chunk,/Users/keith/Desktop/earnings calls 100 samples/CAT_Caterpillar_Inc/cat_2024_q4/chunks/transcript/chunk_e5d872a23be67fb6.txt,unknown,unknown,semantic_fallback,39336,41836,sha256:943b0a15942e31440425cfc56a43cf41774314d6669205b87708a32fe5615087,sha256:4f941864c28e11a9b622602648dc9e16d23e2e1e518dd2354484d314685d79ae,sha256:fdcfe0c9ec49025f5a8854f42a73c7698d3691e3cf8b79cb81bf43ca6c48d8c8,/Users/keith/Desktop/earnings calls 100 samples/CAT_Caterpillar_Inc/cat_2024_q4/metadata/normalized_transcript.json,sha256:ae14b0b504827716768690ed528e5ff29ec0f5e3cb659417aa6afcef445d2f1d,safe_to_download,3,false,false,false
sha256:388a981439276b28a53023c59,semantic_chunk,cat_2024_q4,CAT,Caterpillar Inc.,2024 Q4,manual_local_transcript_chunk,/Users/keith/Desktop/earnings calls 100 samples/CAT_Caterpillar_Inc/cat_2024_q4/chunks/transcript/chunk_2c0b6beeb9604f7c.txt,unknown,unknown,semantic_fallback,41836,44336,sha256:943b0a15942e31440425cfc56a43cf41774314d6669205b87708a32fe5615087,sha256:dc0616d47bcc391cb0af3d21d8ccc9cb3afda8a9dec15306183c7a12f1f0b94c,sha256:fdcfe0c9ec49025f5a8854f42a73c7698d3691e3cf8b79cb81bf43ca6c48d8c8,/Users/keith/Desktop/earnings calls 100 samples/CAT_Caterpillar_Inc/cat_2024_q4/metadata/normalized_transcript.json,sha256:8c2bd04ac937d9485f7800e38d5d6d92050b8ec1d7c26ca66ca7479468f6424a,safe_to_download,3,false,false,false
sha256:c1af35d18f5c850a5b37794a4,semantic_chunk,cat_2024_q4,CAT,Caterpillar Inc.,2024 Q4,manual_local_transcript_chunk,/Users/keith/Desktop/earnings calls 100 samples/CAT_Caterpillar_Inc/cat_2024_q4/chunks/transcript/chunk_aceacefcee363042.txt,unknown,unknown,semantic_fallback,44336,46836,sha256:943b0a15942e31440425cfc56a43cf41774314d6669205b87708a32fe5615087,sha256:68ba4cbc3a22121651cce0b043aa82ed199630a408b132d3f8717ad96b76444d,sha256:fdcfe0c9ec49025f5a8854f42a73c7698d3691e3cf8b79cb81bf43ca6c48d8c8,/Users/keith/Desktop/earnings calls 100 samples/CAT_Caterpillar_Inc/cat_2024_q4/metadata/normalized_transcript.json,sha256:f10b164de227ff21f463703cedf894331d603845715b5d822ffc03ef655a0399,safe_to_download,3,false,false,false
sha256:5db990c8c5140199cfe974a49,semantic_chunk,cat_2024_q4,CAT,Caterpillar Inc.,2024 Q4,manual_local_transcript_chunk,/Users/keith/Desktop/earnings calls 100 samples/CAT_Caterpillar_Inc/cat_2024_q4/chunks/transcript/chunk_8369e06b2d285e9c.txt,unknown,unknown,semantic_fallback,46836,49336,sha256:943b0a15942e31440425cfc56a43cf41774314d6669205b87708a32fe5615087,sha256:5c751940ca4689b63c7ba8b8ab5103ac211a440a073638ab65cffb7f90ba444f,sha256:fdcfe0c9ec49025f5a8854f42a73c7698d3691e3cf8b79cb81bf43ca6c48d8c8,/Users/keith/Desktop/earnings calls 100 samples/CAT_Caterpillar_Inc/cat_2024_q4/metadata/normalized_transcript.json,sha256:ff9c5559a7b140d24b7e1ffb73b1f553f28fedc5d23168205daef94385a0d5f6,safe_to_download,3,false,false,false
sha256:c37fef3bbf91420523a63e7c1,semantic_chunk,cat_2024_q4,CAT,Caterpillar Inc.,2024 Q4,manual_local_transcript_chunk,/Users/keith/Desktop/earnings calls 100 samples/CAT_Caterpillar_Inc/cat_2024_q4/chunks/transcript/chunk_ae2832a545798816.txt,unknown,unknown,semantic_fallback,49336,51836,sha256:943b0a15942e31440425cfc56a43cf41774314d6669205b87708a32fe5615087,sha256:cb911711165921d94f0f7688bb8563b4950df94252bed55f6b862ab72067f1a2,sha256:fdcfe0c9ec49025f5a8854f42a73c7698d3691e3cf8b79cb81bf43ca6c48d8c8,/Users/keith/Desktop/earnings calls 100 samples/CAT_Caterpillar_Inc/cat_2024_q4/metadata/normalized_transcript.json,sha256:a87db4dfa05797fe1e7fa5f0145029a583e945af42670fbebb586c53100f00d9,safe_to_download,3,false,false,false
sha256:06636d2525d68f022568edf30,semantic_chunk,cat_2024_q4,CAT,Caterpillar Inc.,2024 Q4,manual_local_transcript_chunk,/Users/keith/Desktop/earnings calls 100 samples/CAT_Caterpillar_Inc/cat_2024_q4/chunks/transcript/chunk_1a76c0bd505de7a4.txt,unknown,unknown,semantic_fallback,51836,54336,sha256:943b0a15942e31440425cfc56a43cf41774314d6669205b87708a32fe5615087,sha256:cbdcad52534c732ab4a109762746144c51c87d113df884cf6a63df08ec396db8,sha256:fdcfe0c9ec49025f5a8854f42a73c7698d3691e3cf8b79cb81bf43ca6c48d8c8,/Users/keith/Desktop/earnings calls 100 samples/CAT_Caterpillar_Inc/cat_2024_q4/metadata/normalized_transcript.json,sha256:5a6507fb29563c0617d42a301b71faf9e8025c1d20c435701738e1c728b74dda,safe_to_download,3,false,false,false
sha256:5bdfb3c73f367d5ff35185cbe,semantic_chunk,cat_2024_q4,CAT,Caterpillar Inc.,2024 Q4,manual_local_transcript_chunk,/Users/keith/Desktop/earnings calls 100 samples/CAT_Caterpillar_Inc/cat_2024_q4/chunks/transcript/chunk_8e58c9c845a2e49b.txt,unknown,unknown,semantic_fallback,54336,56836,sha256:943b0a15942e31440425cfc56a43cf41774314d6669205b87708a32fe5615087,sha256:30d6d32e5570b6cd7d5831562490dd2957305b5b88ae6c170b0e969e3ebc08cc,sha256:fdcfe0c9ec49025f5a8854f42a73c7698d3691e3cf8b79cb81bf43ca6c48d8c8,/Users/keith/Desktop/earnings calls 100 samples/CAT_Caterpillar_Inc/cat_2024_q4/metadata/normalized_transcript.json,sha256:7cba20212bfeea2e7466bb218bbffde672565776357345f884f7710c0679e47e,safe_to_download,3,false,false,false
sha256:8ea95e0f903eabc59081c234e,semantic_chunk,cat_2024_q4,CAT,Caterpillar Inc.,2024 Q4,manual_local_transcript_chunk,/Users/keith/Desktop/earnings calls 100 samples/CAT_Caterpillar_Inc/cat_2024_q4/chunks/transcript/chunk_b9097c27820bb120.txt,unknown,unknown,semantic_fallback,56836,59336,sha256:943b0a15942e31440425cfc56a43cf41774314d6669205b87708a32fe5615087,sha256:a90f251d62188c2a22c0bb015bee7b6412859e8ef52de3205d315070079ca040,sha256:fdcfe0c9ec49025f5a8854f42a73c7698d3691e3cf8b79cb81bf43ca6c48d8c8,/Users/keith/Desktop/earnings calls 100 samples/CAT_Caterpillar_Inc/cat_2024_q4/metadata/normalized_transcript.json,sha256:22f80170cd89737ea9d4609db44437965bf997d06c6bd4f6e09825f83866ddbf,safe_to_download,3,false,false,false
sha256:a7a765094c53ba76d5aa94c04,semantic_chunk,cat_2024_q4,CAT,Caterpillar Inc.,2024 Q4,manual_local_transcript_chunk,/Users/keith/Desktop/earnings calls 100 samples/CAT_Caterpillar_Inc/cat_2024_q4/chunks/transcript/chunk_390e85c667aef2e6.txt,unknown,unknown,semantic_fallback,59336,60666,sha256:943b0a15942e31440425cfc56a43cf41774314d6669205b87708a32fe5615087,sha256:89f3f06f56d793c8427df833b3aaaf54468065716faeec9e694b363ce02dcc42,sha256:fdcfe0c9ec49025f5a8854f42a73c7698d3691e3cf8b79cb81bf43ca6c48d8c8,/Users/keith/Desktop/earnings calls 100 samples/CAT_Caterpillar_Inc/cat_2024_q4/metadata/normalized_transcript.json,sha256:3f6cdca4b4039f147546ee0d3ea32d7400752ccd08d5395b03e26df8f5870af7,safe_to_download,3,false,false,false
sha256:6bcda9869009ef3404262cba6,event_aligned_chunk,cat_2025_q1,CAT,Caterpillar Inc.,2025 Q1,manual_local_transcript_chunk,/Users/keith/Desktop/earnings calls 100 samples/CAT_Caterpillar_Inc/cat_2025_q1/chunks/transcript/chunk_797efabd0224dab5.txt,prepared_remarks,management,prepared_remarks,801,2081,sha256:8924d13b82fefadc3f0912b4631c0540d7bd18ad096de44b4a278d166d49c428,sha256:c3ae74eb872a5db8702564d8371f9c69a900de6e09362c06648b58e5ce072770,sha256:f349917693947a6461bd2576889299acf59cf560def1273a7d9328273b58bd0a,/Users/keith/Desktop/earnings calls 100 samples/CAT_Caterpillar_Inc/cat_2025_q1/metadata/normalized_transcript.json,sha256:cf76c5f4f13a9cab2c3b4202be962fa4a2fbd684fd1a7d5cf7c6607412e27273,safe_to_download,2,false,false,false
sha256:71e8c7916f30287b7cca1d6b2,semantic_chunk,cat_2025_q1,CAT,Caterpillar Inc.,2025 Q1,manual_local_transcript_chunk,/Users/keith/Desktop/earnings calls 100 samples/CAT_Caterpillar_Inc/cat_2025_q1/chunks/transcript/chunk_26ec7491c504dfb2.txt,unknown,unknown,semantic_fallback,34494,36994,sha256:8924d13b82fefadc3f0912b4631c0540d7bd18ad096de44b4a278d166d49c428,sha256:9fe3bbe9715a55aef1a44653b84e7762702124ebf9f5f4488c298f72e2346fad,sha256:f349917693947a6461bd2576889299acf59cf560def1273a7d9328273b58bd0a,/Users/keith/Desktop/earnings calls 100 samples/CAT_Caterpillar_Inc/cat_2025_q1/metadata/normalized_transcript.json,sha256:d7dbe6f13b7532a38542703ab06f49fe35b20ce66a70202c3ad065675e39a8f9,safe_to_download,3,false,false,false
sha256:7714d49a87d97e6fc91232e6e,semantic_chunk,cat_2025_q1,CAT,Caterpillar Inc.,2025 Q1,manual_local_transcript_chunk,/Users/keith/Desktop/earnings calls 100 samples/CAT_Caterpillar_Inc/cat_2025_q1/chunks/transcript/chunk_d8aac3848df48604.txt,unknown,unknown,semantic_fallback,36994,39494,sha256:8924d13b82fefadc3f0912b4631c0540d7bd18ad096de44b4a278d166d49c428,sha256:1ed528269fcddc7353b35224b4bf14dcf49ad81a93e67562284d9cd40f4c1559,sha256:f349917693947a6461bd2576889299acf59cf560def1273a7d9328273b58bd0a,/Users/keith/Desktop/earnings calls 100 samples/CAT_Caterpillar_Inc/cat_2025_q1/metadata/normalized_transcript.json,sha256:ab1048444990b30c52d95d45b49751f275f33a6880611b848466af6e5a62c9aa,safe_to_download,3,false,false,false
sha256:203bbb61c03174681c17baa22,semantic_chunk,cat_2025_q1,CAT,Caterpillar Inc.,2025 Q1,manual_local_transcript_chunk,/Users/keith/Desktop/earnings calls 100 samples/CAT_Caterpillar_Inc/cat_2025_q1/chunks/transcript/chunk_5c422f4717a7a19f.txt,unknown,unknown,semantic_fallback,39494,41994,sha256:8924d13b82fefadc3f0912b4631c0540d7bd18ad096de44b4a278d166d49c428,sha256:74ddfb119550620b4193faa03b04829221dfd0fa4b8b16d85dcce5ad8150f366,sha256:f349917693947a6461bd2576889299acf59cf560def1273a7d9328273b58bd0a,/Users/keith/Desktop/earnings calls 100 samples/CAT_Caterpillar_Inc/cat_2025_q1/metadata/normalized_transcript.json,sha256:d69444ab94e7b2cd55f6325f8d5ac37f55d421cb7513aeeb400bd68903b4a0f6,safe_to_download,3,false,false,false
sha256:a729ad82f2fa4fd635f5884bd,semantic_chunk,cat_2025_q1,CAT,Caterpillar Inc.,2025 Q1,manual_local_transcript_chunk,/Users/keith/Desktop/earnings calls 100 samples/CAT_Caterpillar_Inc/cat_2025_q1/chunks/transcript/chunk_e32d42db182b8b95.txt,unknown,unknown,semantic_fallback,41994,44494,sha256:8924d13b82fefadc3f0912b4631c0540d7bd18ad096de44b4a278d166d49c428,sha256:afc0303728368e7987789b7a32a6c61b9879916cca5b6dd266d50a82271ebb50,sha256:f349917693947a6461bd2576889299acf59cf560def1273a7d9328273b58bd0a,/Users/keith/Desktop/earnings calls 100 samples/CAT_Caterpillar_Inc/cat_2025_q1/metadata/normalized_transcript.json,sha256:2c78cb0373246c69abc0c979c32a88a189e8b19279051c8d03763c0e3fe143dc,safe_to_download,3,false,false,false
sha256:6f094ab4465bbcbf45c4e40d2,semantic_chunk,cat_2025_q1,CAT,Caterpillar Inc.,2025 Q1,manual_local_transcript_chunk,/Users/keith/Desktop/earnings calls 100 samples/CAT_Caterpillar_Inc/cat_2025_q1/chunks/transcript/chunk_9caefdbe65fe6243.txt,unknown,unknown,semantic_fallback,44494,46994,sha256:8924d13b82fefadc3f0912b4631c0540d7bd18ad096de44b4a278d166d49c428,sha256:ebbde1f5b55fc7da063a33f2d485fde7a66cab0983cd626d2f9b7bc37020cdb4,sha256:f349917693947a6461bd2576889299acf59cf560def1273a7d9328273b58bd0a,/Users/keith/Desktop/earnings calls 100 samples/CAT_Caterpillar_Inc/cat_2025_q1/metadata/normalized_transcript.json,sha256:89113375c84b0a95282fdd3b6179c34119496f77ba4edff0afcc9b25d7fda45f,safe_to_download,3,false,false,false
sha256:c77aaa4f2c7754987250aa6dc,semantic_chunk,cat_2025_q1,CAT,Caterpillar Inc.,2025 Q1,manual_local_transcript_chunk,/Users/keith/Desktop/earnings calls 100 samples/CAT_Caterpillar_Inc/cat_2025_q1/chunks/transcript/chunk_0b6338158dff3f10.txt,unknown,unknown,semantic_fallback,46994,49494,sha256:8924d13b82fefadc3f0912b4631c0540d7bd18ad096de44b4a278d166d49c428,sha256:222cd1f9a7a95a70bcb98e1a114f57a927d046261f8e605adec4c635a7094a73,sha256:f349917693947a6461bd2576889299acf59cf560def1273a7d9328273b58bd0a,/Users/keith/Desktop/earnings calls 100 samples/CAT_Caterpillar_Inc/cat_2025_q1/metadata/normalized_transcript.json,sha256:1b4af87a50dc2e88e53ca41532b11abbd0df1e0bfc0f577784eae24e0abcce01,safe_to_download,3,false,false,false
sha256:a699d39c152182fd2e3c318de,semantic_chunk,cat_2025_q1,CAT,Caterpillar Inc.,2025 Q1,manual_local_transcript_chunk,/Users/keith/Desktop/earnings calls 100 samples/CAT_Caterpillar_Inc/cat_2025_q1/chunks/transcript/chunk_4be488c4c5a7dd21.txt,unknown,unknown,semantic_fallback,49494,51994,sha256:8924d13b82fefadc3f0912b4631c0540d7bd18ad096de44b4a278d166d49c428,sha256:cf108637a10d9f878357d130c93807c540e6dacf4c3a5f336185846ab31951c2,sha256:f349917693947a6461bd2576889299acf59cf560def1273a7d9328273b58bd0a,/Users/keith/Desktop/earnings calls 100 samples/CAT_Caterpillar_Inc/cat_2025_q1/metadata/normalized_transcript.json,sha256:ee72a094dca765f618df74e6dd2aecba182a53d5680cd62d081d39710c33e2e8,safe_to_download,3,false,false,false
sha256:54d4ec7d60a7400362b9f3ce7,semantic_chunk,cat_2025_q1,CAT,Caterpillar Inc.,2025 Q1,manual_local_transcript_chunk,/Users/keith/Desktop/earnings calls 100 samples/CAT_Caterpillar_Inc/cat_2025_q1/chunks/transcript/chunk_6222162124459848.txt,unknown,unknown,semantic_fallback,51994,54494,sha256:8924d13b82fefadc3f0912b4631c0540d7bd18ad096de44b4a278d166d49c428,sha256:ecaf48ca982d44e47536caf820bcffcbde056da5369c891389b9252c902a2c0e,sha256:f349917693947a6461bd2576889299acf59cf560def1273a7d9328273b58bd0a,/Users/keith/Desktop/earnings calls 100 samples/CAT_Caterpillar_Inc/cat_2025_q1/metadata/normalized_transcript.json,sha256:dd4da938f4e3adefaf72ab2611370f72a1ca5038cf9a2da77b58cd3e3acac334,safe_to_download,3,false,false,false
sha256:a7402c7333b00a287e0cd169d,semantic_chunk,cat_2025_q1,CAT,Caterpillar Inc.,2025 Q1,manual_local_transcript_chunk,/Users/keith/Desktop/earnings calls 100 samples/CAT_Caterpillar_Inc/cat_2025_q1/chunks/transcript/chunk_0d66e16c8d4c18d1.txt,unknown,unknown,semantic_fallback,54494,56994,sha256:8924d13b82fefadc3f0912b4631c0540d7bd18ad096de44b4a278d166d49c428,sha256:21c59e76b53569714d3b563d3523416c01fc7774dd986eebd9e9330d21ee8921,sha256:f349917693947a6461bd2576889299acf59cf560def1273a7d9328273b58bd0a,/Users/keith/Desktop/earnings calls 100 samples/CAT_Caterpillar_Inc/cat_2025_q1/metadata/normalized_transcript.json,sha256:0e580af0ca4b999a1593c0c8815d67a4ded74ee70d1b6e0f9c8aa56751640e59,safe_to_download,3,false,false,false
sha256:3fcad2e6ff810ec0dda0e9bc0,semantic_chunk,cat_2025_q1,CAT,Caterpillar Inc.,2025 Q1,manual_local_transcript_chunk,/Users/keith/Desktop/earnings calls 100 samples/CAT_Caterpillar_Inc/cat_2025_q1/chunks/transcript/chunk_2da7cdfbcf29e8c2.txt,unknown,unknown,semantic_fallback,56994,59494,sha256:8924d13b82fefadc3f0912b4631c0540d7bd18ad096de44b4a278d166d49c428,sha256:d97e88d8044bcd93e94c28585716f8158e7f0a3cd9cb1b83368a51fcdfe9969e,sha256:f349917693947a6461bd2576889299acf59cf560def1273a7d9328273b58bd0a,/Users/keith/Desktop/earnings calls 100 samples/CAT_Caterpillar_Inc/cat_2025_q1/metadata/normalized_transcript.json,sha256:9015794881d7bb35ff8378c4e8f2916ba5eb8945e0949e5668a491dcb6985be0,safe_to_download,3,false,false,false
sha256:ad0059a84dff5b2d8c58fac88,semantic_chunk,cat_2025_q1,CAT,Caterpillar Inc.,2025 Q1,manual_local_transcript_chunk,/Users/keith/Desktop/earnings calls 100 samples/CAT_Caterpillar_Inc/cat_2025_q1/chunks/transcript/chunk_36553c7587ccdb44.txt,unknown,unknown,semantic_fallback,59494,61702,sha256:8924d13b82fefadc3f0912b4631c0540d7bd18ad096de44b4a278d166d49c428,sha256:3a4261739008cfeb316920eb7e3d058113071abd27828e071e813fc7845cb190,sha256:f349917693947a6461bd2576889299acf59cf560def1273a7d9328273b58bd0a,/Users/keith/Desktop/earnings calls 100 samples/CAT_Caterpillar_Inc/cat_2025_q1/metadata/normalized_transcript.json,sha256:c36fdea51b2e744f9683f136a5929b128b72599f0fc6b0032b6ac5426ecb5491,safe_to_download,3,false,false,false
sha256:5580f3da1738aca9c78d9e981,event_aligned_chunk,cat_2025_q2,CAT,Caterpillar Inc.,2025 Q2,manual_local_transcript_chunk,/Users/keith/Desktop/earnings calls 100 samples/CAT_Caterpillar_Inc/cat_2025_q2/chunks/transcript/chunk_a3aa7bb84ba6733f.txt,prepared_remarks,management,prepared_remarks,751,1995,sha256:245d279780d60d7505e1ba4dfb9f31ceba34f28722aa4577aa085c31148f850a,sha256:990a86c139fe48f357856ae8fcd943201556eea2686dc9a35f14e93f5016ceca,sha256:c9f976f13460eacb26e5c22feaccfdb3bf63b8ef4b1cb345f4fd00c97a2f7af6,/Users/keith/Desktop/earnings calls 100 samples/CAT_Caterpillar_Inc/cat_2025_q2/metadata/normalized_transcript.json,sha256:02e7547e2585fe67c99080fdf439f0af6a761883f133a04afdb4531b6c301f6c,safe_to_download,2,false,false,false
sha256:50bda8238a715fa148b0a5251,semantic_chunk,cat_2025_q2,CAT,Caterpillar Inc.,2025 Q2,manual_local_transcript_chunk,/Users/keith/Desktop/earnings calls 100 samples/CAT_Caterpillar_Inc/cat_2025_q2/chunks/transcript/chunk_6b9ca5d57a747a2f.txt,unknown,unknown,semantic_fallback,4495,6995,sha256:245d279780d60d7505e1ba4dfb9f31ceba34f28722aa4577aa085c31148f850a,sha256:737d2bf23321ba01ebb04c4a00fd8c1c355eff70bc7a789f61034319c1dff6b9,sha256:c9f976f13460eacb26e5c22feaccfdb3bf63b8ef4b1cb345f4fd00c97a2f7af6,/Users/keith/Desktop/earnings calls 100 samples/CAT_Caterpillar_Inc/cat_2025_q2/metadata/normalized_transcript.json,sha256:cf6e893fbf33ecf1ba415b104a355ca5abe3f9293685c0a7c599f723ede59fd4,safe_to_download,3,false,false,false
sha256:601b38bb52e5d17755060ce54,semantic_chunk,cat_2025_q2,CAT,Caterpillar Inc.,2025 Q2,manual_local_transcript_chunk,/Users/keith/Desktop/earnings calls 100 samples/CAT_Caterpillar_Inc/cat_2025_q2/chunks/transcript/chunk_59e193d03b5d7968.txt,unknown,unknown,semantic_fallback,6995,9495,sha256:245d279780d60d7505e1ba4dfb9f31ceba34f28722aa4577aa085c31148f850a,sha256:b71ccc2b3a18b67fd6d901d44f647ba858960a7ea78a70346c195979edf4fed8,sha256:c9f976f13460eacb26e5c22feaccfdb3bf63b8ef4b1cb345f4fd00c97a2f7af6,/Users/keith/Desktop/earnings calls 100 samples/CAT_Caterpillar_Inc/cat_2025_q2/metadata/normalized_transcript.json,sha256:a4f8e4441ca9a8e32f4e7ec3b78aa97cddc96464ed7797cc39ec293136a6e223,safe_to_download,3,false,false,false
sha256:a678cc3a256faab7a981b863e,semantic_chunk,cat_2025_q2,CAT,Caterpillar Inc.,2025 Q2,manual_local_transcript_chunk,/Users/keith/Desktop/earnings calls 100 samples/CAT_Caterpillar_Inc/cat_2025_q2/chunks/transcript/chunk_60ce2f4f1d661a6c.txt,unknown,unknown,semantic_fallback,9495,11995,sha256:245d279780d60d7505e1ba4dfb9f31ceba34f28722aa4577aa085c31148f850a,sha256:d86f5c4f55639042f81bd822d6ffeb1ced76bbd0d580a48458819db959313296,sha256:c9f976f13460eacb26e5c22feaccfdb3bf63b8ef4b1cb345f4fd00c97a2f7af6,/Users/keith/Desktop/earnings calls 100 samples/CAT_Caterpillar_Inc/cat_2025_q2/metadata/normalized_transcript.json,sha256:d359cccc065de13650223a5075c1a355ceca86a3283128a5bbda37feea8850d4,safe_to_download,3,false,false,false
sha256:d8a1a34767c2847897c57939b,semantic_chunk,cat_2025_q2,CAT,Caterpillar Inc.,2025 Q2,manual_local_transcript_chunk,/Users/keith/Desktop/earnings calls 100 samples/CAT_Caterpillar_Inc/cat_2025_q2/chunks/transcript/chunk_91dfbaed35f8276e.txt,unknown,unknown,semantic_fallback,11995,14495,sha256:245d279780d60d7505e1ba4dfb9f31ceba34f28722aa4577aa085c31148f850a,sha256:c8110bb3cb380569add3daed0c79ef90ac047c284bcd918b9f87fbb7830ec326,sha256:c9f976f13460eacb26e5c22feaccfdb3bf63b8ef4b1cb345f4fd00c97a2f7af6,/Users/keith/Desktop/earnings calls 100 samples/CAT_Caterpillar_Inc/cat_2025_q2/metadata/normalized_transcript.json,sha256:6b0e97d232bc0124b4ed8c3b69eda6be327a1cebae24caac723a758cce015447,safe_to_download,3,false,false,false
sha256:74f86d9a3ef78a2e0c8e861cf,semantic_chunk,cat_2025_q2,CAT,Caterpillar Inc.,2025 Q2,manual_local_transcript_chunk,/Users/keith/Desktop/earnings calls 100 samples/CAT_Caterpillar_Inc/cat_2025_q2/chunks/transcript/chunk_10542c13e4aee1a0.txt,unknown,unknown,semantic_fallback,14495,16995,sha256:245d279780d60d7505e1ba4dfb9f31ceba34f28722aa4577aa085c31148f850a,sha256:9548c89634698d2ba7b66f9dd9e5ee06139d93dad4deb2c8103bafa4da032e58,sha256:c9f976f13460eacb26e5c22feaccfdb3bf63b8ef4b1cb345f4fd00c97a2f7af6,/Users/keith/Desktop/earnings calls 100 samples/CAT_Caterpillar_Inc/cat_2025_q2/metadata/normalized_transcript.json,sha256:2aef985e16adf504f26a505c22f5a57be90d8ab712d216c5a2f2616e00e96d60,safe_to_download,3,false,false,false
sha256:744458f536c0149013d826b60,semantic_chunk,cat_2025_q2,CAT,Caterpillar Inc.,2025 Q2,manual_local_transcript_chunk,/Users/keith/Desktop/earnings calls 100 samples/CAT_Caterpillar_Inc/cat_2025_q2/chunks/transcript/chunk_8d52419030308468.txt,unknown,unknown,semantic_fallback,16995,19495,sha256:245d279780d60d7505e1ba4dfb9f31ceba34f28722aa4577aa085c31148f850a,sha256:f2031c0d779490afba491d938492606cae540a5bfd1d638893f462726ecd1d1b,sha256:c9f976f13460eacb26e5c22feaccfdb3bf63b8ef4b1cb345f4fd00c97a2f7af6,/Users/keith/Desktop/earnings calls 100 samples/CAT_Caterpillar_Inc/cat_2025_q2/metadata/normalized_transcript.json,sha256:775cfa3a7a84d24a2973880aed1eda08a238f93c8526c75eef1a0d67c8e532af,safe_to_download,3,false,false,false
sha256:1eba7ad483976bf782f6e808e,semantic_chunk,cat_2025_q2,CAT,Caterpillar Inc.,2025 Q2,manual_local_transcript_chunk,/Users/keith/Desktop/earnings calls 100 samples/CAT_Caterpillar_Inc/cat_2025_q2/chunks/transcript/chunk_cfcd4c82ee063058.txt,unknown,unknown,semantic_fallback,19495,21995,sha256:245d279780d60d7505e1ba4dfb9f31ceba34f28722aa4577aa085c31148f850a,sha256:8b2a40f3d52ff5a24373a6f34804b946bed7024265d2c283703bff3ee15a3c6b,sha256:c9f976f13460eacb26e5c22feaccfdb3bf63b8ef4b1cb345f4fd00c97a2f7af6,/Users/keith/Desktop/earnings calls 100 samples/CAT_Caterpillar_Inc/cat_2025_q2/metadata/normalized_transcript.json,sha256:00920d7aadfae51e510bc56a1ddd084ac720b119ead4a3d6c60836c68a58dc40,safe_to_download,3,false,false,false
sha256:0651d7df2b3ee6733dd87672a,semantic_chunk,cat_2025_q2,CAT,Caterpillar Inc.,2025 Q2,manual_local_transcript_chunk,/Users/keith/Desktop/earnings calls 100 samples/CAT_Caterpillar_Inc/cat_2025_q2/chunks/transcript/chunk_f3d1548af31f33b3.txt,unknown,unknown,semantic_fallback,21995,24495,sha256:245d279780d60d7505e1ba4dfb9f31ceba34f28722aa4577aa085c31148f850a,sha256:5e44d9d46a5fcbe08c6e44960c8c3998209bea11584dd7c4ab95badbe5515f89,sha256:c9f976f13460eacb26e5c22feaccfdb3bf63b8ef4b1cb345f4fd00c97a2f7af6,/Users/keith/Desktop/earnings calls 100 samples/CAT_Caterpillar_Inc/cat_2025_q2/metadata/normalized_transcript.json,sha256:6dd8874918bdb5630c8170967048a62299383ba43f3427a32dfec7e76280941a,safe_to_download,3,false,false,false
sha256:ed47d3b1d2bf501c88d5df1a6,semantic_chunk,cat_2025_q2,CAT,Caterpillar Inc.,2025 Q2,manual_local_transcript_chunk,/Users/keith/Desktop/earnings calls 100 samples/CAT_Caterpillar_Inc/cat_2025_q2/chunks/transcript/chunk_00a725f5f7bf678e.txt,unknown,unknown,semantic_fallback,24495,26995,sha256:245d279780d60d7505e1ba4dfb9f31ceba34f28722aa4577aa085c31148f850a,sha256:f4d4d154a638c183b5ed7e73da8c8e7563094b7870499684d9828b0368628d77,sha256:c9f976f13460eacb26e5c22feaccfdb3bf63b8ef4b1cb345f4fd00c97a2f7af6,/Users/keith/Desktop/earnings calls 100 samples/CAT_Caterpillar_Inc/cat_2025_q2/metadata/normalized_transcript.json,sha256:9106d6e60be2f3fd92fc8face69ff9e62bef11bede948c687aa97f26ad211618,safe_to_download,3,false,false,false
sha256:91d9786df07916c23d087d8c7,semantic_chunk,cat_2025_q2,CAT,Caterpillar Inc.,2025 Q2,manual_local_transcript_chunk,/Users/keith/Desktop/earnings calls 100 samples/CAT_Caterpillar_Inc/cat_2025_q2/chunks/transcript/chunk_49a470c7d7f85277.txt,unknown,unknown,semantic_fallback,26995,29495,sha256:245d279780d60d7505e1ba4dfb9f31ceba34f28722aa4577aa085c31148f850a,sha256:b9509543422215b2f4cdcb35eaefbaa842d72c83b10b0199a09cd223336237a2,sha256:c9f976f13460eacb26e5c22feaccfdb3bf63b8ef4b1cb345f4fd00c97a2f7af6,/Users/keith/Desktop/earnings calls 100 samples/CAT_Caterpillar_Inc/cat_2025_q2/metadata/normalized_transcript.json,sha256:61411f6018bb79fbd7f1f0b9f985dea21d6ca45d33886cb95255a751533e671c,safe_to_download,3,false,false,false
sha256:27fbd60fbfa7077357af9f153,semantic_chunk,cat_2025_q2,CAT,Caterpillar Inc.,2025 Q2,manual_local_transcript_chunk,/Users/keith/Desktop/earnings calls 100 samples/CAT_Caterpillar_Inc/cat_2025_q2/chunks/transcript/chunk_70c50f4906dbb3f3.txt,unknown,unknown,semantic_fallback,29495,30642,sha256:245d279780d60d7505e1ba4dfb9f31ceba34f28722aa4577aa085c31148f850a,sha256:77fe74f17ac8509ac635794b881bf96a2e62f349e596f1671504013505f9c257,sha256:c9f976f13460eacb26e5c22feaccfdb3bf63b8ef4b1cb345f4fd00c97a2f7af6,/Users/keith/Desktop/earnings calls 100 samples/CAT_Caterpillar_Inc/cat_2025_q2/metadata/normalized_transcript.json,sha256:c257d8aa6d5b0d65e6f79119b04b602f9afa45e51f2d82a8dff9047852e83254,safe_to_download,3,false,false,false
sha256:259148a2b64c8c05dea37e4ea,semantic_chunk,cat_2025_q2,CAT,Caterpillar Inc.,2025 Q2,manual_local_transcript_chunk,/Users/keith/Desktop/earnings calls 100 samples/CAT_Caterpillar_Inc/cat_2025_q2/chunks/transcript/chunk_539c73d9ca166f79.txt,unknown,unknown,semantic_fallback,33142,35642,sha256:245d279780d60d7505e1ba4dfb9f31ceba34f28722aa4577aa085c31148f850a,sha256:1afc9dea156e6cb4750d3c79c828f11a06d68b1e752ae909e05fe1b98207eb82,sha256:c9f976f13460eacb26e5c22feaccfdb3bf63b8ef4b1cb345f4fd00c97a2f7af6,/Users/keith/Desktop/earnings calls 100 samples/CAT_Caterpillar_Inc/cat_2025_q2/metadata/normalized_transcript.json,sha256:1a2f0b35d924f086ffbbe2bd7ca1e1d560d6c9b7eba41bc88195699240cb53f6,safe_to_download,3,false,false,false
sha256:deda9e57962833487500ebbb6,semantic_chunk,cat_2025_q2,CAT,Caterpillar Inc.,2025 Q2,manual_local_transcript_chunk,/Users/keith/Desktop/earnings calls 100 samples/CAT_Caterpillar_Inc/cat_2025_q2/chunks/transcript/chunk_1d748838ebd93300.txt,unknown,unknown,semantic_fallback,35642,38142,sha256:245d279780d60d7505e1ba4dfb9f31ceba34f28722aa4577aa085c31148f850a,sha256:afd962fc8568967a315d833f6ddddb573c6675047fc8cdf90db2b6ff83bf97ac,sha256:c9f976f13460eacb26e5c22feaccfdb3bf63b8ef4b1cb345f4fd00c97a2f7af6,/Users/keith/Desktop/earnings calls 100 samples/CAT_Caterpillar_Inc/cat_2025_q2/metadata/normalized_transcript.json,sha256:cbfdb3a9b901cdfcd201457044dff34764f8a6f3bde00f54f4dde8f983d698a1,safe_to_download,3,false,false,false
sha256:8f3eeb3f13491e2541e3aeeef,semantic_chunk,cat_2025_q2,CAT,Caterpillar Inc.,2025 Q2,manual_local_transcript_chunk,/Users/keith/Desktop/earnings calls 100 samples/CAT_Caterpillar_Inc/cat_2025_q2/chunks/transcript/chunk_df9b8c9e2bf559d4.txt,unknown,unknown,semantic_fallback,38142,40642,sha256:245d279780d60d7505e1ba4dfb9f31ceba34f28722aa4577aa085c31148f850a,sha256:f028219fc1bf5386212d75c9e4ae357205a9b1c29869b4efebf356ba9f3ba187,sha256:c9f976f13460eacb26e5c22feaccfdb3bf63b8ef4b1cb345f4fd00c97a2f7af6,/Users/keith/Desktop/earnings calls 100 samples/CAT_Caterpillar_Inc/cat_2025_q2/metadata/normalized_transcript.json,sha256:388f488d19a8170b2ea0edcf53234e4ad4dc84eca9a404849ed3dfc165bebe74,safe_to_download,3,false,false,false
sha256:b24ce232fc28d2959c2f28c3e,semantic_chunk,cat_2025_q2,CAT,Caterpillar Inc.,2025 Q2,manual_local_transcript_chunk,/Users/keith/Desktop/earnings calls 100 samples/CAT_Caterpillar_Inc/cat_2025_q2/chunks/transcript/chunk_304341f3f6da7429.txt,unknown,unknown,semantic_fallback,40642,43142,sha256:245d279780d60d7505e1ba4dfb9f31ceba34f28722aa4577aa085c31148f850a,sha256:6687d5129a092ee543cd6c97fdea36e245c8f3b78cbfef43246f5d23390a1dba,sha256:c9f976f13460eacb26e5c22feaccfdb3bf63b8ef4b1cb345f4fd00c97a2f7af6,/Users/keith/Desktop/earnings calls 100 samples/CAT_Caterpillar_Inc/cat_2025_q2/metadata/normalized_transcript.json,sha256:515c94782385bf3d34c9da70d084f79b0de381de285a3e64f3ff995000eb62f4,safe_to_download,3,false,false,false
sha256:2f7d36ac10e575846af5f53c8,semantic_chunk,cat_2025_q2,CAT,Caterpillar Inc.,2025 Q2,manual_local_transcript_chunk,/Users/keith/Desktop/earnings calls 100 samples/CAT_Caterpillar_Inc/cat_2025_q2/chunks/transcript/chunk_eb69a860f47bd0e8.txt,unknown,unknown,semantic_fallback,43142,45642,sha256:245d279780d60d7505e1ba4dfb9f31ceba34f28722aa4577aa085c31148f850a,sha256:84c2e190268e13a2794cc025f2fc252a403ef28aea456e4844432b5d3913c074,sha256:c9f976f13460eacb26e5c22feaccfdb3bf63b8ef4b1cb345f4fd00c97a2f7af6,/Users/keith/Desktop/earnings calls 100 samples/CAT_Caterpillar_Inc/cat_2025_q2/metadata/normalized_transcript.json,sha256:4f378dc8036678e33738ea033b6e5b3117bd29eba81265f99af8caa47204b938,safe_to_download,3,false,false,false
sha256:946771c579add1df1d92d5feb,semantic_chunk,cat_2025_q2,CAT,Caterpillar Inc.,2025 Q2,manual_local_transcript_chunk,/Users/keith/Desktop/earnings calls 100 samples/CAT_Caterpillar_Inc/cat_2025_q2/chunks/transcript/chunk_1fc831577938c566.txt,unknown,unknown,semantic_fallback,45642,48142,sha256:245d279780d60d7505e1ba4dfb9f31ceba34f28722aa4577aa085c31148f850a,sha256:ef69189e42b84ce08471779ce269e13366c2d2f11d133e238c443029dff82aec,sha256:c9f976f13460eacb26e5c22feaccfdb3bf63b8ef4b1cb345f4fd00c97a2f7af6,/Users/keith/Desktop/earnings calls 100 samples/CAT_Caterpillar_Inc/cat_2025_q2/metadata/normalized_transcript.json,sha256:8c542a781996e12364e79840dffe37b3c3037c3db176ee1d15416a555c7ba1b5,safe_to_download,3,false,false,false
sha256:69955a2855756e3aaf538140d,semantic_chunk,cat_2025_q2,CAT,Caterpillar Inc.,2025 Q2,manual_local_transcript_chunk,/Users/keith/Desktop/earnings calls 100 samples/CAT_Caterpillar_Inc/cat_2025_q2/chunks/transcript/chunk_0cbdad8c2cc69852.txt,unknown,unknown,semantic_fallback,48142,50642,sha256:245d279780d60d7505e1ba4dfb9f31ceba34f28722aa4577aa085c31148f850a,sha256:26893c3dfeffbda68e69826cd7d36d560629de3bd1f4900491361d9d18938c84,sha256:c9f976f13460eacb26e5c22feaccfdb3bf63b8ef4b1cb345f4fd00c97a2f7af6,/Users/keith/Desktop/earnings calls 100 samples/CAT_Caterpillar_Inc/cat_2025_q2/metadata/normalized_transcript.json,sha256:5ee990b447fa34eedca26e667af2c0b03cb28fd095f52626089b471cd65d733f,safe_to_download,3,false,false,false
sha256:27bc525c256f247ff975382a6,semantic_chunk,cat_2025_q2,CAT,Caterpillar Inc.,2025 Q2,manual_local_transcript_chunk,/Users/keith/Desktop/earnings calls 100 samples/CAT_Caterpillar_Inc/cat_2025_q2/chunks/transcript/chunk_b0cd74bfca11d7ab.txt,unknown,unknown,semantic_fallback,50642,53142,sha256:245d279780d60d7505e1ba4dfb9f31ceba34f28722aa4577aa085c31148f850a,sha256:41cb66d5df1e9890ea34723b350949dca21b2cb5d56a5cdc0cf9ae200be91963,sha256:c9f976f13460eacb26e5c22feaccfdb3bf63b8ef4b1cb345f4fd00c97a2f7af6,/Users/keith/Desktop/earnings calls 100 samples/CAT_Caterpillar_Inc/cat_2025_q2/metadata/normalized_transcript.json,sha256:ced66d651e5fc993cc24f7cded8af131d71696834a7aeaa3b6d8b8b9552d6333,safe_to_download,3,false,false,false
sha256:3ba05e6ca80d466b9f5e626d6,semantic_chunk,cat_2025_q2,CAT,Caterpillar Inc.,2025 Q2,manual_local_transcript_chunk,/Users/keith/Desktop/earnings calls 100 samples/CAT_Caterpillar_Inc/cat_2025_q2/chunks/transcript/chunk_eb3c5b451d03f54f.txt,unknown,unknown,semantic_fallback,53142,55642,sha256:245d279780d60d7505e1ba4dfb9f31ceba34f28722aa4577aa085c31148f850a,sha256:ce0217fc5d97702dda67260ee36bf330f7cde22976addbb8f3f3069d188e819b,sha256:c9f976f13460eacb26e5c22feaccfdb3bf63b8ef4b1cb345f4fd00c97a2f7af6,/Users/keith/Desktop/earnings calls 100 samples/CAT_Caterpillar_Inc/cat_2025_q2/metadata/normalized_transcript.json,sha256:180d04dc9bb32ee761bd32ba077eb2f4356b3ef61564cc21010d747a233fc4c7,safe_to_download,3,false,false,false
sha256:071604fc679c095fd41e35ffa,semantic_chunk,cat_2025_q2,CAT,Caterpillar Inc.,2025 Q2,manual_local_transcript_chunk,/Users/keith/Desktop/earnings calls 100 samples/CAT_Caterpillar_Inc/cat_2025_q2/chunks/transcript/chunk_aac3ac305d78551d.txt,unknown,unknown,semantic_fallback,55642,57312,sha256:245d279780d60d7505e1ba4dfb9f31ceba34f28722aa4577aa085c31148f850a,sha256:e02dee3bfa61e2b70a14b91e8d5f18c3e3abec209404a7d3e20eff9c5119084e,sha256:c9f976f13460eacb26e5c22feaccfdb3bf63b8ef4b1cb345f4fd00c97a2f7af6,/Users/keith/Desktop/earnings calls 100 samples/CAT_Caterpillar_Inc/cat_2025_q2/metadata/normalized_transcript.json,sha256:d35e412d822200773c11b1f04edfe0daa5d9bade9daf36736f06b7201ef4d1a7,safe_to_download,3,false,false,false
sha256:c0a416167b090269c262e85f1,event_aligned_chunk,cat_2025_q3,CAT,Caterpillar Inc.,2025 Q3,manual_local_transcript_chunk,/Users/keith/Desktop/earnings calls 100 samples/CAT_Caterpillar_Inc/cat_2025_q3/chunks/transcript/chunk_0dd437d5a85b4682.txt,prepared_remarks,management,prepared_remarks,716,1938,sha256:afbda8b53586966dc8df34306d4f193c30bdebf0f264a26f81e1f8045349878a,sha256:3f291d039ad323bec8e0d2dcf89bdad946ef10f8b126894e464f0f0bc00892bc,sha256:bffe5b001482c9712a33c385e897728c6242c757c3f372d88a8bec599b0c1efe,/Users/keith/Desktop/earnings calls 100 samples/CAT_Caterpillar_Inc/cat_2025_q3/metadata/normalized_transcript.json,sha256:427846d605af19c9af353f7e65f330455219dc5d1f505bf3db059dddd9ae2629,safe_to_download,2,false,false,false
sha256:c9244a05dca0afa8407d2c483,semantic_chunk,cat_2025_q3,CAT,Caterpillar Inc.,2025 Q3,manual_local_transcript_chunk,/Users/keith/Desktop/earnings calls 100 samples/CAT_Caterpillar_Inc/cat_2025_q3/chunks/transcript/chunk_337a887fc306e892.txt,unknown,unknown,semantic_fallback,4438,6938,sha256:afbda8b53586966dc8df34306d4f193c30bdebf0f264a26f81e1f8045349878a,sha256:db8ae3d172cc55539566479e696c6c6aa16f881faf77fcc354dc6efa820393bd,sha256:bffe5b001482c9712a33c385e897728c6242c757c3f372d88a8bec599b0c1efe,/Users/keith/Desktop/earnings calls 100 samples/CAT_Caterpillar_Inc/cat_2025_q3/metadata/normalized_transcript.json,sha256:535513e7bc1ccc94f96d1680ab062afe0af646853574c5886881228f45c26da7,safe_to_download,3,false,false,false
sha256:8d6b27ae346dc2b14b7d4e4f3,semantic_chunk,cat_2025_q3,CAT,Caterpillar Inc.,2025 Q3,manual_local_transcript_chunk,/Users/keith/Desktop/earnings calls 100 samples/CAT_Caterpillar_Inc/cat_2025_q3/chunks/transcript/chunk_e137762034c5487c.txt,unknown,unknown,semantic_fallback,6938,9438,sha256:afbda8b53586966dc8df34306d4f193c30bdebf0f264a26f81e1f8045349878a,sha256:1c7cad978777683a9d9958c74470e45918ef4386f7da5b5bcec12946e0628686,sha256:bffe5b001482c9712a33c385e897728c6242c757c3f372d88a8bec599b0c1efe,/Users/keith/Desktop/earnings calls 100 samples/CAT_Caterpillar_Inc/cat_2025_q3/metadata/normalized_transcript.json,sha256:d2cbbaac2602655aa6d6e67f8132851ad8152006fafc0cb4a26b62515440d3de,safe_to_download,3,false,false,false
sha256:ecba4b59437118b7c91d4bb79,semantic_chunk,cat_2025_q3,CAT,Caterpillar Inc.,2025 Q3,manual_local_transcript_chunk,/Users/keith/Desktop/earnings calls 100 samples/CAT_Caterpillar_Inc/cat_2025_q3/chunks/transcript/chunk_e5cd0bf4abf28378.txt,unknown,unknown,semantic_fallback,9438,11938,sha256:afbda8b53586966dc8df34306d4f193c30bdebf0f264a26f81e1f8045349878a,sha256:36612beea9157ee78f9a25c3943e2e60ff6b8ef093c17749cddfc7035a06fea1,sha256:bffe5b001482c9712a33c385e897728c6242c757c3f372d88a8bec599b0c1efe,/Users/keith/Desktop/earnings calls 100 samples/CAT_Caterpillar_Inc/cat_2025_q3/metadata/normalized_transcript.json,sha256:a792f411a303c9b82bd95bbc79b09e25cc1960709a91c1dc284963899c97be95,safe_to_download,3,false,false,false
sha256:ad320a11ddfeb012676077573,semantic_chunk,cat_2025_q3,CAT,Caterpillar Inc.,2025 Q3,manual_local_transcript_chunk,/Users/keith/Desktop/earnings calls 100 samples/CAT_Caterpillar_Inc/cat_2025_q3/chunks/transcript/chunk_6384d922e0650152.txt,unknown,unknown,semantic_fallback,11938,14438,sha256:afbda8b53586966dc8df34306d4f193c30bdebf0f264a26f81e1f8045349878a,sha256:79dc83b54ec7d949b6e31d11ba8b470000f5f22c4f4b3ef19676b12fb1e7796b,sha256:bffe5b001482c9712a33c385e897728c6242c757c3f372d88a8bec599b0c1efe,/Users/keith/Desktop/earnings calls 100 samples/CAT_Caterpillar_Inc/cat_2025_q3/metadata/normalized_transcript.json,sha256:ccd063cee0ae9bd9602c2d0b7e65db0d2e9d9e66f0a9a752c68b8062186eb813,safe_to_download,3,false,false,false
sha256:6f307a8387bd7ced95d5e1cb9,semantic_chunk,cat_2025_q3,CAT,Caterpillar Inc.,2025 Q3,manual_local_transcript_chunk,/Users/keith/Desktop/earnings calls 100 samples/CAT_Caterpillar_Inc/cat_2025_q3/chunks/transcript/chunk_c6f331b2214213f1.txt,unknown,unknown,semantic_fallback,14438,16938,sha256:afbda8b53586966dc8df34306d4f193c30bdebf0f264a26f81e1f8045349878a,sha256:bcbdb04c77d19e6468064ad9f2d370753e4d4d1663403cfb5b84c9e9efa7ff90,sha256:bffe5b001482c9712a33c385e897728c6242c757c3f372d88a8bec599b0c1efe,/Users/keith/Desktop/earnings calls 100 samples/CAT_Caterpillar_Inc/cat_2025_q3/metadata/normalized_transcript.json,sha256:2eb6404103afefda96c959d0862ab935494571dc97721e21580528757fbff852,safe_to_download,3,false,false,false
sha256:62d61fe22124bcf314aab3ddf,semantic_chunk,cat_2025_q3,CAT,Caterpillar Inc.,2025 Q3,manual_local_transcript_chunk,/Users/keith/Desktop/earnings calls 100 samples/CAT_Caterpillar_Inc/cat_2025_q3/chunks/transcript/chunk_9462dc98757e52ab.txt,unknown,unknown,semantic_fallback,16938,19438,sha256:afbda8b53586966dc8df34306d4f193c30bdebf0f264a26f81e1f8045349878a,sha256:8e71e7feaa32c74b5a080748be3bf27bb0e0d96e82844204bc76ae5b72fef112,sha256:bffe5b001482c9712a33c385e897728c6242c757c3f372d88a8bec599b0c1efe,/Users/keith/Desktop/earnings calls 100 samples/CAT_Caterpillar_Inc/cat_2025_q3/metadata/normalized_transcript.json,sha256:cbe0330fcb4a745927d94c034f2a9b2187d92d49f32550d8b94b1a6ce2b5b080,safe_to_download,3,false,false,false
sha256:941bb8d08dec28ec17d208d7c,semantic_chunk,cat_2025_q3,CAT,Caterpillar Inc.,2025 Q3,manual_local_transcript_chunk,/Users/keith/Desktop/earnings calls 100 samples/CAT_Caterpillar_Inc/cat_2025_q3/chunks/transcript/chunk_c739d8163c2ef6ca.txt,unknown,unknown,semantic_fallback,19438,21938,sha256:afbda8b53586966dc8df34306d4f193c30bdebf0f264a26f81e1f8045349878a,sha256:045f16218f6a99f808ac662da5bcbbe7b3a3bd7043428157329ee20e1ab2c21e,sha256:bffe5b001482c9712a33c385e897728c6242c757c3f372d88a8bec599b0c1efe,/Users/keith/Desktop/earnings calls 100 samples/CAT_Caterpillar_Inc/cat_2025_q3/metadata/normalized_transcript.json,sha256:fef0dc46d4742b4b54147b9e8a5c58a4e6c109b34b61264afe5a3caff27f1ff5,safe_to_download,3,false,false,false
sha256:21c0a51daeec4e485f91f890d,semantic_chunk,cat_2025_q3,CAT,Caterpillar Inc.,2025 Q3,manual_local_transcript_chunk,/Users/keith/Desktop/earnings calls 100 samples/CAT_Caterpillar_Inc/cat_2025_q3/chunks/transcript/chunk_eb43d1d74a6fb853.txt,unknown,unknown,semantic_fallback,21938,24438,sha256:afbda8b53586966dc8df34306d4f193c30bdebf0f264a26f81e1f8045349878a,sha256:6482bcef8178e4e7449914f55e0f6b16adcc22e266626687c705bd1b02d44f6e,sha256:bffe5b001482c9712a33c385e897728c6242c757c3f372d88a8bec599b0c1efe,/Users/keith/Desktop/earnings calls 100 samples/CAT_Caterpillar_Inc/cat_2025_q3/metadata/normalized_transcript.json,sha256:38dca4981128579ff3364a7168591c56c0e5cd8d4f0e59dc3bebce32354a3a4a,safe_to_download,3,false,false,false
sha256:10e61a533d6dccb05aa11a955,semantic_chunk,cat_2025_q3,CAT,Caterpillar Inc.,2025 Q3,manual_local_transcript_chunk,/Users/keith/Desktop/earnings calls 100 samples/CAT_Caterpillar_Inc/cat_2025_q3/chunks/transcript/chunk_f59b85dcdfb117e7.txt,unknown,unknown,semantic_fallback,24438,26938,sha256:afbda8b53586966dc8df34306d4f193c30bdebf0f264a26f81e1f8045349878a,sha256:0e5a3b4dceb2f21bf95c750f4085455f907bca05466b86891637b9b0e25b6a7b,sha256:bffe5b001482c9712a33c385e897728c6242c757c3f372d88a8bec599b0c1efe,/Users/keith/Desktop/earnings calls 100 samples/CAT_Caterpillar_Inc/cat_2025_q3/metadata/normalized_transcript.json,sha256:72d192c5720878928b86b7f7da2e205dfa942a21b81576236382fd807524db2a,safe_to_download,3,false,false,false
sha256:214846b85fc7ca77d9ae83988,semantic_chunk,cat_2025_q3,CAT,Caterpillar Inc.,2025 Q3,manual_local_transcript_chunk,/Users/keith/Desktop/earnings calls 100 samples/CAT_Caterpillar_Inc/cat_2025_q3/chunks/transcript/chunk_db45ecce0351a557.txt,unknown,unknown,semantic_fallback,26938,29438,sha256:afbda8b53586966dc8df34306d4f193c30bdebf0f264a26f81e1f8045349878a,sha256:25feff4d4c24ea8e3af2aa1983bdeb91ec6553ceffffbd8d1f1959599b7cfd17,sha256:bffe5b001482c9712a33c385e897728c6242c757c3f372d88a8bec599b0c1efe,/Users/keith/Desktop/earnings calls 100 samples/CAT_Caterpillar_Inc/cat_2025_q3/metadata/normalized_transcript.json,sha256:57c917cec5e1b4a834fd38847fba0e0cd21eab75feadf1a47fb66e386258dd8c,safe_to_download,3,false,false,false
sha256:68e1fc1b3e16761580172332b,semantic_chunk,cat_2025_q3,CAT,Caterpillar Inc.,2025 Q3,manual_local_transcript_chunk,/Users/keith/Desktop/earnings calls 100 samples/CAT_Caterpillar_Inc/cat_2025_q3/chunks/transcript/chunk_2e405d34c15efe04.txt,unknown,unknown,semantic_fallback,29438,30620,sha256:afbda8b53586966dc8df34306d4f193c30bdebf0f264a26f81e1f8045349878a,sha256:5a126c03810ec254b01e7e71d129738468301a26c0ad82c611719a55041d360f,sha256:bffe5b001482c9712a33c385e897728c6242c757c3f372d88a8bec599b0c1efe,/Users/keith/Desktop/earnings calls 100 samples/CAT_Caterpillar_Inc/cat_2025_q3/metadata/normalized_transcript.json,sha256:f94c4e65e14d294c8715a5e6a02612ff2e23287867ebae28b7b58f84851f6373,safe_to_download,3,false,false,false
sha256:7a40cbe6128ba61951e1b98ef,semantic_chunk,cat_2025_q3,CAT,Caterpillar Inc.,2025 Q3,manual_local_transcript_chunk,/Users/keith/Desktop/earnings calls 100 samples/CAT_Caterpillar_Inc/cat_2025_q3/chunks/transcript/chunk_0c242bd0df995540.txt,unknown,unknown,semantic_fallback,33396,35896,sha256:afbda8b53586966dc8df34306d4f193c30bdebf0f264a26f81e1f8045349878a,sha256:70925146c719be16a0e4a92ba6cc3b91d1fcc3c825f4ed23a175c24cd74d3855,sha256:bffe5b001482c9712a33c385e897728c6242c757c3f372d88a8bec599b0c1efe,/Users/keith/Desktop/earnings calls 100 samples/CAT_Caterpillar_Inc/cat_2025_q3/metadata/normalized_transcript.json,sha256:579bc9cb555c6179579dde45c026ceef3e5e0e5560ff8a14667bcefcf1b24cb1,safe_to_download,3,false,false,false
sha256:91c247489b47aee2380155d3d,semantic_chunk,cat_2025_q3,CAT,Caterpillar Inc.,2025 Q3,manual_local_transcript_chunk,/Users/keith/Desktop/earnings calls 100 samples/CAT_Caterpillar_Inc/cat_2025_q3/chunks/transcript/chunk_bd5891558c4f27fc.txt,unknown,unknown,semantic_fallback,35896,38396,sha256:afbda8b53586966dc8df34306d4f193c30bdebf0f264a26f81e1f8045349878a,sha256:b0913c2facd44cbe13671473e1f7a1f378daa2d17e04ec100cbcd422f14b9238,sha256:bffe5b001482c9712a33c385e897728c6242c757c3f372d88a8bec599b0c1efe,/Users/keith/Desktop/earnings calls 100 samples/CAT_Caterpillar_Inc/cat_2025_q3/metadata/normalized_transcript.json,sha256:77df0027d8edf19ef6c02957e1cf68db1c2e06d3fc7b3258976a0179ce524d11,safe_to_download,3,false,false,false
sha256:a4f7c9e275dd19d5d49915de6,semantic_chunk,cat_2025_q3,CAT,Caterpillar Inc.,2025 Q3,manual_local_transcript_chunk,/Users/keith/Desktop/earnings calls 100 samples/CAT_Caterpillar_Inc/cat_2025_q3/chunks/transcript/chunk_a62778b67588a350.txt,unknown,unknown,semantic_fallback,38396,40896,sha256:afbda8b53586966dc8df34306d4f193c30bdebf0f264a26f81e1f8045349878a,sha256:77409fd7b3b9621e2ab543996926f4b740b275f03e00ba1bf2a654c9cc3871e4,sha256:bffe5b001482c9712a33c385e897728c6242c757c3f372d88a8bec599b0c1efe,/Users/keith/Desktop/earnings calls 100 samples/CAT_Caterpillar_Inc/cat_2025_q3/metadata/normalized_transcript.json,sha256:022a728649bda491b6974d56ee763f4e4bc964d04aea16c9b8832edc4c088c1b,safe_to_download,3,false,false,false
sha256:8c37cd7a344d5ff34faaf02ab,semantic_chunk,cat_2025_q3,CAT,Caterpillar Inc.,2025 Q3,manual_local_transcript_chunk,/Users/keith/Desktop/earnings calls 100 samples/CAT_Caterpillar_Inc/cat_2025_q3/chunks/transcript/chunk_31a9165751277134.txt,unknown,unknown,semantic_fallback,40896,43396,sha256:afbda8b53586966dc8df34306d4f193c30bdebf0f264a26f81e1f8045349878a,sha256:40edaaa9c2e4a409ce8b7c0845e262c18e5d6925ef0157eca17d8409b49ac7ea,sha256:bffe5b001482c9712a33c385e897728c6242c757c3f372d88a8bec599b0c1efe,/Users/keith/Desktop/earnings calls 100 samples/CAT_Caterpillar_Inc/cat_2025_q3/metadata/normalized_transcript.json,sha256:3012f4ab8aad798e7b7958b02755167365422235fd76be631d4a744965602935,safe_to_download,3,false,false,false
sha256:cfcb977c3a80cb741d8928d5e,semantic_chunk,cat_2025_q3,CAT,Caterpillar Inc.,2025 Q3,manual_local_transcript_chunk,/Users/keith/Desktop/earnings calls 100 samples/CAT_Caterpillar_Inc/cat_2025_q3/chunks/transcript/chunk_5271b79eabea0117.txt,unknown,unknown,semantic_fallback,43396,45896,sha256:afbda8b53586966dc8df34306d4f193c30bdebf0f264a26f81e1f8045349878a,sha256:a6dffe5ffc539a908109d71a9f5187b91bc8fef59ca46466d9fec6aba93c2a73,sha256:bffe5b001482c9712a33c385e897728c6242c757c3f372d88a8bec599b0c1efe,/Users/keith/Desktop/earnings calls 100 samples/CAT_Caterpillar_Inc/cat_2025_q3/metadata/normalized_transcript.json,sha256:611652fcca4ca9037898cffea89ae4853da14c0ba94ffb9fc54bda680709b213,safe_to_download,3,false,false,false
sha256:28c5811f15edc574aaa01c616,semantic_chunk,cat_2025_q3,CAT,Caterpillar Inc.,2025 Q3,manual_local_transcript_chunk,/Users/keith/Desktop/earnings calls 100 samples/CAT_Caterpillar_Inc/cat_2025_q3/chunks/transcript/chunk_03a57ea87981ded4.txt,unknown,unknown,semantic_fallback,45896,48396,sha256:afbda8b53586966dc8df34306d4f193c30bdebf0f264a26f81e1f8045349878a,sha256:a67f228537d03f6966ed9a1aeb425c0a55ad447ef9072bff4603f5399e9a98ba,sha256:bffe5b001482c9712a33c385e897728c6242c757c3f372d88a8bec599b0c1efe,/Users/keith/Desktop/earnings calls 100 samples/CAT_Caterpillar_Inc/cat_2025_q3/metadata/normalized_transcript.json,sha256:80c883ad326aa8017c05dae796b4dda43e57ad5630f2a69b0e5cec9d373dd65b,safe_to_download,3,false,false,false
sha256:e64557ed3cb4b899f2daeb42a,semantic_chunk,cat_2025_q3,CAT,Caterpillar Inc.,2025 Q3,manual_local_transcript_chunk,/Users/keith/Desktop/earnings calls 100 samples/CAT_Caterpillar_Inc/cat_2025_q3/chunks/transcript/chunk_81fca90762faabac.txt,unknown,unknown,semantic_fallback,48396,50896,sha256:afbda8b53586966dc8df34306d4f193c30bdebf0f264a26f81e1f8045349878a,sha256:597ab21130092e30b6348de33b95d0506e4e93f91c109d2fd9f428cb50cb4aa9,sha256:bffe5b001482c9712a33c385e897728c6242c757c3f372d88a8bec599b0c1efe,/Users/keith/Desktop/earnings calls 100 samples/CAT_Caterpillar_Inc/cat_2025_q3/metadata/normalized_transcript.json,sha256:2deca05aee340f9f778137668f4773870da0a73d644ebed370442ff0ff9c2aba,safe_to_download,3,false,false,false
sha256:ea10323cd8177d1b40a1d2023,semantic_chunk,cat_2025_q3,CAT,Caterpillar Inc.,2025 Q3,manual_local_transcript_chunk,/Users/keith/Desktop/earnings calls 100 samples/CAT_Caterpillar_Inc/cat_2025_q3/chunks/transcript/chunk_43409ced6828b0eb.txt,unknown,unknown,semantic_fallback,50896,53396,sha256:afbda8b53586966dc8df34306d4f193c30bdebf0f264a26f81e1f8045349878a,sha256:73f0d0c5c9e574213f5fbf961e532dd90d07f2284b8d7e9d712b5ec0ceef082a,sha256:bffe5b001482c9712a33c385e897728c6242c757c3f372d88a8bec599b0c1efe,/Users/keith/Desktop/earnings calls 100 samples/CAT_Caterpillar_Inc/cat_2025_q3/metadata/normalized_transcript.json,sha256:a18f2b8783653f0189f18c1e7c36256958942e85edc334757247650ca047e251,safe_to_download,3,false,false,false
sha256:7c865f02bc0063e668df27991,semantic_chunk,cat_2025_q3,CAT,Caterpillar Inc.,2025 Q3,manual_local_transcript_chunk,/Users/keith/Desktop/earnings calls 100 samples/CAT_Caterpillar_Inc/cat_2025_q3/chunks/transcript/chunk_d0d3325963bd4d4b.txt,unknown,unknown,semantic_fallback,53396,55896,sha256:afbda8b53586966dc8df34306d4f193c30bdebf0f264a26f81e1f8045349878a,sha256:ce663ed757781e96c22153d69a689c5423d9509a05fe210263026186e48073b3,sha256:bffe5b001482c9712a33c385e897728c6242c757c3f372d88a8bec599b0c1efe,/Users/keith/Desktop/earnings calls 100 samples/CAT_Caterpillar_Inc/cat_2025_q3/metadata/normalized_transcript.json,sha256:0ec0b6977247692b9697d402d32b0a39271cdb69f3bf9a0b8402b047d685caf3,safe_to_download,3,false,false,false
sha256:0bd16a51458ed5ba04ff60e94,semantic_chunk,cat_2025_q3,CAT,Caterpillar Inc.,2025 Q3,manual_local_transcript_chunk,/Users/keith/Desktop/earnings calls 100 samples/CAT_Caterpillar_Inc/cat_2025_q3/chunks/transcript/chunk_0a140e423c2607c9.txt,unknown,unknown,semantic_fallback,55896,57321,sha256:afbda8b53586966dc8df34306d4f193c30bdebf0f264a26f81e1f8045349878a,sha256:42c09a4f134220750d1925f30e099d7357e84513aff51bbe8a6351f7217c484a,sha256:bffe5b001482c9712a33c385e897728c6242c757c3f372d88a8bec599b0c1efe,/Users/keith/Desktop/earnings calls 100 samples/CAT_Caterpillar_Inc/cat_2025_q3/metadata/normalized_transcript.json,sha256:3e9a04f5cd59f0e79b18354d125603a1f52ee1fa8b8b5ff150e55ac48efbff60,safe_to_download,3,false,false,false
sha256:0e568674ac770ea5c67d4f401,event_aligned_chunk,cat_2025_q4,CAT,Caterpillar Inc.,2025 Q4,manual_local_transcript_chunk,/Users/keith/Desktop/earnings calls 100 samples/CAT_Caterpillar_Inc/cat_2025_q4/chunks/transcript/chunk_1820a485d8ced6e9.txt,prepared_remarks,management,prepared_remarks,668,1856,sha256:23848e055532697dcade55635d015faab05dae68ebde2dc50d098383d738e6a7,sha256:f02e19e2d13782b4c4dcfd64167ed17e3dc48109de10de89973155a3b508cdb2,sha256:0a977c84256e62757d6b7f248b47dc954557ccc306f75da7c29ff9fbdafb3725,/Users/keith/Desktop/earnings calls 100 samples/CAT_Caterpillar_Inc/cat_2025_q4/metadata/normalized_transcript.json,sha256:5d5e7e2f749f0cd758da4bcb79b7669f2c2bf75f03a3e556551de5521768e519,safe_to_download,2,false,false,false
sha256:d5edaa29e18ebaee914719dcd,semantic_chunk,cat_2025_q4,CAT,Caterpillar Inc.,2025 Q4,manual_local_transcript_chunk,/Users/keith/Desktop/earnings calls 100 samples/CAT_Caterpillar_Inc/cat_2025_q4/chunks/transcript/chunk_708ce7e33d581679.txt,unknown,unknown,semantic_fallback,4356,6856,sha256:23848e055532697dcade55635d015faab05dae68ebde2dc50d098383d738e6a7,sha256:12c00c200c18c84f291bec4940fb5be98009c808911b91d64fdaec33102da201,sha256:0a977c84256e62757d6b7f248b47dc954557ccc306f75da7c29ff9fbdafb3725,/Users/keith/Desktop/earnings calls 100 samples/CAT_Caterpillar_Inc/cat_2025_q4/metadata/normalized_transcript.json,sha256:a05d7bcc5781389cfdfef6f3d979222b42a498ef20c5be145eb87577ef059d2f,safe_to_download,3,false,false,false
sha256:daa0af9fdcbe8309b30444901,semantic_chunk,cat_2025_q4,CAT,Caterpillar Inc.,2025 Q4,manual_local_transcript_chunk,/Users/keith/Desktop/earnings calls 100 samples/CAT_Caterpillar_Inc/cat_2025_q4/chunks/transcript/chunk_8a44ddd138bb63fd.txt,unknown,unknown,semantic_fallback,6856,9356,sha256:23848e055532697dcade55635d015faab05dae68ebde2dc50d098383d738e6a7,sha256:7b4bffbf3cc81afefb582c81ef378a0d69ea4fdb34347c186fcfbd8d24c54981,sha256:0a977c84256e62757d6b7f248b47dc954557ccc306f75da7c29ff9fbdafb3725,/Users/keith/Desktop/earnings calls 100 samples/CAT_Caterpillar_Inc/cat_2025_q4/metadata/normalized_transcript.json,sha256:e9e5baa21f70adf7c87679ec2969a2493caf171bf457e8885b1503369b4c31f7,safe_to_download,3,false,false,false
sha256:227196b65eefc9ea537969e6c,semantic_chunk,cat_2025_q4,CAT,Caterpillar Inc.,2025 Q4,manual_local_transcript_chunk,/Users/keith/Desktop/earnings calls 100 samples/CAT_Caterpillar_Inc/cat_2025_q4/chunks/transcript/chunk_17a2163dfb751a66.txt,unknown,unknown,semantic_fallback,9356,11856,sha256:23848e055532697dcade55635d015faab05dae68ebde2dc50d098383d738e6a7,sha256:8aee39c49fc3aa8bf66e8c6057de2df4373cba67e4f9427222b34f247e12768f,sha256:0a977c84256e62757d6b7f248b47dc954557ccc306f75da7c29ff9fbdafb3725,/Users/keith/Desktop/earnings calls 100 samples/CAT_Caterpillar_Inc/cat_2025_q4/metadata/normalized_transcript.json,sha256:75976a42dfe7d938c0d22a94865fde4ae1af7aab9bd5c365ccb23a7d4fc5be80,safe_to_download,3,false,false,false
sha256:5fc4c97aeebd337fcf39fb277,semantic_chunk,cat_2025_q4,CAT,Caterpillar Inc.,2025 Q4,manual_local_transcript_chunk,/Users/keith/Desktop/earnings calls 100 samples/CAT_Caterpillar_Inc/cat_2025_q4/chunks/transcript/chunk_1f58408080ea3b3b.txt,unknown,unknown,semantic_fallback,11856,14356,sha256:23848e055532697dcade55635d015faab05dae68ebde2dc50d098383d738e6a7,sha256:6598c132ddff58306ba324c7fffd58051cca686371798b42983d5fa354e5791a,sha256:0a977c84256e62757d6b7f248b47dc954557ccc306f75da7c29ff9fbdafb3725,/Users/keith/Desktop/earnings calls 100 samples/CAT_Caterpillar_Inc/cat_2025_q4/metadata/normalized_transcript.json,sha256:b8383d9a4393bb194b68f843194a13ff2fb1fb706cd5cd25e0b3f3d92925c9c6,safe_to_download,3,false,false,false
sha256:3031c0605a389f311fdfda1b1,semantic_chunk,cat_2025_q4,CAT,Caterpillar Inc.,2025 Q4,manual_local_transcript_chunk,/Users/keith/Desktop/earnings calls 100 samples/CAT_Caterpillar_Inc/cat_2025_q4/chunks/transcript/chunk_35566f83a791f75b.txt,unknown,unknown,semantic_fallback,14356,16856,sha256:23848e055532697dcade55635d015faab05dae68ebde2dc50d098383d738e6a7,sha256:33db72fc9582b630b6c91d099818fb00b49f2fcb8ea4421787e0584689ceee1e,sha256:0a977c84256e62757d6b7f248b47dc954557ccc306f75da7c29ff9fbdafb3725,/Users/keith/Desktop/earnings calls 100 samples/CAT_Caterpillar_Inc/cat_2025_q4/metadata/normalized_transcript.json,sha256:03bdeccd5650dfc396659bb369d3c81def837fc98a8d8a8ae7903633a9a6fe32,safe_to_download,3,false,false,false
sha256:6bf8e225d9ff61190fd228016,semantic_chunk,cat_2025_q4,CAT,Caterpillar Inc.,2025 Q4,manual_local_transcript_chunk,/Users/keith/Desktop/earnings calls 100 samples/CAT_Caterpillar_Inc/cat_2025_q4/chunks/transcript/chunk_b01ff24005df3878.txt,unknown,unknown,semantic_fallback,16856,19356,sha256:23848e055532697dcade55635d015faab05dae68ebde2dc50d098383d738e6a7,sha256:a1daa50b184bacec27cc5206983280f97e92dc4f5a69da5a3b92cada9b899e7c,sha256:0a977c84256e62757d6b7f248b47dc954557ccc306f75da7c29ff9fbdafb3725,/Users/keith/Desktop/earnings calls 100 samples/CAT_Caterpillar_Inc/cat_2025_q4/metadata/normalized_transcript.json,sha256:d7da92a4b6c726b739d588dc1f3f5594785d2a76867d5a128e4686ccb199afa6,safe_to_download,3,false,false,false
sha256:fd74e60bf80f42f411dcdd850,semantic_chunk,cat_2025_q4,CAT,Caterpillar Inc.,2025 Q4,manual_local_transcript_chunk,/Users/keith/Desktop/earnings calls 100 samples/CAT_Caterpillar_Inc/cat_2025_q4/chunks/transcript/chunk_dfde34e136302e16.txt,unknown,unknown,semantic_fallback,19356,21856,sha256:23848e055532697dcade55635d015faab05dae68ebde2dc50d098383d738e6a7,sha256:e166658655312994c877b019dc5e3e1cad1e0e5b8cacb42e65b17a2e4d31fae0,sha256:0a977c84256e62757d6b7f248b47dc954557ccc306f75da7c29ff9fbdafb3725,/Users/keith/Desktop/earnings calls 100 samples/CAT_Caterpillar_Inc/cat_2025_q4/metadata/normalized_transcript.json,sha256:d775f6b7b0f245fcdbe8ce6465bff6d85c050e8bb82c801b734985c422dced0a,safe_to_download,3,false,false,false
sha256:6cbaee3dfc29bbe106659f9ca,semantic_chunk,cat_2025_q4,CAT,Caterpillar Inc.,2025 Q4,manual_local_transcript_chunk,/Users/keith/Desktop/earnings calls 100 samples/CAT_Caterpillar_Inc/cat_2025_q4/chunks/transcript/chunk_978438d192b8746c.txt,unknown,unknown,semantic_fallback,21856,24356,sha256:23848e055532697dcade55635d015faab05dae68ebde2dc50d098383d738e6a7,sha256:2d323df048334ea967740a0ce95bb2af28d24c70c705a51bdd272f30f6a396a5,sha256:0a977c84256e62757d6b7f248b47dc954557ccc306f75da7c29ff9fbdafb3725,/Users/keith/Desktop/earnings calls 100 samples/CAT_Caterpillar_Inc/cat_2025_q4/metadata/normalized_transcript.json,sha256:084325a4af64f394b34dda2778c491a35fd989f8ddc7ac468acf014529eb33e8,safe_to_download,3,false,false,false
sha256:27c5f2c2374a76ea374953fce,semantic_chunk,cat_2025_q4,CAT,Caterpillar Inc.,2025 Q4,manual_local_transcript_chunk,/Users/keith/Desktop/earnings calls 100 samples/CAT_Caterpillar_Inc/cat_2025_q4/chunks/transcript/chunk_835572e426e9ad73.txt,unknown,unknown,semantic_fallback,24356,26856,sha256:23848e055532697dcade55635d015faab05dae68ebde2dc50d098383d738e6a7,sha256:fb0ebe70499e0db0b73c3db17d3c55bdc32e84ed06135bafe40b2361cf92cf68,sha256:0a977c84256e62757d6b7f248b47dc954557ccc306f75da7c29ff9fbdafb3725,/Users/keith/Desktop/earnings calls 100 samples/CAT_Caterpillar_Inc/cat_2025_q4/metadata/normalized_transcript.json,sha256:0e809f615ca32f7b65db035f502637299e47a6a2a4f081a8e924154ede1f3347,safe_to_download,3,false,false,false
sha256:bd2b694f0c5a039b40a9b7156,semantic_chunk,cat_2025_q4,CAT,Caterpillar Inc.,2025 Q4,manual_local_transcript_chunk,/Users/keith/Desktop/earnings calls 100 samples/CAT_Caterpillar_Inc/cat_2025_q4/chunks/transcript/chunk_7f930ea706b4c223.txt,unknown,unknown,semantic_fallback,26856,29356,sha256:23848e055532697dcade55635d015faab05dae68ebde2dc50d098383d738e6a7,sha256:c6c8fa56f8a8bdfb318367cb9daf76268d0c8a03d3db2885201f26dc4120ede4,sha256:0a977c84256e62757d6b7f248b47dc954557ccc306f75da7c29ff9fbdafb3725,/Users/keith/Desktop/earnings calls 100 samples/CAT_Caterpillar_Inc/cat_2025_q4/metadata/normalized_transcript.json,sha256:b343a593dbb355dc307a2d34e645c5ccbba764073d0b815099710b8f883f549d,safe_to_download,3,false,false,false
sha256:2bf4e65d90065de26781dc626,semantic_chunk,cat_2025_q4,CAT,Caterpillar Inc.,2025 Q4,manual_local_transcript_chunk,/Users/keith/Desktop/earnings calls 100 samples/CAT_Caterpillar_Inc/cat_2025_q4/chunks/transcript/chunk_997ad3df702b918c.txt,unknown,unknown,semantic_fallback,29356,31856,sha256:23848e055532697dcade55635d015faab05dae68ebde2dc50d098383d738e6a7,sha256:636b34402e679a3d426d9a2da1b91feab910844d13ef12751ff776566ba7d83b,sha256:0a977c84256e62757d6b7f248b47dc954557ccc306f75da7c29ff9fbdafb3725,/Users/keith/Desktop/earnings calls 100 samples/CAT_Caterpillar_Inc/cat_2025_q4/metadata/normalized_transcript.json,sha256:63e1801d27fc20d912a12beaf79a99b4d444bcf04363f9462f2f802973fcb0c3,safe_to_download,3,false,false,false
sha256:52a0a94d6f3247e9593cf6c78,semantic_chunk,cat_2025_q4,CAT,Caterpillar Inc.,2025 Q4,manual_local_transcript_chunk,/Users/keith/Desktop/earnings calls 100 samples/CAT_Caterpillar_Inc/cat_2025_q4/chunks/transcript/chunk_52b1b8fdaf74b67b.txt,unknown,unknown,semantic_fallback,31856,34356,sha256:23848e055532697dcade55635d015faab05dae68ebde2dc50d098383d738e6a7,sha256:f39141c6f3fd870406a7febd5eb61d586f870df8c680cb053a435e9e7af29b5d,sha256:0a977c84256e62757d6b7f248b47dc954557ccc306f75da7c29ff9fbdafb3725,/Users/keith/Desktop/earnings calls 100 samples/CAT_Caterpillar_Inc/cat_2025_q4/metadata/normalized_transcript.json,sha256:7adbb3557a3a519f6dc9b474da1cf6fd0aa62fe853d7dc589b983adb751d974d,safe_to_download,3,false,false,false
sha256:a66413832f7f051df5a526ac0,semantic_chunk,cat_2025_q4,CAT,Caterpillar Inc.,2025 Q4,manual_local_transcript_chunk,/Users/keith/Desktop/earnings calls 100 samples/CAT_Caterpillar_Inc/cat_2025_q4/chunks/transcript/chunk_f0816bd3af054bdf.txt,unknown,unknown,semantic_fallback,34356,34752,sha256:23848e055532697dcade55635d015faab05dae68ebde2dc50d098383d738e6a7,sha256:fd5d9b47695e61a3a5d6915ea09ae0d2e18aade87b3d64ff4b8f012dc2e83a5c,sha256:0a977c84256e62757d6b7f248b47dc954557ccc306f75da7c29ff9fbdafb3725,/Users/keith/Desktop/earnings calls 100 samples/CAT_Caterpillar_Inc/cat_2025_q4/metadata/normalized_transcript.json,sha256:4ac64dc0076d5ba7486788af7a9a98b3558aa6c55af6bcbc5d31fe5adbaec5cd,safe_to_download,3,false,false,false
sha256:97976b630c154d4deed41b776,semantic_chunk,cat_2025_q4,CAT,Caterpillar Inc.,2025 Q4,manual_local_transcript_chunk,/Users/keith/Desktop/earnings calls 100 samples/CAT_Caterpillar_Inc/cat_2025_q4/chunks/transcript/chunk_0f2211d41dd3fe01.txt,unknown,unknown,semantic_fallback,37252,39752,sha256:23848e055532697dcade55635d015faab05dae68ebde2dc50d098383d738e6a7,sha256:76fbd848abf5fcd7c94e0b3d016fa1d9811a2bf373bef9c01737728a1154c255,sha256:0a977c84256e62757d6b7f248b47dc954557ccc306f75da7c29ff9fbdafb3725,/Users/keith/Desktop/earnings calls 100 samples/CAT_Caterpillar_Inc/cat_2025_q4/metadata/normalized_transcript.json,sha256:ed158aed0889a81c61829e3bd75162861aa4ee0753b38215b206fee7dfa40a23,safe_to_download,3,false,false,false
sha256:198ada492fd0bc53299aceb99,semantic_chunk,cat_2025_q4,CAT,Caterpillar Inc.,2025 Q4,manual_local_transcript_chunk,/Users/keith/Desktop/earnings calls 100 samples/CAT_Caterpillar_Inc/cat_2025_q4/chunks/transcript/chunk_d00f93b581bda59f.txt,unknown,unknown,semantic_fallback,39752,42252,sha256:23848e055532697dcade55635d015faab05dae68ebde2dc50d098383d738e6a7,sha256:e240843cb6cc9ab1abcd34f1ec3a1fa15e48a98c65c024931ac077099a488359,sha256:0a977c84256e62757d6b7f248b47dc954557ccc306f75da7c29ff9fbdafb3725,/Users/keith/Desktop/earnings calls 100 samples/CAT_Caterpillar_Inc/cat_2025_q4/metadata/normalized_transcript.json,sha256:0561906f2cf4affb08425cdf38609066aec51b95b164b4f0d4f20a5036491fde,safe_to_download,3,false,false,false
sha256:4f3969cd0b647409139a5056a,semantic_chunk,cat_2025_q4,CAT,Caterpillar Inc.,2025 Q4,manual_local_transcript_chunk,/Users/keith/Desktop/earnings calls 100 samples/CAT_Caterpillar_Inc/cat_2025_q4/chunks/transcript/chunk_735020efd17039f2.txt,unknown,unknown,semantic_fallback,42252,44752,sha256:23848e055532697dcade55635d015faab05dae68ebde2dc50d098383d738e6a7,sha256:bc68808cf92e75ba86351ccbe9f1f0414c6bc34b9e64f599947cc3e8dc0295a1,sha256:0a977c84256e62757d6b7f248b47dc954557ccc306f75da7c29ff9fbdafb3725,/Users/keith/Desktop/earnings calls 100 samples/CAT_Caterpillar_Inc/cat_2025_q4/metadata/normalized_transcript.json,sha256:4989d9327085219095d51fa478c5b6b8c0155a0268d3e220408f558eaae02988,safe_to_download,3,false,false,false
sha256:95f5293e2c01323705a39b812,semantic_chunk,cat_2025_q4,CAT,Caterpillar Inc.,2025 Q4,manual_local_transcript_chunk,/Users/keith/Desktop/earnings calls 100 samples/CAT_Caterpillar_Inc/cat_2025_q4/chunks/transcript/chunk_94ab4917bb291901.txt,unknown,unknown,semantic_fallback,44752,47252,sha256:23848e055532697dcade55635d015faab05dae68ebde2dc50d098383d738e6a7,sha256:1bfa575fbd74cd297a652fa1c579fc57c24cff608917776e35b83caa9542335e,sha256:0a977c84256e62757d6b7f248b47dc954557ccc306f75da7c29ff9fbdafb3725,/Users/keith/Desktop/earnings calls 100 samples/CAT_Caterpillar_Inc/cat_2025_q4/metadata/normalized_transcript.json,sha256:1b8b4b1f89adce8e4e0b2025ef13b8fd2e4d9a5fa19ddaf4aed4ceac48ebaf6d,safe_to_download,3,false,false,false
sha256:c291cba20e0ab3df772b1ac70,semantic_chunk,cat_2025_q4,CAT,Caterpillar Inc.,2025 Q4,manual_local_transcript_chunk,/Users/keith/Desktop/earnings calls 100 samples/CAT_Caterpillar_Inc/cat_2025_q4/chunks/transcript/chunk_6573cd257a85c628.txt,unknown,unknown,semantic_fallback,47252,49752,sha256:23848e055532697dcade55635d015faab05dae68ebde2dc50d098383d738e6a7,sha256:12cf8699d83ccea8ddc79a0b4b81cc44e70c57195ad37c36dfc8d7effc2451e0,sha256:0a977c84256e62757d6b7f248b47dc954557ccc306f75da7c29ff9fbdafb3725,/Users/keith/Desktop/earnings calls 100 samples/CAT_Caterpillar_Inc/cat_2025_q4/metadata/normalized_transcript.json,sha256:30d30faac1e8cc32b2a2dee08ddf0d169adf9b65299a68ae517efc3dc75ab6ea,safe_to_download,3,false,false,false
sha256:e0f1e0695caa474e2a2c8389f,semantic_chunk,cat_2025_q4,CAT,Caterpillar Inc.,2025 Q4,manual_local_transcript_chunk,/Users/keith/Desktop/earnings calls 100 samples/CAT_Caterpillar_Inc/cat_2025_q4/chunks/transcript/chunk_29be6051a19a0038.txt,unknown,unknown,semantic_fallback,49752,52252,sha256:23848e055532697dcade55635d015faab05dae68ebde2dc50d098383d738e6a7,sha256:8341934ad918ebde5a4ad91b595de22dd07e975dabf759430d71fde63b688095,sha256:0a977c84256e62757d6b7f248b47dc954557ccc306f75da7c29ff9fbdafb3725,/Users/keith/Desktop/earnings calls 100 samples/CAT_Caterpillar_Inc/cat_2025_q4/metadata/normalized_transcript.json,sha256:f22ae13c89587f64c0843d1aed15753cc0660f79ff902974e03a9d8247a90648,safe_to_download,3,false,false,false
sha256:044bdc84868de0074f2a3b7e3,semantic_chunk,cat_2025_q4,CAT,Caterpillar Inc.,2025 Q4,manual_local_transcript_chunk,/Users/keith/Desktop/earnings calls 100 samples/CAT_Caterpillar_Inc/cat_2025_q4/chunks/transcript/chunk_2aceee6a61ccbba1.txt,unknown,unknown,semantic_fallback,52252,54752,sha256:23848e055532697dcade55635d015faab05dae68ebde2dc50d098383d738e6a7,sha256:4f9ee27713ebf386740e5c00b7c7f85f19ab2d9c4813f4ebd0ab74c737737961,sha256:0a977c84256e62757d6b7f248b47dc954557ccc306f75da7c29ff9fbdafb3725,/Users/keith/Desktop/earnings calls 100 samples/CAT_Caterpillar_Inc/cat_2025_q4/metadata/normalized_transcript.json,sha256:8df130ccd144a85b67fc3ff504f2883198c677bce85fb32e5b5cc0911e76bad6,safe_to_download,3,false,false,false
sha256:c509912edb4a973910cd56577,semantic_chunk,cat_2025_q4,CAT,Caterpillar Inc.,2025 Q4,manual_local_transcript_chunk,/Users/keith/Desktop/earnings calls 100 samples/CAT_Caterpillar_Inc/cat_2025_q4/chunks/transcript/chunk_00fd98edb5a3dcb2.txt,unknown,unknown,semantic_fallback,54752,57088,sha256:23848e055532697dcade55635d015faab05dae68ebde2dc50d098383d738e6a7,sha256:2f978d7453eac2fcdf3534755d47d106ef17158cda3c45914911a087c3144283,sha256:0a977c84256e62757d6b7f248b47dc954557ccc306f75da7c29ff9fbdafb3725,/Users/keith/Desktop/earnings calls 100 samples/CAT_Caterpillar_Inc/cat_2025_q4/metadata/normalized_transcript.json,sha256:30c8b6b6fd5ebe60bee578b10bf175b662fdc797d48fb0004bdb32035857c16b,safe_to_download,3,false,false,false
sha256:74935cfc9accb87608c05eb8d,semantic_chunk,f_2025_q1,F,Ford Motor Company,2025 Q1,manual_local_transcript_chunk,/Users/keith/Desktop/earnings calls 100 samples/F_Ford_Motor_Company/f_2025_q1/chunks/transcript/chunk_b7e6bbe41cff81f8.txt,unknown,unknown,semantic_fallback,3694,6194,sha256:34cfd9da1094797400fddc5cba2ba0045e3d1920723ebbd7b4628c0d07ecf32f,sha256:93966875574cff5603ab7c6e31ad495d39929a6a733dbda799716d5e96d7e3a7,sha256:ef362fc48eadfe886b4476ebd1930dab8ee0dccc73146ce53503da6c2ba271a9,/Users/keith/Desktop/earnings calls 100 samples/F_Ford_Motor_Company/f_2025_q1/metadata/normalized_transcript.json,sha256:f6b41143ce5a6ea65f385a89c4737e763ca03bd446fae0cd76e97195ae9a4664,safe_to_download,3,false,false,false
sha256:8c00f5c7fcec0ab688b24f40c,semantic_chunk,f_2025_q1,F,Ford Motor Company,2025 Q1,manual_local_transcript_chunk,/Users/keith/Desktop/earnings calls 100 samples/F_Ford_Motor_Company/f_2025_q1/chunks/transcript/chunk_a5135c933bae0737.txt,unknown,unknown,semantic_fallback,6194,8694,sha256:34cfd9da1094797400fddc5cba2ba0045e3d1920723ebbd7b4628c0d07ecf32f,sha256:7cd0721239a2385fed03c9d9d5770827de9790a2d6320bd7a1ab8f94677c6775,sha256:ef362fc48eadfe886b4476ebd1930dab8ee0dccc73146ce53503da6c2ba271a9,/Users/keith/Desktop/earnings calls 100 samples/F_Ford_Motor_Company/f_2025_q1/metadata/normalized_transcript.json,sha256:1999d30182b08bcaebdafa82a7727ab644c8571dea65d7cd0a82f150c0d99b42,safe_to_download,3,false,false,false
sha256:84bba0eb8c42734b5b051bbd6,semantic_chunk,f_2025_q1,F,Ford Motor Company,2025 Q1,manual_local_transcript_chunk,/Users/keith/Desktop/earnings calls 100 samples/F_Ford_Motor_Company/f_2025_q1/chunks/transcript/chunk_47513fe19a6dfc8b.txt,unknown,unknown,semantic_fallback,8694,11194,sha256:34cfd9da1094797400fddc5cba2ba0045e3d1920723ebbd7b4628c0d07ecf32f,sha256:88dc168d9193d42c6e8711c70c4762f4221b8198bda74cabc1528403e6812488,sha256:ef362fc48eadfe886b4476ebd1930dab8ee0dccc73146ce53503da6c2ba271a9,/Users/keith/Desktop/earnings calls 100 samples/F_Ford_Motor_Company/f_2025_q1/metadata/normalized_transcript.json,sha256:0bda6eb06669996ea7cc89d2aae1de8edd781d308e20db93ac327a8b92c8a793,safe_to_download,3,false,false,false
sha256:40ba171d86cbd40c122fc4841,semantic_chunk,f_2025_q1,F,Ford Motor Company,2025 Q1,manual_local_transcript_chunk,/Users/keith/Desktop/earnings calls 100 samples/F_Ford_Motor_Company/f_2025_q1/chunks/transcript/chunk_18a055559ff60308.txt,unknown,unknown,semantic_fallback,11194,13694,sha256:34cfd9da1094797400fddc5cba2ba0045e3d1920723ebbd7b4628c0d07ecf32f,sha256:19a7b9edc7224b16fdbf2d6450926f0834218f71b8fc72ddfb17eca57962466f,sha256:ef362fc48eadfe886b4476ebd1930dab8ee0dccc73146ce53503da6c2ba271a9,/Users/keith/Desktop/earnings calls 100 samples/F_Ford_Motor_Company/f_2025_q1/metadata/normalized_transcript.json,sha256:b66ed66238a1f0c83453d7641e7ea28b8778b79b4cfca3cc5e314af5ab1bbd9a,safe_to_download,3,false,false,false
sha256:432da67ac412692ca2f9f3af9,semantic_chunk,f_2025_q1,F,Ford Motor Company,2025 Q1,manual_local_transcript_chunk,/Users/keith/Desktop/earnings calls 100 samples/F_Ford_Motor_Company/f_2025_q1/chunks/transcript/chunk_d3c8dc9832ad6641.txt,unknown,unknown,semantic_fallback,13694,16194,sha256:34cfd9da1094797400fddc5cba2ba0045e3d1920723ebbd7b4628c0d07ecf32f,sha256:71f55d555864f777688b54115f97afb6dc9214a91b1d4a128f718c94742d0bfc,sha256:ef362fc48eadfe886b4476ebd1930dab8ee0dccc73146ce53503da6c2ba271a9,/Users/keith/Desktop/earnings calls 100 samples/F_Ford_Motor_Company/f_2025_q1/metadata/normalized_transcript.json,sha256:8f22b54949f06bfa8ce1ca96417b54de0931c110970df779e978fafd3a9419d1,safe_to_download,3,false,false,false
sha256:9f151d3a3580504623e78d2cf,semantic_chunk,f_2025_q1,F,Ford Motor Company,2025 Q1,manual_local_transcript_chunk,/Users/keith/Desktop/earnings calls 100 samples/F_Ford_Motor_Company/f_2025_q1/chunks/transcript/chunk_be677158ed28a973.txt,unknown,unknown,semantic_fallback,16194,18694,sha256:34cfd9da1094797400fddc5cba2ba0045e3d1920723ebbd7b4628c0d07ecf32f,sha256:5f15e61fd5428e24bf481e6de8571538bdb4f25cec0775660f7b6f690901e1ec,sha256:ef362fc48eadfe886b4476ebd1930dab8ee0dccc73146ce53503da6c2ba271a9,/Users/keith/Desktop/earnings calls 100 samples/F_Ford_Motor_Company/f_2025_q1/metadata/normalized_transcript.json,sha256:e6cff4c0e85af5aaee43d7edd8b03755807d55440f79f811027f73dbc60e84cb,safe_to_download,3,false,false,false
sha256:1d77cc84c3f2f75eb67b8ea5d,semantic_chunk,f_2025_q1,F,Ford Motor Company,2025 Q1,manual_local_transcript_chunk,/Users/keith/Desktop/earnings calls 100 samples/F_Ford_Motor_Company/f_2025_q1/chunks/transcript/chunk_1e2e77d80c442fde.txt,unknown,unknown,semantic_fallback,18694,21194,sha256:34cfd9da1094797400fddc5cba2ba0045e3d1920723ebbd7b4628c0d07ecf32f,sha256:3e680eaf5a324218d23c0bd299a5ed8d921ba1dc0eb6f48cb4df921e064bdf11,sha256:ef362fc48eadfe886b4476ebd1930dab8ee0dccc73146ce53503da6c2ba271a9,/Users/keith/Desktop/earnings calls 100 samples/F_Ford_Motor_Company/f_2025_q1/metadata/normalized_transcript.json,sha256:1040b09876c46b542ce992dcd05dd0e8a8d887e952c9295b0221ccf00aeac37a,safe_to_download,3,false,false,false
sha256:ab64fa9fdccd0dc274a604666,semantic_chunk,f_2025_q1,F,Ford Motor Company,2025 Q1,manual_local_transcript_chunk,/Users/keith/Desktop/earnings calls 100 samples/F_Ford_Motor_Company/f_2025_q1/chunks/transcript/chunk_5989c6817ad1ab0c.txt,unknown,unknown,semantic_fallback,21194,23694,sha256:34cfd9da1094797400fddc5cba2ba0045e3d1920723ebbd7b4628c0d07ecf32f,sha256:25b892b69c47d960958f89a9904e9dd3c599950fc05733d38745b0974c99c685,sha256:ef362fc48eadfe886b4476ebd1930dab8ee0dccc73146ce53503da6c2ba271a9,/Users/keith/Desktop/earnings calls 100 samples/F_Ford_Motor_Company/f_2025_q1/metadata/normalized_transcript.json,sha256:129858e09338662aee5a595b61137de25f5e4691b163a9666f054e08258c516c,safe_to_download,3,false,false,false
sha256:7d902ba42eee61d78c659af91,semantic_chunk,f_2025_q1,F,Ford Motor Company,2025 Q1,manual_local_transcript_chunk,/Users/keith/Desktop/earnings calls 100 samples/F_Ford_Motor_Company/f_2025_q1/chunks/transcript/chunk_22d36329697d0f58.txt,unknown,unknown,semantic_fallback,23694,26194,sha256:34cfd9da1094797400fddc5cba2ba0045e3d1920723ebbd7b4628c0d07ecf32f,sha256:74d4b2edfdab77c205741caa1f15d9526e28341cacdbd7aa8418c3cab0fed438,sha256:ef362fc48eadfe886b4476ebd1930dab8ee0dccc73146ce53503da6c2ba271a9,/Users/keith/Desktop/earnings calls 100 samples/F_Ford_Motor_Company/f_2025_q1/metadata/normalized_transcript.json,sha256:40c9d93366e2a3441a08bfa2b280585e20fca8dadabb2ca4977c3197f0a8395e,safe_to_download,3,false,false,false
sha256:bc44898697465253993cdef95,semantic_chunk,f_2025_q1,F,Ford Motor Company,2025 Q1,manual_local_transcript_chunk,/Users/keith/Desktop/earnings calls 100 samples/F_Ford_Motor_Company/f_2025_q1/chunks/transcript/chunk_be398ad45d095219.txt,unknown,unknown,semantic_fallback,26194,28694,sha256:34cfd9da1094797400fddc5cba2ba0045e3d1920723ebbd7b4628c0d07ecf32f,sha256:9448d7ffba52fd04c4966ed961425bce91cdd58d386fa7dc2cec6dbad1804894,sha256:ef362fc48eadfe886b4476ebd1930dab8ee0dccc73146ce53503da6c2ba271a9,/Users/keith/Desktop/earnings calls 100 samples/F_Ford_Motor_Company/f_2025_q1/metadata/normalized_transcript.json,sha256:3857e09a38ec5a5451c6cf9cdcda447f0c5e2df4eb0289df5aa31528ef223d46,safe_to_download,3,false,false,false
sha256:60a41c003f3a2a0baae524c73,semantic_chunk,f_2025_q1,F,Ford Motor Company,2025 Q1,manual_local_transcript_chunk,/Users/keith/Desktop/earnings calls 100 samples/F_Ford_Motor_Company/f_2025_q1/chunks/transcript/chunk_dd2b61fdb59067dd.txt,unknown,unknown,semantic_fallback,28694,31194,sha256:34cfd9da1094797400fddc5cba2ba0045e3d1920723ebbd7b4628c0d07ecf32f,sha256:f3858ef9cd3b8466fa06cc90d7a2a24ae082f536cebbd41d67473b72c02da422,sha256:ef362fc48eadfe886b4476ebd1930dab8ee0dccc73146ce53503da6c2ba271a9,/Users/keith/Desktop/earnings calls 100 samples/F_Ford_Motor_Company/f_2025_q1/metadata/normalized_transcript.json,sha256:7df17b0718e290710368819ba52447bdd1f1146b92ad3e0ac2076f3bfccf93c5,safe_to_download,3,false,false,false
sha256:b8800c5f7359c3292a559be7c,semantic_chunk,f_2025_q1,F,Ford Motor Company,2025 Q1,manual_local_transcript_chunk,/Users/keith/Desktop/earnings calls 100 samples/F_Ford_Motor_Company/f_2025_q1/chunks/transcript/chunk_4ea49eae83805f55.txt,unknown,unknown,semantic_fallback,31194,33694,sha256:34cfd9da1094797400fddc5cba2ba0045e3d1920723ebbd7b4628c0d07ecf32f,sha256:c7f4c5457140eaa45bb6b0cb1c8df3d4e0bb4626e5d3548f5487f71ddf04de66,sha256:ef362fc48eadfe886b4476ebd1930dab8ee0dccc73146ce53503da6c2ba271a9,/Users/keith/Desktop/earnings calls 100 samples/F_Ford_Motor_Company/f_2025_q1/metadata/normalized_transcript.json,sha256:fda7c229956cb9b9ec6a58744e329df091cfbad41c124b39c25a1c617a9f017b,safe_to_download,3,false,false,false
sha256:f102462084af09a47098771bf,semantic_chunk,f_2025_q1,F,Ford Motor Company,2025 Q1,manual_local_transcript_chunk,/Users/keith/Desktop/earnings calls 100 samples/F_Ford_Motor_Company/f_2025_q1/chunks/transcript/chunk_e05a0d933efec971.txt,unknown,unknown,semantic_fallback,33694,36194,sha256:34cfd9da1094797400fddc5cba2ba0045e3d1920723ebbd7b4628c0d07ecf32f,sha256:cd626eb5dfd68c4be3c629f979a6b22992779e61883b25214731edf1d8ecf77c,sha256:ef362fc48eadfe886b4476ebd1930dab8ee0dccc73146ce53503da6c2ba271a9,/Users/keith/Desktop/earnings calls 100 samples/F_Ford_Motor_Company/f_2025_q1/metadata/normalized_transcript.json,sha256:01ee32e93f15778bd65cd1b1af756868b8ff48eb88265a56a3440f30e6f62212,safe_to_download,3,false,false,false
sha256:f62188a9badce9186e24decf8,semantic_chunk,f_2025_q1,F,Ford Motor Company,2025 Q1,manual_local_transcript_chunk,/Users/keith/Desktop/earnings calls 100 samples/F_Ford_Motor_Company/f_2025_q1/chunks/transcript/chunk_1d51208c383719a5.txt,unknown,unknown,semantic_fallback,36194,38694,sha256:34cfd9da1094797400fddc5cba2ba0045e3d1920723ebbd7b4628c0d07ecf32f,sha256:cc34486a9e45f13240689f7efd2e037114ee13b2f046762d6982b60eae6a05d2,sha256:ef362fc48eadfe886b4476ebd1930dab8ee0dccc73146ce53503da6c2ba271a9,/Users/keith/Desktop/earnings calls 100 samples/F_Ford_Motor_Company/f_2025_q1/metadata/normalized_transcript.json,sha256:58c4b25bd5ff54afeea3dc3b00f4f834a43e08a8b92602a7d3c3f2395ebbd38d,safe_to_download,3,false,false,false
sha256:bcc8af83b16d4bbce63cdbfe3,semantic_chunk,f_2025_q1,F,Ford Motor Company,2025 Q1,manual_local_transcript_chunk,/Users/keith/Desktop/earnings calls 100 samples/F_Ford_Motor_Company/f_2025_q1/chunks/transcript/chunk_548147eddb0b19e5.txt,unknown,unknown,semantic_fallback,38694,41194,sha256:34cfd9da1094797400fddc5cba2ba0045e3d1920723ebbd7b4628c0d07ecf32f,sha256:a238521f3199432eb292cc5a5a585649ecb068eff306d8cc265edcb19aee47f1,sha256:ef362fc48eadfe886b4476ebd1930dab8ee0dccc73146ce53503da6c2ba271a9,/Users/keith/Desktop/earnings calls 100 samples/F_Ford_Motor_Company/f_2025_q1/metadata/normalized_transcript.json,sha256:a8a54bb1d4b22203518479b597b35a7bb6efe1e8172816d46940f7153c835b19,safe_to_download,3,false,false,false
sha256:e3b0f01cacd471321fdf70430,semantic_chunk,f_2025_q1,F,Ford Motor Company,2025 Q1,manual_local_transcript_chunk,/Users/keith/Desktop/earnings calls 100 samples/F_Ford_Motor_Company/f_2025_q1/chunks/transcript/chunk_b6d404f50b5ce342.txt,unknown,unknown,semantic_fallback,41194,43694,sha256:34cfd9da1094797400fddc5cba2ba0045e3d1920723ebbd7b4628c0d07ecf32f,sha256:cc03009100f20c472479c7b64b607359fcf93aaf745f76215f92b0680dd64ec6,sha256:ef362fc48eadfe886b4476ebd1930dab8ee0dccc73146ce53503da6c2ba271a9,/Users/keith/Desktop/earnings calls 100 samples/F_Ford_Motor_Company/f_2025_q1/metadata/normalized_transcript.json,sha256:927e28464bbb58d333b0ee394af0e13c585a1ed945550cc0b4c602462844c946,safe_to_download,3,false,false,false
sha256:f17b8d356591fabf325ee8c12,semantic_chunk,f_2025_q1,F,Ford Motor Company,2025 Q1,manual_local_transcript_chunk,/Users/keith/Desktop/earnings calls 100 samples/F_Ford_Motor_Company/f_2025_q1/chunks/transcript/chunk_2ffa0b4abfa01777.txt,unknown,unknown,semantic_fallback,43694,46167,sha256:34cfd9da1094797400fddc5cba2ba0045e3d1920723ebbd7b4628c0d07ecf32f,sha256:b81018c51edbf273584b69589b7a00cb21fd0b7248dc0a0b9ddfa239f554a053,sha256:ef362fc48eadfe886b4476ebd1930dab8ee0dccc73146ce53503da6c2ba271a9,/Users/keith/Desktop/earnings calls 100 samples/F_Ford_Motor_Company/f_2025_q1/metadata/normalized_transcript.json,sha256:8435cccf7d136ec9373cdf8c3416d6a5fd1baf650265b8de7a1fbc463a0f0001,safe_to_download,3,false,false,false
sha256:051d48f1b4ad7c0687e53f9e4,event_aligned_chunk,f_2025_q1,F,Ford Motor Company,2025 Q1,manual_local_transcript_chunk,/Users/keith/Desktop/earnings calls 100 samples/F_Ford_Motor_Company/f_2025_q1/chunks/transcript/chunk_ce5ae796123f6b93.txt,prepared_remarks,management,prepared_remarks,46167,48667,sha256:34cfd9da1094797400fddc5cba2ba0045e3d1920723ebbd7b4628c0d07ecf32f,sha256:0a709d3c5c0a00dbc9baa5e0f5397d821f979a41b27c911e2bfb3b244d0c5e4a,sha256:ef362fc48eadfe886b4476ebd1930dab8ee0dccc73146ce53503da6c2ba271a9,/Users/keith/Desktop/earnings calls 100 samples/F_Ford_Motor_Company/f_2025_q1/metadata/normalized_transcript.json,sha256:5d37b26aa9b4db4917af1c0bd86f3ba9b02f0370fdb86dd78e56f185b42e95e9,safe_to_download,2,false,false,false
sha256:057ebe675051de5b6aa147d88,event_aligned_chunk,f_2025_q1,F,Ford Motor Company,2025 Q1,manual_local_transcript_chunk,/Users/keith/Desktop/earnings calls 100 samples/F_Ford_Motor_Company/f_2025_q1/chunks/transcript/chunk_9b4ade2607aaefb1.txt,prepared_remarks,management,prepared_remarks,48667,51167,sha256:34cfd9da1094797400fddc5cba2ba0045e3d1920723ebbd7b4628c0d07ecf32f,sha256:fceafc0261aebbd70a15a1fa81f0c800c21d659a7b5649ef2790827be02f53ca,sha256:ef362fc48eadfe886b4476ebd1930dab8ee0dccc73146ce53503da6c2ba271a9,/Users/keith/Desktop/earnings calls 100 samples/F_Ford_Motor_Company/f_2025_q1/metadata/normalized_transcript.json,sha256:495b6130e112478fcb3d33e9a0b2fcf00650fa6c61fad7b4173c7a66df6db88d,safe_to_download,2,false,false,false
sha256:3e522b42086c512f0544c2358,event_aligned_chunk,f_2025_q1,F,Ford Motor Company,2025 Q1,manual_local_transcript_chunk,/Users/keith/Desktop/earnings calls 100 samples/F_Ford_Motor_Company/f_2025_q1/chunks/transcript/chunk_639d047f6bc53757.txt,prepared_remarks,management,prepared_remarks,51167,53366,sha256:34cfd9da1094797400fddc5cba2ba0045e3d1920723ebbd7b4628c0d07ecf32f,sha256:f4c38d931cbf736a504fc3e12d24d05883999e0ab868365af0e8808a04b94b52,sha256:ef362fc48eadfe886b4476ebd1930dab8ee0dccc73146ce53503da6c2ba271a9,/Users/keith/Desktop/earnings calls 100 samples/F_Ford_Motor_Company/f_2025_q1/metadata/normalized_transcript.json,sha256:b404cea4b4714284b154e58db0ae68ddd568842ba956a499ad05f71f306484ed,safe_to_download,2,false,false,false
sha256:07c38028e319a1aec8cc54136,event_aligned_chunk,f_2025_q2,F,Ford Motor Company,2025 Q2,manual_local_transcript_chunk,/Users/keith/Desktop/earnings calls 100 samples/F_Ford_Motor_Company/f_2025_q2/chunks/transcript/chunk_bd4a5c9eb01b8d5e.txt,prepared_remarks,management,prepared_remarks,498,577,sha256:662151de52eb9e609340c9fd5d3be599b04744074ddd4639e58d33d76ac5ff33,sha256:24bb0dc066e9a780f8579602b11b9a52dd3f097cd2a22f80dfcb0916286f8907,sha256:8f1a9695d41a365f15799204ece0919eba88660dae4215933a1b77f974d0fd2b,/Users/keith/Desktop/earnings calls 100 samples/F_Ford_Motor_Company/f_2025_q2/metadata/normalized_transcript.json,sha256:fe9bb3b83d17c8afe7ed08f2d3a7452fda53ad35f277ddd1916517bff5a669af,safe_to_download,2,false,false,false
sha256:5bd7e714a77066d15839ecbc5,semantic_chunk,f_2025_q2,F,Ford Motor Company,2025 Q2,manual_local_transcript_chunk,/Users/keith/Desktop/earnings calls 100 samples/F_Ford_Motor_Company/f_2025_q2/chunks/transcript/chunk_1ab52bd5e207a97f.txt,unknown,unknown,semantic_fallback,4508,7008,sha256:662151de52eb9e609340c9fd5d3be599b04744074ddd4639e58d33d76ac5ff33,sha256:8945edfa8cb3a9d3e4ca0ad778bb89eee29ba3184d3c0df929b426ca20f231cd,sha256:8f1a9695d41a365f15799204ece0919eba88660dae4215933a1b77f974d0fd2b,/Users/keith/Desktop/earnings calls 100 samples/F_Ford_Motor_Company/f_2025_q2/metadata/normalized_transcript.json,sha256:9215f55d2930116330b55a63a286d5d0265f901808dc5365967e07cefc62bf0e,safe_to_download,3,false,false,false
sha256:c4813404e2b3a5856deb35ce3,semantic_chunk,f_2025_q2,F,Ford Motor Company,2025 Q2,manual_local_transcript_chunk,/Users/keith/Desktop/earnings calls 100 samples/F_Ford_Motor_Company/f_2025_q2/chunks/transcript/chunk_6bffd36b4a035f21.txt,unknown,unknown,semantic_fallback,7008,9508,sha256:662151de52eb9e609340c9fd5d3be599b04744074ddd4639e58d33d76ac5ff33,sha256:3e1366d012cc2405cfa4da74e863dc0083a7a4e1673cdb7cfbcd84aadd18ae38,sha256:8f1a9695d41a365f15799204ece0919eba88660dae4215933a1b77f974d0fd2b,/Users/keith/Desktop/earnings calls 100 samples/F_Ford_Motor_Company/f_2025_q2/metadata/normalized_transcript.json,sha256:f127a482fe233075a6be677c37e858fdc159e43838914b2d4b587ecdf4f72086,safe_to_download,3,false,false,false
sha256:19f7fd11a3d53e4b76644b5a8,semantic_chunk,f_2025_q2,F,Ford Motor Company,2025 Q2,manual_local_transcript_chunk,/Users/keith/Desktop/earnings calls 100 samples/F_Ford_Motor_Company/f_2025_q2/chunks/transcript/chunk_f761f51135c6d973.txt,unknown,unknown,semantic_fallback,9508,12008,sha256:662151de52eb9e609340c9fd5d3be599b04744074ddd4639e58d33d76ac5ff33,sha256:548330f59459b3ab0ebca89925c9928e45cd77d88a567471f1a90dd109a5a480,sha256:8f1a9695d41a365f15799204ece0919eba88660dae4215933a1b77f974d0fd2b,/Users/keith/Desktop/earnings calls 100 samples/F_Ford_Motor_Company/f_2025_q2/metadata/normalized_transcript.json,sha256:b2da4348bd26351cfa4ae5cd7bf06674f34923a2e0856b99636afb60fc25e793,safe_to_download,3,false,false,false
sha256:7d8869509633e69147ef732b3,semantic_chunk,f_2025_q2,F,Ford Motor Company,2025 Q2,manual_local_transcript_chunk,/Users/keith/Desktop/earnings calls 100 samples/F_Ford_Motor_Company/f_2025_q2/chunks/transcript/chunk_f05fdfad91275ef1.txt,unknown,unknown,semantic_fallback,12008,14508,sha256:662151de52eb9e609340c9fd5d3be599b04744074ddd4639e58d33d76ac5ff33,sha256:9211b350c1318f91091c4ae163238373129ca199d12ae451b43c7e9ade48a96d,sha256:8f1a9695d41a365f15799204ece0919eba88660dae4215933a1b77f974d0fd2b,/Users/keith/Desktop/earnings calls 100 samples/F_Ford_Motor_Company/f_2025_q2/metadata/normalized_transcript.json,sha256:00b75ca3b28e4c235725a5a56ad6d18ed2355ebb8e2c09f01d2838c096ceff84,safe_to_download,3,false,false,false
sha256:7e7dd3b53c20c8b32076babc6,semantic_chunk,f_2025_q2,F,Ford Motor Company,2025 Q2,manual_local_transcript_chunk,/Users/keith/Desktop/earnings calls 100 samples/F_Ford_Motor_Company/f_2025_q2/chunks/transcript/chunk_6ee5e06e35e0eec8.txt,unknown,unknown,semantic_fallback,14508,17008,sha256:662151de52eb9e609340c9fd5d3be599b04744074ddd4639e58d33d76ac5ff33,sha256:518e65939bcd92d9038b542d16be84c8f2a4f43beb829a4ec7516c177706d7fe,sha256:8f1a9695d41a365f15799204ece0919eba88660dae4215933a1b77f974d0fd2b,/Users/keith/Desktop/earnings calls 100 samples/F_Ford_Motor_Company/f_2025_q2/metadata/normalized_transcript.json,sha256:5b809af518a6da000e6a77f69036ee54dc0a3127fd443aaa03fe14af4f7a9d93,safe_to_download,3,false,false,false
sha256:187163491d6cb2e2a6cbf4f25,semantic_chunk,f_2025_q2,F,Ford Motor Company,2025 Q2,manual_local_transcript_chunk,/Users/keith/Desktop/earnings calls 100 samples/F_Ford_Motor_Company/f_2025_q2/chunks/transcript/chunk_2b445495871af939.txt,unknown,unknown,semantic_fallback,17008,19508,sha256:662151de52eb9e609340c9fd5d3be599b04744074ddd4639e58d33d76ac5ff33,sha256:d8fdbaf3df716a3e30d8b6a36598745fd912c8f6c9ed95604f98d3e3ee50e970,sha256:8f1a9695d41a365f15799204ece0919eba88660dae4215933a1b77f974d0fd2b,/Users/keith/Desktop/earnings calls 100 samples/F_Ford_Motor_Company/f_2025_q2/metadata/normalized_transcript.json,sha256:e2c9a15d10ed8f0d8a37ed34435c503724cf06e41f576f0d3d8360e6f6057e0a,safe_to_download,3,false,false,false
sha256:49952c0dcdadd397444c22f42,semantic_chunk,f_2025_q2,F,Ford Motor Company,2025 Q2,manual_local_transcript_chunk,/Users/keith/Desktop/earnings calls 100 samples/F_Ford_Motor_Company/f_2025_q2/chunks/transcript/chunk_c8bbda459aff2b3c.txt,unknown,unknown,semantic_fallback,19508,22008,sha256:662151de52eb9e609340c9fd5d3be599b04744074ddd4639e58d33d76ac5ff33,sha256:747a7fd90e43aa9239f6233d687ed4d1ab473acab495576bed566af022ec13a0,sha256:8f1a9695d41a365f15799204ece0919eba88660dae4215933a1b77f974d0fd2b,/Users/keith/Desktop/earnings calls 100 samples/F_Ford_Motor_Company/f_2025_q2/metadata/normalized_transcript.json,sha256:590a24493ee2bc0a9d531dd68575370f4f774e116e83c1a506fe5eb249b46b00,safe_to_download,3,false,false,false
sha256:94d613ac5776f82e124f5aff1,semantic_chunk,f_2025_q2,F,Ford Motor Company,2025 Q2,manual_local_transcript_chunk,/Users/keith/Desktop/earnings calls 100 samples/F_Ford_Motor_Company/f_2025_q2/chunks/transcript/chunk_d1eb35a00b37c3b4.txt,unknown,unknown,semantic_fallback,22008,24508,sha256:662151de52eb9e609340c9fd5d3be599b04744074ddd4639e58d33d76ac5ff33,sha256:4f7876116df96d3fed9e842d8733982b43d75e4f32f6f518979074ab6ab9d3ac,sha256:8f1a9695d41a365f15799204ece0919eba88660dae4215933a1b77f974d0fd2b,/Users/keith/Desktop/earnings calls 100 samples/F_Ford_Motor_Company/f_2025_q2/metadata/normalized_transcript.json,sha256:fe225440aaeda96ea62b6ef94e94e98df5ca68b07fbfe846b4bde983deaa5038,safe_to_download,3,false,false,false
sha256:357754f396de2aecf390fec10,semantic_chunk,f_2025_q2,F,Ford Motor Company,2025 Q2,manual_local_transcript_chunk,/Users/keith/Desktop/earnings calls 100 samples/F_Ford_Motor_Company/f_2025_q2/chunks/transcript/chunk_67a1e8d9acd0c40c.txt,unknown,unknown,semantic_fallback,24508,27008,sha256:662151de52eb9e609340c9fd5d3be599b04744074ddd4639e58d33d76ac5ff33,sha256:ea830430de723a83ac16767f416e3c1824e94713d8404b7f1c1a54be24fd2771,sha256:8f1a9695d41a365f15799204ece0919eba88660dae4215933a1b77f974d0fd2b,/Users/keith/Desktop/earnings calls 100 samples/F_Ford_Motor_Company/f_2025_q2/metadata/normalized_transcript.json,sha256:1aacfeb13911bfead0cc53bf38bd999eca8656dccb506fcd05e51f29b360f362,safe_to_download,3,false,false,false
sha256:46c967ab39f70505e3ba67c2d,semantic_chunk,f_2025_q2,F,Ford Motor Company,2025 Q2,manual_local_transcript_chunk,/Users/keith/Desktop/earnings calls 100 samples/F_Ford_Motor_Company/f_2025_q2/chunks/transcript/chunk_c6e8d7ddfe6c4d53.txt,unknown,unknown,semantic_fallback,27008,29508,sha256:662151de52eb9e609340c9fd5d3be599b04744074ddd4639e58d33d76ac5ff33,sha256:f2853f4c142da71205a120392e5056a70a5201e89fe200f6f33542cb11f0b1c8,sha256:8f1a9695d41a365f15799204ece0919eba88660dae4215933a1b77f974d0fd2b,/Users/keith/Desktop/earnings calls 100 samples/F_Ford_Motor_Company/f_2025_q2/metadata/normalized_transcript.json,sha256:dae93bd76f4bdfeb0c8cbf4e181acb3a7fc8ab89d273234d62f9a4027bbb22ee,safe_to_download,3,false,false,false
sha256:102f87d9025ded1198baf6814,semantic_chunk,f_2025_q2,F,Ford Motor Company,2025 Q2,manual_local_transcript_chunk,/Users/keith/Desktop/earnings calls 100 samples/F_Ford_Motor_Company/f_2025_q2/chunks/transcript/chunk_ff36f35f76775743.txt,unknown,unknown,semantic_fallback,29508,32008,sha256:662151de52eb9e609340c9fd5d3be599b04744074ddd4639e58d33d76ac5ff33,sha256:6463178929f3615d5b2520636c3158e6fc61efd58017b3da7da996dee2da595c,sha256:8f1a9695d41a365f15799204ece0919eba88660dae4215933a1b77f974d0fd2b,/Users/keith/Desktop/earnings calls 100 samples/F_Ford_Motor_Company/f_2025_q2/metadata/normalized_transcript.json,sha256:b50fcb8b0c9594a1cee69bf032393b9ad8d47d0c839473f2c81b4989e9dff229,safe_to_download,3,false,false,false
sha256:e13f333919309906251d8131a,semantic_chunk,f_2025_q2,F,Ford Motor Company,2025 Q2,manual_local_transcript_chunk,/Users/keith/Desktop/earnings calls 100 samples/F_Ford_Motor_Company/f_2025_q2/chunks/transcript/chunk_10bab2f6580b7d30.txt,unknown,unknown,semantic_fallback,32008,34508,sha256:662151de52eb9e609340c9fd5d3be599b04744074ddd4639e58d33d76ac5ff33,sha256:d250c01d9c5ec5af94cfacb9d4899b5f2724ca96963e4b07ee91847101017d31,sha256:8f1a9695d41a365f15799204ece0919eba88660dae4215933a1b77f974d0fd2b,/Users/keith/Desktop/earnings calls 100 samples/F_Ford_Motor_Company/f_2025_q2/metadata/normalized_transcript.json,sha256:8780c04d7f67f5f9ec2ab5a3694689c54ed6a1b0ce192842edec81d3468427df,safe_to_download,3,false,false,false
sha256:df3c807bcfa8b5a486c6a02bd,semantic_chunk,f_2025_q2,F,Ford Motor Company,2025 Q2,manual_local_transcript_chunk,/Users/keith/Desktop/earnings calls 100 samples/F_Ford_Motor_Company/f_2025_q2/chunks/transcript/chunk_39bdff1bf448303b.txt,unknown,unknown,semantic_fallback,34508,37008,sha256:662151de52eb9e609340c9fd5d3be599b04744074ddd4639e58d33d76ac5ff33,sha256:74dfb2366838c3acc868bae1dab3dfae5a11b702c36fef4617d7e184ddef044b,sha256:8f1a9695d41a365f15799204ece0919eba88660dae4215933a1b77f974d0fd2b,/Users/keith/Desktop/earnings calls 100 samples/F_Ford_Motor_Company/f_2025_q2/metadata/normalized_transcript.json,sha256:22608f86286d2c1ebf7a06b79f2ebe71922e11238e59e5f2be0cc4a5edd3fa53,safe_to_download,3,false,false,false
sha256:a9187b555a798dcaaa13a1e2f,semantic_chunk,f_2025_q2,F,Ford Motor Company,2025 Q2,manual_local_transcript_chunk,/Users/keith/Desktop/earnings calls 100 samples/F_Ford_Motor_Company/f_2025_q2/chunks/transcript/chunk_c853e6b10e7809ef.txt,unknown,unknown,semantic_fallback,37008,39508,sha256:662151de52eb9e609340c9fd5d3be599b04744074ddd4639e58d33d76ac5ff33,sha256:7afd3f939473c31281586dbeb53f343a420da90b082260e25483680d52301511,sha256:8f1a9695d41a365f15799204ece0919eba88660dae4215933a1b77f974d0fd2b,/Users/keith/Desktop/earnings calls 100 samples/F_Ford_Motor_Company/f_2025_q2/metadata/normalized_transcript.json,sha256:26c3b36a7d244cf4d0fd49e164451174259e441a7e65390f89721d959ea6e5ec,safe_to_download,3,false,false,false
sha256:95f48576391acdd6f776f3c45,semantic_chunk,f_2025_q2,F,Ford Motor Company,2025 Q2,manual_local_transcript_chunk,/Users/keith/Desktop/earnings calls 100 samples/F_Ford_Motor_Company/f_2025_q2/chunks/transcript/chunk_53222897b238c4ab.txt,unknown,unknown,semantic_fallback,39508,42008,sha256:662151de52eb9e609340c9fd5d3be599b04744074ddd4639e58d33d76ac5ff33,sha256:07048d6efcbc78b3507453af2e99289182d2ff4abf36df72dc19ed9418bfb24a,sha256:8f1a9695d41a365f15799204ece0919eba88660dae4215933a1b77f974d0fd2b,/Users/keith/Desktop/earnings calls 100 samples/F_Ford_Motor_Company/f_2025_q2/metadata/normalized_transcript.json,sha256:5ae2d3fb6a5f3be5dc6571bd72a34e89d1444741e499714a96984f42513f7bfb,safe_to_download,3,false,false,false
sha256:c6912c865dcf6380f79eee8fd,semantic_chunk,f_2025_q2,F,Ford Motor Company,2025 Q2,manual_local_transcript_chunk,/Users/keith/Desktop/earnings calls 100 samples/F_Ford_Motor_Company/f_2025_q2/chunks/transcript/chunk_cc803f8f5185f5cf.txt,unknown,unknown,semantic_fallback,42008,44508,sha256:662151de52eb9e609340c9fd5d3be599b04744074ddd4639e58d33d76ac5ff33,sha256:39f87405a72c895dc21752402aaa9c1283ec4eda27122cd6e1d0b23b0532fb91,sha256:8f1a9695d41a365f15799204ece0919eba88660dae4215933a1b77f974d0fd2b,/Users/keith/Desktop/earnings calls 100 samples/F_Ford_Motor_Company/f_2025_q2/metadata/normalized_transcript.json,sha256:09bd0ac80f92755ceb184b6dfe42eba5514ef54cf161e46ec3294818294f9f28,safe_to_download,3,false,false,false
sha256:82980affe5b1c2b5e3fd5d42a,semantic_chunk,f_2025_q2,F,Ford Motor Company,2025 Q2,manual_local_transcript_chunk,/Users/keith/Desktop/earnings calls 100 samples/F_Ford_Motor_Company/f_2025_q2/chunks/transcript/chunk_10186d83ed921200.txt,unknown,unknown,semantic_fallback,44508,47008,sha256:662151de52eb9e609340c9fd5d3be599b04744074ddd4639e58d33d76ac5ff33,sha256:c4da33c61b3dfca2a9608525386b36eae2c54cf44466513498ac6ceef13178c9,sha256:8f1a9695d41a365f15799204ece0919eba88660dae4215933a1b77f974d0fd2b,/Users/keith/Desktop/earnings calls 100 samples/F_Ford_Motor_Company/f_2025_q2/metadata/normalized_transcript.json,sha256:56fd88491429cb99182defd5ce22a0d6161ec193704d4da0aa198e868c3fe846,safe_to_download,3,false,false,false
sha256:845daf46567d6e7da96df73f3,semantic_chunk,f_2025_q2,F,Ford Motor Company,2025 Q2,manual_local_transcript_chunk,/Users/keith/Desktop/earnings calls 100 samples/F_Ford_Motor_Company/f_2025_q2/chunks/transcript/chunk_d91130873ce398e2.txt,unknown,unknown,semantic_fallback,47008,49508,sha256:662151de52eb9e609340c9fd5d3be599b04744074ddd4639e58d33d76ac5ff33,sha256:2773def8bcddd301a5ba81a6550bea4c63982845a5018e1ae137be031c6c1c65,sha256:8f1a9695d41a365f15799204ece0919eba88660dae4215933a1b77f974d0fd2b,/Users/keith/Desktop/earnings calls 100 samples/F_Ford_Motor_Company/f_2025_q2/metadata/normalized_transcript.json,sha256:a7ca25efb08f76714f8be4578c620ef422e943feb2dff1a6ba783d38933f1938,safe_to_download,3,false,false,false
sha256:523e96324c0be8bc946e3a197,semantic_chunk,f_2025_q2,F,Ford Motor Company,2025 Q2,manual_local_transcript_chunk,/Users/keith/Desktop/earnings calls 100 samples/F_Ford_Motor_Company/f_2025_q2/chunks/transcript/chunk_b382b99dbb753f63.txt,unknown,unknown,semantic_fallback,49508,52008,sha256:662151de52eb9e609340c9fd5d3be599b04744074ddd4639e58d33d76ac5ff33,sha256:4f64b6aabbb8801c7987545d4957209ef7dea2265039b676790ee431fed8475b,sha256:8f1a9695d41a365f15799204ece0919eba88660dae4215933a1b77f974d0fd2b,/Users/keith/Desktop/earnings calls 100 samples/F_Ford_Motor_Company/f_2025_q2/metadata/normalized_transcript.json,sha256:5a1b8159582d292af8fe77e83499afd7a3350157cc75061bbb2d9a3e01c4bc7e,safe_to_download,3,false,false,false
sha256:1da97e71affb727b9cd876536,semantic_chunk,f_2025_q2,F,Ford Motor Company,2025 Q2,manual_local_transcript_chunk,/Users/keith/Desktop/earnings calls 100 samples/F_Ford_Motor_Company/f_2025_q2/chunks/transcript/chunk_48048082fef36248.txt,unknown,unknown,semantic_fallback,52008,53571,sha256:662151de52eb9e609340c9fd5d3be599b04744074ddd4639e58d33d76ac5ff33,sha256:155ebe925837370aef159d611e90db54ae2dc119cad04494f05b778a03e4f210,sha256:8f1a9695d41a365f15799204ece0919eba88660dae4215933a1b77f974d0fd2b,/Users/keith/Desktop/earnings calls 100 samples/F_Ford_Motor_Company/f_2025_q2/metadata/normalized_transcript.json,sha256:a5b02ad15b27d876418c53a221e7da7a1c747ce405ffe190746a7423706137a8,safe_to_download,3,false,false,false
sha256:2c5e71218c8eda81385dd8928,event_aligned_chunk,f_2025_q3,F,Ford Motor Company,2025 Q3,manual_local_transcript_chunk,/Users/keith/Desktop/earnings calls 100 samples/F_Ford_Motor_Company/f_2025_q3/chunks/transcript/chunk_6ec77c7dcbbc5022.txt,prepared_remarks,management,prepared_remarks,512,593,sha256:5b3393c074a51daa3637666422a20f61de9eff73d1bbacbf1802cc00b6f89b18,sha256:e37ed7c21120172f22ccbd9f0bd393725e007a55f44341b7bd61c6bd36d803cd,sha256:863d2faae86b94e2d80a6e0e483514f50823959cd02abd2ddc026acb4b6dcaea,/Users/keith/Desktop/earnings calls 100 samples/F_Ford_Motor_Company/f_2025_q3/metadata/normalized_transcript.json,sha256:d896f71f1048e5d0022f244308fa2d476066680dbfc4a0d768bc318b5a7cfb52,safe_to_download,2,false,false,false
sha256:16eb3809939ada52ecff16f9c,semantic_chunk,f_2025_q3,F,Ford Motor Company,2025 Q3,manual_local_transcript_chunk,/Users/keith/Desktop/earnings calls 100 samples/F_Ford_Motor_Company/f_2025_q3/chunks/transcript/chunk_a2a21e3dd0fb05d7.txt,unknown,unknown,semantic_fallback,4402,6902,sha256:5b3393c074a51daa3637666422a20f61de9eff73d1bbacbf1802cc00b6f89b18,sha256:9a1ebd2cfe2ff9a6b13a5581fb839bcc78e2fa4bbf067cc3cb2230466c73db18,sha256:863d2faae86b94e2d80a6e0e483514f50823959cd02abd2ddc026acb4b6dcaea,/Users/keith/Desktop/earnings calls 100 samples/F_Ford_Motor_Company/f_2025_q3/metadata/normalized_transcript.json,sha256:582aa92dd6b91d68cb3e7e88e2fcce182853e62cc9ca0ecabf6bbbe080f88472,safe_to_download,3,false,false,false
sha256:fc07b893d50a04575d8720588,semantic_chunk,f_2025_q3,F,Ford Motor Company,2025 Q3,manual_local_transcript_chunk,/Users/keith/Desktop/earnings calls 100 samples/F_Ford_Motor_Company/f_2025_q3/chunks/transcript/chunk_15def6f0c2c8588b.txt,unknown,unknown,semantic_fallback,6902,9402,sha256:5b3393c074a51daa3637666422a20f61de9eff73d1bbacbf1802cc00b6f89b18,sha256:c793f7a8f172f3e652db7d39960f3ea08ff0999d366524ce58dec625c4d5d68b,sha256:863d2faae86b94e2d80a6e0e483514f50823959cd02abd2ddc026acb4b6dcaea,/Users/keith/Desktop/earnings calls 100 samples/F_Ford_Motor_Company/f_2025_q3/metadata/normalized_transcript.json,sha256:66d8a2de83509c19a0d19c69fd3fdc3bb41f8c15fc332975bf10a35795db0430,safe_to_download,3,false,false,false
sha256:f37635ae612490a0a4341ab55,semantic_chunk,f_2025_q3,F,Ford Motor Company,2025 Q3,manual_local_transcript_chunk,/Users/keith/Desktop/earnings calls 100 samples/F_Ford_Motor_Company/f_2025_q3/chunks/transcript/chunk_a2129654626df430.txt,unknown,unknown,semantic_fallback,9402,11902,sha256:5b3393c074a51daa3637666422a20f61de9eff73d1bbacbf1802cc00b6f89b18,sha256:5f3b392de47bf2894e74b8e1a85c2234ff618fe74485d5d1d7cde48fc1e96102,sha256:863d2faae86b94e2d80a6e0e483514f50823959cd02abd2ddc026acb4b6dcaea,/Users/keith/Desktop/earnings calls 100 samples/F_Ford_Motor_Company/f_2025_q3/metadata/normalized_transcript.json,sha256:34f2e61ad43fafdc0e935ec937d2c41491b9378d162f03f76a14562c88a73bd3,safe_to_download,3,false,false,false
sha256:61530127310ad8ab7241fa735,semantic_chunk,f_2025_q3,F,Ford Motor Company,2025 Q3,manual_local_transcript_chunk,/Users/keith/Desktop/earnings calls 100 samples/F_Ford_Motor_Company/f_2025_q3/chunks/transcript/chunk_f8379e31f05e3eaa.txt,unknown,unknown,semantic_fallback,11902,14402,sha256:5b3393c074a51daa3637666422a20f61de9eff73d1bbacbf1802cc00b6f89b18,sha256:8b079036a2c91d2c2a4bf7404667112b3e13d8c4dd940f5818c97b13ba3707bf,sha256:863d2faae86b94e2d80a6e0e483514f50823959cd02abd2ddc026acb4b6dcaea,/Users/keith/Desktop/earnings calls 100 samples/F_Ford_Motor_Company/f_2025_q3/metadata/normalized_transcript.json,sha256:fe887940e8b5d78c95759573821ac413d453ed7aaaef2fea1e9a18195c5ebce4,safe_to_download,3,false,false,false
sha256:cb5f3c08ed6aaa4537b9f2158,semantic_chunk,f_2025_q3,F,Ford Motor Company,2025 Q3,manual_local_transcript_chunk,/Users/keith/Desktop/earnings calls 100 samples/F_Ford_Motor_Company/f_2025_q3/chunks/transcript/chunk_3204f8bfe8a10211.txt,unknown,unknown,semantic_fallback,14402,16902,sha256:5b3393c074a51daa3637666422a20f61de9eff73d1bbacbf1802cc00b6f89b18,sha256:4047eff8785e0ac48de7c53213a3db5d3ce1ed0d43fdeb08c42730364908d373,sha256:863d2faae86b94e2d80a6e0e483514f50823959cd02abd2ddc026acb4b6dcaea,/Users/keith/Desktop/earnings calls 100 samples/F_Ford_Motor_Company/f_2025_q3/metadata/normalized_transcript.json,sha256:9bbf94a73df4e47bd3133536c1ddcab5572c021e24c2edd464367e5732183a01,safe_to_download,3,false,false,false
sha256:d175de46da87f1af68c32b93a,semantic_chunk,f_2025_q3,F,Ford Motor Company,2025 Q3,manual_local_transcript_chunk,/Users/keith/Desktop/earnings calls 100 samples/F_Ford_Motor_Company/f_2025_q3/chunks/transcript/chunk_2cfec4e69f508575.txt,unknown,unknown,semantic_fallback,16902,19402,sha256:5b3393c074a51daa3637666422a20f61de9eff73d1bbacbf1802cc00b6f89b18,sha256:917d0c0c13617cf238fde07a67c20002c94b13cf1f2479e7a8276bb003eb0ace,sha256:863d2faae86b94e2d80a6e0e483514f50823959cd02abd2ddc026acb4b6dcaea,/Users/keith/Desktop/earnings calls 100 samples/F_Ford_Motor_Company/f_2025_q3/metadata/normalized_transcript.json,sha256:abe4d8831d30d6831b50e9dc27bd54e5ec84f044748f4801f9dde3d8dac4f8f3,safe_to_download,3,false,false,false
sha256:05ad9e058379f2ff0ac633802,semantic_chunk,f_2025_q3,F,Ford Motor Company,2025 Q3,manual_local_transcript_chunk,/Users/keith/Desktop/earnings calls 100 samples/F_Ford_Motor_Company/f_2025_q3/chunks/transcript/chunk_22989a3465394d83.txt,unknown,unknown,semantic_fallback,19402,21902,sha256:5b3393c074a51daa3637666422a20f61de9eff73d1bbacbf1802cc00b6f89b18,sha256:1f9ebcfdd79bd0b39f5626cb347e4f01835726fe7cb5950c6bbadef0fee9cf5f,sha256:863d2faae86b94e2d80a6e0e483514f50823959cd02abd2ddc026acb4b6dcaea,/Users/keith/Desktop/earnings calls 100 samples/F_Ford_Motor_Company/f_2025_q3/metadata/normalized_transcript.json,sha256:9eb85574a3eb846ed85b325678f69a164d269476fccf5be09fd6fab95a500161,safe_to_download,3,false,false,false
sha256:9ebb224cb475e25b6ba06715d,semantic_chunk,f_2025_q3,F,Ford Motor Company,2025 Q3,manual_local_transcript_chunk,/Users/keith/Desktop/earnings calls 100 samples/F_Ford_Motor_Company/f_2025_q3/chunks/transcript/chunk_589fea87ba10fe06.txt,unknown,unknown,semantic_fallback,21902,24402,sha256:5b3393c074a51daa3637666422a20f61de9eff73d1bbacbf1802cc00b6f89b18,sha256:7a2848c80856530389e4b39e12d46e85ba03dd3952fdcbe447eff55647ec5df9,sha256:863d2faae86b94e2d80a6e0e483514f50823959cd02abd2ddc026acb4b6dcaea,/Users/keith/Desktop/earnings calls 100 samples/F_Ford_Motor_Company/f_2025_q3/metadata/normalized_transcript.json,sha256:eed06ee32997a3bedd534d6ff2449a856478196596a571d5183fd57f6ec261c4,safe_to_download,3,false,false,false
sha256:83984b1ac262235cf0eb71412,semantic_chunk,f_2025_q3,F,Ford Motor Company,2025 Q3,manual_local_transcript_chunk,/Users/keith/Desktop/earnings calls 100 samples/F_Ford_Motor_Company/f_2025_q3/chunks/transcript/chunk_fa27d7c1125c8826.txt,unknown,unknown,semantic_fallback,24402,26902,sha256:5b3393c074a51daa3637666422a20f61de9eff73d1bbacbf1802cc00b6f89b18,sha256:463a0d616ca34a7c140eb96393ee20450c2cabb80d51fd49fcdb18ec0af2dac4,sha256:863d2faae86b94e2d80a6e0e483514f50823959cd02abd2ddc026acb4b6dcaea,/Users/keith/Desktop/earnings calls 100 samples/F_Ford_Motor_Company/f_2025_q3/metadata/normalized_transcript.json,sha256:f20ad7beacc555b6af355de8e670f2ee5f197b5f58b89b16cf465c4a6a533126,safe_to_download,3,false,false,false
sha256:64a34aec1b2304b76e645d986,semantic_chunk,f_2025_q3,F,Ford Motor Company,2025 Q3,manual_local_transcript_chunk,/Users/keith/Desktop/earnings calls 100 samples/F_Ford_Motor_Company/f_2025_q3/chunks/transcript/chunk_93145d53b48329b2.txt,unknown,unknown,semantic_fallback,26902,29402,sha256:5b3393c074a51daa3637666422a20f61de9eff73d1bbacbf1802cc00b6f89b18,sha256:d834288adaeb398484d905ec68ec3346664b7f928f9d799df71d3f6061b508a6,sha256:863d2faae86b94e2d80a6e0e483514f50823959cd02abd2ddc026acb4b6dcaea,/Users/keith/Desktop/earnings calls 100 samples/F_Ford_Motor_Company/f_2025_q3/metadata/normalized_transcript.json,sha256:d167280174daf1aa8c139dfe4cea9581ddecf8089eb3dafa02038dd397b3e16d,safe_to_download,3,false,false,false
sha256:577cb75269b72e70a57edaa8a,semantic_chunk,f_2025_q3,F,Ford Motor Company,2025 Q3,manual_local_transcript_chunk,/Users/keith/Desktop/earnings calls 100 samples/F_Ford_Motor_Company/f_2025_q3/chunks/transcript/chunk_0684f2df3b626c80.txt,unknown,unknown,semantic_fallback,29402,31902,sha256:5b3393c074a51daa3637666422a20f61de9eff73d1bbacbf1802cc00b6f89b18,sha256:4a18398167871b1b9b375c73bf20a0f75ff1a723ca8ad28486a0212bb2d820b2,sha256:863d2faae86b94e2d80a6e0e483514f50823959cd02abd2ddc026acb4b6dcaea,/Users/keith/Desktop/earnings calls 100 samples/F_Ford_Motor_Company/f_2025_q3/metadata/normalized_transcript.json,sha256:341fb77bec6e14fc6da881ffb5028cbe0bbfefeb5fab5ba731a8f05eba1d91bd,safe_to_download,3,false,false,false
sha256:16480dcfc6a70abc6f6aaccd0,semantic_chunk,f_2025_q3,F,Ford Motor Company,2025 Q3,manual_local_transcript_chunk,/Users/keith/Desktop/earnings calls 100 samples/F_Ford_Motor_Company/f_2025_q3/chunks/transcript/chunk_d790d365a6f4b969.txt,unknown,unknown,semantic_fallback,31902,34402,sha256:5b3393c074a51daa3637666422a20f61de9eff73d1bbacbf1802cc00b6f89b18,sha256:24ee6c3e88d88e7ba5d4b91ad8afa6b7e749d688cf440d2b24cc8715a0abbacf,sha256:863d2faae86b94e2d80a6e0e483514f50823959cd02abd2ddc026acb4b6dcaea,/Users/keith/Desktop/earnings calls 100 samples/F_Ford_Motor_Company/f_2025_q3/metadata/normalized_transcript.json,sha256:ae984f2fc6726b95d7160c6fe496a64892afbce75a32bed80621e7de72041cd4,safe_to_download,3,false,false,false
sha256:a8b72e2be4674a13653b1095f,semantic_chunk,f_2025_q3,F,Ford Motor Company,2025 Q3,manual_local_transcript_chunk,/Users/keith/Desktop/earnings calls 100 samples/F_Ford_Motor_Company/f_2025_q3/chunks/transcript/chunk_c39f6144e56c8b60.txt,unknown,unknown,semantic_fallback,34402,36902,sha256:5b3393c074a51daa3637666422a20f61de9eff73d1bbacbf1802cc00b6f89b18,sha256:c5749e7ab7933931e711c1075699ac8f2c5189ad9a30eef75721faf59559179c,sha256:863d2faae86b94e2d80a6e0e483514f50823959cd02abd2ddc026acb4b6dcaea,/Users/keith/Desktop/earnings calls 100 samples/F_Ford_Motor_Company/f_2025_q3/metadata/normalized_transcript.json,sha256:881eea62bfec325d86972d44135085114cf8b15338b5b2252c8453a8b4da671c,safe_to_download,3,false,false,false
sha256:38639b5f99ce05f17f8b24e4d,semantic_chunk,f_2025_q3,F,Ford Motor Company,2025 Q3,manual_local_transcript_chunk,/Users/keith/Desktop/earnings calls 100 samples/F_Ford_Motor_Company/f_2025_q3/chunks/transcript/chunk_eec158c35a80ffdd.txt,unknown,unknown,semantic_fallback,36902,39402,sha256:5b3393c074a51daa3637666422a20f61de9eff73d1bbacbf1802cc00b6f89b18,sha256:dd1b1838793c8072fcb3dbe65c8fa94b92f263290fbf9fdceebd189bdb5ec5be,sha256:863d2faae86b94e2d80a6e0e483514f50823959cd02abd2ddc026acb4b6dcaea,/Users/keith/Desktop/earnings calls 100 samples/F_Ford_Motor_Company/f_2025_q3/metadata/normalized_transcript.json,sha256:b272cdb0fa1d11c4447edb62932625e03e2a211a39b012746131bb0fdbb81b97,safe_to_download,3,false,false,false
sha256:ff22cbf88eb40aaae79c6a3d3,semantic_chunk,f_2025_q3,F,Ford Motor Company,2025 Q3,manual_local_transcript_chunk,/Users/keith/Desktop/earnings calls 100 samples/F_Ford_Motor_Company/f_2025_q3/chunks/transcript/chunk_1b0a14bd858114ea.txt,unknown,unknown,semantic_fallback,39402,41902,sha256:5b3393c074a51daa3637666422a20f61de9eff73d1bbacbf1802cc00b6f89b18,sha256:3f7203e2da4f05aec9b33b038a8d4c921c83083b736373186daafa7e3cf225c5,sha256:863d2faae86b94e2d80a6e0e483514f50823959cd02abd2ddc026acb4b6dcaea,/Users/keith/Desktop/earnings calls 100 samples/F_Ford_Motor_Company/f_2025_q3/metadata/normalized_transcript.json,sha256:5bb13a46200dcd083fd22e01983ead55991fd95f4a73f2f8488f9eba9da80d14,safe_to_download,3,false,false,false
sha256:2afea8771c7df6ed4817a51f1,semantic_chunk,f_2025_q3,F,Ford Motor Company,2025 Q3,manual_local_transcript_chunk,/Users/keith/Desktop/earnings calls 100 samples/F_Ford_Motor_Company/f_2025_q3/chunks/transcript/chunk_3d9cd5c3db432949.txt,unknown,unknown,semantic_fallback,41902,44402,sha256:5b3393c074a51daa3637666422a20f61de9eff73d1bbacbf1802cc00b6f89b18,sha256:46ea940d8c9a9e2be3324d0cdddaaa0002f3dbf1649c56375e1530556bdbd49b,sha256:863d2faae86b94e2d80a6e0e483514f50823959cd02abd2ddc026acb4b6dcaea,/Users/keith/Desktop/earnings calls 100 samples/F_Ford_Motor_Company/f_2025_q3/metadata/normalized_transcript.json,sha256:53d0499e794c06161067737b15986d9c7dabe3633bce536e8c838088b4972e56,safe_to_download,3,false,false,false
sha256:d272f495e73e7092a9f68b89d,semantic_chunk,f_2025_q3,F,Ford Motor Company,2025 Q3,manual_local_transcript_chunk,/Users/keith/Desktop/earnings calls 100 samples/F_Ford_Motor_Company/f_2025_q3/chunks/transcript/chunk_575126f6d0e3a784.txt,unknown,unknown,semantic_fallback,44402,46902,sha256:5b3393c074a51daa3637666422a20f61de9eff73d1bbacbf1802cc00b6f89b18,sha256:05f0dd82b4a06ce18234dd82f210d2a6b0eab2b518b095a9c9d4d5b5d3e35d89,sha256:863d2faae86b94e2d80a6e0e483514f50823959cd02abd2ddc026acb4b6dcaea,/Users/keith/Desktop/earnings calls 100 samples/F_Ford_Motor_Company/f_2025_q3/metadata/normalized_transcript.json,sha256:a5a8f17adbac9bc82f4f826373292ac421172ea9efc98775059898adccc0fc63,safe_to_download,3,false,false,false
sha256:5cbd28740d510d12dd31512f2,semantic_chunk,f_2025_q3,F,Ford Motor Company,2025 Q3,manual_local_transcript_chunk,/Users/keith/Desktop/earnings calls 100 samples/F_Ford_Motor_Company/f_2025_q3/chunks/transcript/chunk_398cc180054ee7b1.txt,unknown,unknown,semantic_fallback,46902,48353,sha256:5b3393c074a51daa3637666422a20f61de9eff73d1bbacbf1802cc00b6f89b18,sha256:02585c2de91cc1d3edb324e254cdb1da863d5993704e23f6ff8f60d6c0b380a8,sha256:863d2faae86b94e2d80a6e0e483514f50823959cd02abd2ddc026acb4b6dcaea,/Users/keith/Desktop/earnings calls 100 samples/F_Ford_Motor_Company/f_2025_q3/metadata/normalized_transcript.json,sha256:5a39a306b1c4bf930cdd29cab2fc8fd85b5f2d54be957ed6b9b8467219523db5,safe_to_download,3,false,false,false
sha256:68101012115050043e5eaea88,event_aligned_chunk,f_2025_q4,F,Ford Motor Company,2025 Q4,manual_local_transcript_chunk,/Users/keith/Desktop/earnings calls 100 samples/F_Ford_Motor_Company/f_2025_q4/chunks/transcript/chunk_5aeecfc9e5743c7b.txt,prepared_remarks,management,prepared_remarks,558,640,sha256:9d0dfd62d4fbd44e485c1593090ef144a88ee1e4c531eeb91e7cbd39ac3559a8,sha256:a72b154b509d976f8ff49b569bf3286f3de0aedc4f7a14f6a0ec0d239c5f41d9,sha256:80b121679ab2890ff94b7703936f9952a02f1a96d2f1cdc22412379a07e69b49,/Users/keith/Desktop/earnings calls 100 samples/F_Ford_Motor_Company/f_2025_q4/metadata/normalized_transcript.json,sha256:ca5f0a679b1711efd4a0e49bc9a007020ebf2194b48f628a68e3493988d4c25a,safe_to_download,2,false,false,false
sha256:3165366aaffa68f537e878ad7,semantic_chunk,f_2025_q4,F,Ford Motor Company,2025 Q4,manual_local_transcript_chunk,/Users/keith/Desktop/earnings calls 100 samples/F_Ford_Motor_Company/f_2025_q4/chunks/transcript/chunk_a8ee15b3227e2d14.txt,unknown,unknown,semantic_fallback,4350,6850,sha256:9d0dfd62d4fbd44e485c1593090ef144a88ee1e4c531eeb91e7cbd39ac3559a8,sha256:d9aa117f89a4078cb1c19ff20549c11f3a96cdbc2936ce9ae28cca1234f87ece,sha256:80b121679ab2890ff94b7703936f9952a02f1a96d2f1cdc22412379a07e69b49,/Users/keith/Desktop/earnings calls 100 samples/F_Ford_Motor_Company/f_2025_q4/metadata/normalized_transcript.json,sha256:aec67075f39f26ff687b1d67d82cf430bb1417caaeb2314e255b01361bbfa7ef,safe_to_download,3,false,false,false
sha256:a10a8a5234fc050038e4a1109,semantic_chunk,f_2025_q4,F,Ford Motor Company,2025 Q4,manual_local_transcript_chunk,/Users/keith/Desktop/earnings calls 100 samples/F_Ford_Motor_Company/f_2025_q4/chunks/transcript/chunk_a20ef9e0b1076325.txt,unknown,unknown,semantic_fallback,6850,9350,sha256:9d0dfd62d4fbd44e485c1593090ef144a88ee1e4c531eeb91e7cbd39ac3559a8,sha256:fb7f020049469b9d4d771016f801ad671c4751c1a6b94b7b032c13a6c0a3e942,sha256:80b121679ab2890ff94b7703936f9952a02f1a96d2f1cdc22412379a07e69b49,/Users/keith/Desktop/earnings calls 100 samples/F_Ford_Motor_Company/f_2025_q4/metadata/normalized_transcript.json,sha256:dc0cec19009222b6a65cd6d5b1a886cb2f767a6419c4f230e00361bf9dcfe9ee,safe_to_download,3,false,false,false
sha256:2dd0aa024aa4ceb92ff902c13,semantic_chunk,f_2025_q4,F,Ford Motor Company,2025 Q4,manual_local_transcript_chunk,/Users/keith/Desktop/earnings calls 100 samples/F_Ford_Motor_Company/f_2025_q4/chunks/transcript/chunk_65edb3fde08fc448.txt,unknown,unknown,semantic_fallback,9350,11850,sha256:9d0dfd62d4fbd44e485c1593090ef144a88ee1e4c531eeb91e7cbd39ac3559a8,sha256:da9fdc4aad58c1065a2bf32819c7f823e0bbdc07a74ca66e99d06aa434296aca,sha256:80b121679ab2890ff94b7703936f9952a02f1a96d2f1cdc22412379a07e69b49,/Users/keith/Desktop/earnings calls 100 samples/F_Ford_Motor_Company/f_2025_q4/metadata/normalized_transcript.json,sha256:ee6a7b91e5e465c712bb552ce2ab61c9e28a6eac56dc54a16574ff7952e346a7,safe_to_download,3,false,false,false
sha256:58a48956a226e039f19d7c193,semantic_chunk,f_2025_q4,F,Ford Motor Company,2025 Q4,manual_local_transcript_chunk,/Users/keith/Desktop/earnings calls 100 samples/F_Ford_Motor_Company/f_2025_q4/chunks/transcript/chunk_4bd79cf7751741be.txt,unknown,unknown,semantic_fallback,11850,14350,sha256:9d0dfd62d4fbd44e485c1593090ef144a88ee1e4c531eeb91e7cbd39ac3559a8,sha256:8b7ce17081ff248cd1b9c84aa66d2c77cbe6d1b06a284e6613ad4b8d492b12f1,sha256:80b121679ab2890ff94b7703936f9952a02f1a96d2f1cdc22412379a07e69b49,/Users/keith/Desktop/earnings calls 100 samples/F_Ford_Motor_Company/f_2025_q4/metadata/normalized_transcript.json,sha256:2e074fa8736e88b12de06fae595a9d65076a64e8258eb373bb8bce6a7fce6478,safe_to_download,3,false,false,false
sha256:5c7e79c7a8c6a4c9cd7faa9d9,semantic_chunk,f_2025_q4,F,Ford Motor Company,2025 Q4,manual_local_transcript_chunk,/Users/keith/Desktop/earnings calls 100 samples/F_Ford_Motor_Company/f_2025_q4/chunks/transcript/chunk_e6d119619775bf7f.txt,unknown,unknown,semantic_fallback,14350,16850,sha256:9d0dfd62d4fbd44e485c1593090ef144a88ee1e4c531eeb91e7cbd39ac3559a8,sha256:d4997c65c4e2d8268834e13a36b2c50253ab7dcc1e494da30edb80bb351e8d5e,sha256:80b121679ab2890ff94b7703936f9952a02f1a96d2f1cdc22412379a07e69b49,/Users/keith/Desktop/earnings calls 100 samples/F_Ford_Motor_Company/f_2025_q4/metadata/normalized_transcript.json,sha256:238a37295df1916607db7ffdb63d5b96661a6cc563e0db3fd937689592561724,safe_to_download,3,false,false,false
sha256:cba4e2f047fb10e5d4145b91d,semantic_chunk,f_2025_q4,F,Ford Motor Company,2025 Q4,manual_local_transcript_chunk,/Users/keith/Desktop/earnings calls 100 samples/F_Ford_Motor_Company/f_2025_q4/chunks/transcript/chunk_01cf29ed504de5af.txt,unknown,unknown,semantic_fallback,16850,19350,sha256:9d0dfd62d4fbd44e485c1593090ef144a88ee1e4c531eeb91e7cbd39ac3559a8,sha256:f15f34c3cb404d3da8f64456c3df02535e2b3f0a5984ceba3329b6d4d2324d0d,sha256:80b121679ab2890ff94b7703936f9952a02f1a96d2f1cdc22412379a07e69b49,/Users/keith/Desktop/earnings calls 100 samples/F_Ford_Motor_Company/f_2025_q4/metadata/normalized_transcript.json,sha256:c28f9edcbeec15dda0f7bc4eaee2a8ac533472d7680321084836f0ec20038eb8,safe_to_download,3,false,false,false
sha256:0b55f27dcf1b77b957cb532d4,semantic_chunk,f_2025_q4,F,Ford Motor Company,2025 Q4,manual_local_transcript_chunk,/Users/keith/Desktop/earnings calls 100 samples/F_Ford_Motor_Company/f_2025_q4/chunks/transcript/chunk_be5d20867ae72437.txt,unknown,unknown,semantic_fallback,19350,21850,sha256:9d0dfd62d4fbd44e485c1593090ef144a88ee1e4c531eeb91e7cbd39ac3559a8,sha256:37012241f4c889b4d5507f4f7394ea8498f00a035272f60e64b3dacbe506ee3a,sha256:80b121679ab2890ff94b7703936f9952a02f1a96d2f1cdc22412379a07e69b49,/Users/keith/Desktop/earnings calls 100 samples/F_Ford_Motor_Company/f_2025_q4/metadata/normalized_transcript.json,sha256:77f14ac840400f1463e1161269edcfda514ff7b005500ecd6b8330f2e33b9c54,safe_to_download,3,false,false,false
sha256:34c36d65335a183a25f659d71,semantic_chunk,f_2025_q4,F,Ford Motor Company,2025 Q4,manual_local_transcript_chunk,/Users/keith/Desktop/earnings calls 100 samples/F_Ford_Motor_Company/f_2025_q4/chunks/transcript/chunk_f0420180d61e580d.txt,unknown,unknown,semantic_fallback,21850,24350,sha256:9d0dfd62d4fbd44e485c1593090ef144a88ee1e4c531eeb91e7cbd39ac3559a8,sha256:a5201dc2ed92fc0e9002b8d2e346861758bf6b70d514895afc1f63fdbb036a26,sha256:80b121679ab2890ff94b7703936f9952a02f1a96d2f1cdc22412379a07e69b49,/Users/keith/Desktop/earnings calls 100 samples/F_Ford_Motor_Company/f_2025_q4/metadata/normalized_transcript.json,sha256:8afa8953c5766bfd444d04bf599c03f36f181eefcbe97623ebe8bf144e4e6c6a,safe_to_download,3,false,false,false
sha256:f247721c5699252cab59214b3,semantic_chunk,f_2025_q4,F,Ford Motor Company,2025 Q4,manual_local_transcript_chunk,/Users/keith/Desktop/earnings calls 100 samples/F_Ford_Motor_Company/f_2025_q4/chunks/transcript/chunk_cefea11851c23131.txt,unknown,unknown,semantic_fallback,24350,26850,sha256:9d0dfd62d4fbd44e485c1593090ef144a88ee1e4c531eeb91e7cbd39ac3559a8,sha256:251491c0c18343d795e82f321df7bbaa217017f196944ee9956c1e82cf0aa555,sha256:80b121679ab2890ff94b7703936f9952a02f1a96d2f1cdc22412379a07e69b49,/Users/keith/Desktop/earnings calls 100 samples/F_Ford_Motor_Company/f_2025_q4/metadata/normalized_transcript.json,sha256:d3b211324de26075292c767284a29f2f8fa364dc8688a371dd48995788455250,safe_to_download,3,false,false,false
sha256:3a732ba7447a28b91a3108f87,semantic_chunk,f_2025_q4,F,Ford Motor Company,2025 Q4,manual_local_transcript_chunk,/Users/keith/Desktop/earnings calls 100 samples/F_Ford_Motor_Company/f_2025_q4/chunks/transcript/chunk_801d1401a8aed494.txt,unknown,unknown,semantic_fallback,26850,29350,sha256:9d0dfd62d4fbd44e485c1593090ef144a88ee1e4c531eeb91e7cbd39ac3559a8,sha256:63acbf74f3f39507c43e910ddbe3a594fecd77e05e6d4b9d99f83f2ee7047c26,sha256:80b121679ab2890ff94b7703936f9952a02f1a96d2f1cdc22412379a07e69b49,/Users/keith/Desktop/earnings calls 100 samples/F_Ford_Motor_Company/f_2025_q4/metadata/normalized_transcript.json,sha256:e92ed03a4537af2295a7d333c3380f4624cdb261015d96e44c6773fec65a4ce8,safe_to_download,3,false,false,false
sha256:4fd88b89064922a80d93a3405,semantic_chunk,f_2025_q4,F,Ford Motor Company,2025 Q4,manual_local_transcript_chunk,/Users/keith/Desktop/earnings calls 100 samples/F_Ford_Motor_Company/f_2025_q4/chunks/transcript/chunk_8090cc2c7ee86a70.txt,unknown,unknown,semantic_fallback,29350,31850,sha256:9d0dfd62d4fbd44e485c1593090ef144a88ee1e4c531eeb91e7cbd39ac3559a8,sha256:139d04b555e12427079ef826985c6a6bccb6e710c44c7d1bd486ebec3707af27,sha256:80b121679ab2890ff94b7703936f9952a02f1a96d2f1cdc22412379a07e69b49,/Users/keith/Desktop/earnings calls 100 samples/F_Ford_Motor_Company/f_2025_q4/metadata/normalized_transcript.json,sha256:2cbba51a3e05a072afa1606205e96b6a772246cc5d75cd1612a5cbeb26bbb925,safe_to_download,3,false,false,false
sha256:8badf1a1373f706ef4bff1aef,semantic_chunk,f_2025_q4,F,Ford Motor Company,2025 Q4,manual_local_transcript_chunk,/Users/keith/Desktop/earnings calls 100 samples/F_Ford_Motor_Company/f_2025_q4/chunks/transcript/chunk_70db156ee19213dd.txt,unknown,unknown,semantic_fallback,31850,34350,sha256:9d0dfd62d4fbd44e485c1593090ef144a88ee1e4c531eeb91e7cbd39ac3559a8,sha256:e1c1cccfad6a7e43073c2f6b6d25efafa6e4aea3019ad195199fe8f2293f1bf0,sha256:80b121679ab2890ff94b7703936f9952a02f1a96d2f1cdc22412379a07e69b49,/Users/keith/Desktop/earnings calls 100 samples/F_Ford_Motor_Company/f_2025_q4/metadata/normalized_transcript.json,sha256:728541e3757e3c1e3f3a072ac1ef3f99c260655c934f50d07825f141b1e140a6,safe_to_download,3,false,false,false
sha256:ccf1a6e86b03fce29b953e8ac,semantic_chunk,f_2025_q4,F,Ford Motor Company,2025 Q4,manual_local_transcript_chunk,/Users/keith/Desktop/earnings calls 100 samples/F_Ford_Motor_Company/f_2025_q4/chunks/transcript/chunk_4b3d5f983a1f228f.txt,unknown,unknown,semantic_fallback,34350,36850,sha256:9d0dfd62d4fbd44e485c1593090ef144a88ee1e4c531eeb91e7cbd39ac3559a8,sha256:0c59f0b4409621b23a381ff653c661aa6ebf24bc61ceacbcc94417f0e5f34f7e,sha256:80b121679ab2890ff94b7703936f9952a02f1a96d2f1cdc22412379a07e69b49,/Users/keith/Desktop/earnings calls 100 samples/F_Ford_Motor_Company/f_2025_q4/metadata/normalized_transcript.json,sha256:e8077719226f2b8939f6110d3a554d6084c35f56cf904044ab4ad116252ffff7,safe_to_download,3,false,false,false
sha256:e9fe1e117fcb213b30f01e770,semantic_chunk,f_2025_q4,F,Ford Motor Company,2025 Q4,manual_local_transcript_chunk,/Users/keith/Desktop/earnings calls 100 samples/F_Ford_Motor_Company/f_2025_q4/chunks/transcript/chunk_153c2557ecd79350.txt,unknown,unknown,semantic_fallback,36850,39350,sha256:9d0dfd62d4fbd44e485c1593090ef144a88ee1e4c531eeb91e7cbd39ac3559a8,sha256:cff44ea91df981e3d6b252f7f8e07db314b2260cbdf1c3f292095de1dc7dff79,sha256:80b121679ab2890ff94b7703936f9952a02f1a96d2f1cdc22412379a07e69b49,/Users/keith/Desktop/earnings calls 100 samples/F_Ford_Motor_Company/f_2025_q4/metadata/normalized_transcript.json,sha256:3f6a98382a8ad70b0bef953866376f331755ea6975f96030f31d2f547045f405,safe_to_download,3,false,false,false
sha256:14ec393555eecac570e1455a8,semantic_chunk,f_2025_q4,F,Ford Motor Company,2025 Q4,manual_local_transcript_chunk,/Users/keith/Desktop/earnings calls 100 samples/F_Ford_Motor_Company/f_2025_q4/chunks/transcript/chunk_1c900cc15ecd20d0.txt,unknown,unknown,semantic_fallback,39350,41850,sha256:9d0dfd62d4fbd44e485c1593090ef144a88ee1e4c531eeb91e7cbd39ac3559a8,sha256:77240bf53f46eba754db05ba40258c6c73f58928b4f9c0010b5a7d18ccc02071,sha256:80b121679ab2890ff94b7703936f9952a02f1a96d2f1cdc22412379a07e69b49,/Users/keith/Desktop/earnings calls 100 samples/F_Ford_Motor_Company/f_2025_q4/metadata/normalized_transcript.json,sha256:35454ccc2ed1e47cb116811b1cf4b500451b8163d697485b772dccbcd60ae516,safe_to_download,3,false,false,false
sha256:26dd8bf7c86493267b5b28ae3,semantic_chunk,f_2025_q4,F,Ford Motor Company,2025 Q4,manual_local_transcript_chunk,/Users/keith/Desktop/earnings calls 100 samples/F_Ford_Motor_Company/f_2025_q4/chunks/transcript/chunk_6ea3d99862cb0248.txt,unknown,unknown,semantic_fallback,41850,44350,sha256:9d0dfd62d4fbd44e485c1593090ef144a88ee1e4c531eeb91e7cbd39ac3559a8,sha256:68426be497139ec838ad69e806e091c17c3902ec8905fc39a991eefcffd011a7,sha256:80b121679ab2890ff94b7703936f9952a02f1a96d2f1cdc22412379a07e69b49,/Users/keith/Desktop/earnings calls 100 samples/F_Ford_Motor_Company/f_2025_q4/metadata/normalized_transcript.json,sha256:e58edf646019a2b6ff40ac12ca4c3549069a5caddb90026166fab2f92ecc66cf,safe_to_download,3,false,false,false
sha256:16a8c430d8daa23c3b1f2f4c6,semantic_chunk,f_2025_q4,F,Ford Motor Company,2025 Q4,manual_local_transcript_chunk,/Users/keith/Desktop/earnings calls 100 samples/F_Ford_Motor_Company/f_2025_q4/chunks/transcript/chunk_80ce73bd2d85b90c.txt,unknown,unknown,semantic_fallback,44350,46850,sha256:9d0dfd62d4fbd44e485c1593090ef144a88ee1e4c531eeb91e7cbd39ac3559a8,sha256:c4ac0b1ea0712a3bd42afe98ac22ea2eec674c0916d898899e3120acf7e40422,sha256:80b121679ab2890ff94b7703936f9952a02f1a96d2f1cdc22412379a07e69b49,/Users/keith/Desktop/earnings calls 100 samples/F_Ford_Motor_Company/f_2025_q4/metadata/normalized_transcript.json,sha256:d17d556c230ac1182d1d84fa699e9cff88cc6b9327307e3fcb239160f752d634,safe_to_download,3,false,false,false
sha256:31cd28fe923f48af5ee188b42,semantic_chunk,f_2025_q4,F,Ford Motor Company,2025 Q4,manual_local_transcript_chunk,/Users/keith/Desktop/earnings calls 100 samples/F_Ford_Motor_Company/f_2025_q4/chunks/transcript/chunk_f660923b94291ce9.txt,unknown,unknown,semantic_fallback,46850,49350,sha256:9d0dfd62d4fbd44e485c1593090ef144a88ee1e4c531eeb91e7cbd39ac3559a8,sha256:20bbfa5ab338d9c3fa47624a992696fa60abcddcadad9313e9a4aa78e41fa8e1,sha256:80b121679ab2890ff94b7703936f9952a02f1a96d2f1cdc22412379a07e69b49,/Users/keith/Desktop/earnings calls 100 samples/F_Ford_Motor_Company/f_2025_q4/metadata/normalized_transcript.json,sha256:02144f6ad4ed68c87a291077ca05d29f012f2340644bbe6524eaaae21cecc0cd,safe_to_download,3,false,false,false
sha256:7a26b2fd70f3869bed9bb6ebe,semantic_chunk,f_2025_q4,F,Ford Motor Company,2025 Q4,manual_local_transcript_chunk,/Users/keith/Desktop/earnings calls 100 samples/F_Ford_Motor_Company/f_2025_q4/chunks/transcript/chunk_33e8590be895c11c.txt,unknown,unknown,semantic_fallback,49350,50306,sha256:9d0dfd62d4fbd44e485c1593090ef144a88ee1e4c531eeb91e7cbd39ac3559a8,sha256:60fb8e284a0cb01e18a1bc8b248a073fef162ba0cfb1f5348835de589cb92c35,sha256:80b121679ab2890ff94b7703936f9952a02f1a96d2f1cdc22412379a07e69b49,/Users/keith/Desktop/earnings calls 100 samples/F_Ford_Motor_Company/f_2025_q4/metadata/normalized_transcript.json,sha256:037de97c74c51899b34c61221cb9edc430efe7ac5012af7a887dab6e444a6c97,safe_to_download,3,false,false,false
sha256:6a74e6fffdf107b6693048c8f,event_aligned_chunk,hd_2024_q1,HD,The Home Depot Inc.,2024 Q1,manual_local_transcript_chunk,/Users/keith/Desktop/earnings calls 100 samples/HD_The_Home_Depot_Inc/hd_2024_q1/chunks/transcript/chunk_f5359db1e8709bad.txt,prepared_remarks,management,prepared_remarks,81,258,sha256:b48b9ec8389b99458d711c7cba456aea95e5c70498700269b2aa04a90f8283ac,sha256:defdf0b028473d5ac1f00681a660da60642f72fe243e68b70c590b4727a129da,sha256:5c2a7c417b3bce31569d7afbef2336185cc0d09592553cab16002a6f39475428,/Users/keith/Desktop/earnings calls 100 samples/HD_The_Home_Depot_Inc/hd_2024_q1/metadata/normalized_transcript.json,sha256:beff92ccf7ac788f627ef6afe29fdfe7c24d104e94aaf1533f7feba7672302e5,safe_to_download,2,false,false,false
sha256:03ddcb1f5429964aa6f3ec8d2,semantic_chunk,hd_2024_q1,HD,The Home Depot Inc.,2024 Q1,manual_local_transcript_chunk,/Users/keith/Desktop/earnings calls 100 samples/HD_The_Home_Depot_Inc/hd_2024_q1/chunks/transcript/chunk_2c821e5dcd341f43.txt,unknown,unknown,semantic_fallback,3861,6361,sha256:b48b9ec8389b99458d711c7cba456aea95e5c70498700269b2aa04a90f8283ac,sha256:03aff39c291a7f8d4ae0c784aeaa33e3bc316e0c567632df26868dced6bfd4da,sha256:5c2a7c417b3bce31569d7afbef2336185cc0d09592553cab16002a6f39475428,/Users/keith/Desktop/earnings calls 100 samples/HD_The_Home_Depot_Inc/hd_2024_q1/metadata/normalized_transcript.json,sha256:dc3aed96be1d758b315a000ba0923e8e213e10385b68eb83337982802dd42646,safe_to_download,3,false,false,false
sha256:3ec0de23db1e93a69bb94fb8f,semantic_chunk,hd_2024_q1,HD,The Home Depot Inc.,2024 Q1,manual_local_transcript_chunk,/Users/keith/Desktop/earnings calls 100 samples/HD_The_Home_Depot_Inc/hd_2024_q1/chunks/transcript/chunk_22c0d54e18de51e5.txt,unknown,unknown,semantic_fallback,6361,8861,sha256:b48b9ec8389b99458d711c7cba456aea95e5c70498700269b2aa04a90f8283ac,sha256:77cf4349efb895e39bf1bda0998cc49b5bdf3d3e6293002aeb09c61a5099a929,sha256:5c2a7c417b3bce31569d7afbef2336185cc0d09592553cab16002a6f39475428,/Users/keith/Desktop/earnings calls 100 samples/HD_The_Home_Depot_Inc/hd_2024_q1/metadata/normalized_transcript.json,sha256:3d3f5b685d2ef0652ce187122c533a8915dfd27e60b3e072a0e66db6285a29d8,safe_to_download,3,false,false,false
sha256:8fa059171ee8c4df43d616c38,semantic_chunk,hd_2024_q1,HD,The Home Depot Inc.,2024 Q1,manual_local_transcript_chunk,/Users/keith/Desktop/earnings calls 100 samples/HD_The_Home_Depot_Inc/hd_2024_q1/chunks/transcript/chunk_122acfd1b88ab3bb.txt,unknown,unknown,semantic_fallback,8861,11361,sha256:b48b9ec8389b99458d711c7cba456aea95e5c70498700269b2aa04a90f8283ac,sha256:d7bf92f2b0c8bea5f75249aab8d75894eb34a4820054a1229edf480b1ce2b5da,sha256:5c2a7c417b3bce31569d7afbef2336185cc0d09592553cab16002a6f39475428,/Users/keith/Desktop/earnings calls 100 samples/HD_The_Home_Depot_Inc/hd_2024_q1/metadata/normalized_transcript.json,sha256:74d1ca3ce2fa5f19d3b917023e6d9fde984a9af9a70cb6a6834947ed95566c8b,safe_to_download,3,false,false,false
sha256:6b8f65fc3c3fafef1bd00085c,semantic_chunk,hd_2024_q1,HD,The Home Depot Inc.,2024 Q1,manual_local_transcript_chunk,/Users/keith/Desktop/earnings calls 100 samples/HD_The_Home_Depot_Inc/hd_2024_q1/chunks/transcript/chunk_bf8eb119715ae0ea.txt,unknown,unknown,semantic_fallback,11361,13861,sha256:b48b9ec8389b99458d711c7cba456aea95e5c70498700269b2aa04a90f8283ac,sha256:91fbc50ea7960e2e91f31ef711f992921b011596d620dfb115ec98c92ac72a77,sha256:5c2a7c417b3bce31569d7afbef2336185cc0d09592553cab16002a6f39475428,/Users/keith/Desktop/earnings calls 100 samples/HD_The_Home_Depot_Inc/hd_2024_q1/metadata/normalized_transcript.json,sha256:a0933588547d019ff9d3b88fa9a65874213f31db9b1c8fc5b2833ecb015a9668,safe_to_download,3,false,false,false
sha256:ba9649d66e93780d127c12252,semantic_chunk,hd_2024_q1,HD,The Home Depot Inc.,2024 Q1,manual_local_transcript_chunk,/Users/keith/Desktop/earnings calls 100 samples/HD_The_Home_Depot_Inc/hd_2024_q1/chunks/transcript/chunk_791677fa917dc399.txt,unknown,unknown,semantic_fallback,13861,16361,sha256:b48b9ec8389b99458d711c7cba456aea95e5c70498700269b2aa04a90f8283ac,sha256:012b670920472570c6dac141bf67af655885290faaecdd529cab3f1aa2fbbe5f,sha256:5c2a7c417b3bce31569d7afbef2336185cc0d09592553cab16002a6f39475428,/Users/keith/Desktop/earnings calls 100 samples/HD_The_Home_Depot_Inc/hd_2024_q1/metadata/normalized_transcript.json,sha256:692786960445913d0c2f9b349fd08cc301dc495cdac6291e33e386a51e7b6a77,safe_to_download,3,false,false,false
sha256:dacb7fa23b9d2915f0fd328d4,semantic_chunk,hd_2024_q1,HD,The Home Depot Inc.,2024 Q1,manual_local_transcript_chunk,/Users/keith/Desktop/earnings calls 100 samples/HD_The_Home_Depot_Inc/hd_2024_q1/chunks/transcript/chunk_ed6f4e5a55326b86.txt,unknown,unknown,semantic_fallback,16361,18861,sha256:b48b9ec8389b99458d711c7cba456aea95e5c70498700269b2aa04a90f8283ac,sha256:71049809359d5d3656930802a93aa7eed53c546f657582b7a8a36facd2e295ba,sha256:5c2a7c417b3bce31569d7afbef2336185cc0d09592553cab16002a6f39475428,/Users/keith/Desktop/earnings calls 100 samples/HD_The_Home_Depot_Inc/hd_2024_q1/metadata/normalized_transcript.json,sha256:53c6e89590ebf9326e76d58bad4187620ed44be6296fef59a6f3dcd95d4c0df4,safe_to_download,3,false,false,false
sha256:208ec0e9f9464fac1219a2bf6,semantic_chunk,hd_2024_q1,HD,The Home Depot Inc.,2024 Q1,manual_local_transcript_chunk,/Users/keith/Desktop/earnings calls 100 samples/HD_The_Home_Depot_Inc/hd_2024_q1/chunks/transcript/chunk_13a19a5495bc29cf.txt,unknown,unknown,semantic_fallback,18861,21361,sha256:b48b9ec8389b99458d711c7cba456aea95e5c70498700269b2aa04a90f8283ac,sha256:5fb6c76e50954a347166ebfacfba091f9e7a5fed74984fe41ee6e65ed8b3dc2b,sha256:5c2a7c417b3bce31569d7afbef2336185cc0d09592553cab16002a6f39475428,/Users/keith/Desktop/earnings calls 100 samples/HD_The_Home_Depot_Inc/hd_2024_q1/metadata/normalized_transcript.json,sha256:aeb74d50394dd581fb5644744f55d4229a27fd54f297ee718e85ee32e781986a,safe_to_download,3,false,false,false
sha256:8adce6e871b1d19331775b63b,semantic_chunk,hd_2024_q1,HD,The Home Depot Inc.,2024 Q1,manual_local_transcript_chunk,/Users/keith/Desktop/earnings calls 100 samples/HD_The_Home_Depot_Inc/hd_2024_q1/chunks/transcript/chunk_8f9816ad402bd456.txt,unknown,unknown,semantic_fallback,21361,23861,sha256:b48b9ec8389b99458d711c7cba456aea95e5c70498700269b2aa04a90f8283ac,sha256:c765d6bcd7aa51a73c71ed0f3311b1fa6e9c42d0173f27246dad1d4ef928271c,sha256:5c2a7c417b3bce31569d7afbef2336185cc0d09592553cab16002a6f39475428,/Users/keith/Desktop/earnings calls 100 samples/HD_The_Home_Depot_Inc/hd_2024_q1/metadata/normalized_transcript.json,sha256:d289888934bff57650d65c5517ea760d7db22516cccc20117fef0c998d583dfe,safe_to_download,3,false,false,false
sha256:9ed274948cd3e8c44fbd2b3e6,semantic_chunk,hd_2024_q1,HD,The Home Depot Inc.,2024 Q1,manual_local_transcript_chunk,/Users/keith/Desktop/earnings calls 100 samples/HD_The_Home_Depot_Inc/hd_2024_q1/chunks/transcript/chunk_1c586b7dc2269b07.txt,unknown,unknown,semantic_fallback,23861,26361,sha256:b48b9ec8389b99458d711c7cba456aea95e5c70498700269b2aa04a90f8283ac,sha256:80aa772f87f985b56b250efc733e87947b3254c8735e98d7e781255042ecdbad,sha256:5c2a7c417b3bce31569d7afbef2336185cc0d09592553cab16002a6f39475428,/Users/keith/Desktop/earnings calls 100 samples/HD_The_Home_Depot_Inc/hd_2024_q1/metadata/normalized_transcript.json,sha256:80b6ab38087282959a000c606fe6e3adf4e6eda550d46887768b2c100a945320,safe_to_download,3,false,false,false
sha256:7e571dc655a662d7d0e6362af,semantic_chunk,hd_2024_q1,HD,The Home Depot Inc.,2024 Q1,manual_local_transcript_chunk,/Users/keith/Desktop/earnings calls 100 samples/HD_The_Home_Depot_Inc/hd_2024_q1/chunks/transcript/chunk_612d91492b401bae.txt,unknown,unknown,semantic_fallback,26361,28861,sha256:b48b9ec8389b99458d711c7cba456aea95e5c70498700269b2aa04a90f8283ac,sha256:0632a0e1f85c38a7a798ac61d05e1667ab4bca19e7f731086c04183674143b65,sha256:5c2a7c417b3bce31569d7afbef2336185cc0d09592553cab16002a6f39475428,/Users/keith/Desktop/earnings calls 100 samples/HD_The_Home_Depot_Inc/hd_2024_q1/metadata/normalized_transcript.json,sha256:8ca23a9b13b70a951d088a5ba9140466d65b5f953f717cb74190b9bd653a09f4,safe_to_download,3,false,false,false
sha256:9931f6ac9f155a1d7d9659eff,semantic_chunk,hd_2024_q1,HD,The Home Depot Inc.,2024 Q1,manual_local_transcript_chunk,/Users/keith/Desktop/earnings calls 100 samples/HD_The_Home_Depot_Inc/hd_2024_q1/chunks/transcript/chunk_6d63690b8f04cebc.txt,unknown,unknown,semantic_fallback,28861,31361,sha256:b48b9ec8389b99458d711c7cba456aea95e5c70498700269b2aa04a90f8283ac,sha256:95956ae30edb6fb6dede4848ad739fe36b20bb69aa9005430dfb6e562563986f,sha256:5c2a7c417b3bce31569d7afbef2336185cc0d09592553cab16002a6f39475428,/Users/keith/Desktop/earnings calls 100 samples/HD_The_Home_Depot_Inc/hd_2024_q1/metadata/normalized_transcript.json,sha256:a7e24176f2022d254487fc4daf0dec7243bcc5dfe406efac35160d7d48d34063,safe_to_download,3,false,false,false
sha256:ca1531b7e30e5a12881ec53e7,semantic_chunk,hd_2024_q1,HD,The Home Depot Inc.,2024 Q1,manual_local_transcript_chunk,/Users/keith/Desktop/earnings calls 100 samples/HD_The_Home_Depot_Inc/hd_2024_q1/chunks/transcript/chunk_858a290c69459591.txt,unknown,unknown,semantic_fallback,31361,33861,sha256:b48b9ec8389b99458d711c7cba456aea95e5c70498700269b2aa04a90f8283ac,sha256:8d325813f88fa58922789452b00b7e7e763a3c88074825061e88458af96a5996,sha256:5c2a7c417b3bce31569d7afbef2336185cc0d09592553cab16002a6f39475428,/Users/keith/Desktop/earnings calls 100 samples/HD_The_Home_Depot_Inc/hd_2024_q1/metadata/normalized_transcript.json,sha256:60e123891f448e46344e76d31c9e10737df6f9a9634a1df4382767a9938bb278,safe_to_download,3,false,false,false
sha256:736cb8d1d0907040b01701551,semantic_chunk,hd_2024_q1,HD,The Home Depot Inc.,2024 Q1,manual_local_transcript_chunk,/Users/keith/Desktop/earnings calls 100 samples/HD_The_Home_Depot_Inc/hd_2024_q1/chunks/transcript/chunk_37915db0cbbe77c8.txt,unknown,unknown,semantic_fallback,33861,36361,sha256:b48b9ec8389b99458d711c7cba456aea95e5c70498700269b2aa04a90f8283ac,sha256:dbb9f002922ecdb0447f5aac53b15209a4efb98d2c9002fb78f4427202350e4b,sha256:5c2a7c417b3bce31569d7afbef2336185cc0d09592553cab16002a6f39475428,/Users/keith/Desktop/earnings calls 100 samples/HD_The_Home_Depot_Inc/hd_2024_q1/metadata/normalized_transcript.json,sha256:605f7fa82445032baa28d6a8dfc653b9c07e9778bd8def466794eb8d8eabb23c,safe_to_download,3,false,false,false
sha256:59af2c4306140bad852da5342,semantic_chunk,hd_2024_q1,HD,The Home Depot Inc.,2024 Q1,manual_local_transcript_chunk,/Users/keith/Desktop/earnings calls 100 samples/HD_The_Home_Depot_Inc/hd_2024_q1/chunks/transcript/chunk_e07b2474183ca176.txt,unknown,unknown,semantic_fallback,36361,38861,sha256:b48b9ec8389b99458d711c7cba456aea95e5c70498700269b2aa04a90f8283ac,sha256:0cdcd5ef1ab6813bf02565900eef09c09dd1a1d0dab7753cc5f3604289291da2,sha256:5c2a7c417b3bce31569d7afbef2336185cc0d09592553cab16002a6f39475428,/Users/keith/Desktop/earnings calls 100 samples/HD_The_Home_Depot_Inc/hd_2024_q1/metadata/normalized_transcript.json,sha256:e11c42981ffff13004c02f78c99743e42858545495c33230f1fd1fba053c960d,safe_to_download,3,false,false,false
sha256:f0bff1391f4f94737a35d1f5c,semantic_chunk,hd_2024_q1,HD,The Home Depot Inc.,2024 Q1,manual_local_transcript_chunk,/Users/keith/Desktop/earnings calls 100 samples/HD_The_Home_Depot_Inc/hd_2024_q1/chunks/transcript/chunk_925767e265bc213b.txt,unknown,unknown,semantic_fallback,38861,41361,sha256:b48b9ec8389b99458d711c7cba456aea95e5c70498700269b2aa04a90f8283ac,sha256:504f1d52ba85cfff74c971258051a6c6860d6f3ddf1e3db59f2fb2780ed79d71,sha256:5c2a7c417b3bce31569d7afbef2336185cc0d09592553cab16002a6f39475428,/Users/keith/Desktop/earnings calls 100 samples/HD_The_Home_Depot_Inc/hd_2024_q1/metadata/normalized_transcript.json,sha256:6a0f0689f4db554337fa07e6304cc6b85472529cd4bd3043ca938d6f1d404b28,safe_to_download,3,false,false,false
sha256:9dec66e8ef22fc707583a1666,semantic_chunk,hd_2024_q1,HD,The Home Depot Inc.,2024 Q1,manual_local_transcript_chunk,/Users/keith/Desktop/earnings calls 100 samples/HD_The_Home_Depot_Inc/hd_2024_q1/chunks/transcript/chunk_ca22ab2ada7c2062.txt,unknown,unknown,semantic_fallback,41361,43861,sha256:b48b9ec8389b99458d711c7cba456aea95e5c70498700269b2aa04a90f8283ac,sha256:1524e87cef3dffa1a53bf4c6e2cc3811cf07887d59af123d508de765722cc676,sha256:5c2a7c417b3bce31569d7afbef2336185cc0d09592553cab16002a6f39475428,/Users/keith/Desktop/earnings calls 100 samples/HD_The_Home_Depot_Inc/hd_2024_q1/metadata/normalized_transcript.json,sha256:73ebe6e798fa1903fbc85e39687485458d192e56df0532ebc9f2346fcfbaeb78,safe_to_download,3,false,false,false
sha256:51ad4570c724bd0319ec4a5fc,semantic_chunk,hd_2024_q1,HD,The Home Depot Inc.,2024 Q1,manual_local_transcript_chunk,/Users/keith/Desktop/earnings calls 100 samples/HD_The_Home_Depot_Inc/hd_2024_q1/chunks/transcript/chunk_0afa43780ac130ef.txt,unknown,unknown,semantic_fallback,43861,46361,sha256:b48b9ec8389b99458d711c7cba456aea95e5c70498700269b2aa04a90f8283ac,sha256:d5c842630dcd6a9df2969299658b479648af523d22853f4d66c613f8bbfc29fe,sha256:5c2a7c417b3bce31569d7afbef2336185cc0d09592553cab16002a6f39475428,/Users/keith/Desktop/earnings calls 100 samples/HD_The_Home_Depot_Inc/hd_2024_q1/metadata/normalized_transcript.json,sha256:34a7e8624bb153f539bb585fc024d1ea8dd1e5516d259623410c74ffe6e1f0f2,safe_to_download,3,false,false,false
sha256:7fd5f857671e398cf1bef483b,semantic_chunk,hd_2024_q1,HD,The Home Depot Inc.,2024 Q1,manual_local_transcript_chunk,/Users/keith/Desktop/earnings calls 100 samples/HD_The_Home_Depot_Inc/hd_2024_q1/chunks/transcript/chunk_661d5584507a8dcb.txt,unknown,unknown,semantic_fallback,46361,48861,sha256:b48b9ec8389b99458d711c7cba456aea95e5c70498700269b2aa04a90f8283ac,sha256:e39b048f5a9f1163b54a5b8718bc61091c54109020099b3a8c3da38b72db39d5,sha256:5c2a7c417b3bce31569d7afbef2336185cc0d09592553cab16002a6f39475428,/Users/keith/Desktop/earnings calls 100 samples/HD_The_Home_Depot_Inc/hd_2024_q1/metadata/normalized_transcript.json,sha256:0d9c4e4038b9958d3e11985bde0843d635bba34b22ba4f650e275f7d1d960a82,safe_to_download,3,false,false,false
sha256:d39cea57bfe9fa4afb3c9cf4b,semantic_chunk,hd_2024_q1,HD,The Home Depot Inc.,2024 Q1,manual_local_transcript_chunk,/Users/keith/Desktop/earnings calls 100 samples/HD_The_Home_Depot_Inc/hd_2024_q1/chunks/transcript/chunk_8454a09b294d22a6.txt,unknown,unknown,semantic_fallback,48861,51361,sha256:b48b9ec8389b99458d711c7cba456aea95e5c70498700269b2aa04a90f8283ac,sha256:33adb2db07431c8c55eaefe9d8c568d6b45c91362e4102a6c4fc249a11c96d28,sha256:5c2a7c417b3bce31569d7afbef2336185cc0d09592553cab16002a6f39475428,/Users/keith/Desktop/earnings calls 100 samples/HD_The_Home_Depot_Inc/hd_2024_q1/metadata/normalized_transcript.json,sha256:80c7077e7523f78cfbb198e9244c144ba7932d7dfc88c0b7b9aea1aed2fe28ee,safe_to_download,3,false,false,false
sha256:3276741c9ab290f478b1b5d55,semantic_chunk,hd_2024_q1,HD,The Home Depot Inc.,2024 Q1,manual_local_transcript_chunk,/Users/keith/Desktop/earnings calls 100 samples/HD_The_Home_Depot_Inc/hd_2024_q1/chunks/transcript/chunk_0cd01c8cb331ae94.txt,unknown,unknown,semantic_fallback,51361,53614,sha256:b48b9ec8389b99458d711c7cba456aea95e5c70498700269b2aa04a90f8283ac,sha256:e569cf384da1949536e492bbb2a3c7a0d764b6aa71e2afb91791af35b6ad2174,sha256:5c2a7c417b3bce31569d7afbef2336185cc0d09592553cab16002a6f39475428,/Users/keith/Desktop/earnings calls 100 samples/HD_The_Home_Depot_Inc/hd_2024_q1/metadata/normalized_transcript.json,sha256:d47668589362198564666db3504cf5e43ae2af60e5489ac00396073036b98ea7,safe_to_download,3,false,false,false
sha256:14a1ebea6750513a0fb044c92,event_aligned_chunk,hd_2024_q2,HD,The Home Depot Inc.,2024 Q2,manual_local_transcript_chunk,/Users/keith/Desktop/earnings calls 100 samples/HD_The_Home_Depot_Inc/hd_2024_q2/chunks/transcript/chunk_27c65c3874744776.txt,prepared_remarks,management,prepared_remarks,84,261,sha256:3174638eac245995333789f2ecd92998ac55a9d590e6d5e13130d784923b04bf,sha256:c57524459ab0d442ed23031fc2a23b6374a7828a286ffe3f960279bb592af160,sha256:7bf93f4dd4bf928ab5b77b112bd349d0f67a05a36747b9a4ccecccd8ecf4fb5b,/Users/keith/Desktop/earnings calls 100 samples/HD_The_Home_Depot_Inc/hd_2024_q2/metadata/normalized_transcript.json,sha256:7b76eb0fba8023f9c8b28947242bf9e72a110946c091d65f88dc25df91215aec,safe_to_download,2,false,false,false
sha256:505e173deb05a65b042648c8b,semantic_chunk,hd_2024_q2,HD,The Home Depot Inc.,2024 Q2,manual_local_transcript_chunk,/Users/keith/Desktop/earnings calls 100 samples/HD_The_Home_Depot_Inc/hd_2024_q2/chunks/transcript/chunk_2f78d212316bcdda.txt,unknown,unknown,semantic_fallback,3862,6362,sha256:3174638eac245995333789f2ecd92998ac55a9d590e6d5e13130d784923b04bf,sha256:b03fedd3308de535569bd29b1bacab95e0d48042d5b498844e8e6577d2566525,sha256:7bf93f4dd4bf928ab5b77b112bd349d0f67a05a36747b9a4ccecccd8ecf4fb5b,/Users/keith/Desktop/earnings calls 100 samples/HD_The_Home_Depot_Inc/hd_2024_q2/metadata/normalized_transcript.json,sha256:bf9dff60636a70cbd0cb5aa4e0ed5c392b080eb7e3c26497752d7be8c828196e,safe_to_download,3,false,false,false
sha256:a92ee61b57772125e440cca82,semantic_chunk,hd_2024_q2,HD,The Home Depot Inc.,2024 Q2,manual_local_transcript_chunk,/Users/keith/Desktop/earnings calls 100 samples/HD_The_Home_Depot_Inc/hd_2024_q2/chunks/transcript/chunk_7d6f949abfe0f0b1.txt,unknown,unknown,semantic_fallback,6362,8862,sha256:3174638eac245995333789f2ecd92998ac55a9d590e6d5e13130d784923b04bf,sha256:e775e13a506dcd7156e53e1180cddbd8c64c4e09271a1e685a647b8f25b1b449,sha256:7bf93f4dd4bf928ab5b77b112bd349d0f67a05a36747b9a4ccecccd8ecf4fb5b,/Users/keith/Desktop/earnings calls 100 samples/HD_The_Home_Depot_Inc/hd_2024_q2/metadata/normalized_transcript.json,sha256:d5bcd369999bb4da1507997f19f78a48d0230dfbe8acf7ba00525161dcb32ed2,safe_to_download,3,false,false,false
sha256:756f62fdf50a5b3f705c44cb3,semantic_chunk,hd_2024_q2,HD,The Home Depot Inc.,2024 Q2,manual_local_transcript_chunk,/Users/keith/Desktop/earnings calls 100 samples/HD_The_Home_Depot_Inc/hd_2024_q2/chunks/transcript/chunk_64d47ba2da55c116.txt,unknown,unknown,semantic_fallback,8862,11362,sha256:3174638eac245995333789f2ecd92998ac55a9d590e6d5e13130d784923b04bf,sha256:e77bde87772ea4c497f1201d289057f5992f45183fd3cc9c645da39613d3dcf9,sha256:7bf93f4dd4bf928ab5b77b112bd349d0f67a05a36747b9a4ccecccd8ecf4fb5b,/Users/keith/Desktop/earnings calls 100 samples/HD_The_Home_Depot_Inc/hd_2024_q2/metadata/normalized_transcript.json,sha256:fd0f7149e904548d7b5d79f7f626cbe9bc7570fc27083b1ceaee146d578528c0,safe_to_download,3,false,false,false
sha256:00dba2a5f48a154eb567d11b3,semantic_chunk,hd_2024_q2,HD,The Home Depot Inc.,2024 Q2,manual_local_transcript_chunk,/Users/keith/Desktop/earnings calls 100 samples/HD_The_Home_Depot_Inc/hd_2024_q2/chunks/transcript/chunk_940c0cd58fd4c302.txt,unknown,unknown,semantic_fallback,11362,13862,sha256:3174638eac245995333789f2ecd92998ac55a9d590e6d5e13130d784923b04bf,sha256:6eb455c37216bdc7697cceee1f5dd4d7d1536c0ea6c87e19a40c91ae42678da6,sha256:7bf93f4dd4bf928ab5b77b112bd349d0f67a05a36747b9a4ccecccd8ecf4fb5b,/Users/keith/Desktop/earnings calls 100 samples/HD_The_Home_Depot_Inc/hd_2024_q2/metadata/normalized_transcript.json,sha256:dcb358ad4e4674ed4eaa2f9fbdfe18442494895469805f8aab07fbc11241919b,safe_to_download,3,false,false,false
sha256:7c603a7268e20c59250eb12cd,semantic_chunk,hd_2024_q2,HD,The Home Depot Inc.,2024 Q2,manual_local_transcript_chunk,/Users/keith/Desktop/earnings calls 100 samples/HD_The_Home_Depot_Inc/hd_2024_q2/chunks/transcript/chunk_22c2f710b3184daa.txt,unknown,unknown,semantic_fallback,13862,16362,sha256:3174638eac245995333789f2ecd92998ac55a9d590e6d5e13130d784923b04bf,sha256:be978a8cb0ddacf1b6840364cef497df71c171317c79ae3c9786f86a6d333e79,sha256:7bf93f4dd4bf928ab5b77b112bd349d0f67a05a36747b9a4ccecccd8ecf4fb5b,/Users/keith/Desktop/earnings calls 100 samples/HD_The_Home_Depot_Inc/hd_2024_q2/metadata/normalized_transcript.json,sha256:a62aad7f4b2acf14918c7b89394409a5ef6affdf8b809fd2c2fd2470dda57baf,safe_to_download,3,false,false,false
sha256:fc50e2a5aa8cd450116b4c380,semantic_chunk,hd_2024_q2,HD,The Home Depot Inc.,2024 Q2,manual_local_transcript_chunk,/Users/keith/Desktop/earnings calls 100 samples/HD_The_Home_Depot_Inc/hd_2024_q2/chunks/transcript/chunk_f5110849ead725ac.txt,unknown,unknown,semantic_fallback,16362,18862,sha256:3174638eac245995333789f2ecd92998ac55a9d590e6d5e13130d784923b04bf,sha256:8620f35f4a36714f28e61a03a112e4702f065ea76d35b1fc57dfe46cb394aaa6,sha256:7bf93f4dd4bf928ab5b77b112bd349d0f67a05a36747b9a4ccecccd8ecf4fb5b,/Users/keith/Desktop/earnings calls 100 samples/HD_The_Home_Depot_Inc/hd_2024_q2/metadata/normalized_transcript.json,sha256:555a8ca2a2d52e019421d127cb111a065fff46485a4cecde29ffbbdfbf6ed7dc,safe_to_download,3,false,false,false
sha256:aaf80e448977968b5a9478602,semantic_chunk,hd_2024_q2,HD,The Home Depot Inc.,2024 Q2,manual_local_transcript_chunk,/Users/keith/Desktop/earnings calls 100 samples/HD_The_Home_Depot_Inc/hd_2024_q2/chunks/transcript/chunk_298ca62da21bdf4a.txt,unknown,unknown,semantic_fallback,18862,21362,sha256:3174638eac245995333789f2ecd92998ac55a9d590e6d5e13130d784923b04bf,sha256:a24cd383c6bf6e1065239260eef5bbab3f9a0274b463787db20e4fc6c184ecd2,sha256:7bf93f4dd4bf928ab5b77b112bd349d0f67a05a36747b9a4ccecccd8ecf4fb5b,/Users/keith/Desktop/earnings calls 100 samples/HD_The_Home_Depot_Inc/hd_2024_q2/metadata/normalized_transcript.json,sha256:dec060c1a0b9e01a08bb521e24f30b5bf675f047b04ecc4a5b93805eec564d2e,safe_to_download,3,false,false,false
sha256:c55bbbfdc2113683e8619a37d,semantic_chunk,hd_2024_q2,HD,The Home Depot Inc.,2024 Q2,manual_local_transcript_chunk,/Users/keith/Desktop/earnings calls 100 samples/HD_The_Home_Depot_Inc/hd_2024_q2/chunks/transcript/chunk_aa184ad2a2c346ec.txt,unknown,unknown,semantic_fallback,21362,23862,sha256:3174638eac245995333789f2ecd92998ac55a9d590e6d5e13130d784923b04bf,sha256:6b8013b6ef10e3372497df45c06a6c002167527b61962fbfb0a5533ee7672b6a,sha256:7bf93f4dd4bf928ab5b77b112bd349d0f67a05a36747b9a4ccecccd8ecf4fb5b,/Users/keith/Desktop/earnings calls 100 samples/HD_The_Home_Depot_Inc/hd_2024_q2/metadata/normalized_transcript.json,sha256:2fe4b71285d94eed12246804f7b5291206fbcb3a1fa2050b563237096cb1173e,safe_to_download,3,false,false,false
sha256:a2f5ac451a35e7314297b72ea,semantic_chunk,hd_2024_q2,HD,The Home Depot Inc.,2024 Q2,manual_local_transcript_chunk,/Users/keith/Desktop/earnings calls 100 samples/HD_The_Home_Depot_Inc/hd_2024_q2/chunks/transcript/chunk_c0dc00ce729eb7ea.txt,unknown,unknown,semantic_fallback,23862,26362,sha256:3174638eac245995333789f2ecd92998ac55a9d590e6d5e13130d784923b04bf,sha256:df345e01fee69e9d13726a8ee3ab5a2bbbc07073e933a17d871739b2bc72be60,sha256:7bf93f4dd4bf928ab5b77b112bd349d0f67a05a36747b9a4ccecccd8ecf4fb5b,/Users/keith/Desktop/earnings calls 100 samples/HD_The_Home_Depot_Inc/hd_2024_q2/metadata/normalized_transcript.json,sha256:c5d890ee03307125c61ba772bda794966bac2d9732b7da6b179d1b5166974f91,safe_to_download,3,false,false,false
sha256:3498c9328a20ce88a2300e79e,semantic_chunk,hd_2024_q2,HD,The Home Depot Inc.,2024 Q2,manual_local_transcript_chunk,/Users/keith/Desktop/earnings calls 100 samples/HD_The_Home_Depot_Inc/hd_2024_q2/chunks/transcript/chunk_0d4ad3fd6ae3baf2.txt,unknown,unknown,semantic_fallback,26362,28862,sha256:3174638eac245995333789f2ecd92998ac55a9d590e6d5e13130d784923b04bf,sha256:ef2670f5a20f5fe0d08929ead2bf01b37d14ef52e13c49d0b81cf898da529151,sha256:7bf93f4dd4bf928ab5b77b112bd349d0f67a05a36747b9a4ccecccd8ecf4fb5b,/Users/keith/Desktop/earnings calls 100 samples/HD_The_Home_Depot_Inc/hd_2024_q2/metadata/normalized_transcript.json,sha256:270dde0c5dce1d8ca9def5b8b3860e6bb77c308d97f4136b8f92795ad498d65b,safe_to_download,3,false,false,false
sha256:0648d37c574f91b73595e30f3,semantic_chunk,hd_2024_q2,HD,The Home Depot Inc.,2024 Q2,manual_local_transcript_chunk,/Users/keith/Desktop/earnings calls 100 samples/HD_The_Home_Depot_Inc/hd_2024_q2/chunks/transcript/chunk_c8ed45286c4c9997.txt,unknown,unknown,semantic_fallback,28862,31362,sha256:3174638eac245995333789f2ecd92998ac55a9d590e6d5e13130d784923b04bf,sha256:21c9f87c468e1010e91ad9eedd51d0791539bfa70ad922b6f211acdc5f3d840b,sha256:7bf93f4dd4bf928ab5b77b112bd349d0f67a05a36747b9a4ccecccd8ecf4fb5b,/Users/keith/Desktop/earnings calls 100 samples/HD_The_Home_Depot_Inc/hd_2024_q2/metadata/normalized_transcript.json,sha256:d4604a3522675107b099edab9ce68de401c7703fc7414b7c8411f424f25d8bc4,safe_to_download,3,false,false,false
sha256:f8d0c87bbeadbc097f70f14b5,semantic_chunk,hd_2024_q2,HD,The Home Depot Inc.,2024 Q2,manual_local_transcript_chunk,/Users/keith/Desktop/earnings calls 100 samples/HD_The_Home_Depot_Inc/hd_2024_q2/chunks/transcript/chunk_d0ba4cf09f6e0aec.txt,unknown,unknown,semantic_fallback,31362,33862,sha256:3174638eac245995333789f2ecd92998ac55a9d590e6d5e13130d784923b04bf,sha256:042546652d822725c67bab2165732b8bcb713c36da87b035a6c6d249dd5891a0,sha256:7bf93f4dd4bf928ab5b77b112bd349d0f67a05a36747b9a4ccecccd8ecf4fb5b,/Users/keith/Desktop/earnings calls 100 samples/HD_The_Home_Depot_Inc/hd_2024_q2/metadata/normalized_transcript.json,sha256:a1056a92c22e0b08cf9516e7f61f30cacee00a4b9b157e69b598b7297fdbb6ce,safe_to_download,3,false,false,false
sha256:18f6c30db02f3b2e45567bcd8,semantic_chunk,hd_2024_q2,HD,The Home Depot Inc.,2024 Q2,manual_local_transcript_chunk,/Users/keith/Desktop/earnings calls 100 samples/HD_The_Home_Depot_Inc/hd_2024_q2/chunks/transcript/chunk_d77b12e478fb76dd.txt,unknown,unknown,semantic_fallback,33862,36362,sha256:3174638eac245995333789f2ecd92998ac55a9d590e6d5e13130d784923b04bf,sha256:f8f082f91e1007dd718ac4c7e9c46f3ea6afec10e42f5396e83a0aa1a101c95d,sha256:7bf93f4dd4bf928ab5b77b112bd349d0f67a05a36747b9a4ccecccd8ecf4fb5b,/Users/keith/Desktop/earnings calls 100 samples/HD_The_Home_Depot_Inc/hd_2024_q2/metadata/normalized_transcript.json,sha256:68a5f1d6d0cae4a87dff9f9a40a3512dab944d8d5318e8b6bc1451358b3e45c6,safe_to_download,3,false,false,false
sha256:3d584e5dfae7c49c71ef0d52d,semantic_chunk,hd_2024_q2,HD,The Home Depot Inc.,2024 Q2,manual_local_transcript_chunk,/Users/keith/Desktop/earnings calls 100 samples/HD_The_Home_Depot_Inc/hd_2024_q2/chunks/transcript/chunk_e03b9847452d2552.txt,unknown,unknown,semantic_fallback,36362,38862,sha256:3174638eac245995333789f2ecd92998ac55a9d590e6d5e13130d784923b04bf,sha256:c1fdb63c2d12f21d49f359f8a744b9844f53a30c2ad2f249ccbbaeea45ecf398,sha256:7bf93f4dd4bf928ab5b77b112bd349d0f67a05a36747b9a4ccecccd8ecf4fb5b,/Users/keith/Desktop/earnings calls 100 samples/HD_The_Home_Depot_Inc/hd_2024_q2/metadata/normalized_transcript.json,sha256:52d739b7582dd03f0c1de6e4978f08455ae732d1fb6083b42b2fdc0b062f950b,safe_to_download,3,false,false,false
sha256:33c4aee3cacf7d3cb3e738d93,semantic_chunk,hd_2024_q2,HD,The Home Depot Inc.,2024 Q2,manual_local_transcript_chunk,/Users/keith/Desktop/earnings calls 100 samples/HD_The_Home_Depot_Inc/hd_2024_q2/chunks/transcript/chunk_7867a913ea4f8348.txt,unknown,unknown,semantic_fallback,38862,41362,sha256:3174638eac245995333789f2ecd92998ac55a9d590e6d5e13130d784923b04bf,sha256:cd42b86284cba76dda2790e5aa2b498ba50700c64290685947d7c093a4bb0bb3,sha256:7bf93f4dd4bf928ab5b77b112bd349d0f67a05a36747b9a4ccecccd8ecf4fb5b,/Users/keith/Desktop/earnings calls 100 samples/HD_The_Home_Depot_Inc/hd_2024_q2/metadata/normalized_transcript.json,sha256:cef2c3599df21df07b7791e57c37c5233ef8231b5f7049f9127743124edbd342,safe_to_download,3,false,false,false
sha256:279ea6c59aacdb764eff7aab1,semantic_chunk,hd_2024_q2,HD,The Home Depot Inc.,2024 Q2,manual_local_transcript_chunk,/Users/keith/Desktop/earnings calls 100 samples/HD_The_Home_Depot_Inc/hd_2024_q2/chunks/transcript/chunk_23358000531fd895.txt,unknown,unknown,semantic_fallback,41362,43862,sha256:3174638eac245995333789f2ecd92998ac55a9d590e6d5e13130d784923b04bf,sha256:6cfff0289bf539e44612cd06ab66f48f807d93e7e53cbd5d822f1a906336f54f,sha256:7bf93f4dd4bf928ab5b77b112bd349d0f67a05a36747b9a4ccecccd8ecf4fb5b,/Users/keith/Desktop/earnings calls 100 samples/HD_The_Home_Depot_Inc/hd_2024_q2/metadata/normalized_transcript.json,sha256:f61b379b349f754eb4f328e015b070f5fcff00db88864072060b46bbfb15b5c5,safe_to_download,3,false,false,false
sha256:5e85e099850308b6efa2ded08,semantic_chunk,hd_2024_q2,HD,The Home Depot Inc.,2024 Q2,manual_local_transcript_chunk,/Users/keith/Desktop/earnings calls 100 samples/HD_The_Home_Depot_Inc/hd_2024_q2/chunks/transcript/chunk_0a1142833707f821.txt,unknown,unknown,semantic_fallback,43862,46362,sha256:3174638eac245995333789f2ecd92998ac55a9d590e6d5e13130d784923b04bf,sha256:d31ad627b96ef7fa888d3cb0f70f7e1adff8db3792244fb8d6d2f0dcce1afb29,sha256:7bf93f4dd4bf928ab5b77b112bd349d0f67a05a36747b9a4ccecccd8ecf4fb5b,/Users/keith/Desktop/earnings calls 100 samples/HD_The_Home_Depot_Inc/hd_2024_q2/metadata/normalized_transcript.json,sha256:213666f8d98c133e8c72554ddc2ac83174ed6b5fd19ee4deb4e75f4a79f5e744,safe_to_download,3,false,false,false
sha256:bbea69588e6835faca4d9fd19,semantic_chunk,hd_2024_q2,HD,The Home Depot Inc.,2024 Q2,manual_local_transcript_chunk,/Users/keith/Desktop/earnings calls 100 samples/HD_The_Home_Depot_Inc/hd_2024_q2/chunks/transcript/chunk_168b665a5f5d2b9d.txt,unknown,unknown,semantic_fallback,46362,48862,sha256:3174638eac245995333789f2ecd92998ac55a9d590e6d5e13130d784923b04bf,sha256:270501a9afbdfccffb4581b0d6400c4032c8c5c4b6992eabc345f9b3835988b7,sha256:7bf93f4dd4bf928ab5b77b112bd349d0f67a05a36747b9a4ccecccd8ecf4fb5b,/Users/keith/Desktop/earnings calls 100 samples/HD_The_Home_Depot_Inc/hd_2024_q2/metadata/normalized_transcript.json,sha256:acb2b9489bde18f50888ce74a29f0b85c105be01a3877a7c7bb948e384176d8b,safe_to_download,3,false,false,false
sha256:fe73cebcc4e64a44a291de81b,semantic_chunk,hd_2024_q2,HD,The Home Depot Inc.,2024 Q2,manual_local_transcript_chunk,/Users/keith/Desktop/earnings calls 100 samples/HD_The_Home_Depot_Inc/hd_2024_q2/chunks/transcript/chunk_6e3b57a8456f6848.txt,unknown,unknown,semantic_fallback,48862,51362,sha256:3174638eac245995333789f2ecd92998ac55a9d590e6d5e13130d784923b04bf,sha256:cbabe05224b5e3952dda50a9071c3d0d92d866115ebcd2e31ac8c692cad00f34,sha256:7bf93f4dd4bf928ab5b77b112bd349d0f67a05a36747b9a4ccecccd8ecf4fb5b,/Users/keith/Desktop/earnings calls 100 samples/HD_The_Home_Depot_Inc/hd_2024_q2/metadata/normalized_transcript.json,sha256:61e82085734f8fb333d41e0cb6857ce0316eb3f0877665bc8a90fc2ac261f4b1,safe_to_download,3,false,false,false
sha256:da03e9a50d5b8496c79db3914,semantic_chunk,hd_2024_q2,HD,The Home Depot Inc.,2024 Q2,manual_local_transcript_chunk,/Users/keith/Desktop/earnings calls 100 samples/HD_The_Home_Depot_Inc/hd_2024_q2/chunks/transcript/chunk_d3c380a6ce2833a4.txt,unknown,unknown,semantic_fallback,51362,53862,sha256:3174638eac245995333789f2ecd92998ac55a9d590e6d5e13130d784923b04bf,sha256:b8bbc72336b11231e48602ca482ce03d61811d6318bcf7aa1d587a4ef5c9fa16,sha256:7bf93f4dd4bf928ab5b77b112bd349d0f67a05a36747b9a4ccecccd8ecf4fb5b,/Users/keith/Desktop/earnings calls 100 samples/HD_The_Home_Depot_Inc/hd_2024_q2/metadata/normalized_transcript.json,sha256:45382bd7b2311f3e58879423c548fc53a6fce7f772fc8f85b7ceeca72b5d9026,safe_to_download,3,false,false,false
sha256:19a245481e208bd615c92796a,semantic_chunk,hd_2024_q2,HD,The Home Depot Inc.,2024 Q2,manual_local_transcript_chunk,/Users/keith/Desktop/earnings calls 100 samples/HD_The_Home_Depot_Inc/hd_2024_q2/chunks/transcript/chunk_c1d96d82774a42e5.txt,unknown,unknown,semantic_fallback,53862,54002,sha256:3174638eac245995333789f2ecd92998ac55a9d590e6d5e13130d784923b04bf,sha256:9106f9ccd2e1643fa33a33a00b0c2e553a091a2571f1c08098f4b2e4b8f23952,sha256:7bf93f4dd4bf928ab5b77b112bd349d0f67a05a36747b9a4ccecccd8ecf4fb5b,/Users/keith/Desktop/earnings calls 100 samples/HD_The_Home_Depot_Inc/hd_2024_q2/metadata/normalized_transcript.json,sha256:9903e3ebae2431225b9d9fa4f94f27784084669abbf8668ef6fd143379c9e42e,safe_to_download,3,false,false,false
sha256:ee9b6cf27233897804c4687a5,event_aligned_chunk,hd_2024_q3,HD,The Home Depot Inc.,2024 Q3,manual_local_transcript_chunk,/Users/keith/Desktop/earnings calls 100 samples/HD_The_Home_Depot_Inc/hd_2024_q3/chunks/transcript/chunk_aab60be671c4ec6c.txt,prepared_remarks,management,prepared_remarks,86,263,sha256:7615358920d80acfbd3262943496d8570827676fe39d2c38aecdf4e7ba2d2fc6,sha256:f11127ce7fbd191abdb25f1869975f0ce854c721f18323ab134df35dbee028ad,sha256:e8e45598dae822f29006156b2a47b06a43f1c62013e129cede330b85f4220ffc,/Users/keith/Desktop/earnings calls 100 samples/HD_The_Home_Depot_Inc/hd_2024_q3/metadata/normalized_transcript.json,sha256:2a9531595207d32767496072314170b451418f3e236700c0e665f78a287df205,safe_to_download,2,false,false,false
sha256:c93fe61acb1e3b3afe3644d18,semantic_chunk,hd_2024_q3,HD,The Home Depot Inc.,2024 Q3,manual_local_transcript_chunk,/Users/keith/Desktop/earnings calls 100 samples/HD_The_Home_Depot_Inc/hd_2024_q3/chunks/transcript/chunk_a1d0a5ef1ac71a92.txt,unknown,unknown,semantic_fallback,3863,6363,sha256:7615358920d80acfbd3262943496d8570827676fe39d2c38aecdf4e7ba2d2fc6,sha256:e3008d30b91347ad4ac82a417dd3e1b3a3b655b67b459c5836a93203b53ec319,sha256:e8e45598dae822f29006156b2a47b06a43f1c62013e129cede330b85f4220ffc,/Users/keith/Desktop/earnings calls 100 samples/HD_The_Home_Depot_Inc/hd_2024_q3/metadata/normalized_transcript.json,sha256:61b42cd7144e58aea741137dcd8128cf7dc15b864b56347efd788c6cd2ab8c16,safe_to_download,3,false,false,false
sha256:a93a26c0c28026b836fd3b440,semantic_chunk,hd_2024_q3,HD,The Home Depot Inc.,2024 Q3,manual_local_transcript_chunk,/Users/keith/Desktop/earnings calls 100 samples/HD_The_Home_Depot_Inc/hd_2024_q3/chunks/transcript/chunk_b5db544e75eb4e67.txt,unknown,unknown,semantic_fallback,6363,8863,sha256:7615358920d80acfbd3262943496d8570827676fe39d2c38aecdf4e7ba2d2fc6,sha256:4a99769fea6ab621b43fed2d7717cd24f006bc1a8eb4234263549c8f6dfef85d,sha256:e8e45598dae822f29006156b2a47b06a43f1c62013e129cede330b85f4220ffc,/Users/keith/Desktop/earnings calls 100 samples/HD_The_Home_Depot_Inc/hd_2024_q3/metadata/normalized_transcript.json,sha256:f48d8bee6700bd91c9b7d1e1a4f07e750b5e0d68094399dcb6e37ca000f99d99,safe_to_download,3,false,false,false
sha256:c4bdb8d73a9468402f9c37fe8,semantic_chunk,hd_2024_q3,HD,The Home Depot Inc.,2024 Q3,manual_local_transcript_chunk,/Users/keith/Desktop/earnings calls 100 samples/HD_The_Home_Depot_Inc/hd_2024_q3/chunks/transcript/chunk_5bec778b4c895c40.txt,unknown,unknown,semantic_fallback,8863,11363,sha256:7615358920d80acfbd3262943496d8570827676fe39d2c38aecdf4e7ba2d2fc6,sha256:8e778f2cfce1dafca231e235ba2d44f1e4b8c3ea30cfd7b6709b94ed0cb8661f,sha256:e8e45598dae822f29006156b2a47b06a43f1c62013e129cede330b85f4220ffc,/Users/keith/Desktop/earnings calls 100 samples/HD_The_Home_Depot_Inc/hd_2024_q3/metadata/normalized_transcript.json,sha256:e039042e6968e7bfcde8bc2130c46253aec4c73f1f75987fe3ae7d8c76ef783e,safe_to_download,3,false,false,false
sha256:ea944bb90ae8ce506cce801ab,semantic_chunk,hd_2024_q3,HD,The Home Depot Inc.,2024 Q3,manual_local_transcript_chunk,/Users/keith/Desktop/earnings calls 100 samples/HD_The_Home_Depot_Inc/hd_2024_q3/chunks/transcript/chunk_198aa77d9231002e.txt,unknown,unknown,semantic_fallback,11363,13863,sha256:7615358920d80acfbd3262943496d8570827676fe39d2c38aecdf4e7ba2d2fc6,sha256:cb7834ef4cae1b680e5fbdbbd983a16091e3f9784fb8576a6d61e05c16dcd344,sha256:e8e45598dae822f29006156b2a47b06a43f1c62013e129cede330b85f4220ffc,/Users/keith/Desktop/earnings calls 100 samples/HD_The_Home_Depot_Inc/hd_2024_q3/metadata/normalized_transcript.json,sha256:c3ed229f3710c46af266e0c2ac3345c4f1dbf10a1bebde07b4dfca9028ad5fd9,safe_to_download,3,false,false,false
sha256:e1944dc145ae844c33ce927eb,semantic_chunk,hd_2024_q3,HD,The Home Depot Inc.,2024 Q3,manual_local_transcript_chunk,/Users/keith/Desktop/earnings calls 100 samples/HD_The_Home_Depot_Inc/hd_2024_q3/chunks/transcript/chunk_d7d6eec56856ea58.txt,unknown,unknown,semantic_fallback,13863,16363,sha256:7615358920d80acfbd3262943496d8570827676fe39d2c38aecdf4e7ba2d2fc6,sha256:6c057516b8ab386d0fca79529c43809d6ea59e686229fe82062663194b5368b3,sha256:e8e45598dae822f29006156b2a47b06a43f1c62013e129cede330b85f4220ffc,/Users/keith/Desktop/earnings calls 100 samples/HD_The_Home_Depot_Inc/hd_2024_q3/metadata/normalized_transcript.json,sha256:a4ad579ed9dd21275c63b380fd0f991a016056c1f278e183591476a3944a3b7e,safe_to_download,3,false,false,false
sha256:4039412d46454d67c813f038b,semantic_chunk,hd_2024_q3,HD,The Home Depot Inc.,2024 Q3,manual_local_transcript_chunk,/Users/keith/Desktop/earnings calls 100 samples/HD_The_Home_Depot_Inc/hd_2024_q3/chunks/transcript/chunk_d04ac8d8bc9a9815.txt,unknown,unknown,semantic_fallback,16363,18863,sha256:7615358920d80acfbd3262943496d8570827676fe39d2c38aecdf4e7ba2d2fc6,sha256:10aeff0acc5f9d39bde1fe82525789a855c859a7c1d2ec10ecdf133b5ca4642c,sha256:e8e45598dae822f29006156b2a47b06a43f1c62013e129cede330b85f4220ffc,/Users/keith/Desktop/earnings calls 100 samples/HD_The_Home_Depot_Inc/hd_2024_q3/metadata/normalized_transcript.json,sha256:bff0b4236e80b41221a91b7c826bfccbc3dec73c47fc9885a3c67da92f70a377,safe_to_download,3,false,false,false
sha256:acf50e424091967f9aa1a206b,semantic_chunk,hd_2024_q3,HD,The Home Depot Inc.,2024 Q3,manual_local_transcript_chunk,/Users/keith/Desktop/earnings calls 100 samples/HD_The_Home_Depot_Inc/hd_2024_q3/chunks/transcript/chunk_3feb49a11108fbfb.txt,unknown,unknown,semantic_fallback,18863,21363,sha256:7615358920d80acfbd3262943496d8570827676fe39d2c38aecdf4e7ba2d2fc6,sha256:8697791d975acff5be36a94fe2364d12dfe97e27b699c5d15fd69e5fc059b8a6,sha256:e8e45598dae822f29006156b2a47b06a43f1c62013e129cede330b85f4220ffc,/Users/keith/Desktop/earnings calls 100 samples/HD_The_Home_Depot_Inc/hd_2024_q3/metadata/normalized_transcript.json,sha256:6d668d7e572d77e92880f6f3e012b486c6b96df271adbdc583ce76d69ec0fb9d,safe_to_download,3,false,false,false
sha256:a6dcfa431baa06f0503698551,semantic_chunk,hd_2024_q3,HD,The Home Depot Inc.,2024 Q3,manual_local_transcript_chunk,/Users/keith/Desktop/earnings calls 100 samples/HD_The_Home_Depot_Inc/hd_2024_q3/chunks/transcript/chunk_6dee594d38a6e85a.txt,unknown,unknown,semantic_fallback,21363,23863,sha256:7615358920d80acfbd3262943496d8570827676fe39d2c38aecdf4e7ba2d2fc6,sha256:161953f69764127d17b130ae8ec795cfcb8b17468c0d6588f1bc21c06ed36ab7,sha256:e8e45598dae822f29006156b2a47b06a43f1c62013e129cede330b85f4220ffc,/Users/keith/Desktop/earnings calls 100 samples/HD_The_Home_Depot_Inc/hd_2024_q3/metadata/normalized_transcript.json,sha256:38cb89fc22ceb3146ea60ca9157cb3d6b08481347581f49f23177b02f7ccc463,safe_to_download,3,false,false,false
sha256:c9e0d3e5a1aa0a03df83e05cf,semantic_chunk,hd_2024_q3,HD,The Home Depot Inc.,2024 Q3,manual_local_transcript_chunk,/Users/keith/Desktop/earnings calls 100 samples/HD_The_Home_Depot_Inc/hd_2024_q3/chunks/transcript/chunk_942ff2fd62e55548.txt,unknown,unknown,semantic_fallback,23863,26363,sha256:7615358920d80acfbd3262943496d8570827676fe39d2c38aecdf4e7ba2d2fc6,sha256:fd3f7bd2985ebef2e2e62038eb46fc51ea7a6709ce0030ba79133373ecd78b16,sha256:e8e45598dae822f29006156b2a47b06a43f1c62013e129cede330b85f4220ffc,/Users/keith/Desktop/earnings calls 100 samples/HD_The_Home_Depot_Inc/hd_2024_q3/metadata/normalized_transcript.json,sha256:5d7904653b6be277b12ee309569e22cfa4e7f9cea422f564e4f7d80690371d54,safe_to_download,3,false,false,false
sha256:982c62f2ec2e7e771bdba3791,semantic_chunk,hd_2024_q3,HD,The Home Depot Inc.,2024 Q3,manual_local_transcript_chunk,/Users/keith/Desktop/earnings calls 100 samples/HD_The_Home_Depot_Inc/hd_2024_q3/chunks/transcript/chunk_4a21d1c3221eb0ee.txt,unknown,unknown,semantic_fallback,26363,28863,sha256:7615358920d80acfbd3262943496d8570827676fe39d2c38aecdf4e7ba2d2fc6,sha256:ab93667f6bdf995a98590e6c58550fb1bd78fe0585044b8b9d754ad494cb0d78,sha256:e8e45598dae822f29006156b2a47b06a43f1c62013e129cede330b85f4220ffc,/Users/keith/Desktop/earnings calls 100 samples/HD_The_Home_Depot_Inc/hd_2024_q3/metadata/normalized_transcript.json,sha256:ccd72d9ec04a6c156d298f1a4928024bcc4e04f388e6d2ba002235b758d1243b,safe_to_download,3,false,false,false
sha256:74f261db99de68ee44892ce54,semantic_chunk,hd_2024_q3,HD,The Home Depot Inc.,2024 Q3,manual_local_transcript_chunk,/Users/keith/Desktop/earnings calls 100 samples/HD_The_Home_Depot_Inc/hd_2024_q3/chunks/transcript/chunk_22e54ff8805fb30b.txt,unknown,unknown,semantic_fallback,28863,31363,sha256:7615358920d80acfbd3262943496d8570827676fe39d2c38aecdf4e7ba2d2fc6,sha256:ae8296a9251f401f6f429cbcf33352ebecab1e4f30baee8ee09a41c779c964c0,sha256:e8e45598dae822f29006156b2a47b06a43f1c62013e129cede330b85f4220ffc,/Users/keith/Desktop/earnings calls 100 samples/HD_The_Home_Depot_Inc/hd_2024_q3/metadata/normalized_transcript.json,sha256:073322468a9065302ece5e70835bd1fb4d14cbbfba86953b66893c98656d1899,safe_to_download,3,false,false,false
sha256:9546a6c0da70cd6f9a45fd380,semantic_chunk,hd_2024_q3,HD,The Home Depot Inc.,2024 Q3,manual_local_transcript_chunk,/Users/keith/Desktop/earnings calls 100 samples/HD_The_Home_Depot_Inc/hd_2024_q3/chunks/transcript/chunk_8b485e581ae65d89.txt,unknown,unknown,semantic_fallback,31363,33863,sha256:7615358920d80acfbd3262943496d8570827676fe39d2c38aecdf4e7ba2d2fc6,sha256:a10f6722924e1d979a1edd622b9e5371baba8a3e8362b56da2d278c4f1c2f859,sha256:e8e45598dae822f29006156b2a47b06a43f1c62013e129cede330b85f4220ffc,/Users/keith/Desktop/earnings calls 100 samples/HD_The_Home_Depot_Inc/hd_2024_q3/metadata/normalized_transcript.json,sha256:8814e760af13fab58149ca0634ea1581183083218f8f184332165c48f1a16bba,safe_to_download,3,false,false,false
sha256:af3c5df75adbdddc0e88fbe11,semantic_chunk,hd_2024_q3,HD,The Home Depot Inc.,2024 Q3,manual_local_transcript_chunk,/Users/keith/Desktop/earnings calls 100 samples/HD_The_Home_Depot_Inc/hd_2024_q3/chunks/transcript/chunk_725d80f64824a195.txt,unknown,unknown,semantic_fallback,33863,36363,sha256:7615358920d80acfbd3262943496d8570827676fe39d2c38aecdf4e7ba2d2fc6,sha256:bb72da38daef5923bf2ea11c92a8e334371533ca641a18b1c81ea84bf4ddf539,sha256:e8e45598dae822f29006156b2a47b06a43f1c62013e129cede330b85f4220ffc,/Users/keith/Desktop/earnings calls 100 samples/HD_The_Home_Depot_Inc/hd_2024_q3/metadata/normalized_transcript.json,sha256:fd5b84afa736c910b877d72813eee48d95f3af83e8b731c047fc668d412b2ebc,safe_to_download,3,false,false,false
sha256:8272ef07b51163b035273c41f,semantic_chunk,hd_2024_q3,HD,The Home Depot Inc.,2024 Q3,manual_local_transcript_chunk,/Users/keith/Desktop/earnings calls 100 samples/HD_The_Home_Depot_Inc/hd_2024_q3/chunks/transcript/chunk_2d7aba4e068aec5b.txt,unknown,unknown,semantic_fallback,36363,38863,sha256:7615358920d80acfbd3262943496d8570827676fe39d2c38aecdf4e7ba2d2fc6,sha256:93d7fb3ab8fdcf0ba7596db98a139185718797583a37d3c9b192fbeeea33bfe3,sha256:e8e45598dae822f29006156b2a47b06a43f1c62013e129cede330b85f4220ffc,/Users/keith/Desktop/earnings calls 100 samples/HD_The_Home_Depot_Inc/hd_2024_q3/metadata/normalized_transcript.json,sha256:fd04cdfd743fbc851f2061a6a6d944bfce16e31cb8646a5fccea59df2d090f15,safe_to_download,3,false,false,false
sha256:f272a4704cecdf4ebcac68b89,semantic_chunk,hd_2024_q3,HD,The Home Depot Inc.,2024 Q3,manual_local_transcript_chunk,/Users/keith/Desktop/earnings calls 100 samples/HD_The_Home_Depot_Inc/hd_2024_q3/chunks/transcript/chunk_976b31e3c3dfc8c8.txt,unknown,unknown,semantic_fallback,38863,41363,sha256:7615358920d80acfbd3262943496d8570827676fe39d2c38aecdf4e7ba2d2fc6,sha256:b9405123e379e3c768e6c121682eab1ea6f5c2dd24dd7dd45361cd86b5d69e91,sha256:e8e45598dae822f29006156b2a47b06a43f1c62013e129cede330b85f4220ffc,/Users/keith/Desktop/earnings calls 100 samples/HD_The_Home_Depot_Inc/hd_2024_q3/metadata/normalized_transcript.json,sha256:1311a2fac85dcec39f1452d087a8de0f7da3b01590f8c0d2442d8470efb3c747,safe_to_download,3,false,false,false
sha256:c3ebfb2822ba0cc467618003a,semantic_chunk,hd_2024_q3,HD,The Home Depot Inc.,2024 Q3,manual_local_transcript_chunk,/Users/keith/Desktop/earnings calls 100 samples/HD_The_Home_Depot_Inc/hd_2024_q3/chunks/transcript/chunk_cca573b4dde0cbed.txt,unknown,unknown,semantic_fallback,41363,43863,sha256:7615358920d80acfbd3262943496d8570827676fe39d2c38aecdf4e7ba2d2fc6,sha256:3c86e399bff0f5e0fc86aa05a9e9236f86b5cd4ec0c1c37784f618613526fea0,sha256:e8e45598dae822f29006156b2a47b06a43f1c62013e129cede330b85f4220ffc,/Users/keith/Desktop/earnings calls 100 samples/HD_The_Home_Depot_Inc/hd_2024_q3/metadata/normalized_transcript.json,sha256:1c59ce5612fe1a3c3abaf6e7f5a7ed906493fc94dc195fc7320dd34c04f9fb5c,safe_to_download,3,false,false,false
sha256:6d5ee53d25cff7f7b4a2a110c,semantic_chunk,hd_2024_q3,HD,The Home Depot Inc.,2024 Q3,manual_local_transcript_chunk,/Users/keith/Desktop/earnings calls 100 samples/HD_The_Home_Depot_Inc/hd_2024_q3/chunks/transcript/chunk_f834d25c15659096.txt,unknown,unknown,semantic_fallback,43863,46363,sha256:7615358920d80acfbd3262943496d8570827676fe39d2c38aecdf4e7ba2d2fc6,sha256:35a347b1efa5f02dbeb8b13aac13638b755e8aa764f11a5befc00eb6989a6914,sha256:e8e45598dae822f29006156b2a47b06a43f1c62013e129cede330b85f4220ffc,/Users/keith/Desktop/earnings calls 100 samples/HD_The_Home_Depot_Inc/hd_2024_q3/metadata/normalized_transcript.json,sha256:caf73f9220ae9198c2c5c7c79837962756d90852d9bdf410404da188edb89b3d,safe_to_download,3,false,false,false
sha256:9540a7cc409708b4fd8fb7814,semantic_chunk,hd_2024_q3,HD,The Home Depot Inc.,2024 Q3,manual_local_transcript_chunk,/Users/keith/Desktop/earnings calls 100 samples/HD_The_Home_Depot_Inc/hd_2024_q3/chunks/transcript/chunk_d0c82f7a85147b5c.txt,unknown,unknown,semantic_fallback,46363,48863,sha256:7615358920d80acfbd3262943496d8570827676fe39d2c38aecdf4e7ba2d2fc6,sha256:a23e8af1cbe575b232f518bdfbe86054a599b837ff564f6b76febba1cd46be89,sha256:e8e45598dae822f29006156b2a47b06a43f1c62013e129cede330b85f4220ffc,/Users/keith/Desktop/earnings calls 100 samples/HD_The_Home_Depot_Inc/hd_2024_q3/metadata/normalized_transcript.json,sha256:4a4da8b1d479131cf7bf1c96c5a8bc404e3e4739ad7b37173168a36e31be7d11,safe_to_download,3,false,false,false
sha256:de4279f11d81082e25591fe35,semantic_chunk,hd_2024_q3,HD,The Home Depot Inc.,2024 Q3,manual_local_transcript_chunk,/Users/keith/Desktop/earnings calls 100 samples/HD_The_Home_Depot_Inc/hd_2024_q3/chunks/transcript/chunk_ff8209d44713047c.txt,unknown,unknown,semantic_fallback,48863,51363,sha256:7615358920d80acfbd3262943496d8570827676fe39d2c38aecdf4e7ba2d2fc6,sha256:5d49175023d6abbb2ddd1e56103e622f50ffa3a778c596e23094047dfae40c06,sha256:e8e45598dae822f29006156b2a47b06a43f1c62013e129cede330b85f4220ffc,/Users/keith/Desktop/earnings calls 100 samples/HD_The_Home_Depot_Inc/hd_2024_q3/metadata/normalized_transcript.json,sha256:fbefe487c65c0a5229a26179ab2aca3388407422b66735c5c7a1cfe623a31835,safe_to_download,3,false,false,false
sha256:afd65dadf55dbb4b0d8f755a1,semantic_chunk,hd_2024_q3,HD,The Home Depot Inc.,2024 Q3,manual_local_transcript_chunk,/Users/keith/Desktop/earnings calls 100 samples/HD_The_Home_Depot_Inc/hd_2024_q3/chunks/transcript/chunk_68e15d878898185b.txt,unknown,unknown,semantic_fallback,51363,53863,sha256:7615358920d80acfbd3262943496d8570827676fe39d2c38aecdf4e7ba2d2fc6,sha256:0ac6b5e87efb51817a7b6a80407a1e5ee7357d9e1b5b32af1fdb2a061c928c42,sha256:e8e45598dae822f29006156b2a47b06a43f1c62013e129cede330b85f4220ffc,/Users/keith/Desktop/earnings calls 100 samples/HD_The_Home_Depot_Inc/hd_2024_q3/metadata/normalized_transcript.json,sha256:0cd675e9c57dd9a8a69925097d399b8eeb415ca7c222f592fe2216b0f112c64e,safe_to_download,3,false,false,false
sha256:746c530fc291106b3f56a0917,semantic_chunk,hd_2024_q3,HD,The Home Depot Inc.,2024 Q3,manual_local_transcript_chunk,/Users/keith/Desktop/earnings calls 100 samples/HD_The_Home_Depot_Inc/hd_2024_q3/chunks/transcript/chunk_a662d8f1c6c5bd7e.txt,unknown,unknown,semantic_fallback,53863,54729,sha256:7615358920d80acfbd3262943496d8570827676fe39d2c38aecdf4e7ba2d2fc6,sha256:78ec6a8423df95c1532e33e6a32d0849cbf4fec84e472576f3ed97e821ae5606,sha256:e8e45598dae822f29006156b2a47b06a43f1c62013e129cede330b85f4220ffc,/Users/keith/Desktop/earnings calls 100 samples/HD_The_Home_Depot_Inc/hd_2024_q3/metadata/normalized_transcript.json,sha256:e85672f8a177b785dab3467e769bf9725951ed648aca87bc421271c2fdc2fab8,safe_to_download,3,false,false,false
sha256:7f754e47dba3535d9575da6ed,event_aligned_chunk,hd_2024_q4,HD,The Home Depot Inc.,2024 Q4,manual_local_transcript_chunk,/Users/keith/Desktop/earnings calls 100 samples/HD_The_Home_Depot_Inc/hd_2024_q4/chunks/transcript/chunk_25f3b2baeb5456f6.txt,prepared_remarks,management,prepared_remarks,89,267,sha256:6662b3fea415afaf582fba4411c086fed59fbf02225c05c4b41d47c26f9d3a0e,sha256:07a1f7802f05f17a3958d2e63f2c5156ac0931c41c3c532f8865ea6c00c49b15,sha256:4d1d4319cef314c5348b2102762aa6b2a6c10ce8e371a9efd39a96cc28475a54,/Users/keith/Desktop/earnings calls 100 samples/HD_The_Home_Depot_Inc/hd_2024_q4/metadata/normalized_transcript.json,sha256:87c798d557fcdd43549d8f871d4bc1b64d481b1fe0eda3dda8904f73ba00166a,safe_to_download,2,false,false,false
sha256:c3d9bbce05de464d0f138ad94,semantic_chunk,hd_2024_q4,HD,The Home Depot Inc.,2024 Q4,manual_local_transcript_chunk,/Users/keith/Desktop/earnings calls 100 samples/HD_The_Home_Depot_Inc/hd_2024_q4/chunks/transcript/chunk_e4e5f8a2d22d8575.txt,unknown,unknown,semantic_fallback,3871,6371,sha256:6662b3fea415afaf582fba4411c086fed59fbf02225c05c4b41d47c26f9d3a0e,sha256:e750fb5779fc564c243d441c742c625d155bb203feca948a494d1d7b42e5f332,sha256:4d1d4319cef314c5348b2102762aa6b2a6c10ce8e371a9efd39a96cc28475a54,/Users/keith/Desktop/earnings calls 100 samples/HD_The_Home_Depot_Inc/hd_2024_q4/metadata/normalized_transcript.json,sha256:4be9319626b43424d86747d33e1e498352f2a4ac06ea6f16a762273aa9b49f6e,safe_to_download,3,false,false,false
sha256:e1a49ed534a50f052cf42a116,semantic_chunk,hd_2024_q4,HD,The Home Depot Inc.,2024 Q4,manual_local_transcript_chunk,/Users/keith/Desktop/earnings calls 100 samples/HD_The_Home_Depot_Inc/hd_2024_q4/chunks/transcript/chunk_a52cae37a0191994.txt,unknown,unknown,semantic_fallback,6371,8871,sha256:6662b3fea415afaf582fba4411c086fed59fbf02225c05c4b41d47c26f9d3a0e,sha256:87bb80e6fbb60b6ec230e2326ef8afdcda668d390a54c9801d3e7a7772efd115,sha256:4d1d4319cef314c5348b2102762aa6b2a6c10ce8e371a9efd39a96cc28475a54,/Users/keith/Desktop/earnings calls 100 samples/HD_The_Home_Depot_Inc/hd_2024_q4/metadata/normalized_transcript.json,sha256:64c28a68a8bec209e09d02ab35af765c51a0507f9e85767a0693bbe3d856063a,safe_to_download,3,false,false,false
sha256:5957fa6a6e8163479f4726e18,semantic_chunk,hd_2024_q4,HD,The Home Depot Inc.,2024 Q4,manual_local_transcript_chunk,/Users/keith/Desktop/earnings calls 100 samples/HD_The_Home_Depot_Inc/hd_2024_q4/chunks/transcript/chunk_1c10d6328b2f46a6.txt,unknown,unknown,semantic_fallback,8871,11371,sha256:6662b3fea415afaf582fba4411c086fed59fbf02225c05c4b41d47c26f9d3a0e,sha256:e1a9e64120a7eecc88c7379fa42897c8542d159f962c543a1e4ff67512ad393b,sha256:4d1d4319cef314c5348b2102762aa6b2a6c10ce8e371a9efd39a96cc28475a54,/Users/keith/Desktop/earnings calls 100 samples/HD_The_Home_Depot_Inc/hd_2024_q4/metadata/normalized_transcript.json,sha256:1a08ede1153000cb18d4ddbb35e995c615bd31ac125e9d66880dff33a1dafe21,safe_to_download,3,false,false,false
sha256:38e0ec69ae9c6440cd986f358,semantic_chunk,hd_2024_q4,HD,The Home Depot Inc.,2024 Q4,manual_local_transcript_chunk,/Users/keith/Desktop/earnings calls 100 samples/HD_The_Home_Depot_Inc/hd_2024_q4/chunks/transcript/chunk_4cfa425cbae5e6a3.txt,unknown,unknown,semantic_fallback,11371,13871,sha256:6662b3fea415afaf582fba4411c086fed59fbf02225c05c4b41d47c26f9d3a0e,sha256:ab84450f06672e3c66ffae16a35511ce60b0a2c7ebd8afcf1835d61ce260a129,sha256:4d1d4319cef314c5348b2102762aa6b2a6c10ce8e371a9efd39a96cc28475a54,/Users/keith/Desktop/earnings calls 100 samples/HD_The_Home_Depot_Inc/hd_2024_q4/metadata/normalized_transcript.json,sha256:8378c6eb832f207e9faea744cd1605aba9d7a759537fd6f83eff7a830fe58ad0,safe_to_download,3,false,false,false
sha256:ceb2caf41b903fdfba1f6cae8,semantic_chunk,hd_2024_q4,HD,The Home Depot Inc.,2024 Q4,manual_local_transcript_chunk,/Users/keith/Desktop/earnings calls 100 samples/HD_The_Home_Depot_Inc/hd_2024_q4/chunks/transcript/chunk_06f08254815bf885.txt,unknown,unknown,semantic_fallback,13871,16371,sha256:6662b3fea415afaf582fba4411c086fed59fbf02225c05c4b41d47c26f9d3a0e,sha256:0fcb642bdd39e0aa9144b14ff99f1b1b6acc6620610189df081fe6d5b9723a03,sha256:4d1d4319cef314c5348b2102762aa6b2a6c10ce8e371a9efd39a96cc28475a54,/Users/keith/Desktop/earnings calls 100 samples/HD_The_Home_Depot_Inc/hd_2024_q4/metadata/normalized_transcript.json,sha256:ce039de07fce73bc4020cd3d1ef12d1d23e189d8053438f96ca8cefa908f585f,safe_to_download,3,false,false,false
sha256:8e2a0f745afb79215e2281b17,semantic_chunk,hd_2024_q4,HD,The Home Depot Inc.,2024 Q4,manual_local_transcript_chunk,/Users/keith/Desktop/earnings calls 100 samples/HD_The_Home_Depot_Inc/hd_2024_q4/chunks/transcript/chunk_764c3382507a2c8e.txt,unknown,unknown,semantic_fallback,16371,18871,sha256:6662b3fea415afaf582fba4411c086fed59fbf02225c05c4b41d47c26f9d3a0e,sha256:e53dfa65f7a9c23edf644dc0a3240b857f152f19932f657ae81073175fd5ba78,sha256:4d1d4319cef314c5348b2102762aa6b2a6c10ce8e371a9efd39a96cc28475a54,/Users/keith/Desktop/earnings calls 100 samples/HD_The_Home_Depot_Inc/hd_2024_q4/metadata/normalized_transcript.json,sha256:8ae7696ad74ac25f881a60c71d259294d528ad6e36ca52d4436bb5f08842d992,safe_to_download,3,false,false,false
sha256:998b6c31844304e1b8bf8daa9,semantic_chunk,hd_2024_q4,HD,The Home Depot Inc.,2024 Q4,manual_local_transcript_chunk,/Users/keith/Desktop/earnings calls 100 samples/HD_The_Home_Depot_Inc/hd_2024_q4/chunks/transcript/chunk_e026f47df7c1fa61.txt,unknown,unknown,semantic_fallback,18871,21371,sha256:6662b3fea415afaf582fba4411c086fed59fbf02225c05c4b41d47c26f9d3a0e,sha256:273deedb2bf3823551e1819eb1548b9e10091c5ab4b3af20fb68f61eb5cc6ce9,sha256:4d1d4319cef314c5348b2102762aa6b2a6c10ce8e371a9efd39a96cc28475a54,/Users/keith/Desktop/earnings calls 100 samples/HD_The_Home_Depot_Inc/hd_2024_q4/metadata/normalized_transcript.json,sha256:92e871238d20c62c8248fcad00993d20f4e6ae4d43b3a1c28115cd69003a5fb6,safe_to_download,3,false,false,false
sha256:7102a57f50ed06e65571482dc,semantic_chunk,hd_2024_q4,HD,The Home Depot Inc.,2024 Q4,manual_local_transcript_chunk,/Users/keith/Desktop/earnings calls 100 samples/HD_The_Home_Depot_Inc/hd_2024_q4/chunks/transcript/chunk_a6075a937b20be10.txt,unknown,unknown,semantic_fallback,21371,23871,sha256:6662b3fea415afaf582fba4411c086fed59fbf02225c05c4b41d47c26f9d3a0e,sha256:aff88f7a410b924e8dbc955601848a6f76520530a6386aaf1047048394942f05,sha256:4d1d4319cef314c5348b2102762aa6b2a6c10ce8e371a9efd39a96cc28475a54,/Users/keith/Desktop/earnings calls 100 samples/HD_The_Home_Depot_Inc/hd_2024_q4/metadata/normalized_transcript.json,sha256:0a7c470f6b77bd78f18d6649c0ecf58a067ce3ce2ad784c1675c70c71791c2a8,safe_to_download,3,false,false,false
sha256:1bfcb245e7ce14b69add5e133,semantic_chunk,hd_2024_q4,HD,The Home Depot Inc.,2024 Q4,manual_local_transcript_chunk,/Users/keith/Desktop/earnings calls 100 samples/HD_The_Home_Depot_Inc/hd_2024_q4/chunks/transcript/chunk_3195ab2e1494c7d3.txt,unknown,unknown,semantic_fallback,23871,26371,sha256:6662b3fea415afaf582fba4411c086fed59fbf02225c05c4b41d47c26f9d3a0e,sha256:0db4ec592b54e81e69f09bff8544f0e2c688b5fa9a1343dfebba97890b353d50,sha256:4d1d4319cef314c5348b2102762aa6b2a6c10ce8e371a9efd39a96cc28475a54,/Users/keith/Desktop/earnings calls 100 samples/HD_The_Home_Depot_Inc/hd_2024_q4/metadata/normalized_transcript.json,sha256:9d670fc283222e435375b3079302341b08e5899161f35fc5777125e0fdde8537,safe_to_download,3,false,false,false
sha256:5df214287d7ecaf3bc1974fbf,semantic_chunk,hd_2024_q4,HD,The Home Depot Inc.,2024 Q4,manual_local_transcript_chunk,/Users/keith/Desktop/earnings calls 100 samples/HD_The_Home_Depot_Inc/hd_2024_q4/chunks/transcript/chunk_73a091792184cdd6.txt,unknown,unknown,semantic_fallback,26371,28871,sha256:6662b3fea415afaf582fba4411c086fed59fbf02225c05c4b41d47c26f9d3a0e,sha256:b5be044f89ba209c42bd0402d203d9ac010473ea412f1e0b6a17af148128eddc,sha256:4d1d4319cef314c5348b2102762aa6b2a6c10ce8e371a9efd39a96cc28475a54,/Users/keith/Desktop/earnings calls 100 samples/HD_The_Home_Depot_Inc/hd_2024_q4/metadata/normalized_transcript.json,sha256:8c9928d8580ec38a8e89c8ef0ec585130c732d47a14d5dd107e4bc77e392915a,safe_to_download,3,false,false,false
sha256:5d9a0f362d5d0c15d17425f43,semantic_chunk,hd_2024_q4,HD,The Home Depot Inc.,2024 Q4,manual_local_transcript_chunk,/Users/keith/Desktop/earnings calls 100 samples/HD_The_Home_Depot_Inc/hd_2024_q4/chunks/transcript/chunk_11e899642464a943.txt,unknown,unknown,semantic_fallback,28871,31371,sha256:6662b3fea415afaf582fba4411c086fed59fbf02225c05c4b41d47c26f9d3a0e,sha256:25191804ad8bd84872d2bde4579abf56dd28ab9bda418726db3df0738be0eef0,sha256:4d1d4319cef314c5348b2102762aa6b2a6c10ce8e371a9efd39a96cc28475a54,/Users/keith/Desktop/earnings calls 100 samples/HD_The_Home_Depot_Inc/hd_2024_q4/metadata/normalized_transcript.json,sha256:4cb26c9d5213081a439b1a9c79500c6bcb217dae991bd8316b9ca89d13656228,safe_to_download,3,false,false,false
sha256:168d805c312c4e706b7c79ff7,semantic_chunk,hd_2024_q4,HD,The Home Depot Inc.,2024 Q4,manual_local_transcript_chunk,/Users/keith/Desktop/earnings calls 100 samples/HD_The_Home_Depot_Inc/hd_2024_q4/chunks/transcript/chunk_aac010f049420925.txt,unknown,unknown,semantic_fallback,31371,33871,sha256:6662b3fea415afaf582fba4411c086fed59fbf02225c05c4b41d47c26f9d3a0e,sha256:62ada36e78d8c49066116ed7a1d115d22437c6cfcd4de00d6bc122dee91e925c,sha256:4d1d4319cef314c5348b2102762aa6b2a6c10ce8e371a9efd39a96cc28475a54,/Users/keith/Desktop/earnings calls 100 samples/HD_The_Home_Depot_Inc/hd_2024_q4/metadata/normalized_transcript.json,sha256:6fec254724ba8a82f434472e081d15e58ac839f1f2751ceab63433ddd7714c00,safe_to_download,3,false,false,false
sha256:8dd90b68bf4ee64c41c4234a8,semantic_chunk,hd_2024_q4,HD,The Home Depot Inc.,2024 Q4,manual_local_transcript_chunk,/Users/keith/Desktop/earnings calls 100 samples/HD_The_Home_Depot_Inc/hd_2024_q4/chunks/transcript/chunk_408caacc331d6b04.txt,unknown,unknown,semantic_fallback,33871,36371,sha256:6662b3fea415afaf582fba4411c086fed59fbf02225c05c4b41d47c26f9d3a0e,sha256:154b8c0804cbf52948c3b6eb78b84a49453aff1efbf6d265fe0d75004cf5cf5d,sha256:4d1d4319cef314c5348b2102762aa6b2a6c10ce8e371a9efd39a96cc28475a54,/Users/keith/Desktop/earnings calls 100 samples/HD_The_Home_Depot_Inc/hd_2024_q4/metadata/normalized_transcript.json,sha256:cc82855a6db4faf4cee9c8a0bb6de1b35af40eb51758a989de85ff642b943bcf,safe_to_download,3,false,false,false
sha256:facc046918d6e31cf15bc37dc,semantic_chunk,hd_2024_q4,HD,The Home Depot Inc.,2024 Q4,manual_local_transcript_chunk,/Users/keith/Desktop/earnings calls 100 samples/HD_The_Home_Depot_Inc/hd_2024_q4/chunks/transcript/chunk_1309d8c03f08b7e5.txt,unknown,unknown,semantic_fallback,36371,38871,sha256:6662b3fea415afaf582fba4411c086fed59fbf02225c05c4b41d47c26f9d3a0e,sha256:83d7bce3e7eb60b10d7c251baa0db96cb249e3e16e5117360bf2a5177349361f,sha256:4d1d4319cef314c5348b2102762aa6b2a6c10ce8e371a9efd39a96cc28475a54,/Users/keith/Desktop/earnings calls 100 samples/HD_The_Home_Depot_Inc/hd_2024_q4/metadata/normalized_transcript.json,sha256:3468356156f8ff6ddeacd810278d5956b2142055bdc122ba9d60846e43da602f,safe_to_download,3,false,false,false
sha256:0a1b942b02170b5762c9e6a9b,semantic_chunk,hd_2024_q4,HD,The Home Depot Inc.,2024 Q4,manual_local_transcript_chunk,/Users/keith/Desktop/earnings calls 100 samples/HD_The_Home_Depot_Inc/hd_2024_q4/chunks/transcript/chunk_4d2a3f65a3c509dc.txt,unknown,unknown,semantic_fallback,38871,41371,sha256:6662b3fea415afaf582fba4411c086fed59fbf02225c05c4b41d47c26f9d3a0e,sha256:ed3f2b587972f264e1e53ec0dcf7a8f71bd34dd7560beab29bf556bc133fa202,sha256:4d1d4319cef314c5348b2102762aa6b2a6c10ce8e371a9efd39a96cc28475a54,/Users/keith/Desktop/earnings calls 100 samples/HD_The_Home_Depot_Inc/hd_2024_q4/metadata/normalized_transcript.json,sha256:18b4985270390b3737ef175f150687ff0dc0c67f9a5145e2cab16ba6092f3eac,safe_to_download,3,false,false,false
sha256:cdec1a1e0196550174b63f9ac,semantic_chunk,hd_2024_q4,HD,The Home Depot Inc.,2024 Q4,manual_local_transcript_chunk,/Users/keith/Desktop/earnings calls 100 samples/HD_The_Home_Depot_Inc/hd_2024_q4/chunks/transcript/chunk_2b7f4070f4355f3f.txt,unknown,unknown,semantic_fallback,41371,43871,sha256:6662b3fea415afaf582fba4411c086fed59fbf02225c05c4b41d47c26f9d3a0e,sha256:b75129a646313972bfba53f22424b481887efecfcccd8a8198b5b6ac035f2f90,sha256:4d1d4319cef314c5348b2102762aa6b2a6c10ce8e371a9efd39a96cc28475a54,/Users/keith/Desktop/earnings calls 100 samples/HD_The_Home_Depot_Inc/hd_2024_q4/metadata/normalized_transcript.json,sha256:1af3ec0a25c9408ab4d3fc0e760f6ef258f92a0d52d7766c5c9beb603359834d,safe_to_download,3,false,false,false
sha256:775971576168eb3ef5b59b337,semantic_chunk,hd_2024_q4,HD,The Home Depot Inc.,2024 Q4,manual_local_transcript_chunk,/Users/keith/Desktop/earnings calls 100 samples/HD_The_Home_Depot_Inc/hd_2024_q4/chunks/transcript/chunk_f046b7f1924830dd.txt,unknown,unknown,semantic_fallback,43871,46371,sha256:6662b3fea415afaf582fba4411c086fed59fbf02225c05c4b41d47c26f9d3a0e,sha256:c22a963019d95dfe58e824c3e1fa664d25626e37d502eb9d1db55d008339e35f,sha256:4d1d4319cef314c5348b2102762aa6b2a6c10ce8e371a9efd39a96cc28475a54,/Users/keith/Desktop/earnings calls 100 samples/HD_The_Home_Depot_Inc/hd_2024_q4/metadata/normalized_transcript.json,sha256:38517377ed220b56ea8db6525e93da66315562bcbff4067ea8127decef32701c,safe_to_download,3,false,false,false
sha256:74494ae739d571852136be905,semantic_chunk,hd_2024_q4,HD,The Home Depot Inc.,2024 Q4,manual_local_transcript_chunk,/Users/keith/Desktop/earnings calls 100 samples/HD_The_Home_Depot_Inc/hd_2024_q4/chunks/transcript/chunk_34fdddbecbc06990.txt,unknown,unknown,semantic_fallback,46371,48871,sha256:6662b3fea415afaf582fba4411c086fed59fbf02225c05c4b41d47c26f9d3a0e,sha256:cc7ab7758605e3f515079a62b1a92cb7b3070766344f0f3ee27f6e8e089d2bcb,sha256:4d1d4319cef314c5348b2102762aa6b2a6c10ce8e371a9efd39a96cc28475a54,/Users/keith/Desktop/earnings calls 100 samples/HD_The_Home_Depot_Inc/hd_2024_q4/metadata/normalized_transcript.json,sha256:2a7aba7bbe726914d4b0c22e01e05ee3a87e5aeb44e66962e839237f67b3e4f1,safe_to_download,3,false,false,false
sha256:47466456ff6526cbe3f1a432f,semantic_chunk,hd_2024_q4,HD,The Home Depot Inc.,2024 Q4,manual_local_transcript_chunk,/Users/keith/Desktop/earnings calls 100 samples/HD_The_Home_Depot_Inc/hd_2024_q4/chunks/transcript/chunk_315ed297aa0e0000.txt,unknown,unknown,semantic_fallback,48871,51371,sha256:6662b3fea415afaf582fba4411c086fed59fbf02225c05c4b41d47c26f9d3a0e,sha256:4c4c8b6b969fd015f9f97982f0081cdb34902d8ef2417f89d15be1c243661afb,sha256:4d1d4319cef314c5348b2102762aa6b2a6c10ce8e371a9efd39a96cc28475a54,/Users/keith/Desktop/earnings calls 100 samples/HD_The_Home_Depot_Inc/hd_2024_q4/metadata/normalized_transcript.json,sha256:f667d8cbdf17e2b1e6a659a93ae2d19bffbd2481d0f8556526fbed5caa03c0d8,safe_to_download,3,false,false,false
sha256:4b5e1632ce414e58e6979012b,semantic_chunk,hd_2024_q4,HD,The Home Depot Inc.,2024 Q4,manual_local_transcript_chunk,/Users/keith/Desktop/earnings calls 100 samples/HD_The_Home_Depot_Inc/hd_2024_q4/chunks/transcript/chunk_8727fe7ce43b45cf.txt,unknown,unknown,semantic_fallback,51371,52189,sha256:6662b3fea415afaf582fba4411c086fed59fbf02225c05c4b41d47c26f9d3a0e,sha256:539caea0cdfed710e35738920b1a077ddc1f412bcbebcc519956dd104a289f0e,sha256:4d1d4319cef314c5348b2102762aa6b2a6c10ce8e371a9efd39a96cc28475a54,/Users/keith/Desktop/earnings calls 100 samples/HD_The_Home_Depot_Inc/hd_2024_q4/metadata/normalized_transcript.json,sha256:5e1c48d400f43f34f29fd3f0c9fb55291dcf1d6faeec6fe9b8d8d023007ec71e,safe_to_download,3,false,false,false
sha256:b9c04d3949554ddaea729e072,event_aligned_chunk,hd_2025_q4,HD,"The Home Depot, Inc.",2025 Q4,manual_local_transcript_chunk,/Users/keith/Desktop/earnings calls 100 samples/HD_The_Home_Depot_Inc/hd_2025_q4/chunks/transcript/chunk_9b5b69343be3dc39.txt,prepared_remarks,management,prepared_remarks,93,276,sha256:9930b485a5fbe82794b52fe951d036f7a1429abea2711921530b79ed8746ca8a,sha256:010dc3d3595250195fa9ed8f53343d7c9e2f07c773bb57e30316a08692debd12,sha256:9a4ba3adec57821de9a9281ab6acb2b78fc240df55b3c4b5019ab772a034459e,/Users/keith/Desktop/earnings calls 100 samples/HD_The_Home_Depot_Inc/hd_2025_q4/metadata/normalized_transcript.json,sha256:706d493659f60ae3edf9d4058fd4fcc32fe5410b1195a03aa065933d664d3eee,safe_to_download,2,false,false,false
sha256:a3dc9c52a6bf103429759300f,semantic_chunk,hd_2025_q4,HD,"The Home Depot, Inc.",2025 Q4,manual_local_transcript_chunk,/Users/keith/Desktop/earnings calls 100 samples/HD_The_Home_Depot_Inc/hd_2025_q4/chunks/transcript/chunk_8312e10b2b34ac51.txt,unknown,unknown,semantic_fallback,3907,6407,sha256:9930b485a5fbe82794b52fe951d036f7a1429abea2711921530b79ed8746ca8a,sha256:7a61c57d9eb014f936601bea1f59fa8d4d0029d0291a5437a238eae9d74c46be,sha256:9a4ba3adec57821de9a9281ab6acb2b78fc240df55b3c4b5019ab772a034459e,/Users/keith/Desktop/earnings calls 100 samples/HD_The_Home_Depot_Inc/hd_2025_q4/metadata/normalized_transcript.json,sha256:9e585b7c6e43a36b7799d669aae118b0346ec95ff9e1626471ab223ead778022,safe_to_download,3,false,false,false
sha256:19ea0c0ba6d0b63303e9e3b11,semantic_chunk,hd_2025_q4,HD,"The Home Depot, Inc.",2025 Q4,manual_local_transcript_chunk,/Users/keith/Desktop/earnings calls 100 samples/HD_The_Home_Depot_Inc/hd_2025_q4/chunks/transcript/chunk_74907725bf627e12.txt,unknown,unknown,semantic_fallback,6407,8907,sha256:9930b485a5fbe82794b52fe951d036f7a1429abea2711921530b79ed8746ca8a,sha256:8481a72b38862da29fc5c324588ce200a02b2736c86b8d13cfaf55a0d5ffe61c,sha256:9a4ba3adec57821de9a9281ab6acb2b78fc240df55b3c4b5019ab772a034459e,/Users/keith/Desktop/earnings calls 100 samples/HD_The_Home_Depot_Inc/hd_2025_q4/metadata/normalized_transcript.json,sha256:faa01d2febf769edf364c41c7d9758aa38691b6242a307a5197136b9a029c7a2,safe_to_download,3,false,false,false
sha256:cf0a204e2817e48f6d5d37ba8,semantic_chunk,hd_2025_q4,HD,"The Home Depot, Inc.",2025 Q4,manual_local_transcript_chunk,/Users/keith/Desktop/earnings calls 100 samples/HD_The_Home_Depot_Inc/hd_2025_q4/chunks/transcript/chunk_ee86824b5a9b154e.txt,unknown,unknown,semantic_fallback,8907,11407,sha256:9930b485a5fbe82794b52fe951d036f7a1429abea2711921530b79ed8746ca8a,sha256:5d4d86eba25707b11448a220b8142fcc0ea40a53d270e1dae3f51817ed62befd,sha256:9a4ba3adec57821de9a9281ab6acb2b78fc240df55b3c4b5019ab772a034459e,/Users/keith/Desktop/earnings calls 100 samples/HD_The_Home_Depot_Inc/hd_2025_q4/metadata/normalized_transcript.json,sha256:993d36ba6ecf53a13fb5837b7253bb98ad1a2d68286510a69256723221c1aaaa,safe_to_download,3,false,false,false
sha256:8a04feba6073ea8cd9fef0f6d,semantic_chunk,hd_2025_q4,HD,"The Home Depot, Inc.",2025 Q4,manual_local_transcript_chunk,/Users/keith/Desktop/earnings calls 100 samples/HD_The_Home_Depot_Inc/hd_2025_q4/chunks/transcript/chunk_61f3cdfc354998fa.txt,unknown,unknown,semantic_fallback,11407,13907,sha256:9930b485a5fbe82794b52fe951d036f7a1429abea2711921530b79ed8746ca8a,sha256:58f611d85b3e731f5121354e22d3017ea27704988c459f31cd38841637f138cc,sha256:9a4ba3adec57821de9a9281ab6acb2b78fc240df55b3c4b5019ab772a034459e,/Users/keith/Desktop/earnings calls 100 samples/HD_The_Home_Depot_Inc/hd_2025_q4/metadata/normalized_transcript.json,sha256:dc391bc9a958701188cc7b805c87a014734dffaeaca8280c82a8e073b75e404f,safe_to_download,3,false,false,false
sha256:ade5e88d63301318e251f3754,semantic_chunk,hd_2025_q4,HD,"The Home Depot, Inc.",2025 Q4,manual_local_transcript_chunk,/Users/keith/Desktop/earnings calls 100 samples/HD_The_Home_Depot_Inc/hd_2025_q4/chunks/transcript/chunk_bd91d74a8b2b9eae.txt,unknown,unknown,semantic_fallback,13907,16407,sha256:9930b485a5fbe82794b52fe951d036f7a1429abea2711921530b79ed8746ca8a,sha256:93bb79ae4cc62cf04aab70c12dedbeeddee16416c91ab403c082afc0543b87bf,sha256:9a4ba3adec57821de9a9281ab6acb2b78fc240df55b3c4b5019ab772a034459e,/Users/keith/Desktop/earnings calls 100 samples/HD_The_Home_Depot_Inc/hd_2025_q4/metadata/normalized_transcript.json,sha256:8443a2c3136b3520c1ff59ea86acf60b96f71d384844bed9e40435373de34f78,safe_to_download,3,false,false,false
sha256:ecf679915fbea6b7e5a4b3543,semantic_chunk,hd_2025_q4,HD,"The Home Depot, Inc.",2025 Q4,manual_local_transcript_chunk,/Users/keith/Desktop/earnings calls 100 samples/HD_The_Home_Depot_Inc/hd_2025_q4/chunks/transcript/chunk_1396c759c76d4d58.txt,unknown,unknown,semantic_fallback,16407,18907,sha256:9930b485a5fbe82794b52fe951d036f7a1429abea2711921530b79ed8746ca8a,sha256:04e541299d07f3f22dae7049d3d4e5f8e754ac3037e760e047865624046d19e0,sha256:9a4ba3adec57821de9a9281ab6acb2b78fc240df55b3c4b5019ab772a034459e,/Users/keith/Desktop/earnings calls 100 samples/HD_The_Home_Depot_Inc/hd_2025_q4/metadata/normalized_transcript.json,sha256:3c14ee7ab55112a9fa483ef096941ba26abbf9d2696ddb850ca2ec12f714eecb,safe_to_download,3,false,false,false
sha256:bae63753dedc2f0bf53f757bd,semantic_chunk,hd_2025_q4,HD,"The Home Depot, Inc.",2025 Q4,manual_local_transcript_chunk,/Users/keith/Desktop/earnings calls 100 samples/HD_The_Home_Depot_Inc/hd_2025_q4/chunks/transcript/chunk_9eddee973c1f7232.txt,unknown,unknown,semantic_fallback,18907,21407,sha256:9930b485a5fbe82794b52fe951d036f7a1429abea2711921530b79ed8746ca8a,sha256:18d9211def90a86f3629aacf5a133d399f1b37a591c7eeb10f7abcec02d51c69,sha256:9a4ba3adec57821de9a9281ab6acb2b78fc240df55b3c4b5019ab772a034459e,/Users/keith/Desktop/earnings calls 100 samples/HD_The_Home_Depot_Inc/hd_2025_q4/metadata/normalized_transcript.json,sha256:7206bef76d5ca6969a815f57030c69aa5b1b064282eb5d8ec01d7e09075ed45d,safe_to_download,3,false,false,false
sha256:f002681176cb2b38950c101ab,semantic_chunk,hd_2025_q4,HD,"The Home Depot, Inc.",2025 Q4,manual_local_transcript_chunk,/Users/keith/Desktop/earnings calls 100 samples/HD_The_Home_Depot_Inc/hd_2025_q4/chunks/transcript/chunk_9557be3688597e55.txt,unknown,unknown,semantic_fallback,21407,23907,sha256:9930b485a5fbe82794b52fe951d036f7a1429abea2711921530b79ed8746ca8a,sha256:09345f5f9b857bf8641b2e8f2de34450d0cd18c0066046115b572349ab1d3c4d,sha256:9a4ba3adec57821de9a9281ab6acb2b78fc240df55b3c4b5019ab772a034459e,/Users/keith/Desktop/earnings calls 100 samples/HD_The_Home_Depot_Inc/hd_2025_q4/metadata/normalized_transcript.json,sha256:1374b979454e9fbe0cfc83a7fbd840d8a75fefdee6d1ce59a279fc5241b34cf4,safe_to_download,3,false,false,false
sha256:308aa52a941fe7a1eeb864819,semantic_chunk,hd_2025_q4,HD,"The Home Depot, Inc.",2025 Q4,manual_local_transcript_chunk,/Users/keith/Desktop/earnings calls 100 samples/HD_The_Home_Depot_Inc/hd_2025_q4/chunks/transcript/chunk_c638d6da6ad94e68.txt,unknown,unknown,semantic_fallback,23907,26407,sha256:9930b485a5fbe82794b52fe951d036f7a1429abea2711921530b79ed8746ca8a,sha256:365f25501fbd21cc81b5b124f93a8967b785d4d351f0e4a2286d48fc54ce115f,sha256:9a4ba3adec57821de9a9281ab6acb2b78fc240df55b3c4b5019ab772a034459e,/Users/keith/Desktop/earnings calls 100 samples/HD_The_Home_Depot_Inc/hd_2025_q4/metadata/normalized_transcript.json,sha256:9d7bfaf61b58be53ffaace900de62f027c7323178731a53cb76f12862de937d0,safe_to_download,3,false,false,false
sha256:6f7d4da63464c46654d82e17a,semantic_chunk,hd_2025_q4,HD,"The Home Depot, Inc.",2025 Q4,manual_local_transcript_chunk,/Users/keith/Desktop/earnings calls 100 samples/HD_The_Home_Depot_Inc/hd_2025_q4/chunks/transcript/chunk_0e90e72670e06ba0.txt,unknown,unknown,semantic_fallback,26407,28907,sha256:9930b485a5fbe82794b52fe951d036f7a1429abea2711921530b79ed8746ca8a,sha256:0454bef835ccd3642e06e70ed8edd4b00b66dbecd6b7bc6dc1f60aa22a58494e,sha256:9a4ba3adec57821de9a9281ab6acb2b78fc240df55b3c4b5019ab772a034459e,/Users/keith/Desktop/earnings calls 100 samples/HD_The_Home_Depot_Inc/hd_2025_q4/metadata/normalized_transcript.json,sha256:66fbc78a6f8bf253f020369e8ae9c356a14d07952bc3432f0d7f1686bbbd1fad,safe_to_download,3,false,false,false
sha256:803edb3b8540bc2a166586f97,semantic_chunk,hd_2025_q4,HD,"The Home Depot, Inc.",2025 Q4,manual_local_transcript_chunk,/Users/keith/Desktop/earnings calls 100 samples/HD_The_Home_Depot_Inc/hd_2025_q4/chunks/transcript/chunk_245243e0cd3eed26.txt,unknown,unknown,semantic_fallback,28907,31407,sha256:9930b485a5fbe82794b52fe951d036f7a1429abea2711921530b79ed8746ca8a,sha256:479da9b24315e20e5a3c25d189255247a3e80403ddfd1d2438944b2670b19af4,sha256:9a4ba3adec57821de9a9281ab6acb2b78fc240df55b3c4b5019ab772a034459e,/Users/keith/Desktop/earnings calls 100 samples/HD_The_Home_Depot_Inc/hd_2025_q4/metadata/normalized_transcript.json,sha256:b1874d910a2000a7f27d889d500876dae3886b536b37b597c1748baabf293c6f,safe_to_download,3,false,false,false
sha256:070a92c3a9c11a0c940affd16,semantic_chunk,hd_2025_q4,HD,"The Home Depot, Inc.",2025 Q4,manual_local_transcript_chunk,/Users/keith/Desktop/earnings calls 100 samples/HD_The_Home_Depot_Inc/hd_2025_q4/chunks/transcript/chunk_b5167413768c27db.txt,unknown,unknown,semantic_fallback,31407,33907,sha256:9930b485a5fbe82794b52fe951d036f7a1429abea2711921530b79ed8746ca8a,sha256:e566114001a5602864fa39b02494932bf90b02ed9b9cb5595930169cb4ef01fd,sha256:9a4ba3adec57821de9a9281ab6acb2b78fc240df55b3c4b5019ab772a034459e,/Users/keith/Desktop/earnings calls 100 samples/HD_The_Home_Depot_Inc/hd_2025_q4/metadata/normalized_transcript.json,sha256:a5ab23ab72edffa8c22f65636baa102e3716d762783fd0377c9556c218d2fc20,safe_to_download,3,false,false,false
sha256:22600c71b56945c8f74cb32fe,semantic_chunk,hd_2025_q4,HD,"The Home Depot, Inc.",2025 Q4,manual_local_transcript_chunk,/Users/keith/Desktop/earnings calls 100 samples/HD_The_Home_Depot_Inc/hd_2025_q4/chunks/transcript/chunk_1a8ca7dccf7bd08e.txt,unknown,unknown,semantic_fallback,33907,36407,sha256:9930b485a5fbe82794b52fe951d036f7a1429abea2711921530b79ed8746ca8a,sha256:45dec16cf712add19927ca27bffd0311944018f3c94e0906b34e3086a18897fd,sha256:9a4ba3adec57821de9a9281ab6acb2b78fc240df55b3c4b5019ab772a034459e,/Users/keith/Desktop/earnings calls 100 samples/HD_The_Home_Depot_Inc/hd_2025_q4/metadata/normalized_transcript.json,sha256:a193d6bcd44ed4c24413f83b7fffcf31dcf3cff5da749f0adbd76a9a64535d2e,safe_to_download,3,false,false,false
sha256:d907dc9b639d9556fe84dd5da,semantic_chunk,hd_2025_q4,HD,"The Home Depot, Inc.",2025 Q4,manual_local_transcript_chunk,/Users/keith/Desktop/earnings calls 100 samples/HD_The_Home_Depot_Inc/hd_2025_q4/chunks/transcript/chunk_d0e39f63adcb1cfa.txt,unknown,unknown,semantic_fallback,36407,38907,sha256:9930b485a5fbe82794b52fe951d036f7a1429abea2711921530b79ed8746ca8a,sha256:f5187c3bfffcfe3bbd5a75e21d1aa2cfc5a39f986697a6235a904ec7bdc45f3d,sha256:9a4ba3adec57821de9a9281ab6acb2b78fc240df55b3c4b5019ab772a034459e,/Users/keith/Desktop/earnings calls 100 samples/HD_The_Home_Depot_Inc/hd_2025_q4/metadata/normalized_transcript.json,sha256:62cea849df03b323d29b9bb46347cc0818fa3170c8356793afa7b4f48532bb6e,safe_to_download,3,false,false,false
sha256:52dc95beee6f2c382f8802b99,semantic_chunk,hd_2025_q4,HD,"The Home Depot, Inc.",2025 Q4,manual_local_transcript_chunk,/Users/keith/Desktop/earnings calls 100 samples/HD_The_Home_Depot_Inc/hd_2025_q4/chunks/transcript/chunk_09c5cb2b60bbb861.txt,unknown,unknown,semantic_fallback,38907,41407,sha256:9930b485a5fbe82794b52fe951d036f7a1429abea2711921530b79ed8746ca8a,sha256:40c47ff507f1442949a4bec35425238ab4bcadc9a6cefe0d177c0dcaeee23ca1,sha256:9a4ba3adec57821de9a9281ab6acb2b78fc240df55b3c4b5019ab772a034459e,/Users/keith/Desktop/earnings calls 100 samples/HD_The_Home_Depot_Inc/hd_2025_q4/metadata/normalized_transcript.json,sha256:77d6998fa2fd93459598c406f1234ffc1c168509be212ebd6b8d7edc727aeac1,safe_to_download,3,false,false,false
sha256:bdc4acccfd39afd8560892dc9,semantic_chunk,hd_2025_q4,HD,"The Home Depot, Inc.",2025 Q4,manual_local_transcript_chunk,/Users/keith/Desktop/earnings calls 100 samples/HD_The_Home_Depot_Inc/hd_2025_q4/chunks/transcript/chunk_d1d3270e213ac7b0.txt,unknown,unknown,semantic_fallback,41407,43907,sha256:9930b485a5fbe82794b52fe951d036f7a1429abea2711921530b79ed8746ca8a,sha256:5f29165452d3ee85fb4b889ae25c601da501a3dfb05ee19d87c1b399ee6393c1,sha256:9a4ba3adec57821de9a9281ab6acb2b78fc240df55b3c4b5019ab772a034459e,/Users/keith/Desktop/earnings calls 100 samples/HD_The_Home_Depot_Inc/hd_2025_q4/metadata/normalized_transcript.json,sha256:db5210d2db8032be6650ff3c682d13c5c315033b9ac7281f17b927094b6b781a,safe_to_download,3,false,false,false
sha256:b306e7dcc10bcdaead947cffd,semantic_chunk,hd_2025_q4,HD,"The Home Depot, Inc.",2025 Q4,manual_local_transcript_chunk,/Users/keith/Desktop/earnings calls 100 samples/HD_The_Home_Depot_Inc/hd_2025_q4/chunks/transcript/chunk_42ef48977fdbe790.txt,unknown,unknown,semantic_fallback,43907,46407,sha256:9930b485a5fbe82794b52fe951d036f7a1429abea2711921530b79ed8746ca8a,sha256:b6558160be1a892e073b44fa66cf5f331f83460dc44a2f99d1310fd864659669,sha256:9a4ba3adec57821de9a9281ab6acb2b78fc240df55b3c4b5019ab772a034459e,/Users/keith/Desktop/earnings calls 100 samples/HD_The_Home_Depot_Inc/hd_2025_q4/metadata/normalized_transcript.json,sha256:6acd3e9221408916a079ff4f59d40e96c548a2dd30fe9d050eaddda73a42b2ae,safe_to_download,3,false,false,false
sha256:2bf27adfece2a76ac9cb4ba25,semantic_chunk,hd_2025_q4,HD,"The Home Depot, Inc.",2025 Q4,manual_local_transcript_chunk,/Users/keith/Desktop/earnings calls 100 samples/HD_The_Home_Depot_Inc/hd_2025_q4/chunks/transcript/chunk_c9ce089a3042fa79.txt,unknown,unknown,semantic_fallback,46407,48907,sha256:9930b485a5fbe82794b52fe951d036f7a1429abea2711921530b79ed8746ca8a,sha256:3025fb902762a4a25b15d1418d8f9a0a23df31a47a49e8fe9a4709541eabdf49,sha256:9a4ba3adec57821de9a9281ab6acb2b78fc240df55b3c4b5019ab772a034459e,/Users/keith/Desktop/earnings calls 100 samples/HD_The_Home_Depot_Inc/hd_2025_q4/metadata/normalized_transcript.json,sha256:fabe91a7b2bdd0c73816dd659074e97a0da9e4cdcb0e1ea30a623c1a3a41a455,safe_to_download,3,false,false,false
sha256:f14d7261533ce0a775951a2cd,semantic_chunk,hd_2025_q4,HD,"The Home Depot, Inc.",2025 Q4,manual_local_transcript_chunk,/Users/keith/Desktop/earnings calls 100 samples/HD_The_Home_Depot_Inc/hd_2025_q4/chunks/transcript/chunk_d5a3c7ae99b764f4.txt,unknown,unknown,semantic_fallback,48907,51407,sha256:9930b485a5fbe82794b52fe951d036f7a1429abea2711921530b79ed8746ca8a,sha256:0bf58d8d51874a95a78ff4a761e6028ecd78d498986827109845f0dbc2353c06,sha256:9a4ba3adec57821de9a9281ab6acb2b78fc240df55b3c4b5019ab772a034459e,/Users/keith/Desktop/earnings calls 100 samples/HD_The_Home_Depot_Inc/hd_2025_q4/metadata/normalized_transcript.json,sha256:856c25c4e4993a1f1199508b8536e850cc474029184eaf45ec27be191faf2828,safe_to_download,3,false,false,false
sha256:15a56ea48a97d347492b9c0cc,semantic_chunk,hd_2025_q4,HD,"The Home Depot, Inc.",2025 Q4,manual_local_transcript_chunk,/Users/keith/Desktop/earnings calls 100 samples/HD_The_Home_Depot_Inc/hd_2025_q4/chunks/transcript/chunk_d466b8904c348c18.txt,unknown,unknown,semantic_fallback,51407,51850,sha256:9930b485a5fbe82794b52fe951d036f7a1429abea2711921530b79ed8746ca8a,sha256:c49995c1aade39189c6759979b6b7f7824be360e6776188bc29ce891c8470957,sha256:9a4ba3adec57821de9a9281ab6acb2b78fc240df55b3c4b5019ab772a034459e,/Users/keith/Desktop/earnings calls 100 samples/HD_The_Home_Depot_Inc/hd_2025_q4/metadata/normalized_transcript.json,sha256:1eee3a91c3d42be98c2f053139e289857a9088ce70ec1b2bbea3cf9d9618cb8a,safe_to_download,3,false,false,false
sha256:6d59ba5c4ed3b126b59f33522,event_aligned_chunk,jpm_2024_q1,JPM,JPMorgan Chase & Co.,2024 Q1,manual_local_transcript_chunk,/Users/keith/Desktop/earnings calls 100 samples/JPM_JPMorgan_Chase_Co/jpm_2024_q1/chunks/transcript/chunk_47355238016183b3.txt,prepared_remarks,management,prepared_remarks,582,3082,sha256:4ecc3387f5c6a8c23276665573381fdef37b403f0c73d864b0fd79b285cf79d7,sha256:c6e4511720d6534990bb1f920d89f82fbefaef0c9252c75df5e072bee26f171f,sha256:fb1944d651d375dbb7832b50a5cbf6dead50ab02a0f10edc647b350d9c3a6f08,/Users/keith/Desktop/earnings calls 100 samples/JPM_JPMorgan_Chase_Co/jpm_2024_q1/metadata/normalized_transcript.json,sha256:08cee2003e59c9e9257d6f083c7fc101780b01bc72bf26cc2a76ef7ace15413f,safe_to_download,2,false,false,false
sha256:291281dd42272e36fc8e2e211,event_aligned_chunk,jpm_2024_q1,JPM,JPMorgan Chase & Co.,2024 Q1,manual_local_transcript_chunk,/Users/keith/Desktop/earnings calls 100 samples/JPM_JPMorgan_Chase_Co/jpm_2024_q1/chunks/transcript/chunk_ff07046c90486701.txt,prepared_remarks,management,prepared_remarks,3082,5582,sha256:4ecc3387f5c6a8c23276665573381fdef37b403f0c73d864b0fd79b285cf79d7,sha256:b313ac17f1551a28eeacd774365b4c4c3dc3b5a33209e10ce922027ca2da6c06,sha256:fb1944d651d375dbb7832b50a5cbf6dead50ab02a0f10edc647b350d9c3a6f08,/Users/keith/Desktop/earnings calls 100 samples/JPM_JPMorgan_Chase_Co/jpm_2024_q1/metadata/normalized_transcript.json,sha256:a53a333b6f753d2f65a1d6d94f103937f6e33d25ac9aaac53318ab41fede5626,safe_to_download,2,false,false,false
sha256:c54f10295f2826b18ca045375,event_aligned_chunk,jpm_2024_q1,JPM,JPMorgan Chase & Co.,2024 Q1,manual_local_transcript_chunk,/Users/keith/Desktop/earnings calls 100 samples/JPM_JPMorgan_Chase_Co/jpm_2024_q1/chunks/transcript/chunk_846b914c9a8700b0.txt,prepared_remarks,management,prepared_remarks,5582,8082,sha256:4ecc3387f5c6a8c23276665573381fdef37b403f0c73d864b0fd79b285cf79d7,sha256:ca6f98c792e8fd52daa8a9ad0f238ddef1b598508c17fd8be9bc6924afaec263,sha256:fb1944d651d375dbb7832b50a5cbf6dead50ab02a0f10edc647b350d9c3a6f08,/Users/keith/Desktop/earnings calls 100 samples/JPM_JPMorgan_Chase_Co/jpm_2024_q1/metadata/normalized_transcript.json,sha256:215fd75e43ad8085cfa79e009286248dc8eee678bb883cec45255826224091ea,safe_to_download,2,false,false,false
sha256:84dc08ac7b740e1c69b600615,event_aligned_chunk,jpm_2024_q1,JPM,JPMorgan Chase & Co.,2024 Q1,manual_local_transcript_chunk,/Users/keith/Desktop/earnings calls 100 samples/JPM_JPMorgan_Chase_Co/jpm_2024_q1/chunks/transcript/chunk_2beb3e824425184b.txt,prepared_remarks,management,prepared_remarks,8082,10582,sha256:4ecc3387f5c6a8c23276665573381fdef37b403f0c73d864b0fd79b285cf79d7,sha256:15b8e9dc79144b9cee8dcbc36d548db63672fdf77d590018425c60bcc90fbe9d,sha256:fb1944d651d375dbb7832b50a5cbf6dead50ab02a0f10edc647b350d9c3a6f08,/Users/keith/Desktop/earnings calls 100 samples/JPM_JPMorgan_Chase_Co/jpm_2024_q1/metadata/normalized_transcript.json,sha256:c127a87593d585d3116f0dfdde690c7dff872cae4ee506d5386475a8cb9882ff,safe_to_download,2,false,false,false
sha256:a5deee2ed960a00ba87518e03,event_aligned_chunk,jpm_2024_q1,JPM,JPMorgan Chase & Co.,2024 Q1,manual_local_transcript_chunk,/Users/keith/Desktop/earnings calls 100 samples/JPM_JPMorgan_Chase_Co/jpm_2024_q1/chunks/transcript/chunk_3269e1a6503e4e30.txt,prepared_remarks,management,guidance_statement,10582,12438,sha256:4ecc3387f5c6a8c23276665573381fdef37b403f0c73d864b0fd79b285cf79d7,sha256:197e65e00f8e81b537a2948a8cad648765644ea7a0d93b77f065e0e7324d02e1,sha256:fb1944d651d375dbb7832b50a5cbf6dead50ab02a0f10edc647b350d9c3a6f08,/Users/keith/Desktop/earnings calls 100 samples/JPM_JPMorgan_Chase_Co/jpm_2024_q1/metadata/normalized_transcript.json,sha256:b91508dce3b08575d27aca19758396598e3cab9166b601aee4a8b080e2bdda3b,safe_to_download,2,false,false,false
sha256:5dd8d09f26ed40b25aa51bc03,event_aligned_chunk,jpm_2024_q2,JPM,JPMorgan Chase & Co.,2024 Q2,manual_local_transcript_chunk,/Users/keith/Desktop/earnings calls 100 samples/JPM_JPMorgan_Chase_Co/jpm_2024_q2/chunks/transcript/chunk_2e63d1dac61177da.txt,prepared_remarks,management,prepared_remarks,581,713,sha256:da03ff9709cda967dc85fec54235bd1a2f97682fa5b3b236e084bbdcf8151585,sha256:3f02830d75e3cecc935c1bc8c518458e3ef202d91de2ca41392b12ee4b72950f,sha256:4fbf0ef593a6b1b822fa118d6b245f0b184ab7f65f7d090e943f427016c5e647,/Users/keith/Desktop/earnings calls 100 samples/JPM_JPMorgan_Chase_Co/jpm_2024_q2/metadata/normalized_transcript.json,sha256:0715133960ac141e13c5de283899299e585d9fa7e9fd69f5fe4f87980319b68d,safe_to_download,2,false,false,false
sha256:ade51e172102a741be377d888,semantic_chunk,jpm_2024_q2,JPM,JPMorgan Chase & Co.,2024 Q2,manual_local_transcript_chunk,/Users/keith/Desktop/earnings calls 100 samples/JPM_JPMorgan_Chase_Co/jpm_2024_q2/chunks/transcript/chunk_6e086b2c8b82ddef.txt,unknown,unknown,semantic_fallback,3213,5713,sha256:da03ff9709cda967dc85fec54235bd1a2f97682fa5b3b236e084bbdcf8151585,sha256:c509ad57b556b26c050a2d2f6400adccd01d9cbadd45b2bc057e0f8588ab4b20,sha256:4fbf0ef593a6b1b822fa118d6b245f0b184ab7f65f7d090e943f427016c5e647,/Users/keith/Desktop/earnings calls 100 samples/JPM_JPMorgan_Chase_Co/jpm_2024_q2/metadata/normalized_transcript.json,sha256:ce8337060619844a683e839dd74208a2cd4d982397a397f513b97c7fc0a07833,safe_to_download,3,false,false,false
sha256:b6e0eb245814238b97f17ea65,semantic_chunk,jpm_2024_q2,JPM,JPMorgan Chase & Co.,2024 Q2,manual_local_transcript_chunk,/Users/keith/Desktop/earnings calls 100 samples/JPM_JPMorgan_Chase_Co/jpm_2024_q2/chunks/transcript/chunk_2a36691f3c9791ce.txt,unknown,unknown,semantic_fallback,5713,8213,sha256:da03ff9709cda967dc85fec54235bd1a2f97682fa5b3b236e084bbdcf8151585,sha256:66f0f9b1252fe2892b880a6f676520cbc89fbde3cd8fef5da54e215e51066ff4,sha256:4fbf0ef593a6b1b822fa118d6b245f0b184ab7f65f7d090e943f427016c5e647,/Users/keith/Desktop/earnings calls 100 samples/JPM_JPMorgan_Chase_Co/jpm_2024_q2/metadata/normalized_transcript.json,sha256:46e631776552469e4f2877ed55e8bab17532223c08d90d13b743fae7d3b63e88,safe_to_download,3,false,false,false
sha256:0ead0fd82f22df21b7979d234,semantic_chunk,jpm_2024_q2,JPM,JPMorgan Chase & Co.,2024 Q2,manual_local_transcript_chunk,/Users/keith/Desktop/earnings calls 100 samples/JPM_JPMorgan_Chase_Co/jpm_2024_q2/chunks/transcript/chunk_fce620c88c68dba2.txt,unknown,unknown,semantic_fallback,8213,10713,sha256:da03ff9709cda967dc85fec54235bd1a2f97682fa5b3b236e084bbdcf8151585,sha256:eb3bbc937193587a39bedc3e5240d1b839c397be231acfa4de748835f3e2ce67,sha256:4fbf0ef593a6b1b822fa118d6b245f0b184ab7f65f7d090e943f427016c5e647,/Users/keith/Desktop/earnings calls 100 samples/JPM_JPMorgan_Chase_Co/jpm_2024_q2/metadata/normalized_transcript.json,sha256:20162cae58ad17bb0df99ba885bc1a709383b154b9347079de104e91396eb6b6,safe_to_download,3,false,false,false
sha256:a5253dec84cba4710ba24ef3e,semantic_chunk,jpm_2024_q2,JPM,JPMorgan Chase & Co.,2024 Q2,manual_local_transcript_chunk,/Users/keith/Desktop/earnings calls 100 samples/JPM_JPMorgan_Chase_Co/jpm_2024_q2/chunks/transcript/chunk_6a6132e08f9be301.txt,unknown,unknown,semantic_fallback,10713,11649,sha256:da03ff9709cda967dc85fec54235bd1a2f97682fa5b3b236e084bbdcf8151585,sha256:3d41b8d25b962e7d1f42493dbdd4fe2b5fded251c2b8e878021371e5ca5c9582,sha256:4fbf0ef593a6b1b822fa118d6b245f0b184ab7f65f7d090e943f427016c5e647,/Users/keith/Desktop/earnings calls 100 samples/JPM_JPMorgan_Chase_Co/jpm_2024_q2/metadata/normalized_transcript.json,sha256:7b1e02b7769f77515705d4dca6a59c84ec1caad4ae2c8cf2808c92e5142b3dbc,safe_to_download,3,false,false,false
sha256:c0b2ce6ee6bcf9c99dfaf087d,event_aligned_chunk,jpm_2024_q3,JPM,JPMorgan Chase & Co.,2024 Q3,manual_local_transcript_chunk,/Users/keith/Desktop/earnings calls 100 samples/JPM_JPMorgan_Chase_Co/jpm_2024_q3/chunks/transcript/chunk_98cfac4850a97029.txt,prepared_remarks,management,prepared_remarks,568,695,sha256:23979f93ec4f88a7a31d13e23bc4c0aa3e7d7f9e02300c4a6fba0ef0043444e0,sha256:8e2a343c5862cc1cbc540e12580c813c7d00e651c774d7f6986c3a40dc9b8b6e,sha256:ef8079d89554b1ecb4abc2c35c074435ae9c15048a05a2f48194422f0009cdc0,/Users/keith/Desktop/earnings calls 100 samples/JPM_JPMorgan_Chase_Co/jpm_2024_q3/metadata/normalized_transcript.json,sha256:8c3d06b3dac504c8299df7facb75136837c1f3ee9db7e169e5ba714c8fba9f9f,safe_to_download,2,false,false,false
sha256:ed784512c05fbd89b3cbf209e,semantic_chunk,jpm_2024_q3,JPM,JPMorgan Chase & Co.,2024 Q3,manual_local_transcript_chunk,/Users/keith/Desktop/earnings calls 100 samples/JPM_JPMorgan_Chase_Co/jpm_2024_q3/chunks/transcript/chunk_98fd887332046fc7.txt,unknown,unknown,semantic_fallback,3195,5695,sha256:23979f93ec4f88a7a31d13e23bc4c0aa3e7d7f9e02300c4a6fba0ef0043444e0,sha256:b050b5281ff667658223edcb5fa5d7481372251f830796fb283363dc34849215,sha256:ef8079d89554b1ecb4abc2c35c074435ae9c15048a05a2f48194422f0009cdc0,/Users/keith/Desktop/earnings calls 100 samples/JPM_JPMorgan_Chase_Co/jpm_2024_q3/metadata/normalized_transcript.json,sha256:d2c39053cce990f3ec6e380585b63d209ee3123b5e26b69d12ed3c5c1d8c34de,safe_to_download,3,false,false,false
sha256:1b6bdb7ffa3a328273077ab20,semantic_chunk,jpm_2024_q3,JPM,JPMorgan Chase & Co.,2024 Q3,manual_local_transcript_chunk,/Users/keith/Desktop/earnings calls 100 samples/JPM_JPMorgan_Chase_Co/jpm_2024_q3/chunks/transcript/chunk_331b47e3e7a81fc5.txt,unknown,unknown,semantic_fallback,5695,8195,sha256:23979f93ec4f88a7a31d13e23bc4c0aa3e7d7f9e02300c4a6fba0ef0043444e0,sha256:988e009aeb6cb9edd3bf1d84f71a0bcaa006f3d9c982dad0deea3e9c6718011b,sha256:ef8079d89554b1ecb4abc2c35c074435ae9c15048a05a2f48194422f0009cdc0,/Users/keith/Desktop/earnings calls 100 samples/JPM_JPMorgan_Chase_Co/jpm_2024_q3/metadata/normalized_transcript.json,sha256:9d6b1a803de63c25771ec902cdcc82aadb599ea6640d9e4e3d1bd6e2a2a0befc,safe_to_download,3,false,false,false
sha256:576f44bfc10f047a156c94d17,semantic_chunk,jpm_2024_q3,JPM,JPMorgan Chase & Co.,2024 Q3,manual_local_transcript_chunk,/Users/keith/Desktop/earnings calls 100 samples/JPM_JPMorgan_Chase_Co/jpm_2024_q3/chunks/transcript/chunk_db69ac1b3a8648a7.txt,unknown,unknown,semantic_fallback,8195,9816,sha256:23979f93ec4f88a7a31d13e23bc4c0aa3e7d7f9e02300c4a6fba0ef0043444e0,sha256:02d54b65f136ee37de6446219bb5f0df19c1d6e0893066b88320af416e925cf2,sha256:ef8079d89554b1ecb4abc2c35c074435ae9c15048a05a2f48194422f0009cdc0,/Users/keith/Desktop/earnings calls 100 samples/JPM_JPMorgan_Chase_Co/jpm_2024_q3/metadata/normalized_transcript.json,sha256:c7de1f12bf68f77ed007627fed416bbb7055aa557b6ec963dca868b77ab79790,safe_to_download,3,false,false,false
sha256:2b3fdadd69074153b52b1902d,event_aligned_chunk,jpm_2024_q4,JPM,JPMorgan Chase & Co.,2024 Q4,manual_local_transcript_chunk,/Users/keith/Desktop/earnings calls 100 samples/JPM_JPMorgan_Chase_Co/jpm_2024_q4/chunks/transcript/chunk_9bf716a42deb477c.txt,prepared_remarks,management,prepared_remarks,637,764,sha256:391b4dff8f71c53e61a8a61148a966c796289bb79a180d40ea1c707299a4a3ec,sha256:8e2a343c5862cc1cbc540e12580c813c7d00e651c774d7f6986c3a40dc9b8b6e,sha256:83a985d507183b95b317ab4a22fc09c2ba0780ab01a2d88765a1ce33f987dd48,/Users/keith/Desktop/earnings calls 100 samples/JPM_JPMorgan_Chase_Co/jpm_2024_q4/metadata/normalized_transcript.json,sha256:3fec0e8cf385e9d74fe3a7182b0fbe0ba5890898258da9fdb33ad70f6048a886,safe_to_download,2,false,false,false
sha256:3ae29e9c933fae7c4802d74cb,semantic_chunk,jpm_2024_q4,JPM,JPMorgan Chase & Co.,2024 Q4,manual_local_transcript_chunk,/Users/keith/Desktop/earnings calls 100 samples/JPM_JPMorgan_Chase_Co/jpm_2024_q4/chunks/transcript/chunk_c732bde5ca0da109.txt,unknown,unknown,semantic_fallback,3264,5764,sha256:391b4dff8f71c53e61a8a61148a966c796289bb79a180d40ea1c707299a4a3ec,sha256:2ed0337300eb5c9c493e94e7b8dd86028f6866d3e66958a13b47e5f3f4a336ac,sha256:83a985d507183b95b317ab4a22fc09c2ba0780ab01a2d88765a1ce33f987dd48,/Users/keith/Desktop/earnings calls 100 samples/JPM_JPMorgan_Chase_Co/jpm_2024_q4/metadata/normalized_transcript.json,sha256:1577aea9046c956bb2c5ba5554d7a47bb4595dc901bfa951b61d4fd2cfd2b7a4,safe_to_download,3,false,false,false
sha256:9c1d5e521635af900a768bd7a,semantic_chunk,jpm_2024_q4,JPM,JPMorgan Chase & Co.,2024 Q4,manual_local_transcript_chunk,/Users/keith/Desktop/earnings calls 100 samples/JPM_JPMorgan_Chase_Co/jpm_2024_q4/chunks/transcript/chunk_44d227b995ff5bb5.txt,unknown,unknown,semantic_fallback,5764,8264,sha256:391b4dff8f71c53e61a8a61148a966c796289bb79a180d40ea1c707299a4a3ec,sha256:6128cea567646824dc5541e61c3669f8a7b6d41971fd87063ede6fc6bb050e85,sha256:83a985d507183b95b317ab4a22fc09c2ba0780ab01a2d88765a1ce33f987dd48,/Users/keith/Desktop/earnings calls 100 samples/JPM_JPMorgan_Chase_Co/jpm_2024_q4/metadata/normalized_transcript.json,sha256:e6c05ad46538c678db1382d16271be4a9a42110dbc5d202d6050c519d9505a0e,safe_to_download,3,false,false,false
sha256:96483bb0299537dfc63abf7d1,semantic_chunk,jpm_2024_q4,JPM,JPMorgan Chase & Co.,2024 Q4,manual_local_transcript_chunk,/Users/keith/Desktop/earnings calls 100 samples/JPM_JPMorgan_Chase_Co/jpm_2024_q4/chunks/transcript/chunk_dca95482071e5770.txt,unknown,unknown,semantic_fallback,8264,10764,sha256:391b4dff8f71c53e61a8a61148a966c796289bb79a180d40ea1c707299a4a3ec,sha256:6e02f4bb7c8c490c5088a7500ed90986dd4dabf3a1790d1459de502cc17799fb,sha256:83a985d507183b95b317ab4a22fc09c2ba0780ab01a2d88765a1ce33f987dd48,/Users/keith/Desktop/earnings calls 100 samples/JPM_JPMorgan_Chase_Co/jpm_2024_q4/metadata/normalized_transcript.json,sha256:b8b1d0bf02c91668b9f55cd46cabb0020bef6535f669588899530f46edde4979,safe_to_download,3,false,false,false
sha256:e766ab4aff0da96d3bfd688eb,semantic_chunk,jpm_2024_q4,JPM,JPMorgan Chase & Co.,2024 Q4,manual_local_transcript_chunk,/Users/keith/Desktop/earnings calls 100 samples/JPM_JPMorgan_Chase_Co/jpm_2024_q4/chunks/transcript/chunk_a4e4fa27989fea39.txt,unknown,unknown,semantic_fallback,10764,12957,sha256:391b4dff8f71c53e61a8a61148a966c796289bb79a180d40ea1c707299a4a3ec,sha256:d233798248a03878726330170bbde8c84af9207fb2cf89bd3780bdf992f7d174,sha256:83a985d507183b95b317ab4a22fc09c2ba0780ab01a2d88765a1ce33f987dd48,/Users/keith/Desktop/earnings calls 100 samples/JPM_JPMorgan_Chase_Co/jpm_2024_q4/metadata/normalized_transcript.json,sha256:b05411dd3e501ba0459010b7f80f1fbc110e65a8ffd28d06c03540f3f3e8df4b,safe_to_download,3,false,false,false
sha256:47b31264400439349d138e8ac,event_aligned_chunk,jpm_2025_q1,JPM,JPMorgan Chase & Co.,2025 Q1,manual_local_transcript_chunk,/Users/keith/Desktop/earnings calls 100 samples/JPM_JPMorgan_Chase_Co/jpm_2025_q1/chunks/transcript/chunk_06f9f3ff1066277c.txt,prepared_remarks,management,prepared_remarks,634,761,sha256:4443844be1c36e8aa3826e7713da962087469b319aad806800526919906d3967,sha256:8e2a343c5862cc1cbc540e12580c813c7d00e651c774d7f6986c3a40dc9b8b6e,sha256:cac2b59a92287f9dc606ff9d040470b3c7e8b0abab28950ed9f11f0f23e396a4,/Users/keith/Desktop/earnings calls 100 samples/JPM_JPMorgan_Chase_Co/jpm_2025_q1/metadata/normalized_transcript.json,sha256:c526b33fda21cc4f6e0a95c668995155e1c5a043d5b0612bef49b5ba86e234d8,safe_to_download,2,false,false,false
sha256:088bbea7e171fe87b378c86a9,semantic_chunk,jpm_2025_q1,JPM,JPMorgan Chase & Co.,2025 Q1,manual_local_transcript_chunk,/Users/keith/Desktop/earnings calls 100 samples/JPM_JPMorgan_Chase_Co/jpm_2025_q1/chunks/transcript/chunk_59b633a884d57206.txt,unknown,unknown,semantic_fallback,3261,5761,sha256:4443844be1c36e8aa3826e7713da962087469b319aad806800526919906d3967,sha256:925f0e59e3335c2c126e02d5e86c9d3bc70ceeb4f3df092b6301f4a238d9156c,sha256:cac2b59a92287f9dc606ff9d040470b3c7e8b0abab28950ed9f11f0f23e396a4,/Users/keith/Desktop/earnings calls 100 samples/JPM_JPMorgan_Chase_Co/jpm_2025_q1/metadata/normalized_transcript.json,sha256:ef829090710536007ae043823de0ab0fbf73babd2d816e875d6c4bdfefd27118,safe_to_download,3,false,false,false
sha256:7a1cdb8484b9aabdfdeaf7db8,semantic_chunk,jpm_2025_q1,JPM,JPMorgan Chase & Co.,2025 Q1,manual_local_transcript_chunk,/Users/keith/Desktop/earnings calls 100 samples/JPM_JPMorgan_Chase_Co/jpm_2025_q1/chunks/transcript/chunk_aa0ad00a005558f8.txt,unknown,unknown,semantic_fallback,5761,8261,sha256:4443844be1c36e8aa3826e7713da962087469b319aad806800526919906d3967,sha256:73745b6dc3d0124430f2c5893b560f645a98df445c2ff41d15bd39b09f9f2e71,sha256:cac2b59a92287f9dc606ff9d040470b3c7e8b0abab28950ed9f11f0f23e396a4,/Users/keith/Desktop/earnings calls 100 samples/JPM_JPMorgan_Chase_Co/jpm_2025_q1/metadata/normalized_transcript.json,sha256:7cd85dc81c41d3b8907b4afa17f70eb46eb02067d0da9ca9f81563afbbf6dbbe,safe_to_download,3,false,false,false
sha256:7062d17032aa200e341ac20f5,semantic_chunk,jpm_2025_q1,JPM,JPMorgan Chase & Co.,2025 Q1,manual_local_transcript_chunk,/Users/keith/Desktop/earnings calls 100 samples/JPM_JPMorgan_Chase_Co/jpm_2025_q1/chunks/transcript/chunk_9afde6391c399b8c.txt,unknown,unknown,semantic_fallback,8261,10761,sha256:4443844be1c36e8aa3826e7713da962087469b319aad806800526919906d3967,sha256:b5dce81ccb90675dc3a439f8e9023e5e47f9615f09911665ced8941bea970829,sha256:cac2b59a92287f9dc606ff9d040470b3c7e8b0abab28950ed9f11f0f23e396a4,/Users/keith/Desktop/earnings calls 100 samples/JPM_JPMorgan_Chase_Co/jpm_2025_q1/metadata/normalized_transcript.json,sha256:ec9959e783cc8bc99157cea17cf4928377a4ac72b55ea17815d995e3b3d3ed47,safe_to_download,3,false,false,false
sha256:b5bac61540c03d1c63f6ee062,semantic_chunk,jpm_2025_q1,JPM,JPMorgan Chase & Co.,2025 Q1,manual_local_transcript_chunk,/Users/keith/Desktop/earnings calls 100 samples/JPM_JPMorgan_Chase_Co/jpm_2025_q1/chunks/transcript/chunk_15763f888adc141f.txt,unknown,unknown,semantic_fallback,10761,11417,sha256:4443844be1c36e8aa3826e7713da962087469b319aad806800526919906d3967,sha256:ef64201ed887965101970afa0cabe156719bf4c60509d388608214bd20effebb,sha256:cac2b59a92287f9dc606ff9d040470b3c7e8b0abab28950ed9f11f0f23e396a4,/Users/keith/Desktop/earnings calls 100 samples/JPM_JPMorgan_Chase_Co/jpm_2025_q1/metadata/normalized_transcript.json,sha256:b92d3c7d56f673d5d2a9e3974fbd2c988e8c59a848f6cd1fb1471781b731ea35,safe_to_download,3,false,false,false
sha256:552116dd1feba1fb7373ece60,event_aligned_chunk,jpm_2025_q2,JPM,JPMorgan Chase & Co.,2025 Q2,manual_local_transcript_chunk,/Users/keith/Desktop/earnings calls 100 samples/JPM_JPMorgan_Chase_Co/jpm_2025_q2/chunks/transcript/chunk_36b6ca5bfff410a0.txt,prepared_remarks,management,prepared_remarks,634,761,sha256:e126c41a79d11ac4edb3e422042198d10962a2a0c7c7036704544fb826bcbbba,sha256:8e2a343c5862cc1cbc540e12580c813c7d00e651c774d7f6986c3a40dc9b8b6e,sha256:f26723b03dec27890010ff4b9edf2d2b4be1300b4aecd1e4b3b28205eebd22d3,/Users/keith/Desktop/earnings calls 100 samples/JPM_JPMorgan_Chase_Co/jpm_2025_q2/metadata/normalized_transcript.json,sha256:a51f32347a155c538c87f065f37aafeac520e396577700607c806f684ca73ddd,safe_to_download,2,false,false,false
sha256:03605d1838923767714815d89,semantic_chunk,jpm_2025_q2,JPM,JPMorgan Chase & Co.,2025 Q2,manual_local_transcript_chunk,/Users/keith/Desktop/earnings calls 100 samples/JPM_JPMorgan_Chase_Co/jpm_2025_q2/chunks/transcript/chunk_018fb220c8c6c013.txt,unknown,unknown,semantic_fallback,3261,5761,sha256:e126c41a79d11ac4edb3e422042198d10962a2a0c7c7036704544fb826bcbbba,sha256:ef04520d91b46bfe713f929a9f5bf447c1c68e127123e103079de5a4d229a0f8,sha256:f26723b03dec27890010ff4b9edf2d2b4be1300b4aecd1e4b3b28205eebd22d3,/Users/keith/Desktop/earnings calls 100 samples/JPM_JPMorgan_Chase_Co/jpm_2025_q2/metadata/normalized_transcript.json,sha256:8f8fe7d370a3f9e8d445d6e824a60656b9b7f29d8716a7040605d637ef7da280,safe_to_download,3,false,false,false
sha256:473a4c029b8c9130693cf9281,semantic_chunk,jpm_2025_q2,JPM,JPMorgan Chase & Co.,2025 Q2,manual_local_transcript_chunk,/Users/keith/Desktop/earnings calls 100 samples/JPM_JPMorgan_Chase_Co/jpm_2025_q2/chunks/transcript/chunk_abf0a0f0f6e33aa1.txt,unknown,unknown,semantic_fallback,5761,8261,sha256:e126c41a79d11ac4edb3e422042198d10962a2a0c7c7036704544fb826bcbbba,sha256:d18b3e79097079671c2737f9ec90ccc778e460fd0dbbff2bcdffc5e42282c9cc,sha256:f26723b03dec27890010ff4b9edf2d2b4be1300b4aecd1e4b3b28205eebd22d3,/Users/keith/Desktop/earnings calls 100 samples/JPM_JPMorgan_Chase_Co/jpm_2025_q2/metadata/normalized_transcript.json,sha256:6aa0d4330a9389321e6758137ba414f6e786b7c4888c01e3489bc6b48eb57794,safe_to_download,3,false,false,false
sha256:82f2f42197f72880fb7a95252,semantic_chunk,jpm_2025_q2,JPM,JPMorgan Chase & Co.,2025 Q2,manual_local_transcript_chunk,/Users/keith/Desktop/earnings calls 100 samples/JPM_JPMorgan_Chase_Co/jpm_2025_q2/chunks/transcript/chunk_34a47db2da3efabb.txt,unknown,unknown,semantic_fallback,8261,9221,sha256:e126c41a79d11ac4edb3e422042198d10962a2a0c7c7036704544fb826bcbbba,sha256:81474fd3d33c62b640900d869079a331ce727bbf22b9eca544c30e2d92296337,sha256:f26723b03dec27890010ff4b9edf2d2b4be1300b4aecd1e4b3b28205eebd22d3,/Users/keith/Desktop/earnings calls 100 samples/JPM_JPMorgan_Chase_Co/jpm_2025_q2/metadata/normalized_transcript.json,sha256:d2765412e7f251c32831deb3547bfbb64ab379f320bc40c1421d89d6c7f6f492,safe_to_download,3,false,false,false
sha256:065639bcce79c0f94fc168a35,event_aligned_chunk,jpm_2025_q3,JPM,JPMorgan Chase & Co.,2025 Q3,manual_local_transcript_chunk,/Users/keith/Desktop/earnings calls 100 samples/JPM_JPMorgan_Chase_Co/jpm_2025_q3/chunks/transcript/chunk_aadb724d54431b44.txt,prepared_remarks,management,prepared_remarks,636,763,sha256:785605abf40743a5f4d14c36a363ea22afc8f3fdfe1e59fe3c5b8b225db50737,sha256:8e2a343c5862cc1cbc540e12580c813c7d00e651c774d7f6986c3a40dc9b8b6e,sha256:5c8c3d23ba64f0199ef5d6225ed064d816ee9455edd8fb4bd0f9e4b7ffabc706,/Users/keith/Desktop/earnings calls 100 samples/JPM_JPMorgan_Chase_Co/jpm_2025_q3/metadata/normalized_transcript.json,sha256:0a1de73c06789f1e48152c88582ca2f7dc4ebf41d05d1794170999908c87b025,safe_to_download,2,false,false,false
sha256:5983b2d8c83de9eaef29363a0,semantic_chunk,jpm_2025_q3,JPM,JPMorgan Chase & Co.,2025 Q3,manual_local_transcript_chunk,/Users/keith/Desktop/earnings calls 100 samples/JPM_JPMorgan_Chase_Co/jpm_2025_q3/chunks/transcript/chunk_b383c2683051f818.txt,unknown,unknown,semantic_fallback,3263,5763,sha256:785605abf40743a5f4d14c36a363ea22afc8f3fdfe1e59fe3c5b8b225db50737,sha256:37fe922f83bafca2c784f4724252f35e90ed1cc810029ec3b6130d015aaed2cd,sha256:5c8c3d23ba64f0199ef5d6225ed064d816ee9455edd8fb4bd0f9e4b7ffabc706,/Users/keith/Desktop/earnings calls 100 samples/JPM_JPMorgan_Chase_Co/jpm_2025_q3/metadata/normalized_transcript.json,sha256:6a284d84ef58a68eed1bd53ad15f6694a90ca6f3f24b93fa3d8aaaf36c051ef5,safe_to_download,3,false,false,false
sha256:7fd9d369c44591b342810017b,semantic_chunk,jpm_2025_q3,JPM,JPMorgan Chase & Co.,2025 Q3,manual_local_transcript_chunk,/Users/keith/Desktop/earnings calls 100 samples/JPM_JPMorgan_Chase_Co/jpm_2025_q3/chunks/transcript/chunk_45131fd85598b76a.txt,unknown,unknown,semantic_fallback,5763,7124,sha256:785605abf40743a5f4d14c36a363ea22afc8f3fdfe1e59fe3c5b8b225db50737,sha256:bd3729321d878fd210c04579c4e542295bee0a926ccf61d215688a31112ab650,sha256:5c8c3d23ba64f0199ef5d6225ed064d816ee9455edd8fb4bd0f9e4b7ffabc706,/Users/keith/Desktop/earnings calls 100 samples/JPM_JPMorgan_Chase_Co/jpm_2025_q3/metadata/normalized_transcript.json,sha256:bbb0b6c3fc25d4aee17b06dd5418316872f61abac144f919647e8b603b6db643,safe_to_download,3,false,false,false
sha256:115bbba00cb5fcd7f0362e836,event_aligned_chunk,jpm_2025_q4,JPM,JPMorgan Chase & Co.,2025 Q4,manual_local_transcript_chunk,/Users/keith/Desktop/earnings calls 100 samples/JPM_JPMorgan_Chase_Co/jpm_2025_q4/chunks/transcript/chunk_9a676069575c6293.txt,prepared_remarks,management,prepared_remarks,637,764,sha256:624b4bf0fe79bdd4e1cb7361b1bb3992d06272ce9c40f6fe29394e6a4963ffae,sha256:8e2a343c5862cc1cbc540e12580c813c7d00e651c774d7f6986c3a40dc9b8b6e,sha256:b675db7410ea2ad842267d3b8782588a3cb1b15831d9a4785605dcebbc0e4d7b,/Users/keith/Desktop/earnings calls 100 samples/JPM_JPMorgan_Chase_Co/jpm_2025_q4/metadata/normalized_transcript.json,sha256:13b3f41b1e7cdf1ccdcd5ecbf51a5e88c63ea9c27d3556e4daa97da78ee889e3,safe_to_download,2,false,false,false
sha256:51e3715d7cb01afa79c0b62aa,semantic_chunk,jpm_2025_q4,JPM,JPMorgan Chase & Co.,2025 Q4,manual_local_transcript_chunk,/Users/keith/Desktop/earnings calls 100 samples/JPM_JPMorgan_Chase_Co/jpm_2025_q4/chunks/transcript/chunk_e79ecfafd32f6495.txt,unknown,unknown,semantic_fallback,3264,5764,sha256:624b4bf0fe79bdd4e1cb7361b1bb3992d06272ce9c40f6fe29394e6a4963ffae,sha256:2433187def858c7ef92c8b45edb17bfdb41fab4d79c17de38b9d47a31e5cfcb4,sha256:b675db7410ea2ad842267d3b8782588a3cb1b15831d9a4785605dcebbc0e4d7b,/Users/keith/Desktop/earnings calls 100 samples/JPM_JPMorgan_Chase_Co/jpm_2025_q4/metadata/normalized_transcript.json,sha256:8e918d94e0520ec4e9d26f7b692387d3be3af8369c25a5888bb46511d5eb12f6,safe_to_download,3,false,false,false
sha256:5b9a9fdb35991549f6fe19559,semantic_chunk,jpm_2025_q4,JPM,JPMorgan Chase & Co.,2025 Q4,manual_local_transcript_chunk,/Users/keith/Desktop/earnings calls 100 samples/JPM_JPMorgan_Chase_Co/jpm_2025_q4/chunks/transcript/chunk_298bc69ea1326943.txt,unknown,unknown,semantic_fallback,5764,8264,sha256:624b4bf0fe79bdd4e1cb7361b1bb3992d06272ce9c40f6fe29394e6a4963ffae,sha256:d5da67c3ad168449f3bc4fe74a17229df328d45545760b8a7b0eb2e12265a0a8,sha256:b675db7410ea2ad842267d3b8782588a3cb1b15831d9a4785605dcebbc0e4d7b,/Users/keith/Desktop/earnings calls 100 samples/JPM_JPMorgan_Chase_Co/jpm_2025_q4/metadata/normalized_transcript.json,sha256:0bfa0b2afd7ca9b05e371c8a934ff6f77166038a48b8f9ebd19f5540cf157399,safe_to_download,3,false,false,false
sha256:07827ce21f09774fe099873e0,semantic_chunk,jpm_2025_q4,JPM,JPMorgan Chase & Co.,2025 Q4,manual_local_transcript_chunk,/Users/keith/Desktop/earnings calls 100 samples/JPM_JPMorgan_Chase_Co/jpm_2025_q4/chunks/transcript/chunk_ed17ddeca2186571.txt,unknown,unknown,semantic_fallback,8264,10163,sha256:624b4bf0fe79bdd4e1cb7361b1bb3992d06272ce9c40f6fe29394e6a4963ffae,sha256:c50f03103146663dba0f625523929c70965e12fa6295544dfa0f1d2ea3ce35fc,sha256:b675db7410ea2ad842267d3b8782588a3cb1b15831d9a4785605dcebbc0e4d7b,/Users/keith/Desktop/earnings calls 100 samples/JPM_JPMorgan_Chase_Co/jpm_2025_q4/metadata/normalized_transcript.json,sha256:9093669c56afbd13ba74735eeaf002681b777aafbf56b01486fa786f9cc5a070,safe_to_download,3,false,false,false
sha256:5be8b8dd47549d96c93b7bf63,event_aligned_chunk,lyb_2025_q1,LYB,LyondellBasell Industries N.V.,2025 Q1,manual_local_transcript_chunk,/Users/keith/Desktop/earnings calls 100 samples/LYB_LyondellBasell_Industries_N_V/lyb_2025_q1/chunks/transcript/chunk_3c1d23b6c04c6d3a.txt,prepared_remarks,management,prepared_remarks,1021,1535,sha256:1b5d701db16a74f651df169f3c038bd077c8e532ad3319ce1dd13094a914d29e,sha256:06027184286c477439c818921b54e64d68850ceab38cf1c4f252f196a5c0d708,sha256:c98c414279777f2a9b377f8115b6c50b065bd70a66691afbc7ee4eb8a39ebe81,/Users/keith/Desktop/earnings calls 100 samples/LYB_LyondellBasell_Industries_N_V/lyb_2025_q1/metadata/normalized_transcript.json,sha256:e1b39f0dc50f5cbaa4d2c8a7db0949959da2ddcd4bd0a47747ec983119a5c4d9,safe_to_download,2,false,false,false
sha256:2856be9a5e432df66531bbda1,semantic_chunk,lyb_2025_q1,LYB,LyondellBasell Industries N.V.,2025 Q1,manual_local_transcript_chunk,/Users/keith/Desktop/earnings calls 100 samples/LYB_LyondellBasell_Industries_N_V/lyb_2025_q1/chunks/transcript/chunk_769a4de737313c0e.txt,unknown,unknown,semantic_fallback,4035,6535,sha256:1b5d701db16a74f651df169f3c038bd077c8e532ad3319ce1dd13094a914d29e,sha256:e8ea73d6f33327748dcad903a1220bbf0ae41596b60029b7ac618899d5cc30a3,sha256:c98c414279777f2a9b377f8115b6c50b065bd70a66691afbc7ee4eb8a39ebe81,/Users/keith/Desktop/earnings calls 100 samples/LYB_LyondellBasell_Industries_N_V/lyb_2025_q1/metadata/normalized_transcript.json,sha256:7e6f9359042a212b7e591bd2902310fc4feb50e3ab82ff4585bdaf3781e80c50,safe_to_download,3,false,false,false
sha256:5032d167017df28ea6e9e1a46,semantic_chunk,lyb_2025_q1,LYB,LyondellBasell Industries N.V.,2025 Q1,manual_local_transcript_chunk,/Users/keith/Desktop/earnings calls 100 samples/LYB_LyondellBasell_Industries_N_V/lyb_2025_q1/chunks/transcript/chunk_4c899ca14158fcae.txt,unknown,unknown,semantic_fallback,6535,9035,sha256:1b5d701db16a74f651df169f3c038bd077c8e532ad3319ce1dd13094a914d29e,sha256:f07493e4f2b58e1b2a45f9eea4d4227b988528dbcbed7e00831df5799bf1a006,sha256:c98c414279777f2a9b377f8115b6c50b065bd70a66691afbc7ee4eb8a39ebe81,/Users/keith/Desktop/earnings calls 100 samples/LYB_LyondellBasell_Industries_N_V/lyb_2025_q1/metadata/normalized_transcript.json,sha256:cca4266c943260387a8dab1caabfbde11a4617a4ab012c5766d886bc41533efd,safe_to_download,3,false,false,false
sha256:c4112f0879bd071b0e4ab843f,semantic_chunk,lyb_2025_q1,LYB,LyondellBasell Industries N.V.,2025 Q1,manual_local_transcript_chunk,/Users/keith/Desktop/earnings calls 100 samples/LYB_LyondellBasell_Industries_N_V/lyb_2025_q1/chunks/transcript/chunk_e3c01d7df16534a7.txt,unknown,unknown,semantic_fallback,9035,11535,sha256:1b5d701db16a74f651df169f3c038bd077c8e532ad3319ce1dd13094a914d29e,sha256:ac251a59852b48d91443c6a22be6fb99fcbfe585c534beffb594f58e648f5a11,sha256:c98c414279777f2a9b377f8115b6c50b065bd70a66691afbc7ee4eb8a39ebe81,/Users/keith/Desktop/earnings calls 100 samples/LYB_LyondellBasell_Industries_N_V/lyb_2025_q1/metadata/normalized_transcript.json,sha256:00b1eeb3748b831660d7c6a06f4890b0cb361081147d9d8f8e33cc9f2045d64b,safe_to_download,3,false,false,false
sha256:5a2f61f311e1e34de795e9ed7,semantic_chunk,lyb_2025_q1,LYB,LyondellBasell Industries N.V.,2025 Q1,manual_local_transcript_chunk,/Users/keith/Desktop/earnings calls 100 samples/LYB_LyondellBasell_Industries_N_V/lyb_2025_q1/chunks/transcript/chunk_11bb332bc1595492.txt,unknown,unknown,semantic_fallback,11535,14035,sha256:1b5d701db16a74f651df169f3c038bd077c8e532ad3319ce1dd13094a914d29e,sha256:1eafb940c3f02c92d6ab2b6ddab473ddf89af796a35eb30e55c80701bd7bb5f6,sha256:c98c414279777f2a9b377f8115b6c50b065bd70a66691afbc7ee4eb8a39ebe81,/Users/keith/Desktop/earnings calls 100 samples/LYB_LyondellBasell_Industries_N_V/lyb_2025_q1/metadata/normalized_transcript.json,sha256:50830109a369facfa59af380951bfbca1379f3b8130b2080f2027ac7c1d77c49,safe_to_download,3,false,false,false
sha256:aefa3c9d40d6a24bd2552068d,semantic_chunk,lyb_2025_q1,LYB,LyondellBasell Industries N.V.,2025 Q1,manual_local_transcript_chunk,/Users/keith/Desktop/earnings calls 100 samples/LYB_LyondellBasell_Industries_N_V/lyb_2025_q1/chunks/transcript/chunk_e336079abe219e0e.txt,unknown,unknown,semantic_fallback,14035,16535,sha256:1b5d701db16a74f651df169f3c038bd077c8e532ad3319ce1dd13094a914d29e,sha256:2ad7785c891c3cf955abad6f17c8ea5b5f6e9d49b689df5348cc5f702a3573ca,sha256:c98c414279777f2a9b377f8115b6c50b065bd70a66691afbc7ee4eb8a39ebe81,/Users/keith/Desktop/earnings calls 100 samples/LYB_LyondellBasell_Industries_N_V/lyb_2025_q1/metadata/normalized_transcript.json,sha256:20a66e0bbe21d3cc80a281f2ebe2092f4bc459dc33c3d2bcb6923613e31b3a43,safe_to_download,3,false,false,false
sha256:4833dd7fe2b3aa73adaff0c43,semantic_chunk,lyb_2025_q1,LYB,LyondellBasell Industries N.V.,2025 Q1,manual_local_transcript_chunk,/Users/keith/Desktop/earnings calls 100 samples/LYB_LyondellBasell_Industries_N_V/lyb_2025_q1/chunks/transcript/chunk_3ba0cc2fbfb2e4d6.txt,unknown,unknown,semantic_fallback,16535,19035,sha256:1b5d701db16a74f651df169f3c038bd077c8e532ad3319ce1dd13094a914d29e,sha256:41bea9148464d3156d12f8e447aee3e1d0e6b6f4780855cbe9f2e5a2b82b4026,sha256:c98c414279777f2a9b377f8115b6c50b065bd70a66691afbc7ee4eb8a39ebe81,/Users/keith/Desktop/earnings calls 100 samples/LYB_LyondellBasell_Industries_N_V/lyb_2025_q1/metadata/normalized_transcript.json,sha256:e1cc8313a1fe78a531f683f2d820e8100e5f2f1558e3c9a1d703b6f4ee4d3737,safe_to_download,3,false,false,false
sha256:d969fc86df0d9f832d3dec0b7,semantic_chunk,lyb_2025_q1,LYB,LyondellBasell Industries N.V.,2025 Q1,manual_local_transcript_chunk,/Users/keith/Desktop/earnings calls 100 samples/LYB_LyondellBasell_Industries_N_V/lyb_2025_q1/chunks/transcript/chunk_ce6af3c99353b9f1.txt,unknown,unknown,semantic_fallback,19035,21535,sha256:1b5d701db16a74f651df169f3c038bd077c8e532ad3319ce1dd13094a914d29e,sha256:dd4200f04f9044c9ccd3b3e029b7a0e575fec888200c066473f6a76a1a68e3b5,sha256:c98c414279777f2a9b377f8115b6c50b065bd70a66691afbc7ee4eb8a39ebe81,/Users/keith/Desktop/earnings calls 100 samples/LYB_LyondellBasell_Industries_N_V/lyb_2025_q1/metadata/normalized_transcript.json,sha256:bcae96d9431c4d1096b82275702836b2924bb1d6f88ecb4c2a652ca733dd1e22,safe_to_download,3,false,false,false
sha256:003fcbbd5bd4c4c79f99fd282,semantic_chunk,lyb_2025_q1,LYB,LyondellBasell Industries N.V.,2025 Q1,manual_local_transcript_chunk,/Users/keith/Desktop/earnings calls 100 samples/LYB_LyondellBasell_Industries_N_V/lyb_2025_q1/chunks/transcript/chunk_6c9743d3084534a4.txt,unknown,unknown,semantic_fallback,21535,24035,sha256:1b5d701db16a74f651df169f3c038bd077c8e532ad3319ce1dd13094a914d29e,sha256:6657cd31aaa6e72287fbb41f94afe96e3ee8740aa7edc1c52ece42e8cfb9957e,sha256:c98c414279777f2a9b377f8115b6c50b065bd70a66691afbc7ee4eb8a39ebe81,/Users/keith/Desktop/earnings calls 100 samples/LYB_LyondellBasell_Industries_N_V/lyb_2025_q1/metadata/normalized_transcript.json,sha256:7b589e44ae40f92f59ea7bf5ddc3125990096ebb3f8431a2a39770a11c852def,safe_to_download,3,false,false,false
sha256:e6d79da94d2b89293f640e14b,semantic_chunk,lyb_2025_q1,LYB,LyondellBasell Industries N.V.,2025 Q1,manual_local_transcript_chunk,/Users/keith/Desktop/earnings calls 100 samples/LYB_LyondellBasell_Industries_N_V/lyb_2025_q1/chunks/transcript/chunk_b5f162d2cb8cf965.txt,unknown,unknown,semantic_fallback,24035,26535,sha256:1b5d701db16a74f651df169f3c038bd077c8e532ad3319ce1dd13094a914d29e,sha256:e27dc1511e8227670d00844fba635f6f4c167ef598a1efef3de2e48a92bf7ecd,sha256:c98c414279777f2a9b377f8115b6c50b065bd70a66691afbc7ee4eb8a39ebe81,/Users/keith/Desktop/earnings calls 100 samples/LYB_LyondellBasell_Industries_N_V/lyb_2025_q1/metadata/normalized_transcript.json,sha256:2f4760115792f23d9aeaf7c998fc2979c0e324640224a85b620246924cdc3cf4,safe_to_download,3,false,false,false
sha256:a896bea696c2988e9d7c3833a,semantic_chunk,lyb_2025_q1,LYB,LyondellBasell Industries N.V.,2025 Q1,manual_local_transcript_chunk,/Users/keith/Desktop/earnings calls 100 samples/LYB_LyondellBasell_Industries_N_V/lyb_2025_q1/chunks/transcript/chunk_9e7f75f3078f2e2c.txt,unknown,unknown,semantic_fallback,26535,29035,sha256:1b5d701db16a74f651df169f3c038bd077c8e532ad3319ce1dd13094a914d29e,sha256:26bea9e4bffd55e1bc3fa94d0d357ebee0016bf2a6647d1a7a0bf0cf5ce96575,sha256:c98c414279777f2a9b377f8115b6c50b065bd70a66691afbc7ee4eb8a39ebe81,/Users/keith/Desktop/earnings calls 100 samples/LYB_LyondellBasell_Industries_N_V/lyb_2025_q1/metadata/normalized_transcript.json,sha256:d8bd01608ba61c0049b1b39898d0c05725addf177fa848db4e244543c166f382,safe_to_download,3,false,false,false
sha256:22e3add753f636b5ebad45232,semantic_chunk,lyb_2025_q1,LYB,LyondellBasell Industries N.V.,2025 Q1,manual_local_transcript_chunk,/Users/keith/Desktop/earnings calls 100 samples/LYB_LyondellBasell_Industries_N_V/lyb_2025_q1/chunks/transcript/chunk_27357009095dbcc7.txt,unknown,unknown,semantic_fallback,29035,31535,sha256:1b5d701db16a74f651df169f3c038bd077c8e532ad3319ce1dd13094a914d29e,sha256:e2f83a37f7ef23bd0a6464a00a82590684360564c7dcf13aa328859a56963fe3,sha256:c98c414279777f2a9b377f8115b6c50b065bd70a66691afbc7ee4eb8a39ebe81,/Users/keith/Desktop/earnings calls 100 samples/LYB_LyondellBasell_Industries_N_V/lyb_2025_q1/metadata/normalized_transcript.json,sha256:b514f56e73c56b4a7938f893cd879fc0f829edc21305644b9f5d7ad9578843ed,safe_to_download,3,false,false,false
sha256:36d21fd734560dfb00ef2da2e,semantic_chunk,lyb_2025_q1,LYB,LyondellBasell Industries N.V.,2025 Q1,manual_local_transcript_chunk,/Users/keith/Desktop/earnings calls 100 samples/LYB_LyondellBasell_Industries_N_V/lyb_2025_q1/chunks/transcript/chunk_4defae298319d2a8.txt,unknown,unknown,semantic_fallback,31535,34035,sha256:1b5d701db16a74f651df169f3c038bd077c8e532ad3319ce1dd13094a914d29e,sha256:05c5ac6e26c4061c3022b57df6fc5fe96d2be2e03763267796114d292ebaae4c,sha256:c98c414279777f2a9b377f8115b6c50b065bd70a66691afbc7ee4eb8a39ebe81,/Users/keith/Desktop/earnings calls 100 samples/LYB_LyondellBasell_Industries_N_V/lyb_2025_q1/metadata/normalized_transcript.json,sha256:99b0de9a12b67af4c7b214dfc62be17c631f3cbbf4d915bf6081d50f80a1033f,safe_to_download,3,false,false,false
sha256:753210049fddfa3338af88726,semantic_chunk,lyb_2025_q1,LYB,LyondellBasell Industries N.V.,2025 Q1,manual_local_transcript_chunk,/Users/keith/Desktop/earnings calls 100 samples/LYB_LyondellBasell_Industries_N_V/lyb_2025_q1/chunks/transcript/chunk_7d060690cabde030.txt,unknown,unknown,semantic_fallback,34035,36535,sha256:1b5d701db16a74f651df169f3c038bd077c8e532ad3319ce1dd13094a914d29e,sha256:8637164ac507d333ac7b73cf17e6d5b5dedfd9b8a119ceffa89f1a331d155615,sha256:c98c414279777f2a9b377f8115b6c50b065bd70a66691afbc7ee4eb8a39ebe81,/Users/keith/Desktop/earnings calls 100 samples/LYB_LyondellBasell_Industries_N_V/lyb_2025_q1/metadata/normalized_transcript.json,sha256:64f6516c931b3c31c594a965b949a0c0597ea0d6bf36f99c35a91fa9b8a454d0,safe_to_download,3,false,false,false
sha256:50b077e122c942d96db4b6e3f,semantic_chunk,lyb_2025_q1,LYB,LyondellBasell Industries N.V.,2025 Q1,manual_local_transcript_chunk,/Users/keith/Desktop/earnings calls 100 samples/LYB_LyondellBasell_Industries_N_V/lyb_2025_q1/chunks/transcript/chunk_52abd709a7893ea9.txt,unknown,unknown,semantic_fallback,36535,39035,sha256:1b5d701db16a74f651df169f3c038bd077c8e532ad3319ce1dd13094a914d29e,sha256:ee5d4e200c1eea2bd1dab9dee14613ea42952557410e49272a4f935479f6e0f4,sha256:c98c414279777f2a9b377f8115b6c50b065bd70a66691afbc7ee4eb8a39ebe81,/Users/keith/Desktop/earnings calls 100 samples/LYB_LyondellBasell_Industries_N_V/lyb_2025_q1/metadata/normalized_transcript.json,sha256:d3944777d5204ad69d1c18430f0371399953166fbc9fd901aabf46b5c4a89efe,safe_to_download,3,false,false,false
sha256:6d714fbc7e8ad2def9b475992,semantic_chunk,lyb_2025_q1,LYB,LyondellBasell Industries N.V.,2025 Q1,manual_local_transcript_chunk,/Users/keith/Desktop/earnings calls 100 samples/LYB_LyondellBasell_Industries_N_V/lyb_2025_q1/chunks/transcript/chunk_7faadffe3711a772.txt,unknown,unknown,semantic_fallback,39035,41535,sha256:1b5d701db16a74f651df169f3c038bd077c8e532ad3319ce1dd13094a914d29e,sha256:93d5da03ad6bf6ef19be418a091dc533f2d2bbf9bbf6a715302f06dc09594b0e,sha256:c98c414279777f2a9b377f8115b6c50b065bd70a66691afbc7ee4eb8a39ebe81,/Users/keith/Desktop/earnings calls 100 samples/LYB_LyondellBasell_Industries_N_V/lyb_2025_q1/metadata/normalized_transcript.json,sha256:cc55e5dcdb646ebe3f5488dc5789164a844e64769f896512b9618bd7273ea03b,safe_to_download,3,false,false,false
sha256:8405ed738029a8c025b9e8555,semantic_chunk,lyb_2025_q1,LYB,LyondellBasell Industries N.V.,2025 Q1,manual_local_transcript_chunk,/Users/keith/Desktop/earnings calls 100 samples/LYB_LyondellBasell_Industries_N_V/lyb_2025_q1/chunks/transcript/chunk_178d74db1bd078b1.txt,unknown,unknown,semantic_fallback,41535,44035,sha256:1b5d701db16a74f651df169f3c038bd077c8e532ad3319ce1dd13094a914d29e,sha256:54b9e70711d5bcdaf421cc0d6649271b58c0a5316a05bd490e90f68be35c644c,sha256:c98c414279777f2a9b377f8115b6c50b065bd70a66691afbc7ee4eb8a39ebe81,/Users/keith/Desktop/earnings calls 100 samples/LYB_LyondellBasell_Industries_N_V/lyb_2025_q1/metadata/normalized_transcript.json,sha256:a2fb6617a93b0d6259037d08b80c2dfd3aebeaf31468970781f0adbcc0213160,safe_to_download,3,false,false,false
sha256:d126d21ef6b03fadc3aa90b21,semantic_chunk,lyb_2025_q1,LYB,LyondellBasell Industries N.V.,2025 Q1,manual_local_transcript_chunk,/Users/keith/Desktop/earnings calls 100 samples/LYB_LyondellBasell_Industries_N_V/lyb_2025_q1/chunks/transcript/chunk_f3dc454177931f91.txt,unknown,unknown,semantic_fallback,44035,46535,sha256:1b5d701db16a74f651df169f3c038bd077c8e532ad3319ce1dd13094a914d29e,sha256:de8c04b9bffccbe983ff9724861b7097fd857e89a33012d513879d0c8d1526ab,sha256:c98c414279777f2a9b377f8115b6c50b065bd70a66691afbc7ee4eb8a39ebe81,/Users/keith/Desktop/earnings calls 100 samples/LYB_LyondellBasell_Industries_N_V/lyb_2025_q1/metadata/normalized_transcript.json,sha256:40455b96588239845507a47f9e28314f6c4c4bd671b141593f5a8b871eccd5b3,safe_to_download,3,false,false,false
sha256:14da12f36b44af13ef67811ad,semantic_chunk,lyb_2025_q1,LYB,LyondellBasell Industries N.V.,2025 Q1,manual_local_transcript_chunk,/Users/keith/Desktop/earnings calls 100 samples/LYB_LyondellBasell_Industries_N_V/lyb_2025_q1/chunks/transcript/chunk_a29c50b2ac4b8c4d.txt,unknown,unknown,semantic_fallback,46535,49035,sha256:1b5d701db16a74f651df169f3c038bd077c8e532ad3319ce1dd13094a914d29e,sha256:dc6a9969f61abb178330d0429b1e4f08e89077fa8f6bc1b6f6ba932ccb30ad7c,sha256:c98c414279777f2a9b377f8115b6c50b065bd70a66691afbc7ee4eb8a39ebe81,/Users/keith/Desktop/earnings calls 100 samples/LYB_LyondellBasell_Industries_N_V/lyb_2025_q1/metadata/normalized_transcript.json,sha256:a66f4805ad4a556833ac8aebdc0ddbda3762cd25af0cf270dedc128ec0d836bf,safe_to_download,3,false,false,false
sha256:51c7e15a0d66cbce60698c589,semantic_chunk,lyb_2025_q1,LYB,LyondellBasell Industries N.V.,2025 Q1,manual_local_transcript_chunk,/Users/keith/Desktop/earnings calls 100 samples/LYB_LyondellBasell_Industries_N_V/lyb_2025_q1/chunks/transcript/chunk_57f62ae7b92ae965.txt,unknown,unknown,semantic_fallback,49035,51535,sha256:1b5d701db16a74f651df169f3c038bd077c8e532ad3319ce1dd13094a914d29e,sha256:4916b3e85fcb352ac562a4b923f4c35d1a0f70af612abdac2aa19381e210e5cd,sha256:c98c414279777f2a9b377f8115b6c50b065bd70a66691afbc7ee4eb8a39ebe81,/Users/keith/Desktop/earnings calls 100 samples/LYB_LyondellBasell_Industries_N_V/lyb_2025_q1/metadata/normalized_transcript.json,sha256:823346378da70ba70d3d1bf4b8b89be1dce8de16739f9be2fae72d9489836664,safe_to_download,3,false,false,false
sha256:b0014e5090b6f06bf06420b77,semantic_chunk,lyb_2025_q1,LYB,LyondellBasell Industries N.V.,2025 Q1,manual_local_transcript_chunk,/Users/keith/Desktop/earnings calls 100 samples/LYB_LyondellBasell_Industries_N_V/lyb_2025_q1/chunks/transcript/chunk_db2b96ace679abe2.txt,unknown,unknown,semantic_fallback,51535,53965,sha256:1b5d701db16a74f651df169f3c038bd077c8e532ad3319ce1dd13094a914d29e,sha256:7de15d41ad66a3f420fb65598dac68dd2b522eca916875c16bee2f938daf0dc3,sha256:c98c414279777f2a9b377f8115b6c50b065bd70a66691afbc7ee4eb8a39ebe81,/Users/keith/Desktop/earnings calls 100 samples/LYB_LyondellBasell_Industries_N_V/lyb_2025_q1/metadata/normalized_transcript.json,sha256:860f72b4316e5deb42eac8de0bb62be6fa7f2f9bc1480909c66ed8e913df6035,safe_to_download,3,false,false,false
sha256:14bf85eb704d0c8a7e3ad55c9,event_aligned_chunk,lyb_2025_q2,LYB,LyondellBasell Industries N.V.,2025 Q2,manual_local_transcript_chunk,/Users/keith/Desktop/earnings calls 100 samples/LYB_LyondellBasell_Industries_N_V/lyb_2025_q2/chunks/transcript/chunk_f1350a9eff0121b6.txt,prepared_remarks,management,prepared_remarks,1149,1664,sha256:68bbdaa6e3fa38d71ffe5d898b24a38cd30134a9dde08731a7ed379f37ab7b1e,sha256:814484d92ba3dde68db88c04232fba6e73c2cea0bc05251d9b6bbeabfaaf22f5,sha256:9e7090a90e686ce2752f48986fbd0a051db51015ac1b232a1118c02d53cec4e4,/Users/keith/Desktop/earnings calls 100 samples/LYB_LyondellBasell_Industries_N_V/lyb_2025_q2/metadata/normalized_transcript.json,sha256:21f88882fb263bdc10da443080e01fc5c072b8214cac377e22107b25e239f438,safe_to_download,2,false,false,false
sha256:7ebf2fab7af28e6e94ac59644,semantic_chunk,lyb_2025_q2,LYB,LyondellBasell Industries N.V.,2025 Q2,manual_local_transcript_chunk,/Users/keith/Desktop/earnings calls 100 samples/LYB_LyondellBasell_Industries_N_V/lyb_2025_q2/chunks/transcript/chunk_d080f3d86a810ca3.txt,unknown,unknown,semantic_fallback,4164,6664,sha256:68bbdaa6e3fa38d71ffe5d898b24a38cd30134a9dde08731a7ed379f37ab7b1e,sha256:57301c41fb268e20c6e309a92f5bfde0a454f9f52915f3b0493532b5560b0190,sha256:9e7090a90e686ce2752f48986fbd0a051db51015ac1b232a1118c02d53cec4e4,/Users/keith/Desktop/earnings calls 100 samples/LYB_LyondellBasell_Industries_N_V/lyb_2025_q2/metadata/normalized_transcript.json,sha256:3d0af9bb27768607718e15cb748b9e54f3d9bf1a2a1b8ec0abd56f99aeb9b068,safe_to_download,3,false,false,false
sha256:2689ced6e172255bc697fbe4d,semantic_chunk,lyb_2025_q2,LYB,LyondellBasell Industries N.V.,2025 Q2,manual_local_transcript_chunk,/Users/keith/Desktop/earnings calls 100 samples/LYB_LyondellBasell_Industries_N_V/lyb_2025_q2/chunks/transcript/chunk_7c566c23bb1d70b5.txt,unknown,unknown,semantic_fallback,6664,9164,sha256:68bbdaa6e3fa38d71ffe5d898b24a38cd30134a9dde08731a7ed379f37ab7b1e,sha256:7af62935746a8d08331d085a0c02cf70d5a0822cbbbfa796b459a4baecb387fe,sha256:9e7090a90e686ce2752f48986fbd0a051db51015ac1b232a1118c02d53cec4e4,/Users/keith/Desktop/earnings calls 100 samples/LYB_LyondellBasell_Industries_N_V/lyb_2025_q2/metadata/normalized_transcript.json,sha256:9af55da21af8c50a5740569c5a0f7028f1dc76f77509a467168e2abe5566e38a,safe_to_download,3,false,false,false
sha256:b670681c4aa89231d47ed0b3f,semantic_chunk,lyb_2025_q2,LYB,LyondellBasell Industries N.V.,2025 Q2,manual_local_transcript_chunk,/Users/keith/Desktop/earnings calls 100 samples/LYB_LyondellBasell_Industries_N_V/lyb_2025_q2/chunks/transcript/chunk_7711247b156f857a.txt,unknown,unknown,semantic_fallback,9164,11664,sha256:68bbdaa6e3fa38d71ffe5d898b24a38cd30134a9dde08731a7ed379f37ab7b1e,sha256:8d4e31d3ad659a102a314241bb10cd735ddd3eb77f25f27ba920f95c07424284,sha256:9e7090a90e686ce2752f48986fbd0a051db51015ac1b232a1118c02d53cec4e4,/Users/keith/Desktop/earnings calls 100 samples/LYB_LyondellBasell_Industries_N_V/lyb_2025_q2/metadata/normalized_transcript.json,sha256:0065d7dda94340bc4f69f59ea2518e977f618d729cf57c5c362f8f59574a068d,safe_to_download,3,false,false,false
sha256:396c75e5c9207f20e76f8fe73,semantic_chunk,lyb_2025_q2,LYB,LyondellBasell Industries N.V.,2025 Q2,manual_local_transcript_chunk,/Users/keith/Desktop/earnings calls 100 samples/LYB_LyondellBasell_Industries_N_V/lyb_2025_q2/chunks/transcript/chunk_aac3aee301d2bc32.txt,unknown,unknown,semantic_fallback,11664,14164,sha256:68bbdaa6e3fa38d71ffe5d898b24a38cd30134a9dde08731a7ed379f37ab7b1e,sha256:8032b7f356262b464dcb82f88915285a4999a8ec7647300f3c9089872bf21b66,sha256:9e7090a90e686ce2752f48986fbd0a051db51015ac1b232a1118c02d53cec4e4,/Users/keith/Desktop/earnings calls 100 samples/LYB_LyondellBasell_Industries_N_V/lyb_2025_q2/metadata/normalized_transcript.json,sha256:546efbf6d80111a37ffd44b9930eb5d53ab074977b2a155a77a3dc2cbbe27d2c,safe_to_download,3,false,false,false
sha256:af803c67b7eea3a199b20ad8a,semantic_chunk,lyb_2025_q2,LYB,LyondellBasell Industries N.V.,2025 Q2,manual_local_transcript_chunk,/Users/keith/Desktop/earnings calls 100 samples/LYB_LyondellBasell_Industries_N_V/lyb_2025_q2/chunks/transcript/chunk_9e63caf09a813425.txt,unknown,unknown,semantic_fallback,14164,16664,sha256:68bbdaa6e3fa38d71ffe5d898b24a38cd30134a9dde08731a7ed379f37ab7b1e,sha256:dff59a113ccdb409a253c3e61cbb5078c80b2a9d3f7c1ed9a1d813e3df85137f,sha256:9e7090a90e686ce2752f48986fbd0a051db51015ac1b232a1118c02d53cec4e4,/Users/keith/Desktop/earnings calls 100 samples/LYB_LyondellBasell_Industries_N_V/lyb_2025_q2/metadata/normalized_transcript.json,sha256:833ff3141a52a97a1babe59b2fb14dd058238742132b90e882940049ad9d93d8,safe_to_download,3,false,false,false
sha256:19671ef85d252e80b06009872,semantic_chunk,lyb_2025_q2,LYB,LyondellBasell Industries N.V.,2025 Q2,manual_local_transcript_chunk,/Users/keith/Desktop/earnings calls 100 samples/LYB_LyondellBasell_Industries_N_V/lyb_2025_q2/chunks/transcript/chunk_6b2cd2fe35b74251.txt,unknown,unknown,semantic_fallback,16664,19164,sha256:68bbdaa6e3fa38d71ffe5d898b24a38cd30134a9dde08731a7ed379f37ab7b1e,sha256:4680cb6bdeade911680fd58d4dfd1f14130d16e225f32d7eec156890205c96f9,sha256:9e7090a90e686ce2752f48986fbd0a051db51015ac1b232a1118c02d53cec4e4,/Users/keith/Desktop/earnings calls 100 samples/LYB_LyondellBasell_Industries_N_V/lyb_2025_q2/metadata/normalized_transcript.json,sha256:77a3086adb9c0981c93481a33f54d8caaca6bf9ae45d1fb11fdbfa068938ea9b,safe_to_download,3,false,false,false
sha256:a824b57cd53d17d4b047a8c61,semantic_chunk,lyb_2025_q2,LYB,LyondellBasell Industries N.V.,2025 Q2,manual_local_transcript_chunk,/Users/keith/Desktop/earnings calls 100 samples/LYB_LyondellBasell_Industries_N_V/lyb_2025_q2/chunks/transcript/chunk_b5de790baf90f283.txt,unknown,unknown,semantic_fallback,19164,21664,sha256:68bbdaa6e3fa38d71ffe5d898b24a38cd30134a9dde08731a7ed379f37ab7b1e,sha256:d29b0d9ba0191335465185441a0085c94a9706eee27e498230796cca992f46b3,sha256:9e7090a90e686ce2752f48986fbd0a051db51015ac1b232a1118c02d53cec4e4,/Users/keith/Desktop/earnings calls 100 samples/LYB_LyondellBasell_Industries_N_V/lyb_2025_q2/metadata/normalized_transcript.json,sha256:d846c10a679649bc4704b3d02f0f0fff337dc56ebcb9b1d8f4cb808cc2f7672b,safe_to_download,3,false,false,false
sha256:48b5f0148def9d7a01b7307da,semantic_chunk,lyb_2025_q2,LYB,LyondellBasell Industries N.V.,2025 Q2,manual_local_transcript_chunk,/Users/keith/Desktop/earnings calls 100 samples/LYB_LyondellBasell_Industries_N_V/lyb_2025_q2/chunks/transcript/chunk_03af044928ca14e3.txt,unknown,unknown,semantic_fallback,21664,24164,sha256:68bbdaa6e3fa38d71ffe5d898b24a38cd30134a9dde08731a7ed379f37ab7b1e,sha256:069df7ce5af7834c362b164aa740ebf1415ff3fc1232b5e644b3fc799c21dd4c,sha256:9e7090a90e686ce2752f48986fbd0a051db51015ac1b232a1118c02d53cec4e4,/Users/keith/Desktop/earnings calls 100 samples/LYB_LyondellBasell_Industries_N_V/lyb_2025_q2/metadata/normalized_transcript.json,sha256:44ed9e456eded760873c9b864ed70f023c4e163c65ebbebd6e340cf8ec5381cd,safe_to_download,3,false,false,false
sha256:b0dc4a39734d6e6597f3accb9,semantic_chunk,lyb_2025_q2,LYB,LyondellBasell Industries N.V.,2025 Q2,manual_local_transcript_chunk,/Users/keith/Desktop/earnings calls 100 samples/LYB_LyondellBasell_Industries_N_V/lyb_2025_q2/chunks/transcript/chunk_0951ac4e89dad1ab.txt,unknown,unknown,semantic_fallback,24164,26664,sha256:68bbdaa6e3fa38d71ffe5d898b24a38cd30134a9dde08731a7ed379f37ab7b1e,sha256:d7e2b7f8c63483a59a97170e7f212533ce5906e86b66b192146e3dcbcaf9ba71,sha256:9e7090a90e686ce2752f48986fbd0a051db51015ac1b232a1118c02d53cec4e4,/Users/keith/Desktop/earnings calls 100 samples/LYB_LyondellBasell_Industries_N_V/lyb_2025_q2/metadata/normalized_transcript.json,sha256:43d70379bb183f31ea2581d462355194a47a454b825d63cd0cda163fa12f1a20,safe_to_download,3,false,false,false
sha256:5380b245b1df54d827f291921,semantic_chunk,lyb_2025_q2,LYB,LyondellBasell Industries N.V.,2025 Q2,manual_local_transcript_chunk,/Users/keith/Desktop/earnings calls 100 samples/LYB_LyondellBasell_Industries_N_V/lyb_2025_q2/chunks/transcript/chunk_685c782b7fd4cc69.txt,unknown,unknown,semantic_fallback,26664,29164,sha256:68bbdaa6e3fa38d71ffe5d898b24a38cd30134a9dde08731a7ed379f37ab7b1e,sha256:8f0cd42654b509a7070ad7541e3873c7bd8aac2155017aab2e79652da43dcdda,sha256:9e7090a90e686ce2752f48986fbd0a051db51015ac1b232a1118c02d53cec4e4,/Users/keith/Desktop/earnings calls 100 samples/LYB_LyondellBasell_Industries_N_V/lyb_2025_q2/metadata/normalized_transcript.json,sha256:2d2fa62d631a320b4eeb8a3418c17e80968fda54009f2e0e8ebce8867c6f7281,safe_to_download,3,false,false,false
sha256:bdfff12ce1592efcb24b6f4d4,semantic_chunk,lyb_2025_q2,LYB,LyondellBasell Industries N.V.,2025 Q2,manual_local_transcript_chunk,/Users/keith/Desktop/earnings calls 100 samples/LYB_LyondellBasell_Industries_N_V/lyb_2025_q2/chunks/transcript/chunk_6bf265660562ee77.txt,unknown,unknown,semantic_fallback,29164,31664,sha256:68bbdaa6e3fa38d71ffe5d898b24a38cd30134a9dde08731a7ed379f37ab7b1e,sha256:afbb4186612e89aad43b0b03102922d69b492e7200c1271c8f52d40471b911f2,sha256:9e7090a90e686ce2752f48986fbd0a051db51015ac1b232a1118c02d53cec4e4,/Users/keith/Desktop/earnings calls 100 samples/LYB_LyondellBasell_Industries_N_V/lyb_2025_q2/metadata/normalized_transcript.json,sha256:28c9c68f0a47e33c8a62b0fac56c6ba39404ea8c1adac02782dd51600a65f1f3,safe_to_download,3,false,false,false
sha256:61484a9605eab7a41551b3636,semantic_chunk,lyb_2025_q2,LYB,LyondellBasell Industries N.V.,2025 Q2,manual_local_transcript_chunk,/Users/keith/Desktop/earnings calls 100 samples/LYB_LyondellBasell_Industries_N_V/lyb_2025_q2/chunks/transcript/chunk_8bf5c1019983d431.txt,unknown,unknown,semantic_fallback,31664,34164,sha256:68bbdaa6e3fa38d71ffe5d898b24a38cd30134a9dde08731a7ed379f37ab7b1e,sha256:bebe944e0f6a5bd24df65792984ce2c383f56e12f6098eb76934fea892e3de4a,sha256:9e7090a90e686ce2752f48986fbd0a051db51015ac1b232a1118c02d53cec4e4,/Users/keith/Desktop/earnings calls 100 samples/LYB_LyondellBasell_Industries_N_V/lyb_2025_q2/metadata/normalized_transcript.json,sha256:730c51a51ae9e4df9b7fd258805498d209f4db27788f73148dbd3b99fec009a5,safe_to_download,3,false,false,false
sha256:b721acd39a9cc811f5a42c5a7,semantic_chunk,lyb_2025_q2,LYB,LyondellBasell Industries N.V.,2025 Q2,manual_local_transcript_chunk,/Users/keith/Desktop/earnings calls 100 samples/LYB_LyondellBasell_Industries_N_V/lyb_2025_q2/chunks/transcript/chunk_7c68761eb14894c0.txt,unknown,unknown,semantic_fallback,34164,36664,sha256:68bbdaa6e3fa38d71ffe5d898b24a38cd30134a9dde08731a7ed379f37ab7b1e,sha256:f96bffdfe1aedf9b6530ac24bd6805ce678fe2c073c0044cf92e2bb7a1e85bb8,sha256:9e7090a90e686ce2752f48986fbd0a051db51015ac1b232a1118c02d53cec4e4,/Users/keith/Desktop/earnings calls 100 samples/LYB_LyondellBasell_Industries_N_V/lyb_2025_q2/metadata/normalized_transcript.json,sha256:def7199333ed6eceba2ee405bb3f463507e0c472a5fe91d80661c237e1515963,safe_to_download,3,false,false,false
sha256:d4eafa88b2a246d9f3a9ce89e,semantic_chunk,lyb_2025_q2,LYB,LyondellBasell Industries N.V.,2025 Q2,manual_local_transcript_chunk,/Users/keith/Desktop/earnings calls 100 samples/LYB_LyondellBasell_Industries_N_V/lyb_2025_q2/chunks/transcript/chunk_04b0393b26bbfba1.txt,unknown,unknown,semantic_fallback,36664,39164,sha256:68bbdaa6e3fa38d71ffe5d898b24a38cd30134a9dde08731a7ed379f37ab7b1e,sha256:590431fca823d123145656da7d02db23da419fae7df46b181312020d76298b54,sha256:9e7090a90e686ce2752f48986fbd0a051db51015ac1b232a1118c02d53cec4e4,/Users/keith/Desktop/earnings calls 100 samples/LYB_LyondellBasell_Industries_N_V/lyb_2025_q2/metadata/normalized_transcript.json,sha256:7b1b4874f80491c5a32048c81905ae0a8e6e869892c5e5cf666bd687a86b6b18,safe_to_download,3,false,false,false
sha256:c71cc4e6d947e29f3a82b5c84,semantic_chunk,lyb_2025_q2,LYB,LyondellBasell Industries N.V.,2025 Q2,manual_local_transcript_chunk,/Users/keith/Desktop/earnings calls 100 samples/LYB_LyondellBasell_Industries_N_V/lyb_2025_q2/chunks/transcript/chunk_f40f495ab4b2ec2a.txt,unknown,unknown,semantic_fallback,39164,41664,sha256:68bbdaa6e3fa38d71ffe5d898b24a38cd30134a9dde08731a7ed379f37ab7b1e,sha256:68752405f662e0e79efb22119ec0baa9ff4c75941e53ae092fe6a10f41292552,sha256:9e7090a90e686ce2752f48986fbd0a051db51015ac1b232a1118c02d53cec4e4,/Users/keith/Desktop/earnings calls 100 samples/LYB_LyondellBasell_Industries_N_V/lyb_2025_q2/metadata/normalized_transcript.json,sha256:292daa36ddd9ddaeef83365d9d29c66bf17581f94d2a3724d705a00f824f5761,safe_to_download,3,false,false,false
sha256:420be14a2f7e4ca975255a881,semantic_chunk,lyb_2025_q2,LYB,LyondellBasell Industries N.V.,2025 Q2,manual_local_transcript_chunk,/Users/keith/Desktop/earnings calls 100 samples/LYB_LyondellBasell_Industries_N_V/lyb_2025_q2/chunks/transcript/chunk_cf567eb6f7588795.txt,unknown,unknown,semantic_fallback,41664,44164,sha256:68bbdaa6e3fa38d71ffe5d898b24a38cd30134a9dde08731a7ed379f37ab7b1e,sha256:d8da0bc8c9b05a0a14422c02ed1695694b0e4b596e4125e72872291d805fbe2c,sha256:9e7090a90e686ce2752f48986fbd0a051db51015ac1b232a1118c02d53cec4e4,/Users/keith/Desktop/earnings calls 100 samples/LYB_LyondellBasell_Industries_N_V/lyb_2025_q2/metadata/normalized_transcript.json,sha256:ef13a7b1eeece2c21098f2b3d21af261e3db338988755947554c335587685550,safe_to_download,3,false,false,false
sha256:74d3b8e1f4a3d7063e3fb75dc,semantic_chunk,lyb_2025_q2,LYB,LyondellBasell Industries N.V.,2025 Q2,manual_local_transcript_chunk,/Users/keith/Desktop/earnings calls 100 samples/LYB_LyondellBasell_Industries_N_V/lyb_2025_q2/chunks/transcript/chunk_d937a4645ef36044.txt,unknown,unknown,semantic_fallback,44164,46664,sha256:68bbdaa6e3fa38d71ffe5d898b24a38cd30134a9dde08731a7ed379f37ab7b1e,sha256:cc461bff15339235628bab65f02082f8b2fb820615fb11615bece478e855c5bf,sha256:9e7090a90e686ce2752f48986fbd0a051db51015ac1b232a1118c02d53cec4e4,/Users/keith/Desktop/earnings calls 100 samples/LYB_LyondellBasell_Industries_N_V/lyb_2025_q2/metadata/normalized_transcript.json,sha256:fb2ba746c13d938d93cd04142526d403eeeec77d7dd43741ef1ab5512c741bac,safe_to_download,3,false,false,false
sha256:a45c6313792bb8b4d1248ce5d,semantic_chunk,lyb_2025_q2,LYB,LyondellBasell Industries N.V.,2025 Q2,manual_local_transcript_chunk,/Users/keith/Desktop/earnings calls 100 samples/LYB_LyondellBasell_Industries_N_V/lyb_2025_q2/chunks/transcript/chunk_ddfeac19dcb71560.txt,unknown,unknown,semantic_fallback,46664,49164,sha256:68bbdaa6e3fa38d71ffe5d898b24a38cd30134a9dde08731a7ed379f37ab7b1e,sha256:23af6f5145f73c753998410c8ec61fba51f8a4f563bb2fefef6fb3711df448d6,sha256:9e7090a90e686ce2752f48986fbd0a051db51015ac1b232a1118c02d53cec4e4,/Users/keith/Desktop/earnings calls 100 samples/LYB_LyondellBasell_Industries_N_V/lyb_2025_q2/metadata/normalized_transcript.json,sha256:a5c0f9b35721e6bd4e94e55cc747d28971f96847cfd725e285f17eebc19aa0ca,safe_to_download,3,false,false,false
sha256:9b4ba42a4fcca537d83c71e34,semantic_chunk,lyb_2025_q2,LYB,LyondellBasell Industries N.V.,2025 Q2,manual_local_transcript_chunk,/Users/keith/Desktop/earnings calls 100 samples/LYB_LyondellBasell_Industries_N_V/lyb_2025_q2/chunks/transcript/chunk_5c3878dd39439f63.txt,unknown,unknown,semantic_fallback,49164,51664,sha256:68bbdaa6e3fa38d71ffe5d898b24a38cd30134a9dde08731a7ed379f37ab7b1e,sha256:a264cfd1e0e6a545dbc3cab8d2259a984496bc14b17c1ab677657058246228aa,sha256:9e7090a90e686ce2752f48986fbd0a051db51015ac1b232a1118c02d53cec4e4,/Users/keith/Desktop/earnings calls 100 samples/LYB_LyondellBasell_Industries_N_V/lyb_2025_q2/metadata/normalized_transcript.json,sha256:8248a7e2f3cb77fc83674b5f108adf95450a3791acc0cb36434df778a489b02e,safe_to_download,3,false,false,false
sha256:46332f25e01c92c8e52f1bc4d,semantic_chunk,lyb_2025_q2,LYB,LyondellBasell Industries N.V.,2025 Q2,manual_local_transcript_chunk,/Users/keith/Desktop/earnings calls 100 samples/LYB_LyondellBasell_Industries_N_V/lyb_2025_q2/chunks/transcript/chunk_25c834fb62706553.txt,unknown,unknown,semantic_fallback,51664,54164,sha256:68bbdaa6e3fa38d71ffe5d898b24a38cd30134a9dde08731a7ed379f37ab7b1e,sha256:7d82f3b01394efb831dbbbc496d4409df54a2f322053ce9b732bd78293cecae1,sha256:9e7090a90e686ce2752f48986fbd0a051db51015ac1b232a1118c02d53cec4e4,/Users/keith/Desktop/earnings calls 100 samples/LYB_LyondellBasell_Industries_N_V/lyb_2025_q2/metadata/normalized_transcript.json,sha256:d7f4ad09c4d6f4f32a7800acc2ed5c95e3f2d6048606d2ed67cf93d677a089ad,safe_to_download,3,false,false,false
sha256:fb1e3db8f595c6ef61cfb7ea7,semantic_chunk,lyb_2025_q2,LYB,LyondellBasell Industries N.V.,2025 Q2,manual_local_transcript_chunk,/Users/keith/Desktop/earnings calls 100 samples/LYB_LyondellBasell_Industries_N_V/lyb_2025_q2/chunks/transcript/chunk_e8e795a61b80a98f.txt,unknown,unknown,semantic_fallback,54164,54595,sha256:68bbdaa6e3fa38d71ffe5d898b24a38cd30134a9dde08731a7ed379f37ab7b1e,sha256:c79209bd1b481bb659e1f5ef4924e6206f1b1359b1e4d43564cf7c071689a29b,sha256:9e7090a90e686ce2752f48986fbd0a051db51015ac1b232a1118c02d53cec4e4,/Users/keith/Desktop/earnings calls 100 samples/LYB_LyondellBasell_Industries_N_V/lyb_2025_q2/metadata/normalized_transcript.json,sha256:c82633889799a6232baffe9b74f9e36017dc1a3a312b4911809d7302fcd82e3c,safe_to_download,3,false,false,false
sha256:d7ac93f9c52c942f7c8f1f04b,event_aligned_chunk,lyb_2025_q3,LYB,LyondellBasell Industries N.V.,2025 Q3,manual_local_transcript_chunk,/Users/keith/Desktop/earnings calls 100 samples/LYB_LyondellBasell_Industries_N_V/lyb_2025_q3/chunks/transcript/chunk_9b2207ce341636b8.txt,prepared_remarks,management,prepared_remarks,1001,2210,sha256:24b6a529fb516efd3de733fb83c7652865bbfb0ee564371e6700d927bc975e72,sha256:8e8318ad5d9243763b312616000a6245d4a789408b4c71b20a997fa8416f254b,sha256:dc305cab29ea63bde0dcccebf90b7af642a9167aa3e0639d39a160d82b029e37,/Users/keith/Desktop/earnings calls 100 samples/LYB_LyondellBasell_Industries_N_V/lyb_2025_q3/metadata/normalized_transcript.json,sha256:df7013d1f57d8b0b2839638a0e36705f1a5aa7127845f990b80fb8c7263b05dd,safe_to_download,2,false,false,false
sha256:30d4543158646f95e42bf9e9b,semantic_chunk,lyb_2025_q3,LYB,LyondellBasell Industries N.V.,2025 Q3,manual_local_transcript_chunk,/Users/keith/Desktop/earnings calls 100 samples/LYB_LyondellBasell_Industries_N_V/lyb_2025_q3/chunks/transcript/chunk_83f23e66c376c9e7.txt,unknown,unknown,semantic_fallback,4710,7210,sha256:24b6a529fb516efd3de733fb83c7652865bbfb0ee564371e6700d927bc975e72,sha256:761735d99f262f5f1db7d54cdc698ca7da3174fb8d24c779a2e8eb5e546387bc,sha256:dc305cab29ea63bde0dcccebf90b7af642a9167aa3e0639d39a160d82b029e37,/Users/keith/Desktop/earnings calls 100 samples/LYB_LyondellBasell_Industries_N_V/lyb_2025_q3/metadata/normalized_transcript.json,sha256:55f8a6fd6897dad067770b26dfb8b10fec95ff1221042c394b0cd510e60432cb,safe_to_download,3,false,false,false
sha256:bd46468625905238094874f30,semantic_chunk,lyb_2025_q3,LYB,LyondellBasell Industries N.V.,2025 Q3,manual_local_transcript_chunk,/Users/keith/Desktop/earnings calls 100 samples/LYB_LyondellBasell_Industries_N_V/lyb_2025_q3/chunks/transcript/chunk_d92ce0164ebe6fd2.txt,unknown,unknown,semantic_fallback,7210,9710,sha256:24b6a529fb516efd3de733fb83c7652865bbfb0ee564371e6700d927bc975e72,sha256:dcbc3d3776c90838935fd5b0c340cc190cd065305a63dd5a3562ffd0d565fe0a,sha256:dc305cab29ea63bde0dcccebf90b7af642a9167aa3e0639d39a160d82b029e37,/Users/keith/Desktop/earnings calls 100 samples/LYB_LyondellBasell_Industries_N_V/lyb_2025_q3/metadata/normalized_transcript.json,sha256:0db9939ad879dd353b4fb8986a06aaf799a04e19b91d613a8e2de4573c8dca8d,safe_to_download,3,false,false,false
sha256:7a2c6d4a264734a41c06fa7af,semantic_chunk,lyb_2025_q3,LYB,LyondellBasell Industries N.V.,2025 Q3,manual_local_transcript_chunk,/Users/keith/Desktop/earnings calls 100 samples/LYB_LyondellBasell_Industries_N_V/lyb_2025_q3/chunks/transcript/chunk_beba8d0cfec78cca.txt,unknown,unknown,semantic_fallback,9710,12210,sha256:24b6a529fb516efd3de733fb83c7652865bbfb0ee564371e6700d927bc975e72,sha256:5327bd913e4fcb4e8a61cb9aebaa21fbf5ac6db51b658be7435094a1ee990a3f,sha256:dc305cab29ea63bde0dcccebf90b7af642a9167aa3e0639d39a160d82b029e37,/Users/keith/Desktop/earnings calls 100 samples/LYB_LyondellBasell_Industries_N_V/lyb_2025_q3/metadata/normalized_transcript.json,sha256:fa3a2a4059f95b42e7aec9ce1c4f0582272ed66301c382d6eb4f70602971f24d,safe_to_download,3,false,false,false
sha256:73e8419133331b8cb1a974fdb,semantic_chunk,lyb_2025_q3,LYB,LyondellBasell Industries N.V.,2025 Q3,manual_local_transcript_chunk,/Users/keith/Desktop/earnings calls 100 samples/LYB_LyondellBasell_Industries_N_V/lyb_2025_q3/chunks/transcript/chunk_d649748f20dfd75b.txt,unknown,unknown,semantic_fallback,12210,14710,sha256:24b6a529fb516efd3de733fb83c7652865bbfb0ee564371e6700d927bc975e72,sha256:c1105911e7eb71da664dff8f7cd19d3b5752d47dc07e2502faea748747f4ef05,sha256:dc305cab29ea63bde0dcccebf90b7af642a9167aa3e0639d39a160d82b029e37,/Users/keith/Desktop/earnings calls 100 samples/LYB_LyondellBasell_Industries_N_V/lyb_2025_q3/metadata/normalized_transcript.json,sha256:990bde1ee64508e216098131f03f68c5eb50e2975d911bedaf1fbe0fac3e22e9,safe_to_download,3,false,false,false
sha256:cc1f7846c80dfe3a52f6d93c5,semantic_chunk,lyb_2025_q3,LYB,LyondellBasell Industries N.V.,2025 Q3,manual_local_transcript_chunk,/Users/keith/Desktop/earnings calls 100 samples/LYB_LyondellBasell_Industries_N_V/lyb_2025_q3/chunks/transcript/chunk_a4af0449dd33d025.txt,unknown,unknown,semantic_fallback,14710,17210,sha256:24b6a529fb516efd3de733fb83c7652865bbfb0ee564371e6700d927bc975e72,sha256:2663239a21f41eb5dc56a5795bc4bdd3d8a82671c0115b3a682196d44a4caab9,sha256:dc305cab29ea63bde0dcccebf90b7af642a9167aa3e0639d39a160d82b029e37,/Users/keith/Desktop/earnings calls 100 samples/LYB_LyondellBasell_Industries_N_V/lyb_2025_q3/metadata/normalized_transcript.json,sha256:9e295964ab00db0559477fe98116aff3cc01b66104217d46f2eeb67dbcce8c19,safe_to_download,3,false,false,false
sha256:e4936f13ae0a00de600ba7a7f,semantic_chunk,lyb_2025_q3,LYB,LyondellBasell Industries N.V.,2025 Q3,manual_local_transcript_chunk,/Users/keith/Desktop/earnings calls 100 samples/LYB_LyondellBasell_Industries_N_V/lyb_2025_q3/chunks/transcript/chunk_6eae0ef7d823738c.txt,unknown,unknown,semantic_fallback,17210,19710,sha256:24b6a529fb516efd3de733fb83c7652865bbfb0ee564371e6700d927bc975e72,sha256:e4588684d74f3c04d42de10ec394165f0bf48d9fd4167b4099bc97aec5ea6978,sha256:dc305cab29ea63bde0dcccebf90b7af642a9167aa3e0639d39a160d82b029e37,/Users/keith/Desktop/earnings calls 100 samples/LYB_LyondellBasell_Industries_N_V/lyb_2025_q3/metadata/normalized_transcript.json,sha256:7eb735e8f17ff6eb95cb6a9528862d5710f702c6d19b7e1796616cdbe76687d1,safe_to_download,3,false,false,false
sha256:587b45d2658d2286659b955a3,semantic_chunk,lyb_2025_q3,LYB,LyondellBasell Industries N.V.,2025 Q3,manual_local_transcript_chunk,/Users/keith/Desktop/earnings calls 100 samples/LYB_LyondellBasell_Industries_N_V/lyb_2025_q3/chunks/transcript/chunk_4155f97545dd96ba.txt,unknown,unknown,semantic_fallback,19710,22210,sha256:24b6a529fb516efd3de733fb83c7652865bbfb0ee564371e6700d927bc975e72,sha256:292edbc0c59556bf103fa0b3279e3a5745f93b1f5b7058083d2ba9b37abb67de,sha256:dc305cab29ea63bde0dcccebf90b7af642a9167aa3e0639d39a160d82b029e37,/Users/keith/Desktop/earnings calls 100 samples/LYB_LyondellBasell_Industries_N_V/lyb_2025_q3/metadata/normalized_transcript.json,sha256:de7c1f5132bf19108060526e128239dda52d252a1d7df2405ecf7552f7142a29,safe_to_download,3,false,false,false
sha256:17a18c62a52577a87467d363d,semantic_chunk,lyb_2025_q3,LYB,LyondellBasell Industries N.V.,2025 Q3,manual_local_transcript_chunk,/Users/keith/Desktop/earnings calls 100 samples/LYB_LyondellBasell_Industries_N_V/lyb_2025_q3/chunks/transcript/chunk_16594f443910cc57.txt,unknown,unknown,semantic_fallback,22210,24710,sha256:24b6a529fb516efd3de733fb83c7652865bbfb0ee564371e6700d927bc975e72,sha256:ff7868b5dbd5b542489717337742734ac9e5db5fe26b7ad07475cd4aceaa4ac6,sha256:dc305cab29ea63bde0dcccebf90b7af642a9167aa3e0639d39a160d82b029e37,/Users/keith/Desktop/earnings calls 100 samples/LYB_LyondellBasell_Industries_N_V/lyb_2025_q3/metadata/normalized_transcript.json,sha256:51237b1f52f79f742c3093e1341229109a5adc5ef1ef665b64e0e92b6e4b0a2f,safe_to_download,3,false,false,false
sha256:b2f579a361a782ade37a1592f,semantic_chunk,lyb_2025_q3,LYB,LyondellBasell Industries N.V.,2025 Q3,manual_local_transcript_chunk,/Users/keith/Desktop/earnings calls 100 samples/LYB_LyondellBasell_Industries_N_V/lyb_2025_q3/chunks/transcript/chunk_806da5df2d58b1e7.txt,unknown,unknown,semantic_fallback,24710,27210,sha256:24b6a529fb516efd3de733fb83c7652865bbfb0ee564371e6700d927bc975e72,sha256:ac4de685f776809c3eab40846d7d365ba670066a2051b06eb06fdfafadc7fc08,sha256:dc305cab29ea63bde0dcccebf90b7af642a9167aa3e0639d39a160d82b029e37,/Users/keith/Desktop/earnings calls 100 samples/LYB_LyondellBasell_Industries_N_V/lyb_2025_q3/metadata/normalized_transcript.json,sha256:eec7aad544d2a5083760bb81a0d3de8e64c0b094353d3b2306cfba2f8b3c6d28,safe_to_download,3,false,false,false
sha256:9a38dd2b2d6bb470573b4b029,semantic_chunk,lyb_2025_q3,LYB,LyondellBasell Industries N.V.,2025 Q3,manual_local_transcript_chunk,/Users/keith/Desktop/earnings calls 100 samples/LYB_LyondellBasell_Industries_N_V/lyb_2025_q3/chunks/transcript/chunk_ae95bf8a5d44c300.txt,unknown,unknown,semantic_fallback,27210,29710,sha256:24b6a529fb516efd3de733fb83c7652865bbfb0ee564371e6700d927bc975e72,sha256:69dd5e5805ff60feb02e813e75cb3c242a4f6b8c3aa0424871c7aeb60ba044c1,sha256:dc305cab29ea63bde0dcccebf90b7af642a9167aa3e0639d39a160d82b029e37,/Users/keith/Desktop/earnings calls 100 samples/LYB_LyondellBasell_Industries_N_V/lyb_2025_q3/metadata/normalized_transcript.json,sha256:02dc12aba913fb4ddafa994584718702346e92216b84d257e366af41f84951a3,safe_to_download,3,false,false,false
sha256:ccd05459beb0a26508d60993a,semantic_chunk,lyb_2025_q3,LYB,LyondellBasell Industries N.V.,2025 Q3,manual_local_transcript_chunk,/Users/keith/Desktop/earnings calls 100 samples/LYB_LyondellBasell_Industries_N_V/lyb_2025_q3/chunks/transcript/chunk_c8ea021d67c8e28d.txt,unknown,unknown,semantic_fallback,29710,32210,sha256:24b6a529fb516efd3de733fb83c7652865bbfb0ee564371e6700d927bc975e72,sha256:3e773286ef46019bf2ffa90c87dcdbf73ae587b4efc4695cbcce9d1d5eb47ad3,sha256:dc305cab29ea63bde0dcccebf90b7af642a9167aa3e0639d39a160d82b029e37,/Users/keith/Desktop/earnings calls 100 samples/LYB_LyondellBasell_Industries_N_V/lyb_2025_q3/metadata/normalized_transcript.json,sha256:6d8d2f52fb589bc7e9e0b2cb2069276c11ba2c867e6cb035936eaa10ac698fdb,safe_to_download,3,false,false,false
sha256:9fa2500d2cc3708ff6f0c9532,semantic_chunk,lyb_2025_q3,LYB,LyondellBasell Industries N.V.,2025 Q3,manual_local_transcript_chunk,/Users/keith/Desktop/earnings calls 100 samples/LYB_LyondellBasell_Industries_N_V/lyb_2025_q3/chunks/transcript/chunk_6c5da7f93785ae6f.txt,unknown,unknown,semantic_fallback,32210,34710,sha256:24b6a529fb516efd3de733fb83c7652865bbfb0ee564371e6700d927bc975e72,sha256:02065e0799cdc683668e2f3092ac22f36d0383a070a46bc7275a36fe50187291,sha256:dc305cab29ea63bde0dcccebf90b7af642a9167aa3e0639d39a160d82b029e37,/Users/keith/Desktop/earnings calls 100 samples/LYB_LyondellBasell_Industries_N_V/lyb_2025_q3/metadata/normalized_transcript.json,sha256:7afb9ddeecad00f69fb24777befa06d6083d7c8cda0b7e97d4b17afcf5dcb521,safe_to_download,3,false,false,false
sha256:28fb664193ac4592f360f3827,semantic_chunk,lyb_2025_q3,LYB,LyondellBasell Industries N.V.,2025 Q3,manual_local_transcript_chunk,/Users/keith/Desktop/earnings calls 100 samples/LYB_LyondellBasell_Industries_N_V/lyb_2025_q3/chunks/transcript/chunk_8942077e918e239c.txt,unknown,unknown,semantic_fallback,34710,37210,sha256:24b6a529fb516efd3de733fb83c7652865bbfb0ee564371e6700d927bc975e72,sha256:d9aa77e4894e0b89b60d8f77de781c5ce2a2ffb1ac8ae0b0642a10f8069177c5,sha256:dc305cab29ea63bde0dcccebf90b7af642a9167aa3e0639d39a160d82b029e37,/Users/keith/Desktop/earnings calls 100 samples/LYB_LyondellBasell_Industries_N_V/lyb_2025_q3/metadata/normalized_transcript.json,sha256:d1b8cf111e8eb0e6de1d24cc5d1ad33f8dd627f5d54843eeccf0d7f653993f7c,safe_to_download,3,false,false,false
sha256:3b2540870bc0d766e716b5afa,semantic_chunk,lyb_2025_q3,LYB,LyondellBasell Industries N.V.,2025 Q3,manual_local_transcript_chunk,/Users/keith/Desktop/earnings calls 100 samples/LYB_LyondellBasell_Industries_N_V/lyb_2025_q3/chunks/transcript/chunk_15a17aefde3ca4b2.txt,unknown,unknown,semantic_fallback,37210,39710,sha256:24b6a529fb516efd3de733fb83c7652865bbfb0ee564371e6700d927bc975e72,sha256:d3d3fa98afc1efa478c5918db04fd1747ad6dcf7c73d05e0d835d1c8e1eb569a,sha256:dc305cab29ea63bde0dcccebf90b7af642a9167aa3e0639d39a160d82b029e37,/Users/keith/Desktop/earnings calls 100 samples/LYB_LyondellBasell_Industries_N_V/lyb_2025_q3/metadata/normalized_transcript.json,sha256:7858aa30e820cb5d8602e5aca540f925e0a5f4ad8c713d2d129b3ef1ec2d0d17,safe_to_download,3,false,false,false
sha256:b871eb9323c0cbf7f89e6273c,semantic_chunk,lyb_2025_q3,LYB,LyondellBasell Industries N.V.,2025 Q3,manual_local_transcript_chunk,/Users/keith/Desktop/earnings calls 100 samples/LYB_LyondellBasell_Industries_N_V/lyb_2025_q3/chunks/transcript/chunk_fdf6a71c761e4024.txt,unknown,unknown,semantic_fallback,39710,42210,sha256:24b6a529fb516efd3de733fb83c7652865bbfb0ee564371e6700d927bc975e72,sha256:378ef7acd3a253592df695c86fd8d4628e3e313842dde99df94476ba366eab93,sha256:dc305cab29ea63bde0dcccebf90b7af642a9167aa3e0639d39a160d82b029e37,/Users/keith/Desktop/earnings calls 100 samples/LYB_LyondellBasell_Industries_N_V/lyb_2025_q3/metadata/normalized_transcript.json,sha256:6edc9056131c44f45669e81d04d714db555bfba58358e9dcd6fd5e8865bfc233,safe_to_download,3,false,false,false
sha256:f47559d1e5c4ac2dabfdd78c8,semantic_chunk,lyb_2025_q3,LYB,LyondellBasell Industries N.V.,2025 Q3,manual_local_transcript_chunk,/Users/keith/Desktop/earnings calls 100 samples/LYB_LyondellBasell_Industries_N_V/lyb_2025_q3/chunks/transcript/chunk_1157e9f2bbb3c64c.txt,unknown,unknown,semantic_fallback,42210,44710,sha256:24b6a529fb516efd3de733fb83c7652865bbfb0ee564371e6700d927bc975e72,sha256:9dc6144eea8d318513f56c6c6ebb2a0eebb7391f63c0247aa4dc5f824a054c6b,sha256:dc305cab29ea63bde0dcccebf90b7af642a9167aa3e0639d39a160d82b029e37,/Users/keith/Desktop/earnings calls 100 samples/LYB_LyondellBasell_Industries_N_V/lyb_2025_q3/metadata/normalized_transcript.json,sha256:1e6527b3fa8bac7ddace08192042759d64c2942cc4e5839ee65c4443aa00f79d,safe_to_download,3,false,false,false
sha256:cccc86986eb7a32c364dedfdc,semantic_chunk,lyb_2025_q3,LYB,LyondellBasell Industries N.V.,2025 Q3,manual_local_transcript_chunk,/Users/keith/Desktop/earnings calls 100 samples/LYB_LyondellBasell_Industries_N_V/lyb_2025_q3/chunks/transcript/chunk_2249bd253e5a7def.txt,unknown,unknown,semantic_fallback,44710,47210,sha256:24b6a529fb516efd3de733fb83c7652865bbfb0ee564371e6700d927bc975e72,sha256:d320e8320bbb08dba261cd59557ce061fa19788224cbe31d1a071b5e98d3dd04,sha256:dc305cab29ea63bde0dcccebf90b7af642a9167aa3e0639d39a160d82b029e37,/Users/keith/Desktop/earnings calls 100 samples/LYB_LyondellBasell_Industries_N_V/lyb_2025_q3/metadata/normalized_transcript.json,sha256:3e746f04241633fb8454ecbbcacc254a1852097af6bb4f29f0255b0664c889cf,safe_to_download,3,false,false,false
sha256:6cd509da674fb7a626ac744e0,semantic_chunk,lyb_2025_q3,LYB,LyondellBasell Industries N.V.,2025 Q3,manual_local_transcript_chunk,/Users/keith/Desktop/earnings calls 100 samples/LYB_LyondellBasell_Industries_N_V/lyb_2025_q3/chunks/transcript/chunk_cc795bfd02fec85b.txt,unknown,unknown,semantic_fallback,47210,49710,sha256:24b6a529fb516efd3de733fb83c7652865bbfb0ee564371e6700d927bc975e72,sha256:9d037af40542d71ce60202d404c896222a6214f16fea783a459d415aa7817e11,sha256:dc305cab29ea63bde0dcccebf90b7af642a9167aa3e0639d39a160d82b029e37,/Users/keith/Desktop/earnings calls 100 samples/LYB_LyondellBasell_Industries_N_V/lyb_2025_q3/metadata/normalized_transcript.json,sha256:cb3049c73fd21fcfef7e5f1afa838bb3151d70bafa42a584b5001b1714e07d90,safe_to_download,3,false,false,false
sha256:d52a76514288cbb0428c9f5c7,semantic_chunk,lyb_2025_q3,LYB,LyondellBasell Industries N.V.,2025 Q3,manual_local_transcript_chunk,/Users/keith/Desktop/earnings calls 100 samples/LYB_LyondellBasell_Industries_N_V/lyb_2025_q3/chunks/transcript/chunk_e015edbbba3f12ed.txt,unknown,unknown,semantic_fallback,49710,52210,sha256:24b6a529fb516efd3de733fb83c7652865bbfb0ee564371e6700d927bc975e72,sha256:158028ab181274fa870a98715e0d7f744b746015fa90a762e81045b5d370b66d,sha256:dc305cab29ea63bde0dcccebf90b7af642a9167aa3e0639d39a160d82b029e37,/Users/keith/Desktop/earnings calls 100 samples/LYB_LyondellBasell_Industries_N_V/lyb_2025_q3/metadata/normalized_transcript.json,sha256:669361d2f8a1c02f392ecd41db99cc2c2b42fca3f709db2d149b2a7a54befbe6,safe_to_download,3,false,false,false
sha256:a4767d2c14c4371a630c6a06e,semantic_chunk,lyb_2025_q3,LYB,LyondellBasell Industries N.V.,2025 Q3,manual_local_transcript_chunk,/Users/keith/Desktop/earnings calls 100 samples/LYB_LyondellBasell_Industries_N_V/lyb_2025_q3/chunks/transcript/chunk_b2396f6570f6dc37.txt,unknown,unknown,semantic_fallback,52210,54710,sha256:24b6a529fb516efd3de733fb83c7652865bbfb0ee564371e6700d927bc975e72,sha256:9a56d908882c861cf1be9e2ef67d105b2afa48fd723d3b3a279ed47fef854756,sha256:dc305cab29ea63bde0dcccebf90b7af642a9167aa3e0639d39a160d82b029e37,/Users/keith/Desktop/earnings calls 100 samples/LYB_LyondellBasell_Industries_N_V/lyb_2025_q3/metadata/normalized_transcript.json,sha256:4a7a2efd77329688e7e25e016f5a5dff0a530b056eac7bcb1e76ed93df347273,safe_to_download,3,false,false,false
sha256:67316b7b743bb89e12f90e492,semantic_chunk,lyb_2025_q3,LYB,LyondellBasell Industries N.V.,2025 Q3,manual_local_transcript_chunk,/Users/keith/Desktop/earnings calls 100 samples/LYB_LyondellBasell_Industries_N_V/lyb_2025_q3/chunks/transcript/chunk_6a4bad60833d2c3a.txt,unknown,unknown,semantic_fallback,54710,56346,sha256:24b6a529fb516efd3de733fb83c7652865bbfb0ee564371e6700d927bc975e72,sha256:77d23c89bb52cc4027e91b5a381bae643d940d6f3208cb10a065a7eb7d142ae7,sha256:dc305cab29ea63bde0dcccebf90b7af642a9167aa3e0639d39a160d82b029e37,/Users/keith/Desktop/earnings calls 100 samples/LYB_LyondellBasell_Industries_N_V/lyb_2025_q3/metadata/normalized_transcript.json,sha256:6030f45c3c7dfa921303ddf0499d0aa5c7dd412078a17824542817958527c329,safe_to_download,3,false,false,false
sha256:34aac6e2f798e1a56d7a26085,semantic_chunk,lyb_2025_q4,LYB,LyondellBasell Industries N.V.,2025 Q4,manual_local_transcript_chunk,/Users/keith/Desktop/earnings calls 100 samples/LYB_LyondellBasell_Industries_N_V/lyb_2025_q4/chunks/transcript/chunk_6b1a61ccf46ad4d1.txt,unknown,unknown,semantic_fallback,4250,6750,sha256:352bc68172040259c26a2961ba42aa13c104e71f8ecc88e2e906ec1ae3c2724c,sha256:28c19587e7b9fe424fd908e5a90039294af84a281877c076d23a4c26cca593c9,sha256:f0cbc46c6e133fe84c4c200b9a8515e64bcfadf58011e08645b0a664b3234082,/Users/keith/Desktop/earnings calls 100 samples/LYB_LyondellBasell_Industries_N_V/lyb_2025_q4/metadata/normalized_transcript.json,sha256:920872d283a7811091929c8e1e18eb3cf8d37b18a7d59a6d6783facf100bd50e,safe_to_download,3,false,false,false
sha256:491b91bc8c0f6d68685fba53b,semantic_chunk,lyb_2025_q4,LYB,LyondellBasell Industries N.V.,2025 Q4,manual_local_transcript_chunk,/Users/keith/Desktop/earnings calls 100 samples/LYB_LyondellBasell_Industries_N_V/lyb_2025_q4/chunks/transcript/chunk_fc9468951c0b63c4.txt,unknown,unknown,semantic_fallback,6750,9250,sha256:352bc68172040259c26a2961ba42aa13c104e71f8ecc88e2e906ec1ae3c2724c,sha256:773234bcf823cde1cad2a9b95768d69b6f3edaddbac85a43232a139e5273fd9d,sha256:f0cbc46c6e133fe84c4c200b9a8515e64bcfadf58011e08645b0a664b3234082,/Users/keith/Desktop/earnings calls 100 samples/LYB_LyondellBasell_Industries_N_V/lyb_2025_q4/metadata/normalized_transcript.json,sha256:d1b10122eb035e60b8e473485ede17d46590da863003ee7e858ec0d779a7be14,safe_to_download,3,false,false,false
sha256:a813fc4ee7b853e15c4cfb76a,semantic_chunk,lyb_2025_q4,LYB,LyondellBasell Industries N.V.,2025 Q4,manual_local_transcript_chunk,/Users/keith/Desktop/earnings calls 100 samples/LYB_LyondellBasell_Industries_N_V/lyb_2025_q4/chunks/transcript/chunk_4ceff1c5b5f046c1.txt,unknown,unknown,semantic_fallback,9250,11750,sha256:352bc68172040259c26a2961ba42aa13c104e71f8ecc88e2e906ec1ae3c2724c,sha256:de5828ba126d5eee81ccd5ebdb6a685361b5ed876093045cc3e85ea166521f8f,sha256:f0cbc46c6e133fe84c4c200b9a8515e64bcfadf58011e08645b0a664b3234082,/Users/keith/Desktop/earnings calls 100 samples/LYB_LyondellBasell_Industries_N_V/lyb_2025_q4/metadata/normalized_transcript.json,sha256:574b215ac367a27faa347d10992f6151f345798b6d613eadf4a04f89f0ef8a31,safe_to_download,3,false,false,false
sha256:d559724cf280f1b586aca7e7e,semantic_chunk,lyb_2025_q4,LYB,LyondellBasell Industries N.V.,2025 Q4,manual_local_transcript_chunk,/Users/keith/Desktop/earnings calls 100 samples/LYB_LyondellBasell_Industries_N_V/lyb_2025_q4/chunks/transcript/chunk_5f11428206805e0f.txt,unknown,unknown,semantic_fallback,11750,14250,sha256:352bc68172040259c26a2961ba42aa13c104e71f8ecc88e2e906ec1ae3c2724c,sha256:9fdb0e52ca7d618338864e86a0a928c4da3961ffc9837ea52ff34ca1071cf9c8,sha256:f0cbc46c6e133fe84c4c200b9a8515e64bcfadf58011e08645b0a664b3234082,/Users/keith/Desktop/earnings calls 100 samples/LYB_LyondellBasell_Industries_N_V/lyb_2025_q4/metadata/normalized_transcript.json,sha256:2d1a472c1c88c43b997934f58c951b3a5a32d92aa09a1816333c8d4d90f3b6af,safe_to_download,3,false,false,false
sha256:a0ff3bd5cee8f771038729781,semantic_chunk,lyb_2025_q4,LYB,LyondellBasell Industries N.V.,2025 Q4,manual_local_transcript_chunk,/Users/keith/Desktop/earnings calls 100 samples/LYB_LyondellBasell_Industries_N_V/lyb_2025_q4/chunks/transcript/chunk_8b41899c5d69885a.txt,unknown,unknown,semantic_fallback,14250,16750,sha256:352bc68172040259c26a2961ba42aa13c104e71f8ecc88e2e906ec1ae3c2724c,sha256:7a4f4bc4934b85e740e91280503775081d7b3dae089bfa2bb1e98dd8a1027080,sha256:f0cbc46c6e133fe84c4c200b9a8515e64bcfadf58011e08645b0a664b3234082,/Users/keith/Desktop/earnings calls 100 samples/LYB_LyondellBasell_Industries_N_V/lyb_2025_q4/metadata/normalized_transcript.json,sha256:5f8102122197172b0e0d7dc8a0314668da240a1cef48cb62234dd046e8cf2e40,safe_to_download,3,false,false,false
sha256:2caf80277ab6cc7a0539466e3,semantic_chunk,lyb_2025_q4,LYB,LyondellBasell Industries N.V.,2025 Q4,manual_local_transcript_chunk,/Users/keith/Desktop/earnings calls 100 samples/LYB_LyondellBasell_Industries_N_V/lyb_2025_q4/chunks/transcript/chunk_9c72e086b24aab9c.txt,unknown,unknown,semantic_fallback,16750,19250,sha256:352bc68172040259c26a2961ba42aa13c104e71f8ecc88e2e906ec1ae3c2724c,sha256:998ea1e7672aedadce077302c7772d923116cce7f5ae354efeb7a55168c9ba8c,sha256:f0cbc46c6e133fe84c4c200b9a8515e64bcfadf58011e08645b0a664b3234082,/Users/keith/Desktop/earnings calls 100 samples/LYB_LyondellBasell_Industries_N_V/lyb_2025_q4/metadata/normalized_transcript.json,sha256:bb0e01e39be7af3f621aa61d3320b35a0cf4f69460e310024e703025ddde31c5,safe_to_download,3,false,false,false
sha256:50113ba99e8aa572d6e0bd402,semantic_chunk,lyb_2025_q4,LYB,LyondellBasell Industries N.V.,2025 Q4,manual_local_transcript_chunk,/Users/keith/Desktop/earnings calls 100 samples/LYB_LyondellBasell_Industries_N_V/lyb_2025_q4/chunks/transcript/chunk_5d5650ea8b1d79ba.txt,unknown,unknown,semantic_fallback,19250,21750,sha256:352bc68172040259c26a2961ba42aa13c104e71f8ecc88e2e906ec1ae3c2724c,sha256:34cf6f56d73527d495a8cf1cec91b36bad4e78d924fe87c09bd65452cb94b1f0,sha256:f0cbc46c6e133fe84c4c200b9a8515e64bcfadf58011e08645b0a664b3234082,/Users/keith/Desktop/earnings calls 100 samples/LYB_LyondellBasell_Industries_N_V/lyb_2025_q4/metadata/normalized_transcript.json,sha256:04a12c520ea15983c048e717c96f4cc2beaa0b3221286b357f5bfce5a805cd85,safe_to_download,3,false,false,false
sha256:074f7a79397ed30d28631e892,semantic_chunk,lyb_2025_q4,LYB,LyondellBasell Industries N.V.,2025 Q4,manual_local_transcript_chunk,/Users/keith/Desktop/earnings calls 100 samples/LYB_LyondellBasell_Industries_N_V/lyb_2025_q4/chunks/transcript/chunk_3ffd0b1ee79f4245.txt,unknown,unknown,semantic_fallback,21750,24250,sha256:352bc68172040259c26a2961ba42aa13c104e71f8ecc88e2e906ec1ae3c2724c,sha256:c88af3664466509cb5297c9221d43e6f23e708cd8ae6375e46ddfb9fad8fb3cd,sha256:f0cbc46c6e133fe84c4c200b9a8515e64bcfadf58011e08645b0a664b3234082,/Users/keith/Desktop/earnings calls 100 samples/LYB_LyondellBasell_Industries_N_V/lyb_2025_q4/metadata/normalized_transcript.json,sha256:65ce0e96a57e66dafd692fca6c4f38d7b525a4dc56fea5485564388a862a58d3,safe_to_download,3,false,false,false
sha256:f2609368e51f48a3c05ff117c,semantic_chunk,lyb_2025_q4,LYB,LyondellBasell Industries N.V.,2025 Q4,manual_local_transcript_chunk,/Users/keith/Desktop/earnings calls 100 samples/LYB_LyondellBasell_Industries_N_V/lyb_2025_q4/chunks/transcript/chunk_7c72661b984ee21b.txt,unknown,unknown,semantic_fallback,24250,26750,sha256:352bc68172040259c26a2961ba42aa13c104e71f8ecc88e2e906ec1ae3c2724c,sha256:4c3b368bf4344131b795b59d6c65c07b3eedd11e938a8d2980074b46acf07acf,sha256:f0cbc46c6e133fe84c4c200b9a8515e64bcfadf58011e08645b0a664b3234082,/Users/keith/Desktop/earnings calls 100 samples/LYB_LyondellBasell_Industries_N_V/lyb_2025_q4/metadata/normalized_transcript.json,sha256:62cb3a573670518e1ca2111b93b07c818f395f96f56a330ffade0437ea10cf96,safe_to_download,3,false,false,false
sha256:fab914c2244f8ae92eec77db5,semantic_chunk,lyb_2025_q4,LYB,LyondellBasell Industries N.V.,2025 Q4,manual_local_transcript_chunk,/Users/keith/Desktop/earnings calls 100 samples/LYB_LyondellBasell_Industries_N_V/lyb_2025_q4/chunks/transcript/chunk_565aeb9f08e131c0.txt,unknown,unknown,semantic_fallback,26750,29250,sha256:352bc68172040259c26a2961ba42aa13c104e71f8ecc88e2e906ec1ae3c2724c,sha256:776aea852bde11a54cde18594e68aa9600c053cbccbc4f70e6f992eb8ac14b71,sha256:f0cbc46c6e133fe84c4c200b9a8515e64bcfadf58011e08645b0a664b3234082,/Users/keith/Desktop/earnings calls 100 samples/LYB_LyondellBasell_Industries_N_V/lyb_2025_q4/metadata/normalized_transcript.json,sha256:75b1c5d0de168adedc61e3448f20e79b1c915ed0a5efaf5503e49b85f46c49eb,safe_to_download,3,false,false,false
sha256:26d9863569513c79750746e82,semantic_chunk,lyb_2025_q4,LYB,LyondellBasell Industries N.V.,2025 Q4,manual_local_transcript_chunk,/Users/keith/Desktop/earnings calls 100 samples/LYB_LyondellBasell_Industries_N_V/lyb_2025_q4/chunks/transcript/chunk_54bcd2ec86b1981f.txt,unknown,unknown,semantic_fallback,29250,31750,sha256:352bc68172040259c26a2961ba42aa13c104e71f8ecc88e2e906ec1ae3c2724c,sha256:7eaf958ccf0639e332b1a9186eebcefad71682c4300fc1064da3d6bd2271079e,sha256:f0cbc46c6e133fe84c4c200b9a8515e64bcfadf58011e08645b0a664b3234082,/Users/keith/Desktop/earnings calls 100 samples/LYB_LyondellBasell_Industries_N_V/lyb_2025_q4/metadata/normalized_transcript.json,sha256:0b4977f5508bf6f24f264fc12cd9cb6e931ed3f53a39f76aa6c2331ab5a395ba,safe_to_download,3,false,false,false
sha256:be80ddd08ec443fb5a264f97a,semantic_chunk,lyb_2025_q4,LYB,LyondellBasell Industries N.V.,2025 Q4,manual_local_transcript_chunk,/Users/keith/Desktop/earnings calls 100 samples/LYB_LyondellBasell_Industries_N_V/lyb_2025_q4/chunks/transcript/chunk_f4984feb1564f06f.txt,unknown,unknown,semantic_fallback,31750,34250,sha256:352bc68172040259c26a2961ba42aa13c104e71f8ecc88e2e906ec1ae3c2724c,sha256:f8cc9aa36d01c66e8627360229896fc824f5df00f16e803496f83318ae6a06e2,sha256:f0cbc46c6e133fe84c4c200b9a8515e64bcfadf58011e08645b0a664b3234082,/Users/keith/Desktop/earnings calls 100 samples/LYB_LyondellBasell_Industries_N_V/lyb_2025_q4/metadata/normalized_transcript.json,sha256:140b4d016a3ec0787c0c368a5ee07cab8ae18a32b759763d7458f811907122b4,safe_to_download,3,false,false,false
sha256:211af6019f647b6512598337e,semantic_chunk,lyb_2025_q4,LYB,LyondellBasell Industries N.V.,2025 Q4,manual_local_transcript_chunk,/Users/keith/Desktop/earnings calls 100 samples/LYB_LyondellBasell_Industries_N_V/lyb_2025_q4/chunks/transcript/chunk_9380661000145384.txt,unknown,unknown,semantic_fallback,34250,36750,sha256:352bc68172040259c26a2961ba42aa13c104e71f8ecc88e2e906ec1ae3c2724c,sha256:a20d1bf8a5f2b53fcc1b9d5e2f1071703f9b874c423187a632b05b3d089789ae,sha256:f0cbc46c6e133fe84c4c200b9a8515e64bcfadf58011e08645b0a664b3234082,/Users/keith/Desktop/earnings calls 100 samples/LYB_LyondellBasell_Industries_N_V/lyb_2025_q4/metadata/normalized_transcript.json,sha256:79f61591fe8f45d25ffdcce1647e6aa2cccd249257be19d810a7ba671014d8e8,safe_to_download,3,false,false,false
sha256:f82e9f25f47bd319daec136fe,semantic_chunk,lyb_2025_q4,LYB,LyondellBasell Industries N.V.,2025 Q4,manual_local_transcript_chunk,/Users/keith/Desktop/earnings calls 100 samples/LYB_LyondellBasell_Industries_N_V/lyb_2025_q4/chunks/transcript/chunk_0b7f10901c2c50b9.txt,unknown,unknown,semantic_fallback,36750,39250,sha256:352bc68172040259c26a2961ba42aa13c104e71f8ecc88e2e906ec1ae3c2724c,sha256:9b6ff7d4811f283cf8bd7ef214a75927db75c2a73d4212bb3dee6e6c6f0bb923,sha256:f0cbc46c6e133fe84c4c200b9a8515e64bcfadf58011e08645b0a664b3234082,/Users/keith/Desktop/earnings calls 100 samples/LYB_LyondellBasell_Industries_N_V/lyb_2025_q4/metadata/normalized_transcript.json,sha256:a8173fac87cc491d88e04c31f6c325f83be8c5564569a990492d8c4adb4013b9,safe_to_download,3,false,false,false
sha256:c96b06aeaa5f6839f9de54ad5,semantic_chunk,lyb_2025_q4,LYB,LyondellBasell Industries N.V.,2025 Q4,manual_local_transcript_chunk,/Users/keith/Desktop/earnings calls 100 samples/LYB_LyondellBasell_Industries_N_V/lyb_2025_q4/chunks/transcript/chunk_25d733e98aa866f2.txt,unknown,unknown,semantic_fallback,39250,41750,sha256:352bc68172040259c26a2961ba42aa13c104e71f8ecc88e2e906ec1ae3c2724c,sha256:7016022d703c3869b19cc6cca3ca0907bf7d8dcd4e73d33a399a165719d3b868,sha256:f0cbc46c6e133fe84c4c200b9a8515e64bcfadf58011e08645b0a664b3234082,/Users/keith/Desktop/earnings calls 100 samples/LYB_LyondellBasell_Industries_N_V/lyb_2025_q4/metadata/normalized_transcript.json,sha256:16dd35e617e3603edef754cca3d2ff79b6a65710146f794ed191e99bb3e13992,safe_to_download,3,false,false,false
sha256:66474c62b8ed9637a75db8591,semantic_chunk,lyb_2025_q4,LYB,LyondellBasell Industries N.V.,2025 Q4,manual_local_transcript_chunk,/Users/keith/Desktop/earnings calls 100 samples/LYB_LyondellBasell_Industries_N_V/lyb_2025_q4/chunks/transcript/chunk_83aacaa09c223a21.txt,unknown,unknown,semantic_fallback,41750,44250,sha256:352bc68172040259c26a2961ba42aa13c104e71f8ecc88e2e906ec1ae3c2724c,sha256:a6a9863112c2a84961edddb458cd99e73244474d3b29efa6951d316c0b48cfdd,sha256:f0cbc46c6e133fe84c4c200b9a8515e64bcfadf58011e08645b0a664b3234082,/Users/keith/Desktop/earnings calls 100 samples/LYB_LyondellBasell_Industries_N_V/lyb_2025_q4/metadata/normalized_transcript.json,sha256:94aacb474ce72eefed00e2fdeabe40c87ea4f4fa9f9e1fc37bb0edbf19fded7d,safe_to_download,3,false,false,false
sha256:fd55793365229e4cdce53dd14,semantic_chunk,lyb_2025_q4,LYB,LyondellBasell Industries N.V.,2025 Q4,manual_local_transcript_chunk,/Users/keith/Desktop/earnings calls 100 samples/LYB_LyondellBasell_Industries_N_V/lyb_2025_q4/chunks/transcript/chunk_69f927abacb7d451.txt,unknown,unknown,semantic_fallback,44250,46750,sha256:352bc68172040259c26a2961ba42aa13c104e71f8ecc88e2e906ec1ae3c2724c,sha256:6c101eb93dfda0c0d86c9127e95492c8d8aefc20c085791ef439ffc8a10aa60f,sha256:f0cbc46c6e133fe84c4c200b9a8515e64bcfadf58011e08645b0a664b3234082,/Users/keith/Desktop/earnings calls 100 samples/LYB_LyondellBasell_Industries_N_V/lyb_2025_q4/metadata/normalized_transcript.json,sha256:9feefe719e775eb908eaa10e04787756008c656d80eb7c965ffcd00f6ec1495c,safe_to_download,3,false,false,false
sha256:a4d54830bedc0d17fd4afd57f,semantic_chunk,lyb_2025_q4,LYB,LyondellBasell Industries N.V.,2025 Q4,manual_local_transcript_chunk,/Users/keith/Desktop/earnings calls 100 samples/LYB_LyondellBasell_Industries_N_V/lyb_2025_q4/chunks/transcript/chunk_04215922206352c5.txt,unknown,unknown,semantic_fallback,46750,49250,sha256:352bc68172040259c26a2961ba42aa13c104e71f8ecc88e2e906ec1ae3c2724c,sha256:ad67484840501c7ad870fc876b753390ba998214ba294202a7cc9fcae9fbc426,sha256:f0cbc46c6e133fe84c4c200b9a8515e64bcfadf58011e08645b0a664b3234082,/Users/keith/Desktop/earnings calls 100 samples/LYB_LyondellBasell_Industries_N_V/lyb_2025_q4/metadata/normalized_transcript.json,sha256:4d7fd6b412915c78f773df7f03a19da3ef340b57e3e7c5cb295c71d2f62adf12,safe_to_download,3,false,false,false
sha256:259a3432b44102a1b64f196ad,semantic_chunk,lyb_2025_q4,LYB,LyondellBasell Industries N.V.,2025 Q4,manual_local_transcript_chunk,/Users/keith/Desktop/earnings calls 100 samples/LYB_LyondellBasell_Industries_N_V/lyb_2025_q4/chunks/transcript/chunk_5f01b070c4fd3724.txt,unknown,unknown,semantic_fallback,49250,51750,sha256:352bc68172040259c26a2961ba42aa13c104e71f8ecc88e2e906ec1ae3c2724c,sha256:ac56e8564bfb31551cdaf75669b810211e1d64037039fb87a14ec89d80f70aa7,sha256:f0cbc46c6e133fe84c4c200b9a8515e64bcfadf58011e08645b0a664b3234082,/Users/keith/Desktop/earnings calls 100 samples/LYB_LyondellBasell_Industries_N_V/lyb_2025_q4/metadata/normalized_transcript.json,sha256:ee3546e656608562877fcc199e24f6dcb71f2cd8380cd2a105e2abcd57ff4d67,safe_to_download,3,false,false,false
sha256:f1d9cd1fee2f8020af23d8f1c,semantic_chunk,lyb_2025_q4,LYB,LyondellBasell Industries N.V.,2025 Q4,manual_local_transcript_chunk,/Users/keith/Desktop/earnings calls 100 samples/LYB_LyondellBasell_Industries_N_V/lyb_2025_q4/chunks/transcript/chunk_97ec65095de66995.txt,unknown,unknown,semantic_fallback,51750,54250,sha256:352bc68172040259c26a2961ba42aa13c104e71f8ecc88e2e906ec1ae3c2724c,sha256:49ee180775e2dd5112403e650efca9b7a4b00d7646ecf21c6beaa5dccd113b77,sha256:f0cbc46c6e133fe84c4c200b9a8515e64bcfadf58011e08645b0a664b3234082,/Users/keith/Desktop/earnings calls 100 samples/LYB_LyondellBasell_Industries_N_V/lyb_2025_q4/metadata/normalized_transcript.json,sha256:9ad6a4c6a3ebf848475ae76f1274a56ed0965ececa3acd8ec4fe95ad657c66be,safe_to_download,3,false,false,false
sha256:f282f4d1baf396e3d4e720dd4,semantic_chunk,lyb_2025_q4,LYB,LyondellBasell Industries N.V.,2025 Q4,manual_local_transcript_chunk,/Users/keith/Desktop/earnings calls 100 samples/LYB_LyondellBasell_Industries_N_V/lyb_2025_q4/chunks/transcript/chunk_2f48308dfb512348.txt,unknown,unknown,semantic_fallback,54250,56455,sha256:352bc68172040259c26a2961ba42aa13c104e71f8ecc88e2e906ec1ae3c2724c,sha256:f649209fa1b0a21e317f4ec487c4ebfdcd6d8f93ec5d3b97637dbacfa597177a,sha256:f0cbc46c6e133fe84c4c200b9a8515e64bcfadf58011e08645b0a664b3234082,/Users/keith/Desktop/earnings calls 100 samples/LYB_LyondellBasell_Industries_N_V/lyb_2025_q4/metadata/normalized_transcript.json,sha256:c568818615053c4a17775274c1587812c7b61f108ebee868acf12ba5b857eaa7,safe_to_download,3,false,false,false
sha256:703e726cfc984c1ba5fdc5aee,semantic_chunk,rddt_2025_q2,RDDT,Reddit Inc.,2025 Q2,manual_local_transcript_chunk,/Users/keith/Desktop/earnings calls 100 samples/RDDT_Reddit_Inc/rddt_2025_q2/chunks/transcript/chunk_aeaee3db97c2cbb7.txt,unknown,unknown,semantic_fallback,4157,6657,sha256:0505f43151070b54555558e99b727bb6cafd32d919c597a4bbf95e8629e91883,sha256:3c4d5d2aafdff65cdc7d81f7bf74e1c3cf48fa51056ee57ab73c57955ce7acb8,sha256:b96d74183895b4a77944f71837539deb0ebd9e12859e95a6c551da709a0edfbc,/Users/keith/Desktop/earnings calls 100 samples/RDDT_Reddit_Inc/rddt_2025_q2/metadata/normalized_transcript.json,sha256:65f81b124d81ae377a34eb7170c05fada77fa1788b520cea341627d60f965bab,safe_to_download,3,false,false,false
sha256:86ecbb257c47d0c9c9c27f686,semantic_chunk,rddt_2025_q2,RDDT,Reddit Inc.,2025 Q2,manual_local_transcript_chunk,/Users/keith/Desktop/earnings calls 100 samples/RDDT_Reddit_Inc/rddt_2025_q2/chunks/transcript/chunk_3c96921838a29e26.txt,unknown,unknown,semantic_fallback,6657,9157,sha256:0505f43151070b54555558e99b727bb6cafd32d919c597a4bbf95e8629e91883,sha256:52f65d5bd807adf6ae990d302262d4452e6b4716175e6714515240c6a501e0f3,sha256:b96d74183895b4a77944f71837539deb0ebd9e12859e95a6c551da709a0edfbc,/Users/keith/Desktop/earnings calls 100 samples/RDDT_Reddit_Inc/rddt_2025_q2/metadata/normalized_transcript.json,sha256:f4c55be5a7c0cfe103ccc742c96d475eb424046d92a9dc7ba66e0baf43a7a25e,safe_to_download,3,false,false,false
sha256:4f30cf4ab3ba1855e02292c46,semantic_chunk,rddt_2025_q2,RDDT,Reddit Inc.,2025 Q2,manual_local_transcript_chunk,/Users/keith/Desktop/earnings calls 100 samples/RDDT_Reddit_Inc/rddt_2025_q2/chunks/transcript/chunk_190fb19aeca795ce.txt,unknown,unknown,semantic_fallback,9157,11657,sha256:0505f43151070b54555558e99b727bb6cafd32d919c597a4bbf95e8629e91883,sha256:0661e6b668cb6e93324d8b89af29acc44d8362cba428a84a379d10d0a9b8acbb,sha256:b96d74183895b4a77944f71837539deb0ebd9e12859e95a6c551da709a0edfbc,/Users/keith/Desktop/earnings calls 100 samples/RDDT_Reddit_Inc/rddt_2025_q2/metadata/normalized_transcript.json,sha256:0cde3057257682a8460d68e5e3959178a55d9ed9aa95199cfb0b70e113b041f6,safe_to_download,3,false,false,false
sha256:50c19376ec2c15470b7f44556,semantic_chunk,rddt_2025_q2,RDDT,Reddit Inc.,2025 Q2,manual_local_transcript_chunk,/Users/keith/Desktop/earnings calls 100 samples/RDDT_Reddit_Inc/rddt_2025_q2/chunks/transcript/chunk_9e5d0b895898ed46.txt,unknown,unknown,semantic_fallback,11657,14157,sha256:0505f43151070b54555558e99b727bb6cafd32d919c597a4bbf95e8629e91883,sha256:3d7d10fd61b966676ccb48c2852443dfe3695485834718d5f4b2c0dcc68f46ac,sha256:b96d74183895b4a77944f71837539deb0ebd9e12859e95a6c551da709a0edfbc,/Users/keith/Desktop/earnings calls 100 samples/RDDT_Reddit_Inc/rddt_2025_q2/metadata/normalized_transcript.json,sha256:dea9ab993f38337f3cb7f84b8b086ed977bc044ddd767441b46308af84e02de8,safe_to_download,3,false,false,false
sha256:b29c2183009aeff9c6e6141f6,semantic_chunk,rddt_2025_q2,RDDT,Reddit Inc.,2025 Q2,manual_local_transcript_chunk,/Users/keith/Desktop/earnings calls 100 samples/RDDT_Reddit_Inc/rddt_2025_q2/chunks/transcript/chunk_24374ab32a5aade8.txt,unknown,unknown,semantic_fallback,14157,16657,sha256:0505f43151070b54555558e99b727bb6cafd32d919c597a4bbf95e8629e91883,sha256:02ad2e8f1128b14fb30c5f22a90161b0fe90791be74682785250904bf38a7981,sha256:b96d74183895b4a77944f71837539deb0ebd9e12859e95a6c551da709a0edfbc,/Users/keith/Desktop/earnings calls 100 samples/RDDT_Reddit_Inc/rddt_2025_q2/metadata/normalized_transcript.json,sha256:250e4c55e6dd7f2face6581a88f1d63675a6c569337cff5a298a1c766e817f19,safe_to_download,3,false,false,false
sha256:1a99250cc726d7a8f237d851b,semantic_chunk,rddt_2025_q2,RDDT,Reddit Inc.,2025 Q2,manual_local_transcript_chunk,/Users/keith/Desktop/earnings calls 100 samples/RDDT_Reddit_Inc/rddt_2025_q2/chunks/transcript/chunk_8342830e1b99cce2.txt,unknown,unknown,semantic_fallback,16657,19157,sha256:0505f43151070b54555558e99b727bb6cafd32d919c597a4bbf95e8629e91883,sha256:8f20012bb3c042f609f5cb3537d2b735126af8d27b539ddc61b21946a2c00796,sha256:b96d74183895b4a77944f71837539deb0ebd9e12859e95a6c551da709a0edfbc,/Users/keith/Desktop/earnings calls 100 samples/RDDT_Reddit_Inc/rddt_2025_q2/metadata/normalized_transcript.json,sha256:30b2a8599c49ddd27e1fb40acfce23c035e885a358747a8d56e3a4c6235abadf,safe_to_download,3,false,false,false
sha256:211b0ac8c83bf3976c257336b,semantic_chunk,rddt_2025_q2,RDDT,Reddit Inc.,2025 Q2,manual_local_transcript_chunk,/Users/keith/Desktop/earnings calls 100 samples/RDDT_Reddit_Inc/rddt_2025_q2/chunks/transcript/chunk_a663fd4d33f5ce8f.txt,unknown,unknown,semantic_fallback,19157,21657,sha256:0505f43151070b54555558e99b727bb6cafd32d919c597a4bbf95e8629e91883,sha256:9226c052272a09f1cf44293f4780784186f9ac97da501373dc9a36654864d237,sha256:b96d74183895b4a77944f71837539deb0ebd9e12859e95a6c551da709a0edfbc,/Users/keith/Desktop/earnings calls 100 samples/RDDT_Reddit_Inc/rddt_2025_q2/metadata/normalized_transcript.json,sha256:8832d31d882a83bbaf836282b9d90cda089edf53a30700bf83f6e878ccd86465,safe_to_download,3,false,false,false
sha256:f63e7fedcd256a5f424914f36,semantic_chunk,rddt_2025_q2,RDDT,Reddit Inc.,2025 Q2,manual_local_transcript_chunk,/Users/keith/Desktop/earnings calls 100 samples/RDDT_Reddit_Inc/rddt_2025_q2/chunks/transcript/chunk_cba44b83d79f0681.txt,unknown,unknown,semantic_fallback,21657,24157,sha256:0505f43151070b54555558e99b727bb6cafd32d919c597a4bbf95e8629e91883,sha256:633f928461e61591d53036a5e6e502cb0f350ba68ab3547250627bcbe7aa4819,sha256:b96d74183895b4a77944f71837539deb0ebd9e12859e95a6c551da709a0edfbc,/Users/keith/Desktop/earnings calls 100 samples/RDDT_Reddit_Inc/rddt_2025_q2/metadata/normalized_transcript.json,sha256:aad24015c32102c922ea2f20726556548dcea1d6df2c2291be299043b58ecf8a,safe_to_download,3,false,false,false
sha256:361872f9112b8db28339b2d27,semantic_chunk,rddt_2025_q2,RDDT,Reddit Inc.,2025 Q2,manual_local_transcript_chunk,/Users/keith/Desktop/earnings calls 100 samples/RDDT_Reddit_Inc/rddt_2025_q2/chunks/transcript/chunk_daf17e223668b293.txt,unknown,unknown,semantic_fallback,24157,26657,sha256:0505f43151070b54555558e99b727bb6cafd32d919c597a4bbf95e8629e91883,sha256:9d6be671e8c148926ea656b3d25af63013d9555eb32e83f563e9d6edeee65d33,sha256:b96d74183895b4a77944f71837539deb0ebd9e12859e95a6c551da709a0edfbc,/Users/keith/Desktop/earnings calls 100 samples/RDDT_Reddit_Inc/rddt_2025_q2/metadata/normalized_transcript.json,sha256:73a729526825f2bf25655eef54ac8c9af0bb1c66ec72b96ad3590e494c4b73ba,safe_to_download,3,false,false,false
sha256:705648919b7cea12f6d733a8f,semantic_chunk,rddt_2025_q2,RDDT,Reddit Inc.,2025 Q2,manual_local_transcript_chunk,/Users/keith/Desktop/earnings calls 100 samples/RDDT_Reddit_Inc/rddt_2025_q2/chunks/transcript/chunk_363a8ead405baca8.txt,unknown,unknown,semantic_fallback,26657,29157,sha256:0505f43151070b54555558e99b727bb6cafd32d919c597a4bbf95e8629e91883,sha256:d3db2419bfc104435ab8fbb25a5f3c3629ead4aee81b83b2d3830bd8134d0563,sha256:b96d74183895b4a77944f71837539deb0ebd9e12859e95a6c551da709a0edfbc,/Users/keith/Desktop/earnings calls 100 samples/RDDT_Reddit_Inc/rddt_2025_q2/metadata/normalized_transcript.json,sha256:706a24c13101214af31aae41ca1632490a36084e290b3d9dda79aa895e8d9148,safe_to_download,3,false,false,false
sha256:2122e09088b57ac066cab53ff,semantic_chunk,rddt_2025_q2,RDDT,Reddit Inc.,2025 Q2,manual_local_transcript_chunk,/Users/keith/Desktop/earnings calls 100 samples/RDDT_Reddit_Inc/rddt_2025_q2/chunks/transcript/chunk_d09eca30face087e.txt,unknown,unknown,semantic_fallback,29157,31657,sha256:0505f43151070b54555558e99b727bb6cafd32d919c597a4bbf95e8629e91883,sha256:3c2511ba4a388577fb615898395df538d7cf30377ceb9a5b41b0025ab6bb7b06,sha256:b96d74183895b4a77944f71837539deb0ebd9e12859e95a6c551da709a0edfbc,/Users/keith/Desktop/earnings calls 100 samples/RDDT_Reddit_Inc/rddt_2025_q2/metadata/normalized_transcript.json,sha256:db2efaa67dc93fb4fdd306051906ce16c5dcc0dd3dd84094f8ea710ffd978afc,safe_to_download,3,false,false,false
sha256:746dc590c554f6643d8c307d5,semantic_chunk,rddt_2025_q2,RDDT,Reddit Inc.,2025 Q2,manual_local_transcript_chunk,/Users/keith/Desktop/earnings calls 100 samples/RDDT_Reddit_Inc/rddt_2025_q2/chunks/transcript/chunk_f50f06fb2b8f3973.txt,unknown,unknown,semantic_fallback,31657,34157,sha256:0505f43151070b54555558e99b727bb6cafd32d919c597a4bbf95e8629e91883,sha256:905b2850b8ce5fbf0d17fad03d3bf05ab2f2254c216ae170dc15d30723d1b793,sha256:b96d74183895b4a77944f71837539deb0ebd9e12859e95a6c551da709a0edfbc,/Users/keith/Desktop/earnings calls 100 samples/RDDT_Reddit_Inc/rddt_2025_q2/metadata/normalized_transcript.json,sha256:bda4c017c4118636d1765ad2b990f1ffb6c2c4abbcee89adcfa7a699c660d275,safe_to_download,3,false,false,false
sha256:da3554b2c9512e517d1f49173,semantic_chunk,rddt_2025_q2,RDDT,Reddit Inc.,2025 Q2,manual_local_transcript_chunk,/Users/keith/Desktop/earnings calls 100 samples/RDDT_Reddit_Inc/rddt_2025_q2/chunks/transcript/chunk_8fd6a8d21befd3ba.txt,unknown,unknown,semantic_fallback,34157,36657,sha256:0505f43151070b54555558e99b727bb6cafd32d919c597a4bbf95e8629e91883,sha256:0bf3c0685702d55c4823d32793cbf703f9b2a68eea66fc556cdb1107f6262b49,sha256:b96d74183895b4a77944f71837539deb0ebd9e12859e95a6c551da709a0edfbc,/Users/keith/Desktop/earnings calls 100 samples/RDDT_Reddit_Inc/rddt_2025_q2/metadata/normalized_transcript.json,sha256:7a73e33e49e5ed178e5057af697be6055e8c2bc94e6a68b549331c3e32964bc8,safe_to_download,3,false,false,false
sha256:7e71d82fe6d780fb77979fa5b,semantic_chunk,rddt_2025_q2,RDDT,Reddit Inc.,2025 Q2,manual_local_transcript_chunk,/Users/keith/Desktop/earnings calls 100 samples/RDDT_Reddit_Inc/rddt_2025_q2/chunks/transcript/chunk_d5a0f6ac82b3d907.txt,unknown,unknown,semantic_fallback,36657,39157,sha256:0505f43151070b54555558e99b727bb6cafd32d919c597a4bbf95e8629e91883,sha256:8d181253256116b83662d945c17a4d94ee6f036e9ce3be6b5214c929f0651156,sha256:b96d74183895b4a77944f71837539deb0ebd9e12859e95a6c551da709a0edfbc,/Users/keith/Desktop/earnings calls 100 samples/RDDT_Reddit_Inc/rddt_2025_q2/metadata/normalized_transcript.json,sha256:373c48f80f13295b961b881fc6cb1e5a57f442a883cf2faeb48e20e66944e069,safe_to_download,3,false,false,false
sha256:0519b11d845cbdf7604d53fd5,semantic_chunk,rddt_2025_q2,RDDT,Reddit Inc.,2025 Q2,manual_local_transcript_chunk,/Users/keith/Desktop/earnings calls 100 samples/RDDT_Reddit_Inc/rddt_2025_q2/chunks/transcript/chunk_423672a7a0e6c096.txt,unknown,unknown,semantic_fallback,39157,41657,sha256:0505f43151070b54555558e99b727bb6cafd32d919c597a4bbf95e8629e91883,sha256:dff0ab2f9a47bfe1e9dd8ff675f69792abe16cb9db9732431ce8c977f1e919e2,sha256:b96d74183895b4a77944f71837539deb0ebd9e12859e95a6c551da709a0edfbc,/Users/keith/Desktop/earnings calls 100 samples/RDDT_Reddit_Inc/rddt_2025_q2/metadata/normalized_transcript.json,sha256:ff8a80f83d77063be097a30b9e222434703aa2b48ac1c9809bbabe7b824d4a13,safe_to_download,3,false,false,false
sha256:926d319919cd60bc64dac5905,semantic_chunk,rddt_2025_q2,RDDT,Reddit Inc.,2025 Q2,manual_local_transcript_chunk,/Users/keith/Desktop/earnings calls 100 samples/RDDT_Reddit_Inc/rddt_2025_q2/chunks/transcript/chunk_25f7a55b49f46a27.txt,unknown,unknown,semantic_fallback,41657,44157,sha256:0505f43151070b54555558e99b727bb6cafd32d919c597a4bbf95e8629e91883,sha256:ec167abd8aee8fd3ade5b668e1092b534e6178d8e60ee6d9b45580008915399a,sha256:b96d74183895b4a77944f71837539deb0ebd9e12859e95a6c551da709a0edfbc,/Users/keith/Desktop/earnings calls 100 samples/RDDT_Reddit_Inc/rddt_2025_q2/metadata/normalized_transcript.json,sha256:4db643238236f9a59708ceed0b933d0c9444124e9090c4c311a1c1b957bfdc17,safe_to_download,3,false,false,false
sha256:8d8a75dc8b2718f5fefcac2fd,semantic_chunk,rddt_2025_q2,RDDT,Reddit Inc.,2025 Q2,manual_local_transcript_chunk,/Users/keith/Desktop/earnings calls 100 samples/RDDT_Reddit_Inc/rddt_2025_q2/chunks/transcript/chunk_43687c425aa9e84f.txt,unknown,unknown,semantic_fallback,44157,46657,sha256:0505f43151070b54555558e99b727bb6cafd32d919c597a4bbf95e8629e91883,sha256:baba6dc173eadb94cba1bdfa2d88aab1594bd103cc3c4860e77110d84c10dfdf,sha256:b96d74183895b4a77944f71837539deb0ebd9e12859e95a6c551da709a0edfbc,/Users/keith/Desktop/earnings calls 100 samples/RDDT_Reddit_Inc/rddt_2025_q2/metadata/normalized_transcript.json,sha256:a9319ada89c643abff8756566dd0a50ecdeddc0b77dcc6550dea5fe9a6befa04,safe_to_download,3,false,false,false
sha256:f64b93d2c24b8ca4ac2d5cd66,semantic_chunk,rddt_2025_q2,RDDT,Reddit Inc.,2025 Q2,manual_local_transcript_chunk,/Users/keith/Desktop/earnings calls 100 samples/RDDT_Reddit_Inc/rddt_2025_q2/chunks/transcript/chunk_095fce94489e80d9.txt,unknown,unknown,semantic_fallback,46657,49157,sha256:0505f43151070b54555558e99b727bb6cafd32d919c597a4bbf95e8629e91883,sha256:091f4e52689fcc9a80e232e630998176ba3add10da11d29c02bd198e3aba636a,sha256:b96d74183895b4a77944f71837539deb0ebd9e12859e95a6c551da709a0edfbc,/Users/keith/Desktop/earnings calls 100 samples/RDDT_Reddit_Inc/rddt_2025_q2/metadata/normalized_transcript.json,sha256:189167b173c60ae33832490f286db16b7ee9bea7c48000fd8b38e0a87bbb3695,safe_to_download,3,false,false,false
sha256:c3af7419f96821c0b01520c7d,semantic_chunk,rddt_2025_q2,RDDT,Reddit Inc.,2025 Q2,manual_local_transcript_chunk,/Users/keith/Desktop/earnings calls 100 samples/RDDT_Reddit_Inc/rddt_2025_q2/chunks/transcript/chunk_65ef75eb1588b66b.txt,unknown,unknown,semantic_fallback,49157,51657,sha256:0505f43151070b54555558e99b727bb6cafd32d919c597a4bbf95e8629e91883,sha256:7ac22d3eac3257b7d5c0058ff79aca086dba638e802ea8c8e6cd41912824510b,sha256:b96d74183895b4a77944f71837539deb0ebd9e12859e95a6c551da709a0edfbc,/Users/keith/Desktop/earnings calls 100 samples/RDDT_Reddit_Inc/rddt_2025_q2/metadata/normalized_transcript.json,sha256:3f17207953dd2de3327b6d11c2ffe00d572873ed5c35efdc9400c9dafff041ea,safe_to_download,3,false,false,false
sha256:314a9eac6d8a7acfccad34599,semantic_chunk,rddt_2025_q2,RDDT,Reddit Inc.,2025 Q2,manual_local_transcript_chunk,/Users/keith/Desktop/earnings calls 100 samples/RDDT_Reddit_Inc/rddt_2025_q2/chunks/transcript/chunk_b753d00d65fbd420.txt,unknown,unknown,semantic_fallback,51657,54157,sha256:0505f43151070b54555558e99b727bb6cafd32d919c597a4bbf95e8629e91883,sha256:a52dd22219d6c3070dab8007ce361e29ab4bfb4b693e8b8dda830d8fa2df6443,sha256:b96d74183895b4a77944f71837539deb0ebd9e12859e95a6c551da709a0edfbc,/Users/keith/Desktop/earnings calls 100 samples/RDDT_Reddit_Inc/rddt_2025_q2/metadata/normalized_transcript.json,sha256:ef4e9fadb856484d44d2dc2aca2acbae7b869b04de7a4f274a7a5a0f65f870f2,safe_to_download,3,false,false,false
sha256:57272eda991a40228e5b9dfdb,semantic_chunk,rddt_2025_q2,RDDT,Reddit Inc.,2025 Q2,manual_local_transcript_chunk,/Users/keith/Desktop/earnings calls 100 samples/RDDT_Reddit_Inc/rddt_2025_q2/chunks/transcript/chunk_20d9a62a3f6c1e97.txt,unknown,unknown,semantic_fallback,54157,54237,sha256:0505f43151070b54555558e99b727bb6cafd32d919c597a4bbf95e8629e91883,sha256:9d14634bdffbfc0ef8f0fc84b6e339610cfc9dc856859c60a588e33dc176d1cb,sha256:b96d74183895b4a77944f71837539deb0ebd9e12859e95a6c551da709a0edfbc,/Users/keith/Desktop/earnings calls 100 samples/RDDT_Reddit_Inc/rddt_2025_q2/metadata/normalized_transcript.json,sha256:a59f6eb5920ac4a6f817c2302b5db716e542037a4daec2eb6b9afee75059da68,safe_to_download,3,false,false,false
sha256:38e39dc0fcf17925a702febb8,event_aligned_chunk,rddt_2025_q3,RDDT,Reddit Inc.,2025 Q3,manual_local_transcript_chunk,/Users/keith/Desktop/earnings calls 100 samples/RDDT_Reddit_Inc/rddt_2025_q3/chunks/transcript/chunk_9bcb051539955fb3.txt,prepared_remarks,management,prepared_remarks,899,1391,sha256:692e3e2fbff056431c1638e2b08baa506bd270ef55063c4f5b2c20a5059c4353,sha256:e91b70b819a3734d2850132786a4585e2d4042efc3d1012ec68f9e09945cb413,sha256:e87df19271a8114dc0c6e6bd9f38a7283e1e2d87371449e04b41374f7d61e9db,/Users/keith/Desktop/earnings calls 100 samples/RDDT_Reddit_Inc/rddt_2025_q3/metadata/normalized_transcript.json,sha256:043eddbb2fcbcfa81d022b6e04479e36b3728b1cd1c44c43b97e6bf67b193c82,safe_to_download,2,false,false,false
sha256:887e78f9b6699aed03874bd66,event_aligned_chunk,rddt_2025_q4,RDDT,Reddit Inc.,2025 Q4,manual_local_transcript_chunk,/Users/keith/Desktop/earnings calls 100 samples/RDDT_Reddit_Inc/rddt_2025_q4/chunks/transcript/chunk_a652e07ee600308c.txt,prepared_remarks,management,prepared_remarks,809,850,sha256:044acb4779829812158284da059f975303e868f78d57bd83d1b8c39c3687156b,sha256:293dcb17d016a7fa4bcca8b89f3e6373277b310c9e5fd651a174bf1411b40590,sha256:1e6ee440330049811abdcf4aa508e2e91d25c4df9c250fb7e319e3730c6b803d,/Users/keith/Desktop/earnings calls 100 samples/RDDT_Reddit_Inc/rddt_2025_q4/metadata/normalized_transcript.json,sha256:2739bc21edb4a49fba1e07ae705ca2e8a696888e7a583eb33903b24c028fa32c,safe_to_download,2,false,false,false
sha256:df60a813ecb318ed2e7aafd73,semantic_chunk,rddt_2025_q4,RDDT,Reddit Inc.,2025 Q4,manual_local_transcript_chunk,/Users/keith/Desktop/earnings calls 100 samples/RDDT_Reddit_Inc/rddt_2025_q4/chunks/transcript/chunk_c6f42c21a363c513.txt,unknown,unknown,semantic_fallback,3904,6404,sha256:044acb4779829812158284da059f975303e868f78d57bd83d1b8c39c3687156b,sha256:f83aec8df97078f13a793521ea8c3201daad87e7a5280ad9da3f3b2aa61673e7,sha256:1e6ee440330049811abdcf4aa508e2e91d25c4df9c250fb7e319e3730c6b803d,/Users/keith/Desktop/earnings calls 100 samples/RDDT_Reddit_Inc/rddt_2025_q4/metadata/normalized_transcript.json,sha256:0d7c64b7a86e0d3f4a54e3547f46cb858f51430c1c030303d91a8de18cd03bf5,safe_to_download,3,false,false,false
sha256:4a88305afac825c51202af602,semantic_chunk,rddt_2025_q4,RDDT,Reddit Inc.,2025 Q4,manual_local_transcript_chunk,/Users/keith/Desktop/earnings calls 100 samples/RDDT_Reddit_Inc/rddt_2025_q4/chunks/transcript/chunk_9e990f9a290c1067.txt,unknown,unknown,semantic_fallback,6404,8904,sha256:044acb4779829812158284da059f975303e868f78d57bd83d1b8c39c3687156b,sha256:f6ebf47c445bc17cba92a535f14e6edbffeb176a55be205720fece718d30c0c9,sha256:1e6ee440330049811abdcf4aa508e2e91d25c4df9c250fb7e319e3730c6b803d,/Users/keith/Desktop/earnings calls 100 samples/RDDT_Reddit_Inc/rddt_2025_q4/metadata/normalized_transcript.json,sha256:4d2c677bc6c998db3ba8aaa71d7eba0e24b4624adc70e2febcbd6ad673418fea,safe_to_download,3,false,false,false
sha256:872daa7816ef18b34a604f819,semantic_chunk,rddt_2025_q4,RDDT,Reddit Inc.,2025 Q4,manual_local_transcript_chunk,/Users/keith/Desktop/earnings calls 100 samples/RDDT_Reddit_Inc/rddt_2025_q4/chunks/transcript/chunk_185604018bf5c726.txt,unknown,unknown,semantic_fallback,8904,11404,sha256:044acb4779829812158284da059f975303e868f78d57bd83d1b8c39c3687156b,sha256:ef135f2a0b005451a1dbeded346196719bfc63389e67e5249f4cba93e5795c8f,sha256:1e6ee440330049811abdcf4aa508e2e91d25c4df9c250fb7e319e3730c6b803d,/Users/keith/Desktop/earnings calls 100 samples/RDDT_Reddit_Inc/rddt_2025_q4/metadata/normalized_transcript.json,sha256:67710bdc6d80beee7906e220a8dea90a9d23e18345663817f59528f21bc452a0,safe_to_download,3,false,false,false
sha256:11a1d7f3aabe967b1bbe66c2f,semantic_chunk,rddt_2025_q4,RDDT,Reddit Inc.,2025 Q4,manual_local_transcript_chunk,/Users/keith/Desktop/earnings calls 100 samples/RDDT_Reddit_Inc/rddt_2025_q4/chunks/transcript/chunk_3248e8763d765ebf.txt,unknown,unknown,semantic_fallback,11404,13904,sha256:044acb4779829812158284da059f975303e868f78d57bd83d1b8c39c3687156b,sha256:dfaa35ca3b57d2e27afc88994f8039770763e95e06faca7a3d819766ff82160f,sha256:1e6ee440330049811abdcf4aa508e2e91d25c4df9c250fb7e319e3730c6b803d,/Users/keith/Desktop/earnings calls 100 samples/RDDT_Reddit_Inc/rddt_2025_q4/metadata/normalized_transcript.json,sha256:6aaf2e29356ccd3942041c166b682a714a91e0b27afa030f8d541cabe636e1d9,safe_to_download,3,false,false,false
sha256:9b06c55eff4a6d1bfb3f5777e,semantic_chunk,rddt_2025_q4,RDDT,Reddit Inc.,2025 Q4,manual_local_transcript_chunk,/Users/keith/Desktop/earnings calls 100 samples/RDDT_Reddit_Inc/rddt_2025_q4/chunks/transcript/chunk_0cdc781364f2b957.txt,unknown,unknown,semantic_fallback,13904,16404,sha256:044acb4779829812158284da059f975303e868f78d57bd83d1b8c39c3687156b,sha256:d50e32842b5fb2b3a3605752f03bc8a99aac460afc1ae47e3392641d7d163ebb,sha256:1e6ee440330049811abdcf4aa508e2e91d25c4df9c250fb7e319e3730c6b803d,/Users/keith/Desktop/earnings calls 100 samples/RDDT_Reddit_Inc/rddt_2025_q4/metadata/normalized_transcript.json,sha256:442cec8d18756635aae4d374af9a0f9b344ffd9a804cc249f3758bded987f0f9,safe_to_download,3,false,false,false
sha256:c514fe9848a0eaf2737f145aa,semantic_chunk,rddt_2025_q4,RDDT,Reddit Inc.,2025 Q4,manual_local_transcript_chunk,/Users/keith/Desktop/earnings calls 100 samples/RDDT_Reddit_Inc/rddt_2025_q4/chunks/transcript/chunk_2eb8c718928ae992.txt,unknown,unknown,semantic_fallback,16404,18904,sha256:044acb4779829812158284da059f975303e868f78d57bd83d1b8c39c3687156b,sha256:e04a6dbd46e4471ee80050b3b7364ca6e6c0d67288b803cfba9dbccbbac200ba,sha256:1e6ee440330049811abdcf4aa508e2e91d25c4df9c250fb7e319e3730c6b803d,/Users/keith/Desktop/earnings calls 100 samples/RDDT_Reddit_Inc/rddt_2025_q4/metadata/normalized_transcript.json,sha256:c4c9eb6ba5a4aec3a53e8ab2b3edeed9b96586894b45842da8d73c0ab4bdf320,safe_to_download,3,false,false,false
sha256:e498522bb2a63828d421a4123,semantic_chunk,rddt_2025_q4,RDDT,Reddit Inc.,2025 Q4,manual_local_transcript_chunk,/Users/keith/Desktop/earnings calls 100 samples/RDDT_Reddit_Inc/rddt_2025_q4/chunks/transcript/chunk_a3d1287514045a6e.txt,unknown,unknown,semantic_fallback,18904,21404,sha256:044acb4779829812158284da059f975303e868f78d57bd83d1b8c39c3687156b,sha256:e49425211eba87231fd90cfa99c605201cecfb29334cbea26d26f42b7b2a6168,sha256:1e6ee440330049811abdcf4aa508e2e91d25c4df9c250fb7e319e3730c6b803d,/Users/keith/Desktop/earnings calls 100 samples/RDDT_Reddit_Inc/rddt_2025_q4/metadata/normalized_transcript.json,sha256:376833ddaa7a8035fa174096834e1cf90bc002b1e8bc9dd9184594fd748711e1,safe_to_download,3,false,false,false
sha256:5a0f811444ed1c24ab3122df3,semantic_chunk,rddt_2025_q4,RDDT,Reddit Inc.,2025 Q4,manual_local_transcript_chunk,/Users/keith/Desktop/earnings calls 100 samples/RDDT_Reddit_Inc/rddt_2025_q4/chunks/transcript/chunk_9d1eb65297580083.txt,unknown,unknown,semantic_fallback,21404,23904,sha256:044acb4779829812158284da059f975303e868f78d57bd83d1b8c39c3687156b,sha256:4c27402faac07b06a0012b28019729c55a47f243477c95850fd82b7357a3b3c0,sha256:1e6ee440330049811abdcf4aa508e2e91d25c4df9c250fb7e319e3730c6b803d,/Users/keith/Desktop/earnings calls 100 samples/RDDT_Reddit_Inc/rddt_2025_q4/metadata/normalized_transcript.json,sha256:bc9ee51ccf83b63082f4eeb52cde997414b3e67ea39c2ee52f1999e36cad2ad1,safe_to_download,3,false,false,false
sha256:06b110581dde009ec0beb7cca,semantic_chunk,rddt_2025_q4,RDDT,Reddit Inc.,2025 Q4,manual_local_transcript_chunk,/Users/keith/Desktop/earnings calls 100 samples/RDDT_Reddit_Inc/rddt_2025_q4/chunks/transcript/chunk_f366153b500884ec.txt,unknown,unknown,semantic_fallback,23904,26404,sha256:044acb4779829812158284da059f975303e868f78d57bd83d1b8c39c3687156b,sha256:614c5a1053b288323c82d0d7a61cb492565db567375f168e0b14cd8987dfda3b,sha256:1e6ee440330049811abdcf4aa508e2e91d25c4df9c250fb7e319e3730c6b803d,/Users/keith/Desktop/earnings calls 100 samples/RDDT_Reddit_Inc/rddt_2025_q4/metadata/normalized_transcript.json,sha256:1a1f34eb704f26502cf45955d89474431e5273c17fe46c1858a173e3d2408427,safe_to_download,3,false,false,false
sha256:298e5a8873fe0ae6b4e9ee574,semantic_chunk,rddt_2025_q4,RDDT,Reddit Inc.,2025 Q4,manual_local_transcript_chunk,/Users/keith/Desktop/earnings calls 100 samples/RDDT_Reddit_Inc/rddt_2025_q4/chunks/transcript/chunk_be52967d052ff56d.txt,unknown,unknown,semantic_fallback,26404,28904,sha256:044acb4779829812158284da059f975303e868f78d57bd83d1b8c39c3687156b,sha256:43fb4f56716fd59916a42d86dcfec3fc6583c24793c772ab84f435941fca5dab,sha256:1e6ee440330049811abdcf4aa508e2e91d25c4df9c250fb7e319e3730c6b803d,/Users/keith/Desktop/earnings calls 100 samples/RDDT_Reddit_Inc/rddt_2025_q4/metadata/normalized_transcript.json,sha256:e4ab2a9b67b51b60bc8fbce23391e416dfdf0ff1627faf79fe58f2b23d937e6c,safe_to_download,3,false,false,false
sha256:8c68e883d77953fd52f05a365,semantic_chunk,rddt_2025_q4,RDDT,Reddit Inc.,2025 Q4,manual_local_transcript_chunk,/Users/keith/Desktop/earnings calls 100 samples/RDDT_Reddit_Inc/rddt_2025_q4/chunks/transcript/chunk_c6bddd09d7c41463.txt,unknown,unknown,semantic_fallback,28904,31404,sha256:044acb4779829812158284da059f975303e868f78d57bd83d1b8c39c3687156b,sha256:70a981a55a4166b3b8beb46a817bbb5c24a755057a95e4158fe7d05d9726e748,sha256:1e6ee440330049811abdcf4aa508e2e91d25c4df9c250fb7e319e3730c6b803d,/Users/keith/Desktop/earnings calls 100 samples/RDDT_Reddit_Inc/rddt_2025_q4/metadata/normalized_transcript.json,sha256:71f7611d2649178d3376bf56a9319b7be23ff5c7b28c6f9e6138550d78d2227f,safe_to_download,3,false,false,false
sha256:4802cc79419cadce4b7305bca,semantic_chunk,rddt_2025_q4,RDDT,Reddit Inc.,2025 Q4,manual_local_transcript_chunk,/Users/keith/Desktop/earnings calls 100 samples/RDDT_Reddit_Inc/rddt_2025_q4/chunks/transcript/chunk_87f3fe3323a90c2b.txt,unknown,unknown,semantic_fallback,31404,33904,sha256:044acb4779829812158284da059f975303e868f78d57bd83d1b8c39c3687156b,sha256:1923e50b8ecb5fa28c8ce3d518eb4db4d8bfbe688d44084672e89979fb734a54,sha256:1e6ee440330049811abdcf4aa508e2e91d25c4df9c250fb7e319e3730c6b803d,/Users/keith/Desktop/earnings calls 100 samples/RDDT_Reddit_Inc/rddt_2025_q4/metadata/normalized_transcript.json,sha256:534f387f8b32facad07068fae2b56a00daf5ac7ee3cfb39bdba0385c7edab281,safe_to_download,3,false,false,false
sha256:e7fe00f7c6eb1870ad25bc115,semantic_chunk,rddt_2025_q4,RDDT,Reddit Inc.,2025 Q4,manual_local_transcript_chunk,/Users/keith/Desktop/earnings calls 100 samples/RDDT_Reddit_Inc/rddt_2025_q4/chunks/transcript/chunk_8c60069d3ad055f2.txt,unknown,unknown,semantic_fallback,33904,36404,sha256:044acb4779829812158284da059f975303e868f78d57bd83d1b8c39c3687156b,sha256:b6b0c4c17bd21d1d4d368670d6a3f08b78bd5a7e5428d63f1d34050d6e57175d,sha256:1e6ee440330049811abdcf4aa508e2e91d25c4df9c250fb7e319e3730c6b803d,/Users/keith/Desktop/earnings calls 100 samples/RDDT_Reddit_Inc/rddt_2025_q4/metadata/normalized_transcript.json,sha256:ece30427f0af776cb8477f3c0b47eb605cd6627c5dfbf51e1fb5bcb5cadd18db,safe_to_download,3,false,false,false
sha256:d3290b842c6d6ebfd4b94846a,semantic_chunk,rddt_2025_q4,RDDT,Reddit Inc.,2025 Q4,manual_local_transcript_chunk,/Users/keith/Desktop/earnings calls 100 samples/RDDT_Reddit_Inc/rddt_2025_q4/chunks/transcript/chunk_f974831f4362dc45.txt,unknown,unknown,semantic_fallback,36404,38904,sha256:044acb4779829812158284da059f975303e868f78d57bd83d1b8c39c3687156b,sha256:480463c6c246746062fe3f7e390990ab27d0263e39f554658f0d8f479dd852de,sha256:1e6ee440330049811abdcf4aa508e2e91d25c4df9c250fb7e319e3730c6b803d,/Users/keith/Desktop/earnings calls 100 samples/RDDT_Reddit_Inc/rddt_2025_q4/metadata/normalized_transcript.json,sha256:f832b2f260ee67e8e073cf40cca61d1a0c53ef33c6f7ec0e8aea997e83e6607f,safe_to_download,3,false,false,false
sha256:46eee70620e83f6efa4b11f1c,semantic_chunk,rddt_2025_q4,RDDT,Reddit Inc.,2025 Q4,manual_local_transcript_chunk,/Users/keith/Desktop/earnings calls 100 samples/RDDT_Reddit_Inc/rddt_2025_q4/chunks/transcript/chunk_c351aa79e176f001.txt,unknown,unknown,semantic_fallback,38904,41404,sha256:044acb4779829812158284da059f975303e868f78d57bd83d1b8c39c3687156b,sha256:3dd00ccdcdb4cc77c201f740c9dcd7f377ee562b3033fbe191d131c033c5d602,sha256:1e6ee440330049811abdcf4aa508e2e91d25c4df9c250fb7e319e3730c6b803d,/Users/keith/Desktop/earnings calls 100 samples/RDDT_Reddit_Inc/rddt_2025_q4/metadata/normalized_transcript.json,sha256:be13c6596c6ea72db43d6add91a3edea3dc5ee583d990c3412a2f6300c6670b8,safe_to_download,3,false,false,false
sha256:416608cd3226ed6247e4a953e,semantic_chunk,rddt_2025_q4,RDDT,Reddit Inc.,2025 Q4,manual_local_transcript_chunk,/Users/keith/Desktop/earnings calls 100 samples/RDDT_Reddit_Inc/rddt_2025_q4/chunks/transcript/chunk_9b564716ef8cbace.txt,unknown,unknown,semantic_fallback,41404,43904,sha256:044acb4779829812158284da059f975303e868f78d57bd83d1b8c39c3687156b,sha256:9fd239ad6e6587dc3ac86cccab11c0e13d8d32f5b10fd7fad41ae083eb6c3a0b,sha256:1e6ee440330049811abdcf4aa508e2e91d25c4df9c250fb7e319e3730c6b803d,/Users/keith/Desktop/earnings calls 100 samples/RDDT_Reddit_Inc/rddt_2025_q4/metadata/normalized_transcript.json,sha256:dea1a1de5e98fbbecb6c3af2c3e70652515deb91e45767b802a373a1334cb850,safe_to_download,3,false,false,false
sha256:45aeedda0749f9023a0f66835,semantic_chunk,rddt_2025_q4,RDDT,Reddit Inc.,2025 Q4,manual_local_transcript_chunk,/Users/keith/Desktop/earnings calls 100 samples/RDDT_Reddit_Inc/rddt_2025_q4/chunks/transcript/chunk_e697bcaa59c3d943.txt,unknown,unknown,semantic_fallback,43904,46404,sha256:044acb4779829812158284da059f975303e868f78d57bd83d1b8c39c3687156b,sha256:9dc6d668346a727a181574004c169403421778b79dd025d050386bd2e9f6a422,sha256:1e6ee440330049811abdcf4aa508e2e91d25c4df9c250fb7e319e3730c6b803d,/Users/keith/Desktop/earnings calls 100 samples/RDDT_Reddit_Inc/rddt_2025_q4/metadata/normalized_transcript.json,sha256:03f56d79295de2182567fc08d44fc17c63109d6bee2b0a6d01d688fce841e664,safe_to_download,3,false,false,false
sha256:b4030ffd2dcf86e9f901de7c6,semantic_chunk,rddt_2025_q4,RDDT,Reddit Inc.,2025 Q4,manual_local_transcript_chunk,/Users/keith/Desktop/earnings calls 100 samples/RDDT_Reddit_Inc/rddt_2025_q4/chunks/transcript/chunk_99e3b9088112211f.txt,unknown,unknown,semantic_fallback,46404,48904,sha256:044acb4779829812158284da059f975303e868f78d57bd83d1b8c39c3687156b,sha256:058d311d27d4b85ec4d2a1369bf02562bd66a17cab179dbec949bf8d925d4972,sha256:1e6ee440330049811abdcf4aa508e2e91d25c4df9c250fb7e319e3730c6b803d,/Users/keith/Desktop/earnings calls 100 samples/RDDT_Reddit_Inc/rddt_2025_q4/metadata/normalized_transcript.json,sha256:c62b751ee907649e66fad2c492040c2468fbe14c864c3cc4663682d5c8a69080,safe_to_download,3,false,false,false
sha256:1cbf21870aaf3db423dd40e2d,semantic_chunk,rddt_2025_q4,RDDT,Reddit Inc.,2025 Q4,manual_local_transcript_chunk,/Users/keith/Desktop/earnings calls 100 samples/RDDT_Reddit_Inc/rddt_2025_q4/chunks/transcript/chunk_c0fe9fd9a2382e57.txt,unknown,unknown,semantic_fallback,48904,51404,sha256:044acb4779829812158284da059f975303e868f78d57bd83d1b8c39c3687156b,sha256:3a7fd161fdad7cc57d9f78db62e443809b16006727ea61fa8f4455a11350eb50,sha256:1e6ee440330049811abdcf4aa508e2e91d25c4df9c250fb7e319e3730c6b803d,/Users/keith/Desktop/earnings calls 100 samples/RDDT_Reddit_Inc/rddt_2025_q4/metadata/normalized_transcript.json,sha256:5592b0f314d331ae6f1a25261ae6fa6d52a84116aefc465f96032a5b1e3abe6b,safe_to_download,3,false,false,false
sha256:fb95cfac59ed77f9cd0ffab0f,semantic_chunk,rddt_2025_q4,RDDT,Reddit Inc.,2025 Q4,manual_local_transcript_chunk,/Users/keith/Desktop/earnings calls 100 samples/RDDT_Reddit_Inc/rddt_2025_q4/chunks/transcript/chunk_5d29bb8fd4f423cd.txt,unknown,unknown,semantic_fallback,51404,53904,sha256:044acb4779829812158284da059f975303e868f78d57bd83d1b8c39c3687156b,sha256:d0e97c0de92fdb43e14289628a5886297da8a2de0a9925e707af3796a7b9cb93,sha256:1e6ee440330049811abdcf4aa508e2e91d25c4df9c250fb7e319e3730c6b803d,/Users/keith/Desktop/earnings calls 100 samples/RDDT_Reddit_Inc/rddt_2025_q4/metadata/normalized_transcript.json,sha256:1b3c81b6ad4de2d1a5fab16292284bbcab198ef94dd50089f2670715032ae6cc,safe_to_download,3,false,false,false
sha256:a0855f38538a3aee50e45093c,semantic_chunk,rddt_2025_q4,RDDT,Reddit Inc.,2025 Q4,manual_local_transcript_chunk,/Users/keith/Desktop/earnings calls 100 samples/RDDT_Reddit_Inc/rddt_2025_q4/chunks/transcript/chunk_095188994f1c8dd9.txt,unknown,unknown,semantic_fallback,53904,56404,sha256:044acb4779829812158284da059f975303e868f78d57bd83d1b8c39c3687156b,sha256:c88045f608afece21fe1e8936231beeb0e4e8330c695ae362e87510fe4ccc557,sha256:1e6ee440330049811abdcf4aa508e2e91d25c4df9c250fb7e319e3730c6b803d,/Users/keith/Desktop/earnings calls 100 samples/RDDT_Reddit_Inc/rddt_2025_q4/metadata/normalized_transcript.json,sha256:04f221e4365de9be285f457484370db2598bce32ce12961635f7f075e6a46a2a,safe_to_download,3,false,false,false
sha256:1e0919a6b8cb99ca08fba7968,semantic_chunk,rddt_2025_q4,RDDT,Reddit Inc.,2025 Q4,manual_local_transcript_chunk,/Users/keith/Desktop/earnings calls 100 samples/RDDT_Reddit_Inc/rddt_2025_q4/chunks/transcript/chunk_52939bd0570a3006.txt,unknown,unknown,semantic_fallback,56404,58904,sha256:044acb4779829812158284da059f975303e868f78d57bd83d1b8c39c3687156b,sha256:897f445e5b52ee043e2de57e53e6cb369911cb047dc0d81fbeeaf1d93fbfcaf8,sha256:1e6ee440330049811abdcf4aa508e2e91d25c4df9c250fb7e319e3730c6b803d,/Users/keith/Desktop/earnings calls 100 samples/RDDT_Reddit_Inc/rddt_2025_q4/metadata/normalized_transcript.json,sha256:94d3545994c72c43f4add5beb5371ef506ad829ed6499b197c643c25b6276649,safe_to_download,3,false,false,false
sha256:dd6e492c806a7032a0890ba13,semantic_chunk,rddt_2025_q4,RDDT,Reddit Inc.,2025 Q4,manual_local_transcript_chunk,/Users/keith/Desktop/earnings calls 100 samples/RDDT_Reddit_Inc/rddt_2025_q4/chunks/transcript/chunk_f6ca9a123ac4cf1b.txt,unknown,unknown,semantic_fallback,58904,60807,sha256:044acb4779829812158284da059f975303e868f78d57bd83d1b8c39c3687156b,sha256:a67190e8885040ab0f5c6b2aea28e2eace7009367c6df9f3a4ccdecc184c4f08,sha256:1e6ee440330049811abdcf4aa508e2e91d25c4df9c250fb7e319e3730c6b803d,/Users/keith/Desktop/earnings calls 100 samples/RDDT_Reddit_Inc/rddt_2025_q4/metadata/normalized_transcript.json,sha256:c37d90cbf22ab9b7c4c3e2a1e049750241d2c7261c7cb47a2e64ec96fb39c42d,safe_to_download,3,false,false,false
sha256:f482e08a874dc0585de5961cd,event_aligned_chunk,uber_2025_q4,UBER,Uber Technologies Inc.,2025 Q4,manual_local_transcript_chunk,/Users/keith/Desktop/earnings calls 100 samples/UBER_Uber_Technologies_Inc/uber_2025_q4/chunks/transcript/chunk_e801bc0d3ab60724.txt,prepared_remarks,management,guidance_revision_candidate,39,2539,sha256:6d61865b7ff6aa5629a76f8b6320124b12d83ebc8bf6dbc208398d9e5c9d31ed,sha256:7a3992744781ca434aa5a92f1b73cc630ca655dd4f32f2cc2d928a7f56914f32,sha256:826f5a749a69f1db4c04244f4e2263934fcf097de5b9447b7bd8d7e0fded0ea9,/Users/keith/Desktop/earnings calls 100 samples/UBER_Uber_Technologies_Inc/uber_2025_q4/metadata/normalized_transcript.json,sha256:374d709d65faed520621032e9dd52a31dc871f92c61e211d8ba6a3adad70a601,safe_to_download,2,false,false,false
sha256:61104b49094e3aac8f132b150,event_aligned_chunk,uber_2025_q4,UBER,Uber Technologies Inc.,2025 Q4,manual_local_transcript_chunk,/Users/keith/Desktop/earnings calls 100 samples/UBER_Uber_Technologies_Inc/uber_2025_q4/chunks/transcript/chunk_da95a92a3fd3bd3e.txt,prepared_remarks,management,prepared_remarks,2539,5039,sha256:6d61865b7ff6aa5629a76f8b6320124b12d83ebc8bf6dbc208398d9e5c9d31ed,sha256:8db24ded8a7b57911d1e03f5dcd4177292b22090b75d1ecfef04dd741c5490d5,sha256:826f5a749a69f1db4c04244f4e2263934fcf097de5b9447b7bd8d7e0fded0ea9,/Users/keith/Desktop/earnings calls 100 samples/UBER_Uber_Technologies_Inc/uber_2025_q4/metadata/normalized_transcript.json,sha256:a0632bb820c0c07807a30df9cd187be250ea6f1400c98f2bca9b4a8d5c342574,safe_to_download,2,false,false,false
sha256:32b56dc0c3482a4066559edb5,event_aligned_chunk,uber_2025_q4,UBER,Uber Technologies Inc.,2025 Q4,manual_local_transcript_chunk,/Users/keith/Desktop/earnings calls 100 samples/UBER_Uber_Technologies_Inc/uber_2025_q4/chunks/transcript/chunk_8acf1b5bbc29e11c.txt,prepared_remarks,management,prepared_remarks,5039,7539,sha256:6d61865b7ff6aa5629a76f8b6320124b12d83ebc8bf6dbc208398d9e5c9d31ed,sha256:3bc306e7271a34006e3ad8c50df7982e4191b22eeb50db232f4d7b139b0a2a32,sha256:826f5a749a69f1db4c04244f4e2263934fcf097de5b9447b7bd8d7e0fded0ea9,/Users/keith/Desktop/earnings calls 100 samples/UBER_Uber_Technologies_Inc/uber_2025_q4/metadata/normalized_transcript.json,sha256:22a597ebcf995567276d0a695c282973caa3073a6af4e9d474df08666a7195a7,safe_to_download,2,false,false,false
sha256:f5be8663706f75404adaf9516,event_aligned_chunk,uber_2025_q4,UBER,Uber Technologies Inc.,2025 Q4,manual_local_transcript_chunk,/Users/keith/Desktop/earnings calls 100 samples/UBER_Uber_Technologies_Inc/uber_2025_q4/chunks/transcript/chunk_5a4e898ec3462ed4.txt,prepared_remarks,management,prepared_remarks,7539,10039,sha256:6d61865b7ff6aa5629a76f8b6320124b12d83ebc8bf6dbc208398d9e5c9d31ed,sha256:e28991228e6b0724066fee94142f03898817c7d16b12b98d8ceb440513bf15db,sha256:826f5a749a69f1db4c04244f4e2263934fcf097de5b9447b7bd8d7e0fded0ea9,/Users/keith/Desktop/earnings calls 100 samples/UBER_Uber_Technologies_Inc/uber_2025_q4/metadata/normalized_transcript.json,sha256:676d57c711b94ad1cd067dcfd6c440277ce6dd3a6a480c799df441b1bf1b469f,safe_to_download,2,false,false,false
sha256:65571d2e117d9fca428f5a707,event_aligned_chunk,uber_2025_q4,UBER,Uber Technologies Inc.,2025 Q4,manual_local_transcript_chunk,/Users/keith/Desktop/earnings calls 100 samples/UBER_Uber_Technologies_Inc/uber_2025_q4/chunks/transcript/chunk_3b9ce25bb324ab99.txt,prepared_remarks,management,prepared_remarks,10039,12539,sha256:6d61865b7ff6aa5629a76f8b6320124b12d83ebc8bf6dbc208398d9e5c9d31ed,sha256:ad522fa35a5ad0026ca0bf2b89920a50810522c94482f722b2638a1a16c3426a,sha256:826f5a749a69f1db4c04244f4e2263934fcf097de5b9447b7bd8d7e0fded0ea9,/Users/keith/Desktop/earnings calls 100 samples/UBER_Uber_Technologies_Inc/uber_2025_q4/metadata/normalized_transcript.json,sha256:223024a970174a825524265f1ea9be517e5006a42c35b754126b03a69dca75f8,safe_to_download,2,false,false,false
sha256:90d633ccb606f26cae2dd0b78,event_aligned_chunk,uber_2025_q4,UBER,Uber Technologies Inc.,2025 Q4,manual_local_transcript_chunk,/Users/keith/Desktop/earnings calls 100 samples/UBER_Uber_Technologies_Inc/uber_2025_q4/chunks/transcript/chunk_5b3ae02a8d971843.txt,prepared_remarks,management,prepared_remarks,12539,15039,sha256:6d61865b7ff6aa5629a76f8b6320124b12d83ebc8bf6dbc208398d9e5c9d31ed,sha256:10c71b2f8e86d9512f836a582296cd5f41d9228c2f819d4f7a979fae0d082310,sha256:826f5a749a69f1db4c04244f4e2263934fcf097de5b9447b7bd8d7e0fded0ea9,/Users/keith/Desktop/earnings calls 100 samples/UBER_Uber_Technologies_Inc/uber_2025_q4/metadata/normalized_transcript.json,sha256:6cdaddbfc7e448358683f138ccd539e039aec7e4cd94dbb68672327cad9fcf88,safe_to_download,2,false,false,false
sha256:473aeefce3405c38a9a4d2de3,event_aligned_chunk,uber_2025_q4,UBER,Uber Technologies Inc.,2025 Q4,manual_local_transcript_chunk,/Users/keith/Desktop/earnings calls 100 samples/UBER_Uber_Technologies_Inc/uber_2025_q4/chunks/transcript/chunk_a3d54111eb72172d.txt,prepared_remarks,management,prepared_remarks,15039,17539,sha256:6d61865b7ff6aa5629a76f8b6320124b12d83ebc8bf6dbc208398d9e5c9d31ed,sha256:ceea37a8f80155f7c47356f5141554c13616f8b96ec01cabd09df9354ff47be8,sha256:826f5a749a69f1db4c04244f4e2263934fcf097de5b9447b7bd8d7e0fded0ea9,/Users/keith/Desktop/earnings calls 100 samples/UBER_Uber_Technologies_Inc/uber_2025_q4/metadata/normalized_transcript.json,sha256:ba75a8b13ae5e34737b148239a7d52b21fbb3bc2aaa93d68c66ca1a58243d9f4,safe_to_download,2,false,false,false
sha256:2517b570f96b5ed0c0c9ccaee,event_aligned_chunk,uber_2025_q4,UBER,Uber Technologies Inc.,2025 Q4,manual_local_transcript_chunk,/Users/keith/Desktop/earnings calls 100 samples/UBER_Uber_Technologies_Inc/uber_2025_q4/chunks/transcript/chunk_266c083427448329.txt,prepared_remarks,management,prepared_remarks,17539,20039,sha256:6d61865b7ff6aa5629a76f8b6320124b12d83ebc8bf6dbc208398d9e5c9d31ed,sha256:6ed1bfdfb0858c59831ba8e8e0bcd9532564f5ce23818d580103921c692f1056,sha256:826f5a749a69f1db4c04244f4e2263934fcf097de5b9447b7bd8d7e0fded0ea9,/Users/keith/Desktop/earnings calls 100 samples/UBER_Uber_Technologies_Inc/uber_2025_q4/metadata/normalized_transcript.json,sha256:f3c010afebd9de9103a60df9331c4ea31502e11bdb5f6767f0f9cb098b625219,safe_to_download,2,false,false,false
sha256:d13cba8347a354b2d212f1328,event_aligned_chunk,uber_2025_q4,UBER,Uber Technologies Inc.,2025 Q4,manual_local_transcript_chunk,/Users/keith/Desktop/earnings calls 100 samples/UBER_Uber_Technologies_Inc/uber_2025_q4/chunks/transcript/chunk_56c303ad4e2544cc.txt,prepared_remarks,management,prepared_remarks,20039,22539,sha256:6d61865b7ff6aa5629a76f8b6320124b12d83ebc8bf6dbc208398d9e5c9d31ed,sha256:5a9ff81ac548ea6eb7c4ef6b3459363143fd327aac4a1050c6ba353c7922d3ef,sha256:826f5a749a69f1db4c04244f4e2263934fcf097de5b9447b7bd8d7e0fded0ea9,/Users/keith/Desktop/earnings calls 100 samples/UBER_Uber_Technologies_Inc/uber_2025_q4/metadata/normalized_transcript.json,sha256:6706ef8b445395e35f1750f0260666908f3d919f99a2d57cba386681727f3077,safe_to_download,2,false,false,false
sha256:d9d0e17c9e6eca36cd36c55ba,event_aligned_chunk,uber_2025_q4,UBER,Uber Technologies Inc.,2025 Q4,manual_local_transcript_chunk,/Users/keith/Desktop/earnings calls 100 samples/UBER_Uber_Technologies_Inc/uber_2025_q4/chunks/transcript/chunk_743107444e128b8a.txt,prepared_remarks,management,prepared_remarks,22539,24455,sha256:6d61865b7ff6aa5629a76f8b6320124b12d83ebc8bf6dbc208398d9e5c9d31ed,sha256:eb0ef4f9e55fdbd492690be30f8cb4b49cebec0cb92cb6a99c6bd362aca05ed2,sha256:826f5a749a69f1db4c04244f4e2263934fcf097de5b9447b7bd8d7e0fded0ea9,/Users/keith/Desktop/earnings calls 100 samples/UBER_Uber_Technologies_Inc/uber_2025_q4/metadata/normalized_transcript.json,sha256:95845f3dacdc6993a171b00c1f6a80d8e8db6200a44c1f46eeaf31e7589dd891,safe_to_download,2,false,false,false
sha256:5b3d238343fce8c9edabaec5c,semantic_chunk,uber_2025_q4,UBER,Uber Technologies Inc.,2025 Q4,manual_local_transcript_chunk,/Users/keith/Desktop/earnings calls 100 samples/UBER_Uber_Technologies_Inc/uber_2025_q4/chunks/transcript/chunk_4d4b7e589d099196.txt,unknown,unknown,semantic_fallback,26955,29455,sha256:6d61865b7ff6aa5629a76f8b6320124b12d83ebc8bf6dbc208398d9e5c9d31ed,sha256:42a66600d20744a7b8da8f698baf16a2c846c2950b6aba770dae16b35f3c1946,sha256:826f5a749a69f1db4c04244f4e2263934fcf097de5b9447b7bd8d7e0fded0ea9,/Users/keith/Desktop/earnings calls 100 samples/UBER_Uber_Technologies_Inc/uber_2025_q4/metadata/normalized_transcript.json,sha256:f8aa89b6c7b14cdc6f7db86b49cf06a2c27e2f008cda5d5dc400953cba020797,safe_to_download,3,false,false,false
sha256:aa39d4cff3d96883580be7cac,semantic_chunk,uber_2025_q4,UBER,Uber Technologies Inc.,2025 Q4,manual_local_transcript_chunk,/Users/keith/Desktop/earnings calls 100 samples/UBER_Uber_Technologies_Inc/uber_2025_q4/chunks/transcript/chunk_c1172e1d5b2e6e97.txt,unknown,unknown,semantic_fallback,29455,31955,sha256:6d61865b7ff6aa5629a76f8b6320124b12d83ebc8bf6dbc208398d9e5c9d31ed,sha256:b9453ff82cb830c20525825c45e7265bc2a3cf9c7b2d47dbf833577248476bbc,sha256:826f5a749a69f1db4c04244f4e2263934fcf097de5b9447b7bd8d7e0fded0ea9,/Users/keith/Desktop/earnings calls 100 samples/UBER_Uber_Technologies_Inc/uber_2025_q4/metadata/normalized_transcript.json,sha256:c7871a6bcc2f3bf24d51dc285ac45dc8bb2fa259e6f124b36e2995165c34b6f4,safe_to_download,3,false,false,false
sha256:32fee9bba50767d82a3087cf3,semantic_chunk,uber_2025_q4,UBER,Uber Technologies Inc.,2025 Q4,manual_local_transcript_chunk,/Users/keith/Desktop/earnings calls 100 samples/UBER_Uber_Technologies_Inc/uber_2025_q4/chunks/transcript/chunk_3e083dedbbdf9220.txt,unknown,unknown,semantic_fallback,31955,33215,sha256:6d61865b7ff6aa5629a76f8b6320124b12d83ebc8bf6dbc208398d9e5c9d31ed,sha256:899bc3a0a5b418407683e4a8ba159139921bd3391c2317054b8c68b2cb379498,sha256:826f5a749a69f1db4c04244f4e2263934fcf097de5b9447b7bd8d7e0fded0ea9,/Users/keith/Desktop/earnings calls 100 samples/UBER_Uber_Technologies_Inc/uber_2025_q4/metadata/normalized_transcript.json,sha256:51cba484c4aed0b371311dc812ae506d763f0bd184cb7c38b5f4626dcecdb22d,safe_to_download,3,false,false,false
