case_id,ticker,company_name,source_type,asset_type,source_url,source_domain,rights_status,blocked_reason,next_action,provenance_hash
jpm_2025_q4,JPM,JPMorgan Chase & Co.,youtube,video,https://www.youtube.com/results?search_query=JPM+2025+Q4+earnings+call,www.youtube.com,metadata_only,youtube_media_blocked,Keep YouTube as metadata/link reference only unless explicit written authorization exists.,sha256:ba716c9e14d0da24ab0a4acc6213b0ecfe7567976dfc79e94d4ac9817ac0ce99
jpm_2025_q4,JPM,JPMorgan Chase & Co.,vendor,transcript,licensed-vendor://blocked/JPM/2025/Q4,licensed-vendor,license_required,vendor_license_missing,Register license_config_ref before any vendor raw content use.,sha256:6aee91218ba73a054e5dfc84248493269c7041ca2be27ee48d7ac59416009c57
bac_2025_q4,BAC,Bank of America Corporation,youtube,video,https://www.youtube.com/results?search_query=BAC+2025+Q4+earnings+call,www.youtube.com,metadata_only,youtube_media_blocked,Keep YouTube as metadata/link reference only unless explicit written authorization exists.,sha256:9d94714c8c9e87bd6c27c822257507a92b3e7f26c611d57ec043de09f03a7085
bac_2025_q4,BAC,Bank of America Corporation,vendor,transcript,licensed-vendor://blocked/BAC/2025/Q4,licensed-vendor,license_required,vendor_license_missing,Register license_config_ref before any vendor raw content use.,sha256:75ed6a40a49e46e848bcff62d758af03db2db0cfcfde3aefd50d46f524bed78f
c_2025_q4,C,Citigroup Inc.,youtube,video,https://www.youtube.com/results?search_query=C+2025+Q4+earnings+call,www.youtube.com,metadata_only,youtube_media_blocked,Keep YouTube as metadata/link reference only unless explicit written authorization exists.,sha256:3bfe75dbf6cf44e318a298382dd31b68e0e7e2df8b1b69fd8641448343ab51f5
c_2025_q4,C,Citigroup Inc.,vendor,transcript,licensed-vendor://blocked/C/2025/Q4,licensed-vendor,license_required,vendor_license_missing,Register license_config_ref before any vendor raw content use.,sha256:b2c2c488936002b4604b1760724d5f6f766414d7f29b411f0dfd6ca9b5fe280d
wfc_2025_q4,WFC,Wells Fargo & Company,youtube,video,https://www.youtube.com/results?search_query=WFC+2025+Q4+earnings+call,www.youtube.com,metadata_only,youtube_media_blocked,Keep YouTube as metadata/link reference only unless explicit written authorization exists.,sha256:3e6afdbb81bda9f22dd54f66260d72fee9482d423c5b7615bfd9cdef7f828505
wfc_2025_q4,WFC,Wells Fargo & Company,vendor,transcript,licensed-vendor://blocked/WFC/2025/Q4,licensed-vendor,license_required,vendor_license_missing,Register license_config_ref before any vendor raw content use.,sha256:56995bb3069d6d8660a32ef384efe24fb108dce0eaced2902929c0dfcfa22fd1
gs_2025_q4,GS,"The Goldman Sachs Group, Inc.",youtube,video,https://www.youtube.com/results?search_query=GS+2025+Q4+earnings+call,www.youtube.com,metadata_only,youtube_media_blocked,Keep YouTube as metadata/link reference only unless explicit written authorization exists.,sha256:f20221a816669239ed1c19b0ca914c8f07166fec5f7b54e540c23c409c560e8f
gs_2025_q4,GS,"The Goldman Sachs Group, Inc.",vendor,transcript,licensed-vendor://blocked/GS/2025/Q4,licensed-vendor,license_required,vendor_license_missing,Register license_config_ref before any vendor raw content use.,sha256:f9a32e5b8a735c455c4fadac791b5e1da84171aebd6b06ae0291d4b62c6684d4
ms_2025_q4,MS,Morgan Stanley,youtube,video,https://www.youtube.com/results?search_query=MS+2025+Q4+earnings+call,www.youtube.com,metadata_only,youtube_media_blocked,Keep YouTube as metadata/link reference only unless explicit written authorization exists.,sha256:7a2165e0c9be9749058e9afc26b84a0a8798816655c2832bd640df3f77b66c65
ms_2025_q4,MS,Morgan Stanley,vendor,transcript,licensed-vendor://blocked/MS/2025/Q4,licensed-vendor,license_required,vendor_license_missing,Register license_config_ref before any vendor raw content use.,sha256:f4b8dc7800189cc8048be011174f1c5c64150e9c7b04c33a436f20f9c00d8612
bk_2025_q4,BK,The Bank of New York Mellon Corporation,youtube,video,https://www.youtube.com/results?search_query=BK+2025+Q4+earnings+call,www.youtube.com,metadata_only,youtube_media_blocked,Keep YouTube as metadata/link reference only unless explicit written authorization exists.,sha256:69883cb53f2e65a0d1733f19cf27083f7e9fb84962bce8a155b195c438c76357
bk_2025_q4,BK,The Bank of New York Mellon Corporation,vendor,transcript,licensed-vendor://blocked/BK/2025/Q4,licensed-vendor,license_required,vendor_license_missing,Register license_config_ref before any vendor raw content use.,sha256:6ac23602bd218dbfebb0e046ac61604e5adca83b9e0531167be4b619bef46469
stt_2025_q4,STT,State Street Corporation,youtube,video,https://www.youtube.com/results?search_query=STT+2025+Q4+earnings+call,www.youtube.com,metadata_only,youtube_media_blocked,Keep YouTube as metadata/link reference only unless explicit written authorization exists.,sha256:a15e4e130b6d32667f40c4d8d2cc94311c72c1c3a003cb79c3e32505248ec500
stt_2025_q4,STT,State Street Corporation,vendor,transcript,licensed-vendor://blocked/STT/2025/Q4,licensed-vendor,license_required,vendor_license_missing,Register license_config_ref before any vendor raw content use.,sha256:8f5ea43cbf4b4f38a589011f00a84cf9614700d54bff2b0c4d268139af2b9b46
usb_2025_q4,USB,U.S. Bancorp,youtube,video,https://www.youtube.com/results?search_query=USB+2025+Q4+earnings+call,www.youtube.com,metadata_only,youtube_media_blocked,Keep YouTube as metadata/link reference only unless explicit written authorization exists.,sha256:2a57f6b8ca48bc70dd8284317d90616ddf983b0f719b40a10427609b70f1156c
usb_2025_q4,USB,U.S. Bancorp,vendor,transcript,licensed-vendor://blocked/USB/2025/Q4,licensed-vendor,license_required,vendor_license_missing,Register license_config_ref before any vendor raw content use.,sha256:fa430d52ea9cebc3ad1e87be5c156dbed11c60eb78a162ef17b1f90e640bda33
pnc_2025_q4,PNC,"The PNC Financial Services Group, Inc.",youtube,video,https://www.youtube.com/results?search_query=PNC+2025+Q4+earnings+call,www.youtube.com,metadata_only,youtube_media_blocked,Keep YouTube as metadata/link reference only unless explicit written authorization exists.,sha256:f01f1e12d1b8c06053c575d4abd6bddc5027dc024f56d66b2ca485191466fffe
pnc_2025_q4,PNC,"The PNC Financial Services Group, Inc.",vendor,transcript,licensed-vendor://blocked/PNC/2025/Q4,licensed-vendor,license_required,vendor_license_missing,Register license_config_ref before any vendor raw content use.,sha256:62cf6137b9bf7acba5e9c17219199c657af0a90a391077d8d6e7a69a68d9ecdb
tfc_2025_q4,TFC,Truist Financial Corporation,youtube,video,https://www.youtube.com/results?search_query=TFC+2025+Q4+earnings+call,www.youtube.com,metadata_only,youtube_media_blocked,Keep YouTube as metadata/link reference only unless explicit written authorization exists.,sha256:28406c496576cb381f3101cb530fbfd10c9942601043b9194ebb87bba2287f84
tfc_2025_q4,TFC,Truist Financial Corporation,vendor,transcript,licensed-vendor://blocked/TFC/2025/Q4,licensed-vendor,license_required,vendor_license_missing,Register license_config_ref before any vendor raw content use.,sha256:75973680b4f09ecb468f3017ed9b719e1163aeea68a359515e385d42ac2056b1
cof_2025_q4,COF,Capital One Financial Corporation,youtube,video,https://www.youtube.com/results?search_query=COF+2025+Q4+earnings+call,www.youtube.com,metadata_only,youtube_media_blocked,Keep YouTube as metadata/link reference only unless explicit written authorization exists.,sha256:c6255112c38b3fca2c30ec754fe839eee86fc0b55b585c8f3e1ed2b5a2194423
cof_2025_q4,COF,Capital One Financial Corporation,vendor,transcript,licensed-vendor://blocked/COF/2025/Q4,licensed-vendor,license_required,vendor_license_missing,Register license_config_ref before any vendor raw content use.,sha256:1ef4558c738aa0c7c10eb3a023cd20ca259d5025c8fc2a272fa40958123a9597
axp_2025_q4,AXP,American Express Company,youtube,video,https://www.youtube.com/results?search_query=AXP+2025+Q4+earnings+call,www.youtube.com,metadata_only,youtube_media_blocked,Keep YouTube as metadata/link reference only unless explicit written authorization exists.,sha256:9472600d5fd6e7c1eefe203691291aa0041563b9b13555d57edf684c77aa4f6e
axp_2025_q4,AXP,American Express Company,vendor,transcript,licensed-vendor://blocked/AXP/2025/Q4,licensed-vendor,license_required,vendor_license_missing,Register license_config_ref before any vendor raw content use.,sha256:4f00112c621d4039d898082c879b2fe19142d7c314ebc386eef5d971e97d1e2b
v_2025_q4,V,Visa Inc.,youtube,video,https://www.youtube.com/results?search_query=V+2025+Q4+earnings+call,www.youtube.com,metadata_only,youtube_media_blocked,Keep YouTube as metadata/link reference only unless explicit written authorization exists.,sha256:6481bdfbd36b1204e6d6e4b6740647da44a880a0cd2d70cb47e10ffde99ecf30
v_2025_q4,V,Visa Inc.,vendor,transcript,licensed-vendor://blocked/V/2025/Q4,licensed-vendor,license_required,vendor_license_missing,Register license_config_ref before any vendor raw content use.,sha256:0b9c376e04f2e073b4a0577d04784f6990b7c623a4e4641eb20f2b85a8eef2a1
ma_2025_q4,MA,Mastercard Incorporated,youtube,video,https://www.youtube.com/results?search_query=MA+2025+Q4+earnings+call,www.youtube.com,metadata_only,youtube_media_blocked,Keep YouTube as metadata/link reference only unless explicit written authorization exists.,sha256:529040c82f8e50f4d2caafbe5d2843322a2c0331e335cf89fddc44c663c57a85
ma_2025_q4,MA,Mastercard Incorporated,vendor,transcript,licensed-vendor://blocked/MA/2025/Q4,licensed-vendor,license_required,vendor_license_missing,Register license_config_ref before any vendor raw content use.,sha256:b9b863514f35446cc745cec85f34104261bbe2b12de4537b18cfcb4eb9be2051
fis_2025_q4,FIS,"Fidelity National Information Services, Inc.",youtube,video,https://www.youtube.com/results?search_query=FIS+2025+Q4+earnings+call,www.youtube.com,metadata_only,youtube_media_blocked,Keep YouTube as metadata/link reference only unless explicit written authorization exists.,sha256:b50d0cba2368067bf2a07fe812ddc567f845ad64c9c3f6e95e54a6982d36eb07
fis_2025_q4,FIS,"Fidelity National Information Services, Inc.",vendor,transcript,licensed-vendor://blocked/FIS/2025/Q4,licensed-vendor,license_required,vendor_license_missing,Register license_config_ref before any vendor raw content use.,sha256:4e7bd14060aa51c9db64b5c58541b7b65aff23db1fc5eb5e80ef76659bef5fd2
gpn_2025_q4,GPN,Global Payments Inc.,youtube,video,https://www.youtube.com/results?search_query=GPN+2025+Q4+earnings+call,www.youtube.com,metadata_only,youtube_media_blocked,Keep YouTube as metadata/link reference only unless explicit written authorization exists.,sha256:008f30a21ad5ecb635d5c276b49a123adb6738971ffed6779371cb37f6704678
gpn_2025_q4,GPN,Global Payments Inc.,vendor,transcript,licensed-vendor://blocked/GPN/2025/Q4,licensed-vendor,license_required,vendor_license_missing,Register license_config_ref before any vendor raw content use.,sha256:75927aa7f62a0720e8fc1e14114a0c0639d5c8376f8a0d745b7ba5fb88d9a35d
blk_2025_q4,BLK,"BlackRock, Inc.",youtube,video,https://www.youtube.com/results?search_query=BLK+2025+Q4+earnings+call,www.youtube.com,metadata_only,youtube_media_blocked,Keep YouTube as metadata/link reference only unless explicit written authorization exists.,sha256:af8cb892ffd80b597bcb51d3ec2821133046254ec0ed91668be2bb189f7559dd
blk_2025_q4,BLK,"BlackRock, Inc.",vendor,transcript,licensed-vendor://blocked/BLK/2025/Q4,licensed-vendor,license_required,vendor_license_missing,Register license_config_ref before any vendor raw content use.,sha256:2b1f8177b5937b34750f4d7134ba09a6a25a76c53f860c980b7b10e49d0fc086
bx_2025_q4,BX,Blackstone Inc.,youtube,video,https://www.youtube.com/results?search_query=BX+2025+Q4+earnings+call,www.youtube.com,metadata_only,youtube_media_blocked,Keep YouTube as metadata/link reference only unless explicit written authorization exists.,sha256:119a7274460f3bdc761cccf2c6c0ab56b7cd19651ddc91a0f16f099a22949b40
bx_2025_q4,BX,Blackstone Inc.,vendor,transcript,licensed-vendor://blocked/BX/2025/Q4,licensed-vendor,license_required,vendor_license_missing,Register license_config_ref before any vendor raw content use.,sha256:ff47a29607a7b34fa902e56e3f74c3bc08b1e1551800793e9da2996501bbf0bd
schw_2025_q4,SCHW,The Charles Schwab Corporation,youtube,video,https://www.youtube.com/results?search_query=SCHW+2025+Q4+earnings+call,www.youtube.com,metadata_only,youtube_media_blocked,Keep YouTube as metadata/link reference only unless explicit written authorization exists.,sha256:e994b395e0c088552373654c10db4c7d7818c36982358d7751e13227bf9e100f
schw_2025_q4,SCHW,The Charles Schwab Corporation,vendor,transcript,licensed-vendor://blocked/SCHW/2025/Q4,licensed-vendor,license_required,vendor_license_missing,Register license_config_ref before any vendor raw content use.,sha256:f8df2baf9421cc375e4931f85ebb0a49d6136b9f76bc8f0db36d27f0afec2517
ice_2025_q4,ICE,"Intercontinental Exchange, Inc.",youtube,video,https://www.youtube.com/results?search_query=ICE+2025+Q4+earnings+call,www.youtube.com,metadata_only,youtube_media_blocked,Keep YouTube as metadata/link reference only unless explicit written authorization exists.,sha256:89b3be5823df804b195aa0f8f5b8db3f1818eae1688fc71f1c84e446f5eb84d1
ice_2025_q4,ICE,"Intercontinental Exchange, Inc.",vendor,transcript,licensed-vendor://blocked/ICE/2025/Q4,licensed-vendor,license_required,vendor_license_missing,Register license_config_ref before any vendor raw content use.,sha256:f7d1cccf2f188edb1ae26c4053960bb006a9fb3bde5a04954ae92c27c2f99383
spgi_2025_q4,SPGI,S&P Global Inc.,youtube,video,https://www.youtube.com/results?search_query=SPGI+2025+Q4+earnings+call,www.youtube.com,metadata_only,youtube_media_blocked,Keep YouTube as metadata/link reference only unless explicit written authorization exists.,sha256:051d5357705e0d93a6f2bfc12bc3ca8cf47810c8a364e71497894035011b72b2
spgi_2025_q4,SPGI,S&P Global Inc.,vendor,transcript,licensed-vendor://blocked/SPGI/2025/Q4,licensed-vendor,license_required,vendor_license_missing,Register license_config_ref before any vendor raw content use.,sha256:c6e32f6dfa5b65e43027892e3d994374b4225c439310bd25533626fb771d26c9
mco_2025_q4,MCO,Moody's Corporation,youtube,video,https://www.youtube.com/results?search_query=MCO+2025+Q4+earnings+call,www.youtube.com,metadata_only,youtube_media_blocked,Keep YouTube as metadata/link reference only unless explicit written authorization exists.,sha256:2caeeaf76661e9c61342d74195c2d62db1cada53de07aed94f94bca79b583d12
mco_2025_q4,MCO,Moody's Corporation,vendor,transcript,licensed-vendor://blocked/MCO/2025/Q4,licensed-vendor,license_required,vendor_license_missing,Register license_config_ref before any vendor raw content use.,sha256:cbf2d57fc90582b93d19eb5bab518b07ebc06f2592fe501f4f4fc643ac368928
aon_2025_q4,AON,Aon plc,youtube,video,https://www.youtube.com/results?search_query=AON+2025+Q4+earnings+call,www.youtube.com,metadata_only,youtube_media_blocked,Keep YouTube as metadata/link reference only unless explicit written authorization exists.,sha256:636ae8e6b4f59c3dbc4061aec838ed493f7ce18f2a6dfc4df00ab4a184bd4313
aon_2025_q4,AON,Aon plc,vendor,transcript,licensed-vendor://blocked/AON/2025/Q4,licensed-vendor,license_required,vendor_license_missing,Register license_config_ref before any vendor raw content use.,sha256:d933b794159cd5cf01dcfd04887af097fea020bf646dd56d6b6c6e0118958083
aig_2025_q4,AIG,"American International Group, Inc.",youtube,video,https://www.youtube.com/results?search_query=AIG+2025+Q4+earnings+call,www.youtube.com,metadata_only,youtube_media_blocked,Keep YouTube as metadata/link reference only unless explicit written authorization exists.,sha256:8b7b80a8a243ceea405e8218667b294e53f2b6eeacc9e6d77baaa52da38cf5e8
aig_2025_q4,AIG,"American International Group, Inc.",vendor,transcript,licensed-vendor://blocked/AIG/2025/Q4,licensed-vendor,license_required,vendor_license_missing,Register license_config_ref before any vendor raw content use.,sha256:be96d1575dbadc1ddd7d24798c36f09925fd52c5e713f93278cd114ba43dcc7b
met_2025_q4,MET,"MetLife, Inc.",youtube,video,https://www.youtube.com/results?search_query=MET+2025+Q4+earnings+call,www.youtube.com,metadata_only,youtube_media_blocked,Keep YouTube as metadata/link reference only unless explicit written authorization exists.,sha256:80089e969b98b0c02ea64897f118c508b1a8518424813a0fc0432527e4d55bac
met_2025_q4,MET,"MetLife, Inc.",vendor,transcript,licensed-vendor://blocked/MET/2025/Q4,licensed-vendor,license_required,vendor_license_missing,Register license_config_ref before any vendor raw content use.,sha256:dcf416886dd60e2fc91c4921e43f354bbe3622e02ceda0add0dacf012ecb5ad5
pru_2025_q4,PRU,"Prudential Financial, Inc.",youtube,video,https://www.youtube.com/results?search_query=PRU+2025+Q4+earnings+call,www.youtube.com,metadata_only,youtube_media_blocked,Keep YouTube as metadata/link reference only unless explicit written authorization exists.,sha256:c1ce8fec6b6fd57dba0e26248ed16dddd106a74416a0d440082516e1d79da3b5
pru_2025_q4,PRU,"Prudential Financial, Inc.",vendor,transcript,licensed-vendor://blocked/PRU/2025/Q4,licensed-vendor,license_required,vendor_license_missing,Register license_config_ref before any vendor raw content use.,sha256:a4779b770a2d52e6e968d502b2d27e19fb925d433c6705feac55c3bd756b5663
trv_2025_q4,TRV,"The Travelers Companies, Inc.",youtube,video,https://www.youtube.com/results?search_query=TRV+2025+Q4+earnings+call,www.youtube.com,metadata_only,youtube_media_blocked,Keep YouTube as metadata/link reference only unless explicit written authorization exists.,sha256:779d5d0741dccaf5fc24c84fc50ac7b7af0651a690693bc379a3f3a8eaebfc81
trv_2025_q4,TRV,"The Travelers Companies, Inc.",vendor,transcript,licensed-vendor://blocked/TRV/2025/Q4,licensed-vendor,license_required,vendor_license_missing,Register license_config_ref before any vendor raw content use.,sha256:4c687b4c647abbb8beeb022a6a482a97981ad1ea503138665a2748f749866885
cb_2025_q4,CB,Chubb Limited,youtube,video,https://www.youtube.com/results?search_query=CB+2025+Q4+earnings+call,www.youtube.com,metadata_only,youtube_media_blocked,Keep YouTube as metadata/link reference only unless explicit written authorization exists.,sha256:1496cdbf04064143623205f00e16e9b93a72a0c2155cd459beb945534af7239c
cb_2025_q4,CB,Chubb Limited,vendor,transcript,licensed-vendor://blocked/CB/2025/Q4,licensed-vendor,license_required,vendor_license_missing,Register license_config_ref before any vendor raw content use.,sha256:5fd1a6be15e04cbeb01e8ac1e75c7adad3ba5e129e1fc9a9c9588eed01271500
jnj_2025_q4,JNJ,Johnson & Johnson,youtube,video,https://www.youtube.com/results?search_query=JNJ+2025+Q4+earnings+call,www.youtube.com,metadata_only,youtube_media_blocked,Keep YouTube as metadata/link reference only unless explicit written authorization exists.,sha256:babd93c888fd243f3d789a77813d8dcdbb8e28001dabd77896fb102942b1e320
jnj_2025_q4,JNJ,Johnson & Johnson,vendor,transcript,licensed-vendor://blocked/JNJ/2025/Q4,licensed-vendor,license_required,vendor_license_missing,Register license_config_ref before any vendor raw content use.,sha256:15c6fab9b081fa5b591b9d26afb630813bc9c2ea1eca353bc170ceeaeea47c70
lly_2025_q4,LLY,Eli Lilly and Company,youtube,video,https://www.youtube.com/results?search_query=LLY+2025+Q4+earnings+call,www.youtube.com,metadata_only,youtube_media_blocked,Keep YouTube as metadata/link reference only unless explicit written authorization exists.,sha256:ca4d71bf77b11b0de2fe9a180fd256bebf791d53b7eb63677e5347bd6ab15f54
lly_2025_q4,LLY,Eli Lilly and Company,vendor,transcript,licensed-vendor://blocked/LLY/2025/Q4,licensed-vendor,license_required,vendor_license_missing,Register license_config_ref before any vendor raw content use.,sha256:365cc088634fe0dec7dc3951c9ed8ceb97f5437c45846b07bd64a23c709ee170
mrk_2025_q4,MRK,"Merck & Co., Inc.",youtube,video,https://www.youtube.com/results?search_query=MRK+2025+Q4+earnings+call,www.youtube.com,metadata_only,youtube_media_blocked,Keep YouTube as metadata/link reference only unless explicit written authorization exists.,sha256:252e0c596775ed8d3ed18cb1b598ed81ff0998818dbfbb5a4ec10c804e1393db
mrk_2025_q4,MRK,"Merck & Co., Inc.",vendor,transcript,licensed-vendor://blocked/MRK/2025/Q4,licensed-vendor,license_required,vendor_license_missing,Register license_config_ref before any vendor raw content use.,sha256:a2a74b280743c459e3f86895b4bad12ed2636de555a17b15a1c80ad8e48f2ee1
pfe_2025_q4,PFE,Pfizer Inc.,youtube,video,https://www.youtube.com/results?search_query=PFE+2025+Q4+earnings+call,www.youtube.com,metadata_only,youtube_media_blocked,Keep YouTube as metadata/link reference only unless explicit written authorization exists.,sha256:dd2814cc33836fb8a52ddc2efe5a0381c9a548f6e007bf545e21d14a036826e2
pfe_2025_q4,PFE,Pfizer Inc.,vendor,transcript,licensed-vendor://blocked/PFE/2025/Q4,licensed-vendor,license_required,vendor_license_missing,Register license_config_ref before any vendor raw content use.,sha256:b5e8226c8535902572ca2eaeaf31749a3ee6beb6969359394fc5d0812ab9b041
unh_2025_q4,UNH,UnitedHealth Group Incorporated,youtube,video,https://www.youtube.com/results?search_query=UNH+2025+Q4+earnings+call,www.youtube.com,metadata_only,youtube_media_blocked,Keep YouTube as metadata/link reference only unless explicit written authorization exists.,sha256:78a4788d9cc72d83e894a60174dfd1789ad04309e0ea18fd002c55a3996e73e4
unh_2025_q4,UNH,UnitedHealth Group Incorporated,vendor,transcript,licensed-vendor://blocked/UNH/2025/Q4,licensed-vendor,license_required,vendor_license_missing,Register license_config_ref before any vendor raw content use.,sha256:d7edb8f6b17e14e6fb4ddc8c440f7d57067fc76876554ae9c88e801ea7275861
cvs_2025_q4,CVS,CVS Health Corporation,youtube,video,https://www.youtube.com/results?search_query=CVS+2025+Q4+earnings+call,www.youtube.com,metadata_only,youtube_media_blocked,Keep YouTube as metadata/link reference only unless explicit written authorization exists.,sha256:7fbda1249231b6c4d97ff480d26ec3fe42a216ff316c8001f458f9f7ba6d6faa
cvs_2025_q4,CVS,CVS Health Corporation,vendor,transcript,licensed-vendor://blocked/CVS/2025/Q4,licensed-vendor,license_required,vendor_license_missing,Register license_config_ref before any vendor raw content use.,sha256:c7e36385fb1cd0bfc133a49d7ad8634317477d13f3957f5d3419ca1787bd5d78
abt_2025_q4,ABT,Abbott Laboratories,youtube,video,https://www.youtube.com/results?search_query=ABT+2025+Q4+earnings+call,www.youtube.com,metadata_only,youtube_media_blocked,Keep YouTube as metadata/link reference only unless explicit written authorization exists.,sha256:00e6b9f1394506ea7302d72d4de9b8249a2ec3c15ae15bcc41478dae67b5d74b
abt_2025_q4,ABT,Abbott Laboratories,vendor,transcript,licensed-vendor://blocked/ABT/2025/Q4,licensed-vendor,license_required,vendor_license_missing,Register license_config_ref before any vendor raw content use.,sha256:69de84a36218082126e92da3bdda9c1d07c006e8d772ea8a7a20fd577ec5f40f
bmy_2025_q4,BMY,Bristol Myers Squibb Company,youtube,video,https://www.youtube.com/results?search_query=BMY+2025+Q4+earnings+call,www.youtube.com,metadata_only,youtube_media_blocked,Keep YouTube as metadata/link reference only unless explicit written authorization exists.,sha256:ee3ba30a82d055b31e281894829e3b25f6818f742f5245423e1fc5157b3da7d5
bmy_2025_q4,BMY,Bristol Myers Squibb Company,vendor,transcript,licensed-vendor://blocked/BMY/2025/Q4,licensed-vendor,license_required,vendor_license_missing,Register license_config_ref before any vendor raw content use.,sha256:3b9c6f447456ab15dd9e0998a7c7c4d674ef75ef4365de201dbdea710453e219
mdt_2025_q4,MDT,Medtronic plc,youtube,video,https://www.youtube.com/results?search_query=MDT+2025+Q4+earnings+call,www.youtube.com,metadata_only,youtube_media_blocked,Keep YouTube as metadata/link reference only unless explicit written authorization exists.,sha256:c85929f000d00cd09e1ab626236ff77d6222b0e9f0a08e7dbeffce852f45e1a1
mdt_2025_q4,MDT,Medtronic plc,vendor,transcript,licensed-vendor://blocked/MDT/2025/Q4,licensed-vendor,license_required,vendor_license_missing,Register license_config_ref before any vendor raw content use.,sha256:2cef54592021bcf5bb4bc25b0e6caa1b6e01592cca8bc5d27bfb5640d63913bb
tmo_2025_q4,TMO,Thermo Fisher Scientific Inc.,youtube,video,https://www.youtube.com/results?search_query=TMO+2025+Q4+earnings+call,www.youtube.com,metadata_only,youtube_media_blocked,Keep YouTube as metadata/link reference only unless explicit written authorization exists.,sha256:d8f71e5a4bb8d1e679bd38c87e3069be13189e6fa7d9b11de458e237563c1b8a
tmo_2025_q4,TMO,Thermo Fisher Scientific Inc.,vendor,transcript,licensed-vendor://blocked/TMO/2025/Q4,licensed-vendor,license_required,vendor_license_missing,Register license_config_ref before any vendor raw content use.,sha256:2f098b6a87b49bdc73cd7cc6926f42b9c3edbc11767d6ac4d76521c105f4d412
dhr_2025_q4,DHR,Danaher Corporation,youtube,video,https://www.youtube.com/results?search_query=DHR+2025+Q4+earnings+call,www.youtube.com,metadata_only,youtube_media_blocked,Keep YouTube as metadata/link reference only unless explicit written authorization exists.,sha256:d9057b1159223630e1a15be9ad89edb8180f6d1d0682c035444c2ddd4792d978
dhr_2025_q4,DHR,Danaher Corporation,vendor,transcript,licensed-vendor://blocked/DHR/2025/Q4,licensed-vendor,license_required,vendor_license_missing,Register license_config_ref before any vendor raw content use.,sha256:bf4de8c5b61e5e25766f8fca8f0932fdfc926835eda0c2110621ed1a2166341f
bdx_2025_q4,BDX,"Becton, Dickinson and Company",youtube,video,https://www.youtube.com/results?search_query=BDX+2025+Q4+earnings+call,www.youtube.com,metadata_only,youtube_media_blocked,Keep YouTube as metadata/link reference only unless explicit written authorization exists.,sha256:fa3f6650f49518a0ac730257b6deefc237345ec9a98c249223a38efc1dcffe52
bdx_2025_q4,BDX,"Becton, Dickinson and Company",vendor,transcript,licensed-vendor://blocked/BDX/2025/Q4,licensed-vendor,license_required,vendor_license_missing,Register license_config_ref before any vendor raw content use.,sha256:1c581b0f50d955b5f18b3695e6bee5ffddc6cac160f62754c6115e94f08aa77b
ci_2025_q4,CI,The Cigna Group,youtube,video,https://www.youtube.com/results?search_query=CI+2025+Q4+earnings+call,www.youtube.com,metadata_only,youtube_media_blocked,Keep YouTube as metadata/link reference only unless explicit written authorization exists.,sha256:97800c552e49da989c4d595b62f207347edd47f3ed9bbfd780c3f75f06305290
ci_2025_q4,CI,The Cigna Group,vendor,transcript,licensed-vendor://blocked/CI/2025/Q4,licensed-vendor,license_required,vendor_license_missing,Register license_config_ref before any vendor raw content use.,sha256:938424b3bc7c584ca9bea9744729627460a935085ac3ea7d80a9d02befa7195d
hca_2025_q4,HCA,"HCA Healthcare, Inc.",youtube,video,https://www.youtube.com/results?search_query=HCA+2025+Q4+earnings+call,www.youtube.com,metadata_only,youtube_media_blocked,Keep YouTube as metadata/link reference only unless explicit written authorization exists.,sha256:ec414ccccdfac64feffee27cc2b4ccf3b2da035f8e843ef51dbf804263165efa
hca_2025_q4,HCA,"HCA Healthcare, Inc.",vendor,transcript,licensed-vendor://blocked/HCA/2025/Q4,licensed-vendor,license_required,vendor_license_missing,Register license_config_ref before any vendor raw content use.,sha256:b5248737e1338e76d28c46d724366090f9c9052311e836035cd54e23538e7fea
syk_2025_q4,SYK,Stryker Corporation,youtube,video,https://www.youtube.com/results?search_query=SYK+2025+Q4+earnings+call,www.youtube.com,metadata_only,youtube_media_blocked,Keep YouTube as metadata/link reference only unless explicit written authorization exists.,sha256:bb3e033549897cd5bb4f01d949ba09afa5980a393697ee1376b21886958091e9
syk_2025_q4,SYK,Stryker Corporation,vendor,transcript,licensed-vendor://blocked/SYK/2025/Q4,licensed-vendor,license_required,vendor_license_missing,Register license_config_ref before any vendor raw content use.,sha256:79bdd2e01440dbf4699c55c45f0b3d532865ce6aff8077902202f147cc13aba2
xom_2025_q4,XOM,Exxon Mobil Corporation,youtube,video,https://www.youtube.com/results?search_query=XOM+2025+Q4+earnings+call,www.youtube.com,metadata_only,youtube_media_blocked,Keep YouTube as metadata/link reference only unless explicit written authorization exists.,sha256:82bb2feb3e142aed0d5ed91e143e549f0330953ca1236b2c06c3f65032dd04e2
xom_2025_q4,XOM,Exxon Mobil Corporation,vendor,transcript,licensed-vendor://blocked/XOM/2025/Q4,licensed-vendor,license_required,vendor_license_missing,Register license_config_ref before any vendor raw content use.,sha256:bb5def7806c35beda3c5194a0543ab828ae4dad2e907c103791c0281329c1756
cvx_2025_q4,CVX,Chevron Corporation,youtube,video,https://www.youtube.com/results?search_query=CVX+2025+Q4+earnings+call,www.youtube.com,metadata_only,youtube_media_blocked,Keep YouTube as metadata/link reference only unless explicit written authorization exists.,sha256:f41e2fa7a618a67b59bd39adafb6e18a3d577470857b359eeb66c7eb10bd760c
cvx_2025_q4,CVX,Chevron Corporation,vendor,transcript,licensed-vendor://blocked/CVX/2025/Q4,licensed-vendor,license_required,vendor_license_missing,Register license_config_ref before any vendor raw content use.,sha256:8af4509c0b9c732bde40e8cf51be4f539690b5f1d411cff33a6226994ecaa47b
cop_2025_q4,COP,ConocoPhillips,youtube,video,https://www.youtube.com/results?search_query=COP+2025+Q4+earnings+call,www.youtube.com,metadata_only,youtube_media_blocked,Keep YouTube as metadata/link reference only unless explicit written authorization exists.,sha256:884adde32dc0209aa15ba0f302f2b45b5fdbd3267b7e3319f0f6fbfa62e75e42
cop_2025_q4,COP,ConocoPhillips,vendor,transcript,licensed-vendor://blocked/COP/2025/Q4,licensed-vendor,license_required,vendor_license_missing,Register license_config_ref before any vendor raw content use.,sha256:e2a5c439fc44ca1119c945f86bc1497046c752d640e3f7eb91a671c9ea311c32
slb_2025_q4,SLB,SLB,youtube,video,https://www.youtube.com/results?search_query=SLB+2025+Q4+earnings+call,www.youtube.com,metadata_only,youtube_media_blocked,Keep YouTube as metadata/link reference only unless explicit written authorization exists.,sha256:29877e48c9656a871523e1337a031ccd70eb4d04cba98fea0f10d02ce5068d70
slb_2025_q4,SLB,SLB,vendor,transcript,licensed-vendor://blocked/SLB/2025/Q4,licensed-vendor,license_required,vendor_license_missing,Register license_config_ref before any vendor raw content use.,sha256:eef739913a59c55c64506ee916996fc88536043fa3dc3f43ba165845fe4c4820
hal_2025_q4,HAL,Halliburton Company,youtube,video,https://www.youtube.com/results?search_query=HAL+2025+Q4+earnings+call,www.youtube.com,metadata_only,youtube_media_blocked,Keep YouTube as metadata/link reference only unless explicit written authorization exists.,sha256:8ae669c0b1e027b0bd055513ad4c0609303307419941aa24644b3eaaa3b4a28e
hal_2025_q4,HAL,Halliburton Company,vendor,transcript,licensed-vendor://blocked/HAL/2025/Q4,licensed-vendor,license_required,vendor_license_missing,Register license_config_ref before any vendor raw content use.,sha256:ed25221c92f906d6686c5cf7dd3ecbe903aa7e9c46e7963bef97fdce572c58fa
eog_2025_q4,EOG,"EOG Resources, Inc.",youtube,video,https://www.youtube.com/results?search_query=EOG+2025+Q4+earnings+call,www.youtube.com,metadata_only,youtube_media_blocked,Keep YouTube as metadata/link reference only unless explicit written authorization exists.,sha256:d81224f16888bb94adc46db3640460e2e2f68e9583a201b81bbb9396981af3fb
eog_2025_q4,EOG,"EOG Resources, Inc.",vendor,transcript,licensed-vendor://blocked/EOG/2025/Q4,licensed-vendor,license_required,vendor_license_missing,Register license_config_ref before any vendor raw content use.,sha256:e806603e78c19608150d427699b719067c33f77ab1be6bd8f812898615ba7b3e
oxy_2025_q4,OXY,Occidental Petroleum Corporation,youtube,video,https://www.youtube.com/results?search_query=OXY+2025+Q4+earnings+call,www.youtube.com,metadata_only,youtube_media_blocked,Keep YouTube as metadata/link reference only unless explicit written authorization exists.,sha256:e9ef6339b0e6ab95ed571d0cfeb291dcfbae291a67c3be2bd8a0dd426ac09e51
oxy_2025_q4,OXY,Occidental Petroleum Corporation,vendor,transcript,licensed-vendor://blocked/OXY/2025/Q4,licensed-vendor,license_required,vendor_license_missing,Register license_config_ref before any vendor raw content use.,sha256:ca3e88ddd83e0bbb1395e40ceb0596944544508c70f78fe2394b0267abddfab9
mpc_2025_q4,MPC,Marathon Petroleum Corporation,youtube,video,https://www.youtube.com/results?search_query=MPC+2025+Q4+earnings+call,www.youtube.com,metadata_only,youtube_media_blocked,Keep YouTube as metadata/link reference only unless explicit written authorization exists.,sha256:40cc22cb61eef66ad196a9f4bb44ba10a26e0fdcc30ebb17975f191f5ea41ae9
mpc_2025_q4,MPC,Marathon Petroleum Corporation,vendor,transcript,licensed-vendor://blocked/MPC/2025/Q4,licensed-vendor,license_required,vendor_license_missing,Register license_config_ref before any vendor raw content use.,sha256:192b24b69717534c897aef0e8d217849886c830d116b849a183dde434e66fd57
psx_2025_q4,PSX,Phillips 66,youtube,video,https://www.youtube.com/results?search_query=PSX+2025+Q4+earnings+call,www.youtube.com,metadata_only,youtube_media_blocked,Keep YouTube as metadata/link reference only unless explicit written authorization exists.,sha256:4e5b72c56eb9b5aa6ce1a2f06265f12a8088f97766aa941db84a015ec6e74f32
psx_2025_q4,PSX,Phillips 66,vendor,transcript,licensed-vendor://blocked/PSX/2025/Q4,licensed-vendor,license_required,vendor_license_missing,Register license_config_ref before any vendor raw content use.,sha256:db630533903ef0138828182082042e1290d6240e7c8f1337c79de4aa0e95d8ed
vlo_2025_q4,VLO,Valero Energy Corporation,youtube,video,https://www.youtube.com/results?search_query=VLO+2025+Q4+earnings+call,www.youtube.com,metadata_only,youtube_media_blocked,Keep YouTube as metadata/link reference only unless explicit written authorization exists.,sha256:8e94e5af9810392e840deac081f56fc9db00d7fec04d4e34b660483537484c2f
vlo_2025_q4,VLO,Valero Energy Corporation,vendor,transcript,licensed-vendor://blocked/VLO/2025/Q4,licensed-vendor,license_required,vendor_license_missing,Register license_config_ref before any vendor raw content use.,sha256:513b647455e6a774b10b83b09ab0742676ae537926457b7a01418610ad0ce0ad
ba_2025_q4,BA,The Boeing Company,youtube,video,https://www.youtube.com/results?search_query=BA+2025+Q4+earnings+call,www.youtube.com,metadata_only,youtube_media_blocked,Keep YouTube as metadata/link reference only unless explicit written authorization exists.,sha256:96646b2d9e9579bf11f8126a3b7b05fd240d5ff543c26ec2f3c71b514a5667c9
ba_2025_q4,BA,The Boeing Company,vendor,transcript,licensed-vendor://blocked/BA/2025/Q4,licensed-vendor,license_required,vendor_license_missing,Register license_config_ref before any vendor raw content use.,sha256:80b880c83c8d5e76fa0361d87aa19718d1d6fd9c2024a2cbbbc6fef7e70a5197
rtx_2025_q4,RTX,RTX Corporation,youtube,video,https://www.youtube.com/results?search_query=RTX+2025+Q4+earnings+call,www.youtube.com,metadata_only,youtube_media_blocked,Keep YouTube as metadata/link reference only unless explicit written authorization exists.,sha256:386e3e53c3018631830b219fb3816b58339e9c6ab130f7df2b3305ed620a2690
rtx_2025_q4,RTX,RTX Corporation,vendor,transcript,licensed-vendor://blocked/RTX/2025/Q4,licensed-vendor,license_required,vendor_license_missing,Register license_config_ref before any vendor raw content use.,sha256:374ed4eb44c9677006c691c06f7bac7437084d84e66e1ec016fff7bfcfad603a
lmt_2025_q4,LMT,Lockheed Martin Corporation,youtube,video,https://www.youtube.com/results?search_query=LMT+2025+Q4+earnings+call,www.youtube.com,metadata_only,youtube_media_blocked,Keep YouTube as metadata/link reference only unless explicit written authorization exists.,sha256:cc5b83452704388142d96d4a1e4708cfddf34998d4d83330e82d4b3d96bd1ac0
lmt_2025_q4,LMT,Lockheed Martin Corporation,vendor,transcript,licensed-vendor://blocked/LMT/2025/Q4,licensed-vendor,license_required,vendor_license_missing,Register license_config_ref before any vendor raw content use.,sha256:09a921e21a8ec2faf014e4bd9bcda300a223cc3e76f0602fd3778fe4a07f97fb
noc_2025_q4,NOC,Northrop Grumman Corporation,youtube,video,https://www.youtube.com/results?search_query=NOC+2025+Q4+earnings+call,www.youtube.com,metadata_only,youtube_media_blocked,Keep YouTube as metadata/link reference only unless explicit written authorization exists.,sha256:f488df83c6b02a9c2837f22db99f6f79bb1050884e9b34de68061cf2888f1f8c
noc_2025_q4,NOC,Northrop Grumman Corporation,vendor,transcript,licensed-vendor://blocked/NOC/2025/Q4,licensed-vendor,license_required,vendor_license_missing,Register license_config_ref before any vendor raw content use.,sha256:da765a7a6bf7f298a10b6fbbb5d3c4bfd231db565e9a97ef59111dcecad3cf0f
gd_2025_q4,GD,General Dynamics Corporation,youtube,video,https://www.youtube.com/results?search_query=GD+2025+Q4+earnings+call,www.youtube.com,metadata_only,youtube_media_blocked,Keep YouTube as metadata/link reference only unless explicit written authorization exists.,sha256:07614eee0847876770c8f8393b30d8403d8b29c1d0a344539b55ca466907cccb
gd_2025_q4,GD,General Dynamics Corporation,vendor,transcript,licensed-vendor://blocked/GD/2025/Q4,licensed-vendor,license_required,vendor_license_missing,Register license_config_ref before any vendor raw content use.,sha256:76ed50bf4610c7e08923bfef355e24161366df5001f3691a9a66798964b9c1ee
cat_2025_q4,CAT,Caterpillar Inc.,youtube,video,https://www.youtube.com/results?search_query=CAT+2025+Q4+earnings+call,www.youtube.com,metadata_only,youtube_media_blocked,Keep YouTube as metadata/link reference only unless explicit written authorization exists.,sha256:8a2d47aef19753965d8c62e6e5b1c4488c1e214e1722f9f36699a0e6d1a16820
cat_2025_q4,CAT,Caterpillar Inc.,vendor,transcript,licensed-vendor://blocked/CAT/2025/Q4,licensed-vendor,license_required,vendor_license_missing,Register license_config_ref before any vendor raw content use.,sha256:25c7d20b067d555cf8329a518d44d823f94e4a7a903256dd86e25c8caaafb72c
de_2025_q4,DE,Deere & Company,youtube,video,https://www.youtube.com/results?search_query=DE+2025+Q4+earnings+call,www.youtube.com,metadata_only,youtube_media_blocked,Keep YouTube as metadata/link reference only unless explicit written authorization exists.,sha256:7efa9764d4f2782c9ba82706b886aae246abefa6a3f80c9fd450dcd159f38082
de_2025_q4,DE,Deere & Company,vendor,transcript,licensed-vendor://blocked/DE/2025/Q4,licensed-vendor,license_required,vendor_license_missing,Register license_config_ref before any vendor raw content use.,sha256:96f08e964259880f6aa80addc514c5449169a91844c36d62047d421df8ef0f35
ge_2025_q4,GE,GE Aerospace,youtube,video,https://www.youtube.com/results?search_query=GE+2025+Q4+earnings+call,www.youtube.com,metadata_only,youtube_media_blocked,Keep YouTube as metadata/link reference only unless explicit written authorization exists.,sha256:344a18bd4e3b31019847dafa6195d678ba6bcba0bb2679143eae68db41da2b8e
ge_2025_q4,GE,GE Aerospace,vendor,transcript,licensed-vendor://blocked/GE/2025/Q4,licensed-vendor,license_required,vendor_license_missing,Register license_config_ref before any vendor raw content use.,sha256:4c36ec01bfa7b5b10bde29c496a6b8999a2aad4e384ca3bd08344e245dfa1142
etn_2025_q4,ETN,Eaton Corporation plc,youtube,video,https://www.youtube.com/results?search_query=ETN+2025+Q4+earnings+call,www.youtube.com,metadata_only,youtube_media_blocked,Keep YouTube as metadata/link reference only unless explicit written authorization exists.,sha256:4830a08853231a97d4ea86c8cfb3e5d474205f2dfcc75b9be82e4baadf2f7723
etn_2025_q4,ETN,Eaton Corporation plc,vendor,transcript,licensed-vendor://blocked/ETN/2025/Q4,licensed-vendor,license_required,vendor_license_missing,Register license_config_ref before any vendor raw content use.,sha256:2095d17f7973a6f45a2725fcd5c7231eee87dd2ec5d5a058b89e2238fce0e958
emr_2025_q4,EMR,Emerson Electric Co.,youtube,video,https://www.youtube.com/results?search_query=EMR+2025+Q4+earnings+call,www.youtube.com,metadata_only,youtube_media_blocked,Keep YouTube as metadata/link reference only unless explicit written authorization exists.,sha256:5c4ba7b2b47f72b6c80777d79815906f2306d95ab7f9fba3c5fbe566c8761af7
emr_2025_q4,EMR,Emerson Electric Co.,vendor,transcript,licensed-vendor://blocked/EMR/2025/Q4,licensed-vendor,license_required,vendor_license_missing,Register license_config_ref before any vendor raw content use.,sha256:adb68782e38aa8da00f1ba10f6f3c45c950a9496a8d9d0b17dbd55acb3639bc8
mmm_2025_q4,MMM,3M Company,youtube,video,https://www.youtube.com/results?search_query=MMM+2025+Q4+earnings+call,www.youtube.com,metadata_only,youtube_media_blocked,Keep YouTube as metadata/link reference only unless explicit written authorization exists.,sha256:77328c3a1135ed360e4ef62385e0045e3c9da9790e6176f331ddadd2f905f299
mmm_2025_q4,MMM,3M Company,vendor,transcript,licensed-vendor://blocked/MMM/2025/Q4,licensed-vendor,license_required,vendor_license_missing,Register license_config_ref before any vendor raw content use.,sha256:6726e14b707daeaa41df459220a2a59538bd61ca25a042d67ba938cca72f7783
itw_2025_q4,ITW,Illinois Tool Works Inc.,youtube,video,https://www.youtube.com/results?search_query=ITW+2025+Q4+earnings+call,www.youtube.com,metadata_only,youtube_media_blocked,Keep YouTube as metadata/link reference only unless explicit written authorization exists.,sha256:ca9c9712c15c8bd5fc74d9f68916184f1cd740e0f3b44e971289a1f5fd32c1a9
itw_2025_q4,ITW,Illinois Tool Works Inc.,vendor,transcript,licensed-vendor://blocked/ITW/2025/Q4,licensed-vendor,license_required,vendor_license_missing,Register license_config_ref before any vendor raw content use.,sha256:dbc0f572394985f58b06f01aa91230871c31ef0310db1f63221952aa9181de06
ph_2025_q4,PH,Parker-Hannifin Corporation,youtube,video,https://www.youtube.com/results?search_query=PH+2025+Q4+earnings+call,www.youtube.com,metadata_only,youtube_media_blocked,Keep YouTube as metadata/link reference only unless explicit written authorization exists.,sha256:a75b47c82b84968d67ac09d29fdadbee5010ae3929b8f57ae90ba6c5a85cd7df
ph_2025_q4,PH,Parker-Hannifin Corporation,vendor,transcript,licensed-vendor://blocked/PH/2025/Q4,licensed-vendor,license_required,vendor_license_missing,Register license_config_ref before any vendor raw content use.,sha256:9c6b21910e6aa41f881636d9bd529b8f2f3100d6b41de25d8107c1847af6d93b
carr_2025_q4,CARR,Carrier Global Corporation,youtube,video,https://www.youtube.com/results?search_query=CARR+2025+Q4+earnings+call,www.youtube.com,metadata_only,youtube_media_blocked,Keep YouTube as metadata/link reference only unless explicit written authorization exists.,sha256:6dffabba160919c4e10d899c3c1ad08fb5b9048b2f602223418cbba5c31fba8a
carr_2025_q4,CARR,Carrier Global Corporation,vendor,transcript,licensed-vendor://blocked/CARR/2025/Q4,licensed-vendor,license_required,vendor_license_missing,Register license_config_ref before any vendor raw content use.,sha256:3c4c7dd4f0760c4882f00ed13aa7345c5454894762f99d99ebcc397170a7834d
otis_2025_q4,OTIS,Otis Worldwide Corporation,youtube,video,https://www.youtube.com/results?search_query=OTIS+2025+Q4+earnings+call,www.youtube.com,metadata_only,youtube_media_blocked,Keep YouTube as metadata/link reference only unless explicit written authorization exists.,sha256:b27494de3476c55a75697d492e15ee1467d0d02f3ca9a3de352920ad10609c5d
otis_2025_q4,OTIS,Otis Worldwide Corporation,vendor,transcript,licensed-vendor://blocked/OTIS/2025/Q4,licensed-vendor,license_required,vendor_license_missing,Register license_config_ref before any vendor raw content use.,sha256:67b6ba91076adc1f29ffce53acde95be4ea04a74b1c34e8190606122c1fc875a
ups_2025_q4,UPS,"United Parcel Service, Inc.",youtube,video,https://www.youtube.com/results?search_query=UPS+2025+Q4+earnings+call,www.youtube.com,metadata_only,youtube_media_blocked,Keep YouTube as metadata/link reference only unless explicit written authorization exists.,sha256:c472f981ba0138736179000fd1662a20cde17fa47ce7190eb59e3d30f34131dc
ups_2025_q4,UPS,"United Parcel Service, Inc.",vendor,transcript,licensed-vendor://blocked/UPS/2025/Q4,licensed-vendor,license_required,vendor_license_missing,Register license_config_ref before any vendor raw content use.,sha256:d40830d1c1f05237213fc6e581a703b774169734775709128a31dca1039d69aa
fdx_2025_q4,FDX,FedEx Corporation,youtube,video,https://www.youtube.com/results?search_query=FDX+2025+Q4+earnings+call,www.youtube.com,metadata_only,youtube_media_blocked,Keep YouTube as metadata/link reference only unless explicit written authorization exists.,sha256:d946785c3900793f9c8f1a862443dc303487cf43885b22fe5f2729c9f78ce2db
fdx_2025_q4,FDX,FedEx Corporation,vendor,transcript,licensed-vendor://blocked/FDX/2025/Q4,licensed-vendor,license_required,vendor_license_missing,Register license_config_ref before any vendor raw content use.,sha256:f43330f4b4a77b2d07f136145415f21a3129c8faef7d2f9193fbef67749e51cb
dal_2025_q4,DAL,"Delta Air Lines, Inc.",youtube,video,https://www.youtube.com/results?search_query=DAL+2025+Q4+earnings+call,www.youtube.com,metadata_only,youtube_media_blocked,Keep YouTube as metadata/link reference only unless explicit written authorization exists.,sha256:af74520151f21b4033fd1711cb3c6914ff764c067057cbcc83aeab5f3b4342d1
dal_2025_q4,DAL,"Delta Air Lines, Inc.",vendor,transcript,licensed-vendor://blocked/DAL/2025/Q4,licensed-vendor,license_required,vendor_license_missing,Register license_config_ref before any vendor raw content use.,sha256:b4d4c02738d7baf6ec9b41eafb125eea17524edaba97c264026fd4440da3c03d
unp_2025_q4,UNP,Union Pacific Corporation,youtube,video,https://www.youtube.com/results?search_query=UNP+2025+Q4+earnings+call,www.youtube.com,metadata_only,youtube_media_blocked,Keep YouTube as metadata/link reference only unless explicit written authorization exists.,sha256:7876cdee1a50c80a3b8a26ac886430f6c833a12dd667b38e31631f9f13a563cf
unp_2025_q4,UNP,Union Pacific Corporation,vendor,transcript,licensed-vendor://blocked/UNP/2025/Q4,licensed-vendor,license_required,vendor_license_missing,Register license_config_ref before any vendor raw content use.,sha256:ca6595e03fb79c3ed0d927c31fd81c3f3d94ae25a64586d93f8ff12998cb4b73
nsc_2025_q4,NSC,Norfolk Southern Corporation,youtube,video,https://www.youtube.com/results?search_query=NSC+2025+Q4+earnings+call,www.youtube.com,metadata_only,youtube_media_blocked,Keep YouTube as metadata/link reference only unless explicit written authorization exists.,sha256:c4d2ec215106417ce4a180eefa989237f74ffc7960759a4571ace70b5cd58beb
nsc_2025_q4,NSC,Norfolk Southern Corporation,vendor,transcript,licensed-vendor://blocked/NSC/2025/Q4,licensed-vendor,license_required,vendor_license_missing,Register license_config_ref before any vendor raw content use.,sha256:f808ebcf710b55f4b718dc77bfd550df47138b61494ad576083b2419c9fb5f5f
hd_2025_q4,HD,"The Home Depot, Inc.",youtube,video,https://www.youtube.com/results?search_query=HD+2025+Q4+earnings+call,www.youtube.com,metadata_only,youtube_media_blocked,Keep YouTube as metadata/link reference only unless explicit written authorization exists.,sha256:896832e1ca28bd292b6ed15a69be0be5feaf37f68e16024979fd8043c2b4613c
hd_2025_q4,HD,"The Home Depot, Inc.",vendor,transcript,licensed-vendor://blocked/HD/2025/Q4,licensed-vendor,license_required,vendor_license_missing,Register license_config_ref before any vendor raw content use.,sha256:859d1e0d7d60b387861977dd4064f7922a1015a61048ce42b795d90016fc34f7
low_2025_q4,LOW,"Lowe's Companies, Inc.",youtube,video,https://www.youtube.com/results?search_query=LOW+2025+Q4+earnings+call,www.youtube.com,metadata_only,youtube_media_blocked,Keep YouTube as metadata/link reference only unless explicit written authorization exists.,sha256:9cd068b8dab4f54fda0b18ee936b649b66b9ba3434351a81f2fac270b49c290c
low_2025_q4,LOW,"Lowe's Companies, Inc.",vendor,transcript,licensed-vendor://blocked/LOW/2025/Q4,licensed-vendor,license_required,vendor_license_missing,Register license_config_ref before any vendor raw content use.,sha256:9a31a1a217f4b8fbcc779f1df56d071d249b4362e6b91c42ed81a057e7aaf300
tgt_2025_q4,TGT,Target Corporation,youtube,video,https://www.youtube.com/results?search_query=TGT+2025+Q4+earnings+call,www.youtube.com,metadata_only,youtube_media_blocked,Keep YouTube as metadata/link reference only unless explicit written authorization exists.,sha256:b50ccb5f022033f5492a1b833ffa4ff468e1fd027adf453a760267a2252fa0a7
tgt_2025_q4,TGT,Target Corporation,vendor,transcript,licensed-vendor://blocked/TGT/2025/Q4,licensed-vendor,license_required,vendor_license_missing,Register license_config_ref before any vendor raw content use.,sha256:cc3a8a930a740717ebcddc136d2f642212e28e4416a692aaf2703f6bebf4fe02
kr_2025_q4,KR,The Kroger Co.,youtube,video,https://www.youtube.com/results?search_query=KR+2025+Q4+earnings+call,www.youtube.com,metadata_only,youtube_media_blocked,Keep YouTube as metadata/link reference only unless explicit written authorization exists.,sha256:0ad6b56bbd0bee5a7f053535b7b66b8e15be87b3b0397336f7b44d6c3d02a710
kr_2025_q4,KR,The Kroger Co.,vendor,transcript,licensed-vendor://blocked/KR/2025/Q4,licensed-vendor,license_required,vendor_license_missing,Register license_config_ref before any vendor raw content use.,sha256:3ce15417ea3c5afadc28acb154c11e0675388b0fdabd0434af8b867a8a83149f
dg_2025_q4,DG,Dollar General Corporation,youtube,video,https://www.youtube.com/results?search_query=DG+2025+Q4+earnings+call,www.youtube.com,metadata_only,youtube_media_blocked,Keep YouTube as metadata/link reference only unless explicit written authorization exists.,sha256:647baebceac9139e00a6efe96b82d14f95afdd7b41b409ad3845f8ed3e49e1f4
dg_2025_q4,DG,Dollar General Corporation,vendor,transcript,licensed-vendor://blocked/DG/2025/Q4,licensed-vendor,license_required,vendor_license_missing,Register license_config_ref before any vendor raw content use.,sha256:937101fe71b63a518ff5731dcd14a246d8bae3f1eeef90ddd1180c23e93101b7
mcd_2025_q4,MCD,McDonald's Corporation,youtube,video,https://www.youtube.com/results?search_query=MCD+2025+Q4+earnings+call,www.youtube.com,metadata_only,youtube_media_blocked,Keep YouTube as metadata/link reference only unless explicit written authorization exists.,sha256:beeec769789b73a364756ed58afe706bd035c589881073cd55185836512e3906
mcd_2025_q4,MCD,McDonald's Corporation,vendor,transcript,licensed-vendor://blocked/MCD/2025/Q4,licensed-vendor,license_required,vendor_license_missing,Register license_config_ref before any vendor raw content use.,sha256:9fb99891bff868942b5c7ec800a2c74b75b94978cfb1df3f23aa8772fd710059
yum_2025_q4,YUM,"Yum! Brands, Inc.",youtube,video,https://www.youtube.com/results?search_query=YUM+2025+Q4+earnings+call,www.youtube.com,metadata_only,youtube_media_blocked,Keep YouTube as metadata/link reference only unless explicit written authorization exists.,sha256:b91916112b7a483683e02f8a3581c001deaecab8dd4ec32a76aa8d32b377fe94
yum_2025_q4,YUM,"Yum! Brands, Inc.",vendor,transcript,licensed-vendor://blocked/YUM/2025/Q4,licensed-vendor,license_required,vendor_license_missing,Register license_config_ref before any vendor raw content use.,sha256:8a633148c6c92b799d4788107aeae1993b5f5af561ead3c85616f6023e08e862
nke_2025_q4,NKE,"NIKE, Inc.",youtube,video,https://www.youtube.com/results?search_query=NKE+2025+Q4+earnings+call,www.youtube.com,metadata_only,youtube_media_blocked,Keep YouTube as metadata/link reference only unless explicit written authorization exists.,sha256:98aeed0d6b3e82176906f42c6f98ea68a2e030a10ce4c419fcf32313a013fee8
nke_2025_q4,NKE,"NIKE, Inc.",vendor,transcript,licensed-vendor://blocked/NKE/2025/Q4,licensed-vendor,license_required,vendor_license_missing,Register license_config_ref before any vendor raw content use.,sha256:05470b7043bb68b9d52a62ed906f63839bc0283b9acbdadd91c04901140ef59d
dis_2025_q4,DIS,The Walt Disney Company,youtube,video,https://www.youtube.com/results?search_query=DIS+2025+Q4+earnings+call,www.youtube.com,metadata_only,youtube_media_blocked,Keep YouTube as metadata/link reference only unless explicit written authorization exists.,sha256:fda9af011da6f971db6f1b9b8c5cd666d50d4d6fa165d6308714e9f693849e65
dis_2025_q4,DIS,The Walt Disney Company,vendor,transcript,licensed-vendor://blocked/DIS/2025/Q4,licensed-vendor,license_required,vendor_license_missing,Register license_config_ref before any vendor raw content use.,sha256:2bc53226faa69ab3d07190f908aae3fab6f086791c233ad1695c5325e0807fa1
ko_2025_q4,KO,The Coca-Cola Company,youtube,video,https://www.youtube.com/results?search_query=KO+2025+Q4+earnings+call,www.youtube.com,metadata_only,youtube_media_blocked,Keep YouTube as metadata/link reference only unless explicit written authorization exists.,sha256:9e827f750db4acd2edd19cd7e92657a386fc7fa805a2abfe0b5bcebca52d5be4
ko_2025_q4,KO,The Coca-Cola Company,vendor,transcript,licensed-vendor://blocked/KO/2025/Q4,licensed-vendor,license_required,vendor_license_missing,Register license_config_ref before any vendor raw content use.,sha256:6651dfd80f87c7dfa98f437a2b3ede50db89914c235a4583ee595197ad15c828
pg_2025_q4,PG,The Procter & Gamble Company,youtube,video,https://www.youtube.com/results?search_query=PG+2025+Q4+earnings+call,www.youtube.com,metadata_only,youtube_media_blocked,Keep YouTube as metadata/link reference only unless explicit written authorization exists.,sha256:eba77d80824be747caea3025c394fdcf2675da4f9e3a423499eabea671633367
pg_2025_q4,PG,The Procter & Gamble Company,vendor,transcript,licensed-vendor://blocked/PG/2025/Q4,licensed-vendor,license_required,vendor_license_missing,Register license_config_ref before any vendor raw content use.,sha256:2fb7ec33085e06c27f57c28300f837a6350debf78dffdab7f4065c97e892156c
cl_2025_q4,CL,Colgate-Palmolive Company,youtube,video,https://www.youtube.com/results?search_query=CL+2025+Q4+earnings+call,www.youtube.com,metadata_only,youtube_media_blocked,Keep YouTube as metadata/link reference only unless explicit written authorization exists.,sha256:a5faf605295c70da317e91ac4c41c79d5336e46ff749dacbbee01c65a40d62a5
cl_2025_q4,CL,Colgate-Palmolive Company,vendor,transcript,licensed-vendor://blocked/CL/2025/Q4,licensed-vendor,license_required,vendor_license_missing,Register license_config_ref before any vendor raw content use.,sha256:9d7230b956cecc33ba70f5814bef1e9782daca3c28bf14e97d5067ac4969a555
el_2025_q4,EL,The Estee Lauder Companies Inc.,youtube,video,https://www.youtube.com/results?search_query=EL+2025+Q4+earnings+call,www.youtube.com,metadata_only,youtube_media_blocked,Keep YouTube as metadata/link reference only unless explicit written authorization exists.,sha256:30fea06b6d28d2cf5e3ce0449ae17504e746ca70b72f0ebc4380de392aeec436
el_2025_q4,EL,The Estee Lauder Companies Inc.,vendor,transcript,licensed-vendor://blocked/EL/2025/Q4,licensed-vendor,license_required,vendor_license_missing,Register license_config_ref before any vendor raw content use.,sha256:9d16cc319faa0be122876d3b3cdb89da86fd9e7e07aadcf048cefb7ea54535c0
gis_2025_q4,GIS,"General Mills, Inc.",youtube,video,https://www.youtube.com/results?search_query=GIS+2025+Q4+earnings+call,www.youtube.com,metadata_only,youtube_media_blocked,Keep YouTube as metadata/link reference only unless explicit written authorization exists.,sha256:56e600223fb6a895e44df7d6fab9ca3778ff60b50ebfb7a829e0345d08226ee6
gis_2025_q4,GIS,"General Mills, Inc.",vendor,transcript,licensed-vendor://blocked/GIS/2025/Q4,licensed-vendor,license_required,vendor_license_missing,Register license_config_ref before any vendor raw content use.,sha256:30014e8383c1997b76c45450aed5b09f980473b43b4094796ba14f3d267211ae
hsy_2025_q4,HSY,The Hershey Company,youtube,video,https://www.youtube.com/results?search_query=HSY+2025+Q4+earnings+call,www.youtube.com,metadata_only,youtube_media_blocked,Keep YouTube as metadata/link reference only unless explicit written authorization exists.,sha256:7a843123d3a8ae4eb37386a10c70a2c3dc94765d1a535dece362a149236cb104
hsy_2025_q4,HSY,The Hershey Company,vendor,transcript,licensed-vendor://blocked/HSY/2025/Q4,licensed-vendor,license_required,vendor_license_missing,Register license_config_ref before any vendor raw content use.,sha256:d129284ca61a091209eba50e75e280a6a8fc3487b20309c9a22f2fa8ac706bf9
t_2025_q4,T,AT&T Inc.,youtube,video,https://www.youtube.com/results?search_query=T+2025+Q4+earnings+call,www.youtube.com,metadata_only,youtube_media_blocked,Keep YouTube as metadata/link reference only unless explicit written authorization exists.,sha256:594d12d44bd923775b1f1b36ca6e69fb79932ede8716c080248fe48605928992
t_2025_q4,T,AT&T Inc.,vendor,transcript,licensed-vendor://blocked/T/2025/Q4,licensed-vendor,license_required,vendor_license_missing,Register license_config_ref before any vendor raw content use.,sha256:d80752aabb831bc7104099b36fbbb03a15989345d4d91a70a18a07dfcb772c88
vz_2025_q4,VZ,Verizon Communications Inc.,youtube,video,https://www.youtube.com/results?search_query=VZ+2025+Q4+earnings+call,www.youtube.com,metadata_only,youtube_media_blocked,Keep YouTube as metadata/link reference only unless explicit written authorization exists.,sha256:2c403741de20b65aed02ebd2292839d68beea90d0d044c41da27acc45ac2dbaa
vz_2025_q4,VZ,Verizon Communications Inc.,vendor,transcript,licensed-vendor://blocked/VZ/2025/Q4,licensed-vendor,license_required,vendor_license_missing,Register license_config_ref before any vendor raw content use.,sha256:db8dc961ec819bca1561df6a7db1793fcd0c2782c7f48e49bb1d8360d8a71e7a
ibm_2025_q4,IBM,International Business Machines Corporation,youtube,video,https://www.youtube.com/results?search_query=IBM+2025+Q4+earnings+call,www.youtube.com,metadata_only,youtube_media_blocked,Keep YouTube as metadata/link reference only unless explicit written authorization exists.,sha256:aa7b6142945b471be5e538b3c152f9060ef5fb354dc5c6a90d452d92d4a74321
ibm_2025_q4,IBM,International Business Machines Corporation,vendor,transcript,licensed-vendor://blocked/IBM/2025/Q4,licensed-vendor,license_required,vendor_license_missing,Register license_config_ref before any vendor raw content use.,sha256:102595da7be44e630280f2a68f4447fc3f221d917e36f447a3c4101d320918bf
orcl_2025_q4,ORCL,Oracle Corporation,youtube,video,https://www.youtube.com/results?search_query=ORCL+2025+Q4+earnings+call,www.youtube.com,metadata_only,youtube_media_blocked,Keep YouTube as metadata/link reference only unless explicit written authorization exists.,sha256:ae07a9e5950596237945c503ffbfec227c6625936872a7148511dcf237296553
orcl_2025_q4,ORCL,Oracle Corporation,vendor,transcript,licensed-vendor://blocked/ORCL/2025/Q4,licensed-vendor,license_required,vendor_license_missing,Register license_config_ref before any vendor raw content use.,sha256:d999d61247133204cde4a0bf4b9a533231dd56d46807b2344e82b77882f88175
crm_2025_q4,CRM,"Salesforce, Inc.",youtube,video,https://www.youtube.com/results?search_query=CRM+2025+Q4+earnings+call,www.youtube.com,metadata_only,youtube_media_blocked,Keep YouTube as metadata/link reference only unless explicit written authorization exists.,sha256:52ec9cabc6781aaefa0e296446f5cb19d67bfa34e7f9a682ec416fd0087f0ad6
crm_2025_q4,CRM,"Salesforce, Inc.",vendor,transcript,licensed-vendor://blocked/CRM/2025/Q4,licensed-vendor,license_required,vendor_license_missing,Register license_config_ref before any vendor raw content use.,sha256:fc5d1c842516da002705203033881d3dd6ae298845aca83afada69c29cb1f996
now_2025_q4,NOW,"ServiceNow, Inc.",youtube,video,https://www.youtube.com/results?search_query=NOW+2025+Q4+earnings+call,www.youtube.com,metadata_only,youtube_media_blocked,Keep YouTube as metadata/link reference only unless explicit written authorization exists.,sha256:b404434b6bcd951bbc95cd8b1c8ecbbfca7bade18d468cecffa17024b719e3d6
now_2025_q4,NOW,"ServiceNow, Inc.",vendor,transcript,licensed-vendor://blocked/NOW/2025/Q4,licensed-vendor,license_required,vendor_license_missing,Register license_config_ref before any vendor raw content use.,sha256:b7402fd2842197058c09b2077d9c50acbbd6df63b32e77be768f1fccb9111313
acn_2025_q4,ACN,Accenture plc,youtube,video,https://www.youtube.com/results?search_query=ACN+2025+Q4+earnings+call,www.youtube.com,metadata_only,youtube_media_blocked,Keep YouTube as metadata/link reference only unless explicit written authorization exists.,sha256:449bcdc2d873d1e6b1149ea5c99b7044b92517106bca12efd929d17428b2d161
acn_2025_q4,ACN,Accenture plc,vendor,transcript,licensed-vendor://blocked/ACN/2025/Q4,licensed-vendor,license_required,vendor_license_missing,Register license_config_ref before any vendor raw content use.,sha256:1617be069b7290c8d36c2f265ab491994525ad4eb6fa9e4e354658f00e550b35
dell_2025_q4,DELL,Dell Technologies Inc.,youtube,video,https://www.youtube.com/results?search_query=DELL+2025+Q4+earnings+call,www.youtube.com,metadata_only,youtube_media_blocked,Keep YouTube as metadata/link reference only unless explicit written authorization exists.,sha256:1de4e03bd42fe9325c91db6df8404613c14d1551e0e0d5d0a3ef1405b50c0495
dell_2025_q4,DELL,Dell Technologies Inc.,vendor,transcript,licensed-vendor://blocked/DELL/2025/Q4,licensed-vendor,license_required,vendor_license_missing,Register license_config_ref before any vendor raw content use.,sha256:a07b4e4cc68791c0512bda5c5266abf736cea2070b2673f70670850cfd422d94
hpq_2025_q4,HPQ,HP Inc.,youtube,video,https://www.youtube.com/results?search_query=HPQ+2025+Q4+earnings+call,www.youtube.com,metadata_only,youtube_media_blocked,Keep YouTube as metadata/link reference only unless explicit written authorization exists.,sha256:cfdede749f003ee473e2f6b178a80bbd83f4d4b9ba775abd30446306a2cd9c87
hpq_2025_q4,HPQ,HP Inc.,vendor,transcript,licensed-vendor://blocked/HPQ/2025/Q4,licensed-vendor,license_required,vendor_license_missing,Register license_config_ref before any vendor raw content use.,sha256:b310bfbcf180eddf660e1a137d1106139c28968b824854001c8272413f903a2d
net_2025_q4,NET,"Cloudflare, Inc.",youtube,video,https://www.youtube.com/results?search_query=NET+2025+Q4+earnings+call,www.youtube.com,metadata_only,youtube_media_blocked,Keep YouTube as metadata/link reference only unless explicit written authorization exists.,sha256:51710fc5a47fe44cc2cf7dd45ff8e24cca95966ad92395ff0040681f70ff387e
net_2025_q4,NET,"Cloudflare, Inc.",vendor,transcript,licensed-vendor://blocked/NET/2025/Q4,licensed-vendor,license_required,vendor_license_missing,Register license_config_ref before any vendor raw content use.,sha256:5f16d7cd7e4635fad7b93943b03476c18835d667f224c57821e5e1dc2f406451
snow_2025_q4,SNOW,Snowflake Inc.,youtube,video,https://www.youtube.com/results?search_query=SNOW+2025+Q4+earnings+call,www.youtube.com,metadata_only,youtube_media_blocked,Keep YouTube as metadata/link reference only unless explicit written authorization exists.,sha256:5537d5c51890affe9b78191008916979d433ed401478480498dc76d3e50fcde2
snow_2025_q4,SNOW,Snowflake Inc.,vendor,transcript,licensed-vendor://blocked/SNOW/2025/Q4,licensed-vendor,license_required,vendor_license_missing,Register license_config_ref before any vendor raw content use.,sha256:fa5934f5a793f093e9ca5e390ca72724a69022a78b30c9dfb334044ab1c2d06e
jpm_2024_q4,JPM,JPMorgan Chase & Co.,youtube,video,https://www.youtube.com/results?search_query=JPM+2024+Q4+earnings+call,www.youtube.com,metadata_only,youtube_media_blocked,Keep YouTube as metadata/link reference only unless explicit written authorization exists.,sha256:4e773e8febce643e723b544ddec211006b9553372120853e41ad80585ceb736d
jpm_2024_q4,JPM,JPMorgan Chase & Co.,vendor,transcript,licensed-vendor://blocked/JPM/2024/Q4,licensed-vendor,license_required,vendor_license_missing,Register license_config_ref before any vendor raw content use.,sha256:53507e5eccba939e614a7135787b93f82780d7eef692027b63a59f6d5dc0572a
bac_2024_q4,BAC,Bank of America Corporation,youtube,video,https://www.youtube.com/results?search_query=BAC+2024+Q4+earnings+call,www.youtube.com,metadata_only,youtube_media_blocked,Keep YouTube as metadata/link reference only unless explicit written authorization exists.,sha256:c286b03d2857953df657564c42bdadb9050a6b0f22a5b37d4e3d2effeba385fa
bac_2024_q4,BAC,Bank of America Corporation,vendor,transcript,licensed-vendor://blocked/BAC/2024/Q4,licensed-vendor,license_required,vendor_license_missing,Register license_config_ref before any vendor raw content use.,sha256:6c2f65fefcaaa0e7bfd287abcf3a8cde68c80cd6d8d954655e8aae4605c68518
c_2024_q4,C,Citigroup Inc.,youtube,video,https://www.youtube.com/results?search_query=C+2024+Q4+earnings+call,www.youtube.com,metadata_only,youtube_media_blocked,Keep YouTube as metadata/link reference only unless explicit written authorization exists.,sha256:3804916c3cc84935d69a957c4450477809f44bb506c51afcc29e99afbcd7678d
c_2024_q4,C,Citigroup Inc.,vendor,transcript,licensed-vendor://blocked/C/2024/Q4,licensed-vendor,license_required,vendor_license_missing,Register license_config_ref before any vendor raw content use.,sha256:eae7dc64bf93ca6cdf303b59d710d817e0e54306055a53032acc5c5c3422d16f
wfc_2024_q4,WFC,Wells Fargo & Company,youtube,video,https://www.youtube.com/results?search_query=WFC+2024+Q4+earnings+call,www.youtube.com,metadata_only,youtube_media_blocked,Keep YouTube as metadata/link reference only unless explicit written authorization exists.,sha256:d4792578e522a5691aa2490c03e5f883882d64ee18f3584c820791e9ce6934c7
wfc_2024_q4,WFC,Wells Fargo & Company,vendor,transcript,licensed-vendor://blocked/WFC/2024/Q4,licensed-vendor,license_required,vendor_license_missing,Register license_config_ref before any vendor raw content use.,sha256:7a7f2180c633a92c56b3325369e19bc0fe5611eb6cc5ffaa75f858bcd6a25c1d
gs_2024_q4,GS,"The Goldman Sachs Group, Inc.",youtube,video,https://www.youtube.com/results?search_query=GS+2024+Q4+earnings+call,www.youtube.com,metadata_only,youtube_media_blocked,Keep YouTube as metadata/link reference only unless explicit written authorization exists.,sha256:5584d677ae11962aca29b002c75332c7fe594f203960e8e1bd1df2ea1d2c534c
gs_2024_q4,GS,"The Goldman Sachs Group, Inc.",vendor,transcript,licensed-vendor://blocked/GS/2024/Q4,licensed-vendor,license_required,vendor_license_missing,Register license_config_ref before any vendor raw content use.,sha256:0494cacc8f9f6cc55c5fc0885c287bc0ee89b74e2852c7c2480f31fe76201a79
ms_2024_q4,MS,Morgan Stanley,youtube,video,https://www.youtube.com/results?search_query=MS+2024+Q4+earnings+call,www.youtube.com,metadata_only,youtube_media_blocked,Keep YouTube as metadata/link reference only unless explicit written authorization exists.,sha256:f07cab89cc48e171ccebe13f8121e699917776f3cf96e0fd3cef5149cd441a65
ms_2024_q4,MS,Morgan Stanley,vendor,transcript,licensed-vendor://blocked/MS/2024/Q4,licensed-vendor,license_required,vendor_license_missing,Register license_config_ref before any vendor raw content use.,sha256:d35dd833f4776d2171b5a45548806ac1951796958989e2f45f5a0a7c0cf2e897
bk_2024_q4,BK,The Bank of New York Mellon Corporation,youtube,video,https://www.youtube.com/results?search_query=BK+2024+Q4+earnings+call,www.youtube.com,metadata_only,youtube_media_blocked,Keep YouTube as metadata/link reference only unless explicit written authorization exists.,sha256:6d29f334f0f5b50d6df41ca217250bbc0a55dd99cb31924865c427f0a33e9326
bk_2024_q4,BK,The Bank of New York Mellon Corporation,vendor,transcript,licensed-vendor://blocked/BK/2024/Q4,licensed-vendor,license_required,vendor_license_missing,Register license_config_ref before any vendor raw content use.,sha256:b237493b606f2279126d4a9c694ea2c785e1826ead4ee67e15df86ef46e81712
stt_2024_q4,STT,State Street Corporation,youtube,video,https://www.youtube.com/results?search_query=STT+2024+Q4+earnings+call,www.youtube.com,metadata_only,youtube_media_blocked,Keep YouTube as metadata/link reference only unless explicit written authorization exists.,sha256:24db4e0a55fff8d8625948bbc4b7618f4700fb78bdf214c508a1defd203d3b11
stt_2024_q4,STT,State Street Corporation,vendor,transcript,licensed-vendor://blocked/STT/2024/Q4,licensed-vendor,license_required,vendor_license_missing,Register license_config_ref before any vendor raw content use.,sha256:6c0057eeba45afa4bf579f6545b31dac44cbe50d36847b2b11c2b0f2d53c923e
usb_2024_q4,USB,U.S. Bancorp,youtube,video,https://www.youtube.com/results?search_query=USB+2024+Q4+earnings+call,www.youtube.com,metadata_only,youtube_media_blocked,Keep YouTube as metadata/link reference only unless explicit written authorization exists.,sha256:6e3f70512f8bff979a6687a9cf6c32fce302bcea51672f2b1e6df92fe087a8f2
usb_2024_q4,USB,U.S. Bancorp,vendor,transcript,licensed-vendor://blocked/USB/2024/Q4,licensed-vendor,license_required,vendor_license_missing,Register license_config_ref before any vendor raw content use.,sha256:21e5b159b02d6d3e0833d317e6c5bc1c993c779c4eb7172cff6efc4eab6e6c44
pnc_2024_q4,PNC,"The PNC Financial Services Group, Inc.",youtube,video,https://www.youtube.com/results?search_query=PNC+2024+Q4+earnings+call,www.youtube.com,metadata_only,youtube_media_blocked,Keep YouTube as metadata/link reference only unless explicit written authorization exists.,sha256:9f16b16706492494865b5b23fb5d072ed95a7080a54fb7cb7444c732b92d40d2
pnc_2024_q4,PNC,"The PNC Financial Services Group, Inc.",vendor,transcript,licensed-vendor://blocked/PNC/2024/Q4,licensed-vendor,license_required,vendor_license_missing,Register license_config_ref before any vendor raw content use.,sha256:c070cd5d5863a52f902ce80cc97137926ec0f7a91ee9bb6d58506501425961ec
tfc_2024_q4,TFC,Truist Financial Corporation,youtube,video,https://www.youtube.com/results?search_query=TFC+2024+Q4+earnings+call,www.youtube.com,metadata_only,youtube_media_blocked,Keep YouTube as metadata/link reference only unless explicit written authorization exists.,sha256:7d728d6b8bea2655c61beaa38910f11dc2bb23b0267847479c7f8537ad93db2e
tfc_2024_q4,TFC,Truist Financial Corporation,vendor,transcript,licensed-vendor://blocked/TFC/2024/Q4,licensed-vendor,license_required,vendor_license_missing,Register license_config_ref before any vendor raw content use.,sha256:b2e8efdba16627399d3615a6dcca0b54b15a732d2c55b111d23a66f8720dcc1a
cof_2024_q4,COF,Capital One Financial Corporation,youtube,video,https://www.youtube.com/results?search_query=COF+2024+Q4+earnings+call,www.youtube.com,metadata_only,youtube_media_blocked,Keep YouTube as metadata/link reference only unless explicit written authorization exists.,sha256:07bd6c7288db70a9de306bd58a2346ab86154f567b89cae914a535cea7f97ee9
cof_2024_q4,COF,Capital One Financial Corporation,vendor,transcript,licensed-vendor://blocked/COF/2024/Q4,licensed-vendor,license_required,vendor_license_missing,Register license_config_ref before any vendor raw content use.,sha256:b48abec1edd38b8e78419bfb000c377b9ebe553ddfc76124594732c2f997a8bf
axp_2024_q4,AXP,American Express Company,youtube,video,https://www.youtube.com/results?search_query=AXP+2024+Q4+earnings+call,www.youtube.com,metadata_only,youtube_media_blocked,Keep YouTube as metadata/link reference only unless explicit written authorization exists.,sha256:30d2ece55c13643877929b618e438627e0c3336fe3768cd76a86672380c9aa9e
axp_2024_q4,AXP,American Express Company,vendor,transcript,licensed-vendor://blocked/AXP/2024/Q4,licensed-vendor,license_required,vendor_license_missing,Register license_config_ref before any vendor raw content use.,sha256:bf906e43bcebdfcd637e0bd9039514d0c6d2f348fe571e79e0ac3a0ee7a02f86
v_2024_q4,V,Visa Inc.,youtube,video,https://www.youtube.com/results?search_query=V+2024+Q4+earnings+call,www.youtube.com,metadata_only,youtube_media_blocked,Keep YouTube as metadata/link reference only unless explicit written authorization exists.,sha256:315bf7187cdb4d6454e191fd9b05ca1332d3d39334fa895cd93a1c7e44f1712f
v_2024_q4,V,Visa Inc.,vendor,transcript,licensed-vendor://blocked/V/2024/Q4,licensed-vendor,license_required,vendor_license_missing,Register license_config_ref before any vendor raw content use.,sha256:4bed83073b8324802fa174b7afbd15544eeb4cca7c05d50be0e07c742a137bd4
ma_2024_q4,MA,Mastercard Incorporated,youtube,video,https://www.youtube.com/results?search_query=MA+2024+Q4+earnings+call,www.youtube.com,metadata_only,youtube_media_blocked,Keep YouTube as metadata/link reference only unless explicit written authorization exists.,sha256:a92997e03f094177d88f713f40c48e41d8c9c06d183bc09bc92fcc3f31c26990
ma_2024_q4,MA,Mastercard Incorporated,vendor,transcript,licensed-vendor://blocked/MA/2024/Q4,licensed-vendor,license_required,vendor_license_missing,Register license_config_ref before any vendor raw content use.,sha256:5955088bb8be3de6ca07779721611219f4f33aeb07816ed5933429c1d44f9fe9
fis_2024_q4,FIS,"Fidelity National Information Services, Inc.",youtube,video,https://www.youtube.com/results?search_query=FIS+2024+Q4+earnings+call,www.youtube.com,metadata_only,youtube_media_blocked,Keep YouTube as metadata/link reference only unless explicit written authorization exists.,sha256:4f979b07670c6610e1805b086ce5bbf64e78990b59164336b1c4abf11dfdeb70
fis_2024_q4,FIS,"Fidelity National Information Services, Inc.",vendor,transcript,licensed-vendor://blocked/FIS/2024/Q4,licensed-vendor,license_required,vendor_license_missing,Register license_config_ref before any vendor raw content use.,sha256:6c75ac91fb08572f021121eb8125a43e70b71ec9e3e31bcf7e858eed5c8e3ddd
gpn_2024_q4,GPN,Global Payments Inc.,youtube,video,https://www.youtube.com/results?search_query=GPN+2024+Q4+earnings+call,www.youtube.com,metadata_only,youtube_media_blocked,Keep YouTube as metadata/link reference only unless explicit written authorization exists.,sha256:efa5e135829e79d7be2733a0c4f5094cc9d4c69c176cfed4e5f4de23bf8c0b59
gpn_2024_q4,GPN,Global Payments Inc.,vendor,transcript,licensed-vendor://blocked/GPN/2024/Q4,licensed-vendor,license_required,vendor_license_missing,Register license_config_ref before any vendor raw content use.,sha256:b82825ba3c0f2d6f51a515e05af2d3dabbf4140455df355b9b4175c54633f816
blk_2024_q4,BLK,"BlackRock, Inc.",youtube,video,https://www.youtube.com/results?search_query=BLK+2024+Q4+earnings+call,www.youtube.com,metadata_only,youtube_media_blocked,Keep YouTube as metadata/link reference only unless explicit written authorization exists.,sha256:1b00b4a5498dc622cefb6156cdfc9bc8b0cd7b9327a60e57ed9a3fb932365a9a
blk_2024_q4,BLK,"BlackRock, Inc.",vendor,transcript,licensed-vendor://blocked/BLK/2024/Q4,licensed-vendor,license_required,vendor_license_missing,Register license_config_ref before any vendor raw content use.,sha256:306e36a07a518d946842b0f24d1b675d764e06fd5fdef015647d4de2a791e015
bx_2024_q4,BX,Blackstone Inc.,youtube,video,https://www.youtube.com/results?search_query=BX+2024+Q4+earnings+call,www.youtube.com,metadata_only,youtube_media_blocked,Keep YouTube as metadata/link reference only unless explicit written authorization exists.,sha256:875a814a6a3d13f588188135e608aa35560f4f4fce73e58a153c86905f615547
bx_2024_q4,BX,Blackstone Inc.,vendor,transcript,licensed-vendor://blocked/BX/2024/Q4,licensed-vendor,license_required,vendor_license_missing,Register license_config_ref before any vendor raw content use.,sha256:c8f5ec6f92c752c3e724b4d94f1fbe9e1b253f0a92e9822e850ac423b362cad7
schw_2024_q4,SCHW,The Charles Schwab Corporation,youtube,video,https://www.youtube.com/results?search_query=SCHW+2024+Q4+earnings+call,www.youtube.com,metadata_only,youtube_media_blocked,Keep YouTube as metadata/link reference only unless explicit written authorization exists.,sha256:c5ce93f19400d8722f21506da157f947d1b4369c5508ccfe1085c006f818c054
schw_2024_q4,SCHW,The Charles Schwab Corporation,vendor,transcript,licensed-vendor://blocked/SCHW/2024/Q4,licensed-vendor,license_required,vendor_license_missing,Register license_config_ref before any vendor raw content use.,sha256:32b738a277282a0eee523784bf722c4fdcaa4ac5ec8c96b20829bab7de38a5e8
ice_2024_q4,ICE,"Intercontinental Exchange, Inc.",youtube,video,https://www.youtube.com/results?search_query=ICE+2024+Q4+earnings+call,www.youtube.com,metadata_only,youtube_media_blocked,Keep YouTube as metadata/link reference only unless explicit written authorization exists.,sha256:5a176fa5069a78220e6cf523b0c469118e39fdeade1c040b865a762c3d450866
ice_2024_q4,ICE,"Intercontinental Exchange, Inc.",vendor,transcript,licensed-vendor://blocked/ICE/2024/Q4,licensed-vendor,license_required,vendor_license_missing,Register license_config_ref before any vendor raw content use.,sha256:2a55b91622f96c0b6d1ca8c263c66d91245fdac23534c1cb7eed3ecf9867cd38
spgi_2024_q4,SPGI,S&P Global Inc.,youtube,video,https://www.youtube.com/results?search_query=SPGI+2024+Q4+earnings+call,www.youtube.com,metadata_only,youtube_media_blocked,Keep YouTube as metadata/link reference only unless explicit written authorization exists.,sha256:836f9e0028501e13e0c7b864e4b3096b2e74081c81aad93948b2c04f3e6d9c19
spgi_2024_q4,SPGI,S&P Global Inc.,vendor,transcript,licensed-vendor://blocked/SPGI/2024/Q4,licensed-vendor,license_required,vendor_license_missing,Register license_config_ref before any vendor raw content use.,sha256:9a1a5f1d2fc2c4336fdd9690daa75e11e17b49fdde0c7c4a00b192b9d1b8c5fa
mco_2024_q4,MCO,Moody's Corporation,youtube,video,https://www.youtube.com/results?search_query=MCO+2024+Q4+earnings+call,www.youtube.com,metadata_only,youtube_media_blocked,Keep YouTube as metadata/link reference only unless explicit written authorization exists.,sha256:e25fc07ed7cd3147870e66b9179fa6eb2a093080f91bd5563596f293d5afc7dd
mco_2024_q4,MCO,Moody's Corporation,vendor,transcript,licensed-vendor://blocked/MCO/2024/Q4,licensed-vendor,license_required,vendor_license_missing,Register license_config_ref before any vendor raw content use.,sha256:4451642b3581623b947ff6b70bd3e9ee62da91e0b2447b279b8ab671a0503019
aon_2024_q4,AON,Aon plc,youtube,video,https://www.youtube.com/results?search_query=AON+2024+Q4+earnings+call,www.youtube.com,metadata_only,youtube_media_blocked,Keep YouTube as metadata/link reference only unless explicit written authorization exists.,sha256:ecd7c1ead65c7a3bf2acf1a73e68ac5fc34c5e02f688fa467acb1fec3c01aea4
aon_2024_q4,AON,Aon plc,vendor,transcript,licensed-vendor://blocked/AON/2024/Q4,licensed-vendor,license_required,vendor_license_missing,Register license_config_ref before any vendor raw content use.,sha256:7b0f5668bc2fa490f1da60ea5c7fb6ac94b82c8c359d44ada26312a9edf33496
aig_2024_q4,AIG,"American International Group, Inc.",youtube,video,https://www.youtube.com/results?search_query=AIG+2024+Q4+earnings+call,www.youtube.com,metadata_only,youtube_media_blocked,Keep YouTube as metadata/link reference only unless explicit written authorization exists.,sha256:f59dbd32df925c14f3ac5bfb519f2968f4a12acfb8f1f05596937aaa38e7237c
aig_2024_q4,AIG,"American International Group, Inc.",vendor,transcript,licensed-vendor://blocked/AIG/2024/Q4,licensed-vendor,license_required,vendor_license_missing,Register license_config_ref before any vendor raw content use.,sha256:8c919caf3cb4546db9ba639fa6dfbb3db5a942ef491afd84bb71a120a0ffcdd4
met_2024_q4,MET,"MetLife, Inc.",youtube,video,https://www.youtube.com/results?search_query=MET+2024+Q4+earnings+call,www.youtube.com,metadata_only,youtube_media_blocked,Keep YouTube as metadata/link reference only unless explicit written authorization exists.,sha256:89d241c80e9d123f899f5d4e66c2af7a734bc85f1fbfc60a33a744011268fe5f
met_2024_q4,MET,"MetLife, Inc.",vendor,transcript,licensed-vendor://blocked/MET/2024/Q4,licensed-vendor,license_required,vendor_license_missing,Register license_config_ref before any vendor raw content use.,sha256:27f8fe0c388ad876f75450c34e3fbd8f7f9dfe1e3bb096f818ae2006d86c5fda
pru_2024_q4,PRU,"Prudential Financial, Inc.",youtube,video,https://www.youtube.com/results?search_query=PRU+2024+Q4+earnings+call,www.youtube.com,metadata_only,youtube_media_blocked,Keep YouTube as metadata/link reference only unless explicit written authorization exists.,sha256:005b6311013cc3ddaf1db60f018633b40bdc32a8c610c07f10728cd0045f662a
pru_2024_q4,PRU,"Prudential Financial, Inc.",vendor,transcript,licensed-vendor://blocked/PRU/2024/Q4,licensed-vendor,license_required,vendor_license_missing,Register license_config_ref before any vendor raw content use.,sha256:b721ccb7036b7b2a854efdd7d84236745041de2b815b0f58714f8b391a9e19bd
trv_2024_q4,TRV,"The Travelers Companies, Inc.",youtube,video,https://www.youtube.com/results?search_query=TRV+2024+Q4+earnings+call,www.youtube.com,metadata_only,youtube_media_blocked,Keep YouTube as metadata/link reference only unless explicit written authorization exists.,sha256:99adc7c5603ba20f72a17f778aa51c4a1ce0940730bc429a2abde5bc27e207da
trv_2024_q4,TRV,"The Travelers Companies, Inc.",vendor,transcript,licensed-vendor://blocked/TRV/2024/Q4,licensed-vendor,license_required,vendor_license_missing,Register license_config_ref before any vendor raw content use.,sha256:c69994ac3c08b002f44e55618e945c0918d3ea5688a31d7b06ca9849afd216ea
cb_2024_q4,CB,Chubb Limited,youtube,video,https://www.youtube.com/results?search_query=CB+2024+Q4+earnings+call,www.youtube.com,metadata_only,youtube_media_blocked,Keep YouTube as metadata/link reference only unless explicit written authorization exists.,sha256:f08d66b994048ce9453fe22bec294518ed565756480e5c694e1d32f1646ffbc5
cb_2024_q4,CB,Chubb Limited,vendor,transcript,licensed-vendor://blocked/CB/2024/Q4,licensed-vendor,license_required,vendor_license_missing,Register license_config_ref before any vendor raw content use.,sha256:30a092150fdd03c2468d14b556321321b1df6d347d3747f92961dbcb33c295c0
jnj_2024_q4,JNJ,Johnson & Johnson,youtube,video,https://www.youtube.com/results?search_query=JNJ+2024+Q4+earnings+call,www.youtube.com,metadata_only,youtube_media_blocked,Keep YouTube as metadata/link reference only unless explicit written authorization exists.,sha256:64b7159fa78b551066f282270d7677c3db10f1cd7f2888b1a418da03065bd2b7
jnj_2024_q4,JNJ,Johnson & Johnson,vendor,transcript,licensed-vendor://blocked/JNJ/2024/Q4,licensed-vendor,license_required,vendor_license_missing,Register license_config_ref before any vendor raw content use.,sha256:43a4f8fb7c2164cbc2d37c3b4c70774c2d88b603c5f5296cf9040110acc37f5a
lly_2024_q4,LLY,Eli Lilly and Company,youtube,video,https://www.youtube.com/results?search_query=LLY+2024+Q4+earnings+call,www.youtube.com,metadata_only,youtube_media_blocked,Keep YouTube as metadata/link reference only unless explicit written authorization exists.,sha256:1beb334a075350c5ab482bbe18b1fed5b3d2b9b84a60a70b1ff184576d731064
lly_2024_q4,LLY,Eli Lilly and Company,vendor,transcript,licensed-vendor://blocked/LLY/2024/Q4,licensed-vendor,license_required,vendor_license_missing,Register license_config_ref before any vendor raw content use.,sha256:29751d79423e735871eaac2c6529b7b4416f79f27260a2a1fb477d2095ca5671
mrk_2024_q4,MRK,"Merck & Co., Inc.",youtube,video,https://www.youtube.com/results?search_query=MRK+2024+Q4+earnings+call,www.youtube.com,metadata_only,youtube_media_blocked,Keep YouTube as metadata/link reference only unless explicit written authorization exists.,sha256:59c4f6589fec6375db36a19837ab0e1d061551f5a7c49077b725b590a1451353
mrk_2024_q4,MRK,"Merck & Co., Inc.",vendor,transcript,licensed-vendor://blocked/MRK/2024/Q4,licensed-vendor,license_required,vendor_license_missing,Register license_config_ref before any vendor raw content use.,sha256:c8c3ce3131e926dcdcef977324d259075b569d7a0d661ca115726e3eb4ec1ed9
pfe_2024_q4,PFE,Pfizer Inc.,youtube,video,https://www.youtube.com/results?search_query=PFE+2024+Q4+earnings+call,www.youtube.com,metadata_only,youtube_media_blocked,Keep YouTube as metadata/link reference only unless explicit written authorization exists.,sha256:427f70b214bcd61db79a0e28dbc4332077f84b53e2d2748e31b4e3ed26e24f00
pfe_2024_q4,PFE,Pfizer Inc.,vendor,transcript,licensed-vendor://blocked/PFE/2024/Q4,licensed-vendor,license_required,vendor_license_missing,Register license_config_ref before any vendor raw content use.,sha256:f0328944c8a65e02aa784b6bbd0915c554db2b3529bd8c1bae959deb57303d7a
unh_2024_q4,UNH,UnitedHealth Group Incorporated,youtube,video,https://www.youtube.com/results?search_query=UNH+2024+Q4+earnings+call,www.youtube.com,metadata_only,youtube_media_blocked,Keep YouTube as metadata/link reference only unless explicit written authorization exists.,sha256:a8711e4a572748ac815f81d6b1ed59a2ef742f82802a66d4396f03a17fe706cb
unh_2024_q4,UNH,UnitedHealth Group Incorporated,vendor,transcript,licensed-vendor://blocked/UNH/2024/Q4,licensed-vendor,license_required,vendor_license_missing,Register license_config_ref before any vendor raw content use.,sha256:2c2faabff5e8e480c6c62c00588fd0a9b4882cf53f089ef4b3e5361bd095a26c
cvs_2024_q4,CVS,CVS Health Corporation,youtube,video,https://www.youtube.com/results?search_query=CVS+2024+Q4+earnings+call,www.youtube.com,metadata_only,youtube_media_blocked,Keep YouTube as metadata/link reference only unless explicit written authorization exists.,sha256:56e3a57b64c44f182289c2dddbb07ef152489b559be5402eac5134839e6ee599
cvs_2024_q4,CVS,CVS Health Corporation,vendor,transcript,licensed-vendor://blocked/CVS/2024/Q4,licensed-vendor,license_required,vendor_license_missing,Register license_config_ref before any vendor raw content use.,sha256:966ef016c448ae5a0736966a24c2d81e4032574031f052ca673c6ba673cb2213
abt_2024_q4,ABT,Abbott Laboratories,youtube,video,https://www.youtube.com/results?search_query=ABT+2024+Q4+earnings+call,www.youtube.com,metadata_only,youtube_media_blocked,Keep YouTube as metadata/link reference only unless explicit written authorization exists.,sha256:b9862438f6378f76f41ba3e6ca17ebb676c90ac1b26269382a11607af9dc96d2
abt_2024_q4,ABT,Abbott Laboratories,vendor,transcript,licensed-vendor://blocked/ABT/2024/Q4,licensed-vendor,license_required,vendor_license_missing,Register license_config_ref before any vendor raw content use.,sha256:c4c359c1ffc2a90547300f7a5a05c5ebff538395f7557600f57c7da619d056f9
bmy_2024_q4,BMY,Bristol Myers Squibb Company,youtube,video,https://www.youtube.com/results?search_query=BMY+2024+Q4+earnings+call,www.youtube.com,metadata_only,youtube_media_blocked,Keep YouTube as metadata/link reference only unless explicit written authorization exists.,sha256:7e98451c4186da4d3e8dbe5739876de31475b5e762320b763f5b2aebd1f98ec2
bmy_2024_q4,BMY,Bristol Myers Squibb Company,vendor,transcript,licensed-vendor://blocked/BMY/2024/Q4,licensed-vendor,license_required,vendor_license_missing,Register license_config_ref before any vendor raw content use.,sha256:569ec98d17baed2202b40bc64437f7f64191f4ed54b978a3f50cc3ce1aa1b4ab
mdt_2024_q4,MDT,Medtronic plc,youtube,video,https://www.youtube.com/results?search_query=MDT+2024+Q4+earnings+call,www.youtube.com,metadata_only,youtube_media_blocked,Keep YouTube as metadata/link reference only unless explicit written authorization exists.,sha256:07b975f35835b7f91dbbc92b4a0084dc27e72b9c0f090cd8fe4631fb8ce0574f
mdt_2024_q4,MDT,Medtronic plc,vendor,transcript,licensed-vendor://blocked/MDT/2024/Q4,licensed-vendor,license_required,vendor_license_missing,Register license_config_ref before any vendor raw content use.,sha256:f9cf5c7259e269d31ed84b40f3f8dcff183ac1afd79621f5a58cdfd2088b351b
tmo_2024_q4,TMO,Thermo Fisher Scientific Inc.,youtube,video,https://www.youtube.com/results?search_query=TMO+2024+Q4+earnings+call,www.youtube.com,metadata_only,youtube_media_blocked,Keep YouTube as metadata/link reference only unless explicit written authorization exists.,sha256:7390577e379d3395e4036995ffc6757c7b2ad935ff5d4d914759d8bd66c288e6
tmo_2024_q4,TMO,Thermo Fisher Scientific Inc.,vendor,transcript,licensed-vendor://blocked/TMO/2024/Q4,licensed-vendor,license_required,vendor_license_missing,Register license_config_ref before any vendor raw content use.,sha256:d24cc62dad580abee8aca78f4e50eb55a73e6a34298435b10d79cb6fe0df8f33
dhr_2024_q4,DHR,Danaher Corporation,youtube,video,https://www.youtube.com/results?search_query=DHR+2024+Q4+earnings+call,www.youtube.com,metadata_only,youtube_media_blocked,Keep YouTube as metadata/link reference only unless explicit written authorization exists.,sha256:2b7778a481d50972c213c9645ce6674433e80bd53d5ecf5d4de3e5297b35ec89
dhr_2024_q4,DHR,Danaher Corporation,vendor,transcript,licensed-vendor://blocked/DHR/2024/Q4,licensed-vendor,license_required,vendor_license_missing,Register license_config_ref before any vendor raw content use.,sha256:ee75b2addbfafb73d696ea0f753d7f22b4a271a737827b1b01a4a702931a5b8a
bdx_2024_q4,BDX,"Becton, Dickinson and Company",youtube,video,https://www.youtube.com/results?search_query=BDX+2024+Q4+earnings+call,www.youtube.com,metadata_only,youtube_media_blocked,Keep YouTube as metadata/link reference only unless explicit written authorization exists.,sha256:bede816aef70c8b18758910db71b8469ad593a1d4d994cab092b661e9cac5322
bdx_2024_q4,BDX,"Becton, Dickinson and Company",vendor,transcript,licensed-vendor://blocked/BDX/2024/Q4,licensed-vendor,license_required,vendor_license_missing,Register license_config_ref before any vendor raw content use.,sha256:622160f4e24e99d332f330eab15b7aec4c94f82728c90432b02c9937487c5f96
ci_2024_q4,CI,The Cigna Group,youtube,video,https://www.youtube.com/results?search_query=CI+2024+Q4+earnings+call,www.youtube.com,metadata_only,youtube_media_blocked,Keep YouTube as metadata/link reference only unless explicit written authorization exists.,sha256:b16bf968631449dd2a2f221ef9ab601185d67deb11a2c249f4a2b30da2f3b920
ci_2024_q4,CI,The Cigna Group,vendor,transcript,licensed-vendor://blocked/CI/2024/Q4,licensed-vendor,license_required,vendor_license_missing,Register license_config_ref before any vendor raw content use.,sha256:b7b46284eaac56932f208700e858923a49d316faf4ba81212a190ab82000e49f
hca_2024_q4,HCA,"HCA Healthcare, Inc.",youtube,video,https://www.youtube.com/results?search_query=HCA+2024+Q4+earnings+call,www.youtube.com,metadata_only,youtube_media_blocked,Keep YouTube as metadata/link reference only unless explicit written authorization exists.,sha256:e4ed32fbdc5c1417634a6b7f979893adf99dc87b6f6c495179bed2f4ba0d9696
hca_2024_q4,HCA,"HCA Healthcare, Inc.",vendor,transcript,licensed-vendor://blocked/HCA/2024/Q4,licensed-vendor,license_required,vendor_license_missing,Register license_config_ref before any vendor raw content use.,sha256:a2a33d63c5045eba713f2a09eb3e56aadb56e03bb99e3860165e3f58ea0d1518
syk_2024_q4,SYK,Stryker Corporation,youtube,video,https://www.youtube.com/results?search_query=SYK+2024+Q4+earnings+call,www.youtube.com,metadata_only,youtube_media_blocked,Keep YouTube as metadata/link reference only unless explicit written authorization exists.,sha256:5669e004742789036e27b10f8113fe5af0fd0564b62a168d20a035f1fe305cde
syk_2024_q4,SYK,Stryker Corporation,vendor,transcript,licensed-vendor://blocked/SYK/2024/Q4,licensed-vendor,license_required,vendor_license_missing,Register license_config_ref before any vendor raw content use.,sha256:1d2b4ecc56c888000d1ab2bef40d2fe9a652a6e0451ef257b04a84b8d432ebd3
xom_2024_q4,XOM,Exxon Mobil Corporation,youtube,video,https://www.youtube.com/results?search_query=XOM+2024+Q4+earnings+call,www.youtube.com,metadata_only,youtube_media_blocked,Keep YouTube as metadata/link reference only unless explicit written authorization exists.,sha256:ccab3ea2e579c618d1a128dce9e26f2f49779d4d3de0a442551a244a7458240b
xom_2024_q4,XOM,Exxon Mobil Corporation,vendor,transcript,licensed-vendor://blocked/XOM/2024/Q4,licensed-vendor,license_required,vendor_license_missing,Register license_config_ref before any vendor raw content use.,sha256:277887c5d8430ea47228ca34606c0e994b9998bd7a5908a2d4c3e0a50e45dc0a
cvx_2024_q4,CVX,Chevron Corporation,youtube,video,https://www.youtube.com/results?search_query=CVX+2024+Q4+earnings+call,www.youtube.com,metadata_only,youtube_media_blocked,Keep YouTube as metadata/link reference only unless explicit written authorization exists.,sha256:9a7da971186d19da33ace97880927ac4d7446dec7f92f397726cb8374cb1a40a
cvx_2024_q4,CVX,Chevron Corporation,vendor,transcript,licensed-vendor://blocked/CVX/2024/Q4,licensed-vendor,license_required,vendor_license_missing,Register license_config_ref before any vendor raw content use.,sha256:799e2850f659ef90a11a57ca51f4ac4a9af28f0647aa813e172c256133f8fb06
cop_2024_q4,COP,ConocoPhillips,youtube,video,https://www.youtube.com/results?search_query=COP+2024+Q4+earnings+call,www.youtube.com,metadata_only,youtube_media_blocked,Keep YouTube as metadata/link reference only unless explicit written authorization exists.,sha256:22288cfbaa70a9f77370826acde3dc2504520eeb101285e4504ba3a4a50120ad
cop_2024_q4,COP,ConocoPhillips,vendor,transcript,licensed-vendor://blocked/COP/2024/Q4,licensed-vendor,license_required,vendor_license_missing,Register license_config_ref before any vendor raw content use.,sha256:6e9f065134be2d8f5e86d48ae9d26197607b590de57b66767cc84e9f635b8175
slb_2024_q4,SLB,SLB,youtube,video,https://www.youtube.com/results?search_query=SLB+2024+Q4+earnings+call,www.youtube.com,metadata_only,youtube_media_blocked,Keep YouTube as metadata/link reference only unless explicit written authorization exists.,sha256:4373a2cd745960b5906da5278084c99940514a8f5eb780aac4f6271a3ea7d54f
slb_2024_q4,SLB,SLB,vendor,transcript,licensed-vendor://blocked/SLB/2024/Q4,licensed-vendor,license_required,vendor_license_missing,Register license_config_ref before any vendor raw content use.,sha256:f4a34a641178675c8680fa27a1552576ec91f42d6b85bd8ed5e14c8a0ff8d71e
hal_2024_q4,HAL,Halliburton Company,youtube,video,https://www.youtube.com/results?search_query=HAL+2024+Q4+earnings+call,www.youtube.com,metadata_only,youtube_media_blocked,Keep YouTube as metadata/link reference only unless explicit written authorization exists.,sha256:41540a2b0a6179e8f3b3431a229e86209ea6403131fd7651319c25423d58d993
hal_2024_q4,HAL,Halliburton Company,vendor,transcript,licensed-vendor://blocked/HAL/2024/Q4,licensed-vendor,license_required,vendor_license_missing,Register license_config_ref before any vendor raw content use.,sha256:dd40b8a84644453f61152c0719b9d61b90d467297d9a97e94fbfbbfbabab460e
eog_2024_q4,EOG,"EOG Resources, Inc.",youtube,video,https://www.youtube.com/results?search_query=EOG+2024+Q4+earnings+call,www.youtube.com,metadata_only,youtube_media_blocked,Keep YouTube as metadata/link reference only unless explicit written authorization exists.,sha256:bcfaf9cea884f296379a0d782e80fad152c612483c31c7c9f163bf6125c75153
eog_2024_q4,EOG,"EOG Resources, Inc.",vendor,transcript,licensed-vendor://blocked/EOG/2024/Q4,licensed-vendor,license_required,vendor_license_missing,Register license_config_ref before any vendor raw content use.,sha256:59a9d8f0624b197790c5c755caa74c7f0189e4ebece40ad93312c7cca6149197
oxy_2024_q4,OXY,Occidental Petroleum Corporation,youtube,video,https://www.youtube.com/results?search_query=OXY+2024+Q4+earnings+call,www.youtube.com,metadata_only,youtube_media_blocked,Keep YouTube as metadata/link reference only unless explicit written authorization exists.,sha256:8aa3a60fa3987dd6591311de23b4fab2194e9357e12346490ad9ee5fd61819f4
oxy_2024_q4,OXY,Occidental Petroleum Corporation,vendor,transcript,licensed-vendor://blocked/OXY/2024/Q4,licensed-vendor,license_required,vendor_license_missing,Register license_config_ref before any vendor raw content use.,sha256:922f6d3811dc2525636c7c338249feed79bf1211767b0d6d75bdeec77c9b0702
mpc_2024_q4,MPC,Marathon Petroleum Corporation,youtube,video,https://www.youtube.com/results?search_query=MPC+2024+Q4+earnings+call,www.youtube.com,metadata_only,youtube_media_blocked,Keep YouTube as metadata/link reference only unless explicit written authorization exists.,sha256:e71a0d20978ccbdf9d5689ee85a27f457c1b8df49bc3531ccf22db075bb2dc89
mpc_2024_q4,MPC,Marathon Petroleum Corporation,vendor,transcript,licensed-vendor://blocked/MPC/2024/Q4,licensed-vendor,license_required,vendor_license_missing,Register license_config_ref before any vendor raw content use.,sha256:28c90efa110fc2628ee72433dd12d99a1369fa96878c75eacab4d52f4de42dde
psx_2024_q4,PSX,Phillips 66,youtube,video,https://www.youtube.com/results?search_query=PSX+2024+Q4+earnings+call,www.youtube.com,metadata_only,youtube_media_blocked,Keep YouTube as metadata/link reference only unless explicit written authorization exists.,sha256:226de3586928d54bfc854a79a1a19fb1c2cba5f6be2bee15484211db82df6f0e
psx_2024_q4,PSX,Phillips 66,vendor,transcript,licensed-vendor://blocked/PSX/2024/Q4,licensed-vendor,license_required,vendor_license_missing,Register license_config_ref before any vendor raw content use.,sha256:cdf672f2007dd2c8f0f2de0ad543186fbe43e245443b625664a034be41652f00
vlo_2024_q4,VLO,Valero Energy Corporation,youtube,video,https://www.youtube.com/results?search_query=VLO+2024+Q4+earnings+call,www.youtube.com,metadata_only,youtube_media_blocked,Keep YouTube as metadata/link reference only unless explicit written authorization exists.,sha256:7f80d5c91b50ae5f5fb532a496698783b1696e273f5d49620976450a4e4a5425
vlo_2024_q4,VLO,Valero Energy Corporation,vendor,transcript,licensed-vendor://blocked/VLO/2024/Q4,licensed-vendor,license_required,vendor_license_missing,Register license_config_ref before any vendor raw content use.,sha256:a12d8a2b7fc5e6c81500c9cf34aacb1a6eab666fea6cf5dfb8d345dc920c1254
ba_2024_q4,BA,The Boeing Company,youtube,video,https://www.youtube.com/results?search_query=BA+2024+Q4+earnings+call,www.youtube.com,metadata_only,youtube_media_blocked,Keep YouTube as metadata/link reference only unless explicit written authorization exists.,sha256:478e501788a9028fd041b196bd5a3c1454f0c144e8b3e8098e01aa918a561a0f
ba_2024_q4,BA,The Boeing Company,vendor,transcript,licensed-vendor://blocked/BA/2024/Q4,licensed-vendor,license_required,vendor_license_missing,Register license_config_ref before any vendor raw content use.,sha256:64bed1e5b9a030f85034bad31725fd97de7b0ec39384a2f3a989663436831542
rtx_2024_q4,RTX,RTX Corporation,youtube,video,https://www.youtube.com/results?search_query=RTX+2024+Q4+earnings+call,www.youtube.com,metadata_only,youtube_media_blocked,Keep YouTube as metadata/link reference only unless explicit written authorization exists.,sha256:15eb5a5535612aa1e7dca3ff806baf6006635eb2f0b701c4a240541544664fbf
rtx_2024_q4,RTX,RTX Corporation,vendor,transcript,licensed-vendor://blocked/RTX/2024/Q4,licensed-vendor,license_required,vendor_license_missing,Register license_config_ref before any vendor raw content use.,sha256:93ebe406a4c9294de9c73c833f7053ad278d4d03ddcea5d96f84054c53ccb010
lmt_2024_q4,LMT,Lockheed Martin Corporation,youtube,video,https://www.youtube.com/results?search_query=LMT+2024+Q4+earnings+call,www.youtube.com,metadata_only,youtube_media_blocked,Keep YouTube as metadata/link reference only unless explicit written authorization exists.,sha256:a7b8c171358fc9b2cf57d3f835e72ee84a40b087921bcc700f21455cb0ca39a4
lmt_2024_q4,LMT,Lockheed Martin Corporation,vendor,transcript,licensed-vendor://blocked/LMT/2024/Q4,licensed-vendor,license_required,vendor_license_missing,Register license_config_ref before any vendor raw content use.,sha256:deef14ef400a9cea4877e37d3039929af6329443e251746baa79eafeec3faae2
noc_2024_q4,NOC,Northrop Grumman Corporation,youtube,video,https://www.youtube.com/results?search_query=NOC+2024+Q4+earnings+call,www.youtube.com,metadata_only,youtube_media_blocked,Keep YouTube as metadata/link reference only unless explicit written authorization exists.,sha256:55fdaa352def2959d094d0ab2bcbc327b7e917d57dec7790518fe7faae565127
noc_2024_q4,NOC,Northrop Grumman Corporation,vendor,transcript,licensed-vendor://blocked/NOC/2024/Q4,licensed-vendor,license_required,vendor_license_missing,Register license_config_ref before any vendor raw content use.,sha256:9a4dfffc742f8bcf88ddaff949cad210d11a2a9e6872c261b8dca71392b89510
gd_2024_q4,GD,General Dynamics Corporation,youtube,video,https://www.youtube.com/results?search_query=GD+2024+Q4+earnings+call,www.youtube.com,metadata_only,youtube_media_blocked,Keep YouTube as metadata/link reference only unless explicit written authorization exists.,sha256:90ad6679493a74cdd58fd2309f3f9eeb440fe2aca585e82480b0b074d60a38a8
gd_2024_q4,GD,General Dynamics Corporation,vendor,transcript,licensed-vendor://blocked/GD/2024/Q4,licensed-vendor,license_required,vendor_license_missing,Register license_config_ref before any vendor raw content use.,sha256:dc0d5d73af10bc450bb5d382168ed13cd3c2ce2acad1c65668264c2ac858d725
cat_2024_q4,CAT,Caterpillar Inc.,youtube,video,https://www.youtube.com/results?search_query=CAT+2024+Q4+earnings+call,www.youtube.com,metadata_only,youtube_media_blocked,Keep YouTube as metadata/link reference only unless explicit written authorization exists.,sha256:227d3a8a8db89b1adbacc0b7f2890eb9d43d7e239528dfba264e7ce0a0c850c3
cat_2024_q4,CAT,Caterpillar Inc.,vendor,transcript,licensed-vendor://blocked/CAT/2024/Q4,licensed-vendor,license_required,vendor_license_missing,Register license_config_ref before any vendor raw content use.,sha256:aa5a91042816ff40d29cd00be43cbf66d6a5569e8437df1d517bd24456e1c2ea
de_2024_q4,DE,Deere & Company,youtube,video,https://www.youtube.com/results?search_query=DE+2024+Q4+earnings+call,www.youtube.com,metadata_only,youtube_media_blocked,Keep YouTube as metadata/link reference only unless explicit written authorization exists.,sha256:90401f1b7bccce9e42615e92c7adb2c08c23c1ba7777075bf08c91b879fffc6c
de_2024_q4,DE,Deere & Company,vendor,transcript,licensed-vendor://blocked/DE/2024/Q4,licensed-vendor,license_required,vendor_license_missing,Register license_config_ref before any vendor raw content use.,sha256:1adfe5c054a9467de9461a45208bea17503ae5d29923b7c5e73baaa4f1a5326d
ge_2024_q4,GE,GE Aerospace,youtube,video,https://www.youtube.com/results?search_query=GE+2024+Q4+earnings+call,www.youtube.com,metadata_only,youtube_media_blocked,Keep YouTube as metadata/link reference only unless explicit written authorization exists.,sha256:55c4fba29d956f8b4f8c05a68185d4e9ae8997d909343fc87b4da032e058d99a
ge_2024_q4,GE,GE Aerospace,vendor,transcript,licensed-vendor://blocked/GE/2024/Q4,licensed-vendor,license_required,vendor_license_missing,Register license_config_ref before any vendor raw content use.,sha256:310e8cc9152a79ddc6793813d6403af2d852fa14e16c436370ac7fd694a33821
etn_2024_q4,ETN,Eaton Corporation plc,youtube,video,https://www.youtube.com/results?search_query=ETN+2024+Q4+earnings+call,www.youtube.com,metadata_only,youtube_media_blocked,Keep YouTube as metadata/link reference only unless explicit written authorization exists.,sha256:d79a95c08aefc206cad727f79d0c562d437955bf70130b5e17985e40f60451ed
etn_2024_q4,ETN,Eaton Corporation plc,vendor,transcript,licensed-vendor://blocked/ETN/2024/Q4,licensed-vendor,license_required,vendor_license_missing,Register license_config_ref before any vendor raw content use.,sha256:38fb5387900d7971841213285d48b37d7f17e2cf87f6b0be14decdf1d70f6a44
emr_2024_q4,EMR,Emerson Electric Co.,youtube,video,https://www.youtube.com/results?search_query=EMR+2024+Q4+earnings+call,www.youtube.com,metadata_only,youtube_media_blocked,Keep YouTube as metadata/link reference only unless explicit written authorization exists.,sha256:dca7c55defcfba2a09f477a5237bcb8600d9c98f2958aa1fc16bedf3770e98db
emr_2024_q4,EMR,Emerson Electric Co.,vendor,transcript,licensed-vendor://blocked/EMR/2024/Q4,licensed-vendor,license_required,vendor_license_missing,Register license_config_ref before any vendor raw content use.,sha256:c18cb779cc9373ece8b0d5dabff820cb20307c4f8fb63e95dbb9484fdc8b52ae
mmm_2024_q4,MMM,3M Company,youtube,video,https://www.youtube.com/results?search_query=MMM+2024+Q4+earnings+call,www.youtube.com,metadata_only,youtube_media_blocked,Keep YouTube as metadata/link reference only unless explicit written authorization exists.,sha256:f212208eafd6e55830f452afd46d1e8bfedf95fe9cb92c7b3c236c64dfcc31e9
mmm_2024_q4,MMM,3M Company,vendor,transcript,licensed-vendor://blocked/MMM/2024/Q4,licensed-vendor,license_required,vendor_license_missing,Register license_config_ref before any vendor raw content use.,sha256:485e96c66666af09a3eba393734f8a81cdb0ecac90c6aacc869a86d087908e5f
itw_2024_q4,ITW,Illinois Tool Works Inc.,youtube,video,https://www.youtube.com/results?search_query=ITW+2024+Q4+earnings+call,www.youtube.com,metadata_only,youtube_media_blocked,Keep YouTube as metadata/link reference only unless explicit written authorization exists.,sha256:9c753d476a6c3f27209e9d439aa0d65938177d91005a986b106b02c547e06e39
itw_2024_q4,ITW,Illinois Tool Works Inc.,vendor,transcript,licensed-vendor://blocked/ITW/2024/Q4,licensed-vendor,license_required,vendor_license_missing,Register license_config_ref before any vendor raw content use.,sha256:9e4a8a2dd6d197f4908eaa73a6a9759d058f43a45d19a36f8c06a79cfe12226a
ph_2024_q4,PH,Parker-Hannifin Corporation,youtube,video,https://www.youtube.com/results?search_query=PH+2024+Q4+earnings+call,www.youtube.com,metadata_only,youtube_media_blocked,Keep YouTube as metadata/link reference only unless explicit written authorization exists.,sha256:17720499e7d3f840b8e5884be5270e4124255a6484abd0bcab538dd2b52cad69
ph_2024_q4,PH,Parker-Hannifin Corporation,vendor,transcript,licensed-vendor://blocked/PH/2024/Q4,licensed-vendor,license_required,vendor_license_missing,Register license_config_ref before any vendor raw content use.,sha256:d5eca7a6e54572f138166e0f8a55bd3b92ba09a21ff6bac0694739657f578166
carr_2024_q4,CARR,Carrier Global Corporation,youtube,video,https://www.youtube.com/results?search_query=CARR+2024+Q4+earnings+call,www.youtube.com,metadata_only,youtube_media_blocked,Keep YouTube as metadata/link reference only unless explicit written authorization exists.,sha256:a936335fa208640550382736c4d90c446495227deafa9629a8be16ef0c5c2b89
carr_2024_q4,CARR,Carrier Global Corporation,vendor,transcript,licensed-vendor://blocked/CARR/2024/Q4,licensed-vendor,license_required,vendor_license_missing,Register license_config_ref before any vendor raw content use.,sha256:35bb95547816aa22edf8c24e9da299f398c0a06b207f44510889eaa623fddcca
otis_2024_q4,OTIS,Otis Worldwide Corporation,youtube,video,https://www.youtube.com/results?search_query=OTIS+2024+Q4+earnings+call,www.youtube.com,metadata_only,youtube_media_blocked,Keep YouTube as metadata/link reference only unless explicit written authorization exists.,sha256:29ed00fe8cfa832c605bf229ee3276d03f8a057fb56838a8442f80d8236f4b55
otis_2024_q4,OTIS,Otis Worldwide Corporation,vendor,transcript,licensed-vendor://blocked/OTIS/2024/Q4,licensed-vendor,license_required,vendor_license_missing,Register license_config_ref before any vendor raw content use.,sha256:6c04931da2a4d8c0e6b65e3bc1fd78743b556084fe1702350b64712e234661e9
ups_2024_q4,UPS,"United Parcel Service, Inc.",youtube,video,https://www.youtube.com/results?search_query=UPS+2024+Q4+earnings+call,www.youtube.com,metadata_only,youtube_media_blocked,Keep YouTube as metadata/link reference only unless explicit written authorization exists.,sha256:26bcd3f418903ab8b3134ba82178bccd4ebf19f5c5b9244e319348474567af41
ups_2024_q4,UPS,"United Parcel Service, Inc.",vendor,transcript,licensed-vendor://blocked/UPS/2024/Q4,licensed-vendor,license_required,vendor_license_missing,Register license_config_ref before any vendor raw content use.,sha256:75cddd7d478d1ef4e027df5d50a80ec90d117c1a9b8f62a984ffa6b391939a84
fdx_2024_q4,FDX,FedEx Corporation,youtube,video,https://www.youtube.com/results?search_query=FDX+2024+Q4+earnings+call,www.youtube.com,metadata_only,youtube_media_blocked,Keep YouTube as metadata/link reference only unless explicit written authorization exists.,sha256:b3f4f48c3673d8b5c2c709224fab620d5fc667f3c2c273cc07d61844c93f68db
fdx_2024_q4,FDX,FedEx Corporation,vendor,transcript,licensed-vendor://blocked/FDX/2024/Q4,licensed-vendor,license_required,vendor_license_missing,Register license_config_ref before any vendor raw content use.,sha256:fda20376cde74f0471f6a81ee03848ee2a98db3f9d78bdbeb7ab0b028a2ac31b
dal_2024_q4,DAL,"Delta Air Lines, Inc.",youtube,video,https://www.youtube.com/results?search_query=DAL+2024+Q4+earnings+call,www.youtube.com,metadata_only,youtube_media_blocked,Keep YouTube as metadata/link reference only unless explicit written authorization exists.,sha256:59aad00e72cdf859add4aebd7113022d0a508d9b0e86c1666184a04f5ed2eda5
dal_2024_q4,DAL,"Delta Air Lines, Inc.",vendor,transcript,licensed-vendor://blocked/DAL/2024/Q4,licensed-vendor,license_required,vendor_license_missing,Register license_config_ref before any vendor raw content use.,sha256:40393821b97b3a315727e1bd80ba2cbc5bb3c125ae6a4aea6133bba142bf80d9
unp_2024_q4,UNP,Union Pacific Corporation,youtube,video,https://www.youtube.com/results?search_query=UNP+2024+Q4+earnings+call,www.youtube.com,metadata_only,youtube_media_blocked,Keep YouTube as metadata/link reference only unless explicit written authorization exists.,sha256:2484f862bbbcee8f0f1fd731f690088947a68938c781e9908c0c9aade1e8f2ca
unp_2024_q4,UNP,Union Pacific Corporation,vendor,transcript,licensed-vendor://blocked/UNP/2024/Q4,licensed-vendor,license_required,vendor_license_missing,Register license_config_ref before any vendor raw content use.,sha256:f5da746fe6a16f68e04c34303bdacf009019c34de1f6cf7a0a7268c35f600190
nsc_2024_q4,NSC,Norfolk Southern Corporation,youtube,video,https://www.youtube.com/results?search_query=NSC+2024+Q4+earnings+call,www.youtube.com,metadata_only,youtube_media_blocked,Keep YouTube as metadata/link reference only unless explicit written authorization exists.,sha256:03da15b8e3c1a00064d056a9287b2a67d7e84cf8cab5db70ac989dfd418a857e
nsc_2024_q4,NSC,Norfolk Southern Corporation,vendor,transcript,licensed-vendor://blocked/NSC/2024/Q4,licensed-vendor,license_required,vendor_license_missing,Register license_config_ref before any vendor raw content use.,sha256:727f324994536f5581318aea27a323a27ce446654beee8c10215ca8f244a45f5
hd_2024_q4,HD,"The Home Depot, Inc.",youtube,video,https://www.youtube.com/results?search_query=HD+2024+Q4+earnings+call,www.youtube.com,metadata_only,youtube_media_blocked,Keep YouTube as metadata/link reference only unless explicit written authorization exists.,sha256:c4a4f1c458b65a35bc526cdc761e981328d0d7949eea231c60d62e210d948edb
hd_2024_q4,HD,"The Home Depot, Inc.",vendor,transcript,licensed-vendor://blocked/HD/2024/Q4,licensed-vendor,license_required,vendor_license_missing,Register license_config_ref before any vendor raw content use.,sha256:42de3d1c94fb682f692d3ff30e0f17458739b18d81e014dd451bc6084760a76c
low_2024_q4,LOW,"Lowe's Companies, Inc.",youtube,video,https://www.youtube.com/results?search_query=LOW+2024+Q4+earnings+call,www.youtube.com,metadata_only,youtube_media_blocked,Keep YouTube as metadata/link reference only unless explicit written authorization exists.,sha256:4ee85a0d55889eb09e05528c46fdcd2eaad627969820193aa51c29e84ab654cb
low_2024_q4,LOW,"Lowe's Companies, Inc.",vendor,transcript,licensed-vendor://blocked/LOW/2024/Q4,licensed-vendor,license_required,vendor_license_missing,Register license_config_ref before any vendor raw content use.,sha256:f6d1657d0118748ec95dfa1474fd3265684979ee3fde2b26d413e7252250d541
tgt_2024_q4,TGT,Target Corporation,youtube,video,https://www.youtube.com/results?search_query=TGT+2024+Q4+earnings+call,www.youtube.com,metadata_only,youtube_media_blocked,Keep YouTube as metadata/link reference only unless explicit written authorization exists.,sha256:768a14ab6664cf5e00ea6e4cccc1d590adb76dc0401ff5efdbf267838525502b
tgt_2024_q4,TGT,Target Corporation,vendor,transcript,licensed-vendor://blocked/TGT/2024/Q4,licensed-vendor,license_required,vendor_license_missing,Register license_config_ref before any vendor raw content use.,sha256:66eaa4471abe19ce8558c687d34e68df9b633f027d6bd51866e1fc579de72b7a
kr_2024_q4,KR,The Kroger Co.,youtube,video,https://www.youtube.com/results?search_query=KR+2024+Q4+earnings+call,www.youtube.com,metadata_only,youtube_media_blocked,Keep YouTube as metadata/link reference only unless explicit written authorization exists.,sha256:0e192e8b33efd589a26f33d4bba637b722bd4d9b4b4d4fad52a2edb09c5159eb
kr_2024_q4,KR,The Kroger Co.,vendor,transcript,licensed-vendor://blocked/KR/2024/Q4,licensed-vendor,license_required,vendor_license_missing,Register license_config_ref before any vendor raw content use.,sha256:c8a422582d4ad6a6db41ce4a942191e9138cdad6e5c23237234bcd8091419859
dg_2024_q4,DG,Dollar General Corporation,youtube,video,https://www.youtube.com/results?search_query=DG+2024+Q4+earnings+call,www.youtube.com,metadata_only,youtube_media_blocked,Keep YouTube as metadata/link reference only unless explicit written authorization exists.,sha256:0ef505b2b184ff3c165d18857a76780e0bc39803caa7e963f8dc921c2b4cdd73
dg_2024_q4,DG,Dollar General Corporation,vendor,transcript,licensed-vendor://blocked/DG/2024/Q4,licensed-vendor,license_required,vendor_license_missing,Register license_config_ref before any vendor raw content use.,sha256:4ce9b4bc8081cdcb6b2cb9d0343d75d09656ca1e22250a6d9c8200accb8da5a1
mcd_2024_q4,MCD,McDonald's Corporation,youtube,video,https://www.youtube.com/results?search_query=MCD+2024+Q4+earnings+call,www.youtube.com,metadata_only,youtube_media_blocked,Keep YouTube as metadata/link reference only unless explicit written authorization exists.,sha256:aae9d94280df0d4fc98b7b0bfe7d5c66fcbfd2d3fd5ff393c912b5b8306e126c
mcd_2024_q4,MCD,McDonald's Corporation,vendor,transcript,licensed-vendor://blocked/MCD/2024/Q4,licensed-vendor,license_required,vendor_license_missing,Register license_config_ref before any vendor raw content use.,sha256:8551ca81cba534da9d90c9a7834402eee790056aae17b8475d05c77e35066b15
yum_2024_q4,YUM,"Yum! Brands, Inc.",youtube,video,https://www.youtube.com/results?search_query=YUM+2024+Q4+earnings+call,www.youtube.com,metadata_only,youtube_media_blocked,Keep YouTube as metadata/link reference only unless explicit written authorization exists.,sha256:02a1acedf9e6b05291dabceb879e99b94f8d67acdd3f93d35d3b1b51353ed561
yum_2024_q4,YUM,"Yum! Brands, Inc.",vendor,transcript,licensed-vendor://blocked/YUM/2024/Q4,licensed-vendor,license_required,vendor_license_missing,Register license_config_ref before any vendor raw content use.,sha256:1f5255486d5b0e582276bc5a0da9294ae1d3637a13fc2fee93ed7596c4f1780d
nke_2024_q4,NKE,"NIKE, Inc.",youtube,video,https://www.youtube.com/results?search_query=NKE+2024+Q4+earnings+call,www.youtube.com,metadata_only,youtube_media_blocked,Keep YouTube as metadata/link reference only unless explicit written authorization exists.,sha256:dbc49132211325b29e78b0d4b93b9a8458cd458344ebf1661d01f935e9762615
nke_2024_q4,NKE,"NIKE, Inc.",vendor,transcript,licensed-vendor://blocked/NKE/2024/Q4,licensed-vendor,license_required,vendor_license_missing,Register license_config_ref before any vendor raw content use.,sha256:f3917ba556d7aa42e50044e54d7a66c1c78d6e34687f67837d82578ab7ae1a20
dis_2024_q4,DIS,The Walt Disney Company,youtube,video,https://www.youtube.com/results?search_query=DIS+2024+Q4+earnings+call,www.youtube.com,metadata_only,youtube_media_blocked,Keep YouTube as metadata/link reference only unless explicit written authorization exists.,sha256:83d48928071424a8b47bc3ed20626fe5196d6da8120beac2dbad859fa7e713d8
dis_2024_q4,DIS,The Walt Disney Company,vendor,transcript,licensed-vendor://blocked/DIS/2024/Q4,licensed-vendor,license_required,vendor_license_missing,Register license_config_ref before any vendor raw content use.,sha256:c0f7a9afdc5da86f695392ee6363698c650cd63211b5bb45c5e6b5af63ea77bf
ko_2024_q4,KO,The Coca-Cola Company,youtube,video,https://www.youtube.com/results?search_query=KO+2024+Q4+earnings+call,www.youtube.com,metadata_only,youtube_media_blocked,Keep YouTube as metadata/link reference only unless explicit written authorization exists.,sha256:78dfaaabb82d4ff2240f9a73ac65e379df0b15cc777febe515f01efcb96b0ee8
ko_2024_q4,KO,The Coca-Cola Company,vendor,transcript,licensed-vendor://blocked/KO/2024/Q4,licensed-vendor,license_required,vendor_license_missing,Register license_config_ref before any vendor raw content use.,sha256:153fcf6897cd95bdbfda4cfa2b72f2a4e23c529b614b9760cf0dfc91e2e06941
pg_2024_q4,PG,The Procter & Gamble Company,youtube,video,https://www.youtube.com/results?search_query=PG+2024+Q4+earnings+call,www.youtube.com,metadata_only,youtube_media_blocked,Keep YouTube as metadata/link reference only unless explicit written authorization exists.,sha256:f5036ec271980a126080544140dd6a04d6dc346e168c9907bc57e0462142a2be
pg_2024_q4,PG,The Procter & Gamble Company,vendor,transcript,licensed-vendor://blocked/PG/2024/Q4,licensed-vendor,license_required,vendor_license_missing,Register license_config_ref before any vendor raw content use.,sha256:43159fa2a52370a20b9282cb432515a19078b7dab45f7f81291e7610f3c5b83f
cl_2024_q4,CL,Colgate-Palmolive Company,youtube,video,https://www.youtube.com/results?search_query=CL+2024+Q4+earnings+call,www.youtube.com,metadata_only,youtube_media_blocked,Keep YouTube as metadata/link reference only unless explicit written authorization exists.,sha256:d5814eacb074104effd4478f95eabacfb7a23301176972167706c6ee6a2d8b0a
cl_2024_q4,CL,Colgate-Palmolive Company,vendor,transcript,licensed-vendor://blocked/CL/2024/Q4,licensed-vendor,license_required,vendor_license_missing,Register license_config_ref before any vendor raw content use.,sha256:e48faba6acb5af1a201097e14c18a4cdebe8574a51d748cb21b1c865c65c39ce
el_2024_q4,EL,The Estee Lauder Companies Inc.,youtube,video,https://www.youtube.com/results?search_query=EL+2024+Q4+earnings+call,www.youtube.com,metadata_only,youtube_media_blocked,Keep YouTube as metadata/link reference only unless explicit written authorization exists.,sha256:ca671ce904b2790bed92fea53f89d2e574a8034580fef644223f8efc05a70dc4
el_2024_q4,EL,The Estee Lauder Companies Inc.,vendor,transcript,licensed-vendor://blocked/EL/2024/Q4,licensed-vendor,license_required,vendor_license_missing,Register license_config_ref before any vendor raw content use.,sha256:39a33a45d70fb21705e3c21f14e504b8fb0dbf78b7c68b21dc98cb39027406d9
gis_2024_q4,GIS,"General Mills, Inc.",youtube,video,https://www.youtube.com/results?search_query=GIS+2024+Q4+earnings+call,www.youtube.com,metadata_only,youtube_media_blocked,Keep YouTube as metadata/link reference only unless explicit written authorization exists.,sha256:d1a7b524970bb6654122901046ebc40325afd6988ac48be1b0d8826d6661d47e
gis_2024_q4,GIS,"General Mills, Inc.",vendor,transcript,licensed-vendor://blocked/GIS/2024/Q4,licensed-vendor,license_required,vendor_license_missing,Register license_config_ref before any vendor raw content use.,sha256:dfe1db348e21d3e8b3619aa0c7d5a27e8def6e8f89e58a66691e33ffdaff8eae
hsy_2024_q4,HSY,The Hershey Company,youtube,video,https://www.youtube.com/results?search_query=HSY+2024+Q4+earnings+call,www.youtube.com,metadata_only,youtube_media_blocked,Keep YouTube as metadata/link reference only unless explicit written authorization exists.,sha256:8aad77472ec5a1cfb119c7671c1a97017885fb668e1d121d8b22607de2ec66e6
hsy_2024_q4,HSY,The Hershey Company,vendor,transcript,licensed-vendor://blocked/HSY/2024/Q4,licensed-vendor,license_required,vendor_license_missing,Register license_config_ref before any vendor raw content use.,sha256:4b65e46aac1fd59902c7ce58a7efc3a3f34f4e1ecbc4aa3387bf6eae56e5fcce
t_2024_q4,T,AT&T Inc.,youtube,video,https://www.youtube.com/results?search_query=T+2024+Q4+earnings+call,www.youtube.com,metadata_only,youtube_media_blocked,Keep YouTube as metadata/link reference only unless explicit written authorization exists.,sha256:0bf120ee1180e87486e2867b9f4d1f656ca38af1a02a02486bec47d4841b71cf
t_2024_q4,T,AT&T Inc.,vendor,transcript,licensed-vendor://blocked/T/2024/Q4,licensed-vendor,license_required,vendor_license_missing,Register license_config_ref before any vendor raw content use.,sha256:dededce881704f9e08069d7ef7a43aeccd472a41c6b57de306b4130117ffa2ca
vz_2024_q4,VZ,Verizon Communications Inc.,youtube,video,https://www.youtube.com/results?search_query=VZ+2024+Q4+earnings+call,www.youtube.com,metadata_only,youtube_media_blocked,Keep YouTube as metadata/link reference only unless explicit written authorization exists.,sha256:de664ce7a36a17c6c36513e6a58cf2ddf78f2bd26b6fc32eec9823e71d83801c
vz_2024_q4,VZ,Verizon Communications Inc.,vendor,transcript,licensed-vendor://blocked/VZ/2024/Q4,licensed-vendor,license_required,vendor_license_missing,Register license_config_ref before any vendor raw content use.,sha256:17dff64fc06b4ccb72442516040151283cea11d5bae4fd89d3fe99c767ea8837
ibm_2024_q4,IBM,International Business Machines Corporation,youtube,video,https://www.youtube.com/results?search_query=IBM+2024+Q4+earnings+call,www.youtube.com,metadata_only,youtube_media_blocked,Keep YouTube as metadata/link reference only unless explicit written authorization exists.,sha256:7f2c52a050f203bdc4642045bd5213130dc43d6be00bc9e37499c97e5da500a4
ibm_2024_q4,IBM,International Business Machines Corporation,vendor,transcript,licensed-vendor://blocked/IBM/2024/Q4,licensed-vendor,license_required,vendor_license_missing,Register license_config_ref before any vendor raw content use.,sha256:9fc0313afd9afaba0bb426f7d4f6b0ee628d29df7a5ae993feb25ca8ce11d205
orcl_2024_q4,ORCL,Oracle Corporation,youtube,video,https://www.youtube.com/results?search_query=ORCL+2024+Q4+earnings+call,www.youtube.com,metadata_only,youtube_media_blocked,Keep YouTube as metadata/link reference only unless explicit written authorization exists.,sha256:0f4a11dadc60854a4600e7017a6b592e0cfd81686d5d134173f8247d95c12cc2
orcl_2024_q4,ORCL,Oracle Corporation,vendor,transcript,licensed-vendor://blocked/ORCL/2024/Q4,licensed-vendor,license_required,vendor_license_missing,Register license_config_ref before any vendor raw content use.,sha256:d1f5d41afeecc4fa076bbac6347f3f956034a251aaf6de8351efe00cc038ca08
crm_2024_q4,CRM,"Salesforce, Inc.",youtube,video,https://www.youtube.com/results?search_query=CRM+2024+Q4+earnings+call,www.youtube.com,metadata_only,youtube_media_blocked,Keep YouTube as metadata/link reference only unless explicit written authorization exists.,sha256:c5dc31be0679952d9d1e89b543ed691c9064778088db2d509635d5e5d54097ef
crm_2024_q4,CRM,"Salesforce, Inc.",vendor,transcript,licensed-vendor://blocked/CRM/2024/Q4,licensed-vendor,license_required,vendor_license_missing,Register license_config_ref before any vendor raw content use.,sha256:7e80f9311ddb34648247c91844bc8b60c86ecf0c9c930609774a917be710481d
now_2024_q4,NOW,"ServiceNow, Inc.",youtube,video,https://www.youtube.com/results?search_query=NOW+2024+Q4+earnings+call,www.youtube.com,metadata_only,youtube_media_blocked,Keep YouTube as metadata/link reference only unless explicit written authorization exists.,sha256:d77c3d15eaafbda11ad0a6b610ca0a909f530ce46d303ed6b5863fe7196f520c
now_2024_q4,NOW,"ServiceNow, Inc.",vendor,transcript,licensed-vendor://blocked/NOW/2024/Q4,licensed-vendor,license_required,vendor_license_missing,Register license_config_ref before any vendor raw content use.,sha256:6e91991ffaae2222564130d9979c5511055fea4725363d7eea7b36543c7251d2
acn_2024_q4,ACN,Accenture plc,youtube,video,https://www.youtube.com/results?search_query=ACN+2024+Q4+earnings+call,www.youtube.com,metadata_only,youtube_media_blocked,Keep YouTube as metadata/link reference only unless explicit written authorization exists.,sha256:bce3f5738f9586c37f3f290dc1b35f032cb8d8820d54a4f9986e26efd428ace6
acn_2024_q4,ACN,Accenture plc,vendor,transcript,licensed-vendor://blocked/ACN/2024/Q4,licensed-vendor,license_required,vendor_license_missing,Register license_config_ref before any vendor raw content use.,sha256:9ab093d4cdf73c862b0d18289e62b3c5a91416f931278449487e76d418d10124
dell_2024_q4,DELL,Dell Technologies Inc.,youtube,video,https://www.youtube.com/results?search_query=DELL+2024+Q4+earnings+call,www.youtube.com,metadata_only,youtube_media_blocked,Keep YouTube as metadata/link reference only unless explicit written authorization exists.,sha256:384edb30ca4e15c906f1cc768763d648319991ae019ffc2e759c39e65ec2eb20
dell_2024_q4,DELL,Dell Technologies Inc.,vendor,transcript,licensed-vendor://blocked/DELL/2024/Q4,licensed-vendor,license_required,vendor_license_missing,Register license_config_ref before any vendor raw content use.,sha256:8ef1bd0a992a5bb2f3181c69b76390dfa7f24318ca483374d56989fa5b727970
hpq_2024_q4,HPQ,HP Inc.,youtube,video,https://www.youtube.com/results?search_query=HPQ+2024+Q4+earnings+call,www.youtube.com,metadata_only,youtube_media_blocked,Keep YouTube as metadata/link reference only unless explicit written authorization exists.,sha256:a310631078792971b50013ffb91a77a76af7b9a25b609485a8175bcfd8608fec
hpq_2024_q4,HPQ,HP Inc.,vendor,transcript,licensed-vendor://blocked/HPQ/2024/Q4,licensed-vendor,license_required,vendor_license_missing,Register license_config_ref before any vendor raw content use.,sha256:854c91961291bca10b0ac0995313f3ddbc6656b18a33a10d55eae211c64cba87
net_2024_q4,NET,"Cloudflare, Inc.",youtube,video,https://www.youtube.com/results?search_query=NET+2024+Q4+earnings+call,www.youtube.com,metadata_only,youtube_media_blocked,Keep YouTube as metadata/link reference only unless explicit written authorization exists.,sha256:07201e13f77cae21166e981030daab3194657216ccbaa2ec58cf9d0d01e6149a
net_2024_q4,NET,"Cloudflare, Inc.",vendor,transcript,licensed-vendor://blocked/NET/2024/Q4,licensed-vendor,license_required,vendor_license_missing,Register license_config_ref before any vendor raw content use.,sha256:df1292547a274d243278009eecfdc8994699ca98557876b6c1a793bb78db0b2f
snow_2024_q4,SNOW,Snowflake Inc.,youtube,video,https://www.youtube.com/results?search_query=SNOW+2024+Q4+earnings+call,www.youtube.com,metadata_only,youtube_media_blocked,Keep YouTube as metadata/link reference only unless explicit written authorization exists.,sha256:03b95059e4841d02b2d5d0f6cedec97d6aa3214593bd0b8b6abb6ca670a534a1
snow_2024_q4,SNOW,Snowflake Inc.,vendor,transcript,licensed-vendor://blocked/SNOW/2024/Q4,licensed-vendor,license_required,vendor_license_missing,Register license_config_ref before any vendor raw content use.,sha256:2b773ed095bd7363cd1075d24758b0e946d61fdea47c44415863ffb049ee7371
jpm_2023_q4,JPM,JPMorgan Chase & Co.,youtube,video,https://www.youtube.com/results?search_query=JPM+2023+Q4+earnings+call,www.youtube.com,metadata_only,youtube_media_blocked,Keep YouTube as metadata/link reference only unless explicit written authorization exists.,sha256:fbcf5bf6cbd9be06b9fa6ecc811b6c6d837cdbaad16bcf5ad09f09c568693ac4
jpm_2023_q4,JPM,JPMorgan Chase & Co.,vendor,transcript,licensed-vendor://blocked/JPM/2023/Q4,licensed-vendor,license_required,vendor_license_missing,Register license_config_ref before any vendor raw content use.,sha256:ac413638f4a6ddeefa76e50d39282fcdf8a1b69a97a2e470bb6e5b61ee902a78
bac_2023_q4,BAC,Bank of America Corporation,youtube,video,https://www.youtube.com/results?search_query=BAC+2023+Q4+earnings+call,www.youtube.com,metadata_only,youtube_media_blocked,Keep YouTube as metadata/link reference only unless explicit written authorization exists.,sha256:14bead4a064bddd2ad386f73a8cb851872523c4801a65de8dd860564c1e0b604
bac_2023_q4,BAC,Bank of America Corporation,vendor,transcript,licensed-vendor://blocked/BAC/2023/Q4,licensed-vendor,license_required,vendor_license_missing,Register license_config_ref before any vendor raw content use.,sha256:652cb50dd41e2f0264dbe4a59401d7680e1d241f58504a051786b75793180a29
c_2023_q4,C,Citigroup Inc.,youtube,video,https://www.youtube.com/results?search_query=C+2023+Q4+earnings+call,www.youtube.com,metadata_only,youtube_media_blocked,Keep YouTube as metadata/link reference only unless explicit written authorization exists.,sha256:f26ee533ad02405d7221ed796789e5247d13baa1a56b98641c566116705a1c12
c_2023_q4,C,Citigroup Inc.,vendor,transcript,licensed-vendor://blocked/C/2023/Q4,licensed-vendor,license_required,vendor_license_missing,Register license_config_ref before any vendor raw content use.,sha256:f9e7e01d5b9c9c8a5af64c5e9d5c9fcdf15238ad857e04e29af1371072eae59e
wfc_2023_q4,WFC,Wells Fargo & Company,youtube,video,https://www.youtube.com/results?search_query=WFC+2023+Q4+earnings+call,www.youtube.com,metadata_only,youtube_media_blocked,Keep YouTube as metadata/link reference only unless explicit written authorization exists.,sha256:4b0c43385eb02787face0d78039979f1d1ca3137737b6b170ca3a5d65e0133de
wfc_2023_q4,WFC,Wells Fargo & Company,vendor,transcript,licensed-vendor://blocked/WFC/2023/Q4,licensed-vendor,license_required,vendor_license_missing,Register license_config_ref before any vendor raw content use.,sha256:21da85284f99336f65ab3f92f05c017cbe5e823564ad27b2b2bcb215c4203dfa
gs_2023_q4,GS,"The Goldman Sachs Group, Inc.",youtube,video,https://www.youtube.com/results?search_query=GS+2023+Q4+earnings+call,www.youtube.com,metadata_only,youtube_media_blocked,Keep YouTube as metadata/link reference only unless explicit written authorization exists.,sha256:94a68218c1bcd87bc2136aaffb9a925e2588815c79d903de1064cc1f6654a3d4
gs_2023_q4,GS,"The Goldman Sachs Group, Inc.",vendor,transcript,licensed-vendor://blocked/GS/2023/Q4,licensed-vendor,license_required,vendor_license_missing,Register license_config_ref before any vendor raw content use.,sha256:0a755d6a1e93defba2d9b7a3c83f1eb3a51402943bc76db96f7172b771aa0310
ms_2023_q4,MS,Morgan Stanley,youtube,video,https://www.youtube.com/results?search_query=MS+2023+Q4+earnings+call,www.youtube.com,metadata_only,youtube_media_blocked,Keep YouTube as metadata/link reference only unless explicit written authorization exists.,sha256:3b33b9209f01e97ded4e3dc92c07f83bbd683677d1154dd8ac42e3954470a20b
ms_2023_q4,MS,Morgan Stanley,vendor,transcript,licensed-vendor://blocked/MS/2023/Q4,licensed-vendor,license_required,vendor_license_missing,Register license_config_ref before any vendor raw content use.,sha256:ada220f08e28ef4e48a145baea3c4207c7bbe44ab4143548ea59770a7939cf3a
bk_2023_q4,BK,The Bank of New York Mellon Corporation,youtube,video,https://www.youtube.com/results?search_query=BK+2023+Q4+earnings+call,www.youtube.com,metadata_only,youtube_media_blocked,Keep YouTube as metadata/link reference only unless explicit written authorization exists.,sha256:d775277f7f0667c4b546874d98171c49a574aaf6d9f3f4b6be309ba01b1341c0
bk_2023_q4,BK,The Bank of New York Mellon Corporation,vendor,transcript,licensed-vendor://blocked/BK/2023/Q4,licensed-vendor,license_required,vendor_license_missing,Register license_config_ref before any vendor raw content use.,sha256:f6abccb9cd40e63bf4aa19cffc46e686c73b11a672d2994141d5aa8635b1d81f
stt_2023_q4,STT,State Street Corporation,youtube,video,https://www.youtube.com/results?search_query=STT+2023+Q4+earnings+call,www.youtube.com,metadata_only,youtube_media_blocked,Keep YouTube as metadata/link reference only unless explicit written authorization exists.,sha256:c594ba1c2a03f648b802494918116888726d5e1fc620672c806345c98d983261
stt_2023_q4,STT,State Street Corporation,vendor,transcript,licensed-vendor://blocked/STT/2023/Q4,licensed-vendor,license_required,vendor_license_missing,Register license_config_ref before any vendor raw content use.,sha256:c3262eeff4e79ae71dc025d11a582917249d5792091557ae796719a7514aafbc
usb_2023_q4,USB,U.S. Bancorp,youtube,video,https://www.youtube.com/results?search_query=USB+2023+Q4+earnings+call,www.youtube.com,metadata_only,youtube_media_blocked,Keep YouTube as metadata/link reference only unless explicit written authorization exists.,sha256:065db2b5bb4af2f4a28d70f3217788479886d801acab6350d92578e1df860ab1
usb_2023_q4,USB,U.S. Bancorp,vendor,transcript,licensed-vendor://blocked/USB/2023/Q4,licensed-vendor,license_required,vendor_license_missing,Register license_config_ref before any vendor raw content use.,sha256:07698e7c2a32c8a5ea3b38111624d305a5e3bee91256b4e9022d53d1da2d4d21
pnc_2023_q4,PNC,"The PNC Financial Services Group, Inc.",youtube,video,https://www.youtube.com/results?search_query=PNC+2023+Q4+earnings+call,www.youtube.com,metadata_only,youtube_media_blocked,Keep YouTube as metadata/link reference only unless explicit written authorization exists.,sha256:f9ffcce495fdba1a00d5e0435083a88bb68f9e5083e53358afa9abfabd92dc0b
pnc_2023_q4,PNC,"The PNC Financial Services Group, Inc.",vendor,transcript,licensed-vendor://blocked/PNC/2023/Q4,licensed-vendor,license_required,vendor_license_missing,Register license_config_ref before any vendor raw content use.,sha256:acf3c5310a194623be7420aefb7e7ef7988f70abca4bd04e26eb7311fa25d676
tfc_2023_q4,TFC,Truist Financial Corporation,youtube,video,https://www.youtube.com/results?search_query=TFC+2023+Q4+earnings+call,www.youtube.com,metadata_only,youtube_media_blocked,Keep YouTube as metadata/link reference only unless explicit written authorization exists.,sha256:fca14e8031c976f57845d788c1f59cdeff33f3a7fef787f793c1eff91a6c3d7a
tfc_2023_q4,TFC,Truist Financial Corporation,vendor,transcript,licensed-vendor://blocked/TFC/2023/Q4,licensed-vendor,license_required,vendor_license_missing,Register license_config_ref before any vendor raw content use.,sha256:110f394bd4427a9b59d9daf6e29788336af3adb35456d092633093b58cc15b0c
cof_2023_q4,COF,Capital One Financial Corporation,youtube,video,https://www.youtube.com/results?search_query=COF+2023+Q4+earnings+call,www.youtube.com,metadata_only,youtube_media_blocked,Keep YouTube as metadata/link reference only unless explicit written authorization exists.,sha256:278f86fe197a527404923f37eda0c18de99ae75855745c98cac57cf1997d02fc
cof_2023_q4,COF,Capital One Financial Corporation,vendor,transcript,licensed-vendor://blocked/COF/2023/Q4,licensed-vendor,license_required,vendor_license_missing,Register license_config_ref before any vendor raw content use.,sha256:1ec116a666b8b452d314eed53e48913f2e80307618352590c6e1e00f05a05b02
axp_2023_q4,AXP,American Express Company,youtube,video,https://www.youtube.com/results?search_query=AXP+2023+Q4+earnings+call,www.youtube.com,metadata_only,youtube_media_blocked,Keep YouTube as metadata/link reference only unless explicit written authorization exists.,sha256:ced79807134c16722bd77ae6b4a1757c84b9a68f1fe310f27ad3638737cd590b
axp_2023_q4,AXP,American Express Company,vendor,transcript,licensed-vendor://blocked/AXP/2023/Q4,licensed-vendor,license_required,vendor_license_missing,Register license_config_ref before any vendor raw content use.,sha256:d087a0b745c14e93156bf29c15c0b6550140e5b76fba0dba2fa2563f629d6ee0
v_2023_q4,V,Visa Inc.,youtube,video,https://www.youtube.com/results?search_query=V+2023+Q4+earnings+call,www.youtube.com,metadata_only,youtube_media_blocked,Keep YouTube as metadata/link reference only unless explicit written authorization exists.,sha256:04dd77ee0d14a019b168e063f352de9f17de2b0d119f6c1582afb9bb635a3a49
v_2023_q4,V,Visa Inc.,vendor,transcript,licensed-vendor://blocked/V/2023/Q4,licensed-vendor,license_required,vendor_license_missing,Register license_config_ref before any vendor raw content use.,sha256:d3f7e7c5821070c3ac5ca47e113a5c6f7d25090077b0522faf9a357e433935db
ma_2023_q4,MA,Mastercard Incorporated,youtube,video,https://www.youtube.com/results?search_query=MA+2023+Q4+earnings+call,www.youtube.com,metadata_only,youtube_media_blocked,Keep YouTube as metadata/link reference only unless explicit written authorization exists.,sha256:5319680b0345f883969e9e1a7815431f175091d29538bf56dbcfbe5312f20209
ma_2023_q4,MA,Mastercard Incorporated,vendor,transcript,licensed-vendor://blocked/MA/2023/Q4,licensed-vendor,license_required,vendor_license_missing,Register license_config_ref before any vendor raw content use.,sha256:73ddfdf39088864c7aec4e3010dfc4529b46ad7282056cea436d80f11143fed0
fis_2023_q4,FIS,"Fidelity National Information Services, Inc.",youtube,video,https://www.youtube.com/results?search_query=FIS+2023+Q4+earnings+call,www.youtube.com,metadata_only,youtube_media_blocked,Keep YouTube as metadata/link reference only unless explicit written authorization exists.,sha256:61455597dda083a1cddd5b2c3ee059b10f4588ab83c273970985d5b579119381
fis_2023_q4,FIS,"Fidelity National Information Services, Inc.",vendor,transcript,licensed-vendor://blocked/FIS/2023/Q4,licensed-vendor,license_required,vendor_license_missing,Register license_config_ref before any vendor raw content use.,sha256:461d646ed062baad761e0c31b48174bc004deea30c67f04b6ae150f5637e9031
gpn_2023_q4,GPN,Global Payments Inc.,youtube,video,https://www.youtube.com/results?search_query=GPN+2023+Q4+earnings+call,www.youtube.com,metadata_only,youtube_media_blocked,Keep YouTube as metadata/link reference only unless explicit written authorization exists.,sha256:8618208e2b629f893c7bacd31fae4746d1e0ee857108f57c62b0fb6fbde18f59
gpn_2023_q4,GPN,Global Payments Inc.,vendor,transcript,licensed-vendor://blocked/GPN/2023/Q4,licensed-vendor,license_required,vendor_license_missing,Register license_config_ref before any vendor raw content use.,sha256:6d606532a06ef499afa30c02221cf59a27a0f5cc70e75898fecd18778d7fc023
blk_2023_q4,BLK,"BlackRock, Inc.",youtube,video,https://www.youtube.com/results?search_query=BLK+2023+Q4+earnings+call,www.youtube.com,metadata_only,youtube_media_blocked,Keep YouTube as metadata/link reference only unless explicit written authorization exists.,sha256:46a5f3689d14a06060e429c462bd0cd6566a87489def9998034b220023fd37ee
blk_2023_q4,BLK,"BlackRock, Inc.",vendor,transcript,licensed-vendor://blocked/BLK/2023/Q4,licensed-vendor,license_required,vendor_license_missing,Register license_config_ref before any vendor raw content use.,sha256:b14c955073868de85a44fb651ace163d2694b6b01bf851c855c2f7b5c46f74f2
bx_2023_q4,BX,Blackstone Inc.,youtube,video,https://www.youtube.com/results?search_query=BX+2023+Q4+earnings+call,www.youtube.com,metadata_only,youtube_media_blocked,Keep YouTube as metadata/link reference only unless explicit written authorization exists.,sha256:8a7a42ff3f10af6022c474195335be7b070bc572a94ba7fac2da52745e354b10
bx_2023_q4,BX,Blackstone Inc.,vendor,transcript,licensed-vendor://blocked/BX/2023/Q4,licensed-vendor,license_required,vendor_license_missing,Register license_config_ref before any vendor raw content use.,sha256:e0cf8f8775ba9908396c0e313da0cd55891bca36f94264753ca9bd046b3ce5e9
schw_2023_q4,SCHW,The Charles Schwab Corporation,youtube,video,https://www.youtube.com/results?search_query=SCHW+2023+Q4+earnings+call,www.youtube.com,metadata_only,youtube_media_blocked,Keep YouTube as metadata/link reference only unless explicit written authorization exists.,sha256:c59711c61b05e4b5729241505bc76a109a735ed32733bfc2193c1479a07715f1
schw_2023_q4,SCHW,The Charles Schwab Corporation,vendor,transcript,licensed-vendor://blocked/SCHW/2023/Q4,licensed-vendor,license_required,vendor_license_missing,Register license_config_ref before any vendor raw content use.,sha256:f0712c59a2162570a4306c7db20745cc62227f7e965a39d57567ca7037be3ee1
ice_2023_q4,ICE,"Intercontinental Exchange, Inc.",youtube,video,https://www.youtube.com/results?search_query=ICE+2023+Q4+earnings+call,www.youtube.com,metadata_only,youtube_media_blocked,Keep YouTube as metadata/link reference only unless explicit written authorization exists.,sha256:b991a217ead6a8a96a02701a8c1a3849236bce5691fdaad8461cb1a5ac2a3b25
ice_2023_q4,ICE,"Intercontinental Exchange, Inc.",vendor,transcript,licensed-vendor://blocked/ICE/2023/Q4,licensed-vendor,license_required,vendor_license_missing,Register license_config_ref before any vendor raw content use.,sha256:49e38dbb461a4a5a64c1c5b1cfa37d6aa771d248d56629950bbaf0fe2ad4f9c8
spgi_2023_q4,SPGI,S&P Global Inc.,youtube,video,https://www.youtube.com/results?search_query=SPGI+2023+Q4+earnings+call,www.youtube.com,metadata_only,youtube_media_blocked,Keep YouTube as metadata/link reference only unless explicit written authorization exists.,sha256:7a2d4e8460b52f22a2c98462702ecd639affaf80c07d56b023f2248e414dd3b9
spgi_2023_q4,SPGI,S&P Global Inc.,vendor,transcript,licensed-vendor://blocked/SPGI/2023/Q4,licensed-vendor,license_required,vendor_license_missing,Register license_config_ref before any vendor raw content use.,sha256:6e682273a70d52fbeacd05d244fd7be0a34e89d56eb3fe04c03062f44ca4ce0c
mco_2023_q4,MCO,Moody's Corporation,youtube,video,https://www.youtube.com/results?search_query=MCO+2023+Q4+earnings+call,www.youtube.com,metadata_only,youtube_media_blocked,Keep YouTube as metadata/link reference only unless explicit written authorization exists.,sha256:9e11023fdf2d0acb4a941ee2111dcee3503077767aecbfed226de9e938721ca8
mco_2023_q4,MCO,Moody's Corporation,vendor,transcript,licensed-vendor://blocked/MCO/2023/Q4,licensed-vendor,license_required,vendor_license_missing,Register license_config_ref before any vendor raw content use.,sha256:eb16f365a99e87e214f9b59a2196fe7e0f8cf3204540dcae5543c4fd758be093
aon_2023_q4,AON,Aon plc,youtube,video,https://www.youtube.com/results?search_query=AON+2023+Q4+earnings+call,www.youtube.com,metadata_only,youtube_media_blocked,Keep YouTube as metadata/link reference only unless explicit written authorization exists.,sha256:1a607d61fbd1ee7355dbcce0b24c1a36f3bf1c680636dd3fcf797798a66b9884
aon_2023_q4,AON,Aon plc,vendor,transcript,licensed-vendor://blocked/AON/2023/Q4,licensed-vendor,license_required,vendor_license_missing,Register license_config_ref before any vendor raw content use.,sha256:11da391f2b06d9cfba6d0790b5543200328291cb81b9917f0ffdbcc86b75c064
aig_2023_q4,AIG,"American International Group, Inc.",youtube,video,https://www.youtube.com/results?search_query=AIG+2023+Q4+earnings+call,www.youtube.com,metadata_only,youtube_media_blocked,Keep YouTube as metadata/link reference only unless explicit written authorization exists.,sha256:e1cee91780ed205252091a5f717769ff5e04ec34a4999f6fa5ca6b02f9a30521
aig_2023_q4,AIG,"American International Group, Inc.",vendor,transcript,licensed-vendor://blocked/AIG/2023/Q4,licensed-vendor,license_required,vendor_license_missing,Register license_config_ref before any vendor raw content use.,sha256:f6d8a10be21f8f7abee0f580fb074924789e922ddc46988489f670a17a942850
met_2023_q4,MET,"MetLife, Inc.",youtube,video,https://www.youtube.com/results?search_query=MET+2023+Q4+earnings+call,www.youtube.com,metadata_only,youtube_media_blocked,Keep YouTube as metadata/link reference only unless explicit written authorization exists.,sha256:e64488ae682108ce091b7a424e35199271b24278cdab82445be377d04056cd20
met_2023_q4,MET,"MetLife, Inc.",vendor,transcript,licensed-vendor://blocked/MET/2023/Q4,licensed-vendor,license_required,vendor_license_missing,Register license_config_ref before any vendor raw content use.,sha256:1f26a8f9de519803422caca8e064a2a5ebaeddb0749993e59ef52ed6d695fe91
pru_2023_q4,PRU,"Prudential Financial, Inc.",youtube,video,https://www.youtube.com/results?search_query=PRU+2023+Q4+earnings+call,www.youtube.com,metadata_only,youtube_media_blocked,Keep YouTube as metadata/link reference only unless explicit written authorization exists.,sha256:b83b4eb1c0a13c1b040c9af2246cf75a3d1731048c12198e4cc3a15c42a8ca26
pru_2023_q4,PRU,"Prudential Financial, Inc.",vendor,transcript,licensed-vendor://blocked/PRU/2023/Q4,licensed-vendor,license_required,vendor_license_missing,Register license_config_ref before any vendor raw content use.,sha256:9d7717d3e52b13021a89fff789902d9621bc8c3fed1cd44e2e0efd74f7fa747e
trv_2023_q4,TRV,"The Travelers Companies, Inc.",youtube,video,https://www.youtube.com/results?search_query=TRV+2023+Q4+earnings+call,www.youtube.com,metadata_only,youtube_media_blocked,Keep YouTube as metadata/link reference only unless explicit written authorization exists.,sha256:335b9a3bc1a4a00dd7f75ba86a6e069ae0f1159a1a3d2e9a362783d8b9b0d0fa
trv_2023_q4,TRV,"The Travelers Companies, Inc.",vendor,transcript,licensed-vendor://blocked/TRV/2023/Q4,licensed-vendor,license_required,vendor_license_missing,Register license_config_ref before any vendor raw content use.,sha256:f9d1f7bfd2fa938992a3a213ff6c30f74dcd188a333540787efb47ca6c5e86f1
cb_2023_q4,CB,Chubb Limited,youtube,video,https://www.youtube.com/results?search_query=CB+2023+Q4+earnings+call,www.youtube.com,metadata_only,youtube_media_blocked,Keep YouTube as metadata/link reference only unless explicit written authorization exists.,sha256:8fb737f2f98ac2c009f776a72ee9659f7f3129134e202ba9535f303768539fa0
cb_2023_q4,CB,Chubb Limited,vendor,transcript,licensed-vendor://blocked/CB/2023/Q4,licensed-vendor,license_required,vendor_license_missing,Register license_config_ref before any vendor raw content use.,sha256:dd52e5df90cb1a47e99001dcc2344437923e65f9e16cab74f12df6f8e8f3298b
jnj_2023_q4,JNJ,Johnson & Johnson,youtube,video,https://www.youtube.com/results?search_query=JNJ+2023+Q4+earnings+call,www.youtube.com,metadata_only,youtube_media_blocked,Keep YouTube as metadata/link reference only unless explicit written authorization exists.,sha256:41ebe1001f4e96534c3befb2f76162cec17f0aa52b1ae8dceaea9be22c49b2d3
jnj_2023_q4,JNJ,Johnson & Johnson,vendor,transcript,licensed-vendor://blocked/JNJ/2023/Q4,licensed-vendor,license_required,vendor_license_missing,Register license_config_ref before any vendor raw content use.,sha256:aa65d95d5b0c689f8b51dabddbbfc2b25beb427b9aafcac687445c70fff09caa
lly_2023_q4,LLY,Eli Lilly and Company,youtube,video,https://www.youtube.com/results?search_query=LLY+2023+Q4+earnings+call,www.youtube.com,metadata_only,youtube_media_blocked,Keep YouTube as metadata/link reference only unless explicit written authorization exists.,sha256:b743f24f304bfb763606eafccec33384f7c660832e52cd6c0aec8fd45a8dbbcd
lly_2023_q4,LLY,Eli Lilly and Company,vendor,transcript,licensed-vendor://blocked/LLY/2023/Q4,licensed-vendor,license_required,vendor_license_missing,Register license_config_ref before any vendor raw content use.,sha256:640f3475b75ae7f0b352ab8cf9022dbd036bfef529942a41e00849bafc2ba945
mrk_2023_q4,MRK,"Merck & Co., Inc.",youtube,video,https://www.youtube.com/results?search_query=MRK+2023+Q4+earnings+call,www.youtube.com,metadata_only,youtube_media_blocked,Keep YouTube as metadata/link reference only unless explicit written authorization exists.,sha256:4e94c91469bfaae0284e41c0762504d5b55b8f49a25d0bbc6f866077d0f4d30e
mrk_2023_q4,MRK,"Merck & Co., Inc.",vendor,transcript,licensed-vendor://blocked/MRK/2023/Q4,licensed-vendor,license_required,vendor_license_missing,Register license_config_ref before any vendor raw content use.,sha256:174f6bc197d6d79f6921866db7e945188ea9e0dc40624967f547e9d789bf79fe
pfe_2023_q4,PFE,Pfizer Inc.,youtube,video,https://www.youtube.com/results?search_query=PFE+2023+Q4+earnings+call,www.youtube.com,metadata_only,youtube_media_blocked,Keep YouTube as metadata/link reference only unless explicit written authorization exists.,sha256:6bc2b76437dda5499e6f17851264e5e8db23d618a0d4da6092738a01e3974be5
pfe_2023_q4,PFE,Pfizer Inc.,vendor,transcript,licensed-vendor://blocked/PFE/2023/Q4,licensed-vendor,license_required,vendor_license_missing,Register license_config_ref before any vendor raw content use.,sha256:09723908e1c4ad76687b8c2edd1b4627bda91163758f7eacd688d058ded347fb
unh_2023_q4,UNH,UnitedHealth Group Incorporated,youtube,video,https://www.youtube.com/results?search_query=UNH+2023+Q4+earnings+call,www.youtube.com,metadata_only,youtube_media_blocked,Keep YouTube as metadata/link reference only unless explicit written authorization exists.,sha256:f9f826b332da417cfa8ae83108775e412dbef46814d29aac0d9cd5198b72b196
unh_2023_q4,UNH,UnitedHealth Group Incorporated,vendor,transcript,licensed-vendor://blocked/UNH/2023/Q4,licensed-vendor,license_required,vendor_license_missing,Register license_config_ref before any vendor raw content use.,sha256:651f94d5b82849f4c4d984f9cef0131567f5a6d182701d3bf2e558e324b436ef
cvs_2023_q4,CVS,CVS Health Corporation,youtube,video,https://www.youtube.com/results?search_query=CVS+2023+Q4+earnings+call,www.youtube.com,metadata_only,youtube_media_blocked,Keep YouTube as metadata/link reference only unless explicit written authorization exists.,sha256:a966314028fbab0fc659ec30d027da5bf0f7dda3c2f051df114221e78cbe847e
cvs_2023_q4,CVS,CVS Health Corporation,vendor,transcript,licensed-vendor://blocked/CVS/2023/Q4,licensed-vendor,license_required,vendor_license_missing,Register license_config_ref before any vendor raw content use.,sha256:0181615b87be707366e35c22f735293b2aea6c578c281788d09b7fd46a7de6d5
abt_2023_q4,ABT,Abbott Laboratories,youtube,video,https://www.youtube.com/results?search_query=ABT+2023+Q4+earnings+call,www.youtube.com,metadata_only,youtube_media_blocked,Keep YouTube as metadata/link reference only unless explicit written authorization exists.,sha256:0463942be9173855ac3195e390ff872dbea1d22f4dd6d41db1278374854bb1f1
abt_2023_q4,ABT,Abbott Laboratories,vendor,transcript,licensed-vendor://blocked/ABT/2023/Q4,licensed-vendor,license_required,vendor_license_missing,Register license_config_ref before any vendor raw content use.,sha256:485a16f5c39f3fa823646e92e005a2b0267f5620f7c7ff08690dd2d5a429d96b
bmy_2023_q4,BMY,Bristol Myers Squibb Company,youtube,video,https://www.youtube.com/results?search_query=BMY+2023+Q4+earnings+call,www.youtube.com,metadata_only,youtube_media_blocked,Keep YouTube as metadata/link reference only unless explicit written authorization exists.,sha256:7cfb8fdc290e6a6e076c39f5a300ee8e7ab7a3cf1258ba52341930a143a01484
bmy_2023_q4,BMY,Bristol Myers Squibb Company,vendor,transcript,licensed-vendor://blocked/BMY/2023/Q4,licensed-vendor,license_required,vendor_license_missing,Register license_config_ref before any vendor raw content use.,sha256:96623e07d6949ec152f34a0b6f6686e0750c3180d038ed452d50b895f2e411a1
mdt_2023_q4,MDT,Medtronic plc,youtube,video,https://www.youtube.com/results?search_query=MDT+2023+Q4+earnings+call,www.youtube.com,metadata_only,youtube_media_blocked,Keep YouTube as metadata/link reference only unless explicit written authorization exists.,sha256:1a07196c2ab0a71bc212475a50d4d57812ac33ace05d57ed7ba20285a0cb4913
mdt_2023_q4,MDT,Medtronic plc,vendor,transcript,licensed-vendor://blocked/MDT/2023/Q4,licensed-vendor,license_required,vendor_license_missing,Register license_config_ref before any vendor raw content use.,sha256:a2cae4d90e4bdcd3458338487755cd2565b743f2ac1828b97158f50bd2092b74
tmo_2023_q4,TMO,Thermo Fisher Scientific Inc.,youtube,video,https://www.youtube.com/results?search_query=TMO+2023+Q4+earnings+call,www.youtube.com,metadata_only,youtube_media_blocked,Keep YouTube as metadata/link reference only unless explicit written authorization exists.,sha256:14e5ac840bc7b42b9800030432a3a7161ce9dcc1be9b42ea1e7325fbeab52e2f
tmo_2023_q4,TMO,Thermo Fisher Scientific Inc.,vendor,transcript,licensed-vendor://blocked/TMO/2023/Q4,licensed-vendor,license_required,vendor_license_missing,Register license_config_ref before any vendor raw content use.,sha256:f4ca2b94f82a9ff1219f24650867eaf58c831c4ae72c59f60750ffee5e59aa55
dhr_2023_q4,DHR,Danaher Corporation,youtube,video,https://www.youtube.com/results?search_query=DHR+2023+Q4+earnings+call,www.youtube.com,metadata_only,youtube_media_blocked,Keep YouTube as metadata/link reference only unless explicit written authorization exists.,sha256:ca9828dfd79d4b71f329bc9fc6a6f7ca6e04ea8e2867b4864dd3bca6d8853912
dhr_2023_q4,DHR,Danaher Corporation,vendor,transcript,licensed-vendor://blocked/DHR/2023/Q4,licensed-vendor,license_required,vendor_license_missing,Register license_config_ref before any vendor raw content use.,sha256:8ce40c5cfbeae0a97325a00171e28c0a2b7aa1de81bd8d7275e81f49cf7e2f56
bdx_2023_q4,BDX,"Becton, Dickinson and Company",youtube,video,https://www.youtube.com/results?search_query=BDX+2023+Q4+earnings+call,www.youtube.com,metadata_only,youtube_media_blocked,Keep YouTube as metadata/link reference only unless explicit written authorization exists.,sha256:4bbc081e60e5e8103a2da237a6f26d669b1eb952995042486c111232ae2e98d1
bdx_2023_q4,BDX,"Becton, Dickinson and Company",vendor,transcript,licensed-vendor://blocked/BDX/2023/Q4,licensed-vendor,license_required,vendor_license_missing,Register license_config_ref before any vendor raw content use.,sha256:9d738f327fcf3340ea19211fedec9f61f3ee39951067c8e476c40e03b26f4e0b
ci_2023_q4,CI,The Cigna Group,youtube,video,https://www.youtube.com/results?search_query=CI+2023+Q4+earnings+call,www.youtube.com,metadata_only,youtube_media_blocked,Keep YouTube as metadata/link reference only unless explicit written authorization exists.,sha256:99e0ae51c0b5ef1d80d7e478d77d8d8d9d83a01a6113983a0eee45c0f272b429
ci_2023_q4,CI,The Cigna Group,vendor,transcript,licensed-vendor://blocked/CI/2023/Q4,licensed-vendor,license_required,vendor_license_missing,Register license_config_ref before any vendor raw content use.,sha256:0161482a5fc03fb2078ae0682daee6ef1c4c159074fc336cdb22e67d4cf16500
hca_2023_q4,HCA,"HCA Healthcare, Inc.",youtube,video,https://www.youtube.com/results?search_query=HCA+2023+Q4+earnings+call,www.youtube.com,metadata_only,youtube_media_blocked,Keep YouTube as metadata/link reference only unless explicit written authorization exists.,sha256:fa222d27ec96b4c0d78184265018eb24ef107de0efe6cba5aaf0c5bc6b137859
hca_2023_q4,HCA,"HCA Healthcare, Inc.",vendor,transcript,licensed-vendor://blocked/HCA/2023/Q4,licensed-vendor,license_required,vendor_license_missing,Register license_config_ref before any vendor raw content use.,sha256:194121ce594d165908fd4d9953eb03f37cc4312c2072ddc0f01736617fee863d
syk_2023_q4,SYK,Stryker Corporation,youtube,video,https://www.youtube.com/results?search_query=SYK+2023+Q4+earnings+call,www.youtube.com,metadata_only,youtube_media_blocked,Keep YouTube as metadata/link reference only unless explicit written authorization exists.,sha256:09ecfd9fa85b31dcae7fe111c6e9d19244b2d1e80fd79b1cf26675af29e1c23d
syk_2023_q4,SYK,Stryker Corporation,vendor,transcript,licensed-vendor://blocked/SYK/2023/Q4,licensed-vendor,license_required,vendor_license_missing,Register license_config_ref before any vendor raw content use.,sha256:771e1380270a3e7e799f60bdd0769f26eaaef901937fccf20c9dab247d4ae242
xom_2023_q4,XOM,Exxon Mobil Corporation,youtube,video,https://www.youtube.com/results?search_query=XOM+2023+Q4+earnings+call,www.youtube.com,metadata_only,youtube_media_blocked,Keep YouTube as metadata/link reference only unless explicit written authorization exists.,sha256:f5164be80e25778d57b69ef45ce406e6f88d3454ef6b361fc04a8900b8d2028f
xom_2023_q4,XOM,Exxon Mobil Corporation,vendor,transcript,licensed-vendor://blocked/XOM/2023/Q4,licensed-vendor,license_required,vendor_license_missing,Register license_config_ref before any vendor raw content use.,sha256:6e7ae5359fb7fe4632893759e257bdc85cbde362e7786049c3ff0431ce5e6d94
cvx_2023_q4,CVX,Chevron Corporation,youtube,video,https://www.youtube.com/results?search_query=CVX+2023+Q4+earnings+call,www.youtube.com,metadata_only,youtube_media_blocked,Keep YouTube as metadata/link reference only unless explicit written authorization exists.,sha256:471e73b52a035e59145060ae8e59f825f7f4517ea9333ab9c79c8afc4b483096
cvx_2023_q4,CVX,Chevron Corporation,vendor,transcript,licensed-vendor://blocked/CVX/2023/Q4,licensed-vendor,license_required,vendor_license_missing,Register license_config_ref before any vendor raw content use.,sha256:faf42e648b94301c59f4524cf97480d4b8af0232c4a4effe3f7f685cf32b13cb
cop_2023_q4,COP,ConocoPhillips,youtube,video,https://www.youtube.com/results?search_query=COP+2023+Q4+earnings+call,www.youtube.com,metadata_only,youtube_media_blocked,Keep YouTube as metadata/link reference only unless explicit written authorization exists.,sha256:2a7b0b0552560310d24b28d149cac1d1bf5c07c32c8f7b3e68f94759273e24ea
cop_2023_q4,COP,ConocoPhillips,vendor,transcript,licensed-vendor://blocked/COP/2023/Q4,licensed-vendor,license_required,vendor_license_missing,Register license_config_ref before any vendor raw content use.,sha256:4511a605d768da1e5e1a67fb624ca9eeab34cca1b011a594905861a6b0b9aa24
slb_2023_q4,SLB,SLB,youtube,video,https://www.youtube.com/results?search_query=SLB+2023+Q4+earnings+call,www.youtube.com,metadata_only,youtube_media_blocked,Keep YouTube as metadata/link reference only unless explicit written authorization exists.,sha256:6e39de2aeedec50eac3fedb92b24df64c31552d27f29bc7cb3a07ead6cc6d3db
slb_2023_q4,SLB,SLB,vendor,transcript,licensed-vendor://blocked/SLB/2023/Q4,licensed-vendor,license_required,vendor_license_missing,Register license_config_ref before any vendor raw content use.,sha256:7fa49cf237b238a45ed8f36562cd38a79fa86f8540b3f2bb0ed303b667dd3b68
hal_2023_q4,HAL,Halliburton Company,youtube,video,https://www.youtube.com/results?search_query=HAL+2023+Q4+earnings+call,www.youtube.com,metadata_only,youtube_media_blocked,Keep YouTube as metadata/link reference only unless explicit written authorization exists.,sha256:f6c1af07f074e312090f60603cb1c5fc63cec8ab0a1063069d2a0fdd7017643e
hal_2023_q4,HAL,Halliburton Company,vendor,transcript,licensed-vendor://blocked/HAL/2023/Q4,licensed-vendor,license_required,vendor_license_missing,Register license_config_ref before any vendor raw content use.,sha256:37f39e6ec1a2e9c7e7ab2b20832a77c295ddc87c4a9594d87a35e0daa5b49031
eog_2023_q4,EOG,"EOG Resources, Inc.",youtube,video,https://www.youtube.com/results?search_query=EOG+2023+Q4+earnings+call,www.youtube.com,metadata_only,youtube_media_blocked,Keep YouTube as metadata/link reference only unless explicit written authorization exists.,sha256:4222ade118ad400dedb1032721389ed7418a948faa63d4398303582d438aec8f
eog_2023_q4,EOG,"EOG Resources, Inc.",vendor,transcript,licensed-vendor://blocked/EOG/2023/Q4,licensed-vendor,license_required,vendor_license_missing,Register license_config_ref before any vendor raw content use.,sha256:196e7ad123f94be60e4d8d242bb5c20d0552acae2f002c3c5eb00202ca1f4c44
oxy_2023_q4,OXY,Occidental Petroleum Corporation,youtube,video,https://www.youtube.com/results?search_query=OXY+2023+Q4+earnings+call,www.youtube.com,metadata_only,youtube_media_blocked,Keep YouTube as metadata/link reference only unless explicit written authorization exists.,sha256:db90613ad2c05b6ec1809d20206aa50fcc2da4faae52368551d5a00689ec132d
oxy_2023_q4,OXY,Occidental Petroleum Corporation,vendor,transcript,licensed-vendor://blocked/OXY/2023/Q4,licensed-vendor,license_required,vendor_license_missing,Register license_config_ref before any vendor raw content use.,sha256:dbdffc7a80119fc98229f12d5f943e5071b01777bf3fd628cd3e7b0fcc9424bd
mpc_2023_q4,MPC,Marathon Petroleum Corporation,youtube,video,https://www.youtube.com/results?search_query=MPC+2023+Q4+earnings+call,www.youtube.com,metadata_only,youtube_media_blocked,Keep YouTube as metadata/link reference only unless explicit written authorization exists.,sha256:3838c7a15cb2537d507983c0622fdbb593e1fd28376deb6cb1d15ddd77cdd66d
mpc_2023_q4,MPC,Marathon Petroleum Corporation,vendor,transcript,licensed-vendor://blocked/MPC/2023/Q4,licensed-vendor,license_required,vendor_license_missing,Register license_config_ref before any vendor raw content use.,sha256:6a3ce44cdeb151e2600bc5a5731a64f1a5110af64953b0e5276825cb691d66e8
psx_2023_q4,PSX,Phillips 66,youtube,video,https://www.youtube.com/results?search_query=PSX+2023+Q4+earnings+call,www.youtube.com,metadata_only,youtube_media_blocked,Keep YouTube as metadata/link reference only unless explicit written authorization exists.,sha256:b290a4b9ef97f362017257d357e133821c8c5c2efe0787aa56c67c4289844779
psx_2023_q4,PSX,Phillips 66,vendor,transcript,licensed-vendor://blocked/PSX/2023/Q4,licensed-vendor,license_required,vendor_license_missing,Register license_config_ref before any vendor raw content use.,sha256:4c9b9e3032e982f0bb4cb5c87df44165876e58078f4545b51bfa368d75adb5a0
vlo_2023_q4,VLO,Valero Energy Corporation,youtube,video,https://www.youtube.com/results?search_query=VLO+2023+Q4+earnings+call,www.youtube.com,metadata_only,youtube_media_blocked,Keep YouTube as metadata/link reference only unless explicit written authorization exists.,sha256:887d255ae78fb0e7ed5c8b7f1c306b501db406aeda20d17fd1065f5ea994c944
vlo_2023_q4,VLO,Valero Energy Corporation,vendor,transcript,licensed-vendor://blocked/VLO/2023/Q4,licensed-vendor,license_required,vendor_license_missing,Register license_config_ref before any vendor raw content use.,sha256:b1bb0e214d03d00d2d0353fe036b6fb9a9a7f025f527e205cec16005af55d37b
ba_2023_q4,BA,The Boeing Company,youtube,video,https://www.youtube.com/results?search_query=BA+2023+Q4+earnings+call,www.youtube.com,metadata_only,youtube_media_blocked,Keep YouTube as metadata/link reference only unless explicit written authorization exists.,sha256:d6cfecbe78f86038b2e1f7a704a66164787d936d5865f7ef292ba8d2d17d7449
ba_2023_q4,BA,The Boeing Company,vendor,transcript,licensed-vendor://blocked/BA/2023/Q4,licensed-vendor,license_required,vendor_license_missing,Register license_config_ref before any vendor raw content use.,sha256:de30d1b48f438ebf609f2171a9ffb798f1af74218dee30223d1b0037886a61ec
rtx_2023_q4,RTX,RTX Corporation,youtube,video,https://www.youtube.com/results?search_query=RTX+2023+Q4+earnings+call,www.youtube.com,metadata_only,youtube_media_blocked,Keep YouTube as metadata/link reference only unless explicit written authorization exists.,sha256:65932165e7d2eb0df39080a5cf20a352a691c9e8c3b6bf586823ada2241646d3
rtx_2023_q4,RTX,RTX Corporation,vendor,transcript,licensed-vendor://blocked/RTX/2023/Q4,licensed-vendor,license_required,vendor_license_missing,Register license_config_ref before any vendor raw content use.,sha256:6f800e9f07227954c5f8920bb94db055d44554755fe58b57515414c5285b74fd
lmt_2023_q4,LMT,Lockheed Martin Corporation,youtube,video,https://www.youtube.com/results?search_query=LMT+2023+Q4+earnings+call,www.youtube.com,metadata_only,youtube_media_blocked,Keep YouTube as metadata/link reference only unless explicit written authorization exists.,sha256:327a7383a9cc0032607b5320a331a1cea1370ee1678703f7c9ea330aa13d10a6
lmt_2023_q4,LMT,Lockheed Martin Corporation,vendor,transcript,licensed-vendor://blocked/LMT/2023/Q4,licensed-vendor,license_required,vendor_license_missing,Register license_config_ref before any vendor raw content use.,sha256:c318e2073cdba1c0add93493ee34e29400f4920b928654a207fcdeab0321744a
noc_2023_q4,NOC,Northrop Grumman Corporation,youtube,video,https://www.youtube.com/results?search_query=NOC+2023+Q4+earnings+call,www.youtube.com,metadata_only,youtube_media_blocked,Keep YouTube as metadata/link reference only unless explicit written authorization exists.,sha256:05e78ea7397ff6b7b5eb76a95f4f30f6b1dde9655451cc2b583303e85c6e395f
noc_2023_q4,NOC,Northrop Grumman Corporation,vendor,transcript,licensed-vendor://blocked/NOC/2023/Q4,licensed-vendor,license_required,vendor_license_missing,Register license_config_ref before any vendor raw content use.,sha256:e1e732e06ca3101fd64d3be0dbbb5f758487724576b5abf0a7f05460f5a65cdf
gd_2023_q4,GD,General Dynamics Corporation,youtube,video,https://www.youtube.com/results?search_query=GD+2023+Q4+earnings+call,www.youtube.com,metadata_only,youtube_media_blocked,Keep YouTube as metadata/link reference only unless explicit written authorization exists.,sha256:7d7f85bf867389f8a6d9111e63e5c575459268ffcf4ddf34576a1ec2f729c250
gd_2023_q4,GD,General Dynamics Corporation,vendor,transcript,licensed-vendor://blocked/GD/2023/Q4,licensed-vendor,license_required,vendor_license_missing,Register license_config_ref before any vendor raw content use.,sha256:7811f0c129f2515af519356de1d8db1e9d0bff840a2777c5aa37babf3fecb8ae
cat_2023_q4,CAT,Caterpillar Inc.,youtube,video,https://www.youtube.com/results?search_query=CAT+2023+Q4+earnings+call,www.youtube.com,metadata_only,youtube_media_blocked,Keep YouTube as metadata/link reference only unless explicit written authorization exists.,sha256:5c8a540e2bfe3e5a20dde4857b6636b0e77dc0b7ad8f4f4f3fe5fc22051782d3
cat_2023_q4,CAT,Caterpillar Inc.,vendor,transcript,licensed-vendor://blocked/CAT/2023/Q4,licensed-vendor,license_required,vendor_license_missing,Register license_config_ref before any vendor raw content use.,sha256:4d186e61c328efedb78676cce4ba3b35309d31a754ae680663cf6a1d8c76ebe3
de_2023_q4,DE,Deere & Company,youtube,video,https://www.youtube.com/results?search_query=DE+2023+Q4+earnings+call,www.youtube.com,metadata_only,youtube_media_blocked,Keep YouTube as metadata/link reference only unless explicit written authorization exists.,sha256:ef27361284a1b6a3f587dd1b045064f81a339011e6a3a4b610fb0692f258fa1f
de_2023_q4,DE,Deere & Company,vendor,transcript,licensed-vendor://blocked/DE/2023/Q4,licensed-vendor,license_required,vendor_license_missing,Register license_config_ref before any vendor raw content use.,sha256:eeda7a003be3b86a4442844bc0d96d7ea842c6f55975d1321bb8c6dee4e1cbce
ge_2023_q4,GE,GE Aerospace,youtube,video,https://www.youtube.com/results?search_query=GE+2023+Q4+earnings+call,www.youtube.com,metadata_only,youtube_media_blocked,Keep YouTube as metadata/link reference only unless explicit written authorization exists.,sha256:70103ccca0c6fcfc708a03d0fd37cb7176e252f2ba44b024732cccb9bc242c4e
ge_2023_q4,GE,GE Aerospace,vendor,transcript,licensed-vendor://blocked/GE/2023/Q4,licensed-vendor,license_required,vendor_license_missing,Register license_config_ref before any vendor raw content use.,sha256:9b1676f2efcabb5e5276fcb7f7ce4bdf8c7c5b8e9b1e3684aa7ca811f01c9996
etn_2023_q4,ETN,Eaton Corporation plc,youtube,video,https://www.youtube.com/results?search_query=ETN+2023+Q4+earnings+call,www.youtube.com,metadata_only,youtube_media_blocked,Keep YouTube as metadata/link reference only unless explicit written authorization exists.,sha256:577976518135b2eb91336a4e6ed3fe0d921ca3b51aff67ab5116bd46610e5a8e
etn_2023_q4,ETN,Eaton Corporation plc,vendor,transcript,licensed-vendor://blocked/ETN/2023/Q4,licensed-vendor,license_required,vendor_license_missing,Register license_config_ref before any vendor raw content use.,sha256:a0a8377ff53b582e0e0edbe770f7005acdb7c02bad80f5bf2a99f2c4be27926f
emr_2023_q4,EMR,Emerson Electric Co.,youtube,video,https://www.youtube.com/results?search_query=EMR+2023+Q4+earnings+call,www.youtube.com,metadata_only,youtube_media_blocked,Keep YouTube as metadata/link reference only unless explicit written authorization exists.,sha256:f56001c4939afe42770da930f991e7f9b6768ac3eb8fdbf74d4e268a70529e97
emr_2023_q4,EMR,Emerson Electric Co.,vendor,transcript,licensed-vendor://blocked/EMR/2023/Q4,licensed-vendor,license_required,vendor_license_missing,Register license_config_ref before any vendor raw content use.,sha256:99e74b7cd630dc4444b7860c657b4e257dd1f030aae360c2611863b8975dd473
mmm_2023_q4,MMM,3M Company,youtube,video,https://www.youtube.com/results?search_query=MMM+2023+Q4+earnings+call,www.youtube.com,metadata_only,youtube_media_blocked,Keep YouTube as metadata/link reference only unless explicit written authorization exists.,sha256:d92b7c291e53b2f9fd18dc888605df8470a3a63e16da2462344b832e70336ff2
mmm_2023_q4,MMM,3M Company,vendor,transcript,licensed-vendor://blocked/MMM/2023/Q4,licensed-vendor,license_required,vendor_license_missing,Register license_config_ref before any vendor raw content use.,sha256:2b24dcf3a7f0d8ddaac307b4a4fdb434f7dfaaaac4bf6b0d91d4b28da1caddcf
itw_2023_q4,ITW,Illinois Tool Works Inc.,youtube,video,https://www.youtube.com/results?search_query=ITW+2023+Q4+earnings+call,www.youtube.com,metadata_only,youtube_media_blocked,Keep YouTube as metadata/link reference only unless explicit written authorization exists.,sha256:1098d4921e6a827abf4b34ae7fb3f5e8c7886fa840eabeaa5c169dd823c59ab1
itw_2023_q4,ITW,Illinois Tool Works Inc.,vendor,transcript,licensed-vendor://blocked/ITW/2023/Q4,licensed-vendor,license_required,vendor_license_missing,Register license_config_ref before any vendor raw content use.,sha256:6df2ff0048339c53dee238fb5998705e629d4962e98d9d7aee52029f79026448
ph_2023_q4,PH,Parker-Hannifin Corporation,youtube,video,https://www.youtube.com/results?search_query=PH+2023+Q4+earnings+call,www.youtube.com,metadata_only,youtube_media_blocked,Keep YouTube as metadata/link reference only unless explicit written authorization exists.,sha256:08d1f8b41435b5e3031d3e186064aed76f76007f9cdd362759428806bb040b82
ph_2023_q4,PH,Parker-Hannifin Corporation,vendor,transcript,licensed-vendor://blocked/PH/2023/Q4,licensed-vendor,license_required,vendor_license_missing,Register license_config_ref before any vendor raw content use.,sha256:ba3198f377bb86e1099ff240fba03c629dd19b5262a060deb81480b83cafadea
carr_2023_q4,CARR,Carrier Global Corporation,youtube,video,https://www.youtube.com/results?search_query=CARR+2023+Q4+earnings+call,www.youtube.com,metadata_only,youtube_media_blocked,Keep YouTube as metadata/link reference only unless explicit written authorization exists.,sha256:9c3760229d484cb73e6fc136a5670e85ad6379c10a281b154ed376aa30e63036
carr_2023_q4,CARR,Carrier Global Corporation,vendor,transcript,licensed-vendor://blocked/CARR/2023/Q4,licensed-vendor,license_required,vendor_license_missing,Register license_config_ref before any vendor raw content use.,sha256:a7ce8a7a6e184d6606bc59dedac82d52948bc4ac7069c7e5f6950138d5d4d0c2
otis_2023_q4,OTIS,Otis Worldwide Corporation,youtube,video,https://www.youtube.com/results?search_query=OTIS+2023+Q4+earnings+call,www.youtube.com,metadata_only,youtube_media_blocked,Keep YouTube as metadata/link reference only unless explicit written authorization exists.,sha256:de022876b4fa49c6232c9c081f28d74f061cf3bafa322f8a20a2fa1faa2b24c3
otis_2023_q4,OTIS,Otis Worldwide Corporation,vendor,transcript,licensed-vendor://blocked/OTIS/2023/Q4,licensed-vendor,license_required,vendor_license_missing,Register license_config_ref before any vendor raw content use.,sha256:f3fbd82fb24f8a45e670f929d831e731d765aa90de82fae7fd46d6ae826a0447
ups_2023_q4,UPS,"United Parcel Service, Inc.",youtube,video,https://www.youtube.com/results?search_query=UPS+2023+Q4+earnings+call,www.youtube.com,metadata_only,youtube_media_blocked,Keep YouTube as metadata/link reference only unless explicit written authorization exists.,sha256:da1bd0ba1b56d30cf6422b8f35558a94d175f85e29489de6240c011410077879
ups_2023_q4,UPS,"United Parcel Service, Inc.",vendor,transcript,licensed-vendor://blocked/UPS/2023/Q4,licensed-vendor,license_required,vendor_license_missing,Register license_config_ref before any vendor raw content use.,sha256:cb3662dca9c92ab3c3b324f5bc33ff70eef08b06cef2e30e865e45020fc8a308
fdx_2023_q4,FDX,FedEx Corporation,youtube,video,https://www.youtube.com/results?search_query=FDX+2023+Q4+earnings+call,www.youtube.com,metadata_only,youtube_media_blocked,Keep YouTube as metadata/link reference only unless explicit written authorization exists.,sha256:218df016657f46d0e92b8405cc8584011846dfbff19708093b5f8c596e01f7b6
fdx_2023_q4,FDX,FedEx Corporation,vendor,transcript,licensed-vendor://blocked/FDX/2023/Q4,licensed-vendor,license_required,vendor_license_missing,Register license_config_ref before any vendor raw content use.,sha256:320c47c40be936b43ce3105398fab0662353cc4f6914db9b4f500972831b435a
dal_2023_q4,DAL,"Delta Air Lines, Inc.",youtube,video,https://www.youtube.com/results?search_query=DAL+2023+Q4+earnings+call,www.youtube.com,metadata_only,youtube_media_blocked,Keep YouTube as metadata/link reference only unless explicit written authorization exists.,sha256:6a9b5b0b2c3ed34c90afc1b1f32ba3ec98f5b4c14afec12afd71d95536176f5d
dal_2023_q4,DAL,"Delta Air Lines, Inc.",vendor,transcript,licensed-vendor://blocked/DAL/2023/Q4,licensed-vendor,license_required,vendor_license_missing,Register license_config_ref before any vendor raw content use.,sha256:4696a1d9b0263c9275b3ea6cc263ab0126cc2e5d8c243924ff4de143e6586ffa
unp_2023_q4,UNP,Union Pacific Corporation,youtube,video,https://www.youtube.com/results?search_query=UNP+2023+Q4+earnings+call,www.youtube.com,metadata_only,youtube_media_blocked,Keep YouTube as metadata/link reference only unless explicit written authorization exists.,sha256:f1d45986c2abd1e07a13e6e9a7ae50627f4abb5ba365a7158e7400d64fe90ed3
unp_2023_q4,UNP,Union Pacific Corporation,vendor,transcript,licensed-vendor://blocked/UNP/2023/Q4,licensed-vendor,license_required,vendor_license_missing,Register license_config_ref before any vendor raw content use.,sha256:f1ca4c56977abfc84a2a48b5ae83f2d441075eaa11845b5d24946b3d9dc0b7cc
nsc_2023_q4,NSC,Norfolk Southern Corporation,youtube,video,https://www.youtube.com/results?search_query=NSC+2023+Q4+earnings+call,www.youtube.com,metadata_only,youtube_media_blocked,Keep YouTube as metadata/link reference only unless explicit written authorization exists.,sha256:c67e1c31aa203893f275907f670824959e8f8b687eef07c8a0e8d0131d8f1f6c
nsc_2023_q4,NSC,Norfolk Southern Corporation,vendor,transcript,licensed-vendor://blocked/NSC/2023/Q4,licensed-vendor,license_required,vendor_license_missing,Register license_config_ref before any vendor raw content use.,sha256:491223f2c2698171b3b8d77b09efa130725a0487cedcf44152a16f8a3fe8efe8
hd_2023_q4,HD,"The Home Depot, Inc.",youtube,video,https://www.youtube.com/results?search_query=HD+2023+Q4+earnings+call,www.youtube.com,metadata_only,youtube_media_blocked,Keep YouTube as metadata/link reference only unless explicit written authorization exists.,sha256:19f1083081adc09a2d463bf3c88e30ba8eedf4562b43334133cdcd953780d28d
hd_2023_q4,HD,"The Home Depot, Inc.",vendor,transcript,licensed-vendor://blocked/HD/2023/Q4,licensed-vendor,license_required,vendor_license_missing,Register license_config_ref before any vendor raw content use.,sha256:b5d6f2500db1c6d37c2aed6e758b107eb550f55ced6b01c0899ac507977c1fc9
low_2023_q4,LOW,"Lowe's Companies, Inc.",youtube,video,https://www.youtube.com/results?search_query=LOW+2023+Q4+earnings+call,www.youtube.com,metadata_only,youtube_media_blocked,Keep YouTube as metadata/link reference only unless explicit written authorization exists.,sha256:dc6370bd6bf8d4f02b8752f9c53892add36747d4053c1af7d55d9fd4261c5123
low_2023_q4,LOW,"Lowe's Companies, Inc.",vendor,transcript,licensed-vendor://blocked/LOW/2023/Q4,licensed-vendor,license_required,vendor_license_missing,Register license_config_ref before any vendor raw content use.,sha256:4592ef984ee83a1049fa1f78469625fc139e9029f8be7516b8a727475bc6831a
tgt_2023_q4,TGT,Target Corporation,youtube,video,https://www.youtube.com/results?search_query=TGT+2023+Q4+earnings+call,www.youtube.com,metadata_only,youtube_media_blocked,Keep YouTube as metadata/link reference only unless explicit written authorization exists.,sha256:0a67d42d75fca11a67a7eb2999b02af11ee364896d7db8c204a71c8f76a834a8
tgt_2023_q4,TGT,Target Corporation,vendor,transcript,licensed-vendor://blocked/TGT/2023/Q4,licensed-vendor,license_required,vendor_license_missing,Register license_config_ref before any vendor raw content use.,sha256:0eb36ebc6d32ff77639759ba9b2e48666e0aa4a50a5933a6e1453030a12c73b9
kr_2023_q4,KR,The Kroger Co.,youtube,video,https://www.youtube.com/results?search_query=KR+2023+Q4+earnings+call,www.youtube.com,metadata_only,youtube_media_blocked,Keep YouTube as metadata/link reference only unless explicit written authorization exists.,sha256:2ae5b8f563e2b6a395ea4256014984583cbb3f4fdd7f995dd8ad0d3de70672b8
kr_2023_q4,KR,The Kroger Co.,vendor,transcript,licensed-vendor://blocked/KR/2023/Q4,licensed-vendor,license_required,vendor_license_missing,Register license_config_ref before any vendor raw content use.,sha256:5b9a77812e1559142d87088ce7c3db1c4e10258ccf8ecea9b93ea6acab2fc5c2
dg_2023_q4,DG,Dollar General Corporation,youtube,video,https://www.youtube.com/results?search_query=DG+2023+Q4+earnings+call,www.youtube.com,metadata_only,youtube_media_blocked,Keep YouTube as metadata/link reference only unless explicit written authorization exists.,sha256:0b1479f324c94fcc6baeb0de88e29c0ea962a865c6f0d573cadc60ddfb7e46ba
dg_2023_q4,DG,Dollar General Corporation,vendor,transcript,licensed-vendor://blocked/DG/2023/Q4,licensed-vendor,license_required,vendor_license_missing,Register license_config_ref before any vendor raw content use.,sha256:fa75399e2aee3a8aae537540644d0f60d77cc24061e17102d9d74531fdb1cd1c
mcd_2023_q4,MCD,McDonald's Corporation,youtube,video,https://www.youtube.com/results?search_query=MCD+2023+Q4+earnings+call,www.youtube.com,metadata_only,youtube_media_blocked,Keep YouTube as metadata/link reference only unless explicit written authorization exists.,sha256:575f83b4859e007e3b9471c0e1086c397a08de63a4adeaceb2c76bd9382d9af9
mcd_2023_q4,MCD,McDonald's Corporation,vendor,transcript,licensed-vendor://blocked/MCD/2023/Q4,licensed-vendor,license_required,vendor_license_missing,Register license_config_ref before any vendor raw content use.,sha256:6705fb11c5e8f0c2fc0b5616e2cc2fe93f978040d959f92610fffed9fa0bcc40
yum_2023_q4,YUM,"Yum! Brands, Inc.",youtube,video,https://www.youtube.com/results?search_query=YUM+2023+Q4+earnings+call,www.youtube.com,metadata_only,youtube_media_blocked,Keep YouTube as metadata/link reference only unless explicit written authorization exists.,sha256:69087c514b4a512be68922955157a6a3189a856b81137210134feac9d2af69a4
yum_2023_q4,YUM,"Yum! Brands, Inc.",vendor,transcript,licensed-vendor://blocked/YUM/2023/Q4,licensed-vendor,license_required,vendor_license_missing,Register license_config_ref before any vendor raw content use.,sha256:4979ab646a8eb5f709cb17139e332a2826b80db5d52c650e4158841e04f50dc8
nke_2023_q4,NKE,"NIKE, Inc.",youtube,video,https://www.youtube.com/results?search_query=NKE+2023+Q4+earnings+call,www.youtube.com,metadata_only,youtube_media_blocked,Keep YouTube as metadata/link reference only unless explicit written authorization exists.,sha256:0f78124d4598b8e3979be2b00609569df4ea1e09193b7e3bfdf6a830ebb007c8
nke_2023_q4,NKE,"NIKE, Inc.",vendor,transcript,licensed-vendor://blocked/NKE/2023/Q4,licensed-vendor,license_required,vendor_license_missing,Register license_config_ref before any vendor raw content use.,sha256:5320a7f2aad2f5f4f0c4042e2fbcf47de3b295d8bd8bc0b4e2541e732e86dbeb
dis_2023_q4,DIS,The Walt Disney Company,youtube,video,https://www.youtube.com/results?search_query=DIS+2023+Q4+earnings+call,www.youtube.com,metadata_only,youtube_media_blocked,Keep YouTube as metadata/link reference only unless explicit written authorization exists.,sha256:98fe7bd9ea8e568c90174f76a6a042dad0b5a82cfa5710c08adedc815e9c1198
dis_2023_q4,DIS,The Walt Disney Company,vendor,transcript,licensed-vendor://blocked/DIS/2023/Q4,licensed-vendor,license_required,vendor_license_missing,Register license_config_ref before any vendor raw content use.,sha256:8c0725060a6dd80c8048b531758e6a33b6c96a2bfc3557843ce4510a1575d5fa
ko_2023_q4,KO,The Coca-Cola Company,youtube,video,https://www.youtube.com/results?search_query=KO+2023+Q4+earnings+call,www.youtube.com,metadata_only,youtube_media_blocked,Keep YouTube as metadata/link reference only unless explicit written authorization exists.,sha256:7cd2f66e92897639af1289968060955851eb56f6ba588f53310e5c16382f5f30
ko_2023_q4,KO,The Coca-Cola Company,vendor,transcript,licensed-vendor://blocked/KO/2023/Q4,licensed-vendor,license_required,vendor_license_missing,Register license_config_ref before any vendor raw content use.,sha256:b77387607aebeb0ea0585378983e03fb66bb195075798e7ce6c5c7c0a4e722a2
pg_2023_q4,PG,The Procter & Gamble Company,youtube,video,https://www.youtube.com/results?search_query=PG+2023+Q4+earnings+call,www.youtube.com,metadata_only,youtube_media_blocked,Keep YouTube as metadata/link reference only unless explicit written authorization exists.,sha256:1958820432fd826b84b4e141288005325da265c92e108718dd1780a7e5983fe8
pg_2023_q4,PG,The Procter & Gamble Company,vendor,transcript,licensed-vendor://blocked/PG/2023/Q4,licensed-vendor,license_required,vendor_license_missing,Register license_config_ref before any vendor raw content use.,sha256:4c01c08107f53d1a470d2883a9e6e8d221d1bfb1e1dee0be61ccba1ff2caa770
cl_2023_q4,CL,Colgate-Palmolive Company,youtube,video,https://www.youtube.com/results?search_query=CL+2023+Q4+earnings+call,www.youtube.com,metadata_only,youtube_media_blocked,Keep YouTube as metadata/link reference only unless explicit written authorization exists.,sha256:929747294afbbde01a63270584c63642dac8e6de08f4a238a766b478894939cd
cl_2023_q4,CL,Colgate-Palmolive Company,vendor,transcript,licensed-vendor://blocked/CL/2023/Q4,licensed-vendor,license_required,vendor_license_missing,Register license_config_ref before any vendor raw content use.,sha256:7ed8aa4f16806a008ffa6864eda89c3406ef2fa55365e21682b0fc83308b647b
el_2023_q4,EL,The Estee Lauder Companies Inc.,youtube,video,https://www.youtube.com/results?search_query=EL+2023+Q4+earnings+call,www.youtube.com,metadata_only,youtube_media_blocked,Keep YouTube as metadata/link reference only unless explicit written authorization exists.,sha256:d3148a5e976670274cc597d15d7b5eb8c1ab897d633b7ac3f6f470eeda563163
el_2023_q4,EL,The Estee Lauder Companies Inc.,vendor,transcript,licensed-vendor://blocked/EL/2023/Q4,licensed-vendor,license_required,vendor_license_missing,Register license_config_ref before any vendor raw content use.,sha256:146184dd22113a7b5083aeeb62acea3f44d2da44b86e0e7ef9b085fd1548b347
gis_2023_q4,GIS,"General Mills, Inc.",youtube,video,https://www.youtube.com/results?search_query=GIS+2023+Q4+earnings+call,www.youtube.com,metadata_only,youtube_media_blocked,Keep YouTube as metadata/link reference only unless explicit written authorization exists.,sha256:cc9c6ae9663db93bd6fefa510f2bec567eff4db48d8ebe3653c47c47a05417c4
gis_2023_q4,GIS,"General Mills, Inc.",vendor,transcript,licensed-vendor://blocked/GIS/2023/Q4,licensed-vendor,license_required,vendor_license_missing,Register license_config_ref before any vendor raw content use.,sha256:30778bb305cf41f778236411c8386521744c05f8491f60de07724f0041c91bc3
hsy_2023_q4,HSY,The Hershey Company,youtube,video,https://www.youtube.com/results?search_query=HSY+2023+Q4+earnings+call,www.youtube.com,metadata_only,youtube_media_blocked,Keep YouTube as metadata/link reference only unless explicit written authorization exists.,sha256:555b084787a9feb9b0a8ad1beb15b9cb236678ecb742f35df5ec0a86694240b7
hsy_2023_q4,HSY,The Hershey Company,vendor,transcript,licensed-vendor://blocked/HSY/2023/Q4,licensed-vendor,license_required,vendor_license_missing,Register license_config_ref before any vendor raw content use.,sha256:1e1948658aa1e5e89733c086461e1f21cc29861a63264ed62262609b707449fa
t_2023_q4,T,AT&T Inc.,youtube,video,https://www.youtube.com/results?search_query=T+2023+Q4+earnings+call,www.youtube.com,metadata_only,youtube_media_blocked,Keep YouTube as metadata/link reference only unless explicit written authorization exists.,sha256:3803677b198048b043e622657a96d5c471ab1916dbe8e39f933054fe11d4b3e8
t_2023_q4,T,AT&T Inc.,vendor,transcript,licensed-vendor://blocked/T/2023/Q4,licensed-vendor,license_required,vendor_license_missing,Register license_config_ref before any vendor raw content use.,sha256:a9bf86d694dc08a16ef4ff31e36780b1fdae19f362cc15ff581f55033b76c7a2
vz_2023_q4,VZ,Verizon Communications Inc.,youtube,video,https://www.youtube.com/results?search_query=VZ+2023+Q4+earnings+call,www.youtube.com,metadata_only,youtube_media_blocked,Keep YouTube as metadata/link reference only unless explicit written authorization exists.,sha256:b57d0b146cf7ceb5a875fb35b291fca76973da8130f863470db790bab5e4bf00
vz_2023_q4,VZ,Verizon Communications Inc.,vendor,transcript,licensed-vendor://blocked/VZ/2023/Q4,licensed-vendor,license_required,vendor_license_missing,Register license_config_ref before any vendor raw content use.,sha256:adc37d4c2bce90ef25eea1369eb22712c359d10d40677cc697ad4dd4ecab90d4
ibm_2023_q4,IBM,International Business Machines Corporation,youtube,video,https://www.youtube.com/results?search_query=IBM+2023+Q4+earnings+call,www.youtube.com,metadata_only,youtube_media_blocked,Keep YouTube as metadata/link reference only unless explicit written authorization exists.,sha256:73421d05292665ef205b68aa48fb930e25349f9097def81e05906f088a72dff1
ibm_2023_q4,IBM,International Business Machines Corporation,vendor,transcript,licensed-vendor://blocked/IBM/2023/Q4,licensed-vendor,license_required,vendor_license_missing,Register license_config_ref before any vendor raw content use.,sha256:4f36ee2120c28b3ae155514affc8372f4d755458eb3445792c91e9b7711d202a
orcl_2023_q4,ORCL,Oracle Corporation,youtube,video,https://www.youtube.com/results?search_query=ORCL+2023+Q4+earnings+call,www.youtube.com,metadata_only,youtube_media_blocked,Keep YouTube as metadata/link reference only unless explicit written authorization exists.,sha256:165ca9a10fe98de4cee285a23eab9286d2e283f3ba032b8ffdebff0908951ff9
orcl_2023_q4,ORCL,Oracle Corporation,vendor,transcript,licensed-vendor://blocked/ORCL/2023/Q4,licensed-vendor,license_required,vendor_license_missing,Register license_config_ref before any vendor raw content use.,sha256:886e78296730d7a9221a0557bf4fc7119ad787626af1e21639ea9bed8f2aa134
crm_2023_q4,CRM,"Salesforce, Inc.",youtube,video,https://www.youtube.com/results?search_query=CRM+2023+Q4+earnings+call,www.youtube.com,metadata_only,youtube_media_blocked,Keep YouTube as metadata/link reference only unless explicit written authorization exists.,sha256:9cca330982188969e7e951415eeabb2e6cdca9f82c6a6b86f44c25fa4dc3a2c6
crm_2023_q4,CRM,"Salesforce, Inc.",vendor,transcript,licensed-vendor://blocked/CRM/2023/Q4,licensed-vendor,license_required,vendor_license_missing,Register license_config_ref before any vendor raw content use.,sha256:a60e04438d47410d6602c9184020176698e2ba86e34d9caaa734a35432d96d2b
now_2023_q4,NOW,"ServiceNow, Inc.",youtube,video,https://www.youtube.com/results?search_query=NOW+2023+Q4+earnings+call,www.youtube.com,metadata_only,youtube_media_blocked,Keep YouTube as metadata/link reference only unless explicit written authorization exists.,sha256:3bc09159787068b95c2824156c1bdd86f7c2fb25c249acc06c4ce1ce049320b2
now_2023_q4,NOW,"ServiceNow, Inc.",vendor,transcript,licensed-vendor://blocked/NOW/2023/Q4,licensed-vendor,license_required,vendor_license_missing,Register license_config_ref before any vendor raw content use.,sha256:18e8221b0ed886df2be2459f8f154380f6a2e6f8390a4c1196bd901f90cf7efe
acn_2023_q4,ACN,Accenture plc,youtube,video,https://www.youtube.com/results?search_query=ACN+2023+Q4+earnings+call,www.youtube.com,metadata_only,youtube_media_blocked,Keep YouTube as metadata/link reference only unless explicit written authorization exists.,sha256:20e897025b4d5833e976e5e3189fa53c9a11f840eec8dd82f08f151a0f482653
acn_2023_q4,ACN,Accenture plc,vendor,transcript,licensed-vendor://blocked/ACN/2023/Q4,licensed-vendor,license_required,vendor_license_missing,Register license_config_ref before any vendor raw content use.,sha256:86f61efbd5d6fcc2f612daf06db8696d936071152e8e778188abb3ff89fd404c
dell_2023_q4,DELL,Dell Technologies Inc.,youtube,video,https://www.youtube.com/results?search_query=DELL+2023+Q4+earnings+call,www.youtube.com,metadata_only,youtube_media_blocked,Keep YouTube as metadata/link reference only unless explicit written authorization exists.,sha256:9371026655be67f8692af2fd9747c85d2c89527226a10e9ce8d9354c7826c8e8
dell_2023_q4,DELL,Dell Technologies Inc.,vendor,transcript,licensed-vendor://blocked/DELL/2023/Q4,licensed-vendor,license_required,vendor_license_missing,Register license_config_ref before any vendor raw content use.,sha256:e20cb25ba60e08cc6db6a3106f87502acafbd0db50eb99e71ad8bd868cf04d1e
hpq_2023_q4,HPQ,HP Inc.,youtube,video,https://www.youtube.com/results?search_query=HPQ+2023+Q4+earnings+call,www.youtube.com,metadata_only,youtube_media_blocked,Keep YouTube as metadata/link reference only unless explicit written authorization exists.,sha256:99410055f46af030213a3085bdc46c40ec4897ab57ba3909ef5313910052e4df
hpq_2023_q4,HPQ,HP Inc.,vendor,transcript,licensed-vendor://blocked/HPQ/2023/Q4,licensed-vendor,license_required,vendor_license_missing,Register license_config_ref before any vendor raw content use.,sha256:ab21cda731c08286c0a3a2b204b5dfc253bbaa752e264e8c9dd00636b8eeea92
net_2023_q4,NET,"Cloudflare, Inc.",youtube,video,https://www.youtube.com/results?search_query=NET+2023+Q4+earnings+call,www.youtube.com,metadata_only,youtube_media_blocked,Keep YouTube as metadata/link reference only unless explicit written authorization exists.,sha256:706de0113b75fc65a0ccd9319ef33178662479cd1299e86c60c7e9db9c007350
net_2023_q4,NET,"Cloudflare, Inc.",vendor,transcript,licensed-vendor://blocked/NET/2023/Q4,licensed-vendor,license_required,vendor_license_missing,Register license_config_ref before any vendor raw content use.,sha256:69c37efb4e6b516e2e10fc592a8990a8f744c87092dcea4222ebda53b1157e10
snow_2023_q4,SNOW,Snowflake Inc.,youtube,video,https://www.youtube.com/results?search_query=SNOW+2023+Q4+earnings+call,www.youtube.com,metadata_only,youtube_media_blocked,Keep YouTube as metadata/link reference only unless explicit written authorization exists.,sha256:f75354c3e602ca6296f36c80d8126f7db9013a565768fb2e6a4dcc5c30269f71
snow_2023_q4,SNOW,Snowflake Inc.,vendor,transcript,licensed-vendor://blocked/SNOW/2023/Q4,licensed-vendor,license_required,vendor_license_missing,Register license_config_ref before any vendor raw content use.,sha256:35d967df95ba94be2b32e1a6c5730b5eb6e04a29bdc11aaa29ca93c97c849df3
jpm_2022_q4,JPM,JPMorgan Chase & Co.,youtube,video,https://www.youtube.com/results?search_query=JPM+2022+Q4+earnings+call,www.youtube.com,metadata_only,youtube_media_blocked,Keep YouTube as metadata/link reference only unless explicit written authorization exists.,sha256:85f3d2f2606084d67eb897f4786ef41155800ba71e02606a1ded01dab518ed4d
jpm_2022_q4,JPM,JPMorgan Chase & Co.,vendor,transcript,licensed-vendor://blocked/JPM/2022/Q4,licensed-vendor,license_required,vendor_license_missing,Register license_config_ref before any vendor raw content use.,sha256:e5426cda289a594e26eb7367b6b76313412c4aad1212173cc4ddb6fea1e94d5a
bac_2022_q4,BAC,Bank of America Corporation,youtube,video,https://www.youtube.com/results?search_query=BAC+2022+Q4+earnings+call,www.youtube.com,metadata_only,youtube_media_blocked,Keep YouTube as metadata/link reference only unless explicit written authorization exists.,sha256:7db617887f06465997c0921b60f92df9949bf8ca95ee72d93bd927102484c594
bac_2022_q4,BAC,Bank of America Corporation,vendor,transcript,licensed-vendor://blocked/BAC/2022/Q4,licensed-vendor,license_required,vendor_license_missing,Register license_config_ref before any vendor raw content use.,sha256:d4c774cf7ab110be839f7559a537f7fca5ca9fe935b02eb4a36fa0d846e4e321
c_2022_q4,C,Citigroup Inc.,youtube,video,https://www.youtube.com/results?search_query=C+2022+Q4+earnings+call,www.youtube.com,metadata_only,youtube_media_blocked,Keep YouTube as metadata/link reference only unless explicit written authorization exists.,sha256:6aac8be23320d3446505edefadc220fbee0441c91f935618ba33e3e54f9270a8
c_2022_q4,C,Citigroup Inc.,vendor,transcript,licensed-vendor://blocked/C/2022/Q4,licensed-vendor,license_required,vendor_license_missing,Register license_config_ref before any vendor raw content use.,sha256:ffe3164a712a30a164095f3e53eea125456594b7737a4d529bf55f87ab07f23e
wfc_2022_q4,WFC,Wells Fargo & Company,youtube,video,https://www.youtube.com/results?search_query=WFC+2022+Q4+earnings+call,www.youtube.com,metadata_only,youtube_media_blocked,Keep YouTube as metadata/link reference only unless explicit written authorization exists.,sha256:38d3a44fd8385293bc596b3b975b567c9ecf1367d33cfe4e7a2458d11072fc10
wfc_2022_q4,WFC,Wells Fargo & Company,vendor,transcript,licensed-vendor://blocked/WFC/2022/Q4,licensed-vendor,license_required,vendor_license_missing,Register license_config_ref before any vendor raw content use.,sha256:d7d0f5d4d3188d32273ae8bf521e6c5640b5d86bf80a4ace53e4aa36eb44f92b
gs_2022_q4,GS,"The Goldman Sachs Group, Inc.",youtube,video,https://www.youtube.com/results?search_query=GS+2022+Q4+earnings+call,www.youtube.com,metadata_only,youtube_media_blocked,Keep YouTube as metadata/link reference only unless explicit written authorization exists.,sha256:75eba2fb4f917df3c59cd44a3139cf7d0982f16546644605ed077497cd5d6461
gs_2022_q4,GS,"The Goldman Sachs Group, Inc.",vendor,transcript,licensed-vendor://blocked/GS/2022/Q4,licensed-vendor,license_required,vendor_license_missing,Register license_config_ref before any vendor raw content use.,sha256:3ea9164d58b94616da595e0a55918ae3b15825d28febabfc6c9edae72a401fea
ms_2022_q4,MS,Morgan Stanley,youtube,video,https://www.youtube.com/results?search_query=MS+2022+Q4+earnings+call,www.youtube.com,metadata_only,youtube_media_blocked,Keep YouTube as metadata/link reference only unless explicit written authorization exists.,sha256:79d570e40a7028b5dbd94194d921ef302873d51eedc4f3bd896ff62095f09d8a
ms_2022_q4,MS,Morgan Stanley,vendor,transcript,licensed-vendor://blocked/MS/2022/Q4,licensed-vendor,license_required,vendor_license_missing,Register license_config_ref before any vendor raw content use.,sha256:504a64c1cc4fda85c4c9c690ec404745bc4fe3642835cef00c4ffed7d50c410c
bk_2022_q4,BK,The Bank of New York Mellon Corporation,youtube,video,https://www.youtube.com/results?search_query=BK+2022+Q4+earnings+call,www.youtube.com,metadata_only,youtube_media_blocked,Keep YouTube as metadata/link reference only unless explicit written authorization exists.,sha256:0cc2ae5aa15aa832a1e6eabd275cc84a27aae2de8708df569482037be5f52839
bk_2022_q4,BK,The Bank of New York Mellon Corporation,vendor,transcript,licensed-vendor://blocked/BK/2022/Q4,licensed-vendor,license_required,vendor_license_missing,Register license_config_ref before any vendor raw content use.,sha256:a9ac43f838f356cc22a750c6dcacbbf7d9f96ffd5c662014da057388682171fc
stt_2022_q4,STT,State Street Corporation,youtube,video,https://www.youtube.com/results?search_query=STT+2022+Q4+earnings+call,www.youtube.com,metadata_only,youtube_media_blocked,Keep YouTube as metadata/link reference only unless explicit written authorization exists.,sha256:a8009f27fdb6c3b458ba467eec16605aece835ed8f7f14a0ed620c9add91cb3b
stt_2022_q4,STT,State Street Corporation,vendor,transcript,licensed-vendor://blocked/STT/2022/Q4,licensed-vendor,license_required,vendor_license_missing,Register license_config_ref before any vendor raw content use.,sha256:d94df947ecb58e0a91fcc44072cc50e8df3e7e43322793a28fea1c1e5f72debd
usb_2022_q4,USB,U.S. Bancorp,youtube,video,https://www.youtube.com/results?search_query=USB+2022+Q4+earnings+call,www.youtube.com,metadata_only,youtube_media_blocked,Keep YouTube as metadata/link reference only unless explicit written authorization exists.,sha256:b512fb9426eee1985de23bad90fce96b37e79e2cfcb9251ee5735d71c1670a6a
usb_2022_q4,USB,U.S. Bancorp,vendor,transcript,licensed-vendor://blocked/USB/2022/Q4,licensed-vendor,license_required,vendor_license_missing,Register license_config_ref before any vendor raw content use.,sha256:2eac8f022f44c34a7e8f742102e622f5a2c5d468f0dcaab4d54a7dfdb4e8f4ee
pnc_2022_q4,PNC,"The PNC Financial Services Group, Inc.",youtube,video,https://www.youtube.com/results?search_query=PNC+2022+Q4+earnings+call,www.youtube.com,metadata_only,youtube_media_blocked,Keep YouTube as metadata/link reference only unless explicit written authorization exists.,sha256:9b46362fb64c68f86b5e103e0bfbc8446d76e51c392658715c19bc0d6554e69d
pnc_2022_q4,PNC,"The PNC Financial Services Group, Inc.",vendor,transcript,licensed-vendor://blocked/PNC/2022/Q4,licensed-vendor,license_required,vendor_license_missing,Register license_config_ref before any vendor raw content use.,sha256:789d76c224f3c35007b48610aafe15c551a2eebd37e9583d5624e56cfc0b3ad0
tfc_2022_q4,TFC,Truist Financial Corporation,youtube,video,https://www.youtube.com/results?search_query=TFC+2022+Q4+earnings+call,www.youtube.com,metadata_only,youtube_media_blocked,Keep YouTube as metadata/link reference only unless explicit written authorization exists.,sha256:093abf6930c54d6220331e2b064577143da6965341d623670cccc9ceacc1666f
tfc_2022_q4,TFC,Truist Financial Corporation,vendor,transcript,licensed-vendor://blocked/TFC/2022/Q4,licensed-vendor,license_required,vendor_license_missing,Register license_config_ref before any vendor raw content use.,sha256:6adf0fe1488c7367c9df8d0bd3fd72d9d3878634a02111dffc592028ce37c5f2
cof_2022_q4,COF,Capital One Financial Corporation,youtube,video,https://www.youtube.com/results?search_query=COF+2022+Q4+earnings+call,www.youtube.com,metadata_only,youtube_media_blocked,Keep YouTube as metadata/link reference only unless explicit written authorization exists.,sha256:27c76aed139c677da38888dcfd45857339864078a273fa8eae7944af43c15ee3
cof_2022_q4,COF,Capital One Financial Corporation,vendor,transcript,licensed-vendor://blocked/COF/2022/Q4,licensed-vendor,license_required,vendor_license_missing,Register license_config_ref before any vendor raw content use.,sha256:41a6b86b16d183dbb8d3741046bc26460332109ed7c6a3a0b6d132bc2b4d3caa
axp_2022_q4,AXP,American Express Company,youtube,video,https://www.youtube.com/results?search_query=AXP+2022+Q4+earnings+call,www.youtube.com,metadata_only,youtube_media_blocked,Keep YouTube as metadata/link reference only unless explicit written authorization exists.,sha256:58aff011360dbbc1eeb2eb9c3e5e5d6042d9a6464b7cd06c0f75cffdc3f11258
axp_2022_q4,AXP,American Express Company,vendor,transcript,licensed-vendor://blocked/AXP/2022/Q4,licensed-vendor,license_required,vendor_license_missing,Register license_config_ref before any vendor raw content use.,sha256:f5193920b4f62051b73bc2226e2fd6b5a2d25cc2a1174d4a10f8c439d72ff961
v_2022_q4,V,Visa Inc.,youtube,video,https://www.youtube.com/results?search_query=V+2022+Q4+earnings+call,www.youtube.com,metadata_only,youtube_media_blocked,Keep YouTube as metadata/link reference only unless explicit written authorization exists.,sha256:05fd12932d713fa36d755946327f93b7cbfdeaf63bfd4d6e61660b755a59cecb
v_2022_q4,V,Visa Inc.,vendor,transcript,licensed-vendor://blocked/V/2022/Q4,licensed-vendor,license_required,vendor_license_missing,Register license_config_ref before any vendor raw content use.,sha256:06c8a34065237fcdbae718bddc2d00cb28115e9b3848730107879a1f9b7765a0
ma_2022_q4,MA,Mastercard Incorporated,youtube,video,https://www.youtube.com/results?search_query=MA+2022+Q4+earnings+call,www.youtube.com,metadata_only,youtube_media_blocked,Keep YouTube as metadata/link reference only unless explicit written authorization exists.,sha256:c2b0ff7a7661fb7696794df348aaa4ad8689fd2a76a68bfc3e1b89670349b22f
ma_2022_q4,MA,Mastercard Incorporated,vendor,transcript,licensed-vendor://blocked/MA/2022/Q4,licensed-vendor,license_required,vendor_license_missing,Register license_config_ref before any vendor raw content use.,sha256:6581320e8c407df679ce62f1e990cea1a718a46d9df97539bfff841793692027
fis_2022_q4,FIS,"Fidelity National Information Services, Inc.",youtube,video,https://www.youtube.com/results?search_query=FIS+2022+Q4+earnings+call,www.youtube.com,metadata_only,youtube_media_blocked,Keep YouTube as metadata/link reference only unless explicit written authorization exists.,sha256:c63c347b433b64a3b6143e3a8cc768a8a559622f51cb9e0dfa917fc8adfcb73a
fis_2022_q4,FIS,"Fidelity National Information Services, Inc.",vendor,transcript,licensed-vendor://blocked/FIS/2022/Q4,licensed-vendor,license_required,vendor_license_missing,Register license_config_ref before any vendor raw content use.,sha256:54cd02206ffec10418472a497391ccf677b9ea7027948f62b03972c18a3e1b14
gpn_2022_q4,GPN,Global Payments Inc.,youtube,video,https://www.youtube.com/results?search_query=GPN+2022+Q4+earnings+call,www.youtube.com,metadata_only,youtube_media_blocked,Keep YouTube as metadata/link reference only unless explicit written authorization exists.,sha256:45c716680adb1399dadfea637247757972f124b731fb8f13f15fab999e6c6b92
gpn_2022_q4,GPN,Global Payments Inc.,vendor,transcript,licensed-vendor://blocked/GPN/2022/Q4,licensed-vendor,license_required,vendor_license_missing,Register license_config_ref before any vendor raw content use.,sha256:38f3151d0d926749e611cd82bd43f163491f48525ba8996d98a30ce33a095f41
blk_2022_q4,BLK,"BlackRock, Inc.",youtube,video,https://www.youtube.com/results?search_query=BLK+2022+Q4+earnings+call,www.youtube.com,metadata_only,youtube_media_blocked,Keep YouTube as metadata/link reference only unless explicit written authorization exists.,sha256:dd05722480bb988d997469b0952ecbb24abc357a9cd2010592d0d475f35b9e81
blk_2022_q4,BLK,"BlackRock, Inc.",vendor,transcript,licensed-vendor://blocked/BLK/2022/Q4,licensed-vendor,license_required,vendor_license_missing,Register license_config_ref before any vendor raw content use.,sha256:2033fa7441cdbdeb16b210a290028991aaa0e348cd085b25b02d19b8be70b736
bx_2022_q4,BX,Blackstone Inc.,youtube,video,https://www.youtube.com/results?search_query=BX+2022+Q4+earnings+call,www.youtube.com,metadata_only,youtube_media_blocked,Keep YouTube as metadata/link reference only unless explicit written authorization exists.,sha256:d0613dc36795defef70e160c61988b2805c0be340b8e0d7d85483f8be9210aaf
bx_2022_q4,BX,Blackstone Inc.,vendor,transcript,licensed-vendor://blocked/BX/2022/Q4,licensed-vendor,license_required,vendor_license_missing,Register license_config_ref before any vendor raw content use.,sha256:b892bebd664d2f35d118dbb881e721e4f1162c12c6c19cc2ef6895aae02707a7
schw_2022_q4,SCHW,The Charles Schwab Corporation,youtube,video,https://www.youtube.com/results?search_query=SCHW+2022+Q4+earnings+call,www.youtube.com,metadata_only,youtube_media_blocked,Keep YouTube as metadata/link reference only unless explicit written authorization exists.,sha256:ee508883ab5b78dbfbe2283711661dc33a238435d172c3b988772c9c66c86dea
schw_2022_q4,SCHW,The Charles Schwab Corporation,vendor,transcript,licensed-vendor://blocked/SCHW/2022/Q4,licensed-vendor,license_required,vendor_license_missing,Register license_config_ref before any vendor raw content use.,sha256:d225c5923e48ca22be73d4eb8a4dd5ec9c8168048f4ff2bdc7f884ca399566d6
ice_2022_q4,ICE,"Intercontinental Exchange, Inc.",youtube,video,https://www.youtube.com/results?search_query=ICE+2022+Q4+earnings+call,www.youtube.com,metadata_only,youtube_media_blocked,Keep YouTube as metadata/link reference only unless explicit written authorization exists.,sha256:8eaaaf9464b310f8bd78021d3efceca08341bd66418607576e48fb83eed0d123
ice_2022_q4,ICE,"Intercontinental Exchange, Inc.",vendor,transcript,licensed-vendor://blocked/ICE/2022/Q4,licensed-vendor,license_required,vendor_license_missing,Register license_config_ref before any vendor raw content use.,sha256:717194485b6a3c5a95e36e0273a6e5c1412636293a5faad2122f04e01570923b
spgi_2022_q4,SPGI,S&P Global Inc.,youtube,video,https://www.youtube.com/results?search_query=SPGI+2022+Q4+earnings+call,www.youtube.com,metadata_only,youtube_media_blocked,Keep YouTube as metadata/link reference only unless explicit written authorization exists.,sha256:f8dcf4d54eeeca7a7dd9dae531104f3e3812a74b7ae35025d8044a0abca500d0
spgi_2022_q4,SPGI,S&P Global Inc.,vendor,transcript,licensed-vendor://blocked/SPGI/2022/Q4,licensed-vendor,license_required,vendor_license_missing,Register license_config_ref before any vendor raw content use.,sha256:05a534ce914662ff852c0b65e1cc3599742c4598b8b99035378d4335a8e94362
mco_2022_q4,MCO,Moody's Corporation,youtube,video,https://www.youtube.com/results?search_query=MCO+2022+Q4+earnings+call,www.youtube.com,metadata_only,youtube_media_blocked,Keep YouTube as metadata/link reference only unless explicit written authorization exists.,sha256:793e8c2d1b6f1913eedc22d9d42500b640c3809b50b80d25d2a68d032c258c1d
mco_2022_q4,MCO,Moody's Corporation,vendor,transcript,licensed-vendor://blocked/MCO/2022/Q4,licensed-vendor,license_required,vendor_license_missing,Register license_config_ref before any vendor raw content use.,sha256:c0416ee52897bf74df6e660eb3f85bc93a02655cbb4eebfe2a046df9c5054272
aon_2022_q4,AON,Aon plc,youtube,video,https://www.youtube.com/results?search_query=AON+2022+Q4+earnings+call,www.youtube.com,metadata_only,youtube_media_blocked,Keep YouTube as metadata/link reference only unless explicit written authorization exists.,sha256:594b0031f72b2914b31b112c7aceedd6cbd7b1f55c3f5bc9608e2e0ae7a20b37
aon_2022_q4,AON,Aon plc,vendor,transcript,licensed-vendor://blocked/AON/2022/Q4,licensed-vendor,license_required,vendor_license_missing,Register license_config_ref before any vendor raw content use.,sha256:f3531c086529b1be71c380409e8ccd951eb0ed78a35ff109a9822077fd174e80
aig_2022_q4,AIG,"American International Group, Inc.",youtube,video,https://www.youtube.com/results?search_query=AIG+2022+Q4+earnings+call,www.youtube.com,metadata_only,youtube_media_blocked,Keep YouTube as metadata/link reference only unless explicit written authorization exists.,sha256:8d0a3a9270bc543beb7cc874e3e46cdd203dd28f9d5fe66310b4500a33039b33
aig_2022_q4,AIG,"American International Group, Inc.",vendor,transcript,licensed-vendor://blocked/AIG/2022/Q4,licensed-vendor,license_required,vendor_license_missing,Register license_config_ref before any vendor raw content use.,sha256:198398e57c714a421ec9de420e0d2cf4bafc23c94ff51c2899d28f6e7eebdf30
met_2022_q4,MET,"MetLife, Inc.",youtube,video,https://www.youtube.com/results?search_query=MET+2022+Q4+earnings+call,www.youtube.com,metadata_only,youtube_media_blocked,Keep YouTube as metadata/link reference only unless explicit written authorization exists.,sha256:75dc3952d48e3fabd674015f256c71ccb1e9445f5895d8efa62b4b746b2a7b42
met_2022_q4,MET,"MetLife, Inc.",vendor,transcript,licensed-vendor://blocked/MET/2022/Q4,licensed-vendor,license_required,vendor_license_missing,Register license_config_ref before any vendor raw content use.,sha256:1746b4d37b018e044cf2ab85b1944ec09810bac54b8293a54d555a23acc5dce6
pru_2022_q4,PRU,"Prudential Financial, Inc.",youtube,video,https://www.youtube.com/results?search_query=PRU+2022+Q4+earnings+call,www.youtube.com,metadata_only,youtube_media_blocked,Keep YouTube as metadata/link reference only unless explicit written authorization exists.,sha256:094108b4dbfecba19dd4895be37505a04bd8ef6d5d94aa9ab97ba4d92c933b92
pru_2022_q4,PRU,"Prudential Financial, Inc.",vendor,transcript,licensed-vendor://blocked/PRU/2022/Q4,licensed-vendor,license_required,vendor_license_missing,Register license_config_ref before any vendor raw content use.,sha256:d05c289bced8f34606bba3e5d366fddfc5430870b01ea5bd4e26a75938ffe35c
trv_2022_q4,TRV,"The Travelers Companies, Inc.",youtube,video,https://www.youtube.com/results?search_query=TRV+2022+Q4+earnings+call,www.youtube.com,metadata_only,youtube_media_blocked,Keep YouTube as metadata/link reference only unless explicit written authorization exists.,sha256:5303982e46e532e058b3468f3046dc95be5adb5009ec4fc1935875d0dc2472ce
trv_2022_q4,TRV,"The Travelers Companies, Inc.",vendor,transcript,licensed-vendor://blocked/TRV/2022/Q4,licensed-vendor,license_required,vendor_license_missing,Register license_config_ref before any vendor raw content use.,sha256:2dd0984414992e4197f18fe0430cf9edde8dc3283b6e715a070fdbb8be2045e0
cb_2022_q4,CB,Chubb Limited,youtube,video,https://www.youtube.com/results?search_query=CB+2022+Q4+earnings+call,www.youtube.com,metadata_only,youtube_media_blocked,Keep YouTube as metadata/link reference only unless explicit written authorization exists.,sha256:d1adf0a93554cb639b6a0b49e552cf5c8450962c2cdf7a36d7091c19869d68ce
cb_2022_q4,CB,Chubb Limited,vendor,transcript,licensed-vendor://blocked/CB/2022/Q4,licensed-vendor,license_required,vendor_license_missing,Register license_config_ref before any vendor raw content use.,sha256:487a024bfba20a9b8accae030d49e6378e8aa810a7577f853bb410861d24016a
jnj_2022_q4,JNJ,Johnson & Johnson,youtube,video,https://www.youtube.com/results?search_query=JNJ+2022+Q4+earnings+call,www.youtube.com,metadata_only,youtube_media_blocked,Keep YouTube as metadata/link reference only unless explicit written authorization exists.,sha256:32a3f4c516614425a120d7394bb0590335899242964bd5645be325dc952691b0
jnj_2022_q4,JNJ,Johnson & Johnson,vendor,transcript,licensed-vendor://blocked/JNJ/2022/Q4,licensed-vendor,license_required,vendor_license_missing,Register license_config_ref before any vendor raw content use.,sha256:d39ae0799898dee104d23fda54634ed276682e1bc45f2e4d07e895f22c34badd
lly_2022_q4,LLY,Eli Lilly and Company,youtube,video,https://www.youtube.com/results?search_query=LLY+2022+Q4+earnings+call,www.youtube.com,metadata_only,youtube_media_blocked,Keep YouTube as metadata/link reference only unless explicit written authorization exists.,sha256:8e51eea9c108a26a720c16832e51f56983c60eaf2f7a15cc402649b4b742e312
lly_2022_q4,LLY,Eli Lilly and Company,vendor,transcript,licensed-vendor://blocked/LLY/2022/Q4,licensed-vendor,license_required,vendor_license_missing,Register license_config_ref before any vendor raw content use.,sha256:4a9ed9327a442868df2b12c5ef4c1353a41843dfe00cc450fc37cad258049f2d
mrk_2022_q4,MRK,"Merck & Co., Inc.",youtube,video,https://www.youtube.com/results?search_query=MRK+2022+Q4+earnings+call,www.youtube.com,metadata_only,youtube_media_blocked,Keep YouTube as metadata/link reference only unless explicit written authorization exists.,sha256:4fd6e5f548e142ef2a2b10edba0cf05b83908d67bc49957e1933d1d659e98442
mrk_2022_q4,MRK,"Merck & Co., Inc.",vendor,transcript,licensed-vendor://blocked/MRK/2022/Q4,licensed-vendor,license_required,vendor_license_missing,Register license_config_ref before any vendor raw content use.,sha256:5696230163077a0ed0bd7702582505ebe32633c6638e2208524127d05e47999c
pfe_2022_q4,PFE,Pfizer Inc.,youtube,video,https://www.youtube.com/results?search_query=PFE+2022+Q4+earnings+call,www.youtube.com,metadata_only,youtube_media_blocked,Keep YouTube as metadata/link reference only unless explicit written authorization exists.,sha256:3c7ba8e956649dfa60768dcec7cc8ae672232bd7111d3297ca670f2ebf8ad1e8
pfe_2022_q4,PFE,Pfizer Inc.,vendor,transcript,licensed-vendor://blocked/PFE/2022/Q4,licensed-vendor,license_required,vendor_license_missing,Register license_config_ref before any vendor raw content use.,sha256:c91c13eed4234c53ad6e0085fcab8c595d58a8f9ecfc92e151a672399e160dee
unh_2022_q4,UNH,UnitedHealth Group Incorporated,youtube,video,https://www.youtube.com/results?search_query=UNH+2022+Q4+earnings+call,www.youtube.com,metadata_only,youtube_media_blocked,Keep YouTube as metadata/link reference only unless explicit written authorization exists.,sha256:73c304df32b02ea85e8a7b09134b1773ce3538d0913976ad0ffda2dc1d332129
unh_2022_q4,UNH,UnitedHealth Group Incorporated,vendor,transcript,licensed-vendor://blocked/UNH/2022/Q4,licensed-vendor,license_required,vendor_license_missing,Register license_config_ref before any vendor raw content use.,sha256:8e37cc25239f899a74bbf5671eb2f9ae9ed22e893abcbb7453829c609bc0be1b
cvs_2022_q4,CVS,CVS Health Corporation,youtube,video,https://www.youtube.com/results?search_query=CVS+2022+Q4+earnings+call,www.youtube.com,metadata_only,youtube_media_blocked,Keep YouTube as metadata/link reference only unless explicit written authorization exists.,sha256:339032e48f3c8f85a34215beebdc49f3ecd65c8ab6abe2a9fc0b799e0bbb35d3
cvs_2022_q4,CVS,CVS Health Corporation,vendor,transcript,licensed-vendor://blocked/CVS/2022/Q4,licensed-vendor,license_required,vendor_license_missing,Register license_config_ref before any vendor raw content use.,sha256:605c35f4c280675f3b7c1f3b75fc0f4077c61110b3199b4b69af0ebb7d6b8986
abt_2022_q4,ABT,Abbott Laboratories,youtube,video,https://www.youtube.com/results?search_query=ABT+2022+Q4+earnings+call,www.youtube.com,metadata_only,youtube_media_blocked,Keep YouTube as metadata/link reference only unless explicit written authorization exists.,sha256:c8e2fada71b9f6f225246bde73391cbdfefa0b5156a46b6874324bbee4830a1d
abt_2022_q4,ABT,Abbott Laboratories,vendor,transcript,licensed-vendor://blocked/ABT/2022/Q4,licensed-vendor,license_required,vendor_license_missing,Register license_config_ref before any vendor raw content use.,sha256:694054795e9aef4e3751e4bf66e886101ae52fd1a3438c65a0f7cb6df83e2f79
bmy_2022_q4,BMY,Bristol Myers Squibb Company,youtube,video,https://www.youtube.com/results?search_query=BMY+2022+Q4+earnings+call,www.youtube.com,metadata_only,youtube_media_blocked,Keep YouTube as metadata/link reference only unless explicit written authorization exists.,sha256:69e8df667d6ede688a4cb6d1004cc30d6f572d9b70c53ac2ea4af380a1271df6
bmy_2022_q4,BMY,Bristol Myers Squibb Company,vendor,transcript,licensed-vendor://blocked/BMY/2022/Q4,licensed-vendor,license_required,vendor_license_missing,Register license_config_ref before any vendor raw content use.,sha256:89e97f59904efe6791a9639434ffa41470e939ef1b1db1684cc06279ee7580b0
mdt_2022_q4,MDT,Medtronic plc,youtube,video,https://www.youtube.com/results?search_query=MDT+2022+Q4+earnings+call,www.youtube.com,metadata_only,youtube_media_blocked,Keep YouTube as metadata/link reference only unless explicit written authorization exists.,sha256:d1747aa79dd06379a142ad75913aaf1414265311c19fd252bbaa68f109af76d3
mdt_2022_q4,MDT,Medtronic plc,vendor,transcript,licensed-vendor://blocked/MDT/2022/Q4,licensed-vendor,license_required,vendor_license_missing,Register license_config_ref before any vendor raw content use.,sha256:d458fbcbc66248fc9648ccbc999b7203d36c413ceb030a9a1aad349718c51b9a
tmo_2022_q4,TMO,Thermo Fisher Scientific Inc.,youtube,video,https://www.youtube.com/results?search_query=TMO+2022+Q4+earnings+call,www.youtube.com,metadata_only,youtube_media_blocked,Keep YouTube as metadata/link reference only unless explicit written authorization exists.,sha256:51f1ec3bd6294b48d37f36111014a5fd60942dea915ac9d8d8eae0df919013ea
tmo_2022_q4,TMO,Thermo Fisher Scientific Inc.,vendor,transcript,licensed-vendor://blocked/TMO/2022/Q4,licensed-vendor,license_required,vendor_license_missing,Register license_config_ref before any vendor raw content use.,sha256:d6a0f03601372b428b1350338bb9c0e8166b634f204a3914030261c72ea9e3e5
dhr_2022_q4,DHR,Danaher Corporation,youtube,video,https://www.youtube.com/results?search_query=DHR+2022+Q4+earnings+call,www.youtube.com,metadata_only,youtube_media_blocked,Keep YouTube as metadata/link reference only unless explicit written authorization exists.,sha256:7cc99fb984bbe2e3557fe2a9276a3f21476b27bf5b5dd57ffc7c47539910f17f
dhr_2022_q4,DHR,Danaher Corporation,vendor,transcript,licensed-vendor://blocked/DHR/2022/Q4,licensed-vendor,license_required,vendor_license_missing,Register license_config_ref before any vendor raw content use.,sha256:d71621837c58fe7cf65408052516ab88d4c0d6bcbbd89726288878c1ff4f3b15
bdx_2022_q4,BDX,"Becton, Dickinson and Company",youtube,video,https://www.youtube.com/results?search_query=BDX+2022+Q4+earnings+call,www.youtube.com,metadata_only,youtube_media_blocked,Keep YouTube as metadata/link reference only unless explicit written authorization exists.,sha256:4895dcef236aad217738f8efe250c00f6d4b2f3d51e8dda067c805f95d3005da
bdx_2022_q4,BDX,"Becton, Dickinson and Company",vendor,transcript,licensed-vendor://blocked/BDX/2022/Q4,licensed-vendor,license_required,vendor_license_missing,Register license_config_ref before any vendor raw content use.,sha256:29b9ba70e8cc352a59bc03c5abf364667bf07feb81b533df70f30b69961b42e1
ci_2022_q4,CI,The Cigna Group,youtube,video,https://www.youtube.com/results?search_query=CI+2022+Q4+earnings+call,www.youtube.com,metadata_only,youtube_media_blocked,Keep YouTube as metadata/link reference only unless explicit written authorization exists.,sha256:5b2aa78b46b30d7faf4782f0ae92ba3f8f5c9ac4bf476866a76960b43244f72b
ci_2022_q4,CI,The Cigna Group,vendor,transcript,licensed-vendor://blocked/CI/2022/Q4,licensed-vendor,license_required,vendor_license_missing,Register license_config_ref before any vendor raw content use.,sha256:97def830460abef80ea05a4678538b95c4163ff74f0c5cace42836d0c74b5630
hca_2022_q4,HCA,"HCA Healthcare, Inc.",youtube,video,https://www.youtube.com/results?search_query=HCA+2022+Q4+earnings+call,www.youtube.com,metadata_only,youtube_media_blocked,Keep YouTube as metadata/link reference only unless explicit written authorization exists.,sha256:aed03c6b96ff04a41037bf7318b6b1ef02d6cf33a455725379070f9433ecc855
hca_2022_q4,HCA,"HCA Healthcare, Inc.",vendor,transcript,licensed-vendor://blocked/HCA/2022/Q4,licensed-vendor,license_required,vendor_license_missing,Register license_config_ref before any vendor raw content use.,sha256:cf70e7cac36f72f5827fb960dff5f404c6020012f02847d825963cd55dafda52
syk_2022_q4,SYK,Stryker Corporation,youtube,video,https://www.youtube.com/results?search_query=SYK+2022+Q4+earnings+call,www.youtube.com,metadata_only,youtube_media_blocked,Keep YouTube as metadata/link reference only unless explicit written authorization exists.,sha256:f8e70158fb9db76e431fcdeeb18b9f791cef6db3082890d0d791f579de0d6117
syk_2022_q4,SYK,Stryker Corporation,vendor,transcript,licensed-vendor://blocked/SYK/2022/Q4,licensed-vendor,license_required,vendor_license_missing,Register license_config_ref before any vendor raw content use.,sha256:4facf6dfe44c5f3efc968906953e0894d33d425f64eaac61f86a0a0c429bb7f7
xom_2022_q4,XOM,Exxon Mobil Corporation,youtube,video,https://www.youtube.com/results?search_query=XOM+2022+Q4+earnings+call,www.youtube.com,metadata_only,youtube_media_blocked,Keep YouTube as metadata/link reference only unless explicit written authorization exists.,sha256:4b7d171413ac9ab5afa7949bd9efdfa0487e35caaf0b0a2426beaea50d4a400f
xom_2022_q4,XOM,Exxon Mobil Corporation,vendor,transcript,licensed-vendor://blocked/XOM/2022/Q4,licensed-vendor,license_required,vendor_license_missing,Register license_config_ref before any vendor raw content use.,sha256:4e5ccdfa2a8740cdc5a64b7f3ad797048136cad04f16f1b7620c40905eee2118
cvx_2022_q4,CVX,Chevron Corporation,youtube,video,https://www.youtube.com/results?search_query=CVX+2022+Q4+earnings+call,www.youtube.com,metadata_only,youtube_media_blocked,Keep YouTube as metadata/link reference only unless explicit written authorization exists.,sha256:d7b245d697f2b801bdd22e41b0890afb6a5c938e24fdd5ce643042c2671c7287
cvx_2022_q4,CVX,Chevron Corporation,vendor,transcript,licensed-vendor://blocked/CVX/2022/Q4,licensed-vendor,license_required,vendor_license_missing,Register license_config_ref before any vendor raw content use.,sha256:7ce79c4a1f92db327e0448c476a453f4160630662f65c30b088c1c8f70558a2c
cop_2022_q4,COP,ConocoPhillips,youtube,video,https://www.youtube.com/results?search_query=COP+2022+Q4+earnings+call,www.youtube.com,metadata_only,youtube_media_blocked,Keep YouTube as metadata/link reference only unless explicit written authorization exists.,sha256:27105735767b152e62b155414bcd544260323135d3a01396f244ad265c66fa26
cop_2022_q4,COP,ConocoPhillips,vendor,transcript,licensed-vendor://blocked/COP/2022/Q4,licensed-vendor,license_required,vendor_license_missing,Register license_config_ref before any vendor raw content use.,sha256:b6c20517f2dcc26be5ad178f627fc6f1662d44b341f194e2bb484e522b29ad55
slb_2022_q4,SLB,SLB,youtube,video,https://www.youtube.com/results?search_query=SLB+2022+Q4+earnings+call,www.youtube.com,metadata_only,youtube_media_blocked,Keep YouTube as metadata/link reference only unless explicit written authorization exists.,sha256:05370efae96a14c8838a293d8de97e2a84ee400547e4f302c58d7216fc50a4a7
slb_2022_q4,SLB,SLB,vendor,transcript,licensed-vendor://blocked/SLB/2022/Q4,licensed-vendor,license_required,vendor_license_missing,Register license_config_ref before any vendor raw content use.,sha256:f4d74196746589db1e121ca19d96cde945b1e99edd96406537f5fb472a62ce5c
hal_2022_q4,HAL,Halliburton Company,youtube,video,https://www.youtube.com/results?search_query=HAL+2022+Q4+earnings+call,www.youtube.com,metadata_only,youtube_media_blocked,Keep YouTube as metadata/link reference only unless explicit written authorization exists.,sha256:bf2f83294ad84fcdeaa9e9ae5c7d16bdf7c4ebb84dc633b0f05557bbafb2b4c8
hal_2022_q4,HAL,Halliburton Company,vendor,transcript,licensed-vendor://blocked/HAL/2022/Q4,licensed-vendor,license_required,vendor_license_missing,Register license_config_ref before any vendor raw content use.,sha256:a5039aef56ebcd75972b0a89f957f1c0b1f691ae5af0a77d68de35c1dbcc9b7f
eog_2022_q4,EOG,"EOG Resources, Inc.",youtube,video,https://www.youtube.com/results?search_query=EOG+2022+Q4+earnings+call,www.youtube.com,metadata_only,youtube_media_blocked,Keep YouTube as metadata/link reference only unless explicit written authorization exists.,sha256:771b4ed3674bfc78d9f8472e1656f108b7db30b1d5d00f904c3224f53b4760db
eog_2022_q4,EOG,"EOG Resources, Inc.",vendor,transcript,licensed-vendor://blocked/EOG/2022/Q4,licensed-vendor,license_required,vendor_license_missing,Register license_config_ref before any vendor raw content use.,sha256:40aa266574459fbd1b2acb8ef587def9a26dec725622e3b131e05615aa8f51e8
oxy_2022_q4,OXY,Occidental Petroleum Corporation,youtube,video,https://www.youtube.com/results?search_query=OXY+2022+Q4+earnings+call,www.youtube.com,metadata_only,youtube_media_blocked,Keep YouTube as metadata/link reference only unless explicit written authorization exists.,sha256:7de018a8072476e4a7ff0c5287d472ed3db60a3428bc0d7e34706919aca9f077
oxy_2022_q4,OXY,Occidental Petroleum Corporation,vendor,transcript,licensed-vendor://blocked/OXY/2022/Q4,licensed-vendor,license_required,vendor_license_missing,Register license_config_ref before any vendor raw content use.,sha256:96cd9c3c058f2480a5068485f5d8e6bdec12b557ac7c986985cfb6e9a3961d1e
mpc_2022_q4,MPC,Marathon Petroleum Corporation,youtube,video,https://www.youtube.com/results?search_query=MPC+2022+Q4+earnings+call,www.youtube.com,metadata_only,youtube_media_blocked,Keep YouTube as metadata/link reference only unless explicit written authorization exists.,sha256:21eb4e20f07622d2e9577102f3891e867794297ca2d8590c270107d8b8905f52
mpc_2022_q4,MPC,Marathon Petroleum Corporation,vendor,transcript,licensed-vendor://blocked/MPC/2022/Q4,licensed-vendor,license_required,vendor_license_missing,Register license_config_ref before any vendor raw content use.,sha256:080e0e48aa94708cf5f97138270288876d469058a1eadc759cdbed2afabbf1a2
psx_2022_q4,PSX,Phillips 66,youtube,video,https://www.youtube.com/results?search_query=PSX+2022+Q4+earnings+call,www.youtube.com,metadata_only,youtube_media_blocked,Keep YouTube as metadata/link reference only unless explicit written authorization exists.,sha256:1d6e46f68ea19187b87218b09a7c99d26007beff3e62ad5aeb78506d63da9459
psx_2022_q4,PSX,Phillips 66,vendor,transcript,licensed-vendor://blocked/PSX/2022/Q4,licensed-vendor,license_required,vendor_license_missing,Register license_config_ref before any vendor raw content use.,sha256:087849197f8954100391b148fb9a2e841233f913f63c4544e9166fb59a9b67d2
vlo_2022_q4,VLO,Valero Energy Corporation,youtube,video,https://www.youtube.com/results?search_query=VLO+2022+Q4+earnings+call,www.youtube.com,metadata_only,youtube_media_blocked,Keep YouTube as metadata/link reference only unless explicit written authorization exists.,sha256:bf69d2cb5d97b105e2af471d70786401c019977319a3d82931a06a2d94e18960
vlo_2022_q4,VLO,Valero Energy Corporation,vendor,transcript,licensed-vendor://blocked/VLO/2022/Q4,licensed-vendor,license_required,vendor_license_missing,Register license_config_ref before any vendor raw content use.,sha256:40975190f7eb98d5a0e2317b7eb00624c4efd0696095615063605aa8566651ec
ba_2022_q4,BA,The Boeing Company,youtube,video,https://www.youtube.com/results?search_query=BA+2022+Q4+earnings+call,www.youtube.com,metadata_only,youtube_media_blocked,Keep YouTube as metadata/link reference only unless explicit written authorization exists.,sha256:5a46e90496acf6cf793100919c2c6b859f016c2b811124a6f1556b8a8c8480aa
ba_2022_q4,BA,The Boeing Company,vendor,transcript,licensed-vendor://blocked/BA/2022/Q4,licensed-vendor,license_required,vendor_license_missing,Register license_config_ref before any vendor raw content use.,sha256:90a5b674666f100a5ebb13644fa0c4b2d53797643fe0000414784390c8eb03af
rtx_2022_q4,RTX,RTX Corporation,youtube,video,https://www.youtube.com/results?search_query=RTX+2022+Q4+earnings+call,www.youtube.com,metadata_only,youtube_media_blocked,Keep YouTube as metadata/link reference only unless explicit written authorization exists.,sha256:8041c4021fb3218fff8e019c177ac55758274394f3db3f34fa3ebdabf2c9a0a8
rtx_2022_q4,RTX,RTX Corporation,vendor,transcript,licensed-vendor://blocked/RTX/2022/Q4,licensed-vendor,license_required,vendor_license_missing,Register license_config_ref before any vendor raw content use.,sha256:b3d1f575b049284be3fe5de0ed7419af61c4d893bae9be8b3d3c27d0690ad40c
lmt_2022_q4,LMT,Lockheed Martin Corporation,youtube,video,https://www.youtube.com/results?search_query=LMT+2022+Q4+earnings+call,www.youtube.com,metadata_only,youtube_media_blocked,Keep YouTube as metadata/link reference only unless explicit written authorization exists.,sha256:2a742b249a9ffdd867c28864e22c58c07d47d5c72c58d981684b7716cd04503e
lmt_2022_q4,LMT,Lockheed Martin Corporation,vendor,transcript,licensed-vendor://blocked/LMT/2022/Q4,licensed-vendor,license_required,vendor_license_missing,Register license_config_ref before any vendor raw content use.,sha256:ffd78ac47e2321afbb78fd1ff83068b32439350c97a81073f801820452f17f6c
noc_2022_q4,NOC,Northrop Grumman Corporation,youtube,video,https://www.youtube.com/results?search_query=NOC+2022+Q4+earnings+call,www.youtube.com,metadata_only,youtube_media_blocked,Keep YouTube as metadata/link reference only unless explicit written authorization exists.,sha256:0e842e638d095082a0fbca4096c92a6f6e1738efa8247250aba5bf805ec54049
noc_2022_q4,NOC,Northrop Grumman Corporation,vendor,transcript,licensed-vendor://blocked/NOC/2022/Q4,licensed-vendor,license_required,vendor_license_missing,Register license_config_ref before any vendor raw content use.,sha256:4e5965f95986c4ca9c375eaa94710b1e848de6c444534fbdda007efb5e3fbf24
gd_2022_q4,GD,General Dynamics Corporation,youtube,video,https://www.youtube.com/results?search_query=GD+2022+Q4+earnings+call,www.youtube.com,metadata_only,youtube_media_blocked,Keep YouTube as metadata/link reference only unless explicit written authorization exists.,sha256:b1b84fdb6cd1d2b41553c432840c29a5cb72d6213027195bcbb1f18fcf80e25a
gd_2022_q4,GD,General Dynamics Corporation,vendor,transcript,licensed-vendor://blocked/GD/2022/Q4,licensed-vendor,license_required,vendor_license_missing,Register license_config_ref before any vendor raw content use.,sha256:8c47c5ed9f18b3af71061852975037f2ad586e73d89174ffe126de908acc8297
cat_2022_q4,CAT,Caterpillar Inc.,youtube,video,https://www.youtube.com/results?search_query=CAT+2022+Q4+earnings+call,www.youtube.com,metadata_only,youtube_media_blocked,Keep YouTube as metadata/link reference only unless explicit written authorization exists.,sha256:a4b78fd82325a470772dab78e3b60d8d0b04f05f1bef02dff61e60c6c84b9440
cat_2022_q4,CAT,Caterpillar Inc.,vendor,transcript,licensed-vendor://blocked/CAT/2022/Q4,licensed-vendor,license_required,vendor_license_missing,Register license_config_ref before any vendor raw content use.,sha256:37296102e26dfc13f7fb3714fac450c0817c4c051b0ca79fee3519f1f1387a3e
de_2022_q4,DE,Deere & Company,youtube,video,https://www.youtube.com/results?search_query=DE+2022+Q4+earnings+call,www.youtube.com,metadata_only,youtube_media_blocked,Keep YouTube as metadata/link reference only unless explicit written authorization exists.,sha256:09315d17ce57dd8adf59c0a0f3a250f95f4018ff0ab3a76022e1aa9d7be89b8f
de_2022_q4,DE,Deere & Company,vendor,transcript,licensed-vendor://blocked/DE/2022/Q4,licensed-vendor,license_required,vendor_license_missing,Register license_config_ref before any vendor raw content use.,sha256:ec831dc8cb0820bfca52a78fca114475787c5b0545a67bd69a8901c18044dd03
ge_2022_q4,GE,GE Aerospace,youtube,video,https://www.youtube.com/results?search_query=GE+2022+Q4+earnings+call,www.youtube.com,metadata_only,youtube_media_blocked,Keep YouTube as metadata/link reference only unless explicit written authorization exists.,sha256:e589b12e90b153358043fcf8339e1760ec8984fecc5b6c6a0b1db0ae93e22a3a
ge_2022_q4,GE,GE Aerospace,vendor,transcript,licensed-vendor://blocked/GE/2022/Q4,licensed-vendor,license_required,vendor_license_missing,Register license_config_ref before any vendor raw content use.,sha256:9353d206f3017303d9230434802091dd9fe700da969cceacbff3912159134e5d
etn_2022_q4,ETN,Eaton Corporation plc,youtube,video,https://www.youtube.com/results?search_query=ETN+2022+Q4+earnings+call,www.youtube.com,metadata_only,youtube_media_blocked,Keep YouTube as metadata/link reference only unless explicit written authorization exists.,sha256:2d859759b61bb017eb0b472d062d9a5ef742b10427e663980cba712f69fc1485
etn_2022_q4,ETN,Eaton Corporation plc,vendor,transcript,licensed-vendor://blocked/ETN/2022/Q4,licensed-vendor,license_required,vendor_license_missing,Register license_config_ref before any vendor raw content use.,sha256:81630af3800d0b632d4dc6d52cfcf29145cf920c7dd09b2bea794ae548fa38b1
emr_2022_q4,EMR,Emerson Electric Co.,youtube,video,https://www.youtube.com/results?search_query=EMR+2022+Q4+earnings+call,www.youtube.com,metadata_only,youtube_media_blocked,Keep YouTube as metadata/link reference only unless explicit written authorization exists.,sha256:983485096c7e1117c787c49f9a83ba3e01c004c0fe85b0bb6f3fd37f94249a6c
emr_2022_q4,EMR,Emerson Electric Co.,vendor,transcript,licensed-vendor://blocked/EMR/2022/Q4,licensed-vendor,license_required,vendor_license_missing,Register license_config_ref before any vendor raw content use.,sha256:1716706587db6997000947c9ae387b5d2baccfdb1fef11b1ecb04e7b679f04b9
mmm_2022_q4,MMM,3M Company,youtube,video,https://www.youtube.com/results?search_query=MMM+2022+Q4+earnings+call,www.youtube.com,metadata_only,youtube_media_blocked,Keep YouTube as metadata/link reference only unless explicit written authorization exists.,sha256:16d8174fabaee8fda7c31f293b63d7c82341f9fd36250e26ea508653be1ac43d
mmm_2022_q4,MMM,3M Company,vendor,transcript,licensed-vendor://blocked/MMM/2022/Q4,licensed-vendor,license_required,vendor_license_missing,Register license_config_ref before any vendor raw content use.,sha256:a7bd6cf410f13b513d65e1255c155c24ee9f6c24944b816e54ad56129b018bde
itw_2022_q4,ITW,Illinois Tool Works Inc.,youtube,video,https://www.youtube.com/results?search_query=ITW+2022+Q4+earnings+call,www.youtube.com,metadata_only,youtube_media_blocked,Keep YouTube as metadata/link reference only unless explicit written authorization exists.,sha256:d2eb5f51d56aef295d41be9ea8e54568c70a1a96475f0cdbfd2056915ec2cd0a
itw_2022_q4,ITW,Illinois Tool Works Inc.,vendor,transcript,licensed-vendor://blocked/ITW/2022/Q4,licensed-vendor,license_required,vendor_license_missing,Register license_config_ref before any vendor raw content use.,sha256:775e488bcfc58b32e5c56837981767c92f99ee1d2beced3e3e1e57f7a0604d50
ph_2022_q4,PH,Parker-Hannifin Corporation,youtube,video,https://www.youtube.com/results?search_query=PH+2022+Q4+earnings+call,www.youtube.com,metadata_only,youtube_media_blocked,Keep YouTube as metadata/link reference only unless explicit written authorization exists.,sha256:41126b239aeada58e039b17aa4b4a5b4591790b943441a14e7039543ec475977
ph_2022_q4,PH,Parker-Hannifin Corporation,vendor,transcript,licensed-vendor://blocked/PH/2022/Q4,licensed-vendor,license_required,vendor_license_missing,Register license_config_ref before any vendor raw content use.,sha256:898925b76969c2680fd2400bea525201c7dfecdca5810c9fc38be3c22ec0b181
carr_2022_q4,CARR,Carrier Global Corporation,youtube,video,https://www.youtube.com/results?search_query=CARR+2022+Q4+earnings+call,www.youtube.com,metadata_only,youtube_media_blocked,Keep YouTube as metadata/link reference only unless explicit written authorization exists.,sha256:e8751adde172aae8ef4ef87c11336e353932e1ce5b05852ab6104eb0e2b3b5b6
carr_2022_q4,CARR,Carrier Global Corporation,vendor,transcript,licensed-vendor://blocked/CARR/2022/Q4,licensed-vendor,license_required,vendor_license_missing,Register license_config_ref before any vendor raw content use.,sha256:8e5eb27794db8117cdd7ea9cf9090481d8a516ff434465800c0279e76467bf53
otis_2022_q4,OTIS,Otis Worldwide Corporation,youtube,video,https://www.youtube.com/results?search_query=OTIS+2022+Q4+earnings+call,www.youtube.com,metadata_only,youtube_media_blocked,Keep YouTube as metadata/link reference only unless explicit written authorization exists.,sha256:6ebbc0673cb336882b68d9b681e8f9aeb3d1db6560047918dfcde9a64e8efc7d
otis_2022_q4,OTIS,Otis Worldwide Corporation,vendor,transcript,licensed-vendor://blocked/OTIS/2022/Q4,licensed-vendor,license_required,vendor_license_missing,Register license_config_ref before any vendor raw content use.,sha256:b8802df31ba7b040053ea3c0b5d3a4e5a7fe40cdba4529ccc4e98df69ffa35ad
ups_2022_q4,UPS,"United Parcel Service, Inc.",youtube,video,https://www.youtube.com/results?search_query=UPS+2022+Q4+earnings+call,www.youtube.com,metadata_only,youtube_media_blocked,Keep YouTube as metadata/link reference only unless explicit written authorization exists.,sha256:e73751a27203cb04fd8e597488d20863382700892c1a0f7ba5046d8a2c2fae60
ups_2022_q4,UPS,"United Parcel Service, Inc.",vendor,transcript,licensed-vendor://blocked/UPS/2022/Q4,licensed-vendor,license_required,vendor_license_missing,Register license_config_ref before any vendor raw content use.,sha256:0f1fe4660f8995660b3c8798d67eb4b5fa83cde2d442bea879f11b4bcb131f20
fdx_2022_q4,FDX,FedEx Corporation,youtube,video,https://www.youtube.com/results?search_query=FDX+2022+Q4+earnings+call,www.youtube.com,metadata_only,youtube_media_blocked,Keep YouTube as metadata/link reference only unless explicit written authorization exists.,sha256:e950a7387418d43e52a16c9a4940d14cf983df8460b0fc7c0e4cd9422f733430
fdx_2022_q4,FDX,FedEx Corporation,vendor,transcript,licensed-vendor://blocked/FDX/2022/Q4,licensed-vendor,license_required,vendor_license_missing,Register license_config_ref before any vendor raw content use.,sha256:153dacbe044fdd5d80e0b4e6c6b1e271259ca89c0ac66f4111b9b153b0580ba2
dal_2022_q4,DAL,"Delta Air Lines, Inc.",youtube,video,https://www.youtube.com/results?search_query=DAL+2022+Q4+earnings+call,www.youtube.com,metadata_only,youtube_media_blocked,Keep YouTube as metadata/link reference only unless explicit written authorization exists.,sha256:7d3635c4ce5dbb5ed33d3a95a059283fddfc25f0e4116800856870fbeefec0f6
dal_2022_q4,DAL,"Delta Air Lines, Inc.",vendor,transcript,licensed-vendor://blocked/DAL/2022/Q4,licensed-vendor,license_required,vendor_license_missing,Register license_config_ref before any vendor raw content use.,sha256:88685d3573b5d1bbd5a5737e02526edd8caef4517f3cdac3e7dab3b568680a5e
unp_2022_q4,UNP,Union Pacific Corporation,youtube,video,https://www.youtube.com/results?search_query=UNP+2022+Q4+earnings+call,www.youtube.com,metadata_only,youtube_media_blocked,Keep YouTube as metadata/link reference only unless explicit written authorization exists.,sha256:af3b7c991026f2fc1c6620e0a82d36aa95944ecd7e0add9a16bf244c48f75507
unp_2022_q4,UNP,Union Pacific Corporation,vendor,transcript,licensed-vendor://blocked/UNP/2022/Q4,licensed-vendor,license_required,vendor_license_missing,Register license_config_ref before any vendor raw content use.,sha256:44c925481cd60d0dd7696b0d6ebb16c101ebd4f08cfe7b58533339fca229a803
nsc_2022_q4,NSC,Norfolk Southern Corporation,youtube,video,https://www.youtube.com/results?search_query=NSC+2022+Q4+earnings+call,www.youtube.com,metadata_only,youtube_media_blocked,Keep YouTube as metadata/link reference only unless explicit written authorization exists.,sha256:51bcef4fc49c144be5f4c1faf5b5e306910e4140ce8a7948d16e497b37b8e385
nsc_2022_q4,NSC,Norfolk Southern Corporation,vendor,transcript,licensed-vendor://blocked/NSC/2022/Q4,licensed-vendor,license_required,vendor_license_missing,Register license_config_ref before any vendor raw content use.,sha256:59c381387053093c9b1359d0b3c2ae28321e14a4048cd754c4ba241e77c00f90
hd_2022_q4,HD,"The Home Depot, Inc.",youtube,video,https://www.youtube.com/results?search_query=HD+2022+Q4+earnings+call,www.youtube.com,metadata_only,youtube_media_blocked,Keep YouTube as metadata/link reference only unless explicit written authorization exists.,sha256:af1e0c5cba733327214cd434c545721de075c8e1662157bae1c79396fdd40e71
hd_2022_q4,HD,"The Home Depot, Inc.",vendor,transcript,licensed-vendor://blocked/HD/2022/Q4,licensed-vendor,license_required,vendor_license_missing,Register license_config_ref before any vendor raw content use.,sha256:7af06de3a2dc67e653a73197e233342a83daa4b1110fa4b203ef0cf29fa8206e
low_2022_q4,LOW,"Lowe's Companies, Inc.",youtube,video,https://www.youtube.com/results?search_query=LOW+2022+Q4+earnings+call,www.youtube.com,metadata_only,youtube_media_blocked,Keep YouTube as metadata/link reference only unless explicit written authorization exists.,sha256:3c3bb0519531909cee6e01b87aa77143c106486e76887b03b4d8a6d01bdb41ca
low_2022_q4,LOW,"Lowe's Companies, Inc.",vendor,transcript,licensed-vendor://blocked/LOW/2022/Q4,licensed-vendor,license_required,vendor_license_missing,Register license_config_ref before any vendor raw content use.,sha256:fdc0021db60f115022402d29cd0c626297897c844ee6bcaa5e99e021e525d026
tgt_2022_q4,TGT,Target Corporation,youtube,video,https://www.youtube.com/results?search_query=TGT+2022+Q4+earnings+call,www.youtube.com,metadata_only,youtube_media_blocked,Keep YouTube as metadata/link reference only unless explicit written authorization exists.,sha256:9137a638656518f441d903db2996e9c8c2e89932bed6c5473cd454dcf418031b
tgt_2022_q4,TGT,Target Corporation,vendor,transcript,licensed-vendor://blocked/TGT/2022/Q4,licensed-vendor,license_required,vendor_license_missing,Register license_config_ref before any vendor raw content use.,sha256:1d9285bc263aa573cdf64f38854ee4ad589b608473ac5f96dab9150d9c080278
kr_2022_q4,KR,The Kroger Co.,youtube,video,https://www.youtube.com/results?search_query=KR+2022+Q4+earnings+call,www.youtube.com,metadata_only,youtube_media_blocked,Keep YouTube as metadata/link reference only unless explicit written authorization exists.,sha256:21cb8c76e16f7dabb0cc65e00ea0881ae2e106624ef107b085da2fa12457c7db
kr_2022_q4,KR,The Kroger Co.,vendor,transcript,licensed-vendor://blocked/KR/2022/Q4,licensed-vendor,license_required,vendor_license_missing,Register license_config_ref before any vendor raw content use.,sha256:0076580a9a977f48b49204c6a05d3dba9c82cb422231b38ac6669050151026bb
dg_2022_q4,DG,Dollar General Corporation,youtube,video,https://www.youtube.com/results?search_query=DG+2022+Q4+earnings+call,www.youtube.com,metadata_only,youtube_media_blocked,Keep YouTube as metadata/link reference only unless explicit written authorization exists.,sha256:95f5a3042341c034b45d2278b4b1347edb775495c6a6bc5a168c74fdd291f663
dg_2022_q4,DG,Dollar General Corporation,vendor,transcript,licensed-vendor://blocked/DG/2022/Q4,licensed-vendor,license_required,vendor_license_missing,Register license_config_ref before any vendor raw content use.,sha256:cbb8fd2d997047a281a3bc3c51207a6121958981208cd94c4a289339505ba172
mcd_2022_q4,MCD,McDonald's Corporation,youtube,video,https://www.youtube.com/results?search_query=MCD+2022+Q4+earnings+call,www.youtube.com,metadata_only,youtube_media_blocked,Keep YouTube as metadata/link reference only unless explicit written authorization exists.,sha256:8d0f28a2cca950966504cd313b01e4e37639ed8d88a11b9aca2b9b41cf5cc436
mcd_2022_q4,MCD,McDonald's Corporation,vendor,transcript,licensed-vendor://blocked/MCD/2022/Q4,licensed-vendor,license_required,vendor_license_missing,Register license_config_ref before any vendor raw content use.,sha256:bee03bfafa1a29ea15d3ade9cc979037b8e27568adc71b80eac2e17ee3d006e0
yum_2022_q4,YUM,"Yum! Brands, Inc.",youtube,video,https://www.youtube.com/results?search_query=YUM+2022+Q4+earnings+call,www.youtube.com,metadata_only,youtube_media_blocked,Keep YouTube as metadata/link reference only unless explicit written authorization exists.,sha256:b8ac6f20550a4ade9ecd5f041f8a54e7a551777a74b823bf693dd3bdeb110f48
yum_2022_q4,YUM,"Yum! Brands, Inc.",vendor,transcript,licensed-vendor://blocked/YUM/2022/Q4,licensed-vendor,license_required,vendor_license_missing,Register license_config_ref before any vendor raw content use.,sha256:155498d084b23ece14d912385337f67848880908bee045ddffed1a1d8244e2bd
nke_2022_q4,NKE,"NIKE, Inc.",youtube,video,https://www.youtube.com/results?search_query=NKE+2022+Q4+earnings+call,www.youtube.com,metadata_only,youtube_media_blocked,Keep YouTube as metadata/link reference only unless explicit written authorization exists.,sha256:ef7ffbda56e3940ffbaa422310e05e8425c0fc8b07e2d98705d5f7a263b85c34
nke_2022_q4,NKE,"NIKE, Inc.",vendor,transcript,licensed-vendor://blocked/NKE/2022/Q4,licensed-vendor,license_required,vendor_license_missing,Register license_config_ref before any vendor raw content use.,sha256:7f2ab6a6c7b91531a18d4dcdd901f3dfde9293bec936c5f6ff07b7931d938b56
dis_2022_q4,DIS,The Walt Disney Company,youtube,video,https://www.youtube.com/results?search_query=DIS+2022+Q4+earnings+call,www.youtube.com,metadata_only,youtube_media_blocked,Keep YouTube as metadata/link reference only unless explicit written authorization exists.,sha256:a005e2dfb442aafc94cb005c4a3da4a0fd18ce1a5dd901cf8695ee2fd072d02f
dis_2022_q4,DIS,The Walt Disney Company,vendor,transcript,licensed-vendor://blocked/DIS/2022/Q4,licensed-vendor,license_required,vendor_license_missing,Register license_config_ref before any vendor raw content use.,sha256:9a0d25f0ae50f45b6c48949c450ac483d5c3125656fddd1eb8cefafde54c7fe6
ko_2022_q4,KO,The Coca-Cola Company,youtube,video,https://www.youtube.com/results?search_query=KO+2022+Q4+earnings+call,www.youtube.com,metadata_only,youtube_media_blocked,Keep YouTube as metadata/link reference only unless explicit written authorization exists.,sha256:b2e76a75a1d3ebf8eb056cd03f1b0d38584bc7382695b88fb38df055356e18df
ko_2022_q4,KO,The Coca-Cola Company,vendor,transcript,licensed-vendor://blocked/KO/2022/Q4,licensed-vendor,license_required,vendor_license_missing,Register license_config_ref before any vendor raw content use.,sha256:858f32dde0896974d3bad68baa6eeadf351e274b00f5409c0fed6708014b6771
pg_2022_q4,PG,The Procter & Gamble Company,youtube,video,https://www.youtube.com/results?search_query=PG+2022+Q4+earnings+call,www.youtube.com,metadata_only,youtube_media_blocked,Keep YouTube as metadata/link reference only unless explicit written authorization exists.,sha256:2b7eb8b316d25c59fe34f9667617e33b48d1f41e20d3ea41aa05139e312b1bd5
pg_2022_q4,PG,The Procter & Gamble Company,vendor,transcript,licensed-vendor://blocked/PG/2022/Q4,licensed-vendor,license_required,vendor_license_missing,Register license_config_ref before any vendor raw content use.,sha256:bae55f890830b456481d6ffbe968e818438f8d3f8e720e0e7e6318e6c210d162
cl_2022_q4,CL,Colgate-Palmolive Company,youtube,video,https://www.youtube.com/results?search_query=CL+2022+Q4+earnings+call,www.youtube.com,metadata_only,youtube_media_blocked,Keep YouTube as metadata/link reference only unless explicit written authorization exists.,sha256:8fd46b54ec71a413a20c8ba124c253c9e75688fea871c4eb7f535e3a56883777
cl_2022_q4,CL,Colgate-Palmolive Company,vendor,transcript,licensed-vendor://blocked/CL/2022/Q4,licensed-vendor,license_required,vendor_license_missing,Register license_config_ref before any vendor raw content use.,sha256:f81a30d9c82ca8da955c2b9eb6bc0e00ed6c48f3b80aebca6c08e6f682696350
el_2022_q4,EL,The Estee Lauder Companies Inc.,youtube,video,https://www.youtube.com/results?search_query=EL+2022+Q4+earnings+call,www.youtube.com,metadata_only,youtube_media_blocked,Keep YouTube as metadata/link reference only unless explicit written authorization exists.,sha256:a9dd19d479a2d5d95ad19c4ef3bcd3991aa4d3368c6515e1c4568e60f5cfbd4d
el_2022_q4,EL,The Estee Lauder Companies Inc.,vendor,transcript,licensed-vendor://blocked/EL/2022/Q4,licensed-vendor,license_required,vendor_license_missing,Register license_config_ref before any vendor raw content use.,sha256:8fbbb882ffc4dfd8a84c4f9b253c87a7dc7b8ddef4aabeb92d13a8e5ce9738e3
gis_2022_q4,GIS,"General Mills, Inc.",youtube,video,https://www.youtube.com/results?search_query=GIS+2022+Q4+earnings+call,www.youtube.com,metadata_only,youtube_media_blocked,Keep YouTube as metadata/link reference only unless explicit written authorization exists.,sha256:20c7777f0f4cd5f6ef60b97b62fd4435cb71f6e79527c0b098974624b258a928
gis_2022_q4,GIS,"General Mills, Inc.",vendor,transcript,licensed-vendor://blocked/GIS/2022/Q4,licensed-vendor,license_required,vendor_license_missing,Register license_config_ref before any vendor raw content use.,sha256:a7b650db7227b50a43fcd35bdf2e6f9f0de8da9af668a46d12db6811ed9aa1a9
hsy_2022_q4,HSY,The Hershey Company,youtube,video,https://www.youtube.com/results?search_query=HSY+2022+Q4+earnings+call,www.youtube.com,metadata_only,youtube_media_blocked,Keep YouTube as metadata/link reference only unless explicit written authorization exists.,sha256:d2ddbccaf3e851be85d877b97b1cbdee4bf92a6516bb017b2ec69885a569e3ba
hsy_2022_q4,HSY,The Hershey Company,vendor,transcript,licensed-vendor://blocked/HSY/2022/Q4,licensed-vendor,license_required,vendor_license_missing,Register license_config_ref before any vendor raw content use.,sha256:cdfa0515105e0439d908d4c61c1f842e29d03216841a8ee2bd87a99ff4411506
t_2022_q4,T,AT&T Inc.,youtube,video,https://www.youtube.com/results?search_query=T+2022+Q4+earnings+call,www.youtube.com,metadata_only,youtube_media_blocked,Keep YouTube as metadata/link reference only unless explicit written authorization exists.,sha256:fa4b7224af08e94df695758052f71b634eb4a99cd2df0bfeecbddc2eb4f3215b
t_2022_q4,T,AT&T Inc.,vendor,transcript,licensed-vendor://blocked/T/2022/Q4,licensed-vendor,license_required,vendor_license_missing,Register license_config_ref before any vendor raw content use.,sha256:bb879e574b9b2da4245f6b2b33531277bc333c6d1907c494c142010e01dc2c6a
vz_2022_q4,VZ,Verizon Communications Inc.,youtube,video,https://www.youtube.com/results?search_query=VZ+2022+Q4+earnings+call,www.youtube.com,metadata_only,youtube_media_blocked,Keep YouTube as metadata/link reference only unless explicit written authorization exists.,sha256:4b46d3d264fb93a27595c86d0df25918963cbbd67975b8b83d35198cff7df3df
vz_2022_q4,VZ,Verizon Communications Inc.,vendor,transcript,licensed-vendor://blocked/VZ/2022/Q4,licensed-vendor,license_required,vendor_license_missing,Register license_config_ref before any vendor raw content use.,sha256:eb8a095f47a4d3fc99f2846fc38018d1995fb8b2dbdeb2cabeca1df5d1a53f39
ibm_2022_q4,IBM,International Business Machines Corporation,youtube,video,https://www.youtube.com/results?search_query=IBM+2022+Q4+earnings+call,www.youtube.com,metadata_only,youtube_media_blocked,Keep YouTube as metadata/link reference only unless explicit written authorization exists.,sha256:2377818bb7185c5e61eb5c3fd5caf737148e579a813cc08d948ce5b4d0d36fc1
ibm_2022_q4,IBM,International Business Machines Corporation,vendor,transcript,licensed-vendor://blocked/IBM/2022/Q4,licensed-vendor,license_required,vendor_license_missing,Register license_config_ref before any vendor raw content use.,sha256:3367beaa6bdb09522c2e58e17ede7daedc2f028e6b02d468a96dcf27b102eae4
orcl_2022_q4,ORCL,Oracle Corporation,youtube,video,https://www.youtube.com/results?search_query=ORCL+2022+Q4+earnings+call,www.youtube.com,metadata_only,youtube_media_blocked,Keep YouTube as metadata/link reference only unless explicit written authorization exists.,sha256:2404336ff68bc2941f27979d911d4a5bb598841a957e22cd1e37f6a449281fc5
orcl_2022_q4,ORCL,Oracle Corporation,vendor,transcript,licensed-vendor://blocked/ORCL/2022/Q4,licensed-vendor,license_required,vendor_license_missing,Register license_config_ref before any vendor raw content use.,sha256:b333a907e6850f841f23148b0a5ec9e5b39a560f5414743609a7ed4af96198ff
crm_2022_q4,CRM,"Salesforce, Inc.",youtube,video,https://www.youtube.com/results?search_query=CRM+2022+Q4+earnings+call,www.youtube.com,metadata_only,youtube_media_blocked,Keep YouTube as metadata/link reference only unless explicit written authorization exists.,sha256:bb935253ae808ad3e6c85230e58b1d3551327eb094133cf89f024c7177b69ddc
crm_2022_q4,CRM,"Salesforce, Inc.",vendor,transcript,licensed-vendor://blocked/CRM/2022/Q4,licensed-vendor,license_required,vendor_license_missing,Register license_config_ref before any vendor raw content use.,sha256:d76d6966ae7096f4f8de4944c5fba4bc227eab3ee3503f59d27b3cd63d52de9d
now_2022_q4,NOW,"ServiceNow, Inc.",youtube,video,https://www.youtube.com/results?search_query=NOW+2022+Q4+earnings+call,www.youtube.com,metadata_only,youtube_media_blocked,Keep YouTube as metadata/link reference only unless explicit written authorization exists.,sha256:47157fc2bbb061430b1d3e9ef0bd6087de1bdfc30e201d793e8d74b0266ea770
now_2022_q4,NOW,"ServiceNow, Inc.",vendor,transcript,licensed-vendor://blocked/NOW/2022/Q4,licensed-vendor,license_required,vendor_license_missing,Register license_config_ref before any vendor raw content use.,sha256:b4f77821363deeb8ea61df5b5f6efeeacca404407ff39abe8538ac0de0d42a5e
acn_2022_q4,ACN,Accenture plc,youtube,video,https://www.youtube.com/results?search_query=ACN+2022+Q4+earnings+call,www.youtube.com,metadata_only,youtube_media_blocked,Keep YouTube as metadata/link reference only unless explicit written authorization exists.,sha256:5ce83c5a80528e8ecdbe023c779e339dbf4109e3273ec2b075b3cb35ef5660ee
acn_2022_q4,ACN,Accenture plc,vendor,transcript,licensed-vendor://blocked/ACN/2022/Q4,licensed-vendor,license_required,vendor_license_missing,Register license_config_ref before any vendor raw content use.,sha256:e58af47fffe856ff28fc78e9cccfb7f1834bdc6051a185bd0254426491759101
dell_2022_q4,DELL,Dell Technologies Inc.,youtube,video,https://www.youtube.com/results?search_query=DELL+2022+Q4+earnings+call,www.youtube.com,metadata_only,youtube_media_blocked,Keep YouTube as metadata/link reference only unless explicit written authorization exists.,sha256:a3f0b303cc32665f016c08f67dcbc6c5c8b294de74bef1aaef13030db12a55e7
dell_2022_q4,DELL,Dell Technologies Inc.,vendor,transcript,licensed-vendor://blocked/DELL/2022/Q4,licensed-vendor,license_required,vendor_license_missing,Register license_config_ref before any vendor raw content use.,sha256:08aa103d7b52c8390a64665506f13ff84fb35aafefeb5b3f89a1654d6c32af08
hpq_2022_q4,HPQ,HP Inc.,youtube,video,https://www.youtube.com/results?search_query=HPQ+2022+Q4+earnings+call,www.youtube.com,metadata_only,youtube_media_blocked,Keep YouTube as metadata/link reference only unless explicit written authorization exists.,sha256:48e5d02a572bb8159c0e9df07ebf933ac831c10feb7c5b12a65f217e24dc17e1
hpq_2022_q4,HPQ,HP Inc.,vendor,transcript,licensed-vendor://blocked/HPQ/2022/Q4,licensed-vendor,license_required,vendor_license_missing,Register license_config_ref before any vendor raw content use.,sha256:355a4d882e97ca110dd277940ab61dfcfb9cde09d6342e64c7bea010186f0b9b
net_2022_q4,NET,"Cloudflare, Inc.",youtube,video,https://www.youtube.com/results?search_query=NET+2022+Q4+earnings+call,www.youtube.com,metadata_only,youtube_media_blocked,Keep YouTube as metadata/link reference only unless explicit written authorization exists.,sha256:71ef13ad08528709520eef76d8c84806316e0fe0d3ac00037daaf38cc3c7e1ff
net_2022_q4,NET,"Cloudflare, Inc.",vendor,transcript,licensed-vendor://blocked/NET/2022/Q4,licensed-vendor,license_required,vendor_license_missing,Register license_config_ref before any vendor raw content use.,sha256:cde19713f832295284dcce81f4fe37564a0cbb860abe9b4dac49b83af93bf08e
snow_2022_q4,SNOW,Snowflake Inc.,youtube,video,https://www.youtube.com/results?search_query=SNOW+2022+Q4+earnings+call,www.youtube.com,metadata_only,youtube_media_blocked,Keep YouTube as metadata/link reference only unless explicit written authorization exists.,sha256:0e749f91f9d47a86e3e90c15d1ccf181aec464c5d8c1689e543aee6a4932d389
snow_2022_q4,SNOW,Snowflake Inc.,vendor,transcript,licensed-vendor://blocked/SNOW/2022/Q4,licensed-vendor,license_required,vendor_license_missing,Register license_config_ref before any vendor raw content use.,sha256:ff13201b356f2c8f20d794013d0c23e19e6e5d3d72d29024c1821d4709f3a7a3
jpm_2021_q4,JPM,JPMorgan Chase & Co.,youtube,video,https://www.youtube.com/results?search_query=JPM+2021+Q4+earnings+call,www.youtube.com,metadata_only,youtube_media_blocked,Keep YouTube as metadata/link reference only unless explicit written authorization exists.,sha256:ea56be69040a6b5d232ee6e62e4a9ba9d464ef1fa40687d25c11b52750b8ec44
jpm_2021_q4,JPM,JPMorgan Chase & Co.,vendor,transcript,licensed-vendor://blocked/JPM/2021/Q4,licensed-vendor,license_required,vendor_license_missing,Register license_config_ref before any vendor raw content use.,sha256:a7f96f5199b8a06cdd6336073bc7e4a771dfe64f196a35b930e7673ad283cda3
bac_2021_q4,BAC,Bank of America Corporation,youtube,video,https://www.youtube.com/results?search_query=BAC+2021+Q4+earnings+call,www.youtube.com,metadata_only,youtube_media_blocked,Keep YouTube as metadata/link reference only unless explicit written authorization exists.,sha256:18cf8e1bd3f437a239f94e2a546443b7ad1701dbde0ec8387edab734cbac9514
bac_2021_q4,BAC,Bank of America Corporation,vendor,transcript,licensed-vendor://blocked/BAC/2021/Q4,licensed-vendor,license_required,vendor_license_missing,Register license_config_ref before any vendor raw content use.,sha256:70ac0223ab59ce8139e7aa77011b60c07565ee765edd2dcf764363b2148fd58f
c_2021_q4,C,Citigroup Inc.,youtube,video,https://www.youtube.com/results?search_query=C+2021+Q4+earnings+call,www.youtube.com,metadata_only,youtube_media_blocked,Keep YouTube as metadata/link reference only unless explicit written authorization exists.,sha256:8f2229bb59fecbd85744f967800bb915c20937f38a788bc7b41af27c7918a385
c_2021_q4,C,Citigroup Inc.,vendor,transcript,licensed-vendor://blocked/C/2021/Q4,licensed-vendor,license_required,vendor_license_missing,Register license_config_ref before any vendor raw content use.,sha256:a373efe2d158542a72ca46dc2d4bd41ab6971a972f95561ccc2b68860811a021
wfc_2021_q4,WFC,Wells Fargo & Company,youtube,video,https://www.youtube.com/results?search_query=WFC+2021+Q4+earnings+call,www.youtube.com,metadata_only,youtube_media_blocked,Keep YouTube as metadata/link reference only unless explicit written authorization exists.,sha256:51744591de90c5b3fd72bf1546ba318523cfa294282947db30ce4792d52bd3f1
wfc_2021_q4,WFC,Wells Fargo & Company,vendor,transcript,licensed-vendor://blocked/WFC/2021/Q4,licensed-vendor,license_required,vendor_license_missing,Register license_config_ref before any vendor raw content use.,sha256:dbd12ffb545bbf68dfc14c34fb79bd6a5f9c75794e0be94bd965156da4167e9f
gs_2021_q4,GS,"The Goldman Sachs Group, Inc.",youtube,video,https://www.youtube.com/results?search_query=GS+2021+Q4+earnings+call,www.youtube.com,metadata_only,youtube_media_blocked,Keep YouTube as metadata/link reference only unless explicit written authorization exists.,sha256:d3a517cfd3262185b96e3c1cf4f42793f38cde7dc20f990655b7ae085bfe3dfc
gs_2021_q4,GS,"The Goldman Sachs Group, Inc.",vendor,transcript,licensed-vendor://blocked/GS/2021/Q4,licensed-vendor,license_required,vendor_license_missing,Register license_config_ref before any vendor raw content use.,sha256:b385655a5b148f1ace23c25fd3099f1aeba7a6ffb3639d1179d9eaeeaf6e35eb
ms_2021_q4,MS,Morgan Stanley,youtube,video,https://www.youtube.com/results?search_query=MS+2021+Q4+earnings+call,www.youtube.com,metadata_only,youtube_media_blocked,Keep YouTube as metadata/link reference only unless explicit written authorization exists.,sha256:1f77ce10f700cf3e56ba2d24109d6c5cfb5c3b240ba03f83846d010b37057a83
ms_2021_q4,MS,Morgan Stanley,vendor,transcript,licensed-vendor://blocked/MS/2021/Q4,licensed-vendor,license_required,vendor_license_missing,Register license_config_ref before any vendor raw content use.,sha256:65de14f26682dd38e870118d96e159c30bff63bd590c6dbcf3b9a8802049aa68
bk_2021_q4,BK,The Bank of New York Mellon Corporation,youtube,video,https://www.youtube.com/results?search_query=BK+2021+Q4+earnings+call,www.youtube.com,metadata_only,youtube_media_blocked,Keep YouTube as metadata/link reference only unless explicit written authorization exists.,sha256:49dea2076bf7b1462a34c5b3bb58e313105bee03bbe1f22aaa45240a1bbea5de
bk_2021_q4,BK,The Bank of New York Mellon Corporation,vendor,transcript,licensed-vendor://blocked/BK/2021/Q4,licensed-vendor,license_required,vendor_license_missing,Register license_config_ref before any vendor raw content use.,sha256:24db122961a012983984c5759e05bb9d3c77e7ba9c4e256a1583493852357ee9
stt_2021_q4,STT,State Street Corporation,youtube,video,https://www.youtube.com/results?search_query=STT+2021+Q4+earnings+call,www.youtube.com,metadata_only,youtube_media_blocked,Keep YouTube as metadata/link reference only unless explicit written authorization exists.,sha256:cff48156eb0ac3c83dedadee8bd01a58219e2562d94d1588b2597b85a4eb2330
stt_2021_q4,STT,State Street Corporation,vendor,transcript,licensed-vendor://blocked/STT/2021/Q4,licensed-vendor,license_required,vendor_license_missing,Register license_config_ref before any vendor raw content use.,sha256:67cea60574d26d9f3c02d9a497bcf2f74c4696e295de4ed74cdb3581ebc9ae84
usb_2021_q4,USB,U.S. Bancorp,youtube,video,https://www.youtube.com/results?search_query=USB+2021+Q4+earnings+call,www.youtube.com,metadata_only,youtube_media_blocked,Keep YouTube as metadata/link reference only unless explicit written authorization exists.,sha256:f88f5c7a7837ad315635360bfb9f9d7a78d0ec9c4b759410745c38397996c4f5
usb_2021_q4,USB,U.S. Bancorp,vendor,transcript,licensed-vendor://blocked/USB/2021/Q4,licensed-vendor,license_required,vendor_license_missing,Register license_config_ref before any vendor raw content use.,sha256:6243046e73f519f67608647a847309755b416fcd30c45b41ea5d23914b892670
pnc_2021_q4,PNC,"The PNC Financial Services Group, Inc.",youtube,video,https://www.youtube.com/results?search_query=PNC+2021+Q4+earnings+call,www.youtube.com,metadata_only,youtube_media_blocked,Keep YouTube as metadata/link reference only unless explicit written authorization exists.,sha256:ea52ae685d71f7b07db2fe45a76cec27f60a15f5d83b32a9db59c26671b27425
pnc_2021_q4,PNC,"The PNC Financial Services Group, Inc.",vendor,transcript,licensed-vendor://blocked/PNC/2021/Q4,licensed-vendor,license_required,vendor_license_missing,Register license_config_ref before any vendor raw content use.,sha256:36e29f1801da15edc9208bb8375d90f7203d762f57fae64c778b6b15db6989bc
tfc_2021_q4,TFC,Truist Financial Corporation,youtube,video,https://www.youtube.com/results?search_query=TFC+2021+Q4+earnings+call,www.youtube.com,metadata_only,youtube_media_blocked,Keep YouTube as metadata/link reference only unless explicit written authorization exists.,sha256:09d4e9113adb86a24916daa31e31cddb134c057c031ae0727d465bc6fc3b007b
tfc_2021_q4,TFC,Truist Financial Corporation,vendor,transcript,licensed-vendor://blocked/TFC/2021/Q4,licensed-vendor,license_required,vendor_license_missing,Register license_config_ref before any vendor raw content use.,sha256:abe74f133c772fc8a53217cc027ffb77c69224000461b658da67a0bbab25b777
cof_2021_q4,COF,Capital One Financial Corporation,youtube,video,https://www.youtube.com/results?search_query=COF+2021+Q4+earnings+call,www.youtube.com,metadata_only,youtube_media_blocked,Keep YouTube as metadata/link reference only unless explicit written authorization exists.,sha256:e1fe3c65099bf7018b38fb328364f1c47f9267d2708516471f3fbfb8d6907159
cof_2021_q4,COF,Capital One Financial Corporation,vendor,transcript,licensed-vendor://blocked/COF/2021/Q4,licensed-vendor,license_required,vendor_license_missing,Register license_config_ref before any vendor raw content use.,sha256:7ebab3200d42944e3120cdf7e06ebb76f3477eceef389abcf8fcac3f1fcc6a18
axp_2021_q4,AXP,American Express Company,youtube,video,https://www.youtube.com/results?search_query=AXP+2021+Q4+earnings+call,www.youtube.com,metadata_only,youtube_media_blocked,Keep YouTube as metadata/link reference only unless explicit written authorization exists.,sha256:5f448674ab5f45b12001f1f68ec76d474c060808b1bbcbb5832f1fd69ab46bd0
axp_2021_q4,AXP,American Express Company,vendor,transcript,licensed-vendor://blocked/AXP/2021/Q4,licensed-vendor,license_required,vendor_license_missing,Register license_config_ref before any vendor raw content use.,sha256:67ad1dc92adcc6ed6cee5a3c6c6d653e359d87e8002cb2fcd95df5e0a036d11a
v_2021_q4,V,Visa Inc.,youtube,video,https://www.youtube.com/results?search_query=V+2021+Q4+earnings+call,www.youtube.com,metadata_only,youtube_media_blocked,Keep YouTube as metadata/link reference only unless explicit written authorization exists.,sha256:c86ad182a69a4ac313a9e38ef65df6dd46c58e42629bc294fd02cc8d57b52824
v_2021_q4,V,Visa Inc.,vendor,transcript,licensed-vendor://blocked/V/2021/Q4,licensed-vendor,license_required,vendor_license_missing,Register license_config_ref before any vendor raw content use.,sha256:8257924075d068fd9930c607f14ad035bf66db169a4eb0e4c5bae3913891d3ef
ma_2021_q4,MA,Mastercard Incorporated,youtube,video,https://www.youtube.com/results?search_query=MA+2021+Q4+earnings+call,www.youtube.com,metadata_only,youtube_media_blocked,Keep YouTube as metadata/link reference only unless explicit written authorization exists.,sha256:ed9c419e97dee1b8e8aefbb928bb09f080f24da66b8364ad2c0b9685ed3273b4
ma_2021_q4,MA,Mastercard Incorporated,vendor,transcript,licensed-vendor://blocked/MA/2021/Q4,licensed-vendor,license_required,vendor_license_missing,Register license_config_ref before any vendor raw content use.,sha256:62eade0f1b5a4e510fa98a8fb91a953a5887eb3459bc3fb68a0bdd819d53394c
fis_2021_q4,FIS,"Fidelity National Information Services, Inc.",youtube,video,https://www.youtube.com/results?search_query=FIS+2021+Q4+earnings+call,www.youtube.com,metadata_only,youtube_media_blocked,Keep YouTube as metadata/link reference only unless explicit written authorization exists.,sha256:e00b27369e9a39cc0690c84545875cb46db890e910734a3149398b1e2c5f88b1
fis_2021_q4,FIS,"Fidelity National Information Services, Inc.",vendor,transcript,licensed-vendor://blocked/FIS/2021/Q4,licensed-vendor,license_required,vendor_license_missing,Register license_config_ref before any vendor raw content use.,sha256:059de8e17f7202718c80892761b1fc1b64f9a74d6fa022588dcf26a1b4e694c3
gpn_2021_q4,GPN,Global Payments Inc.,youtube,video,https://www.youtube.com/results?search_query=GPN+2021+Q4+earnings+call,www.youtube.com,metadata_only,youtube_media_blocked,Keep YouTube as metadata/link reference only unless explicit written authorization exists.,sha256:08f9628b9f50f1ad95b84346b35040ff76311e58c7d1ada9b66e538650c79164
gpn_2021_q4,GPN,Global Payments Inc.,vendor,transcript,licensed-vendor://blocked/GPN/2021/Q4,licensed-vendor,license_required,vendor_license_missing,Register license_config_ref before any vendor raw content use.,sha256:11c0efcf2176eb989db75a14712907b9fa9cdc8d185cf48d7aec8d36d80964de
blk_2021_q4,BLK,"BlackRock, Inc.",youtube,video,https://www.youtube.com/results?search_query=BLK+2021+Q4+earnings+call,www.youtube.com,metadata_only,youtube_media_blocked,Keep YouTube as metadata/link reference only unless explicit written authorization exists.,sha256:87d3cfb9998251cc98dac5644bbc908e244fa1af4bf67dc0533b2fd0ca3014d7
blk_2021_q4,BLK,"BlackRock, Inc.",vendor,transcript,licensed-vendor://blocked/BLK/2021/Q4,licensed-vendor,license_required,vendor_license_missing,Register license_config_ref before any vendor raw content use.,sha256:9a405953ee4d50e0ffd4955958a4fe544d8c434103fa8147b92f96b2c21bd52c
bx_2021_q4,BX,Blackstone Inc.,youtube,video,https://www.youtube.com/results?search_query=BX+2021+Q4+earnings+call,www.youtube.com,metadata_only,youtube_media_blocked,Keep YouTube as metadata/link reference only unless explicit written authorization exists.,sha256:5e3f17386f651657f089a472ce0297907d08d1ff7cbc903a8ae1417860dd9ee4
bx_2021_q4,BX,Blackstone Inc.,vendor,transcript,licensed-vendor://blocked/BX/2021/Q4,licensed-vendor,license_required,vendor_license_missing,Register license_config_ref before any vendor raw content use.,sha256:c04d3d4c13f0d70df0ef5bd137233cdbacb53fe7ec749428734d2fde0bd4ab01
schw_2021_q4,SCHW,The Charles Schwab Corporation,youtube,video,https://www.youtube.com/results?search_query=SCHW+2021+Q4+earnings+call,www.youtube.com,metadata_only,youtube_media_blocked,Keep YouTube as metadata/link reference only unless explicit written authorization exists.,sha256:acfc0539b734297e09bd816ba1920c3bcc792e296d8023120e6e2be50f75978d
schw_2021_q4,SCHW,The Charles Schwab Corporation,vendor,transcript,licensed-vendor://blocked/SCHW/2021/Q4,licensed-vendor,license_required,vendor_license_missing,Register license_config_ref before any vendor raw content use.,sha256:508be736121c76025a53baad59b55c1dbca29d118e536402875514f7417d8e35
ice_2021_q4,ICE,"Intercontinental Exchange, Inc.",youtube,video,https://www.youtube.com/results?search_query=ICE+2021+Q4+earnings+call,www.youtube.com,metadata_only,youtube_media_blocked,Keep YouTube as metadata/link reference only unless explicit written authorization exists.,sha256:8dcf4e0b8b6df75c74dc89e614b7db367352a930fce50f7098bd946a133a67ca
ice_2021_q4,ICE,"Intercontinental Exchange, Inc.",vendor,transcript,licensed-vendor://blocked/ICE/2021/Q4,licensed-vendor,license_required,vendor_license_missing,Register license_config_ref before any vendor raw content use.,sha256:97a894b280529c60db17d9711429fc72fd302c6e39f6a97d8043e0cf0e6ce504
spgi_2021_q4,SPGI,S&P Global Inc.,youtube,video,https://www.youtube.com/results?search_query=SPGI+2021+Q4+earnings+call,www.youtube.com,metadata_only,youtube_media_blocked,Keep YouTube as metadata/link reference only unless explicit written authorization exists.,sha256:f9659326f206b187a56c9a943270908a73bc88196f61a812dba5473810711b9e
spgi_2021_q4,SPGI,S&P Global Inc.,vendor,transcript,licensed-vendor://blocked/SPGI/2021/Q4,licensed-vendor,license_required,vendor_license_missing,Register license_config_ref before any vendor raw content use.,sha256:86570f314769cd476ab227e664238e1c2cd8d55b98129f39f07968ed6d2c87a7
mco_2021_q4,MCO,Moody's Corporation,youtube,video,https://www.youtube.com/results?search_query=MCO+2021+Q4+earnings+call,www.youtube.com,metadata_only,youtube_media_blocked,Keep YouTube as metadata/link reference only unless explicit written authorization exists.,sha256:9f53c3f58da0c80ba5298fc9b1db2874673dd8a49280690043f4516c60e0cf13
mco_2021_q4,MCO,Moody's Corporation,vendor,transcript,licensed-vendor://blocked/MCO/2021/Q4,licensed-vendor,license_required,vendor_license_missing,Register license_config_ref before any vendor raw content use.,sha256:8f8ea2d4baf0d66dd96cb8e525a1e6f6e9edd21efd1cf18d4c3065e55d9fffa4
aon_2021_q4,AON,Aon plc,youtube,video,https://www.youtube.com/results?search_query=AON+2021+Q4+earnings+call,www.youtube.com,metadata_only,youtube_media_blocked,Keep YouTube as metadata/link reference only unless explicit written authorization exists.,sha256:300d80769ee11cfb113d6da3d47caff16f52f69f2ea83430cf82cec070e7ff35
aon_2021_q4,AON,Aon plc,vendor,transcript,licensed-vendor://blocked/AON/2021/Q4,licensed-vendor,license_required,vendor_license_missing,Register license_config_ref before any vendor raw content use.,sha256:bb3dbc652a706298ae64825528a3be022d3fbb4e603b0a02a4be76609401b044
aig_2021_q4,AIG,"American International Group, Inc.",youtube,video,https://www.youtube.com/results?search_query=AIG+2021+Q4+earnings+call,www.youtube.com,metadata_only,youtube_media_blocked,Keep YouTube as metadata/link reference only unless explicit written authorization exists.,sha256:b885c9595765b435861bbc5391b3e9f93d495814861dcae94fd9c797fed970d6
aig_2021_q4,AIG,"American International Group, Inc.",vendor,transcript,licensed-vendor://blocked/AIG/2021/Q4,licensed-vendor,license_required,vendor_license_missing,Register license_config_ref before any vendor raw content use.,sha256:3948b2877583135ffecb55751ce192bff348c6de20425eaf844cc2a51626967d
met_2021_q4,MET,"MetLife, Inc.",youtube,video,https://www.youtube.com/results?search_query=MET+2021+Q4+earnings+call,www.youtube.com,metadata_only,youtube_media_blocked,Keep YouTube as metadata/link reference only unless explicit written authorization exists.,sha256:6bc8cda7c4f4f85b0f0946790d426383aa80262245f766d5e73923a8554d6f45
met_2021_q4,MET,"MetLife, Inc.",vendor,transcript,licensed-vendor://blocked/MET/2021/Q4,licensed-vendor,license_required,vendor_license_missing,Register license_config_ref before any vendor raw content use.,sha256:5ee332d5c9f9b8aeaafbc5c0d079af9931b6357c40123ece5c8bc382889e4c48
pru_2021_q4,PRU,"Prudential Financial, Inc.",youtube,video,https://www.youtube.com/results?search_query=PRU+2021+Q4+earnings+call,www.youtube.com,metadata_only,youtube_media_blocked,Keep YouTube as metadata/link reference only unless explicit written authorization exists.,sha256:32e3d82aed0c712ae66a6fe98f7633ee424feb08a608b146c0a3de4e3880b0e8
pru_2021_q4,PRU,"Prudential Financial, Inc.",vendor,transcript,licensed-vendor://blocked/PRU/2021/Q4,licensed-vendor,license_required,vendor_license_missing,Register license_config_ref before any vendor raw content use.,sha256:423599e648d2f89d3845a4d1a8e5afc71007a551b2cd15cbb45b07804c327fb8
trv_2021_q4,TRV,"The Travelers Companies, Inc.",youtube,video,https://www.youtube.com/results?search_query=TRV+2021+Q4+earnings+call,www.youtube.com,metadata_only,youtube_media_blocked,Keep YouTube as metadata/link reference only unless explicit written authorization exists.,sha256:5a18700ac2f1a9afca2a3199706f329a9314d8ac82dd8c3ac0a1f249e6aa7db9
trv_2021_q4,TRV,"The Travelers Companies, Inc.",vendor,transcript,licensed-vendor://blocked/TRV/2021/Q4,licensed-vendor,license_required,vendor_license_missing,Register license_config_ref before any vendor raw content use.,sha256:027abce574c616b6073cacbbb6180c9ef3f06deb216e0be6cd98d0eb05a206a2
cb_2021_q4,CB,Chubb Limited,youtube,video,https://www.youtube.com/results?search_query=CB+2021+Q4+earnings+call,www.youtube.com,metadata_only,youtube_media_blocked,Keep YouTube as metadata/link reference only unless explicit written authorization exists.,sha256:bea7fa9b9e6b3e371f05088901ad01e80893be1a2340ba230301fedb8a6e2710
cb_2021_q4,CB,Chubb Limited,vendor,transcript,licensed-vendor://blocked/CB/2021/Q4,licensed-vendor,license_required,vendor_license_missing,Register license_config_ref before any vendor raw content use.,sha256:1710f88d1275adc5f37b8ffd19d3c1c4cbb9b4a54a13c7a1879479b1872522a9
jnj_2021_q4,JNJ,Johnson & Johnson,youtube,video,https://www.youtube.com/results?search_query=JNJ+2021+Q4+earnings+call,www.youtube.com,metadata_only,youtube_media_blocked,Keep YouTube as metadata/link reference only unless explicit written authorization exists.,sha256:55dcea23502897fa62613d13b884383531dfc9b6657bca17685a095d748ef3b1
jnj_2021_q4,JNJ,Johnson & Johnson,vendor,transcript,licensed-vendor://blocked/JNJ/2021/Q4,licensed-vendor,license_required,vendor_license_missing,Register license_config_ref before any vendor raw content use.,sha256:3fab36c1242a08eeddb19c7da8814c8617516ec729eeb9f58a9fe1e9add14bec
lly_2021_q4,LLY,Eli Lilly and Company,youtube,video,https://www.youtube.com/results?search_query=LLY+2021+Q4+earnings+call,www.youtube.com,metadata_only,youtube_media_blocked,Keep YouTube as metadata/link reference only unless explicit written authorization exists.,sha256:b36d9cda206e52c055b7a645f0277c279966b69516a99a0e89b7eb184fbdc6f7
lly_2021_q4,LLY,Eli Lilly and Company,vendor,transcript,licensed-vendor://blocked/LLY/2021/Q4,licensed-vendor,license_required,vendor_license_missing,Register license_config_ref before any vendor raw content use.,sha256:45ca0f1e22612d71cde307807888820e95fd1e0d2df74d493d2368c6a68f5edc
mrk_2021_q4,MRK,"Merck & Co., Inc.",youtube,video,https://www.youtube.com/results?search_query=MRK+2021+Q4+earnings+call,www.youtube.com,metadata_only,youtube_media_blocked,Keep YouTube as metadata/link reference only unless explicit written authorization exists.,sha256:4f6af7d22d2b00dae72715d9a3915da3b7236dab4b547a9365769fb6361f93e4
mrk_2021_q4,MRK,"Merck & Co., Inc.",vendor,transcript,licensed-vendor://blocked/MRK/2021/Q4,licensed-vendor,license_required,vendor_license_missing,Register license_config_ref before any vendor raw content use.,sha256:1c9829fb19c1becc46dfe839b0b0b2553786e39e8f3f8f5d0ebfee83e1f014df
pfe_2021_q4,PFE,Pfizer Inc.,youtube,video,https://www.youtube.com/results?search_query=PFE+2021+Q4+earnings+call,www.youtube.com,metadata_only,youtube_media_blocked,Keep YouTube as metadata/link reference only unless explicit written authorization exists.,sha256:d860a775a7092d434da80ac7baf2bb8367a9da8e31b53e19ee8eab284a620890
pfe_2021_q4,PFE,Pfizer Inc.,vendor,transcript,licensed-vendor://blocked/PFE/2021/Q4,licensed-vendor,license_required,vendor_license_missing,Register license_config_ref before any vendor raw content use.,sha256:b24100436f1f319f1a3e8d2a80cdbd2ee6ef3295c525467af37e544a8d49caa0
unh_2021_q4,UNH,UnitedHealth Group Incorporated,youtube,video,https://www.youtube.com/results?search_query=UNH+2021+Q4+earnings+call,www.youtube.com,metadata_only,youtube_media_blocked,Keep YouTube as metadata/link reference only unless explicit written authorization exists.,sha256:a08083ac7c1a21ddb3d20f54e690d2057311d46074588941f131c484863b5b17
unh_2021_q4,UNH,UnitedHealth Group Incorporated,vendor,transcript,licensed-vendor://blocked/UNH/2021/Q4,licensed-vendor,license_required,vendor_license_missing,Register license_config_ref before any vendor raw content use.,sha256:83d7180d9bfae24d0885822bb00d371ef07f5156014da42d57b1ba1cc4889e49
cvs_2021_q4,CVS,CVS Health Corporation,youtube,video,https://www.youtube.com/results?search_query=CVS+2021+Q4+earnings+call,www.youtube.com,metadata_only,youtube_media_blocked,Keep YouTube as metadata/link reference only unless explicit written authorization exists.,sha256:a22080f939a40b72fe1fc87811ba73abedc13c4c19ee52730bc5433f78c2697b
cvs_2021_q4,CVS,CVS Health Corporation,vendor,transcript,licensed-vendor://blocked/CVS/2021/Q4,licensed-vendor,license_required,vendor_license_missing,Register license_config_ref before any vendor raw content use.,sha256:88b31df5e95e42451f5f5df494bd7ca8caf9c480869e2530db5db52db1c36272
abt_2021_q4,ABT,Abbott Laboratories,youtube,video,https://www.youtube.com/results?search_query=ABT+2021+Q4+earnings+call,www.youtube.com,metadata_only,youtube_media_blocked,Keep YouTube as metadata/link reference only unless explicit written authorization exists.,sha256:06b2bc26c19b2b9bd91c6fe45077e9e01c9fd4d538f4f70ccdf1d8927bbe1c79
abt_2021_q4,ABT,Abbott Laboratories,vendor,transcript,licensed-vendor://blocked/ABT/2021/Q4,licensed-vendor,license_required,vendor_license_missing,Register license_config_ref before any vendor raw content use.,sha256:80fc2dc7ffd7e6c9bc9974188c059f813f8fbff71e3e789f713b9b608a54d84a
bmy_2021_q4,BMY,Bristol Myers Squibb Company,youtube,video,https://www.youtube.com/results?search_query=BMY+2021+Q4+earnings+call,www.youtube.com,metadata_only,youtube_media_blocked,Keep YouTube as metadata/link reference only unless explicit written authorization exists.,sha256:f217aac051926ba33002499a2bc3007e9bc068b09638debcd43a10cc2f981b37
bmy_2021_q4,BMY,Bristol Myers Squibb Company,vendor,transcript,licensed-vendor://blocked/BMY/2021/Q4,licensed-vendor,license_required,vendor_license_missing,Register license_config_ref before any vendor raw content use.,sha256:0aef37b9df9274413e6565e2cc2c704b9d8d94a657bcb20fda4ae06e6fc67186
mdt_2021_q4,MDT,Medtronic plc,youtube,video,https://www.youtube.com/results?search_query=MDT+2021+Q4+earnings+call,www.youtube.com,metadata_only,youtube_media_blocked,Keep YouTube as metadata/link reference only unless explicit written authorization exists.,sha256:bd5df5419714c6ce8755319a51dc1b6dd37dfb077adbe61ab8b38784da3228d1
mdt_2021_q4,MDT,Medtronic plc,vendor,transcript,licensed-vendor://blocked/MDT/2021/Q4,licensed-vendor,license_required,vendor_license_missing,Register license_config_ref before any vendor raw content use.,sha256:d129a66012d47c02eb44910f78b7f3bfd280315d5d423ea68e7ac960176ad5f7
tmo_2021_q4,TMO,Thermo Fisher Scientific Inc.,youtube,video,https://www.youtube.com/results?search_query=TMO+2021+Q4+earnings+call,www.youtube.com,metadata_only,youtube_media_blocked,Keep YouTube as metadata/link reference only unless explicit written authorization exists.,sha256:2eae8e37115567b583f10d194b68d66338d78ed369f58b22133638a16e1514db
tmo_2021_q4,TMO,Thermo Fisher Scientific Inc.,vendor,transcript,licensed-vendor://blocked/TMO/2021/Q4,licensed-vendor,license_required,vendor_license_missing,Register license_config_ref before any vendor raw content use.,sha256:83b7d66bb81e0820590b8826b4e11b7a302551a6cac72b72b8dec830d1568283
dhr_2021_q4,DHR,Danaher Corporation,youtube,video,https://www.youtube.com/results?search_query=DHR+2021+Q4+earnings+call,www.youtube.com,metadata_only,youtube_media_blocked,Keep YouTube as metadata/link reference only unless explicit written authorization exists.,sha256:2be16b6ca6e21a839c73a557f5593e9ac7d6aefd3fd4df53ec3fdf8c8fda0214
dhr_2021_q4,DHR,Danaher Corporation,vendor,transcript,licensed-vendor://blocked/DHR/2021/Q4,licensed-vendor,license_required,vendor_license_missing,Register license_config_ref before any vendor raw content use.,sha256:e102cecbadc0240f18d2ddac5b9f7918296bc2415f56c7cd1d24735a53e5cdeb
bdx_2021_q4,BDX,"Becton, Dickinson and Company",youtube,video,https://www.youtube.com/results?search_query=BDX+2021+Q4+earnings+call,www.youtube.com,metadata_only,youtube_media_blocked,Keep YouTube as metadata/link reference only unless explicit written authorization exists.,sha256:8ae0bec8a64666af71f8ae22ff8e6086bcadf686ecf924db0b50fae364bbc5a6
bdx_2021_q4,BDX,"Becton, Dickinson and Company",vendor,transcript,licensed-vendor://blocked/BDX/2021/Q4,licensed-vendor,license_required,vendor_license_missing,Register license_config_ref before any vendor raw content use.,sha256:c5782d9db8b5a19aab1c52ba088cbe9839eb14ffc864420dca9aa1c130a1586e
ci_2021_q4,CI,The Cigna Group,youtube,video,https://www.youtube.com/results?search_query=CI+2021+Q4+earnings+call,www.youtube.com,metadata_only,youtube_media_blocked,Keep YouTube as metadata/link reference only unless explicit written authorization exists.,sha256:cb458693e48d12869d0d42454fb8bce856d0823ac673a90053248b0212b24acf
ci_2021_q4,CI,The Cigna Group,vendor,transcript,licensed-vendor://blocked/CI/2021/Q4,licensed-vendor,license_required,vendor_license_missing,Register license_config_ref before any vendor raw content use.,sha256:1cf348d4138352cda3f5bfcf9bf20be5b3a87e689dba0401d7e635263c42e62f
hca_2021_q4,HCA,"HCA Healthcare, Inc.",youtube,video,https://www.youtube.com/results?search_query=HCA+2021+Q4+earnings+call,www.youtube.com,metadata_only,youtube_media_blocked,Keep YouTube as metadata/link reference only unless explicit written authorization exists.,sha256:168eb1d27db6a7c0d55027e0d8cae95bf9fa2717069d5fdfb6b045c008bee063
hca_2021_q4,HCA,"HCA Healthcare, Inc.",vendor,transcript,licensed-vendor://blocked/HCA/2021/Q4,licensed-vendor,license_required,vendor_license_missing,Register license_config_ref before any vendor raw content use.,sha256:0c8aae3a96caa8dd6a9f9bcc4fef2c9a167694e02c8ea4f640bc96be5d8c8d6a
syk_2021_q4,SYK,Stryker Corporation,youtube,video,https://www.youtube.com/results?search_query=SYK+2021+Q4+earnings+call,www.youtube.com,metadata_only,youtube_media_blocked,Keep YouTube as metadata/link reference only unless explicit written authorization exists.,sha256:5c772c852877c679f7f55d6991e8755d6a9da948f5121a8f9ed78aa3c0449b77
syk_2021_q4,SYK,Stryker Corporation,vendor,transcript,licensed-vendor://blocked/SYK/2021/Q4,licensed-vendor,license_required,vendor_license_missing,Register license_config_ref before any vendor raw content use.,sha256:1cde57f8c6a9857d76686f319a48ae5ed0dbfe9091c914cf6b389d24379d9014
xom_2021_q4,XOM,Exxon Mobil Corporation,youtube,video,https://www.youtube.com/results?search_query=XOM+2021+Q4+earnings+call,www.youtube.com,metadata_only,youtube_media_blocked,Keep YouTube as metadata/link reference only unless explicit written authorization exists.,sha256:4f96619b9e95a46c78a588df14130ca08c673f093280dd5b329b695adc2633d4
xom_2021_q4,XOM,Exxon Mobil Corporation,vendor,transcript,licensed-vendor://blocked/XOM/2021/Q4,licensed-vendor,license_required,vendor_license_missing,Register license_config_ref before any vendor raw content use.,sha256:65f6cb37c20562f64f2a185ce863b8ed9c162db7ac371949455235f0a50009b8
cvx_2021_q4,CVX,Chevron Corporation,youtube,video,https://www.youtube.com/results?search_query=CVX+2021+Q4+earnings+call,www.youtube.com,metadata_only,youtube_media_blocked,Keep YouTube as metadata/link reference only unless explicit written authorization exists.,sha256:c01bbabf0857a9af4d57a4b7bbb8c69cd645ab09a7d823b8e860568713c9e5c4
cvx_2021_q4,CVX,Chevron Corporation,vendor,transcript,licensed-vendor://blocked/CVX/2021/Q4,licensed-vendor,license_required,vendor_license_missing,Register license_config_ref before any vendor raw content use.,sha256:03ce0439897aedc94834abf03f7b10c22a13562fae4b2a721165c94dcbaffdeb
cop_2021_q4,COP,ConocoPhillips,youtube,video,https://www.youtube.com/results?search_query=COP+2021+Q4+earnings+call,www.youtube.com,metadata_only,youtube_media_blocked,Keep YouTube as metadata/link reference only unless explicit written authorization exists.,sha256:57b69f56b3e52bfa570d52ee80c1ed8959e35c5c73c333fd7a4871b28e03e1fc
cop_2021_q4,COP,ConocoPhillips,vendor,transcript,licensed-vendor://blocked/COP/2021/Q4,licensed-vendor,license_required,vendor_license_missing,Register license_config_ref before any vendor raw content use.,sha256:15d8bbb36be5de4a0eecf3e1f8cdbcaf505315b5cda6c656629fd1118aef4e5b
slb_2021_q4,SLB,SLB,youtube,video,https://www.youtube.com/results?search_query=SLB+2021+Q4+earnings+call,www.youtube.com,metadata_only,youtube_media_blocked,Keep YouTube as metadata/link reference only unless explicit written authorization exists.,sha256:d64cfde82130b7b64b9e8c80c3a43bbdca37a8466ab335cc174344d36e68a325
slb_2021_q4,SLB,SLB,vendor,transcript,licensed-vendor://blocked/SLB/2021/Q4,licensed-vendor,license_required,vendor_license_missing,Register license_config_ref before any vendor raw content use.,sha256:59f1740dc8a6dac38447ad9a4e39fa4cce5df7b53e441b524ca6c0625fe12191
hal_2021_q4,HAL,Halliburton Company,youtube,video,https://www.youtube.com/results?search_query=HAL+2021+Q4+earnings+call,www.youtube.com,metadata_only,youtube_media_blocked,Keep YouTube as metadata/link reference only unless explicit written authorization exists.,sha256:c9ad9e0a8d65e9e4f6b8393ee036c93896b2ef9a73a0ae0fced29f5eb6be6bb0
hal_2021_q4,HAL,Halliburton Company,vendor,transcript,licensed-vendor://blocked/HAL/2021/Q4,licensed-vendor,license_required,vendor_license_missing,Register license_config_ref before any vendor raw content use.,sha256:ed1ceef5e6f7d00a8a75b2b7e7ca92249657d82a8ae089c41ffd87f3e4b0b854
eog_2021_q4,EOG,"EOG Resources, Inc.",youtube,video,https://www.youtube.com/results?search_query=EOG+2021+Q4+earnings+call,www.youtube.com,metadata_only,youtube_media_blocked,Keep YouTube as metadata/link reference only unless explicit written authorization exists.,sha256:f0ebda730c17d57edc6844be88108268013af18163e8c33b0ceb1e62548b5c6f
eog_2021_q4,EOG,"EOG Resources, Inc.",vendor,transcript,licensed-vendor://blocked/EOG/2021/Q4,licensed-vendor,license_required,vendor_license_missing,Register license_config_ref before any vendor raw content use.,sha256:7f080172f7e2a657e3ba9e9c80738fab9744885125ac553e8ba7c0ef1f37b5f1
oxy_2021_q4,OXY,Occidental Petroleum Corporation,youtube,video,https://www.youtube.com/results?search_query=OXY+2021+Q4+earnings+call,www.youtube.com,metadata_only,youtube_media_blocked,Keep YouTube as metadata/link reference only unless explicit written authorization exists.,sha256:12e0c8b70a7e6b7aa3a4be0473330b2d739872c663b7d51f5aa5db257ac8d92b
oxy_2021_q4,OXY,Occidental Petroleum Corporation,vendor,transcript,licensed-vendor://blocked/OXY/2021/Q4,licensed-vendor,license_required,vendor_license_missing,Register license_config_ref before any vendor raw content use.,sha256:afb37c66940854c084d37c3ddd380043a45035d0a4424404eef363de01dd2522
mpc_2021_q4,MPC,Marathon Petroleum Corporation,youtube,video,https://www.youtube.com/results?search_query=MPC+2021+Q4+earnings+call,www.youtube.com,metadata_only,youtube_media_blocked,Keep YouTube as metadata/link reference only unless explicit written authorization exists.,sha256:a5f04740f1abd66dff4f33b9cb959b99c3eeded95949eebb893fe3d21aa3f4d1
mpc_2021_q4,MPC,Marathon Petroleum Corporation,vendor,transcript,licensed-vendor://blocked/MPC/2021/Q4,licensed-vendor,license_required,vendor_license_missing,Register license_config_ref before any vendor raw content use.,sha256:b4274b06527d15d1c90a7da619c665968c346cc5eb78b532e21757f769bc0062
psx_2021_q4,PSX,Phillips 66,youtube,video,https://www.youtube.com/results?search_query=PSX+2021+Q4+earnings+call,www.youtube.com,metadata_only,youtube_media_blocked,Keep YouTube as metadata/link reference only unless explicit written authorization exists.,sha256:e634e4ac3d49226bcc86f2661932e10b7801c52433336028a01ca889c3b51b12
psx_2021_q4,PSX,Phillips 66,vendor,transcript,licensed-vendor://blocked/PSX/2021/Q4,licensed-vendor,license_required,vendor_license_missing,Register license_config_ref before any vendor raw content use.,sha256:95b3e1bd4354eae57802d05cd13dae5b7047d2b4f264c0a7808b2ff1b7097fdf
vlo_2021_q4,VLO,Valero Energy Corporation,youtube,video,https://www.youtube.com/results?search_query=VLO+2021+Q4+earnings+call,www.youtube.com,metadata_only,youtube_media_blocked,Keep YouTube as metadata/link reference only unless explicit written authorization exists.,sha256:9cfafffb7aa2771ff33159188e632b7ac6b495ca23c53eb07e3efe195bc9daaf
vlo_2021_q4,VLO,Valero Energy Corporation,vendor,transcript,licensed-vendor://blocked/VLO/2021/Q4,licensed-vendor,license_required,vendor_license_missing,Register license_config_ref before any vendor raw content use.,sha256:0b02693c8c89ad71125b9076d0cb21a6c4a3080f0a96135cd38d91535be49123
ba_2021_q4,BA,The Boeing Company,youtube,video,https://www.youtube.com/results?search_query=BA+2021+Q4+earnings+call,www.youtube.com,metadata_only,youtube_media_blocked,Keep YouTube as metadata/link reference only unless explicit written authorization exists.,sha256:257d3ad9004468e5c953a9cea998bdb0ab970657595ce9c758949a083fa92880
ba_2021_q4,BA,The Boeing Company,vendor,transcript,licensed-vendor://blocked/BA/2021/Q4,licensed-vendor,license_required,vendor_license_missing,Register license_config_ref before any vendor raw content use.,sha256:0a07712b8fce184315e3383ac68af0ae8d2c9e739ddeaea389dc5c011eda0c07
rtx_2021_q4,RTX,RTX Corporation,youtube,video,https://www.youtube.com/results?search_query=RTX+2021+Q4+earnings+call,www.youtube.com,metadata_only,youtube_media_blocked,Keep YouTube as metadata/link reference only unless explicit written authorization exists.,sha256:82a55b37ffd8331008a21dd69d7bd1b84e9742e52198ddf4438a2e6554bb89b0
rtx_2021_q4,RTX,RTX Corporation,vendor,transcript,licensed-vendor://blocked/RTX/2021/Q4,licensed-vendor,license_required,vendor_license_missing,Register license_config_ref before any vendor raw content use.,sha256:105d7c3d31834b7215b336b77622b2c0518602ca3604b6c2b62d8b0768a84b34
lmt_2021_q4,LMT,Lockheed Martin Corporation,youtube,video,https://www.youtube.com/results?search_query=LMT+2021+Q4+earnings+call,www.youtube.com,metadata_only,youtube_media_blocked,Keep YouTube as metadata/link reference only unless explicit written authorization exists.,sha256:ef26d17391cbd60cef5eaa09c8187c8bedf4e83e76afba531a21f57aedd05995
lmt_2021_q4,LMT,Lockheed Martin Corporation,vendor,transcript,licensed-vendor://blocked/LMT/2021/Q4,licensed-vendor,license_required,vendor_license_missing,Register license_config_ref before any vendor raw content use.,sha256:4e951a249d2f653c7310a9002f5c24e622f5f39c6ac241c55ae2f8cc3ee9fa4c
noc_2021_q4,NOC,Northrop Grumman Corporation,youtube,video,https://www.youtube.com/results?search_query=NOC+2021+Q4+earnings+call,www.youtube.com,metadata_only,youtube_media_blocked,Keep YouTube as metadata/link reference only unless explicit written authorization exists.,sha256:11bba8ea6eb27c68080e5db12029152a2f0d61639655e28c72cbc2a1102ced01
noc_2021_q4,NOC,Northrop Grumman Corporation,vendor,transcript,licensed-vendor://blocked/NOC/2021/Q4,licensed-vendor,license_required,vendor_license_missing,Register license_config_ref before any vendor raw content use.,sha256:7be35aee4b808f5a4431b9561699cddb30012c10021979ad6f0f7a2c3e39644f
gd_2021_q4,GD,General Dynamics Corporation,youtube,video,https://www.youtube.com/results?search_query=GD+2021+Q4+earnings+call,www.youtube.com,metadata_only,youtube_media_blocked,Keep YouTube as metadata/link reference only unless explicit written authorization exists.,sha256:8769e078399cf74791340d245d746ea394da09a67eea3816da42fda7467f1660
gd_2021_q4,GD,General Dynamics Corporation,vendor,transcript,licensed-vendor://blocked/GD/2021/Q4,licensed-vendor,license_required,vendor_license_missing,Register license_config_ref before any vendor raw content use.,sha256:ff46384964779d519686234241dc0981c9c512a8ab9248090280e49a0f3a0b10
cat_2021_q4,CAT,Caterpillar Inc.,youtube,video,https://www.youtube.com/results?search_query=CAT+2021+Q4+earnings+call,www.youtube.com,metadata_only,youtube_media_blocked,Keep YouTube as metadata/link reference only unless explicit written authorization exists.,sha256:48f0d54d7183e018ed5e18fdf24869ae13b495b334cce919443d0d58f055a275
cat_2021_q4,CAT,Caterpillar Inc.,vendor,transcript,licensed-vendor://blocked/CAT/2021/Q4,licensed-vendor,license_required,vendor_license_missing,Register license_config_ref before any vendor raw content use.,sha256:d199d07e2e069b792186997948145cfddf0e770716065aac42cada28626e3368
de_2021_q4,DE,Deere & Company,youtube,video,https://www.youtube.com/results?search_query=DE+2021+Q4+earnings+call,www.youtube.com,metadata_only,youtube_media_blocked,Keep YouTube as metadata/link reference only unless explicit written authorization exists.,sha256:308bc782feef75b0c8676850b439afb2f53816dc186a02aba593fc41f5024898
de_2021_q4,DE,Deere & Company,vendor,transcript,licensed-vendor://blocked/DE/2021/Q4,licensed-vendor,license_required,vendor_license_missing,Register license_config_ref before any vendor raw content use.,sha256:fb4fb8514567933d46bdcac35c2231d1e4039ec5e9ef0184953101b887b0d155
ge_2021_q4,GE,GE Aerospace,youtube,video,https://www.youtube.com/results?search_query=GE+2021+Q4+earnings+call,www.youtube.com,metadata_only,youtube_media_blocked,Keep YouTube as metadata/link reference only unless explicit written authorization exists.,sha256:ca1969a1f9908e447fab0bc47050af85775c455b5f738a5777b650323115c708
ge_2021_q4,GE,GE Aerospace,vendor,transcript,licensed-vendor://blocked/GE/2021/Q4,licensed-vendor,license_required,vendor_license_missing,Register license_config_ref before any vendor raw content use.,sha256:d47c5c9bce8aef7025fe7c6ed57d5e136a1fbf213c3cff71261e396fba26df87
etn_2021_q4,ETN,Eaton Corporation plc,youtube,video,https://www.youtube.com/results?search_query=ETN+2021+Q4+earnings+call,www.youtube.com,metadata_only,youtube_media_blocked,Keep YouTube as metadata/link reference only unless explicit written authorization exists.,sha256:4ceb68fccb512be48917df89a9a3fdad8941e235f9d55226a198d4f4c05f0cec
etn_2021_q4,ETN,Eaton Corporation plc,vendor,transcript,licensed-vendor://blocked/ETN/2021/Q4,licensed-vendor,license_required,vendor_license_missing,Register license_config_ref before any vendor raw content use.,sha256:57f3448eb24d1a006060939c914d9651fee0b6c7a3aed72dea6ad17797b1f029
emr_2021_q4,EMR,Emerson Electric Co.,youtube,video,https://www.youtube.com/results?search_query=EMR+2021+Q4+earnings+call,www.youtube.com,metadata_only,youtube_media_blocked,Keep YouTube as metadata/link reference only unless explicit written authorization exists.,sha256:d9e339eb42e98dfab5cd8f008223273300f1375ddab4360f12eb644785266399
emr_2021_q4,EMR,Emerson Electric Co.,vendor,transcript,licensed-vendor://blocked/EMR/2021/Q4,licensed-vendor,license_required,vendor_license_missing,Register license_config_ref before any vendor raw content use.,sha256:33b58e7d8e9390c54ac4b3c83f3ffe039f5a445d46fb30fdf83efd3ab41310d5
mmm_2021_q4,MMM,3M Company,youtube,video,https://www.youtube.com/results?search_query=MMM+2021+Q4+earnings+call,www.youtube.com,metadata_only,youtube_media_blocked,Keep YouTube as metadata/link reference only unless explicit written authorization exists.,sha256:2204910bbc6ab808567b0a12c674bc5eec58eb0ea05264b27445ef006ea72030
mmm_2021_q4,MMM,3M Company,vendor,transcript,licensed-vendor://blocked/MMM/2021/Q4,licensed-vendor,license_required,vendor_license_missing,Register license_config_ref before any vendor raw content use.,sha256:850c40477bd14d380f48594a4e78dbfdcd7074625848e28a25ff39cf08e74781
itw_2021_q4,ITW,Illinois Tool Works Inc.,youtube,video,https://www.youtube.com/results?search_query=ITW+2021+Q4+earnings+call,www.youtube.com,metadata_only,youtube_media_blocked,Keep YouTube as metadata/link reference only unless explicit written authorization exists.,sha256:68e6b88b3a37073cba3fb89fb2416a6e8d3d2d0aaffa04876ade70901d634900
itw_2021_q4,ITW,Illinois Tool Works Inc.,vendor,transcript,licensed-vendor://blocked/ITW/2021/Q4,licensed-vendor,license_required,vendor_license_missing,Register license_config_ref before any vendor raw content use.,sha256:3a8665cd257bbebdeae0f3e77aa5fbe33405b4c94414bc126d56c3d80c46735d
ph_2021_q4,PH,Parker-Hannifin Corporation,youtube,video,https://www.youtube.com/results?search_query=PH+2021+Q4+earnings+call,www.youtube.com,metadata_only,youtube_media_blocked,Keep YouTube as metadata/link reference only unless explicit written authorization exists.,sha256:690104949ae6a9da891ede728a0b82436f0dd0a0e84200be7c65c7cbac787f93
ph_2021_q4,PH,Parker-Hannifin Corporation,vendor,transcript,licensed-vendor://blocked/PH/2021/Q4,licensed-vendor,license_required,vendor_license_missing,Register license_config_ref before any vendor raw content use.,sha256:6c82e2f6af1bb055cd986308717b069b10eee332fa1e77e9821b338cd20e7c0b
carr_2021_q4,CARR,Carrier Global Corporation,youtube,video,https://www.youtube.com/results?search_query=CARR+2021+Q4+earnings+call,www.youtube.com,metadata_only,youtube_media_blocked,Keep YouTube as metadata/link reference only unless explicit written authorization exists.,sha256:5682b0c925cb88439862e89cb716ded74f3593a4874ed152a8ce5449dec6aa00
carr_2021_q4,CARR,Carrier Global Corporation,vendor,transcript,licensed-vendor://blocked/CARR/2021/Q4,licensed-vendor,license_required,vendor_license_missing,Register license_config_ref before any vendor raw content use.,sha256:64c28ed6bfd8213e655d178ac8ef4cfc8b2f38cacf0b0531be54e4f8b11a2a2b
otis_2021_q4,OTIS,Otis Worldwide Corporation,youtube,video,https://www.youtube.com/results?search_query=OTIS+2021+Q4+earnings+call,www.youtube.com,metadata_only,youtube_media_blocked,Keep YouTube as metadata/link reference only unless explicit written authorization exists.,sha256:3f3a57c544b0ac37094e6faf325fee71f07b0e2f6057ac7d830713cafdfc9109
otis_2021_q4,OTIS,Otis Worldwide Corporation,vendor,transcript,licensed-vendor://blocked/OTIS/2021/Q4,licensed-vendor,license_required,vendor_license_missing,Register license_config_ref before any vendor raw content use.,sha256:9bef70e26668e2ea8355dd679eefe904923faca9640cb2cb1dbfcd4662333345
ups_2021_q4,UPS,"United Parcel Service, Inc.",youtube,video,https://www.youtube.com/results?search_query=UPS+2021+Q4+earnings+call,www.youtube.com,metadata_only,youtube_media_blocked,Keep YouTube as metadata/link reference only unless explicit written authorization exists.,sha256:49979ece5d49a55ac1507543f34d0ddd8435b5e4865421f452877df7596a2bd8
ups_2021_q4,UPS,"United Parcel Service, Inc.",vendor,transcript,licensed-vendor://blocked/UPS/2021/Q4,licensed-vendor,license_required,vendor_license_missing,Register license_config_ref before any vendor raw content use.,sha256:2c4b663ce3cc0342e9c53dade2cdb080a6877ef8f445388fb46f46782a3b4740
fdx_2021_q4,FDX,FedEx Corporation,youtube,video,https://www.youtube.com/results?search_query=FDX+2021+Q4+earnings+call,www.youtube.com,metadata_only,youtube_media_blocked,Keep YouTube as metadata/link reference only unless explicit written authorization exists.,sha256:81a07873c7fdad670507f6ed0fc982b164a96758eccc52a42c938ee8a23e7766
fdx_2021_q4,FDX,FedEx Corporation,vendor,transcript,licensed-vendor://blocked/FDX/2021/Q4,licensed-vendor,license_required,vendor_license_missing,Register license_config_ref before any vendor raw content use.,sha256:04d332d1b5326f31930c6aaf5113b13f23e9dd74ae44824bc9e4da52acf86ad9
dal_2021_q4,DAL,"Delta Air Lines, Inc.",youtube,video,https://www.youtube.com/results?search_query=DAL+2021+Q4+earnings+call,www.youtube.com,metadata_only,youtube_media_blocked,Keep YouTube as metadata/link reference only unless explicit written authorization exists.,sha256:4a3e9fd96e796e1fe3fa6a504c729b6b5786c8fbfe518650c3ef88eb334d007f
dal_2021_q4,DAL,"Delta Air Lines, Inc.",vendor,transcript,licensed-vendor://blocked/DAL/2021/Q4,licensed-vendor,license_required,vendor_license_missing,Register license_config_ref before any vendor raw content use.,sha256:8dde709a25e3ec491c16ed4497fed08e71a340001f38ffe2c431c389103c2f2b
unp_2021_q4,UNP,Union Pacific Corporation,youtube,video,https://www.youtube.com/results?search_query=UNP+2021+Q4+earnings+call,www.youtube.com,metadata_only,youtube_media_blocked,Keep YouTube as metadata/link reference only unless explicit written authorization exists.,sha256:34cc31bac12eedd84bb167b34c1a38f46b66cd0d06b1c34c5dac5e5a532d3bad
unp_2021_q4,UNP,Union Pacific Corporation,vendor,transcript,licensed-vendor://blocked/UNP/2021/Q4,licensed-vendor,license_required,vendor_license_missing,Register license_config_ref before any vendor raw content use.,sha256:014d1a82881b2d9d89009d94da53401d70b7ce0777e9f56c93c58a1b9ffac69f
nsc_2021_q4,NSC,Norfolk Southern Corporation,youtube,video,https://www.youtube.com/results?search_query=NSC+2021+Q4+earnings+call,www.youtube.com,metadata_only,youtube_media_blocked,Keep YouTube as metadata/link reference only unless explicit written authorization exists.,sha256:489f96744bedb0810e6eeddc8a5cfddd4ef1f2d259082f87530157037e4237f8
nsc_2021_q4,NSC,Norfolk Southern Corporation,vendor,transcript,licensed-vendor://blocked/NSC/2021/Q4,licensed-vendor,license_required,vendor_license_missing,Register license_config_ref before any vendor raw content use.,sha256:a064aed3fc605bfd01af7966fb856c8e49ee491b940bac8c4d7922ee12656472
hd_2021_q4,HD,"The Home Depot, Inc.",youtube,video,https://www.youtube.com/results?search_query=HD+2021+Q4+earnings+call,www.youtube.com,metadata_only,youtube_media_blocked,Keep YouTube as metadata/link reference only unless explicit written authorization exists.,sha256:ff75ae2fcab45c84737b5789fea7cae9edefd0c62d8397d54a9ab1c3d46061b8
hd_2021_q4,HD,"The Home Depot, Inc.",vendor,transcript,licensed-vendor://blocked/HD/2021/Q4,licensed-vendor,license_required,vendor_license_missing,Register license_config_ref before any vendor raw content use.,sha256:a49a72b75c9365dd960a4733b1fed4d4ebf572a142bdc5437e9e2dae94baa479
low_2021_q4,LOW,"Lowe's Companies, Inc.",youtube,video,https://www.youtube.com/results?search_query=LOW+2021+Q4+earnings+call,www.youtube.com,metadata_only,youtube_media_blocked,Keep YouTube as metadata/link reference only unless explicit written authorization exists.,sha256:a0d5fd0b3d1c6734f5b5682aa8f08ae9ee93973061ab9c5879133c90e42d4f42
low_2021_q4,LOW,"Lowe's Companies, Inc.",vendor,transcript,licensed-vendor://blocked/LOW/2021/Q4,licensed-vendor,license_required,vendor_license_missing,Register license_config_ref before any vendor raw content use.,sha256:25fd78deb7404dbc8cff9b2c17506d97d764fa0686522528394b4d20576ad147
tgt_2021_q4,TGT,Target Corporation,youtube,video,https://www.youtube.com/results?search_query=TGT+2021+Q4+earnings+call,www.youtube.com,metadata_only,youtube_media_blocked,Keep YouTube as metadata/link reference only unless explicit written authorization exists.,sha256:172ddd09ecebdca4739b408c32c1679dd0358ea4525a246c0eda03643e80627f
tgt_2021_q4,TGT,Target Corporation,vendor,transcript,licensed-vendor://blocked/TGT/2021/Q4,licensed-vendor,license_required,vendor_license_missing,Register license_config_ref before any vendor raw content use.,sha256:f698a22bbadb848c8e7cd0c850df58b0a637a7cee9b9919deaf7c6192be75ed3
kr_2021_q4,KR,The Kroger Co.,youtube,video,https://www.youtube.com/results?search_query=KR+2021+Q4+earnings+call,www.youtube.com,metadata_only,youtube_media_blocked,Keep YouTube as metadata/link reference only unless explicit written authorization exists.,sha256:6fae129f07a0da61adeda4843674aff6ad5389fbb2b198215b8325ac9d752274
kr_2021_q4,KR,The Kroger Co.,vendor,transcript,licensed-vendor://blocked/KR/2021/Q4,licensed-vendor,license_required,vendor_license_missing,Register license_config_ref before any vendor raw content use.,sha256:a14da93935c181626cd2c4e17cca3197d5735ab929b788b0803714059a6f48af
dg_2021_q4,DG,Dollar General Corporation,youtube,video,https://www.youtube.com/results?search_query=DG+2021+Q4+earnings+call,www.youtube.com,metadata_only,youtube_media_blocked,Keep YouTube as metadata/link reference only unless explicit written authorization exists.,sha256:1bbb6297a356bd7beac79050fd1d5cc838c1dc6fa31c984dbafd5064c2bd4e15
dg_2021_q4,DG,Dollar General Corporation,vendor,transcript,licensed-vendor://blocked/DG/2021/Q4,licensed-vendor,license_required,vendor_license_missing,Register license_config_ref before any vendor raw content use.,sha256:859e7e05c91f745ae5e5ebce6abe66034b46fa6a1ce77302496b2ba9e00141b6
mcd_2021_q4,MCD,McDonald's Corporation,youtube,video,https://www.youtube.com/results?search_query=MCD+2021+Q4+earnings+call,www.youtube.com,metadata_only,youtube_media_blocked,Keep YouTube as metadata/link reference only unless explicit written authorization exists.,sha256:61efffef8e71cf3de035171b41bb3f299ba389d4d9c9278ece4beadcc47e7973
mcd_2021_q4,MCD,McDonald's Corporation,vendor,transcript,licensed-vendor://blocked/MCD/2021/Q4,licensed-vendor,license_required,vendor_license_missing,Register license_config_ref before any vendor raw content use.,sha256:235222340fb63c7a3889aebe2debdb0441427044bef75b469a4d63d0dcd7043e
yum_2021_q4,YUM,"Yum! Brands, Inc.",youtube,video,https://www.youtube.com/results?search_query=YUM+2021+Q4+earnings+call,www.youtube.com,metadata_only,youtube_media_blocked,Keep YouTube as metadata/link reference only unless explicit written authorization exists.,sha256:4469e8ef6da9cb85f6d8dea6390e7e0ef479a0a10ceff5273dda6011df3943fc
yum_2021_q4,YUM,"Yum! Brands, Inc.",vendor,transcript,licensed-vendor://blocked/YUM/2021/Q4,licensed-vendor,license_required,vendor_license_missing,Register license_config_ref before any vendor raw content use.,sha256:6cee68cfe2267ce540908cbaef940bd8f618200e3c850f9cee3e1ce9dd1d47d1
nke_2021_q4,NKE,"NIKE, Inc.",youtube,video,https://www.youtube.com/results?search_query=NKE+2021+Q4+earnings+call,www.youtube.com,metadata_only,youtube_media_blocked,Keep YouTube as metadata/link reference only unless explicit written authorization exists.,sha256:ecb95fc88b481afde99a6d85317f0ebd86e1fc8b6cd79c13a8285050597e44d6
nke_2021_q4,NKE,"NIKE, Inc.",vendor,transcript,licensed-vendor://blocked/NKE/2021/Q4,licensed-vendor,license_required,vendor_license_missing,Register license_config_ref before any vendor raw content use.,sha256:5957b6faa6e6d5328cb7f3bacb73e9853352b146985a880c7e4df478d5c32fa9
dis_2021_q4,DIS,The Walt Disney Company,youtube,video,https://www.youtube.com/results?search_query=DIS+2021+Q4+earnings+call,www.youtube.com,metadata_only,youtube_media_blocked,Keep YouTube as metadata/link reference only unless explicit written authorization exists.,sha256:40f5a9eb7c3313a1d3ea8ae179ac8aef834c956df4297eff03487a65540388e2
dis_2021_q4,DIS,The Walt Disney Company,vendor,transcript,licensed-vendor://blocked/DIS/2021/Q4,licensed-vendor,license_required,vendor_license_missing,Register license_config_ref before any vendor raw content use.,sha256:8eee97c37cf380e7268e89ac5b2161647cb17335fd1f7eabab6c540ed9db4d9f
ko_2021_q4,KO,The Coca-Cola Company,youtube,video,https://www.youtube.com/results?search_query=KO+2021+Q4+earnings+call,www.youtube.com,metadata_only,youtube_media_blocked,Keep YouTube as metadata/link reference only unless explicit written authorization exists.,sha256:b69e3522948ad29a58c0587173d9214b2812eed052d27b18d687bdbde178d3a6
ko_2021_q4,KO,The Coca-Cola Company,vendor,transcript,licensed-vendor://blocked/KO/2021/Q4,licensed-vendor,license_required,vendor_license_missing,Register license_config_ref before any vendor raw content use.,sha256:0a2ba6cfca820169df2a8e93b24621b7b121062af505942030619b6277c701f3
pg_2021_q4,PG,The Procter & Gamble Company,youtube,video,https://www.youtube.com/results?search_query=PG+2021+Q4+earnings+call,www.youtube.com,metadata_only,youtube_media_blocked,Keep YouTube as metadata/link reference only unless explicit written authorization exists.,sha256:8a748c941e2c3da573a7e6b669f3f88ab30c8e51e5ec01edc91003829e6520c0
pg_2021_q4,PG,The Procter & Gamble Company,vendor,transcript,licensed-vendor://blocked/PG/2021/Q4,licensed-vendor,license_required,vendor_license_missing,Register license_config_ref before any vendor raw content use.,sha256:d49a53382e039a5bd8cad399ae848013c183df83662790303cfbed5de8204f6e
cl_2021_q4,CL,Colgate-Palmolive Company,youtube,video,https://www.youtube.com/results?search_query=CL+2021+Q4+earnings+call,www.youtube.com,metadata_only,youtube_media_blocked,Keep YouTube as metadata/link reference only unless explicit written authorization exists.,sha256:3eae58ef33ec96a44c826f40940d740b3eda455def7f986ad54612f6ad96bfc4
cl_2021_q4,CL,Colgate-Palmolive Company,vendor,transcript,licensed-vendor://blocked/CL/2021/Q4,licensed-vendor,license_required,vendor_license_missing,Register license_config_ref before any vendor raw content use.,sha256:2b603adac4634f0461a47354b456632d7486b2712ff4dfb22a69fd8eb3a91ddd
el_2021_q4,EL,The Estee Lauder Companies Inc.,youtube,video,https://www.youtube.com/results?search_query=EL+2021+Q4+earnings+call,www.youtube.com,metadata_only,youtube_media_blocked,Keep YouTube as metadata/link reference only unless explicit written authorization exists.,sha256:a8520cbb7026f76033f6df53fbe4445606fc1e7a3c0e2ccb6cdf6b30f8ecf915
el_2021_q4,EL,The Estee Lauder Companies Inc.,vendor,transcript,licensed-vendor://blocked/EL/2021/Q4,licensed-vendor,license_required,vendor_license_missing,Register license_config_ref before any vendor raw content use.,sha256:98578e461b02429bd8886ea764f7b8cae97c27fbc32150a9fbf016aea0f54549
gis_2021_q4,GIS,"General Mills, Inc.",youtube,video,https://www.youtube.com/results?search_query=GIS+2021+Q4+earnings+call,www.youtube.com,metadata_only,youtube_media_blocked,Keep YouTube as metadata/link reference only unless explicit written authorization exists.,sha256:2709a0d8351d1b77675634a50330862252fe52aa5e592845ffa9988dcb9a7826
gis_2021_q4,GIS,"General Mills, Inc.",vendor,transcript,licensed-vendor://blocked/GIS/2021/Q4,licensed-vendor,license_required,vendor_license_missing,Register license_config_ref before any vendor raw content use.,sha256:6ddcc514e60d601851bb784e26234759e58289401eca893331e97eeed310a56e
hsy_2021_q4,HSY,The Hershey Company,youtube,video,https://www.youtube.com/results?search_query=HSY+2021+Q4+earnings+call,www.youtube.com,metadata_only,youtube_media_blocked,Keep YouTube as metadata/link reference only unless explicit written authorization exists.,sha256:a0f5a3e982bd7c2bcfec9f3c70292d82ea328cdb8990dff47663cd388a670d15
hsy_2021_q4,HSY,The Hershey Company,vendor,transcript,licensed-vendor://blocked/HSY/2021/Q4,licensed-vendor,license_required,vendor_license_missing,Register license_config_ref before any vendor raw content use.,sha256:5b76d9a7c0f1b934f562fa1b7fdf6259a4460497a464fd1c2a674ef737c49681
t_2021_q4,T,AT&T Inc.,youtube,video,https://www.youtube.com/results?search_query=T+2021+Q4+earnings+call,www.youtube.com,metadata_only,youtube_media_blocked,Keep YouTube as metadata/link reference only unless explicit written authorization exists.,sha256:48a5c0c72f37b03c09a474327f145129a57dcb091019a72cb964c4471cb72fcd
t_2021_q4,T,AT&T Inc.,vendor,transcript,licensed-vendor://blocked/T/2021/Q4,licensed-vendor,license_required,vendor_license_missing,Register license_config_ref before any vendor raw content use.,sha256:d16abf68c6d4638c5cb62f29accbdf25f55356e9b6ddf6a9825ba6b8aa15b214
vz_2021_q4,VZ,Verizon Communications Inc.,youtube,video,https://www.youtube.com/results?search_query=VZ+2021+Q4+earnings+call,www.youtube.com,metadata_only,youtube_media_blocked,Keep YouTube as metadata/link reference only unless explicit written authorization exists.,sha256:106de0042bddef82806173431f8ef4c0c5e8180675f793bd6c047a931828f6a9
vz_2021_q4,VZ,Verizon Communications Inc.,vendor,transcript,licensed-vendor://blocked/VZ/2021/Q4,licensed-vendor,license_required,vendor_license_missing,Register license_config_ref before any vendor raw content use.,sha256:24930f516abf9d2a7cd1914a14218973b1736b3454f92c7eaf8ae440d5ae946a
ibm_2021_q4,IBM,International Business Machines Corporation,youtube,video,https://www.youtube.com/results?search_query=IBM+2021+Q4+earnings+call,www.youtube.com,metadata_only,youtube_media_blocked,Keep YouTube as metadata/link reference only unless explicit written authorization exists.,sha256:fe059a17730ffdf7dc3d912955d18d7bbc6f1cccbbca7e1c4d77a79818ba9edb
ibm_2021_q4,IBM,International Business Machines Corporation,vendor,transcript,licensed-vendor://blocked/IBM/2021/Q4,licensed-vendor,license_required,vendor_license_missing,Register license_config_ref before any vendor raw content use.,sha256:360ee788d355ef06f5ab1c318450a8d497c523a71a93409f87ab9f4ac8f3e270
orcl_2021_q4,ORCL,Oracle Corporation,youtube,video,https://www.youtube.com/results?search_query=ORCL+2021+Q4+earnings+call,www.youtube.com,metadata_only,youtube_media_blocked,Keep YouTube as metadata/link reference only unless explicit written authorization exists.,sha256:db6ecc08c76feff5b6e01f5c51398cbd94a385444fb5f00df9a12c34d195319a
orcl_2021_q4,ORCL,Oracle Corporation,vendor,transcript,licensed-vendor://blocked/ORCL/2021/Q4,licensed-vendor,license_required,vendor_license_missing,Register license_config_ref before any vendor raw content use.,sha256:a54072e1eb25bbddc79181da80d9cfd65ea72bb6ccd8105e3b0ea88f04bfc512
crm_2021_q4,CRM,"Salesforce, Inc.",youtube,video,https://www.youtube.com/results?search_query=CRM+2021+Q4+earnings+call,www.youtube.com,metadata_only,youtube_media_blocked,Keep YouTube as metadata/link reference only unless explicit written authorization exists.,sha256:68cf0cffd3cdc4b42988ddce4854d315efef7f1e55cd19b08882287136dc387a
crm_2021_q4,CRM,"Salesforce, Inc.",vendor,transcript,licensed-vendor://blocked/CRM/2021/Q4,licensed-vendor,license_required,vendor_license_missing,Register license_config_ref before any vendor raw content use.,sha256:63bdfde9d1d8e97dc39642970f3718cd65708ed6a49dbef16744e7a2022c0340
now_2021_q4,NOW,"ServiceNow, Inc.",youtube,video,https://www.youtube.com/results?search_query=NOW+2021+Q4+earnings+call,www.youtube.com,metadata_only,youtube_media_blocked,Keep YouTube as metadata/link reference only unless explicit written authorization exists.,sha256:44c3a40234ebc826f7dd7952a6751fa746ace3d5598f61528eff27df5bf4f5a6
now_2021_q4,NOW,"ServiceNow, Inc.",vendor,transcript,licensed-vendor://blocked/NOW/2021/Q4,licensed-vendor,license_required,vendor_license_missing,Register license_config_ref before any vendor raw content use.,sha256:81c35000e9c24ed8337fb3891840eddc4fe369210d4b90d65851b18c4a8fc184
acn_2021_q4,ACN,Accenture plc,youtube,video,https://www.youtube.com/results?search_query=ACN+2021+Q4+earnings+call,www.youtube.com,metadata_only,youtube_media_blocked,Keep YouTube as metadata/link reference only unless explicit written authorization exists.,sha256:9a4053453ed27c40f3a24d53b51b284becdb1801d1adb2e016c004781507b5b3
acn_2021_q4,ACN,Accenture plc,vendor,transcript,licensed-vendor://blocked/ACN/2021/Q4,licensed-vendor,license_required,vendor_license_missing,Register license_config_ref before any vendor raw content use.,sha256:5b6dba135de75f410b922f1a50f8316ea9e9c9772e2261507111d283494a4969
dell_2021_q4,DELL,Dell Technologies Inc.,youtube,video,https://www.youtube.com/results?search_query=DELL+2021+Q4+earnings+call,www.youtube.com,metadata_only,youtube_media_blocked,Keep YouTube as metadata/link reference only unless explicit written authorization exists.,sha256:92428871a43fb0cc121fb1f46c600db80a4e0d1347e1856bf44c1215d8a8e26a
dell_2021_q4,DELL,Dell Technologies Inc.,vendor,transcript,licensed-vendor://blocked/DELL/2021/Q4,licensed-vendor,license_required,vendor_license_missing,Register license_config_ref before any vendor raw content use.,sha256:f792095dabd78de3d9cff6b33dc69e03c07b57c0dce0b2381e1f5f9419383fa8
hpq_2021_q4,HPQ,HP Inc.,youtube,video,https://www.youtube.com/results?search_query=HPQ+2021+Q4+earnings+call,www.youtube.com,metadata_only,youtube_media_blocked,Keep YouTube as metadata/link reference only unless explicit written authorization exists.,sha256:39fd7a3bec62ec96cf95d9ddcb84c283833655521a4e397ca1c22031a5cf592c
hpq_2021_q4,HPQ,HP Inc.,vendor,transcript,licensed-vendor://blocked/HPQ/2021/Q4,licensed-vendor,license_required,vendor_license_missing,Register license_config_ref before any vendor raw content use.,sha256:dc5c5f91e72cacc8c4520929edd330ecf5e0b2185092167eb7f630f33c3116e0
net_2021_q4,NET,"Cloudflare, Inc.",youtube,video,https://www.youtube.com/results?search_query=NET+2021+Q4+earnings+call,www.youtube.com,metadata_only,youtube_media_blocked,Keep YouTube as metadata/link reference only unless explicit written authorization exists.,sha256:03d97ea610a2ca74e09cacfd44da82c77b49e7609d12d99b621b4c4e97fc7882
net_2021_q4,NET,"Cloudflare, Inc.",vendor,transcript,licensed-vendor://blocked/NET/2021/Q4,licensed-vendor,license_required,vendor_license_missing,Register license_config_ref before any vendor raw content use.,sha256:14117a7f77b76b20e4c72500583f5a57b53ead53855a974b4af58a57548c7a3b
snow_2021_q4,SNOW,Snowflake Inc.,youtube,video,https://www.youtube.com/results?search_query=SNOW+2021+Q4+earnings+call,www.youtube.com,metadata_only,youtube_media_blocked,Keep YouTube as metadata/link reference only unless explicit written authorization exists.,sha256:8a169dd220c19cd5ffa90aefc9c8e18e264ca47a826d70996bb4e7bbeaa73412
snow_2021_q4,SNOW,Snowflake Inc.,vendor,transcript,licensed-vendor://blocked/SNOW/2021/Q4,licensed-vendor,license_required,vendor_license_missing,Register license_config_ref before any vendor raw content use.,sha256:7090d62b6951ecc834a95d67f827f375e7702d8ccb86bfb4d40e7922b7a22bd5
