candidate_id,case_id,ticker,company_name,fiscal_period,event_date,asset_type,source_type,source_url,resolved_asset_url,asset_url_domain,file_ext,content_type_hint,confidence,confidence_reason,rights_status,download_allowed,approval_ref,license_config_ref,blocked_reason,next_action,provenance_hash
c02ad821e320a609,jpm_2025_q4,JPM,JPMorgan Chase & Co.,2025 Q4,,webcast_metadata,official_ir,https://www.jpmorganchase.com/ir,https://event.webcasts.com/starthere.jsp?ei=1755596&tp_key=bcddbd4b9b&tp_special=8,event.webcasts.com,.jsp,,0.70,webcast/replay metadata,metadata_only,false,,,,metadata_review,sha256:a39702c03ba6e211641110e7b88cc123b248bf09bc124fbf9722679852ba0167
c7616932ca6eca3a,jpm_2025_q4,JPM,JPMorgan Chase & Co.,2025 Q4,,webcast_metadata,official_ir,https://www.jpmorganchase.com/ir,https://privatebank.jpmorgan.com/nam/en/insights/audio-and-webcasts/webcasts/geopolitical-market-impacts-and-investment-perspectives-for-2026,privatebank.jpmorgan.com,,,0.70,webcast/replay metadata,metadata_only,false,,,,metadata_review,sha256:38e2509fa974f953ccd064df7c588dc337577c5f9adba8bc842d2f341fad02a0
a4551fa411351298,jpm_2025_q4,JPM,JPMorgan Chase & Co.,2025 Q4,,webcast_metadata,official_ir,https://www.jpmorganchase.com/ir,https://privatebank.jpmorgan.com/nam/en/insights/audio-and-webcasts/webcasts/the-evolving-conflict-with-iran-and-investment-implications,privatebank.jpmorgan.com,,,0.70,webcast/replay metadata,metadata_only,false,,,,metadata_review,sha256:8a49c93ca470f8a0195bfa1c8d66a2536cd4ec67071cc6baebc4f2d98c0208d4
919892101cbad5cb,jpm_2025_q4,JPM,JPMorgan Chase & Co.,2025 Q4,,slides_metadata,official_ir,https://www.jpmorganchase.com/ir,https://www.jpmorganchase.com/content/dam/jpmc/jpmorgan-chase-and-co/investor-relations/documents/2023-proxy-supplemental-presentation.pdf,www.jpmorganchase.com,.pdf,,0.72,presentation/slides metadata,metadata_only,false,,,,metadata_review,sha256:3428545ff183be10096d0a265fc9a8ed7107511e27507e01f4aad62606fbfe0e
744d036a6e6ffcf4,jpm_2025_q4,JPM,JPMorgan Chase & Co.,2025 Q4,,slides_metadata,official_ir,https://www.jpmorganchase.com/ir,https://www.jpmorganchase.com/content/dam/jpmc/jpmorgan-chase-and-co/investor-relations/documents/2024proxy-supplement.pdf,www.jpmorganchase.com,.pdf,,0.72,presentation/slides metadata,metadata_only,false,,,,metadata_review,sha256:17f1aa7b82e66db89f793aa4480210da7f03c4276855a479423f4da7db3fb623
42e1fbb7470d195a,jpm_2025_q4,JPM,JPMorgan Chase & Co.,2025 Q4,,slides_metadata,official_ir,https://www.jpmorganchase.com/ir,https://www.jpmorganchase.com/content/dam/jpmc/jpmorgan-chase-and-co/investor-relations/documents/2025-proxy-supplement.pdf,www.jpmorganchase.com,.pdf,,0.72,presentation/slides metadata,metadata_only,false,,,,metadata_review,sha256:e7090d3eefa17ee82fd356427fd8d4542586845679950cb903f5efc5a2a40ea3
e41ac86355ea5045,jpm_2025_q4,JPM,JPMorgan Chase & Co.,2025 Q4,,slides_metadata,official_ir,https://www.jpmorganchase.com/ir,https://www.jpmorganchase.com/content/dam/jpmc/jpmorgan-chase-and-co/investor-relations/documents/2026-proxy-supplement.pdf,www.jpmorganchase.com,.pdf,,0.72,presentation/slides metadata,metadata_only,false,,,,metadata_review,sha256:ecf3d611ed5f05b33021dc654278fd985ce11c87c7d1acd7de0973683a6c66e0
18978f6b4ed8d8dd,jpm_2025_q4,JPM,JPMorgan Chase & Co.,2025 Q4,,slides_metadata,official_ir,https://www.jpmorganchase.com/ir,https://www.jpmorganchase.com/content/dam/jpmc/jpmorgan-chase-and-co/investor-relations/documents/events/2025/jpmc-2025-investor-day/asset-wealth-management.pdf,www.jpmorganchase.com,.pdf,,0.72,presentation/slides metadata,metadata_only,false,,,,metadata_review,sha256:30c12a62174f9c9f120d9d38af15b78a7c7dc833f52a3b32f8269605e4f93b52
d6612582e0e26eaf,jpm_2025_q4,JPM,JPMorgan Chase & Co.,2025 Q4,,slides_metadata,official_ir,https://www.jpmorganchase.com/ir,https://www.jpmorganchase.com/content/dam/jpmc/jpmorgan-chase-and-co/investor-relations/documents/events/2025/jpmc-2025-investor-day/commercial-investment-bank.pdf,www.jpmorganchase.com,.pdf,,0.72,presentation/slides metadata,metadata_only,false,,,,metadata_review,sha256:64a75aef74561524234d94b864c570011a461af3724e207c6762decfff9de5ef
04fae7c05634e905,jpm_2025_q4,JPM,JPMorgan Chase & Co.,2025 Q4,,slides_metadata,official_ir,https://www.jpmorganchase.com/ir,https://www.jpmorganchase.com/content/dam/jpmc/jpmorgan-chase-and-co/investor-relations/documents/events/2025/jpmc-2025-investor-day/consumer-community-banking.pdf,www.jpmorganchase.com,.pdf,,0.72,presentation/slides metadata,metadata_only,false,,,,metadata_review,sha256:d275a09579892ca103d3343442adb750ba961758fd1f69a596d85314e0d0263d
3f83495398646126,jpm_2025_q4,JPM,JPMorgan Chase & Co.,2025 Q4,,slides_metadata,official_ir,https://www.jpmorganchase.com/ir,https://www.jpmorganchase.com/content/dam/jpmc/jpmorgan-chase-and-co/investor-relations/documents/events/2025/jpmc-2025-investor-day/firm-overview.pdf,www.jpmorganchase.com,.pdf,,0.72,presentation/slides metadata,metadata_only,false,,,,metadata_review,sha256:97db4c401c62b489cc14aa595d58ade5b0f424bbdae5c4b05e1f37c22814c410
8321008421a755ab,jpm_2025_q4,JPM,JPMorgan Chase & Co.,2025 Q4,,slides_metadata,official_ir,https://www.jpmorganchase.com/ir,https://www.jpmorganchase.com/content/dam/jpmc/jpmorgan-chase-and-co/investor-relations/documents/events/2025/jpmc-2025-investor-day/full-presentation.pdf,www.jpmorganchase.com,.pdf,,0.72,presentation/slides metadata,metadata_only,false,,,,metadata_review,sha256:836c3adbc175daec0a4cc4a9485cba5cc9c3fbfde683898ba6ebb0c9122742f3
ad5b671fc7f70f10,jpm_2025_q4,JPM,JPMorgan Chase & Co.,2025 Q4,,slides_metadata,official_ir,https://www.jpmorganchase.com/ir,https://www.jpmorganchase.com/content/dam/jpmc/jpmorgan-chase-and-co/investor-relations/documents/proxy-supplemental-presentation-2022.pdf,www.jpmorganchase.com,.pdf,,0.72,presentation/slides metadata,metadata_only,false,,,,metadata_review,sha256:27b84dd0e94f02c88bd3b60f7697d1b64d8ffd1642237ccd59547acb60963681
b12769818f766c14,jpm_2025_q4,JPM,JPMorgan Chase & Co.,2025 Q4,,slides_metadata,official_ir,https://www.jpmorganchase.com/ir,https://www.jpmorganchase.com/content/dam/jpmc/jpmorgan-chase-and-co/investor-relations/documents/quarterly-earnings/2026/1st-quarter/ba305358-f754-4f76-a59d-5278b3bcf99a.pdf,www.jpmorganchase.com,.pdf,,0.72,presentation/slides metadata,metadata_only,false,,,,metadata_review,sha256:ce31568a61309e093e5e3462ebb37a2bad5d326d40016f5ef26201935da24dfc
86f975714103808d,jpm_2025_q4,JPM,JPMorgan Chase & Co.,2025 Q4,,landing_page,official_ir,https://www.jpmorganchase.com/ir,https://www.jpmorganchase.com/,www.jpmorganchase.com,,text/html;charset=utf-8,0.35,landing page or unresolved event metadata,metadata_only,false,,,,inspect_links,sha256:1586fd736bdd4d4b94df8c77193fc7f50fb64d2a592852b1354fc2e5867f186d
1647a3e7db3582b9,jpm_2025_q4,JPM,JPMorgan Chase & Co.,2025 Q4,,landing_page,official_ir,https://www.jpmorganchase.com/ir,https://www.jpmorganchase.com/#main,www.jpmorganchase.com,,text/html;charset=utf-8,0.35,landing page or unresolved event metadata,metadata_only,false,,,,inspect_links,sha256:69d534b43d97e9e602aad37fd075e0b2e332b50b3502d1dd0741cbd9dcb05469
19f4baa2cef75c25,jpm_2025_q4,JPM,JPMorgan Chase & Co.,2025 Q4,,landing_page,official_ir,https://www.jpmorganchase.com/ir,https://www.jpmorganchase.com/about,www.jpmorganchase.com,,text/html;charset=utf-8,0.35,landing page or unresolved event metadata,metadata_only,false,,,,inspect_links,sha256:3027d78fcfd1fd04e76920557a99dc65211e89fd85ea2f04033842314d0e286f
21dbb3ab2a7b4df0,jpm_2025_q4,JPM,JPMorgan Chase & Co.,2025 Q4,,landing_page,official_ir,https://www.jpmorganchase.com/ir,https://www.jpmorganchase.com/about#main,www.jpmorganchase.com,,text/html;charset=utf-8,0.35,landing page or unresolved event metadata,metadata_only,false,,,,inspect_links,sha256:5288464acf2ff4f0448c12a8f46e480a78325a7eda2aed59a3b77eca84240fdd
a720684d606c9977,jpm_2025_q4,JPM,JPMorgan Chase & Co.,2025 Q4,,landing_page,official_ir,https://www.jpmorganchase.com/ir,https://www.jpmorganchase.com/about/art-collection,www.jpmorganchase.com,,text/html;charset=utf-8,0.35,landing page or unresolved event metadata,metadata_only,false,,,,inspect_links,sha256:82672f89e1d00e2bba7caa02ec47a15e0f65553c9748ee8b7942ab3de6fc2cad
c76d3af827039074,jpm_2025_q4,JPM,JPMorgan Chase & Co.,2025 Q4,,landing_page,official_ir,https://www.jpmorganchase.com/ir,https://www.jpmorganchase.com/about/awards-and-recognition,www.jpmorganchase.com,,text/html;charset=utf-8,0.35,landing page or unresolved event metadata,metadata_only,false,,,,inspect_links,sha256:69708a19e0a11e0c225820f5fce7a9fb0766bbf358d7195cd80ae8ab56304ecd
02294f73d04990a6,jpm_2025_q4,JPM,JPMorgan Chase & Co.,2025 Q4,,landing_page,official_ir,https://www.jpmorganchase.com/ir,https://www.jpmorganchase.com/about/awards-and-recognition#main,www.jpmorganchase.com,,text/html;charset=utf-8,0.35,landing page or unresolved event metadata,metadata_only,false,,,,inspect_links,sha256:e7c2be7f83d9a51691fa7b211d2883c673dd63df5e5c947ee73569d7efc00812
910b0af4f935451f,jpm_2025_q4,JPM,JPMorgan Chase & Co.,2025 Q4,,landing_page,official_ir,https://www.jpmorganchase.com/ir,https://www.jpmorganchase.com/about/business-principles,www.jpmorganchase.com,,text/html;charset=utf-8,0.35,landing page or unresolved event metadata,metadata_only,false,,,,inspect_links,sha256:ec5c0b79dfaca033baa185a6d51cb88030698b5b856f20a1a0fb5de1686ec1ca
77447414d28d1e21,jpm_2025_q4,JPM,JPMorgan Chase & Co.,2025 Q4,,landing_page,official_ir,https://www.jpmorganchase.com/ir,https://www.jpmorganchase.com/about/business-principles#main,www.jpmorganchase.com,,text/html;charset=utf-8,0.35,landing page or unresolved event metadata,metadata_only,false,,,,inspect_links,sha256:8347f17f68153eb6ebbda6061451b1e078455571b43ec923eefebd153ee2e5ca
79fbd4ec3bbd8827,jpm_2025_q4,JPM,JPMorgan Chase & Co.,2025 Q4,,landing_page,official_ir,https://www.jpmorganchase.com/ir,https://www.jpmorganchase.com/about/diversity-opportunity-and-inclusion,www.jpmorganchase.com,,text/html;charset=utf-8,0.35,landing page or unresolved event metadata,metadata_only,false,,,,inspect_links,sha256:82f6956354cba218369397b7dd42edaf27edd328da0da7425edeac5d1c1cc18c
75905be63efe76d2,jpm_2025_q4,JPM,JPMorgan Chase & Co.,2025 Q4,,landing_page,official_ir,https://www.jpmorganchase.com/ir,https://www.jpmorganchase.com/about/diversity-opportunity-and-inclusion#main,www.jpmorganchase.com,,text/html;charset=utf-8,0.35,landing page or unresolved event metadata,metadata_only,false,,,,inspect_links,sha256:955d7900c31b15616668ca73ab4a4c8bf2339f8f72f9ed4168b0777c33a708c1
5267830c9556b4e7,jpm_2025_q4,JPM,JPMorgan Chase & Co.,2025 Q4,,landing_page,official_ir,https://www.jpmorganchase.com/ir,https://www.jpmorganchase.com/about/governance,www.jpmorganchase.com,,text/html;charset=utf-8,0.35,landing page or unresolved event metadata,metadata_only,false,,,,inspect_links,sha256:b8198dd371cee47339adfb6c320ec134e3d2daab0f995341ef927bd42635fd1f
826d720761a2afd0,jpm_2025_q4,JPM,JPMorgan Chase & Co.,2025 Q4,,landing_page,official_ir,https://www.jpmorganchase.com/ir,https://www.jpmorganchase.com/about/governance#main,www.jpmorganchase.com,,text/html;charset=utf-8,0.35,landing page or unresolved event metadata,metadata_only,false,,,,inspect_links,sha256:920a06d98dc0c22e71ea61646260368479e4b96187798fb4ca0e599d04a79a3b
41fc45dbe0219051,jpm_2025_q4,JPM,JPMorgan Chase & Co.,2025 Q4,,landing_page,official_ir,https://www.jpmorganchase.com/ir,https://www.jpmorganchase.com/about/governance/code-of-conduct,www.jpmorganchase.com,,text/html;charset=utf-8,0.35,landing page or unresolved event metadata,metadata_only,false,,,,inspect_links,sha256:1cfe0a88e5344112a7501ffe2244d008d2bb78b27c3347693a641128238bd1e0
f033604deea36277,jpm_2025_q4,JPM,JPMorgan Chase & Co.,2025 Q4,,landing_page,official_ir,https://www.jpmorganchase.com/ir,https://www.jpmorganchase.com/about/governance/committees,www.jpmorganchase.com,,text/html;charset=utf-8,0.35,landing page or unresolved event metadata,metadata_only,false,,,,inspect_links,sha256:3604296726594bd0c1040795c88b362305937dc31c9fcd80f0327cc4f6ceb3f1
f1c3ad195764aeca,jpm_2025_q4,JPM,JPMorgan Chase & Co.,2025 Q4,,landing_page,official_ir,https://www.jpmorganchase.com/ir,https://www.jpmorganchase.com/about/governance/corporate-governance-principles,www.jpmorganchase.com,,text/html;charset=utf-8,0.35,landing page or unresolved event metadata,metadata_only,false,,,,inspect_links,sha256:c69437acffda2914f711e6030641c0700289bae2a6c25eb5df2ce72883157893
9b08ddf3e9db9d48,jpm_2025_q4,JPM,JPMorgan Chase & Co.,2025 Q4,,landing_page,official_ir,https://www.jpmorganchase.com/ir,https://www.jpmorganchase.com/about/governance/disclosure-program,www.jpmorganchase.com,,text/html;charset=utf-8,0.35,landing page or unresolved event metadata,metadata_only,false,,,,inspect_links,sha256:a9b082dab57769e05afa18dc7ce81a0ec389a1ed9b217c7bc6dc120135f65c7f
7c5a0b2daf7ed301,jpm_2025_q4,JPM,JPMorgan Chase & Co.,2025 Q4,,landing_page,official_ir,https://www.jpmorganchase.com/ir,https://www.jpmorganchase.com/about/governance/political-engagement-and-public-policy,www.jpmorganchase.com,,text/html;charset=utf-8,0.35,landing page or unresolved event metadata,metadata_only,false,,,,inspect_links,sha256:751a93b486589793bb011e6c7fcd30af89f704691a6a3ae297dc4d71aac66c59
f85e96ad5b3f299a,jpm_2025_q4,JPM,JPMorgan Chase & Co.,2025 Q4,,landing_page,official_ir,https://www.jpmorganchase.com/ir,https://www.jpmorganchase.com/about/governance/sustainability,www.jpmorganchase.com,,text/html;charset=utf-8,0.35,landing page or unresolved event metadata,metadata_only,false,,,,inspect_links,sha256:8a20795359c80717788e83e29ffaec47099f86dcbca13e9aac6d8c09fc24f0f1
f2ec590537fc932b,jpm_2025_q4,JPM,JPMorgan Chase & Co.,2025 Q4,,landing_page,official_ir,https://www.jpmorganchase.com/ir,https://www.jpmorganchase.com/about/human-rights,www.jpmorganchase.com,,text/html;charset=utf-8,0.35,landing page or unresolved event metadata,metadata_only,false,,,,inspect_links,sha256:717cd1cbdec3ec9dc15171da8fbcaac083ddac0ee1d4fb725edf915b659296b5
acbceae44592f50d,jpm_2025_q4,JPM,JPMorgan Chase & Co.,2025 Q4,,landing_page,official_ir,https://www.jpmorganchase.com/ir,https://www.jpmorganchase.com/about/leadership,www.jpmorganchase.com,,text/html;charset=utf-8,0.35,landing page or unresolved event metadata,metadata_only,false,,,,inspect_links,sha256:0435e4f56c0730cdccc83ad5ef4ecbafd44a9db8c8b2fcb370897fe7ac16e096
c654321350137d9f,jpm_2025_q4,JPM,JPMorgan Chase & Co.,2025 Q4,,landing_page,official_ir,https://www.jpmorganchase.com/ir,https://www.jpmorganchase.com/about/leadership#main,www.jpmorganchase.com,,text/html;charset=utf-8,0.35,landing page or unresolved event metadata,metadata_only,false,,,,inspect_links,sha256:01d1fa2d6fcd53508c0321c0812d2237d388286c1d23ee9ba7f40f839f12a817
30430b29ffa57790,jpm_2025_q4,JPM,JPMorgan Chase & Co.,2025 Q4,,landing_page,official_ir,https://www.jpmorganchase.com/ir,https://www.jpmorganchase.com/about/leadership/alex-gorsky,www.jpmorganchase.com,,text/html;charset=utf-8,0.35,landing page or unresolved event metadata,metadata_only,false,,,,inspect_links,sha256:e3e96fd1ccc34b94b7968b8c9b48bf19683032f9cead43146ddac9a094cba966
2563b4a999b757cc,jpm_2025_q4,JPM,JPMorgan Chase & Co.,2025 Q4,,landing_page,official_ir,https://www.jpmorganchase.com/ir,https://www.jpmorganchase.com/about/leadership/alicia-boler-davis,www.jpmorganchase.com,,text/html;charset=utf-8,0.35,landing page or unresolved event metadata,metadata_only,false,,,,inspect_links,sha256:683fdb69822172593730dbe1ee4d6535cde51a2774886e886f10b87ade5a113a
ebbaef64f6511cfa,jpm_2025_q4,JPM,JPMorgan Chase & Co.,2025 Q4,,landing_page,official_ir,https://www.jpmorganchase.com/ir,https://www.jpmorganchase.com/about/leadership/ashley-bacon,www.jpmorganchase.com,,text/html;charset=utf-8,0.35,landing page or unresolved event metadata,metadata_only,false,,,,inspect_links,sha256:46ff7a86859a8ae08cff33c6a76cf30318239c81689b83b7bcfb658d7481f65b
e8dd04c446238c3b,jpm_2025_q4,JPM,JPMorgan Chase & Co.,2025 Q4,,landing_page,official_ir,https://www.jpmorganchase.com/ir,https://www.jpmorganchase.com/about/leadership/brad-d-smith,www.jpmorganchase.com,,text/html;charset=utf-8,0.35,landing page or unresolved event metadata,metadata_only,false,,,,inspect_links,sha256:60e8803cd3df1993a8f6843f0fe26374cd8cf5fdb1d6a591e07ee1eac4a862d3
4b8088e3d04e6f3e,jpm_2025_q4,JPM,JPMorgan Chase & Co.,2025 Q4,,landing_page,official_ir,https://www.jpmorganchase.com/ir,https://www.jpmorganchase.com/about/leadership/douglas-petno,www.jpmorganchase.com,,text/html;charset=utf-8,0.35,landing page or unresolved event metadata,metadata_only,false,,,,inspect_links,sha256:a72740841760603ee9ad076709acc7e6c78e22d3e1eb546092eef779476fa507
0d43009436466f96,jpm_2025_q4,JPM,JPMorgan Chase & Co.,2025 Q4,,landing_page,official_ir,https://www.jpmorganchase.com/ir,https://www.jpmorganchase.com/about/leadership/jamie-dimon,www.jpmorganchase.com,,text/html;charset=utf-8,0.35,landing page or unresolved event metadata,metadata_only,false,,,,inspect_links,sha256:199ac67c1fcd28f02aa6fa43953139f39cb0332860eaf1bd4b43432da11d4c6b
1713013215d5f66d,jpm_2025_q4,JPM,JPMorgan Chase & Co.,2025 Q4,,landing_page,official_ir,https://www.jpmorganchase.com/ir,https://www.jpmorganchase.com/about/leadership/jennifer-piepszak,www.jpmorganchase.com,,text/html;charset=utf-8,0.35,landing page or unresolved event metadata,metadata_only,false,,,,inspect_links,sha256:d30c18e90dcffc9f3f521b9920d01c8123a600b9524b010e0041ec842ee236d9
5e39403aed8ce3e9,jpm_2025_q4,JPM,JPMorgan Chase & Co.,2025 Q4,,landing_page,official_ir,https://www.jpmorganchase.com/ir,https://www.jpmorganchase.com/about/leadership/jeremy-barnum,www.jpmorganchase.com,,text/html;charset=utf-8,0.35,landing page or unresolved event metadata,metadata_only,false,,,,inspect_links,sha256:114d9412ff87f492755abc3c44468e35312673a3eccec07f76947238962cd918
c761c34a213bffde,jpm_2025_q4,JPM,JPMorgan Chase & Co.,2025 Q4,,landing_page,official_ir,https://www.jpmorganchase.com/ir,https://www.jpmorganchase.com/about/leadership/linda-bammann,www.jpmorganchase.com,,text/html;charset=utf-8,0.35,landing page or unresolved event metadata,metadata_only,false,,,,inspect_links,sha256:6d6666004b2e858142bdfebe9d8a212dda724282660f29bab1d6476a6d9c9b7f
b69503292dc82e50,jpm_2025_q4,JPM,JPMorgan Chase & Co.,2025 Q4,,landing_page,official_ir,https://www.jpmorganchase.com/ir,https://www.jpmorganchase.com/about/leadership/lori-beer,www.jpmorganchase.com,,text/html;charset=utf-8,0.35,landing page or unresolved event metadata,metadata_only,false,,,,inspect_links,sha256:b6b52c0ead63c5c5edf23087b12ae6bdfb26d20a7dc14f4aad02c78b37159a08
3fb46baa4b1fb3f3,jpm_2025_q4,JPM,JPMorgan Chase & Co.,2025 Q4,,landing_page,official_ir,https://www.jpmorganchase.com/ir,https://www.jpmorganchase.com/about/leadership/marianne-lake,www.jpmorganchase.com,,text/html;charset=utf-8,0.35,landing page or unresolved event metadata,metadata_only,false,,,,inspect_links,sha256:4248ad4cb7ebf24f2e8870443ef015d8aeb83e1ed90f7652873c1e702388e4b0
4c2cd22e61c5b1ab,jpm_2025_q4,JPM,JPMorgan Chase & Co.,2025 Q4,,landing_page,official_ir,https://www.jpmorganchase.com/ir,https://www.jpmorganchase.com/about/leadership/mark-weinberger,www.jpmorganchase.com,,text/html;charset=utf-8,0.35,landing page or unresolved event metadata,metadata_only,false,,,,inspect_links,sha256:9a830f650ff045c996302471b6d7b49c114e2e265326d401e42bea91e8e5f164
adde61ef44d4a8ee,jpm_2025_q4,JPM,JPMorgan Chase & Co.,2025 Q4,,landing_page,official_ir,https://www.jpmorganchase.com/ir,https://www.jpmorganchase.com/about/leadership/mary-callahan-erdoes,www.jpmorganchase.com,,text/html;charset=utf-8,0.35,landing page or unresolved event metadata,metadata_only,false,,,,inspect_links,sha256:68c25cee967a03762f7fffa0ba34e438aff0564978b7563d626403ea5593d50e
d4c01a3137ae699f,jpm_2025_q4,JPM,JPMorgan Chase & Co.,2025 Q4,,landing_page,official_ir,https://www.jpmorganchase.com/ir,https://www.jpmorganchase.com/about/leadership/mellody-hobson,www.jpmorganchase.com,,text/html;charset=utf-8,0.35,landing page or unresolved event metadata,metadata_only,false,,,,inspect_links,sha256:de388f67bb026b985dcea283c04d2804e0fea26e5fdcb7de7bc8e0df3f6e1a25
799fc95fcf857939,jpm_2025_q4,JPM,JPMorgan Chase & Co.,2025 Q4,,landing_page,official_ir,https://www.jpmorganchase.com/ir,https://www.jpmorganchase.com/about/leadership/michele-g-buck,www.jpmorganchase.com,,text/html;charset=utf-8,0.35,landing page or unresolved event metadata,metadata_only,false,,,,inspect_links,sha256:8a201ced5800d5cc45dd61bb7ddde2439045b58befdca99efb5866905c4fcd20
d902765b367ac4b3,jpm_2025_q4,JPM,JPMorgan Chase & Co.,2025 Q4,,landing_page,official_ir,https://www.jpmorganchase.com/ir,https://www.jpmorganchase.com/about/leadership/phebe-n-novakovic,www.jpmorganchase.com,,text/html;charset=utf-8,0.35,landing page or unresolved event metadata,metadata_only,false,,,,inspect_links,sha256:7d7bbed3ab26782a7f4e681d305b9ec8ea368203ca4c6d6975b4be1c91ac8d3f
fd6564c8262d1d48,jpm_2025_q4,JPM,JPMorgan Chase & Co.,2025 Q4,,landing_page,official_ir,https://www.jpmorganchase.com/ir,https://www.jpmorganchase.com/about/leadership/robin-leopold,www.jpmorganchase.com,,text/html;charset=utf-8,0.35,landing page or unresolved event metadata,metadata_only,false,,,,inspect_links,sha256:6ad6bea4c5b3badd0e4d83b3afd326d1c651f4e35c56da1b16f1a7d05677b74b
0ad67f0102ae61f5,jpm_2025_q4,JPM,JPMorgan Chase & Co.,2025 Q4,,landing_page,official_ir,https://www.jpmorganchase.com/ir,https://www.jpmorganchase.com/about/leadership/stacey-friedman,www.jpmorganchase.com,,text/html;charset=utf-8,0.35,landing page or unresolved event metadata,metadata_only,false,,,,inspect_links,sha256:b59aee1acf27de0c3dce7050eaa6d84ffcb7cb51d1ef2c18a414186557f8cb84
02e8d01cce3cd440,jpm_2025_q4,JPM,JPMorgan Chase & Co.,2025 Q4,,landing_page,official_ir,https://www.jpmorganchase.com/ir,https://www.jpmorganchase.com/about/leadership/stephen-burke,www.jpmorganchase.com,,text/html;charset=utf-8,0.35,landing page or unresolved event metadata,metadata_only,false,,,,inspect_links,sha256:1ed5f22adb69bd7cdbca07331d26aa1e28f471a574780af67d73f110947d9d97
a19d9b425587054a,jpm_2025_q4,JPM,JPMorgan Chase & Co.,2025 Q4,,landing_page,official_ir,https://www.jpmorganchase.com/ir,https://www.jpmorganchase.com/about/leadership/teresa-heitsenrether,www.jpmorganchase.com,,text/html;charset=utf-8,0.35,landing page or unresolved event metadata,metadata_only,false,,,,inspect_links,sha256:eb0be0065bfe0c58f12a071fed8f100aa012029f0a834885f409a7aa3783a6a7
2db46546fa78ea80,jpm_2025_q4,JPM,JPMorgan Chase & Co.,2025 Q4,,landing_page,official_ir,https://www.jpmorganchase.com/ir,https://www.jpmorganchase.com/about/leadership/tim-berry,www.jpmorganchase.com,,text/html;charset=utf-8,0.35,landing page or unresolved event metadata,metadata_only,false,,,,inspect_links,sha256:215b70eaae67c6aae1493220c77f68094672e0ec52c001d3efd60fbfdbc3a4af
dd1e69800ed38e99,jpm_2025_q4,JPM,JPMorgan Chase & Co.,2025 Q4,,landing_page,official_ir,https://www.jpmorganchase.com/ir,https://www.jpmorganchase.com/about/leadership/troy-rohrbaugh,www.jpmorganchase.com,,text/html;charset=utf-8,0.35,landing page or unresolved event metadata,metadata_only,false,,,,inspect_links,sha256:342753b410de636525cc06f934128f081860b208e0d783b493c14ec69afae2a4
d8f8f2629a8185b8,jpm_2025_q4,JPM,JPMorgan Chase & Co.,2025 Q4,,landing_page,official_ir,https://www.jpmorganchase.com/ir,https://www.jpmorganchase.com/about/leadership/virginia-rometty,www.jpmorganchase.com,,text/html;charset=utf-8,0.35,landing page or unresolved event metadata,metadata_only,false,,,,inspect_links,sha256:4128db5b967b44776d19dd9fae1da838f811cf681e45d322300fb9a31d7e4c7c
6ec1b71b67911d33,jpm_2025_q4,JPM,JPMorgan Chase & Co.,2025 Q4,,landing_page,official_ir,https://www.jpmorganchase.com/ir,https://www.jpmorganchase.com/about/our-history,www.jpmorganchase.com,,text/html;charset=utf-8,0.35,landing page or unresolved event metadata,metadata_only,false,,,,inspect_links,sha256:619299b278c36e22ae8dbe4aa8bf3bf1fe102d0388e8d1deb3456b73e559e8c7
065b2121edb23b88,jpm_2025_q4,JPM,JPMorgan Chase & Co.,2025 Q4,,landing_page,official_ir,https://www.jpmorganchase.com/ir,https://www.jpmorganchase.com/about/suppliers,www.jpmorganchase.com,,text/html;charset=utf-8,0.35,landing page or unresolved event metadata,metadata_only,false,,,,inspect_links,sha256:380fe0c633fc1da506610d793944763bdeafd95bb3cd3d459a44ff49a9ffcb77
814f01502b102ef2,jpm_2025_q4,JPM,JPMorgan Chase & Co.,2025 Q4,,landing_page,official_ir,https://www.jpmorganchase.com/ir,https://www.jpmorganchase.com/about/suppliers#main,www.jpmorganchase.com,,text/html;charset=utf-8,0.35,landing page or unresolved event metadata,metadata_only,false,,,,inspect_links,sha256:cb51c0b6bc5fc4c1c3fee0a9dcee9d84d55009e95cfc08cf9b43864f91afbe20
d815d78ea7cd1cbb,jpm_2025_q4,JPM,JPMorgan Chase & Co.,2025 Q4,,landing_page,official_ir,https://www.jpmorganchase.com/ir,https://www.jpmorganchase.com/about/suppliers/contingent-workers,www.jpmorganchase.com,,text/html;charset=utf-8,0.35,landing page or unresolved event metadata,metadata_only,false,,,,inspect_links,sha256:d424fb270f46f07f12fb7dd1fb74f47c0af848a662036589735ae269086fc41a
1f8d511fe00aeda4,jpm_2025_q4,JPM,JPMorgan Chase & Co.,2025 Q4,,landing_page,official_ir,https://www.jpmorganchase.com/ir,https://www.jpmorganchase.com/about/suppliers/gold-suppliers,www.jpmorganchase.com,,text/html;charset=utf-8,0.35,landing page or unresolved event metadata,metadata_only,false,,,,inspect_links,sha256:a521f30664fc47148b20b66c8af6d60d11a91f5338e7ccdc70c0b6e867569aa0
082f93cd3a3deb4c,jpm_2025_q4,JPM,JPMorgan Chase & Co.,2025 Q4,,landing_page,official_ir,https://www.jpmorganchase.com/ir,https://www.jpmorganchase.com/about/suppliers/purchase-orders-terms-and-conditions,www.jpmorganchase.com,,text/html;charset=utf-8,0.35,landing page or unresolved event metadata,metadata_only,false,,,,inspect_links,sha256:0472b2e41d17f670b07800bfe6eea8cf16472ac86761fd3f6b5b0f071a93861c
e4a35c63bd0990c2,jpm_2025_q4,JPM,JPMorgan Chase & Co.,2025 Q4,,landing_page,official_ir,https://www.jpmorganchase.com/ir,https://www.jpmorganchase.com/about/suppliers/supplier-diversity,www.jpmorganchase.com,,text/html;charset=utf-8,0.35,landing page or unresolved event metadata,metadata_only,false,,,,inspect_links,sha256:3c8a3885b6cec80eddc6c548f55501dc5b80d9344c8ad67f2f0285192e29c17e
ac45484802bcc3fb,jpm_2025_q4,JPM,JPMorgan Chase & Co.,2025 Q4,,landing_page,official_ir,https://www.jpmorganchase.com/ir,https://www.jpmorganchase.com/about/suppliers/supplier-invoicing,www.jpmorganchase.com,,text/html;charset=utf-8,0.35,landing page or unresolved event metadata,metadata_only,false,,,,inspect_links,sha256:39a9ead7e904f35b079b2d7dbda3e3c6002405c7a5fceb449f89d0a12ee89488
3286ef8b805feaca,jpm_2025_q4,JPM,JPMorgan Chase & Co.,2025 Q4,,landing_page,official_ir,https://www.jpmorganchase.com/ir,https://www.jpmorganchase.com/about/suppliers/supplier-sustainability,www.jpmorganchase.com,,text/html;charset=utf-8,0.35,landing page or unresolved event metadata,metadata_only,false,,,,inspect_links,sha256:5a4918fa9e8ffe35a5b9c1a8a5384d8d65ec8a9cd62a4d13aca8325bf28724c1
a3e8e7143669bc51,jpm_2025_q4,JPM,JPMorgan Chase & Co.,2025 Q4,,landing_page,official_ir,https://www.jpmorganchase.com/ir,https://www.jpmorganchase.com/about/technology,www.jpmorganchase.com,,text/html;charset=utf-8,0.35,landing page or unresolved event metadata,metadata_only,false,,,,inspect_links,sha256:2fb60335b95b716e3bab6fbcc1d3a686e81b39d4de74fe861fc4a3ee3b86a7a5
982f4ec474affd14,jpm_2025_q4,JPM,JPMorgan Chase & Co.,2025 Q4,,landing_page,official_ir,https://www.jpmorganchase.com/ir,https://www.jpmorganchase.com/about/technology#blog,www.jpmorganchase.com,,text/html;charset=utf-8,0.35,landing page or unresolved event metadata,metadata_only,false,,,,inspect_links,sha256:dfb619875578ce445dab37e3bd8fa61a1b5ecc0580995eeac8d19ee0502c457b
9c90d62e32f5d524,jpm_2025_q4,JPM,JPMorgan Chase & Co.,2025 Q4,,landing_page,official_ir,https://www.jpmorganchase.com/ir,https://www.jpmorganchase.com/about/technology#careers,www.jpmorganchase.com,,text/html;charset=utf-8,0.35,landing page or unresolved event metadata,metadata_only,false,,,,inspect_links,sha256:c7a96aa5955ac78ceadd9a4bdd3cf809f694a6892e7ca5ce17fff8e5f3255aa5
cbac39a0f04fae35,jpm_2025_q4,JPM,JPMorgan Chase & Co.,2025 Q4,,landing_page,official_ir,https://www.jpmorganchase.com/ir,https://www.jpmorganchase.com/about/technology#main,www.jpmorganchase.com,,text/html;charset=utf-8,0.35,landing page or unresolved event metadata,metadata_only,false,,,,inspect_links,sha256:321ed18b077c58b501e822a17cdd8e3829d3b84dab83949c85a882aaa667f894
27ca3f0d8bcbd9f6,jpm_2025_q4,JPM,JPMorgan Chase & Co.,2025 Q4,,landing_page,official_ir,https://www.jpmorganchase.com/ir,https://www.jpmorganchase.com/about/technology#overview,www.jpmorganchase.com,,text/html;charset=utf-8,0.35,landing page or unresolved event metadata,metadata_only,false,,,,inspect_links,sha256:8dd17f7786d77058a27421a31bda6ea49499eb2efb27bd4a3acd9ab20b2adfd4
d7f9af204ea24bdd,jpm_2025_q4,JPM,JPMorgan Chase & Co.,2025 Q4,,landing_page,official_ir,https://www.jpmorganchase.com/ir,https://www.jpmorganchase.com/about/technology#research,www.jpmorganchase.com,,text/html;charset=utf-8,0.35,landing page or unresolved event metadata,metadata_only,false,,,,inspect_links,sha256:6ac1d7696dd07078e1ab81f674bf4b66591eec1afe0dad0caab12e523712947c
4c0742115b4a3f82,jpm_2025_q4,JPM,JPMorgan Chase & Co.,2025 Q4,,landing_page,official_ir,https://www.jpmorganchase.com/ir,https://www.jpmorganchase.com/about/technology#spotlight,www.jpmorganchase.com,,text/html;charset=utf-8,0.35,landing page or unresolved event metadata,metadata_only,false,,,,inspect_links,sha256:bbdc8f47fffae7ea37b0218b55689b7d48e1c97c2cc5ded8dd3a6ec7a11146c8
9db407006f7438d6,jpm_2025_q4,JPM,JPMorgan Chase & Co.,2025 Q4,,landing_page,official_ir,https://www.jpmorganchase.com/ir,https://www.jpmorganchase.com/about/technology/blog,www.jpmorganchase.com,,text/html;charset=utf-8,0.35,landing page or unresolved event metadata,metadata_only,false,,,,inspect_links,sha256:897c0f4645e2def4419e04e0b2b14e19613922b9ea9e77a582b56a2a48d82f89
703d19e995714211,jpm_2025_q4,JPM,JPMorgan Chase & Co.,2025 Q4,,landing_page,official_ir,https://www.jpmorganchase.com/ir,https://www.jpmorganchase.com/about/technology/blog/fortifying-the-enterprise-10-actions-to-take-now-for-ai-ready-cyber-resilience,www.jpmorganchase.com,,text/html;charset=utf-8,0.35,landing page or unresolved event metadata,metadata_only,false,,,,inspect_links,sha256:f2d734f25f0ae2f1337dde7e185e05317f5f745499ebdcdd7201290555145be3
4151c4068e2f8612,jpm_2025_q4,JPM,JPMorgan Chase & Co.,2025 Q4,,landing_page,official_ir,https://www.jpmorganchase.com/ir,https://www.jpmorganchase.com/about/technology/research/ai,www.jpmorganchase.com,,text/html;charset=utf-8,0.35,landing page or unresolved event metadata,metadata_only,false,,,,inspect_links,sha256:7350504ac0e07110df9031b43e7ffe0dedc8a11b2f76a31cb6f6a6af840f1c36
f07e829f46b1d7d1,jpm_2025_q4,JPM,JPMorgan Chase & Co.,2025 Q4,,landing_page,official_ir,https://www.jpmorganchase.com/ir,https://www.jpmorganchase.com/about/technology/research/applied-research,www.jpmorganchase.com,,text/html;charset=utf-8,0.35,landing page or unresolved event metadata,metadata_only,false,,,,inspect_links,sha256:3951f59aad461270f3454645bdfbf60b096f14092a17cae0c9775cfaca2d53c9
e872424912b124bd,jpm_2025_q4,JPM,JPMorgan Chase & Co.,2025 Q4,,landing_page,official_ir,https://www.jpmorganchase.com/ir,https://www.jpmorganchase.com/about/technology/research/machine-learning,www.jpmorganchase.com,,text/html;charset=utf-8,0.35,landing page or unresolved event metadata,metadata_only,false,,,,inspect_links,sha256:38042c8efad590db06e3d118ce59e11656e2f8f9d9c32fae97c17a14d7e2d813
e1895dc7d04e4609,jpm_2025_q4,JPM,JPMorgan Chase & Co.,2025 Q4,,landing_page,official_ir,https://www.jpmorganchase.com/ir,https://www.jpmorganchase.com/careers,www.jpmorganchase.com,,text/html;charset=utf-8,0.35,landing page or unresolved event metadata,metadata_only,false,,,,inspect_links,sha256:b8409573eeb4fcd32063a93f1dbf8b78f474ee6f84d2c23a63c54a7e064b6a66
42d8bab2c8313369,jpm_2025_q4,JPM,JPMorgan Chase & Co.,2025 Q4,,landing_page,official_ir,https://www.jpmorganchase.com/ir,https://www.jpmorganchase.com/careers/explore-opportunities,www.jpmorganchase.com,,text/html;charset=utf-8,0.35,landing page or unresolved event metadata,metadata_only,false,,,,inspect_links,sha256:a49676325e11988e6b34061ffa15ef227aa9c4d5c3215d903970baabc323be51
e27bee0a77b0acf8,jpm_2025_q4,JPM,JPMorgan Chase & Co.,2025 Q4,,landing_page,official_ir,https://www.jpmorganchase.com/ir,https://www.jpmorganchase.com/careers/explore-opportunities/students-and-graduates,www.jpmorganchase.com,,text/html;charset=utf-8,0.35,landing page or unresolved event metadata,metadata_only,false,,,,inspect_links,sha256:bb73a7ac8e1168e73fe5f675b1ae0591df113211e680848c84af9d7440ff1c7a
e354786df8d324b6,jpm_2025_q4,JPM,JPMorgan Chase & Co.,2025 Q4,,landing_page,official_ir,https://www.jpmorganchase.com/ir,https://www.jpmorganchase.com/careers/grow-with-us,www.jpmorganchase.com,,text/html;charset=utf-8,0.35,landing page or unresolved event metadata,metadata_only,false,,,,inspect_links,sha256:87d0be83a47f7dc3bb8980cac12e91a2bdc58c44efaff2200098a96c94bfc9e4
21a7a7bc0036ca18,jpm_2025_q4,JPM,JPMorgan Chase & Co.,2025 Q4,,landing_page,official_ir,https://www.jpmorganchase.com/ir,https://www.jpmorganchase.com/careers/how-we-hire,www.jpmorganchase.com,,text/html;charset=utf-8,0.35,landing page or unresolved event metadata,metadata_only,false,,,,inspect_links,sha256:bafa4917821746beadc3d75e8dada493bf89d93421154c8b44b3642551dd4a40
c3e6b2fa119a7bf1,jpm_2025_q4,JPM,JPMorgan Chase & Co.,2025 Q4,,landing_page,official_ir,https://www.jpmorganchase.com/ir,https://www.jpmorganchase.com/careers/how-we-hire/equal-opportunities,www.jpmorganchase.com,,text/html;charset=utf-8,0.35,landing page or unresolved event metadata,metadata_only,false,,,,inspect_links,sha256:e57e796e5b3ae21ac9f0ee488331549e7327a91d742ca4455dbfc7347ae44448
b9416d3441119798,jpm_2025_q4,JPM,JPMorgan Chase & Co.,2025 Q4,,landing_page,official_ir,https://www.jpmorganchase.com/ir,https://www.jpmorganchase.com/careers/how-we-hire/recruitment-scams-warnings,www.jpmorganchase.com,,text/html;charset=utf-8,0.35,landing page or unresolved event metadata,metadata_only,false,,,,inspect_links,sha256:8c2011351971cf02e2b06492d1391a8062abd15418ce506fe69445e1d6b829bd
2eccbba571878470,jpm_2025_q4,JPM,JPMorgan Chase & Co.,2025 Q4,,landing_page,official_ir,https://www.jpmorganchase.com/ir,https://www.jpmorganchase.com/careers/work-with-us,www.jpmorganchase.com,,text/html;charset=utf-8,0.35,landing page or unresolved event metadata,metadata_only,false,,,,inspect_links,sha256:f438d0fcb646e111265c092f4bef235f3041cd7e2dd8f4e2f82378d7baf8411c
678e92c96679af47,jpm_2025_q4,JPM,JPMorgan Chase & Co.,2025 Q4,,landing_page,official_ir,https://www.jpmorganchase.com/ir,https://www.jpmorganchase.com/center-for-geopolitics,www.jpmorganchase.com,,text/html;charset=utf-8,0.35,landing page or unresolved event metadata,metadata_only,false,,,,inspect_links,sha256:c9b019056e4d14c2a13efa137e9ce780265fb590c4198ea9b6616163b1803dd0
d8ab2e27e9fa7c71,jpm_2025_q4,JPM,JPMorgan Chase & Co.,2025 Q4,,landing_page,official_ir,https://www.jpmorganchase.com/ir,https://www.jpmorganchase.com/communities,www.jpmorganchase.com,,text/html;charset=utf-8,0.35,landing page or unresolved event metadata,metadata_only,false,,,,inspect_links,sha256:c722ebabac3a082dbbcef34b57dfca50892f703b17016596dc32be374dc0e193
2a7ad68e822ec985,jpm_2025_q4,JPM,JPMorgan Chase & Co.,2025 Q4,,landing_page,official_ir,https://www.jpmorganchase.com/ir,https://www.jpmorganchase.com/communities/community-relief,www.jpmorganchase.com,,text/html;charset=utf-8,0.35,landing page or unresolved event metadata,metadata_only,false,,,,inspect_links,sha256:15a8e6e71729b9a2d5903042ddf6b37fb4e7ee1cb72b2bb19be6f8053dca9a4e
db0ed916673fb382,jpm_2025_q4,JPM,JPMorgan Chase & Co.,2025 Q4,,landing_page,official_ir,https://www.jpmorganchase.com/ir,https://www.jpmorganchase.com/content/dam/jpmc/jpmorgan-chase-and-co/documents/Supplier%20Incident%20Response%20Procedure%20-%20Best%20Practice%20Recommendations.pdf,www.jpmorganchase.com,.pdf,application/pdf,0.35,landing page or unresolved event metadata,metadata_only,false,,,,inspect_links,sha256:8a17bd1ba8a3aaf1dcdf8a899bce5771d2d2f65b6f0d6e7975f8d7d457c6d7bb
18b313022a884929,jpm_2025_q4,JPM,JPMorgan Chase & Co.,2025 Q4,,landing_page,official_ir,https://www.jpmorganchase.com/ir,https://www.jpmorganchase.com/content/dam/jpmc/jpmorgan-chase-and-co/documents/Supplier-Code-of-Conduct.pdf,www.jpmorganchase.com,.pdf,application/pdf,0.35,landing page or unresolved event metadata,metadata_only,false,,,,inspect_links,sha256:385545f60703d65c94ca59d01b7bd4badb26e30d9f698c54d8d8bea1c268ea4f
3855d9cc2988c0b4,jpm_2025_q4,JPM,JPMorgan Chase & Co.,2025 Q4,,landing_page,official_ir,https://www.jpmorganchase.com/ir,https://www.jpmorganchase.com/content/dam/jpmc/jpmorgan-chase-and-co/documents/jpmc-commitment-to-anti-corruption-compliance.pdf,www.jpmorganchase.com,.pdf,application/pdf,0.35,landing page or unresolved event metadata,metadata_only,false,,,,inspect_links,sha256:030eb5f48d3c050005b24c6ade03ae8a0dbb686985571af07ffe9a0697c484e9
cd877cb6c7323cab,jpm_2025_q4,JPM,JPMorgan Chase & Co.,2025 Q4,,landing_page,official_ir,https://www.jpmorganchase.com/ir,https://www.jpmorganchase.com/content/dam/jpmc/jpmorgan-chase-and-co/documents/public-benefit-report.pdf,www.jpmorganchase.com,.pdf,application/pdf,0.35,landing page or unresolved event metadata,metadata_only,false,,,,inspect_links,sha256:7bcdb1273c8e31008a046e726ad28beceff7d20dbd8ec451bbef2ae7fc2b5df0
ff5b08a9235bfd8e,jpm_2025_q4,JPM,JPMorgan Chase & Co.,2025 Q4,,landing_page,official_ir,https://www.jpmorganchase.com/ir,https://www.jpmorganchase.com/content/dam/jpmc/jpmorgan-chase-and-co/documents/supplier-environmental-sustainability-guidelines.pdf,www.jpmorganchase.com,.pdf,application/pdf,0.35,landing page or unresolved event metadata,metadata_only,false,,,,inspect_links,sha256:a48a6fb41a5bf7d25cdcf2fb679923155c81667de8685223943cf4957983854a
34c60f65f6f33802,jpm_2025_q4,JPM,JPMorgan Chase & Co.,2025 Q4,,landing_page,official_ir,https://www.jpmorganchase.com/ir,https://www.jpmorganchase.com/content/dam/jpmc/jpmorgan-chase-and-co/documents/supplier-minimum-control-requirements.pdf,www.jpmorganchase.com,.pdf,application/pdf,0.35,landing page or unresolved event metadata,metadata_only,false,,,,inspect_links,sha256:39dddd49d48bd143a0a834f18e55ae1e907981193127eea3871d48215df8c927
0faa2364eda32181,jpm_2025_q4,JPM,JPMorgan Chase & Co.,2025 Q4,,landing_page,official_ir,https://www.jpmorganchase.com/ir,https://www.jpmorganchase.com/content/dam/jpmc/jpmorgan-chase-and-co/documents/suppliers-documents/controller-to-controller-sccs.pdf,www.jpmorganchase.com,.pdf,application/pdf,0.35,landing page or unresolved event metadata,metadata_only,false,,,,inspect_links,sha256:3d8fd11ca3ccb5c7c8130ca52065747345b92ec50cd35760e615d47e580b9840
e7d9106e3ee132ce,jpm_2025_q4,JPM,JPMorgan Chase & Co.,2025 Q4,,landing_page,official_ir,https://www.jpmorganchase.com/ir,https://www.jpmorganchase.com/content/dam/jpmc/jpmorgan-chase-and-co/documents/suppliers-documents/controller-to-processor-sccs.pdf,www.jpmorganchase.com,.pdf,application/pdf,0.35,landing page or unresolved event metadata,metadata_only,false,,,,inspect_links,sha256:029ca49a9bee211224e07fb2e1fb40c5dcf52e89b690791ae45f3a8a1eacaa98
93fbe2b9751f03ba,jpm_2025_q4,JPM,JPMorgan Chase & Co.,2025 Q4,,landing_page,official_ir,https://www.jpmorganchase.com/ir,https://www.jpmorganchase.com/content/dam/jpmc/jpmorgan-chase-and-co/documents/suppliers-documents/minimum-control-requirements-contingent-labor.pdf,www.jpmorganchase.com,.pdf,application/pdf,0.35,landing page or unresolved event metadata,metadata_only,false,,,,inspect_links,sha256:27e346874aef5a514778c39f9325d6f4115ca9895305993585e301fa3fa85911
7656dee74b1546b1,jpm_2025_q4,JPM,JPMorgan Chase & Co.,2025 Q4,,landing_page,official_ir,https://www.jpmorganchase.com/ir,https://www.jpmorganchase.com/content/dam/jpmc/jpmorgan-chase-and-co/documents/suppliers-documents/supplier-ai.pdf,www.jpmorganchase.com,.pdf,application/pdf,0.35,landing page or unresolved event metadata,metadata_only,false,,,,inspect_links,sha256:8e83915c05ec318940342bd0eb940fdd7bd7fcf47403875fbc430407c8e8e763
dc091f312bf8c0f7,jpm_2025_q4,JPM,JPMorgan Chase & Co.,2025 Q4,,landing_page,official_ir,https://www.jpmorganchase.com/ir,https://www.jpmorganchase.com/content/dam/jpmc/jpmorgan-chase-and-co/documents/suppliers-documents/supplier_invoice_guidelines.pdf,www.jpmorganchase.com,.pdf,application/pdf,0.35,landing page or unresolved event metadata,metadata_only,false,,,,inspect_links,sha256:361228813ad0eeb4f534ed543d9aaa558b215fc00781e3cb853fd2448d11cdba
2999036006c0c958,jpm_2025_q4,JPM,JPMorgan Chase & Co.,2025 Q4,,landing_page,official_ir,https://www.jpmorganchase.com/ir,https://www.jpmorganchase.com/content/dam/jpmc/jpmorgan-chase-and-co/documents/suppliers-documents/web-content-accessibility-guidelines.pdf,www.jpmorganchase.com,.pdf,application/pdf,0.35,landing page or unresolved event metadata,metadata_only,false,,,,inspect_links,sha256:a2742a7eebef1aa584e0840b32bbd674f552e4f59589cf4864f2c0b46f6f6022
9195600cc82a2c09,jpm_2025_q4,JPM,JPMorgan Chase & Co.,2025 Q4,,landing_page,official_ir,https://www.jpmorganchase.com/ir,https://www.jpmorganchase.com/content/dam/jpmc/jpmorgan-chase-and-co/investor-relations/documents/2026-company-updates/2026-company-update-agenda.pdf,www.jpmorganchase.com,.pdf,application/pdf,0.35,landing page or unresolved event metadata,metadata_only,false,,,,inspect_links,sha256:a256df054f14c73752b914f46d7c347270a5c1076ffe8fc6057f0c351d285926
e29c350dfe0a0789,jpm_2025_q4,JPM,JPMorgan Chase & Co.,2025 Q4,,landing_page,official_ir,https://www.jpmorganchase.com/ir,https://www.jpmorganchase.com/content/dam/jpmc/jpmorgan-chase-and-co/investor-relations/documents/2026-company-updates/firm-overview.pdf,www.jpmorganchase.com,.pdf,application/pdf,0.35,landing page or unresolved event metadata,metadata_only,false,,,,inspect_links,sha256:7de02a9bac2cad6f830f2765142e6671cd3167bdebca898a1cb51f03039ce475
e37a8209a7b75a9f,jpm_2025_q4,JPM,JPMorgan Chase & Co.,2025 Q4,,landing_page,official_ir,https://www.jpmorganchase.com/ir,https://www.jpmorganchase.com/content/dam/jpmc/jpmorgan-chase-and-co/investor-relations/documents/2026-company-updates/fixed-income.pdf,www.jpmorganchase.com,.pdf,application/pdf,0.35,landing page or unresolved event metadata,metadata_only,false,,,,inspect_links,sha256:7694e2df03d2eb5d6ad706e9b2eeab890e8ea51778b953462b9121dee9c2fb68
4ef2daec156b22ca,jpm_2025_q4,JPM,JPMorgan Chase & Co.,2025 Q4,,landing_page,official_ir,https://www.jpmorganchase.com/ir,https://www.jpmorganchase.com/content/dam/jpmc/jpmorgan-chase-and-co/investor-relations/documents/2026-company-updates/speaker-biographies.pdf,www.jpmorganchase.com,.pdf,application/pdf,0.35,landing page or unresolved event metadata,metadata_only,false,,,,inspect_links,sha256:1ed3ece47cbe0ca3afc443a23eb377fe7d9d399eba774c3ca1b8cfbc6f94a4a5
a0a0541e336098f6,jpm_2025_q4,JPM,JPMorgan Chase & Co.,2025 Q4,,landing_page,official_ir,https://www.jpmorganchase.com/ir,https://www.jpmorganchase.com/content/dam/jpmc/jpmorgan-chase-and-co/investor-relations/documents/annualreport-2025.pdf,www.jpmorganchase.com,.pdf,application/pdf,0.35,landing page or unresolved event metadata,metadata_only,false,,,,inspect_links,sha256:a4c43cfdcc73cd520e56dc398501dad64fb4ae9c5d8b618cdbec0a1dcd615859
8770d7d0e4789144,jpm_2025_q4,JPM,JPMorgan Chase & Co.,2025 Q4,,landing_page,official_ir,https://www.jpmorganchase.com/ir,https://www.jpmorganchase.com/content/dam/jpmc/jpmorgan-chase-and-co/investor-relations/documents/audited-financial-statements-2025.pdf,www.jpmorganchase.com,.pdf,application/pdf,0.35,landing page or unresolved event metadata,metadata_only,false,,,,inspect_links,sha256:aa571f5f0ce3f00e6a5319ee66d6548371983da4829d2e1145ba06f1be76b161
739bd439ac016c99,jpm_2025_q4,JPM,JPMorgan Chase & Co.,2025 Q4,,landing_page,official_ir,https://www.jpmorganchase.com/ir,https://www.jpmorganchase.com/content/dam/jpmc/jpmorgan-chase-and-co/investor-relations/documents/ceo-letter-to-shareholders-2025.pdf,www.jpmorganchase.com,.pdf,application/pdf,0.35,landing page or unresolved event metadata,metadata_only,false,,,,inspect_links,sha256:5af737ca8f4825d130051ad9f5171710a2500a8a52816d57ebbe397cbbc079e6
1b52e352d9a31c9e,jpm_2025_q4,JPM,JPMorgan Chase & Co.,2025 Q4,,landing_page,official_ir,https://www.jpmorganchase.com/ir,https://www.jpmorganchase.com/content/dam/jpmc/jpmorgan-chase-and-co/investor-relations/documents/corporate-data-and-shareholder-information-2025.pdf,www.jpmorganchase.com,.pdf,application/pdf,0.35,landing page or unresolved event metadata,metadata_only,false,,,,inspect_links,sha256:3bd061fb66d881ce5353bd49177a9ba2ac4a9fa80d54a94cacc9ea8d8fa7ef25
1d411c3c194355e8,jpm_2025_q4,JPM,JPMorgan Chase & Co.,2025 Q4,,landing_page,official_ir,https://www.jpmorganchase.com/ir,https://www.jpmorganchase.com/content/dam/jpmc/jpmorgan-chase-and-co/investor-relations/documents/egan-jones-response-letter.pdf,www.jpmorganchase.com,.pdf,application/pdf,0.35,landing page or unresolved event metadata,metadata_only,false,,,,inspect_links,sha256:85504cd7878c2862f6bcd95abf14644e057729ddcd7207f4caf186471482579e
95fe929e81a4331b,jpm_2025_q4,JPM,JPMorgan Chase & Co.,2025 Q4,,landing_page,official_ir,https://www.jpmorganchase.com/ir,https://www.jpmorganchase.com/content/dam/jpmc/jpmorgan-chase-and-co/investor-relations/documents/events/2025/jpmc-2025-investor-day/2025-investor-day-agenda.pdf,www.jpmorganchase.com,.pdf,application/pdf,0.35,landing page or unresolved event metadata,metadata_only,false,,,,inspect_links,sha256:ddca922c8848e0c04e89f42a78e6301ee7057a5459c710845922f09d113e15ea
1656528af6989dae,jpm_2025_q4,JPM,JPMorgan Chase & Co.,2025 Q4,,landing_page,official_ir,https://www.jpmorganchase.com/ir,https://www.jpmorganchase.com/content/dam/jpmc/jpmorgan-chase-and-co/investor-relations/documents/events/2025/jpmc-2025-investor-day/asset-wealth-management.pdf,www.jpmorganchase.com,.pdf,application/pdf,0.35,landing page or unresolved event metadata,metadata_only,false,,,,inspect_links,sha256:f5cfb75d8b1c3fea08530b4d2de26094f634ab0035cd8e1ed1ed3d16b690f6d4
65ba60314ae57468,jpm_2025_q4,JPM,JPMorgan Chase & Co.,2025 Q4,,landing_page,official_ir,https://www.jpmorganchase.com/ir,https://www.jpmorganchase.com/content/dam/jpmc/jpmorgan-chase-and-co/investor-relations/documents/events/2025/jpmc-2025-investor-day/commercial-investment-bank.pdf,www.jpmorganchase.com,.pdf,application/pdf,0.35,landing page or unresolved event metadata,metadata_only,false,,,,inspect_links,sha256:8155aa285cd0496b10139f1949a395df89159cf49b5df43b61438395d8978937
29f9073817d4fb93,jpm_2025_q4,JPM,JPMorgan Chase & Co.,2025 Q4,,landing_page,official_ir,https://www.jpmorganchase.com/ir,https://www.jpmorganchase.com/content/dam/jpmc/jpmorgan-chase-and-co/investor-relations/documents/events/2025/jpmc-2025-investor-day/consumer-community-banking.pdf,www.jpmorganchase.com,.pdf,application/pdf,0.35,landing page or unresolved event metadata,metadata_only,false,,,,inspect_links,sha256:a9adf771c935b3b29e764a5f2a1aed06ef8e93f6fe23ab147a0352959e9b5aa6
100f8d27d462ac68,jpm_2025_q4,JPM,JPMorgan Chase & Co.,2025 Q4,,landing_page,official_ir,https://www.jpmorganchase.com/ir,https://www.jpmorganchase.com/content/dam/jpmc/jpmorgan-chase-and-co/investor-relations/documents/events/2025/jpmc-2025-investor-day/firm-overview.pdf,www.jpmorganchase.com,.pdf,application/pdf,0.35,landing page or unresolved event metadata,metadata_only,false,,,,inspect_links,sha256:7ed7bac5abebfa32359d69684e0a2c7cd082dc8d19f849c5e42b1dab018e74ee
8f58bda183d6f5f2,jpm_2025_q4,JPM,JPMorgan Chase & Co.,2025 Q4,,landing_page,official_ir,https://www.jpmorganchase.com/ir,https://www.jpmorganchase.com/content/dam/jpmc/jpmorgan-chase-and-co/investor-relations/documents/events/2025/jpmc-2025-investor-day/fixed-income.pdf,www.jpmorganchase.com,.pdf,application/pdf,0.35,landing page or unresolved event metadata,metadata_only,false,,,,inspect_links,sha256:be00da173f0f2440fe87e6b4561361b0919cd8756895889da8baabe4d9deb53e
12e4f16bbe5c593c,jpm_2025_q4,JPM,JPMorgan Chase & Co.,2025 Q4,,landing_page,official_ir,https://www.jpmorganchase.com/ir,https://www.jpmorganchase.com/content/dam/jpmc/jpmorgan-chase-and-co/investor-relations/documents/events/2025/jpmc-2025-investor-day/forward-looking-statements.pdf,www.jpmorganchase.com,.pdf,application/pdf,0.35,landing page or unresolved event metadata,metadata_only,false,,,,inspect_links,sha256:602c0451190700800b495eed5bdd4f9ca822cf91e36de02161adc57384e3dd8a
09bcb5ad849f1694,jpm_2025_q4,JPM,JPMorgan Chase & Co.,2025 Q4,,landing_page,official_ir,https://www.jpmorganchase.com/ir,https://www.jpmorganchase.com/content/dam/jpmc/jpmorgan-chase-and-co/investor-relations/documents/events/2025/jpmc-2025-investor-day/speaker-biographies.pdf,www.jpmorganchase.com,.pdf,application/pdf,0.35,landing page or unresolved event metadata,metadata_only,false,,,,inspect_links,sha256:6aec9b93b09ee612e58e2d442005447c46a72832255b73d564d6bf12639219b4
34d7208a4f34c904,jpm_2025_q4,JPM,JPMorgan Chase & Co.,2025 Q4,,landing_page,official_ir,https://www.jpmorganchase.com/ir,https://www.jpmorganchase.com/content/dam/jpmc/jpmorgan-chase-and-co/investor-relations/documents/financial-highlights-2025.pdf,www.jpmorganchase.com,.pdf,application/pdf,0.35,landing page or unresolved event metadata,metadata_only,false,,,,inspect_links,sha256:ae381689fe181a2d502c1e31106f865c545260f21297aea13bb6caf850126460
7accefaeedfdbfc8,jpm_2025_q4,JPM,JPMorgan Chase & Co.,2025 Q4,,landing_page,official_ir,https://www.jpmorganchase.com/ir,https://www.jpmorganchase.com/content/dam/jpmc/jpmorgan-chase-and-co/investor-relations/documents/gl-response-letter2026.pdf,www.jpmorganchase.com,.pdf,application/pdf,0.35,landing page or unresolved event metadata,metadata_only,false,,,,inspect_links,sha256:883d3c351edefa49fb32ce0130e4679b8686d1a12686fd6842d6ec49f4d154fe
95ccdbb72e9bc1d1,jpm_2025_q4,JPM,JPMorgan Chase & Co.,2025 Q4,,landing_page,official_ir,https://www.jpmorganchase.com/ir,https://www.jpmorganchase.com/content/dam/jpmc/jpmorgan-chase-and-co/investor-relations/documents/iss-response-letter-2026.pdf,www.jpmorganchase.com,.pdf,application/pdf,0.35,landing page or unresolved event metadata,metadata_only,false,,,,inspect_links,sha256:9d387fcb6defe42ac0b64c80a1db5859908c18ede0dc74f81a40c75077d297a9
caac7030e6a5a453,jpm_2025_q4,JPM,JPMorgan Chase & Co.,2025 Q4,,landing_page,official_ir,https://www.jpmorganchase.com/ir,https://www.jpmorganchase.com/content/dam/jpmc/jpmorgan-chase-and-co/investor-relations/documents/line-of-business-ceo-letters-to-shareholders-2025.pdf,www.jpmorganchase.com,.pdf,application/pdf,0.35,landing page or unresolved event metadata,metadata_only,false,,,,inspect_links,sha256:82cc8f5210f2b6582109d5bbc92dec506e0fa2150e22ffbd64b114a4bfb423b2
dd7e5fa0d981db50,jpm_2025_q4,JPM,JPMorgan Chase & Co.,2025 Q4,,landing_page,official_ir,https://www.jpmorganchase.com/ir,https://www.jpmorganchase.com/content/dam/jpmc/jpmorgan-chase-and-co/investor-relations/documents/managements-discussion-analysis-2025.pdf,www.jpmorganchase.com,.pdf,application/pdf,0.35,landing page or unresolved event metadata,metadata_only,false,,,,inspect_links,sha256:09cda959ad6bcaef1c3c0b9e4826eebe88fdd9bb78388aaf54fe82b1a1e58bc5
d44f5de9b0ee2ce8,jpm_2025_q4,JPM,JPMorgan Chase & Co.,2025 Q4,,landing_page,official_ir,https://www.jpmorganchase.com/ir,https://www.jpmorganchase.com/content/dam/jpmc/jpmorgan-chase-and-co/investor-relations/documents/proxy-statement2026.pdf,www.jpmorganchase.com,.pdf,application/pdf,0.35,landing page or unresolved event metadata,metadata_only,false,,,,inspect_links,sha256:ca0160736a784eba2c73f38eaa53a7f274355b9903c2d6582607697673d942b5
eb60be36c01c7ad5,jpm_2025_q4,JPM,JPMorgan Chase & Co.,2025 Q4,,landing_page,official_ir,https://www.jpmorganchase.com/ir,https://www.jpmorganchase.com/content/dam/jpmc/jpmorgan-chase-and-co/investor-relations/documents/quarterly-earnings/2025/4th-quarter/corp-10k-2025.pdf,www.jpmorganchase.com,.pdf,application/pdf,0.35,landing page or unresolved event metadata,metadata_only,false,,,,inspect_links,sha256:0471c08facc53a7565f7de0dd8ba75c6b756c924918a7bcb95190774cf9b5ca5
7ab48e9b5b9abf80,jpm_2025_q4,JPM,JPMorgan Chase & Co.,2025 Q4,,landing_page,official_ir,https://www.jpmorganchase.com/ir,https://www.jpmorganchase.com/content/dam/jpmc/jpmorgan-chase-and-co/investor-relations/documents/quarterly-earnings/2026/1st-quarter/1q26-earnings-supplement.xlsx,www.jpmorganchase.com,.xlsx,application/vnd.openxmlformats-officedocument.spreadsheetml.sheet,0.35,landing page or unresolved event metadata,metadata_only,false,,,,inspect_links,sha256:1d00e064124c6904aa4c31c0e7c40814428f9f508555a1c794c5f70f4b140a18
33537723f99933a3,jpm_2025_q4,JPM,JPMorgan Chase & Co.,2025 Q4,,landing_page,official_ir,https://www.jpmorganchase.com/ir,https://www.jpmorganchase.com/content/dam/jpmc/jpmorgan-chase-and-co/investor-relations/documents/quarterly-earnings/2026/1st-quarter/a5fd2d13-877b-43b2-8b58-81bad4399c87.pdf,www.jpmorganchase.com,.pdf,application/pdf,0.35,landing page or unresolved event metadata,metadata_only,false,,,,inspect_links,sha256:a02d85fdba7267d636b85a3e7147bdec3d77be11806abf9fe70899aa97125986
9a08d7a81bfa46fe,jpm_2025_q4,JPM,JPMorgan Chase & Co.,2025 Q4,,landing_page,official_ir,https://www.jpmorganchase.com/ir,https://www.jpmorganchase.com/content/dam/jpmc/jpmorgan-chase-and-co/investor-relations/documents/quarterly-earnings/2026/1st-quarter/corp-q1-2026.pdf,www.jpmorganchase.com,.pdf,application/pdf,0.35,landing page or unresolved event metadata,metadata_only,false,,,,inspect_links,sha256:595d85abc3df99b4c3fa5f83b0a603d1b0037232031ac6b0e5d634bb737969f2
cabbb1dc9d9dec45,jpm_2025_q4,JPM,JPMorgan Chase & Co.,2025 Q4,,landing_page,official_ir,https://www.jpmorganchase.com/ir,https://www.jpmorganchase.com/content/dam/jpmc/jpmorgan-chase-and-co/investor-relations/documents/quarterly-earnings/2026/1st-quarter/ea70ca6c-a0d5-4596-94f5-52f1722cd704.pdf,www.jpmorganchase.com,.pdf,application/pdf,0.35,landing page or unresolved event metadata,metadata_only,false,,,,inspect_links,sha256:818072d06cbdfa6b677277255968a2853ade8f75f053117b0686cede9646271b
36b1cc3ab199c58a,jpm_2025_q4,JPM,JPMorgan Chase & Co.,2025 Q4,,landing_page,official_ir,https://www.jpmorganchase.com/ir,https://www.jpmorganchase.com/content/dam/jpmorganchase/documents/2025-updates-to-minimum-control-requirements.pdf,www.jpmorganchase.com,.pdf,application/pdf,0.35,landing page or unresolved event metadata,metadata_only,false,,,,inspect_links,sha256:1834708908ef61fbba390b7faf3f0de3512a94f59a7c2be0635c0f868d8ad2f5
f2debfe111108a65,jpm_2025_q4,JPM,JPMorgan Chase & Co.,2025 Q4,,landing_page,official_ir,https://www.jpmorganchase.com/ir,https://www.jpmorganchase.com/content/dam/jpmorganchase/documents/about/insider-threat-external.pdf,www.jpmorganchase.com,.pdf,application/pdf,0.35,landing page or unresolved event metadata,metadata_only,false,,,,inspect_links,sha256:4e09ac7a6a3530b52c33dd746360bdf74c5748c43a0fc52d10d3e6df35175d36
1a8bae0f21f0d6e6,jpm_2025_q4,JPM,JPMorgan Chase & Co.,2025 Q4,,landing_page,official_ir,https://www.jpmorganchase.com/ir,https://www.jpmorganchase.com/content/dam/jpmorganchase/documents/about/jpmc-bylaws-effective-2026-04-21.pdf,www.jpmorganchase.com,.pdf,application/pdf,0.35,landing page or unresolved event metadata,metadata_only,false,,,,inspect_links,sha256:9acbb1d4303f4b62e32d73c12abac22695efe74d206e3d01abda2bf042ee7253
d7c76dcaa1dea920,jpm_2025_q4,JPM,JPMorgan Chase & Co.,2025 Q4,,landing_page,official_ir,https://www.jpmorganchase.com/ir,https://www.jpmorganchase.com/content/dam/jpmorganchase/documents/about/jpmc-certificate-of-incorporation.pdf,www.jpmorganchase.com,.pdf,application/pdf,0.35,landing page or unresolved event metadata,metadata_only,false,,,,inspect_links,sha256:5cb137150fa2051f24aef3541a28e33d6335513acb4574ca5b50f41b95ad06e0
bbc46c113c95c39a,jpm_2025_q4,JPM,JPMorgan Chase & Co.,2025 Q4,,landing_page,official_ir,https://www.jpmorganchase.com/ir,https://www.jpmorganchase.com/content/dam/jpmorganchase/documents/about/jpmc-sustainability-report-2024.pdf,www.jpmorganchase.com,.pdf,application/pdf,0.35,landing page or unresolved event metadata,metadata_only,false,,,,inspect_links,sha256:54844b74351ece82601087229120c594d7051929e33ce952ea4771e47e57644f
52d476e81cdc1f83,jpm_2025_q4,JPM,JPMorgan Chase & Co.,2025 Q4,,landing_page,official_ir,https://www.jpmorganchase.com/ir,https://www.jpmorganchase.com/content/dam/jpmorganchase/documents/about/supplier-travel-policy.pdf,www.jpmorganchase.com,.pdf,application/pdf,0.35,landing page or unresolved event metadata,metadata_only,false,,,,inspect_links,sha256:42bd8c33f8fe0490edbdee932eed20017aa66979b62ad6e04972fdf6e67e688b
7f78d48ab0f290ad,jpm_2025_q4,JPM,JPMorgan Chase & Co.,2025 Q4,,landing_page,official_ir,https://www.jpmorganchase.com/ir,https://www.jpmorganchase.com/content/dam/jpmorganchase/documents/supplier-post-quantum-cryptography-practices.pdf,www.jpmorganchase.com,.pdf,application/pdf,0.35,landing page or unresolved event metadata,metadata_only,false,,,,inspect_links,sha256:fea6f10deaf05f408db4f8a0aa5ae4d89bf4c0c3fc0dbd216779e188a6f0aaa4
c80022fe80765e74,jpm_2025_q4,JPM,JPMorgan Chase & Co.,2025 Q4,,landing_page,official_ir,https://www.jpmorganchase.com/ir,https://www.jpmorganchase.com/impact,www.jpmorganchase.com,,text/html;charset=utf-8,0.35,landing page or unresolved event metadata,metadata_only,false,,,,inspect_links,sha256:f8a397be9335d8b5ba214063ee983539febfe47d3998483bd7b680c85f55367c
5e381f2d45f89cfe,jpm_2025_q4,JPM,JPMorgan Chase & Co.,2025 Q4,,landing_page,official_ir,https://www.jpmorganchase.com/ir,https://www.jpmorganchase.com/impact#approach,www.jpmorganchase.com,,text/html;charset=utf-8,0.35,landing page or unresolved event metadata,metadata_only,false,,,,inspect_links,sha256:adc8f11ebcd205095ac946fb4a0e95060a84663ed1dc51f4227bd15896860dd6
92c4a597c5bbf6a3,jpm_2025_q4,JPM,JPMorgan Chase & Co.,2025 Q4,,landing_page,official_ir,https://www.jpmorganchase.com/ir,https://www.jpmorganchase.com/impact#communities,www.jpmorganchase.com,,text/html;charset=utf-8,0.35,landing page or unresolved event metadata,metadata_only,false,,,,inspect_links,sha256:3e051e8ab628adc7cbfa2204e0afdd2b37d003b93558c7f1b0fc2ca3647bca69
1900665695654e39,jpm_2025_q4,JPM,JPMorgan Chase & Co.,2025 Q4,,landing_page,official_ir,https://www.jpmorganchase.com/ir,https://www.jpmorganchase.com/impact#initiatives,www.jpmorganchase.com,,text/html;charset=utf-8,0.35,landing page or unresolved event metadata,metadata_only,false,,,,inspect_links,sha256:c7b4e14ad9b61e9f26bad06c4385dcbc24cac8b8368dde826fe78c8f778b2145
79ad6bb4b92346a4,jpm_2025_q4,JPM,JPMorgan Chase & Co.,2025 Q4,,landing_page,official_ir,https://www.jpmorganchase.com/ir,https://www.jpmorganchase.com/impact#main,www.jpmorganchase.com,,text/html;charset=utf-8,0.35,landing page or unresolved event metadata,metadata_only,false,,,,inspect_links,sha256:0152c7ca88de69956de7ce0de997bec39953c188195573bd15c2645f921d097e
b0443ad1acad3029,jpm_2025_q4,JPM,JPMorgan Chase & Co.,2025 Q4,,landing_page,official_ir,https://www.jpmorganchase.com/ir,https://www.jpmorganchase.com/impact#numbers,www.jpmorganchase.com,,text/html;charset=utf-8,0.35,landing page or unresolved event metadata,metadata_only,false,,,,inspect_links,sha256:5f10f028716c9d20fb4a6a53aca227f83b10de809a6decc00f4ece3ed7677b94
ae638e074a65d4eb,jpm_2025_q4,JPM,JPMorgan Chase & Co.,2025 Q4,,landing_page,official_ir,https://www.jpmorganchase.com/ir,https://www.jpmorganchase.com/impact#stories,www.jpmorganchase.com,,text/html;charset=utf-8,0.35,landing page or unresolved event metadata,metadata_only,false,,,,inspect_links,sha256:9b0cd27aafa4e866b2fa31c6066ea11fb34af8dae1a59031e0ce2d5aeaaf5b67
21562eaacef8b23e,jpm_2025_q4,JPM,JPMorgan Chase & Co.,2025 Q4,,landing_page,official_ir,https://www.jpmorganchase.com/ir,https://www.jpmorganchase.com/impact/business-growth-and-entrepreneurship,www.jpmorganchase.com,,text/html;charset=utf-8,0.35,landing page or unresolved event metadata,metadata_only,false,,,,inspect_links,sha256:03c3617ef5744730451fc1d64eedf2ac5e32e1dd75414e43bd2b53ea1d61b733
2a4ebd77d47e6a37,jpm_2025_q4,JPM,JPMorgan Chase & Co.,2025 Q4,,landing_page,official_ir,https://www.jpmorganchase.com/ir,https://www.jpmorganchase.com/impact/business-growth-and-entrepreneurship#main,www.jpmorganchase.com,,text/html;charset=utf-8,0.35,landing page or unresolved event metadata,metadata_only,false,,,,inspect_links,sha256:aa7eaaac6fdc4218535b411d49ed8b61d0a2e5c792fe1ac3dd35076f67d39931
35bda4301782bf21,jpm_2025_q4,JPM,JPMorgan Chase & Co.,2025 Q4,,landing_page,official_ir,https://www.jpmorganchase.com/ir,https://www.jpmorganchase.com/impact/careers-and-skills,www.jpmorganchase.com,,text/html;charset=utf-8,0.35,landing page or unresolved event metadata,metadata_only,false,,,,inspect_links,sha256:7d99451b36d343fa3707ff15a439272a1d239f4b5d497a821ce306c25da9cdad
a987b8801618ba4b,jpm_2025_q4,JPM,JPMorgan Chase & Co.,2025 Q4,,landing_page,official_ir,https://www.jpmorganchase.com/ir,https://www.jpmorganchase.com/impact/community-development,www.jpmorganchase.com,,text/html;charset=utf-8,0.35,landing page or unresolved event metadata,metadata_only,false,,,,inspect_links,sha256:e413bf9933f87a01a9457e85778b8ffc2645bbfc15ab50bad6f702fd9fb239b3
a9575ff2c3614194,jpm_2025_q4,JPM,JPMorgan Chase & Co.,2025 Q4,,landing_page,official_ir,https://www.jpmorganchase.com/ir,https://www.jpmorganchase.com/impact/environmental-sustainability,www.jpmorganchase.com,,text/html;charset=utf-8,0.35,landing page or unresolved event metadata,metadata_only,false,,,,inspect_links,sha256:7fcb711778000156906ca72f0849cc55a07d5baf17c2f56a6e0ae365c6ee8f45
f751c60db2cda735,jpm_2025_q4,JPM,JPMorgan Chase & Co.,2025 Q4,,landing_page,official_ir,https://www.jpmorganchase.com/ir,https://www.jpmorganchase.com/impact/financial-health-wealth-creation,www.jpmorganchase.com,,text/html;charset=utf-8,0.35,landing page or unresolved event metadata,metadata_only,false,,,,inspect_links,sha256:310bd5509808a3124c779406c105388b5f1b1d895daeebedcc77279c4b8a1c89
2d1d8bc64a30e366,jpm_2025_q4,JPM,JPMorgan Chase & Co.,2025 Q4,,landing_page,official_ir,https://www.jpmorganchase.com/ir,https://www.jpmorganchase.com/impact/volunteerism,www.jpmorganchase.com,,text/html;charset=utf-8,0.35,landing page or unresolved event metadata,metadata_only,false,,,,inspect_links,sha256:26db6d9f2bc52ccbf38d9553d364243a9c7a43672a79504d978646200196be44
3615810fba709ca7,jpm_2025_q4,JPM,JPMorgan Chase & Co.,2025 Q4,,landing_page,official_ir,https://www.jpmorganchase.com/ir,https://www.jpmorganchase.com/institute,www.jpmorganchase.com,,text/html;charset=utf-8,0.35,landing page or unresolved event metadata,metadata_only,false,,,,inspect_links,sha256:c785990d1614f2e2cb0b002e24e19cfb67c41f8c26f8184dffd2f77584fecb43
1cfe2964bdb2fc77,jpm_2025_q4,JPM,JPMorgan Chase & Co.,2025 Q4,,landing_page,official_ir,https://www.jpmorganchase.com/ir,https://www.jpmorganchase.com/institute/all-topics,www.jpmorganchase.com,,text/html;charset=utf-8,0.35,landing page or unresolved event metadata,metadata_only,false,,,,inspect_links,sha256:05e146f0bdad21958ba07a32cf574b9f8d2f0ea3103c68e867e749461eb39753
7776b775191fd4df,jpm_2025_q4,JPM,JPMorgan Chase & Co.,2025 Q4,,landing_page,official_ir,https://www.jpmorganchase.com/ir,https://www.jpmorganchase.com/institute/all-topics/financial-health-wealth-creation/the-pandemics-bankable-moment,www.jpmorganchase.com,,text/html;charset=utf-8,0.35,landing page or unresolved event metadata,metadata_only,false,,,,inspect_links,sha256:ff5a812058b61fa52a01cdaeaa6ab19710358f9d452691fcbc9cf80b3a6ea787
36a72790b9e56b08,jpm_2025_q4,JPM,JPMorgan Chase & Co.,2025 Q4,,landing_page,official_ir,https://www.jpmorganchase.com/ir,https://www.jpmorganchase.com/ir,www.jpmorganchase.com,,text/html;charset=utf-8,0.35,landing page or unresolved event metadata,metadata_only,false,,,,inspect_links,sha256:43923896736c7690c1afb813dceeccf4999ada46ced2d80e98d58ae4801fa7f2
3068adff37d6beb4,jpm_2025_q4,JPM,JPMorgan Chase & Co.,2025 Q4,,landing_page,official_ir,https://www.jpmorganchase.com/ir,https://www.jpmorganchase.com/ir#contact-info,www.jpmorganchase.com,,text/html;charset=utf-8,0.35,landing page or unresolved event metadata,metadata_only,false,,,,inspect_links,sha256:515984c859c51c401eaa0bc4f2ac9270c9224d0a84732a77017aaa0e85aacd45
9285b7b2aa1066bb,jpm_2025_q4,JPM,JPMorgan Chase & Co.,2025 Q4,,landing_page,official_ir,https://www.jpmorganchase.com/ir,https://www.jpmorganchase.com/ir#main,www.jpmorganchase.com,,text/html;charset=utf-8,0.35,landing page or unresolved event metadata,metadata_only,false,,,,inspect_links,sha256:9b73587e3b691f68a1216ec7e48509f28ca0a6eab414a530bd02038cdb08df24
9067773174dcc323,jpm_2025_q4,JPM,JPMorgan Chase & Co.,2025 Q4,,landing_page,official_ir,https://www.jpmorganchase.com/ir,https://www.jpmorganchase.com/ir/2026-company-update,www.jpmorganchase.com,,text/html;charset=utf-8,0.35,landing page or unresolved event metadata,metadata_only,false,,,,inspect_links,sha256:7332fd8798d049356213c8dffed84a70501062a4b0a69aa3912ed84e45022b25
49419614850be336,jpm_2025_q4,JPM,JPMorgan Chase & Co.,2025 Q4,,landing_page,official_ir,https://www.jpmorganchase.com/ir,https://www.jpmorganchase.com/ir/annual-report,www.jpmorganchase.com,,text/html;charset=utf-8,0.35,landing page or unresolved event metadata,metadata_only,false,,,,inspect_links,sha256:cc4a18e25befd6d976497bf8eda9280511e79bc015fa12e94b22ea8a0146d7c2
14b1048d077fb3d0,jpm_2025_q4,JPM,JPMorgan Chase & Co.,2025 Q4,,landing_page,official_ir,https://www.jpmorganchase.com/ir,https://www.jpmorganchase.com/ir/annual-report/2025,www.jpmorganchase.com,,text/html;charset=utf-8,0.35,landing page or unresolved event metadata,metadata_only,false,,,,inspect_links,sha256:57dd06e4330499b74cadf23850edb91b73fd578fe368efe17daec03b67c3584a
36f4cacb0c6b66cb,jpm_2025_q4,JPM,JPMorgan Chase & Co.,2025 Q4,,landing_page,official_ir,https://www.jpmorganchase.com/ir,https://www.jpmorganchase.com/ir/annual-report/2025/ar-ceo-letter-jennifer-piepszak,www.jpmorganchase.com,,text/html;charset=utf-8,0.35,landing page or unresolved event metadata,metadata_only,false,,,,inspect_links,sha256:74429179ec169fcb9196e549d71909d343c4a47f14c36eaf0205a53c9cc9899c
43906f09bb1ff30c,jpm_2025_q4,JPM,JPMorgan Chase & Co.,2025 Q4,,landing_page,official_ir,https://www.jpmorganchase.com/ir,https://www.jpmorganchase.com/ir/annual-report/2025/ar-ceo-letter-marianne-lake,www.jpmorganchase.com,,text/html;charset=utf-8,0.35,landing page or unresolved event metadata,metadata_only,false,,,,inspect_links,sha256:108cbf0483f0c071414065b2ea75a8fb8ddffee9f327a29ffbcc1dce0846e2f7
b83b4bdf8f818761,jpm_2025_q4,JPM,JPMorgan Chase & Co.,2025 Q4,,landing_page,official_ir,https://www.jpmorganchase.com/ir,https://www.jpmorganchase.com/ir/annual-report/2025/ar-ceo-letter-mary-callahan-erdoes,www.jpmorganchase.com,,text/html;charset=utf-8,0.35,landing page or unresolved event metadata,metadata_only,false,,,,inspect_links,sha256:9ce89aa2e3290a356196e0f7914f05318b4e253255d85469c7897a7c52e899d0
84ab3a858117ee74,jpm_2025_q4,JPM,JPMorgan Chase & Co.,2025 Q4,,landing_page,official_ir,https://www.jpmorganchase.com/ir,https://www.jpmorganchase.com/ir/annual-report/2025/ar-ceo-letter-petno-rohrbaugh,www.jpmorganchase.com,,text/html;charset=utf-8,0.35,landing page or unresolved event metadata,metadata_only,false,,,,inspect_links,sha256:f38e81991ef35eafa083bcb5b951d42cdadc76afd6f05eff2e512a805c9c5c58
ef7beffd5db2df09,jpm_2025_q4,JPM,JPMorgan Chase & Co.,2025 Q4,,landing_page,official_ir,https://www.jpmorganchase.com/ir,https://www.jpmorganchase.com/ir/annual-report/2025/ar-ceo-letter-tim-berry,www.jpmorganchase.com,,text/html;charset=utf-8,0.35,landing page or unresolved event metadata,metadata_only,false,,,,inspect_links,sha256:a770ba57fd32a0883758fb2cd612acc10a6e32bd982e47fbd1bf328151ab2eea
3392c65e3f4f0e63,jpm_2025_q4,JPM,JPMorgan Chase & Co.,2025 Q4,,landing_page,official_ir,https://www.jpmorganchase.com/ir,https://www.jpmorganchase.com/ir/annual-report/2025/ar-ceo-letters,www.jpmorganchase.com,,text/html;charset=utf-8,0.35,landing page or unresolved event metadata,metadata_only,false,,,,inspect_links,sha256:cfd0a10044a62b3da9993f08157cf0abdb306936b6e0f624ae10dc2a61e5ad0b
74e7b787c3cea062,jpm_2025_q4,JPM,JPMorgan Chase & Co.,2025 Q4,,landing_page,official_ir,https://www.jpmorganchase.com/ir,https://www.jpmorganchase.com/ir/annual-report/2025/ar-ceo-letters#ceo-letters,www.jpmorganchase.com,,text/html;charset=utf-8,0.35,landing page or unresolved event metadata,metadata_only,false,,,,inspect_links,sha256:59872f0e4f7654dbc821cba635f1da142d19c446d19c19a165f7652edabfb78c
a6d37a7df736c0f7,jpm_2025_q4,JPM,JPMorgan Chase & Co.,2025 Q4,,landing_page,official_ir,https://www.jpmorganchase.com/ir,https://www.jpmorganchase.com/ir/annual-report/2025/ar-ceo-letters#footnote-1,www.jpmorganchase.com,,text/html;charset=utf-8,0.35,landing page or unresolved event metadata,metadata_only,false,,,,inspect_links,sha256:fc6eaf61e1b8321decde0db1e48c9d509b3db979dc66bc1cace758f65032822f
625496b5807bdb9b,jpm_2025_q4,JPM,JPMorgan Chase & Co.,2025 Q4,,landing_page,official_ir,https://www.jpmorganchase.com/ir,https://www.jpmorganchase.com/ir/annual-report/2025/ar-ceo-letters#footnote-src-1,www.jpmorganchase.com,,text/html;charset=utf-8,0.35,landing page or unresolved event metadata,metadata_only,false,,,,inspect_links,sha256:b292d001ef998218c39acc21177d9d0e973b3552a7d6cbe8034ffddae90c6551
245347ed44425570,jpm_2025_q4,JPM,JPMorgan Chase & Co.,2025 Q4,,landing_page,official_ir,https://www.jpmorganchase.com/ir,https://www.jpmorganchase.com/ir/annual-report/2025/ar-ceo-letters#footnotes,www.jpmorganchase.com,,text/html;charset=utf-8,0.35,landing page or unresolved event metadata,metadata_only,false,,,,inspect_links,sha256:5918d3993fc807fd7c46a6484653148b22701656624001f5c752a7a343f72fdf
60b377fe7f23f038,jpm_2025_q4,JPM,JPMorgan Chase & Co.,2025 Q4,,landing_page,official_ir,https://www.jpmorganchase.com/ir,https://www.jpmorganchase.com/ir/annual-report/2025/ar-ceo-letters#introduction,www.jpmorganchase.com,,text/html;charset=utf-8,0.35,landing page or unresolved event metadata,metadata_only,false,,,,inspect_links,sha256:27722a1b008e2775caac58b71d6a396615a732c366b18b9ed6b1774257deda5c
d5603f651121aeee,jpm_2025_q4,JPM,JPMorgan Chase & Co.,2025 Q4,,landing_page,official_ir,https://www.jpmorganchase.com/ir,https://www.jpmorganchase.com/ir/annual-report/2025/ar-ceo-letters#main,www.jpmorganchase.com,,text/html;charset=utf-8,0.35,landing page or unresolved event metadata,metadata_only,false,,,,inspect_links,sha256:383ab34d5f328248086d545adc358ad9e823cebe65f8122b87e65c80a67ce2c2
574a8e59572ae3c9,jpm_2025_q4,JPM,JPMorgan Chase & Co.,2025 Q4,,landing_page,official_ir,https://www.jpmorganchase.com/ir,https://www.jpmorganchase.com/ir/annual-report/2025/ar-ceo-letters#section-1,www.jpmorganchase.com,,text/html;charset=utf-8,0.35,landing page or unresolved event metadata,metadata_only,false,,,,inspect_links,sha256:282071807c2536bb98e3cf79a2e66b036b2d1b4a06f687333ed8a102f69ea881
32301c324c463f66,jpm_2025_q4,JPM,JPMorgan Chase & Co.,2025 Q4,,landing_page,official_ir,https://www.jpmorganchase.com/ir,https://www.jpmorganchase.com/ir/annual-report/2025/ar-ceo-letters#section-2,www.jpmorganchase.com,,text/html;charset=utf-8,0.35,landing page or unresolved event metadata,metadata_only,false,,,,inspect_links,sha256:5c5f7193435d588b47d6089522860e8077ed7640ddba78d6febfc9d31a593e12
d4839f06f087e12a,jpm_2025_q4,JPM,JPMorgan Chase & Co.,2025 Q4,,landing_page,official_ir,https://www.jpmorganchase.com/ir,https://www.jpmorganchase.com/ir/annual-report/2025/ar-ceo-letters#section-3,www.jpmorganchase.com,,text/html;charset=utf-8,0.35,landing page or unresolved event metadata,metadata_only,false,,,,inspect_links,sha256:c43af65d4afef9550fc962da6413832efcef76095aa7af4356666ba2a66335be
0f3fa36708a872e0,jpm_2025_q4,JPM,JPMorgan Chase & Co.,2025 Q4,,landing_page,official_ir,https://www.jpmorganchase.com/ir,https://www.jpmorganchase.com/ir/annual-report/2025/ar-ceo-letters#section-4,www.jpmorganchase.com,,text/html;charset=utf-8,0.35,landing page or unresolved event metadata,metadata_only,false,,,,inspect_links,sha256:1afd3a5d3606d99837188108ac0e20ff1483e4d332e2ebf2cf62e5496ff628b5
27b40a82baf9b7c2,jpm_2025_q4,JPM,JPMorgan Chase & Co.,2025 Q4,,landing_page,official_ir,https://www.jpmorganchase.com/ir,https://www.jpmorganchase.com/ir/annual-report/2025/ar-ceo-letters#section-5,www.jpmorganchase.com,,text/html;charset=utf-8,0.35,landing page or unresolved event metadata,metadata_only,false,,,,inspect_links,sha256:e90509b2b32f5d9ef8c1c7ddabf21768fef2dce3d04ef14d06b510037e6d3b19
9667702672f77489,jpm_2025_q4,JPM,JPMorgan Chase & Co.,2025 Q4,,landing_page,official_ir,https://www.jpmorganchase.com/ir,https://www.jpmorganchase.com/ir/events,www.jpmorganchase.com,,text/html;charset=utf-8,0.35,landing page or unresolved event metadata,metadata_only,false,,,,inspect_links,sha256:7f312eb46185aec498c46a96cb02a995fd5d37701ff3118632fb06d96c4ff48a
703c58e57ce9aaf0,jpm_2025_q4,JPM,JPMorgan Chase & Co.,2025 Q4,,landing_page,official_ir,https://www.jpmorganchase.com/ir,https://www.jpmorganchase.com/ir/fixed-income,www.jpmorganchase.com,,text/html;charset=utf-8,0.35,landing page or unresolved event metadata,metadata_only,false,,,,inspect_links,sha256:cd772422452ce798281c3d1a79db5174fad9d4d668569b4be0dd24ec4a55ae54
ea72b24973e2ba29,jpm_2025_q4,JPM,JPMorgan Chase & Co.,2025 Q4,,landing_page,official_ir,https://www.jpmorganchase.com/ir,https://www.jpmorganchase.com/ir/investor-day,www.jpmorganchase.com,,text/html;charset=utf-8,0.35,landing page or unresolved event metadata,metadata_only,false,,,,inspect_links,sha256:935d67ed81754d64c837616bc69e5170ffa8d0833c5888f6af457347345c112f
4f44da8df837281f,jpm_2025_q4,JPM,JPMorgan Chase & Co.,2025 Q4,,landing_page,official_ir,https://www.jpmorganchase.com/ir,https://www.jpmorganchase.com/ir/news,www.jpmorganchase.com,,text/html;charset=utf-8,0.35,landing page or unresolved event metadata,metadata_only,false,,,,inspect_links,sha256:16ac18a010e645b5ef65721cb2940c61c6c4bf48f8931a4c0c5eca712d6d0edc
44423cab44c3a46e,jpm_2025_q4,JPM,JPMorgan Chase & Co.,2025 Q4,,landing_page,official_ir,https://www.jpmorganchase.com/ir,https://www.jpmorganchase.com/ir/news/2025/jpmc-announces-conference-calls-to-review-first-quarter-second-quarter-third-quarter-and-fourth-quarter-2026-earnings,www.jpmorganchase.com,,text/html;charset=utf-8,0.35,landing page or unresolved event metadata,metadata_only,false,,,,inspect_links,sha256:16de653ca3b30f4f6b131ae3efb53d581cc37c3dd8e6ec0f8675ccd47aa5d401
1c2b72544c558385,jpm_2025_q4,JPM,JPMorgan Chase & Co.,2025 Q4,,landing_page,official_ir,https://www.jpmorganchase.com/ir,https://www.jpmorganchase.com/ir/news/2026/jpmc-declares-common-stock-dividend-5-18,www.jpmorganchase.com,,text/html;charset=utf-8,0.35,landing page or unresolved event metadata,metadata_only,false,,,,inspect_links,sha256:a25fdbaa148982e5416a794501ffb2b6ccd5d478a3f49247dfbe8c11831c4163
330f035d3712afe9,jpm_2025_q4,JPM,JPMorgan Chase & Co.,2025 Q4,,landing_page,official_ir,https://www.jpmorganchase.com/ir,https://www.jpmorganchase.com/ir/news/2026/jpmc-to-present-at-the-morgan-stanley-us-financials-conference,www.jpmorganchase.com,,text/html;charset=utf-8,0.35,landing page or unresolved event metadata,metadata_only,false,,,,inspect_links,sha256:7d8be253cea533ba5c941a6083c0fb8f147fe3e3d0d03eb768e55b45ac1974d4
e483bf212ba920b1,jpm_2025_q4,JPM,JPMorgan Chase & Co.,2025 Q4,,landing_page,official_ir,https://www.jpmorganchase.com/ir,https://www.jpmorganchase.com/ir/news/2026/jpmc-to-redeem-all-2-billion-of-its-3-65-fixed-rate-reset-non-cumulative-preferred-stock,www.jpmorganchase.com,,text/html;charset=utf-8,0.35,landing page or unresolved event metadata,metadata_only,false,,,,inspect_links,sha256:3ccbf434ae69a2ac31aae491704039f455a11ac83c3992ac207ddf2894c10756
1a00a2594721f23c,jpm_2025_q4,JPM,JPMorgan Chase & Co.,2025 Q4,,landing_page,official_ir,https://www.jpmorganchase.com/ir,https://www.jpmorganchase.com/ir/quarterly-earnings,www.jpmorganchase.com,,text/html;charset=utf-8,0.35,landing page or unresolved event metadata,metadata_only,false,,,,inspect_links,sha256:935e241ddbc199d8ef1e1f1e5be845356c492db4c721478e37151677fcaab3ba
c119321091a9c1d0,jpm_2025_q4,JPM,JPMorgan Chase & Co.,2025 Q4,,landing_page,official_ir,https://www.jpmorganchase.com/ir,https://www.jpmorganchase.com/legal/cookies,www.jpmorganchase.com,,text/html;charset=utf-8,0.35,landing page or unresolved event metadata,metadata_only,false,,,,inspect_links,sha256:cffb67fd52e254c3a9928b60a7a2d6abbdc6f430dc2586af9b2fb3740762eb44
2b9170189b19f69e,jpm_2025_q4,JPM,JPMorgan Chase & Co.,2025 Q4,,landing_page,official_ir,https://www.jpmorganchase.com/ir,https://www.jpmorganchase.com/legal/global-financial-crimes-compliance,www.jpmorganchase.com,,text/html;charset=utf-8,0.35,landing page or unresolved event metadata,metadata_only,false,,,,inspect_links,sha256:d8c7408dbe673b212e6e5d9cddd560b9de0933db3c50bfcff398b68f50c61c5f
5ac00c3d9c9a8e0a,jpm_2025_q4,JPM,JPMorgan Chase & Co.,2025 Q4,,landing_page,official_ir,https://www.jpmorganchase.com/ir,https://www.jpmorganchase.com/legal/privacy,www.jpmorganchase.com,,text/html;charset=utf-8,0.35,landing page or unresolved event metadata,metadata_only,false,,,,inspect_links,sha256:5a70ec1014e4b2f9eeb24e65177839ed7a65b3bba10cd1bf7d8458ca7c10a561
0619e11d2cb2371d,jpm_2025_q4,JPM,JPMorgan Chase & Co.,2025 Q4,,landing_page,official_ir,https://www.jpmorganchase.com/ir,https://www.jpmorganchase.com/legal/terms-and-conditions,www.jpmorganchase.com,,text/html;charset=utf-8,0.35,landing page or unresolved event metadata,metadata_only,false,,,,inspect_links,sha256:0f7fb6912de810aac30ada9ece94ff72ca07eca8a366796bc3ba80457e5ca36d
0f408ba77205c4d0,jpm_2025_q4,JPM,JPMorgan Chase & Co.,2025 Q4,,landing_page,official_ir,https://www.jpmorganchase.com/ir,https://www.jpmorganchase.com/newsroom,www.jpmorganchase.com,,text/html;charset=utf-8,0.35,landing page or unresolved event metadata,metadata_only,false,,,,inspect_links,sha256:d5428839cb8026fc954d9d87515d8b9db67dffff66419569e81f4cb6b6815fe3
b16defc003216d1c,jpm_2025_q4,JPM,JPMorgan Chase & Co.,2025 Q4,,landing_page,official_ir,https://www.jpmorganchase.com/ir,https://www.jpmorganchase.com/newsroom/media-contacts,www.jpmorganchase.com,,text/html;charset=utf-8,0.35,landing page or unresolved event metadata,metadata_only,false,,,,inspect_links,sha256:ba4ca558b8f77d1734e841b1dbac649aea7ed94a9390fe6e9566735bb9210cc4
93195760e0e847fd,jpm_2025_q4,JPM,JPMorgan Chase & Co.,2025 Q4,,landing_page,official_ir,https://www.jpmorganchase.com/ir,https://www.jpmorganchase.com/newsroom/press-releases,www.jpmorganchase.com,,text/html;charset=utf-8,0.35,landing page or unresolved event metadata,metadata_only,false,,,,inspect_links,sha256:c806fdc0a8ad269b1f60846d0333168a26109591e10791ace6e89a2b692b7d40
dbebd2d9af0f2228,jpm_2025_q4,JPM,JPMorgan Chase & Co.,2025 Q4,,landing_page,official_ir,https://www.jpmorganchase.com/ir,https://www.jpmorganchase.com/newsroom/press-releases/2023/16-jp-morgan-wm-advisors-make-barrons-top-1200-list,www.jpmorganchase.com,,text/html;charset=utf-8,0.35,landing page or unresolved event metadata,metadata_only,false,,,,inspect_links,sha256:21c69d8db34de2bce74df83a3bc70216eb0758dcef2e9c2c53d2906100852f11
7560afb884f0a39d,jpm_2025_q4,JPM,JPMorgan Chase & Co.,2025 Q4,,landing_page,official_ir,https://www.jpmorganchase.com/ir,https://www.jpmorganchase.com/newsroom/press-releases/2023/jp-morgan-wealth-plan-named-best-personal-finance-product,www.jpmorganchase.com,,text/html;charset=utf-8,0.35,landing page or unresolved event metadata,metadata_only,false,,,,inspect_links,sha256:09deab49815672d5fc693d3b9217e7004ebc879442fad82274add5cd91ee9a48
e091edf486cb1594,jpm_2025_q4,JPM,JPMorgan Chase & Co.,2025 Q4,,landing_page,official_ir,https://www.jpmorganchase.com/ir,https://www.jpmorganchase.com/newsroom/press-releases/2023/record-96-jpm-advisors-selected-for-forbes-2023-best-in-state,www.jpmorganchase.com,,text/html;charset=utf-8,0.35,landing page or unresolved event metadata,metadata_only,false,,,,inspect_links,sha256:6af9a6b2184839d31f8cf6172ad58cd69cd526fd3b972306b1b360257137ac7d
872308f403e584ab,jpm_2025_q4,JPM,JPMorgan Chase & Co.,2025 Q4,,landing_page,official_ir,https://www.jpmorganchase.com/ir,https://www.jpmorganchase.com/newsroom/press-releases/2025/jpmc-expands-hiring-in-maryland-offering-flexible-careers-for-military-spouses,www.jpmorganchase.com,,text/html;charset=utf-8,0.35,landing page or unresolved event metadata,metadata_only,false,,,,inspect_links,sha256:5c43290443fb555b11c6bca477b9aa48422d8d49e5cbe5df5828fb998ba589d7
2aa5e2e1244fef3e,jpm_2025_q4,JPM,JPMorgan Chase & Co.,2025 Q4,,landing_page,official_ir,https://www.jpmorganchase.com/ir,https://www.jpmorganchase.com/newsroom/press-releases/2026/14m-in-fraud-and-scams-prevention,www.jpmorganchase.com,,text/html;charset=utf-8,0.35,landing page or unresolved event metadata,metadata_only,false,,,,inspect_links,sha256:4f2904ba2771f486b8a08c860121dd05d0112335ba560810e743b41a10b8cec5
7fdded536319df80,jpm_2025_q4,JPM,JPMorgan Chase & Co.,2025 Q4,,landing_page,official_ir,https://www.jpmorganchase.com/ir,https://www.jpmorganchase.com/newsroom/press-releases/2026/american-dream-initiative-announcement,www.jpmorganchase.com,,text/html;charset=utf-8,0.35,landing page or unresolved event metadata,metadata_only,false,,,,inspect_links,sha256:a74c80e6d5c05deab2151c8c3fa7e0f9730d06457fb5076e799f868eb42b5150
9e7b97f854b352f4,jpm_2025_q4,JPM,JPMorgan Chase & Co.,2025 Q4,,landing_page,official_ir,https://www.jpmorganchase.com/ir,https://www.jpmorganchase.com/newsroom/press-releases/2026/ascend-strengthen-us-aerospace-industry-in-alabama,www.jpmorganchase.com,,text/html;charset=utf-8,0.35,landing page or unresolved event metadata,metadata_only,false,,,,inspect_links,sha256:3b34917805cf83c2cb249cb334852658ccf4367025c535310b025ed3f61bc53f
5e4f21c36cffc046,jpm_2025_q4,JPM,JPMorgan Chase & Co.,2025 Q4,,landing_page,official_ir,https://www.jpmorganchase.com/ir,https://www.jpmorganchase.com/newsroom/press-releases/2026/jpmc-ioc-partnership-announcement,www.jpmorganchase.com,,text/html;charset=utf-8,0.35,landing page or unresolved event metadata,metadata_only,false,,,,inspect_links,sha256:6ecad663e0c538fea1a58388844d362f13f7b7e7868da19f49899164910d06e8
976d61ea8d00187e,jpm_2025_q4,JPM,JPMorgan Chase & Co.,2025 Q4,,landing_page,official_ir,https://www.jpmorganchase.com/ir,https://www.jpmorganchase.com/newsroom/press-releases/2026/nearly-40m-philanthropic-investments-small-business-growth,www.jpmorganchase.com,,text/html;charset=utf-8,0.35,landing page or unresolved event metadata,metadata_only,false,,,,inspect_links,sha256:703cda512b88a67c5ff2d35401599926e7d3bda4d53a07cac3f40f902e50f0c2
ffefd18178e1b7e0,jpm_2025_q4,JPM,JPMorgan Chase & Co.,2025 Q4,,landing_page,official_ir,https://www.jpmorganchase.com/ir,https://www.jpmorganchase.com/newsroom/stories,www.jpmorganchase.com,,text/html;charset=utf-8,0.35,landing page or unresolved event metadata,metadata_only,false,,,,inspect_links,sha256:d2e55172e1feb14a05910f18d673ce6e9c982eaecef033a17c4beda7f86f56aa
2b4efb14ae05eb2b,jpm_2025_q4,JPM,JPMorgan Chase & Co.,2025 Q4,,landing_page,official_ir,https://www.jpmorganchase.com/ir,https://www.jpmorganchase.com/newsroom/stories/detroit-small-business-growth,www.jpmorganchase.com,,text/html;charset=utf-8,0.35,landing page or unresolved event metadata,metadata_only,false,,,,inspect_links,sha256:d9c40db039eb3fdb57e7ceae575c6bd74f25ce652852c65a4805e59e6dfa1ad7
3bf3384b9c3f54a6,jpm_2025_q4,JPM,JPMorgan Chase & Co.,2025 Q4,,landing_page,official_ir,https://www.jpmorganchase.com/ir,https://www.jpmorganchase.com/newsroom/stories/farmhouse-fresh,www.jpmorganchase.com,,text/html;charset=utf-8,0.35,landing page or unresolved event metadata,metadata_only,false,,,,inspect_links,sha256:87f047f763429eb25c56f5bc39944008e0a281386f6d3bd604e3896a5135acd1
96d8c49edd082ca8,jpm_2025_q4,JPM,JPMorgan Chase & Co.,2025 Q4,,landing_page,official_ir,https://www.jpmorganchase.com/ir,https://www.jpmorganchase.com/newsroom/stories/how-to-strengthen-chicagos-economic-backbone-its-small-businesses,www.jpmorganchase.com,,text/html;charset=utf-8,0.35,landing page or unresolved event metadata,metadata_only,false,,,,inspect_links,sha256:8f424b476acce7bbe93b4a60a71c2e6c67829e56d4de92523b3db741d8cdb0ab
3725b79a6ececc62,jpm_2025_q4,JPM,JPMorgan Chase & Co.,2025 Q4,,landing_page,official_ir,https://www.jpmorganchase.com/ir,https://www.jpmorganchase.com/newsroom/stories/jpmc-celebrates-new-global-hq-at-270-park-ave,www.jpmorganchase.com,,text/html;charset=utf-8,0.35,landing page or unresolved event metadata,metadata_only,false,,,,inspect_links,sha256:82f357e70a4b09117245fc150a2ee6004e0f15355ae21ce14579e52e997596f9
7bb2027d46af8f7a,jpm_2025_q4,JPM,JPMorgan Chase & Co.,2025 Q4,,landing_page,official_ir,https://www.jpmorganchase.com/ir,https://www.jpmorganchase.com/newsroom/stories/keep-trucking-jpmc-support-for-strivers-in-dfw,www.jpmorganchase.com,,text/html;charset=utf-8,0.35,landing page or unresolved event metadata,metadata_only,false,,,,inspect_links,sha256:4dd035818b5f9c6b4f0e8e4e4e1b11f277223118ce2a53c7faeca348f976034c
0dd7afccf85ac848,jpm_2025_q4,JPM,JPMorgan Chase & Co.,2025 Q4,,landing_page,official_ir,https://www.jpmorganchase.com/ir,https://www.jpmorganchase.com/newsroom/stories/making-opportunity-happen-across-the-uk,www.jpmorganchase.com,,text/html;charset=utf-8,0.35,landing page or unresolved event metadata,metadata_only,false,,,,inspect_links,sha256:d189b86923d0ac34b7ce21e9f5cef9c2c1d2145299d3b45fbdc9ec93b96168a4
07d401d4e518b16a,jpm_2025_q4,JPM,JPMorgan Chase & Co.,2025 Q4,,landing_page,official_ir,https://www.jpmorganchase.com/ir,https://www.jpmorganchase.com/newsroom/stories/ohio-based-company-protecting-first-responders-around-world,www.jpmorganchase.com,,text/html;charset=utf-8,0.35,landing page or unresolved event metadata,metadata_only,false,,,,inspect_links,sha256:cb01df4f1277a2d2213f1284a9bb15c0b2d0c9b2e893cf0abccd9016f89c54fe
4e1fc4189297a58a,jpm_2025_q4,JPM,JPMorgan Chase & Co.,2025 Q4,,landing_page,official_ir,https://www.jpmorganchase.com/ir,https://www.jpmorganchase.com/newsroom/stories/realizing-potential-through-perseverance,www.jpmorganchase.com,,text/html;charset=utf-8,0.35,landing page or unresolved event metadata,metadata_only,false,,,,inspect_links,sha256:122c2625dd1ce959c36e4ab33903df83db74cedacee676153ad65463d9e9a59d
935edae684f019e4,jpm_2025_q4,JPM,JPMorgan Chase & Co.,2025 Q4,,landing_page,official_ir,https://www.jpmorganchase.com/ir,https://www.jpmorganchase.com/newsroom/stories/strengthening-texas-communities-as-they-grow,www.jpmorganchase.com,,text/html;charset=utf-8,0.35,landing page or unresolved event metadata,metadata_only,false,,,,inspect_links,sha256:1b96541ba2bea73f1e68c28776bb016169b0575a6ca68e27a996c72c8f0cc6ae
3195ef41e53bee30,jpm_2025_q4,JPM,JPMorgan Chase & Co.,2025 Q4,,landing_page,official_ir,https://www.jpmorganchase.com/ir,https://www.jpmorganchase.com/newsroom/stories/the-ohio-way-a-bold-cross-sector-push-toward-a-skilled-future-workforce,www.jpmorganchase.com,,text/html;charset=utf-8,0.35,landing page or unresolved event metadata,metadata_only,false,,,,inspect_links,sha256:56fbddee5f5e14c196f2c55c6539c6ec226d145f10c2243242d4fe1a06ca38c8
77d21a89313ac453,acn_2021_q4,ACN,Accenture plc,2021 Q4,,blocked,official_ir,https://investor.accenture.com/,https://investor.accenture.com/,investor.accenture.com,,,0.00,robots or source terms blocked fetch,blocked,false,,,robots_or_source_terms_hard_block,manual_review,sha256:3c3598a254d2a1c9d8768538c9ad5d613c682b69fd3f6745d10d783cd865706c
6095d396f534d863,acn_2022_q4,ACN,Accenture plc,2022 Q4,,blocked,official_ir,https://investor.accenture.com/,https://investor.accenture.com/,investor.accenture.com,,,0.00,robots or source terms blocked fetch,blocked,false,,,robots_or_source_terms_hard_block,manual_review,sha256:9b9198afd071b250dcab0c48069d2a2be3620135da796657cb70dea5dd15b330
fd3213f712c414c3,acn_2023_q4,ACN,Accenture plc,2023 Q4,,blocked,official_ir,https://investor.accenture.com/,https://investor.accenture.com/,investor.accenture.com,,,0.00,robots or source terms blocked fetch,blocked,false,,,robots_or_source_terms_hard_block,manual_review,sha256:7b62506d796ae88414ee4c466528f962414ec33e2046533f6ca736bc57225cb9
06f106f2a54f42ec,acn_2024_q4,ACN,Accenture plc,2024 Q4,,blocked,official_ir,https://investor.accenture.com/,https://investor.accenture.com/,investor.accenture.com,,,0.00,robots or source terms blocked fetch,blocked,false,,,robots_or_source_terms_hard_block,manual_review,sha256:f9f8c187bc3b44c15114640acf8e8533401c62577188a513135fec154562fb17
7a2af589925f46b8,acn_2025_q4,ACN,Accenture plc,2025 Q4,,blocked,official_ir,https://investor.accenture.com/,https://investor.accenture.com/,investor.accenture.com,,,0.00,robots or source terms blocked fetch,blocked,false,,,robots_or_source_terms_hard_block,manual_review,sha256:30682c4637d8121e8a4928634a64857472777c06569cfb06293f74749c4ae0c7
0c87268a892620ee,axp_2021_q4,AXP,American Express Company,2021 Q4,,blocked,official_ir,https://ir.americanexpress.com/,https://ir.americanexpress.com/,ir.americanexpress.com,,,0.00,robots or source terms blocked fetch,blocked,false,,,robots_or_source_terms_hard_block,manual_review,sha256:8ab7a87f95a27706ae28d451630193b5bd1e41fe68a08cdf7fb55f2c6e7b95b2
b085b5dd5af76a89,axp_2022_q4,AXP,American Express Company,2022 Q4,,blocked,official_ir,https://ir.americanexpress.com/,https://ir.americanexpress.com/,ir.americanexpress.com,,,0.00,robots or source terms blocked fetch,blocked,false,,,robots_or_source_terms_hard_block,manual_review,sha256:e28aaa97fef9944c1f4892639768595565bf2a1908507e6d867fd92ef7a79f49
4424b479962326ea,axp_2023_q4,AXP,American Express Company,2023 Q4,,blocked,official_ir,https://ir.americanexpress.com/,https://ir.americanexpress.com/,ir.americanexpress.com,,,0.00,robots or source terms blocked fetch,blocked,false,,,robots_or_source_terms_hard_block,manual_review,sha256:5824831a34a5d88714bb6dabe9fa95425c8af39dd90c8c53b82eb4d5a1659f21
d92907d77129a9f8,axp_2024_q4,AXP,American Express Company,2024 Q4,,blocked,official_ir,https://ir.americanexpress.com/,https://ir.americanexpress.com/,ir.americanexpress.com,,,0.00,robots or source terms blocked fetch,blocked,false,,,robots_or_source_terms_hard_block,manual_review,sha256:e456295938b2f4afa7efcb612922dde14594d77274360ce47ef346d37e18eac0
646e944eafa0e399,axp_2025_q4,AXP,American Express Company,2025 Q4,,blocked,official_ir,https://ir.americanexpress.com/,https://ir.americanexpress.com/,ir.americanexpress.com,,,0.00,robots or source terms blocked fetch,blocked,false,,,robots_or_source_terms_hard_block,manual_review,sha256:32a724251c298304b7654f8d22e04094f38b7e7550bc6d7db2acc8dead3ff97c
fd669ac209411f20,ba_2021_q4,BA,The Boeing Company,2021 Q4,,blocked,official_ir,https://investors.boeing.com/,https://investors.boeing.com/,investors.boeing.com,,,0.00,robots or source terms blocked fetch,blocked,false,,,robots_or_source_terms_hard_block,manual_review,sha256:bad952772b130bc3c9ac28fc3b39e4e751634fc46a3da9237280fdeb9972381a
9f6c0cef70faf662,ba_2022_q4,BA,The Boeing Company,2022 Q4,,blocked,official_ir,https://investors.boeing.com/,https://investors.boeing.com/,investors.boeing.com,,,0.00,robots or source terms blocked fetch,blocked,false,,,robots_or_source_terms_hard_block,manual_review,sha256:a85e5c5e6a9edfe70cd77f0c26e609dc768fc8c668ed1fb04bb35757af235b4f
eea98ba3acf87102,ba_2023_q4,BA,The Boeing Company,2023 Q4,,blocked,official_ir,https://investors.boeing.com/,https://investors.boeing.com/,investors.boeing.com,,,0.00,robots or source terms blocked fetch,blocked,false,,,robots_or_source_terms_hard_block,manual_review,sha256:eb1f892152d92b241d66afbe11880b812211f501a1fbe682143227aca28e8215
55cc3587aa45e393,ba_2024_q4,BA,The Boeing Company,2024 Q4,,blocked,official_ir,https://investors.boeing.com/,https://investors.boeing.com/,investors.boeing.com,,,0.00,robots or source terms blocked fetch,blocked,false,,,robots_or_source_terms_hard_block,manual_review,sha256:0a0cc25ad48bb9a56d573ad589e70e6cf569c84096aa56ff710f29d29ba02293
835a1e444219a37a,ba_2025_q4,BA,The Boeing Company,2025 Q4,,blocked,official_ir,https://investors.boeing.com/,https://investors.boeing.com/,investors.boeing.com,,,0.00,robots or source terms blocked fetch,blocked,false,,,robots_or_source_terms_hard_block,manual_review,sha256:c7be393671ff7ac340fb77cbcba216207d0e92cdbab3e6833d7f283f199f4570
93a4741fd7fcdb79,blk_2021_q4,BLK,"BlackRock, Inc.",2021 Q4,,blocked,official_ir,https://ir.blackrock.com/,https://ir.blackrock.com/,ir.blackrock.com,,,0.00,robots or source terms blocked fetch,blocked,false,,,robots_or_source_terms_hard_block,manual_review,sha256:1aafef2bfbcdcafecc6281824d88b749f02a60fe479f9ef9c16e6ff453f638d4
531e2da7b38cd737,blk_2022_q4,BLK,"BlackRock, Inc.",2022 Q4,,blocked,official_ir,https://ir.blackrock.com/,https://ir.blackrock.com/,ir.blackrock.com,,,0.00,robots or source terms blocked fetch,blocked,false,,,robots_or_source_terms_hard_block,manual_review,sha256:7f93e582c818713aa0171e4495e47b4186e73889e7c7a9b045d1a3cb7590d3d7
51b742cbd98e33fa,blk_2023_q4,BLK,"BlackRock, Inc.",2023 Q4,,blocked,official_ir,https://ir.blackrock.com/,https://ir.blackrock.com/,ir.blackrock.com,,,0.00,robots or source terms blocked fetch,blocked,false,,,robots_or_source_terms_hard_block,manual_review,sha256:cadecc5e9d6bdcceac0e67f12092ea432709c2eb4aced9bf9be4eebf0bc6a853
fd69420e595deb1d,blk_2024_q4,BLK,"BlackRock, Inc.",2024 Q4,,blocked,official_ir,https://ir.blackrock.com/,https://ir.blackrock.com/,ir.blackrock.com,,,0.00,robots or source terms blocked fetch,blocked,false,,,robots_or_source_terms_hard_block,manual_review,sha256:c7bc406d8d22f0f2fb9a20a2297b7d2e79b1cf83cec2be2911aed17d1f6af21c
3fdaad8c4e2747f7,blk_2025_q4,BLK,"BlackRock, Inc.",2025 Q4,,blocked,official_ir,https://ir.blackrock.com/,https://ir.blackrock.com/,ir.blackrock.com,,,0.00,robots or source terms blocked fetch,blocked,false,,,robots_or_source_terms_hard_block,manual_review,sha256:607260e9a41909f7431a044f35f69a6eac4b6417719f05f9d1dd6f0ad8c886ac
4d1f7b7b8cfb6a16,bmy_2021_q4,BMY,Bristol Myers Squibb Company,2021 Q4,,blocked,official_ir,https://investors.bms.com/,https://investors.bms.com/,investors.bms.com,,,0.00,robots or source terms blocked fetch,blocked,false,,,robots_or_source_terms_hard_block,manual_review,sha256:32a29b1fccdb03b041c90e5226dab8f04feff3540e7a75e5cecb6ffbef5b4612
de9eea42a8b3dd4d,bmy_2022_q4,BMY,Bristol Myers Squibb Company,2022 Q4,,blocked,official_ir,https://investors.bms.com/,https://investors.bms.com/,investors.bms.com,,,0.00,robots or source terms blocked fetch,blocked,false,,,robots_or_source_terms_hard_block,manual_review,sha256:c91fc35d082635bfd86df57eff494393ff2234679bacdeccf69992cacd0b34ea
32566b9268218432,bmy_2023_q4,BMY,Bristol Myers Squibb Company,2023 Q4,,blocked,official_ir,https://investors.bms.com/,https://investors.bms.com/,investors.bms.com,,,0.00,robots or source terms blocked fetch,blocked,false,,,robots_or_source_terms_hard_block,manual_review,sha256:1191ef2b4cb0ac2c1645345109f07f50859f7df871853f6bc27e1705ec011f81
2972c97e710927fc,bmy_2024_q4,BMY,Bristol Myers Squibb Company,2024 Q4,,blocked,official_ir,https://investors.bms.com/,https://investors.bms.com/,investors.bms.com,,,0.00,robots or source terms blocked fetch,blocked,false,,,robots_or_source_terms_hard_block,manual_review,sha256:2691044d9e3ad5429f9e4d26ad60554b777770d234731c888f6571edf6f675e3
bbfb0000acabba04,bmy_2025_q4,BMY,Bristol Myers Squibb Company,2025 Q4,,blocked,official_ir,https://investors.bms.com/,https://investors.bms.com/,investors.bms.com,,,0.00,robots or source terms blocked fetch,blocked,false,,,robots_or_source_terms_hard_block,manual_review,sha256:6a0626ae32e8dbcd2805b5e5f4f9c1c5cccbfe151a92a8cc25b336a534bfc71e
0caafe9c98aa0713,bx_2021_q4,BX,Blackstone Inc.,2021 Q4,,blocked,official_ir,https://ir.blackstone.com/,https://ir.blackstone.com/,ir.blackstone.com,,,0.00,robots or source terms blocked fetch,blocked,false,,,robots_or_source_terms_hard_block,manual_review,sha256:495259323ee8d07358ec34e343e235473daf181dce942b8f9919a10193828c88
a15c3b07d5d54d64,bx_2022_q4,BX,Blackstone Inc.,2022 Q4,,blocked,official_ir,https://ir.blackstone.com/,https://ir.blackstone.com/,ir.blackstone.com,,,0.00,robots or source terms blocked fetch,blocked,false,,,robots_or_source_terms_hard_block,manual_review,sha256:521c9741472df2a1603ad4c2ee6ce2c910e1efaddcced7476a26054542955c7f
52957f04b1489777,bx_2023_q4,BX,Blackstone Inc.,2023 Q4,,blocked,official_ir,https://ir.blackstone.com/,https://ir.blackstone.com/,ir.blackstone.com,,,0.00,robots or source terms blocked fetch,blocked,false,,,robots_or_source_terms_hard_block,manual_review,sha256:9ffe9b898971f2733bd9e291b18d071f04a27f07c8f9ac3b3569f291108ada73
bb3e3634213fe5f8,bx_2024_q4,BX,Blackstone Inc.,2024 Q4,,blocked,official_ir,https://ir.blackstone.com/,https://ir.blackstone.com/,ir.blackstone.com,,,0.00,robots or source terms blocked fetch,blocked,false,,,robots_or_source_terms_hard_block,manual_review,sha256:04c87882d268a55b9a5980ebff81f93560b28cfa3905bbe72cd89c1361945068
6642db011382f330,bx_2025_q4,BX,Blackstone Inc.,2025 Q4,,blocked,official_ir,https://ir.blackstone.com/,https://ir.blackstone.com/,ir.blackstone.com,,,0.00,robots or source terms blocked fetch,blocked,false,,,robots_or_source_terms_hard_block,manual_review,sha256:5d0d2751fef3c82c19f7f1971aadf39ff6b6a4704e3c888879f67a0f875e9d73
4ecbef0fec1d412c,carr_2021_q4,CARR,Carrier Global Corporation,2021 Q4,,blocked,official_ir,https://ir.carrier.com/,https://ir.carrier.com/,ir.carrier.com,,,0.00,robots or source terms blocked fetch,blocked,false,,,robots_or_source_terms_hard_block,manual_review,sha256:205f0263d01d5e3b5c0a33ee5bedfd48df998a97c12028bbd91001ab3423630a
b19237ff28cab086,carr_2022_q4,CARR,Carrier Global Corporation,2022 Q4,,blocked,official_ir,https://ir.carrier.com/,https://ir.carrier.com/,ir.carrier.com,,,0.00,robots or source terms blocked fetch,blocked,false,,,robots_or_source_terms_hard_block,manual_review,sha256:7c04f66faec9026e2e9a65e71880359a0d7fa0b69850468741d153166ca2875b
a9bbb590aa55aab9,carr_2023_q4,CARR,Carrier Global Corporation,2023 Q4,,blocked,official_ir,https://ir.carrier.com/,https://ir.carrier.com/,ir.carrier.com,,,0.00,robots or source terms blocked fetch,blocked,false,,,robots_or_source_terms_hard_block,manual_review,sha256:6bea16904f2b243de445c8b765010335d8562e20ad555578275386896a7bd20a
7db845227c4c1735,carr_2024_q4,CARR,Carrier Global Corporation,2024 Q4,,blocked,official_ir,https://ir.carrier.com/,https://ir.carrier.com/,ir.carrier.com,,,0.00,robots or source terms blocked fetch,blocked,false,,,robots_or_source_terms_hard_block,manual_review,sha256:b7272071581f9d1403c678ea98245c726824ee23650ad6c7487a76d85997eff1
2c0b87a5528d12da,carr_2025_q4,CARR,Carrier Global Corporation,2025 Q4,,blocked,official_ir,https://ir.carrier.com/,https://ir.carrier.com/,ir.carrier.com,,,0.00,robots or source terms blocked fetch,blocked,false,,,robots_or_source_terms_hard_block,manual_review,sha256:c50dc910541e4bcc0f94b4595174234672b38ce6de6688bc3bac703e981f89b0
2c27a0f72d92879a,cat_2021_q4,CAT,Caterpillar Inc.,2021 Q4,,blocked,official_ir,https://investors.caterpillar.com/,https://investors.caterpillar.com/,investors.caterpillar.com,,,0.00,robots or source terms blocked fetch,blocked,false,,,robots_or_source_terms_hard_block,manual_review,sha256:743e2aa9deab9ad52d85dfca3ebe121a3fd4f66f48a5952a8f6c24a97da70c7a
3283561f1a202ecc,cat_2022_q4,CAT,Caterpillar Inc.,2022 Q4,,blocked,official_ir,https://investors.caterpillar.com/,https://investors.caterpillar.com/,investors.caterpillar.com,,,0.00,robots or source terms blocked fetch,blocked,false,,,robots_or_source_terms_hard_block,manual_review,sha256:e28e1f406cb104c2f0d38a00784370bee8a00702d27c7253202332c1f2b0459a
7eed710c08f6ce68,cat_2023_q4,CAT,Caterpillar Inc.,2023 Q4,,blocked,official_ir,https://investors.caterpillar.com/,https://investors.caterpillar.com/,investors.caterpillar.com,,,0.00,robots or source terms blocked fetch,blocked,false,,,robots_or_source_terms_hard_block,manual_review,sha256:45be82d03221c7f68b79679a213bb3880fbd43b5371a9624a3c8ea8fea8dbe94
7be2f908cf1834df,cat_2024_q4,CAT,Caterpillar Inc.,2024 Q4,,blocked,official_ir,https://investors.caterpillar.com/,https://investors.caterpillar.com/,investors.caterpillar.com,,,0.00,robots or source terms blocked fetch,blocked,false,,,robots_or_source_terms_hard_block,manual_review,sha256:b90de3670032488c73eacc89cae60ba6f9339ec420d470da216802adaa1e5cde
3b9d77f4dde939ac,cat_2025_q4,CAT,Caterpillar Inc.,2025 Q4,,blocked,official_ir,https://investors.caterpillar.com/,https://investors.caterpillar.com/,investors.caterpillar.com,,,0.00,robots or source terms blocked fetch,blocked,false,,,robots_or_source_terms_hard_block,manual_review,sha256:3906d3f2e46bd19ebf39ac235ce284d369683629b495537760bd546ff45de721
bfaca75a80a967ee,cb_2021_q4,CB,Chubb Limited,2021 Q4,,blocked,official_ir,https://investors.chubb.com/,https://investors.chubb.com/,investors.chubb.com,,,0.00,robots or source terms blocked fetch,blocked,false,,,robots_or_source_terms_hard_block,manual_review,sha256:5aa86501cfce252fe3529bea46193587c2a60ebdccdb71f46391ef8630862519
ab8e34381cc408bc,cb_2022_q4,CB,Chubb Limited,2022 Q4,,blocked,official_ir,https://investors.chubb.com/,https://investors.chubb.com/,investors.chubb.com,,,0.00,robots or source terms blocked fetch,blocked,false,,,robots_or_source_terms_hard_block,manual_review,sha256:9694afd927378b3121a4302fe1ecdd3110ef508538c9b5b73ad055adbb68cba6
39dcb3f94e356cf3,cb_2023_q4,CB,Chubb Limited,2023 Q4,,blocked,official_ir,https://investors.chubb.com/,https://investors.chubb.com/,investors.chubb.com,,,0.00,robots or source terms blocked fetch,blocked,false,,,robots_or_source_terms_hard_block,manual_review,sha256:8212a17cc50d9b61157ac15b9a6f187f3e3e2d3ee66e34cf994cd2562dfbe656
a3884c62a5353a75,cb_2024_q4,CB,Chubb Limited,2024 Q4,,blocked,official_ir,https://investors.chubb.com/,https://investors.chubb.com/,investors.chubb.com,,,0.00,robots or source terms blocked fetch,blocked,false,,,robots_or_source_terms_hard_block,manual_review,sha256:ecb2f893c3ad16d1e716881a2b9457b32a5cf980214af722aa9e75566ab78577
69ec9e29655b4aa7,cb_2025_q4,CB,Chubb Limited,2025 Q4,,blocked,official_ir,https://investors.chubb.com/,https://investors.chubb.com/,investors.chubb.com,,,0.00,robots or source terms blocked fetch,blocked,false,,,robots_or_source_terms_hard_block,manual_review,sha256:7d127b912810560fbf45f0826c9302bef58a0980f09b1bfe44800f0f96f3b631
7aa10821bc76791e,ci_2021_q4,CI,The Cigna Group,2021 Q4,,blocked,official_ir,https://investors.thecignagroup.com/,https://investors.thecignagroup.com/,investors.thecignagroup.com,,,0.00,robots or source terms blocked fetch,blocked,false,,,robots_or_source_terms_hard_block,manual_review,sha256:fcba6261610b5b1438f7e96dd2717329f49b4d5e50c0db2d5f22ce5be888893d
b90c899a1769f90c,ci_2022_q4,CI,The Cigna Group,2022 Q4,,blocked,official_ir,https://investors.thecignagroup.com/,https://investors.thecignagroup.com/,investors.thecignagroup.com,,,0.00,robots or source terms blocked fetch,blocked,false,,,robots_or_source_terms_hard_block,manual_review,sha256:5439e3ab885f7b0a0c4e4e39fa696617acf47f15abdf6b3a115e636f922bc855
acc680bab56ccaf3,ci_2023_q4,CI,The Cigna Group,2023 Q4,,blocked,official_ir,https://investors.thecignagroup.com/,https://investors.thecignagroup.com/,investors.thecignagroup.com,,,0.00,robots or source terms blocked fetch,blocked,false,,,robots_or_source_terms_hard_block,manual_review,sha256:55f5d971e8dbb9ba57c08228dcf9ce3602b5eee793242b2c77d1493662ff9ebb
0d18a53fee7d60b9,ci_2024_q4,CI,The Cigna Group,2024 Q4,,blocked,official_ir,https://investors.thecignagroup.com/,https://investors.thecignagroup.com/,investors.thecignagroup.com,,,0.00,robots or source terms blocked fetch,blocked,false,,,robots_or_source_terms_hard_block,manual_review,sha256:c260abe68f586df0ac708e6859102ddf465d15eb7f48f45fed35f901a4c68a12
d84ed6e79829b24d,ci_2025_q4,CI,The Cigna Group,2025 Q4,,blocked,official_ir,https://investors.thecignagroup.com/,https://investors.thecignagroup.com/,investors.thecignagroup.com,,,0.00,robots or source terms blocked fetch,blocked,false,,,robots_or_source_terms_hard_block,manual_review,sha256:6daa5a5f4a453d67bd69cf79f9ec381c912ba828f10a4caf17b0fc7001b731fa
5887ffc05d9c8d46,crm_2021_q4,CRM,"Salesforce, Inc.",2021 Q4,,blocked,official_ir,https://investor.salesforce.com/,https://investor.salesforce.com/,investor.salesforce.com,,,0.00,robots or source terms blocked fetch,blocked,false,,,robots_or_source_terms_hard_block,manual_review,sha256:0de9e405fb0bd3e30e5679bd18a77255917f3a3ed0099fe75c981fc06df6e7ed
7e03ec9cf0abbb4c,crm_2022_q4,CRM,"Salesforce, Inc.",2022 Q4,,blocked,official_ir,https://investor.salesforce.com/,https://investor.salesforce.com/,investor.salesforce.com,,,0.00,robots or source terms blocked fetch,blocked,false,,,robots_or_source_terms_hard_block,manual_review,sha256:24e2c821c05f523790d5b05d9cd2eaa5396dfeaa173aace0d023cb733bdbdcac
c224eb68df1bac24,crm_2023_q4,CRM,"Salesforce, Inc.",2023 Q4,,blocked,official_ir,https://investor.salesforce.com/,https://investor.salesforce.com/,investor.salesforce.com,,,0.00,robots or source terms blocked fetch,blocked,false,,,robots_or_source_terms_hard_block,manual_review,sha256:c74809227969eb3dd3f0f78c7b517b62a030b7707c2a4348a14a3b0ed723a574
5598d66bac28fa09,crm_2024_q4,CRM,"Salesforce, Inc.",2024 Q4,,blocked,official_ir,https://investor.salesforce.com/,https://investor.salesforce.com/,investor.salesforce.com,,,0.00,robots or source terms blocked fetch,blocked,false,,,robots_or_source_terms_hard_block,manual_review,sha256:3bed967dba4a9bd95e6a332c0643a21d4324954669a6751684e12b7ca5fb457c
7bc61b17de3d45ce,crm_2025_q4,CRM,"Salesforce, Inc.",2025 Q4,,blocked,official_ir,https://investor.salesforce.com/,https://investor.salesforce.com/,investor.salesforce.com,,,0.00,robots or source terms blocked fetch,blocked,false,,,robots_or_source_terms_hard_block,manual_review,sha256:3adf4d772c9c92374117a3935e9b7c64a3ea223ff2d6a58a1af5f8e00be1c9d2
b3043fe7a7824b4d,cvx_2021_q4,CVX,Chevron Corporation,2021 Q4,,blocked,official_ir,https://www.chevron.com/investors,https://www.chevron.com/investors,www.chevron.com,,,0.00,robots or source terms blocked fetch,blocked,false,,,robots_or_source_terms_hard_block,manual_review,sha256:cea3df6a7466f25cf3a1e7285b4a8f4019ecc348d46dedf0d9b7fd4a131a265a
510c72025ce92a66,cvx_2022_q4,CVX,Chevron Corporation,2022 Q4,,blocked,official_ir,https://www.chevron.com/investors,https://www.chevron.com/investors,www.chevron.com,,,0.00,robots or source terms blocked fetch,blocked,false,,,robots_or_source_terms_hard_block,manual_review,sha256:4f80e1356f4cadb260341cc4386485902a46b3c65deab2a92cac0dad54a23913
126daae952b2f599,cvx_2023_q4,CVX,Chevron Corporation,2023 Q4,,blocked,official_ir,https://www.chevron.com/investors,https://www.chevron.com/investors,www.chevron.com,,,0.00,robots or source terms blocked fetch,blocked,false,,,robots_or_source_terms_hard_block,manual_review,sha256:e33d523947c019363a0965a039250cf95155d119986784f45c18ddd9e85607fc
c9dcf0443db5bf70,cvx_2024_q4,CVX,Chevron Corporation,2024 Q4,,blocked,official_ir,https://www.chevron.com/investors,https://www.chevron.com/investors,www.chevron.com,,,0.00,robots or source terms blocked fetch,blocked,false,,,robots_or_source_terms_hard_block,manual_review,sha256:801af7f2e0198c2870d96307ae47d0c9d38525d9f8cb4c356a597a580ac960e4
dbf3948122d4c7a5,cvx_2025_q4,CVX,Chevron Corporation,2025 Q4,,blocked,official_ir,https://www.chevron.com/investors,https://www.chevron.com/investors,www.chevron.com,,,0.00,robots or source terms blocked fetch,blocked,false,,,robots_or_source_terms_hard_block,manual_review,sha256:26d20aff1ac000e2fb49080a8e4d121c0ebc6b7c6e890f65f930cac20d3bf5d6
b876567f98489e47,dal_2021_q4,DAL,"Delta Air Lines, Inc.",2021 Q4,,blocked,official_ir,https://ir.delta.com/,https://ir.delta.com/,ir.delta.com,,,0.00,robots or source terms blocked fetch,blocked,false,,,robots_or_source_terms_hard_block,manual_review,sha256:398a24933d5530aece3398dd132d6cad2fb2e5f104ffeebe136a02eb1f42dde4
745dbeab9525c358,dal_2022_q4,DAL,"Delta Air Lines, Inc.",2022 Q4,,blocked,official_ir,https://ir.delta.com/,https://ir.delta.com/,ir.delta.com,,,0.00,robots or source terms blocked fetch,blocked,false,,,robots_or_source_terms_hard_block,manual_review,sha256:e3df615e8e6b8371fd14ef399a67df07f9d820ba01e88a8a2341f7ee74b41e4d
8cf3da9e12eb2e00,dal_2023_q4,DAL,"Delta Air Lines, Inc.",2023 Q4,,blocked,official_ir,https://ir.delta.com/,https://ir.delta.com/,ir.delta.com,,,0.00,robots or source terms blocked fetch,blocked,false,,,robots_or_source_terms_hard_block,manual_review,sha256:d7660c67c203414fe79588b93eb12b3b241b7d5ee390ea78b3de57f6e132e591
04a7c6016b3b7f0d,dal_2024_q4,DAL,"Delta Air Lines, Inc.",2024 Q4,,blocked,official_ir,https://ir.delta.com/,https://ir.delta.com/,ir.delta.com,,,0.00,robots or source terms blocked fetch,blocked,false,,,robots_or_source_terms_hard_block,manual_review,sha256:1cf5c25d4a1e9bc4e23723dded2476661e415effa3bb4d3d69724f109a6594df
e83a243de01fa8af,dal_2025_q4,DAL,"Delta Air Lines, Inc.",2025 Q4,,blocked,official_ir,https://ir.delta.com/,https://ir.delta.com/,ir.delta.com,,,0.00,robots or source terms blocked fetch,blocked,false,,,robots_or_source_terms_hard_block,manual_review,sha256:271bdb5ee1899a72850500d6cb14b6dbf457725e32b9afc93a26e244b9edac3b
45071bc8748e3306,de_2021_q4,DE,Deere & Company,2021 Q4,,blocked,official_ir,https://investor.deere.com/,https://investor.deere.com/,investor.deere.com,,,0.00,robots or source terms blocked fetch,blocked,false,,,robots_or_source_terms_hard_block,manual_review,sha256:5fe3b7ed4bfe95a2232495395b80e40de45370a05f257b57cd19e1c9e6dc50f3
47c4144e8e7a6771,de_2022_q4,DE,Deere & Company,2022 Q4,,blocked,official_ir,https://investor.deere.com/,https://investor.deere.com/,investor.deere.com,,,0.00,robots or source terms blocked fetch,blocked,false,,,robots_or_source_terms_hard_block,manual_review,sha256:e2a5d0d47dd10e603c662d65caa1f8280637cfddf15871844143c62e390ddfea
6f8c16dbc2249713,de_2023_q4,DE,Deere & Company,2023 Q4,,blocked,official_ir,https://investor.deere.com/,https://investor.deere.com/,investor.deere.com,,,0.00,robots or source terms blocked fetch,blocked,false,,,robots_or_source_terms_hard_block,manual_review,sha256:5a1a100855396fd760983c6f7a6941125c20b6a996d7befbc276548bad0fdc21
cfba0fc6e1562f82,de_2024_q4,DE,Deere & Company,2024 Q4,,blocked,official_ir,https://investor.deere.com/,https://investor.deere.com/,investor.deere.com,,,0.00,robots or source terms blocked fetch,blocked,false,,,robots_or_source_terms_hard_block,manual_review,sha256:d6997c7943c58860ac976b360644033ee2d2684aad771e6f0c360431bd26378b
216494c8f71c3ab7,de_2025_q4,DE,Deere & Company,2025 Q4,,blocked,official_ir,https://investor.deere.com/,https://investor.deere.com/,investor.deere.com,,,0.00,robots or source terms blocked fetch,blocked,false,,,robots_or_source_terms_hard_block,manual_review,sha256:1f2904033979bd914f3343393c3a5a33d66e790a9cddf1cce93e71e22812f440
da49c2cf08c134b5,dhr_2021_q4,DHR,Danaher Corporation,2021 Q4,,blocked,official_ir,https://investors.danaher.com/,https://investors.danaher.com/,investors.danaher.com,,,0.00,robots or source terms blocked fetch,blocked,false,,,robots_or_source_terms_hard_block,manual_review,sha256:359c0d2dc738262eb50eb29b86b594c238c3e3c79d7d077e61fca228436f0de1
2e8171948f74c5ef,dhr_2022_q4,DHR,Danaher Corporation,2022 Q4,,blocked,official_ir,https://investors.danaher.com/,https://investors.danaher.com/,investors.danaher.com,,,0.00,robots or source terms blocked fetch,blocked,false,,,robots_or_source_terms_hard_block,manual_review,sha256:883fec11487a3539722be0ade4cb2ad50223756e8dbc81521f8cc2471d97dfde
f57378a6b03e81b8,dhr_2023_q4,DHR,Danaher Corporation,2023 Q4,,blocked,official_ir,https://investors.danaher.com/,https://investors.danaher.com/,investors.danaher.com,,,0.00,robots or source terms blocked fetch,blocked,false,,,robots_or_source_terms_hard_block,manual_review,sha256:abc0860b8969ece0ee37c5a44f24ed6d81d9d8b6f50483d54e8c9629c7fb0001
63565be784116b60,dhr_2024_q4,DHR,Danaher Corporation,2024 Q4,,blocked,official_ir,https://investors.danaher.com/,https://investors.danaher.com/,investors.danaher.com,,,0.00,robots or source terms blocked fetch,blocked,false,,,robots_or_source_terms_hard_block,manual_review,sha256:e1d58a71e6c59eee46b21458c454a981cdb8933e29bde655c8b41b2dc300208c
76e1ba0a592e3335,dhr_2025_q4,DHR,Danaher Corporation,2025 Q4,,blocked,official_ir,https://investors.danaher.com/,https://investors.danaher.com/,investors.danaher.com,,,0.00,robots or source terms blocked fetch,blocked,false,,,robots_or_source_terms_hard_block,manual_review,sha256:cd18c6f45913bd9a141496f3016814ea96fa8ab3304822f8451162e7329574a3
f8d91d1b2601b333,emr_2021_q4,EMR,Emerson Electric Co.,2021 Q4,,blocked,official_ir,https://www.emerson.com/en-us/investors,https://www.emerson.com/en-us/investors,www.emerson.com,,,0.00,robots or source terms blocked fetch,blocked,false,,,robots_or_source_terms_hard_block,manual_review,sha256:4acea00133b6fd1d68948a719c1476e39896b2ceba52044fc16062c738779e79
c64d310207e8665b,emr_2022_q4,EMR,Emerson Electric Co.,2022 Q4,,blocked,official_ir,https://www.emerson.com/en-us/investors,https://www.emerson.com/en-us/investors,www.emerson.com,,,0.00,robots or source terms blocked fetch,blocked,false,,,robots_or_source_terms_hard_block,manual_review,sha256:422124ea25bee6680e1697456595e986efd567f38af797a1446c52c0d1fdff02
c7820e4d8b4bc5fe,emr_2023_q4,EMR,Emerson Electric Co.,2023 Q4,,blocked,official_ir,https://www.emerson.com/en-us/investors,https://www.emerson.com/en-us/investors,www.emerson.com,,,0.00,robots or source terms blocked fetch,blocked,false,,,robots_or_source_terms_hard_block,manual_review,sha256:d36c11f8a9d06bc7c9b12847c650d9ded58de521d9ff11286a4f5484463f5f68
66f77597b2a1f5b1,emr_2024_q4,EMR,Emerson Electric Co.,2024 Q4,,blocked,official_ir,https://www.emerson.com/en-us/investors,https://www.emerson.com/en-us/investors,www.emerson.com,,,0.00,robots or source terms blocked fetch,blocked,false,,,robots_or_source_terms_hard_block,manual_review,sha256:a91b74b01072f5f2abe847999cce17fb881e0292ae4e685b5eca1ed0adca1e8b
48a9fcab47fbe72d,emr_2025_q4,EMR,Emerson Electric Co.,2025 Q4,,blocked,official_ir,https://www.emerson.com/en-us/investors,https://www.emerson.com/en-us/investors,www.emerson.com,,,0.00,robots or source terms blocked fetch,blocked,false,,,robots_or_source_terms_hard_block,manual_review,sha256:f4cd8f327102a2459f69cb232b4cd1736180c5c4a977cc8dbddf4d22be2db0be
a5f4a8e3bc3afd85,eog_2021_q4,EOG,"EOG Resources, Inc.",2021 Q4,,blocked,official_ir,https://investors.eogresources.com/,https://investors.eogresources.com/,investors.eogresources.com,,,0.00,robots or source terms blocked fetch,blocked,false,,,robots_or_source_terms_hard_block,manual_review,sha256:335a632276cf4e3c9624593f0f015b0e35807f4b673051b6a8ff93192bf8264b
68db5cee2327f5f2,eog_2022_q4,EOG,"EOG Resources, Inc.",2022 Q4,,blocked,official_ir,https://investors.eogresources.com/,https://investors.eogresources.com/,investors.eogresources.com,,,0.00,robots or source terms blocked fetch,blocked,false,,,robots_or_source_terms_hard_block,manual_review,sha256:0c50f6559f3ca60d5a564fbe5e53d45b78450500007a4d742d8f917594eccfdd
bd6268a77fd36a32,eog_2023_q4,EOG,"EOG Resources, Inc.",2023 Q4,,blocked,official_ir,https://investors.eogresources.com/,https://investors.eogresources.com/,investors.eogresources.com,,,0.00,robots or source terms blocked fetch,blocked,false,,,robots_or_source_terms_hard_block,manual_review,sha256:5a0aff13913b3ad6c447271b5bc7a65d3e756e60f90ed4dd64b13f207ddffbd6
ca03f9256f247552,eog_2024_q4,EOG,"EOG Resources, Inc.",2024 Q4,,blocked,official_ir,https://investors.eogresources.com/,https://investors.eogresources.com/,investors.eogresources.com,,,0.00,robots or source terms blocked fetch,blocked,false,,,robots_or_source_terms_hard_block,manual_review,sha256:dd19e0fb2837de4e6453364410a7bf0ed09de09298d3376eac58e163d8889a9c
e2e2cbd49446be00,eog_2025_q4,EOG,"EOG Resources, Inc.",2025 Q4,,blocked,official_ir,https://investors.eogresources.com/,https://investors.eogresources.com/,investors.eogresources.com,,,0.00,robots or source terms blocked fetch,blocked,false,,,robots_or_source_terms_hard_block,manual_review,sha256:ad93d8b384e92c7003fb8a94e1d35e4b3819773e09d259ddf0bbc1f2eae45af6
f3f2221e67cb5905,fdx_2021_q4,FDX,FedEx Corporation,2021 Q4,,blocked,official_ir,https://investors.fedex.com/,https://investors.fedex.com/,investors.fedex.com,,,0.00,robots or source terms blocked fetch,blocked,false,,,robots_or_source_terms_hard_block,manual_review,sha256:3f6ef87c70a7764649a0ebec3b4efb4d33dc7f687b7c364b698720f9481b2e74
8ee855f4521e1c59,fdx_2022_q4,FDX,FedEx Corporation,2022 Q4,,blocked,official_ir,https://investors.fedex.com/,https://investors.fedex.com/,investors.fedex.com,,,0.00,robots or source terms blocked fetch,blocked,false,,,robots_or_source_terms_hard_block,manual_review,sha256:4b169d0bf0bc178adc218efbba10a20a8c646b7749ac6d732741082fb19e7ee0
98cde30fcf05c376,fdx_2023_q4,FDX,FedEx Corporation,2023 Q4,,blocked,official_ir,https://investors.fedex.com/,https://investors.fedex.com/,investors.fedex.com,,,0.00,robots or source terms blocked fetch,blocked,false,,,robots_or_source_terms_hard_block,manual_review,sha256:c996a297a1eeefc4c0b46e69a9f4bc1de5d8e318167075bbeead3da6ada5984b
0445fbc38308fa6d,fdx_2024_q4,FDX,FedEx Corporation,2024 Q4,,blocked,official_ir,https://investors.fedex.com/,https://investors.fedex.com/,investors.fedex.com,,,0.00,robots or source terms blocked fetch,blocked,false,,,robots_or_source_terms_hard_block,manual_review,sha256:84a9d2ad4d4e2d2ded70f45eba14801a9e65dfe3ea0967702ee0f4eaded6c40f
cd168c43d18981ec,fdx_2025_q4,FDX,FedEx Corporation,2025 Q4,,blocked,official_ir,https://investors.fedex.com/,https://investors.fedex.com/,investors.fedex.com,,,0.00,robots or source terms blocked fetch,blocked,false,,,robots_or_source_terms_hard_block,manual_review,sha256:7930efa1e880aad21085f1152b41085e8829f4c00981fa8810230d0bc6d611ce
f6fa8bb6e77cda33,gd_2021_q4,GD,General Dynamics Corporation,2021 Q4,,blocked,official_ir,https://investorrelations.gd.com/,https://investorrelations.gd.com/,investorrelations.gd.com,,,0.00,robots or source terms blocked fetch,blocked,false,,,robots_or_source_terms_hard_block,manual_review,sha256:a9d2f4bf4834b424791004ebc14c91ddb80bf8b13eb1bcad070879f330246656
a22eb9ed1165fd09,gd_2022_q4,GD,General Dynamics Corporation,2022 Q4,,blocked,official_ir,https://investorrelations.gd.com/,https://investorrelations.gd.com/,investorrelations.gd.com,,,0.00,robots or source terms blocked fetch,blocked,false,,,robots_or_source_terms_hard_block,manual_review,sha256:65ddc77483751d8da1b6f61a5369dc84cdef0ad1c3da548504e21dc0b2ef7566
c06de57e25510fd4,gd_2023_q4,GD,General Dynamics Corporation,2023 Q4,,blocked,official_ir,https://investorrelations.gd.com/,https://investorrelations.gd.com/,investorrelations.gd.com,,,0.00,robots or source terms blocked fetch,blocked,false,,,robots_or_source_terms_hard_block,manual_review,sha256:d049ed879a9dd5a337fdbbfdb6cfa9d2fe7b873dd54aa8424db1d367370a3019
93438af5fe298576,gd_2024_q4,GD,General Dynamics Corporation,2024 Q4,,blocked,official_ir,https://investorrelations.gd.com/,https://investorrelations.gd.com/,investorrelations.gd.com,,,0.00,robots or source terms blocked fetch,blocked,false,,,robots_or_source_terms_hard_block,manual_review,sha256:6beafcffc313ded0b989cebe7eac15dcc9569118a4d90fe918baedb188dd482f
bc7de7e872013a31,gd_2025_q4,GD,General Dynamics Corporation,2025 Q4,,blocked,official_ir,https://investorrelations.gd.com/,https://investorrelations.gd.com/,investorrelations.gd.com,,,0.00,robots or source terms blocked fetch,blocked,false,,,robots_or_source_terms_hard_block,manual_review,sha256:c91d4cd5d870a75f29329bb1f8e8271cf76d38a5834144cadb7fe4237bc8b2a7
9bf464629f93b4a3,gis_2021_q4,GIS,"General Mills, Inc.",2021 Q4,,blocked,official_ir,https://investors.generalmills.com/,https://investors.generalmills.com/,investors.generalmills.com,,,0.00,robots or source terms blocked fetch,blocked,false,,,robots_or_source_terms_hard_block,manual_review,sha256:d4f54c1267b525fdb479d5d91e7d4f787793fcf868bbdabcf1bec0c31494c45b
0fc84c2c3577045b,gis_2022_q4,GIS,"General Mills, Inc.",2022 Q4,,blocked,official_ir,https://investors.generalmills.com/,https://investors.generalmills.com/,investors.generalmills.com,,,0.00,robots or source terms blocked fetch,blocked,false,,,robots_or_source_terms_hard_block,manual_review,sha256:9c318f14da5d1eba809a40fc9ee55b989d4ef87c2f04880ac36ab3b548b5f825
ffc24876e93c8a10,gis_2023_q4,GIS,"General Mills, Inc.",2023 Q4,,blocked,official_ir,https://investors.generalmills.com/,https://investors.generalmills.com/,investors.generalmills.com,,,0.00,robots or source terms blocked fetch,blocked,false,,,robots_or_source_terms_hard_block,manual_review,sha256:379fad80f835736c6ae0cb68fb4a0146b57448ba379af6e0e06123e0b7046351
97471e71decf3eb5,gis_2024_q4,GIS,"General Mills, Inc.",2024 Q4,,blocked,official_ir,https://investors.generalmills.com/,https://investors.generalmills.com/,investors.generalmills.com,,,0.00,robots or source terms blocked fetch,blocked,false,,,robots_or_source_terms_hard_block,manual_review,sha256:e079989c558e9e1c4cb5bf5fa590e67d98401dfa8bead68733b955f656f37bab
e49e838769fbbbed,gis_2025_q4,GIS,"General Mills, Inc.",2025 Q4,,blocked,official_ir,https://investors.generalmills.com/,https://investors.generalmills.com/,investors.generalmills.com,,,0.00,robots or source terms blocked fetch,blocked,false,,,robots_or_source_terms_hard_block,manual_review,sha256:71adf6241df60ad92262774288c2e5d71acbc4920a40a6b2e72627123baaf6ab
5f4e3cae3aad015d,hca_2021_q4,HCA,"HCA Healthcare, Inc.",2021 Q4,,blocked,official_ir,https://investor.hcahealthcare.com/,https://investor.hcahealthcare.com/,investor.hcahealthcare.com,,,0.00,robots or source terms blocked fetch,blocked,false,,,robots_or_source_terms_hard_block,manual_review,sha256:3cc47f7b3bb58dd0d707f1f3cf1d3e748da7a30439bf711eaae6fb2802149b7b
384d5461e7e5c296,hca_2022_q4,HCA,"HCA Healthcare, Inc.",2022 Q4,,blocked,official_ir,https://investor.hcahealthcare.com/,https://investor.hcahealthcare.com/,investor.hcahealthcare.com,,,0.00,robots or source terms blocked fetch,blocked,false,,,robots_or_source_terms_hard_block,manual_review,sha256:a6aca383b2d2afe1d6ce1acea79d288beb0a1f959fbfdee25e32301b6f0f086a
58b836c457555cf8,hca_2023_q4,HCA,"HCA Healthcare, Inc.",2023 Q4,,blocked,official_ir,https://investor.hcahealthcare.com/,https://investor.hcahealthcare.com/,investor.hcahealthcare.com,,,0.00,robots or source terms blocked fetch,blocked,false,,,robots_or_source_terms_hard_block,manual_review,sha256:67b43b39d3e3dda3bca1706a1a5dd18bfb3e8f99e242ca639ca983cdf3a10f9f
7836d7fe4d5af78a,hca_2024_q4,HCA,"HCA Healthcare, Inc.",2024 Q4,,blocked,official_ir,https://investor.hcahealthcare.com/,https://investor.hcahealthcare.com/,investor.hcahealthcare.com,,,0.00,robots or source terms blocked fetch,blocked,false,,,robots_or_source_terms_hard_block,manual_review,sha256:91bbfed38fcf3fb288e4bba194d9d70ca8fe2cd6a9d60a9e246528f1301354de
37a15f9fd0fc7bb3,hca_2025_q4,HCA,"HCA Healthcare, Inc.",2025 Q4,,blocked,official_ir,https://investor.hcahealthcare.com/,https://investor.hcahealthcare.com/,investor.hcahealthcare.com,,,0.00,robots or source terms blocked fetch,blocked,false,,,robots_or_source_terms_hard_block,manual_review,sha256:dc66e3aa698370e91c54680d5c37ab51cdcb4bfc95532c444dd2d14b6c96e527
672c0a26879ec2b6,hd_2021_q4,HD,"The Home Depot, Inc.",2021 Q4,,blocked,official_ir,https://ir.homedepot.com/,https://ir.homedepot.com/,ir.homedepot.com,,,0.00,robots or source terms blocked fetch,blocked,false,,,robots_or_source_terms_hard_block,manual_review,sha256:fa9b16fb322e2a394f741c3828546ebfe2d7636acbbdc69e1cabece8cf196023
095f97a097678a09,hd_2022_q4,HD,"The Home Depot, Inc.",2022 Q4,,blocked,official_ir,https://ir.homedepot.com/,https://ir.homedepot.com/,ir.homedepot.com,,,0.00,robots or source terms blocked fetch,blocked,false,,,robots_or_source_terms_hard_block,manual_review,sha256:d3e8efb365adb478a00b00ec1d04f4a8d02fd0d3d4d301f5a3a420a0c0e3e646
3337c48723ed8e14,hd_2023_q4,HD,"The Home Depot, Inc.",2023 Q4,,blocked,official_ir,https://ir.homedepot.com/,https://ir.homedepot.com/,ir.homedepot.com,,,0.00,robots or source terms blocked fetch,blocked,false,,,robots_or_source_terms_hard_block,manual_review,sha256:190c9aff828181a8b5d75cb4e755e17415b7c879f871e3c6369f039819e54444
1543b5e63abcc438,hd_2024_q4,HD,"The Home Depot, Inc.",2024 Q4,,blocked,official_ir,https://ir.homedepot.com/,https://ir.homedepot.com/,ir.homedepot.com,,,0.00,robots or source terms blocked fetch,blocked,false,,,robots_or_source_terms_hard_block,manual_review,sha256:7741f4bff105e450403983b23f4ccb909da70c03c5607e598ba443dde88e683b
9b0762458c0ad365,hd_2025_q4,HD,"The Home Depot, Inc.",2025 Q4,,blocked,official_ir,https://ir.homedepot.com/,https://ir.homedepot.com/,ir.homedepot.com,,,0.00,robots or source terms blocked fetch,blocked,false,,,robots_or_source_terms_hard_block,manual_review,sha256:6ffba149d425fa406f06e96152f60b536679bd79250fc104e8c33b288c53169b
4b56e8cb1d6916bb,hpq_2021_q4,HPQ,HP Inc.,2021 Q4,,blocked,official_ir,https://investor.hp.com/,https://investor.hp.com/,investor.hp.com,,,0.00,robots or source terms blocked fetch,blocked,false,,,robots_or_source_terms_hard_block,manual_review,sha256:aeba2746ab970e91d265ae2cb8e35bbcba54fe9cbdc3a29a465b1bb39518d200
35613ca52ed9d3d2,hpq_2022_q4,HPQ,HP Inc.,2022 Q4,,blocked,official_ir,https://investor.hp.com/,https://investor.hp.com/,investor.hp.com,,,0.00,robots or source terms blocked fetch,blocked,false,,,robots_or_source_terms_hard_block,manual_review,sha256:fc38fb90c541760d0509efa054051dcf838bf5050b499b727f79150b1e319652
060491c652fecdf5,hpq_2023_q4,HPQ,HP Inc.,2023 Q4,,blocked,official_ir,https://investor.hp.com/,https://investor.hp.com/,investor.hp.com,,,0.00,robots or source terms blocked fetch,blocked,false,,,robots_or_source_terms_hard_block,manual_review,sha256:95b456a5623449d3edecb8e48f6266fae433b13b2f351283ed64297fdf4c4a15
5771c79490dba031,hpq_2024_q4,HPQ,HP Inc.,2024 Q4,,blocked,official_ir,https://investor.hp.com/,https://investor.hp.com/,investor.hp.com,,,0.00,robots or source terms blocked fetch,blocked,false,,,robots_or_source_terms_hard_block,manual_review,sha256:8fdc70d9d8ec83174faf4177668cc037e1689ad5d7452fd1e5af8a557c9e079f
25aa77dd34de8295,hpq_2025_q4,HPQ,HP Inc.,2025 Q4,,blocked,official_ir,https://investor.hp.com/,https://investor.hp.com/,investor.hp.com,,,0.00,robots or source terms blocked fetch,blocked,false,,,robots_or_source_terms_hard_block,manual_review,sha256:4e4a9f0fbd955def1377aea2eb8eda40cfb4029120382da1cbc505b121fdc2d4
b073dfc6d13e483c,ice_2021_q4,ICE,"Intercontinental Exchange, Inc.",2021 Q4,,blocked,official_ir,https://ir.theice.com/,https://ir.theice.com/,ir.theice.com,,,0.00,robots or source terms blocked fetch,blocked,false,,,robots_or_source_terms_hard_block,manual_review,sha256:02321b344c347d31cff0852328d985e30a2d0a45c34d3201aed66bdb3b5927d2
cedd8bc0837af4bc,ice_2022_q4,ICE,"Intercontinental Exchange, Inc.",2022 Q4,,blocked,official_ir,https://ir.theice.com/,https://ir.theice.com/,ir.theice.com,,,0.00,robots or source terms blocked fetch,blocked,false,,,robots_or_source_terms_hard_block,manual_review,sha256:9a52b66d4cc445142de9ab7e0b7fcc9150c08961a16eb120be8f158a9f527e27
4b91060e5022a738,ice_2023_q4,ICE,"Intercontinental Exchange, Inc.",2023 Q4,,blocked,official_ir,https://ir.theice.com/,https://ir.theice.com/,ir.theice.com,,,0.00,robots or source terms blocked fetch,blocked,false,,,robots_or_source_terms_hard_block,manual_review,sha256:2e02b018d42ccdd04e58e4a639467cd4a31e7287cffd1926895bf5606a462b7c
9e02f15f5e86d35d,ice_2024_q4,ICE,"Intercontinental Exchange, Inc.",2024 Q4,,blocked,official_ir,https://ir.theice.com/,https://ir.theice.com/,ir.theice.com,,,0.00,robots or source terms blocked fetch,blocked,false,,,robots_or_source_terms_hard_block,manual_review,sha256:2991494af88ab6a76b344db60f17f0d0a05dd5059ecb8937ccb7c69bed093ecb
1854d683e50cd515,ice_2025_q4,ICE,"Intercontinental Exchange, Inc.",2025 Q4,,blocked,official_ir,https://ir.theice.com/,https://ir.theice.com/,ir.theice.com,,,0.00,robots or source terms blocked fetch,blocked,false,,,robots_or_source_terms_hard_block,manual_review,sha256:6af4fc0a7717ad6b5139f8447457b8a3ce895723182d9769ff4fb2cba2188543
f5d651157185e155,itw_2021_q4,ITW,Illinois Tool Works Inc.,2021 Q4,,blocked,official_ir,https://investor.itw.com/,https://investor.itw.com/,investor.itw.com,,,0.00,robots or source terms blocked fetch,blocked,false,,,robots_or_source_terms_hard_block,manual_review,sha256:b6e4d79487407e7d2e53797d7eede2edf1ef0e5583c776a04c954d6fa5423a47
76eaf8da138be723,itw_2022_q4,ITW,Illinois Tool Works Inc.,2022 Q4,,blocked,official_ir,https://investor.itw.com/,https://investor.itw.com/,investor.itw.com,,,0.00,robots or source terms blocked fetch,blocked,false,,,robots_or_source_terms_hard_block,manual_review,sha256:d92ed983ff7f0fed4426fe68576a812537e52abdfc1fd8662a83c8913c2b7e23
bd07d8d3c2c64ec7,itw_2023_q4,ITW,Illinois Tool Works Inc.,2023 Q4,,blocked,official_ir,https://investor.itw.com/,https://investor.itw.com/,investor.itw.com,,,0.00,robots or source terms blocked fetch,blocked,false,,,robots_or_source_terms_hard_block,manual_review,sha256:13eeb39eb70e1a9dfd68ce66d3142ce660e4444ddff270bcd9ae9818f1b50bd4
68bf98e2824c746e,itw_2024_q4,ITW,Illinois Tool Works Inc.,2024 Q4,,blocked,official_ir,https://investor.itw.com/,https://investor.itw.com/,investor.itw.com,,,0.00,robots or source terms blocked fetch,blocked,false,,,robots_or_source_terms_hard_block,manual_review,sha256:4ec63793ce4a4b867030508ee8984916a63c139758f38170d36315216d3d142b
edf6569737e7a9d3,itw_2025_q4,ITW,Illinois Tool Works Inc.,2025 Q4,,blocked,official_ir,https://investor.itw.com/,https://investor.itw.com/,investor.itw.com,,,0.00,robots or source terms blocked fetch,blocked,false,,,robots_or_source_terms_hard_block,manual_review,sha256:fd8f27bdcbc8430dbb43cc39a9d3b09ba421f2fe43319a46c4f4a5177d023fb1
367a91a2c3a4a90f,jnj_2021_q4,JNJ,Johnson & Johnson,2021 Q4,,blocked,official_ir,https://www.investor.jnj.com/,https://www.investor.jnj.com/,www.investor.jnj.com,,,0.00,robots or source terms blocked fetch,blocked,false,,,robots_or_source_terms_hard_block,manual_review,sha256:3efcfe450d09d8dfe4936e68349cc9574382c26730bc179a9c64e07e9d2c0d52
1539dacf9877a654,jnj_2022_q4,JNJ,Johnson & Johnson,2022 Q4,,blocked,official_ir,https://www.investor.jnj.com/,https://www.investor.jnj.com/,www.investor.jnj.com,,,0.00,robots or source terms blocked fetch,blocked,false,,,robots_or_source_terms_hard_block,manual_review,sha256:b64c8146d3237e4a50ac1a372ac3b539f11769116595ba6e443e33bddf9bc623
9cb66ea8f2ac8bd2,jnj_2023_q4,JNJ,Johnson & Johnson,2023 Q4,,blocked,official_ir,https://www.investor.jnj.com/,https://www.investor.jnj.com/,www.investor.jnj.com,,,0.00,robots or source terms blocked fetch,blocked,false,,,robots_or_source_terms_hard_block,manual_review,sha256:a76394ab8b47cd7446829c617c565c5674109b256093d69ff7cd8bf7a929f9f8
37baf77e8ad985d5,jnj_2024_q4,JNJ,Johnson & Johnson,2024 Q4,,blocked,official_ir,https://www.investor.jnj.com/,https://www.investor.jnj.com/,www.investor.jnj.com,,,0.00,robots or source terms blocked fetch,blocked,false,,,robots_or_source_terms_hard_block,manual_review,sha256:1928105c00ed1b874bd625b667507a6046fb407d6b3a780414815f6ce24c48c4
2ef50a233b48ac06,jnj_2025_q4,JNJ,Johnson & Johnson,2025 Q4,,blocked,official_ir,https://www.investor.jnj.com/,https://www.investor.jnj.com/,www.investor.jnj.com,,,0.00,robots or source terms blocked fetch,blocked,false,,,robots_or_source_terms_hard_block,manual_review,sha256:514d7fa3fa04a4c6191ae24c7883dd40e81cadf23d63f16534632d1c6e3a3597
85f7f75e1afc45e8,jpm_2025_q4,JPM,JPMorgan Chase & Co.,2025 Q4,,blocked,official_ir,https://www.jpmorganchase.com/ir,https://cloud.impact.jpmchase.com/rpisubscription,cloud.impact.jpmchase.com,,,0.00,blocked linked URL class,blocked,false,,,paywall_or_login_or_drm_blocked,skip,sha256:f73d53a13a9d61e47f645784d0ccce2b5501a0bc797ded8df543df19ed1f2e63
2a390f1672df7079,jpm_2025_q4,JPM,JPMorgan Chase & Co.,2025 Q4,,blocked,official_ir,https://www.jpmorganchase.com/ir,https://www.jpmorganchase.com/content/dam/jpmc/jpmorgan-chase-and-co/investor-relations/documents/2026-company-updates/company-update-chairman-ceo-transcript.pdf,www.jpmorganchase.com,.pdf,,0.00,linked direct asset did not match target fiscal period or earnings-call context,metadata_only,false,,,mismatched_event_period_or_non_earnings,manual_review,sha256:8a674d49ba54b5099747fcf86b55faba97b94a0a26fc10913758465e32186f92
64bbfa9018ddf758,jpm_2025_q4,JPM,JPMorgan Chase & Co.,2025 Q4,,blocked,official_ir,https://www.jpmorganchase.com/ir,https://www.jpmorganchase.com/content/dam/jpmc/jpmorgan-chase-and-co/investor-relations/documents/2026-company-updates/company-update-firm-overview-transcript.pdf,www.jpmorganchase.com,.pdf,,0.00,linked direct asset did not match target fiscal period or earnings-call context,metadata_only,false,,,mismatched_event_period_or_non_earnings,manual_review,sha256:c08605a9ff1c877ef6e34d237bfa4d8c11caa21f496b2ed1016d026349df60db
417c6929a806ad09,jpm_2025_q4,JPM,JPMorgan Chase & Co.,2025 Q4,,blocked,official_ir,https://www.jpmorganchase.com/ir,https://www.jpmorganchase.com/content/dam/jpmc/jpmorgan-chase-and-co/investor-relations/documents/2026-company-updates/company-update-full-event-transcript.pdf,www.jpmorganchase.com,.pdf,,0.00,linked direct asset did not match target fiscal period or earnings-call context,metadata_only,false,,,mismatched_event_period_or_non_earnings,manual_review,sha256:ad18c175742f66d4facd31d53bab7f93406c7b64ebec3e4baab49a59f705a2d8
cea6ce27818990ae,jpm_2025_q4,JPM,JPMorgan Chase & Co.,2025 Q4,,blocked,official_ir,https://www.jpmorganchase.com/ir,https://www.jpmorganchase.com/content/dam/jpmc/jpmorgan-chase-and-co/investor-relations/documents/2026-company-updates/company-update-highlights-transcript.pdf,www.jpmorganchase.com,.pdf,,0.00,linked direct asset did not match target fiscal period or earnings-call context,metadata_only,false,,,mismatched_event_period_or_non_earnings,manual_review,sha256:22187b2e54efdfc89af118b71ab152e4d3bb68b6ae53a8f03938a280cf395603
28257c505fdd49d6,jpm_2025_q4,JPM,JPMorgan Chase & Co.,2025 Q4,,blocked,official_ir,https://www.jpmorganchase.com/ir,https://www.jpmorganchase.com/content/dam/jpmc/jpmorgan-chase-and-co/investor-relations/documents/2026-company-updates/company-update-lob-qa-transcript.pdf,www.jpmorganchase.com,.pdf,,0.00,linked direct asset did not match target fiscal period or earnings-call context,metadata_only,false,,,mismatched_event_period_or_non_earnings,manual_review,sha256:1fde22fc14ef2b950fdb7d6f2a5c4c606b92e63cbb1976e791a4aaac7ce8c3ec
7e3ca5460657a1df,jpm_2025_q4,JPM,JPMorgan Chase & Co.,2025 Q4,,blocked,official_ir,https://www.jpmorganchase.com/ir,https://www.jpmorganchase.com/content/dam/jpmc/jpmorgan-chase-and-co/investor-relations/documents/events/2025/jpmc-2025-investor-day/2025-investor-day-transcript-highlights.pdf,www.jpmorganchase.com,.pdf,,0.00,linked direct asset did not match target fiscal period or earnings-call context,metadata_only,false,,,mismatched_event_period_or_non_earnings,manual_review,sha256:02d7cc5db3f86c248e65b03480d0b738a00d907f7f64290255134eb5da93cec7
dfe32ef2361c606e,jpm_2025_q4,JPM,JPMorgan Chase & Co.,2025 Q4,,blocked,official_ir,https://www.jpmorganchase.com/ir,https://www.jpmorganchase.com/content/dam/jpmc/jpmorgan-chase-and-co/investor-relations/documents/events/2025/jpmc-2025-investor-day/awm.pdf,www.jpmorganchase.com,.pdf,,0.00,linked direct asset did not match target fiscal period or earnings-call context,metadata_only,false,,,mismatched_event_period_or_non_earnings,manual_review,sha256:09c17079d9d4981f03c3bcf629217ad4442038def76294fcf74459f223dd0a1e
156b98882df13973,jpm_2025_q4,JPM,JPMorgan Chase & Co.,2025 Q4,,blocked,official_ir,https://www.jpmorganchase.com/ir,https://www.jpmorganchase.com/content/dam/jpmc/jpmorgan-chase-and-co/investor-relations/documents/events/2025/jpmc-2025-investor-day/ccb.pdf,www.jpmorganchase.com,.pdf,,0.00,linked direct asset did not match target fiscal period or earnings-call context,metadata_only,false,,,mismatched_event_period_or_non_earnings,manual_review,sha256:4d016357cddb8d2b479bec409340d7fec76682871eadfa893d034d987e9f5d4d
aa3ac1cae8de27b8,jpm_2025_q4,JPM,JPMorgan Chase & Co.,2025 Q4,,blocked,official_ir,https://www.jpmorganchase.com/ir,https://www.jpmorganchase.com/content/dam/jpmc/jpmorgan-chase-and-co/investor-relations/documents/events/2025/jpmc-2025-investor-day/cib.pdf,www.jpmorganchase.com,.pdf,,0.00,linked direct asset did not match target fiscal period or earnings-call context,metadata_only,false,,,mismatched_event_period_or_non_earnings,manual_review,sha256:0eb0c8a623cb1723543a82b74a91b7fcef0ec484dba5fcd2128e7751bb31a782
5eba8b8ee29325b9,jpm_2025_q4,JPM,JPMorgan Chase & Co.,2025 Q4,,blocked,official_ir,https://www.jpmorganchase.com/ir,https://www.jpmorganchase.com/content/dam/jpmc/jpmorgan-chase-and-co/investor-relations/documents/events/2025/jpmc-2025-investor-day/closing-remarks-q-and-a.pdf,www.jpmorganchase.com,.pdf,,0.00,linked direct asset did not match target fiscal period or earnings-call context,metadata_only,false,,,mismatched_event_period_or_non_earnings,manual_review,sha256:b4e21e20686e26fe0797434b2ad6a90f0422e391276bca674eef86cdc5a8da7f
cad6809424f3716e,jpm_2025_q4,JPM,JPMorgan Chase & Co.,2025 Q4,,blocked,official_ir,https://www.jpmorganchase.com/ir,https://www.jpmorganchase.com/content/dam/jpmc/jpmorgan-chase-and-co/investor-relations/documents/events/2025/jpmc-2025-investor-day/conference-opening.pdf,www.jpmorganchase.com,.pdf,,0.00,linked direct asset did not match target fiscal period or earnings-call context,metadata_only,false,,,mismatched_event_period_or_non_earnings,manual_review,sha256:ab06ff34b466469b367573eea032f69d69fc6e039ed5186a8da7876e86d8ad84
22c8d5c403127103,jpm_2025_q4,JPM,JPMorgan Chase & Co.,2025 Q4,,blocked,official_ir,https://www.jpmorganchase.com/ir,https://www.jpmorganchase.com/content/dam/jpmc/jpmorgan-chase-and-co/investor-relations/documents/events/2025/jpmc-2025-investor-day/firm-overview-transcript.pdf,www.jpmorganchase.com,.pdf,,0.00,linked direct asset did not match target fiscal period or earnings-call context,metadata_only,false,,,mismatched_event_period_or_non_earnings,manual_review,sha256:87a1bf5eb972942aaa438496640d8b5bf3bc841b25522be6377be098cda65ba3
916aa704580461e4,jpm_2025_q4,JPM,JPMorgan Chase & Co.,2025 Q4,,blocked,official_ir,https://www.jpmorganchase.com/ir,https://www.jpmorganchase.com/content/dam/jpmc/jpmorgan-chase-and-co/investor-relations/documents/events/2025/jpmc-2025-investor-day/full-transcript.pdf,www.jpmorganchase.com,.pdf,,0.00,linked direct asset did not match target fiscal period or earnings-call context,metadata_only,false,,,mismatched_event_period_or_non_earnings,manual_review,sha256:a48e5aea43304a47221b9cab7c5d446ced36dec601cf35cd4a1104784dbb13d7
5aa7d2ea238c894b,jpm_2025_q4,JPM,JPMorgan Chase & Co.,2025 Q4,,blocked,official_ir,https://www.jpmorganchase.com/ir,https://www.jpmorganchase.com/content/dam/jpmc/jpmorgan-chase-and-co/investor-relations/documents/quarterly-earnings/2026/1st-quarter/1q26-earnings-transcript.pdf,www.jpmorganchase.com,.pdf,,0.00,linked direct asset did not match target fiscal period or earnings-call context,metadata_only,false,,,mismatched_event_period_or_non_earnings,manual_review,sha256:5a5e39e3e9172b9441f375cd9af19261fa95ef77d400cbc8c3d83915f2b17ab8
e4d595fc079bbcd8,jpm_2025_q4,JPM,JPMorgan Chase & Co.,2025 Q4,,blocked,official_ir,https://www.jpmorganchase.com/ir,https://www.youtube.com/jpmorgan,www.youtube.com,,,0.00,blocked linked URL class,blocked,false,,,youtube_media_blocked,skip,sha256:3152ed3d7a95682c845e20fae34897945f567a08c954b2a8a133327a9bbc29c4
09dc8e53651d4ac4,kr_2021_q4,KR,The Kroger Co.,2021 Q4,,blocked,official_ir,https://ir.kroger.com/,https://ir.kroger.com/,ir.kroger.com,,,0.00,robots or source terms blocked fetch,blocked,false,,,robots_or_source_terms_hard_block,manual_review,sha256:7a67335db6d1699175c385c2905fa11f90939bd264fb3df3e3c2384ea11b3e6f
5b1f411c9625326e,kr_2022_q4,KR,The Kroger Co.,2022 Q4,,blocked,official_ir,https://ir.kroger.com/,https://ir.kroger.com/,ir.kroger.com,,,0.00,robots or source terms blocked fetch,blocked,false,,,robots_or_source_terms_hard_block,manual_review,sha256:285ab5d75b016dd4d5db6de1005cbf9d2438883a76b57c0cf9a321fa2e2db264
3c98ff41585a4298,kr_2023_q4,KR,The Kroger Co.,2023 Q4,,blocked,official_ir,https://ir.kroger.com/,https://ir.kroger.com/,ir.kroger.com,,,0.00,robots or source terms blocked fetch,blocked,false,,,robots_or_source_terms_hard_block,manual_review,sha256:30ef92dd890f5ffe15718072d3572f39b11d8dccfc658b032332e28a0d7359be
5f8baa9b8ee2da76,kr_2024_q4,KR,The Kroger Co.,2024 Q4,,blocked,official_ir,https://ir.kroger.com/,https://ir.kroger.com/,ir.kroger.com,,,0.00,robots or source terms blocked fetch,blocked,false,,,robots_or_source_terms_hard_block,manual_review,sha256:fb9bca2bdf4e43aad95f5033995db3ca4b080e44f03ec8f25ac5a0c90746a84c
db0d1f2cd56d0b98,kr_2025_q4,KR,The Kroger Co.,2025 Q4,,blocked,official_ir,https://ir.kroger.com/,https://ir.kroger.com/,ir.kroger.com,,,0.00,robots or source terms blocked fetch,blocked,false,,,robots_or_source_terms_hard_block,manual_review,sha256:032b3edd9de6ef1908e2d05c93257823446c96342accc809ddfcf57367e14f6a
862e8d9070bb5bfc,low_2021_q4,LOW,"Lowe's Companies, Inc.",2021 Q4,,blocked,official_ir,https://corporate.lowes.com/investors,https://corporate.lowes.com/investors,corporate.lowes.com,,,0.00,robots or source terms blocked fetch,blocked,false,,,robots_or_source_terms_hard_block,manual_review,sha256:38e6a25b321cced0e4a4ed89bb1ed1abcd3a28a6f000ac333b1116bdfc90cd43
e9ba6e6226c7bfac,low_2022_q4,LOW,"Lowe's Companies, Inc.",2022 Q4,,blocked,official_ir,https://corporate.lowes.com/investors,https://corporate.lowes.com/investors,corporate.lowes.com,,,0.00,robots or source terms blocked fetch,blocked,false,,,robots_or_source_terms_hard_block,manual_review,sha256:50c2515c5d32851e9520a91c2d488112b24d195cda83c2e65b638a989b4e67f4
73c809ec60878ac1,low_2023_q4,LOW,"Lowe's Companies, Inc.",2023 Q4,,blocked,official_ir,https://corporate.lowes.com/investors,https://corporate.lowes.com/investors,corporate.lowes.com,,,0.00,robots or source terms blocked fetch,blocked,false,,,robots_or_source_terms_hard_block,manual_review,sha256:522308e0edbcf517276f99ca5cb4c59e17ee953801b52ff0e7e53983375d4b92
e64de36a665c6903,low_2024_q4,LOW,"Lowe's Companies, Inc.",2024 Q4,,blocked,official_ir,https://corporate.lowes.com/investors,https://corporate.lowes.com/investors,corporate.lowes.com,,,0.00,robots or source terms blocked fetch,blocked,false,,,robots_or_source_terms_hard_block,manual_review,sha256:8e2e94501cd57d0bdbbfb7d22a29aaec4dd6f8404e26dc2f6b35fafee94eda82
b03f599c69488ca5,low_2025_q4,LOW,"Lowe's Companies, Inc.",2025 Q4,,blocked,official_ir,https://corporate.lowes.com/investors,https://corporate.lowes.com/investors,corporate.lowes.com,,,0.00,robots or source terms blocked fetch,blocked,false,,,robots_or_source_terms_hard_block,manual_review,sha256:0f0d1e26528f33f86fe4dbbbe07b33f336c207238684a55e498349452593bbd6
81f93886c858c398,ma_2021_q4,MA,Mastercard Incorporated,2021 Q4,,blocked,official_ir,https://investor.mastercard.com/,https://investor.mastercard.com/,investor.mastercard.com,,,0.00,robots or source terms blocked fetch,blocked,false,,,robots_or_source_terms_hard_block,manual_review,sha256:dd475d237770d0f13a4ca75a29fb83fda31f0550c352c337eee6c98391e6cf48
c6063472b7db16d0,ma_2022_q4,MA,Mastercard Incorporated,2022 Q4,,blocked,official_ir,https://investor.mastercard.com/,https://investor.mastercard.com/,investor.mastercard.com,,,0.00,robots or source terms blocked fetch,blocked,false,,,robots_or_source_terms_hard_block,manual_review,sha256:db85c9bcc21b96e1d36ee9d0f1106a9677c705d33cb4e5db8d70a3f2d0e6dd9c
bb386b60cb1688ee,ma_2023_q4,MA,Mastercard Incorporated,2023 Q4,,blocked,official_ir,https://investor.mastercard.com/,https://investor.mastercard.com/,investor.mastercard.com,,,0.00,robots or source terms blocked fetch,blocked,false,,,robots_or_source_terms_hard_block,manual_review,sha256:8f7815daac74390bcbe769ec58ae30a9c055f459d0903890c5dcfa1b92b3da65
c00323ff11d3a24c,ma_2024_q4,MA,Mastercard Incorporated,2024 Q4,,blocked,official_ir,https://investor.mastercard.com/,https://investor.mastercard.com/,investor.mastercard.com,,,0.00,robots or source terms blocked fetch,blocked,false,,,robots_or_source_terms_hard_block,manual_review,sha256:1c0783d60d3c04e548a22882e92e681bff61c95ebb76d66b12a5b5a2694f53fe
b9073d31ca126b57,ma_2025_q4,MA,Mastercard Incorporated,2025 Q4,,blocked,official_ir,https://investor.mastercard.com/,https://investor.mastercard.com/,investor.mastercard.com,,,0.00,robots or source terms blocked fetch,blocked,false,,,robots_or_source_terms_hard_block,manual_review,sha256:4ea87013f11d64d10cc65d8e67323fd67d7548c2709e9d953a830f776b9bb6c5
df18bdbb6d0ce34b,mco_2021_q4,MCO,Moody's Corporation,2021 Q4,,blocked,official_ir,https://ir.moodys.com/,https://ir.moodys.com/,ir.moodys.com,,,0.00,robots or source terms blocked fetch,blocked,false,,,robots_or_source_terms_hard_block,manual_review,sha256:9fd49864df85a5d79668d3fbf573aec79830deb25eba2b8d27a8b449cfa77c97
24c5d75f0072a36d,mco_2022_q4,MCO,Moody's Corporation,2022 Q4,,blocked,official_ir,https://ir.moodys.com/,https://ir.moodys.com/,ir.moodys.com,,,0.00,robots or source terms blocked fetch,blocked,false,,,robots_or_source_terms_hard_block,manual_review,sha256:ae72aac5bb879d58cdda419d4a0a846b83fc588ece778716a7bafe352e01a4d4
760459314d38d548,mco_2023_q4,MCO,Moody's Corporation,2023 Q4,,blocked,official_ir,https://ir.moodys.com/,https://ir.moodys.com/,ir.moodys.com,,,0.00,robots or source terms blocked fetch,blocked,false,,,robots_or_source_terms_hard_block,manual_review,sha256:243098981e5930cac3c0492bf523e3ba1b3aca7793faebdad052a04c3186868e
524155cee7e42a27,mco_2024_q4,MCO,Moody's Corporation,2024 Q4,,blocked,official_ir,https://ir.moodys.com/,https://ir.moodys.com/,ir.moodys.com,,,0.00,robots or source terms blocked fetch,blocked,false,,,robots_or_source_terms_hard_block,manual_review,sha256:e5cc8aa868e9dea6a177c29153408660061b173adeb7e4f33235f636b77a7889
b3feecc5fe666413,mco_2025_q4,MCO,Moody's Corporation,2025 Q4,,blocked,official_ir,https://ir.moodys.com/,https://ir.moodys.com/,ir.moodys.com,,,0.00,robots or source terms blocked fetch,blocked,false,,,robots_or_source_terms_hard_block,manual_review,sha256:b0043cc647e02480415d147766bc8be80b07ac5a6cb78e2ff289f2895045fc53
8acfc1625c685bb4,mdt_2021_q4,MDT,Medtronic plc,2021 Q4,,blocked,official_ir,https://investorrelations.medtronic.com/,https://investorrelations.medtronic.com/,investorrelations.medtronic.com,,,0.00,robots or source terms blocked fetch,blocked,false,,,robots_or_source_terms_hard_block,manual_review,sha256:1f1019b67b3f9440b21d6a30e7e81cce85c40180e9e2eeef1cd24ac91ddd95c4
5a286e030a7febbe,mdt_2022_q4,MDT,Medtronic plc,2022 Q4,,blocked,official_ir,https://investorrelations.medtronic.com/,https://investorrelations.medtronic.com/,investorrelations.medtronic.com,,,0.00,robots or source terms blocked fetch,blocked,false,,,robots_or_source_terms_hard_block,manual_review,sha256:8b61aafe883ceb9caea61dddb507fe03cbc59eea8830061ceec3f9cbcd075de5
3427d602ec9382b8,mdt_2023_q4,MDT,Medtronic plc,2023 Q4,,blocked,official_ir,https://investorrelations.medtronic.com/,https://investorrelations.medtronic.com/,investorrelations.medtronic.com,,,0.00,robots or source terms blocked fetch,blocked,false,,,robots_or_source_terms_hard_block,manual_review,sha256:5303c1dc70968a6e22209d762ba4c6a73f51acdd75f4ef446f803ceb0d5e8d70
8b99dc98e7d7fb7a,mdt_2024_q4,MDT,Medtronic plc,2024 Q4,,blocked,official_ir,https://investorrelations.medtronic.com/,https://investorrelations.medtronic.com/,investorrelations.medtronic.com,,,0.00,robots or source terms blocked fetch,blocked,false,,,robots_or_source_terms_hard_block,manual_review,sha256:4b6e404f3aec65edfeed30ea5b00b4ebc4482f8a11541092d78d3efe28546f39
11ba9fd8519273ca,mdt_2025_q4,MDT,Medtronic plc,2025 Q4,,blocked,official_ir,https://investorrelations.medtronic.com/,https://investorrelations.medtronic.com/,investorrelations.medtronic.com,,,0.00,robots or source terms blocked fetch,blocked,false,,,robots_or_source_terms_hard_block,manual_review,sha256:c7dde1e245f650e745e9e180e29a37ab8388101696aa3f5ed68f752f9ade6ebc
3f62189520a9b5a6,met_2021_q4,MET,"MetLife, Inc.",2021 Q4,,blocked,official_ir,https://investor.metlife.com/,https://investor.metlife.com/,investor.metlife.com,,,0.00,robots or source terms blocked fetch,blocked,false,,,robots_or_source_terms_hard_block,manual_review,sha256:426899dfe0258ff4b856634bc14aee6a3d36131d9cb9f297a0b2ede029faeaa4
390c9addaf0f43d4,met_2022_q4,MET,"MetLife, Inc.",2022 Q4,,blocked,official_ir,https://investor.metlife.com/,https://investor.metlife.com/,investor.metlife.com,,,0.00,robots or source terms blocked fetch,blocked,false,,,robots_or_source_terms_hard_block,manual_review,sha256:2bbe3950368edb8c538577fa68af904b3631831e944c19702a7fba0c08400404
a69b321cae17e115,met_2023_q4,MET,"MetLife, Inc.",2023 Q4,,blocked,official_ir,https://investor.metlife.com/,https://investor.metlife.com/,investor.metlife.com,,,0.00,robots or source terms blocked fetch,blocked,false,,,robots_or_source_terms_hard_block,manual_review,sha256:7ce6153776377efb1f7570e0c2979761f8b0785ba79e2627ad2aa3b2a170d5ba
39a97d057de4239f,met_2024_q4,MET,"MetLife, Inc.",2024 Q4,,blocked,official_ir,https://investor.metlife.com/,https://investor.metlife.com/,investor.metlife.com,,,0.00,robots or source terms blocked fetch,blocked,false,,,robots_or_source_terms_hard_block,manual_review,sha256:a8a290612e8e892972637e84f28eb3fe0779d6697f205e40db2bf2443fc46e83
9f06419cb10bd3e3,met_2025_q4,MET,"MetLife, Inc.",2025 Q4,,blocked,official_ir,https://investor.metlife.com/,https://investor.metlife.com/,investor.metlife.com,,,0.00,robots or source terms blocked fetch,blocked,false,,,robots_or_source_terms_hard_block,manual_review,sha256:f8d3f53f0540dd62fcdf512e508d50dc41f7ab0d7bf62c3c69bad6337af35821
6e76b5b02dc73261,mpc_2021_q4,MPC,Marathon Petroleum Corporation,2021 Q4,,blocked,official_ir,https://www.marathonpetroleum.com/Investors/,https://www.marathonpetroleum.com/Investors/,www.marathonpetroleum.com,,,0.00,robots or source terms blocked fetch,blocked,false,,,robots_or_source_terms_hard_block,manual_review,sha256:a0f0f08f42199901bb425bfe3d756bd34650bde54df3c2ac44460970560f8ab9
4ceffab8faf60266,mpc_2022_q4,MPC,Marathon Petroleum Corporation,2022 Q4,,blocked,official_ir,https://www.marathonpetroleum.com/Investors/,https://www.marathonpetroleum.com/Investors/,www.marathonpetroleum.com,,,0.00,robots or source terms blocked fetch,blocked,false,,,robots_or_source_terms_hard_block,manual_review,sha256:6e715cf14c1e8732001adc29826aaff71c37c70583cd914f0c696c2d97e0988d
82bd226fd8a39ad8,mpc_2023_q4,MPC,Marathon Petroleum Corporation,2023 Q4,,blocked,official_ir,https://www.marathonpetroleum.com/Investors/,https://www.marathonpetroleum.com/Investors/,www.marathonpetroleum.com,,,0.00,robots or source terms blocked fetch,blocked,false,,,robots_or_source_terms_hard_block,manual_review,sha256:e7672bab84bc80f2a90f799596cfd93f7a814f298f16f818f343922eab365b48
b44846876c6a0e49,mpc_2024_q4,MPC,Marathon Petroleum Corporation,2024 Q4,,blocked,official_ir,https://www.marathonpetroleum.com/Investors/,https://www.marathonpetroleum.com/Investors/,www.marathonpetroleum.com,,,0.00,robots or source terms blocked fetch,blocked,false,,,robots_or_source_terms_hard_block,manual_review,sha256:7f00918f075be554bf632731b323fed8737d2e0cdc1fadc239288ccdb216e522
be2a42293dbe7582,mpc_2025_q4,MPC,Marathon Petroleum Corporation,2025 Q4,,blocked,official_ir,https://www.marathonpetroleum.com/Investors/,https://www.marathonpetroleum.com/Investors/,www.marathonpetroleum.com,,,0.00,robots or source terms blocked fetch,blocked,false,,,robots_or_source_terms_hard_block,manual_review,sha256:0316c8c8a43c76a9a6024e48ba8c7c6c842fe978c9fd098249ecb290f3a4c9e6
68333806321b6223,net_2021_q4,NET,"Cloudflare, Inc.",2021 Q4,,blocked,official_ir,https://cloudflare.net/news-and-events/events-and-presentations,https://cloudflare.net/news-and-events/events-and-presentations,cloudflare.net,,,0.00,robots or source terms blocked fetch,blocked,false,,,robots_or_source_terms_hard_block,manual_review,sha256:898bebdfe1e253e9f9072679ec25ba66d89724082c7e4c95167c2b55508ffa6e
8016533ef766f72c,net_2022_q4,NET,"Cloudflare, Inc.",2022 Q4,,blocked,official_ir,https://cloudflare.net/news-and-events/events-and-presentations,https://cloudflare.net/news-and-events/events-and-presentations,cloudflare.net,,,0.00,robots or source terms blocked fetch,blocked,false,,,robots_or_source_terms_hard_block,manual_review,sha256:51c5cf07ff235d7934fdc0412cbf79648933bcfb0af214fe1d56565be37b22b4
f8e154dbd089232f,net_2023_q4,NET,"Cloudflare, Inc.",2023 Q4,,blocked,official_ir,https://cloudflare.net/news-and-events/events-and-presentations,https://cloudflare.net/news-and-events/events-and-presentations,cloudflare.net,,,0.00,robots or source terms blocked fetch,blocked,false,,,robots_or_source_terms_hard_block,manual_review,sha256:7c90dabb65eb83fac3b00c48f2fa5e238a6423a09c8680f6707d5cec6d1103c6
44ed1328ae3ed836,net_2024_q4,NET,"Cloudflare, Inc.",2024 Q4,,blocked,official_ir,https://cloudflare.net/news-and-events/events-and-presentations,https://cloudflare.net/news-and-events/events-and-presentations,cloudflare.net,,,0.00,robots or source terms blocked fetch,blocked,false,,,robots_or_source_terms_hard_block,manual_review,sha256:80335d99f3342a7872d03c4e0587b7227d3c3ce114bbd604fb305d563d674a5f
395b7bfbde59ae4f,net_2025_q4,NET,"Cloudflare, Inc.",2025 Q4,,blocked,official_ir,https://cloudflare.net/news-and-events/events-and-presentations,https://cloudflare.net/news-and-events/events-and-presentations,cloudflare.net,,,0.00,robots or source terms blocked fetch,blocked,false,,,robots_or_source_terms_hard_block,manual_review,sha256:b9b9c5d51681abc281501407fa4be4a5c92f6b42d828bc936ceba5e0079d8891
0b2e4ed7e563eb8e,nke_2021_q4,NKE,"NIKE, Inc.",2021 Q4,,blocked,official_ir,https://investors.nike.com/,https://investors.nike.com/,investors.nike.com,,,0.00,robots or source terms blocked fetch,blocked,false,,,robots_or_source_terms_hard_block,manual_review,sha256:e04301e8257582f473c0f3f86ebd4113fb7d8ed75f1dd106a27d1c45d1551c64
adc9a57473bb1ca8,nke_2022_q4,NKE,"NIKE, Inc.",2022 Q4,,blocked,official_ir,https://investors.nike.com/,https://investors.nike.com/,investors.nike.com,,,0.00,robots or source terms blocked fetch,blocked,false,,,robots_or_source_terms_hard_block,manual_review,sha256:490f468b70b08d426d0d40c39025cafb74a8a81030ee7e315b04cb935c095a03
4038c23815fe9a24,nke_2023_q4,NKE,"NIKE, Inc.",2023 Q4,,blocked,official_ir,https://investors.nike.com/,https://investors.nike.com/,investors.nike.com,,,0.00,robots or source terms blocked fetch,blocked,false,,,robots_or_source_terms_hard_block,manual_review,sha256:e44b9cfcdf8ed20c94cd00bdf775c648bc6e8edb53a83171ac1680ab1186b151
5e9edfc4da6eb1fc,nke_2024_q4,NKE,"NIKE, Inc.",2024 Q4,,blocked,official_ir,https://investors.nike.com/,https://investors.nike.com/,investors.nike.com,,,0.00,robots or source terms blocked fetch,blocked,false,,,robots_or_source_terms_hard_block,manual_review,sha256:a70fc654c6b35d960a0bdd954f3744b3e3200defb5d3e77ece252b547a86424a
5995ab55c482f182,nke_2025_q4,NKE,"NIKE, Inc.",2025 Q4,,blocked,official_ir,https://investors.nike.com/,https://investors.nike.com/,investors.nike.com,,,0.00,robots or source terms blocked fetch,blocked,false,,,robots_or_source_terms_hard_block,manual_review,sha256:68de08d19d53f210d8fed1bd37bd93c2ee681b45b4cd801b5bdef2e2edfce53e
025f1ba30ac4ce6b,now_2021_q4,NOW,"ServiceNow, Inc.",2021 Q4,,blocked,official_ir,https://investors.servicenow.com/,https://investors.servicenow.com/,investors.servicenow.com,,,0.00,robots or source terms blocked fetch,blocked,false,,,robots_or_source_terms_hard_block,manual_review,sha256:dcfc9cdcf6f4273a498a0b67a40175faf54a68d0496e5187f92913ea4a8da28d
eddefe9aafef0e72,now_2022_q4,NOW,"ServiceNow, Inc.",2022 Q4,,blocked,official_ir,https://investors.servicenow.com/,https://investors.servicenow.com/,investors.servicenow.com,,,0.00,robots or source terms blocked fetch,blocked,false,,,robots_or_source_terms_hard_block,manual_review,sha256:0dced28cd6bfc2fbd506d2c63909deb91f5bfdb67b7056c17b8987fdcd8bdfa3
47fac4a76e8d01f4,now_2023_q4,NOW,"ServiceNow, Inc.",2023 Q4,,blocked,official_ir,https://investors.servicenow.com/,https://investors.servicenow.com/,investors.servicenow.com,,,0.00,robots or source terms blocked fetch,blocked,false,,,robots_or_source_terms_hard_block,manual_review,sha256:c674130f6f5647d6fdb0f17fc2d4be9884dc923a32bb6e5cc742c522aa38e172
30159533b2e9b0b8,now_2024_q4,NOW,"ServiceNow, Inc.",2024 Q4,,blocked,official_ir,https://investors.servicenow.com/,https://investors.servicenow.com/,investors.servicenow.com,,,0.00,robots or source terms blocked fetch,blocked,false,,,robots_or_source_terms_hard_block,manual_review,sha256:036286027e85d96484c327f5bb33c9d7893d5d6550ce42b01001ac1d24bc5142
92ade6e47cedafb5,now_2025_q4,NOW,"ServiceNow, Inc.",2025 Q4,,blocked,official_ir,https://investors.servicenow.com/,https://investors.servicenow.com/,investors.servicenow.com,,,0.00,robots or source terms blocked fetch,blocked,false,,,robots_or_source_terms_hard_block,manual_review,sha256:b5049ba1a381ee76399ced2e276ac018ad0941ddb645c8fda290215789b1216c
39c7549bde7dc3ee,nsc_2021_q4,NSC,Norfolk Southern Corporation,2021 Q4,,blocked,official_ir,https://norfolksouthern.investorroom.com/,https://norfolksouthern.investorroom.com/,norfolksouthern.investorroom.com,,,0.00,robots or source terms blocked fetch,blocked,false,,,robots_or_source_terms_hard_block,manual_review,sha256:f0bc5106e3c178a6edfed1bcb8ed53e54c553fa1a39214dea97d0e94346b3d5b
5c2215faf4e07bee,nsc_2022_q4,NSC,Norfolk Southern Corporation,2022 Q4,,blocked,official_ir,https://norfolksouthern.investorroom.com/,https://norfolksouthern.investorroom.com/,norfolksouthern.investorroom.com,,,0.00,robots or source terms blocked fetch,blocked,false,,,robots_or_source_terms_hard_block,manual_review,sha256:63f9c58d8f147bf52d7d8ae6ff3f109c311b5bf673ed52c4fc2d6cc0b3b69674
8757789e0cd08d9d,nsc_2023_q4,NSC,Norfolk Southern Corporation,2023 Q4,,blocked,official_ir,https://norfolksouthern.investorroom.com/,https://norfolksouthern.investorroom.com/,norfolksouthern.investorroom.com,,,0.00,robots or source terms blocked fetch,blocked,false,,,robots_or_source_terms_hard_block,manual_review,sha256:f3637982a28bc86a12f945ea822745e5e24ad33be65314dfc504bf36314b3cf4
77ef74e66318750c,nsc_2024_q4,NSC,Norfolk Southern Corporation,2024 Q4,,blocked,official_ir,https://norfolksouthern.investorroom.com/,https://norfolksouthern.investorroom.com/,norfolksouthern.investorroom.com,,,0.00,robots or source terms blocked fetch,blocked,false,,,robots_or_source_terms_hard_block,manual_review,sha256:ec1067d08c5d27d3d3ba1fa91e1d3a5e9049630e0c4f22b100f8e3580193b276
eb276ed12d348f81,nsc_2025_q4,NSC,Norfolk Southern Corporation,2025 Q4,,blocked,official_ir,https://norfolksouthern.investorroom.com/,https://norfolksouthern.investorroom.com/,norfolksouthern.investorroom.com,,,0.00,robots or source terms blocked fetch,blocked,false,,,robots_or_source_terms_hard_block,manual_review,sha256:be20b31f4dc0e4620f1ba373f8c1c916ab58d3c3f9da91bdd6311f1c2bdf7beb
bc3ed777a439039b,orcl_2021_q4,ORCL,Oracle Corporation,2021 Q4,,blocked,official_ir,https://investor.oracle.com/,https://investor.oracle.com/,investor.oracle.com,,,0.00,robots or source terms blocked fetch,blocked,false,,,robots_or_source_terms_hard_block,manual_review,sha256:1b77bc7485fd02aa28ff5238201544097a8869f6959e6722d2a6d12b62d2fb23
be4428eea4ae3743,orcl_2022_q4,ORCL,Oracle Corporation,2022 Q4,,blocked,official_ir,https://investor.oracle.com/,https://investor.oracle.com/,investor.oracle.com,,,0.00,robots or source terms blocked fetch,blocked,false,,,robots_or_source_terms_hard_block,manual_review,sha256:c679256deebf16cd05e9e5cb8129a619cbda7b9e582ce4aba51818d2c7b90af9
7b3d62bfeab2cef6,orcl_2023_q4,ORCL,Oracle Corporation,2023 Q4,,blocked,official_ir,https://investor.oracle.com/,https://investor.oracle.com/,investor.oracle.com,,,0.00,robots or source terms blocked fetch,blocked,false,,,robots_or_source_terms_hard_block,manual_review,sha256:8ca7958e10b6079019226956b20e92e4ca4250e8cf43c01ff586b6e014de7bde
a5bf17b30fa34910,orcl_2024_q4,ORCL,Oracle Corporation,2024 Q4,,blocked,official_ir,https://investor.oracle.com/,https://investor.oracle.com/,investor.oracle.com,,,0.00,robots or source terms blocked fetch,blocked,false,,,robots_or_source_terms_hard_block,manual_review,sha256:443987115d3cc6fb6f5a481e765c6d844446f34edfa224a939e5e15d0c65f317
ad499ba0ced33d0a,orcl_2025_q4,ORCL,Oracle Corporation,2025 Q4,,blocked,official_ir,https://investor.oracle.com/,https://investor.oracle.com/,investor.oracle.com,,,0.00,robots or source terms blocked fetch,blocked,false,,,robots_or_source_terms_hard_block,manual_review,sha256:795a36b0ed43cc4b7ec30d144a45714054f55a0722d3beae785eaa05a0a0bfb2
ea07b0462a2ad82c,oxy_2021_q4,OXY,Occidental Petroleum Corporation,2021 Q4,,blocked,official_ir,https://www.oxy.com/investors/,https://www.oxy.com/investors/,www.oxy.com,,,0.00,robots or source terms blocked fetch,blocked,false,,,robots_or_source_terms_hard_block,manual_review,sha256:ba67b5fc01cce9e6794ffe8cc36e947117272b00878a083dfdf0fcf04e46f1ad
45cfa4474b26eb12,oxy_2022_q4,OXY,Occidental Petroleum Corporation,2022 Q4,,blocked,official_ir,https://www.oxy.com/investors/,https://www.oxy.com/investors/,www.oxy.com,,,0.00,robots or source terms blocked fetch,blocked,false,,,robots_or_source_terms_hard_block,manual_review,sha256:f5966f034ea905150a02c7be328fe2950499aa28ef71381a723f3619dfa9e8af
b0ca29847cfde7a0,oxy_2023_q4,OXY,Occidental Petroleum Corporation,2023 Q4,,blocked,official_ir,https://www.oxy.com/investors/,https://www.oxy.com/investors/,www.oxy.com,,,0.00,robots or source terms blocked fetch,blocked,false,,,robots_or_source_terms_hard_block,manual_review,sha256:a25d5abb9f462df109fece163d1653debf45dd922e0296f4eb7f1150a76425ba
753592c20ed2f29a,oxy_2024_q4,OXY,Occidental Petroleum Corporation,2024 Q4,,blocked,official_ir,https://www.oxy.com/investors/,https://www.oxy.com/investors/,www.oxy.com,,,0.00,robots or source terms blocked fetch,blocked,false,,,robots_or_source_terms_hard_block,manual_review,sha256:13cbc53e89c8930770dfc902b28c5f7346aad1110b93ac25d55e4a9f20184134
4aaba4ef68a8e17a,oxy_2025_q4,OXY,Occidental Petroleum Corporation,2025 Q4,,blocked,official_ir,https://www.oxy.com/investors/,https://www.oxy.com/investors/,www.oxy.com,,,0.00,robots or source terms blocked fetch,blocked,false,,,robots_or_source_terms_hard_block,manual_review,sha256:123c84b74fe6be44b22f84a2733ead1389c17fce1787532b147491a63ea0771e
7842446bab63d198,pfe_2021_q4,PFE,Pfizer Inc.,2021 Q4,,blocked,official_ir,https://investors.pfizer.com/,https://investors.pfizer.com/,investors.pfizer.com,,,0.00,robots or source terms blocked fetch,blocked,false,,,robots_or_source_terms_hard_block,manual_review,sha256:ff228857fecf16ac695fa6663bc89e04ff62a5c3aa92d703adbe2c9fe79a2995
32362e46718f1c48,pfe_2022_q4,PFE,Pfizer Inc.,2022 Q4,,blocked,official_ir,https://investors.pfizer.com/,https://investors.pfizer.com/,investors.pfizer.com,,,0.00,robots or source terms blocked fetch,blocked,false,,,robots_or_source_terms_hard_block,manual_review,sha256:65fb4de7423aa46d894e7ecf7fb730bc4c01bdbcd7c25d53016bd02a9c150f8f
7cc58552b7928d9f,pfe_2023_q4,PFE,Pfizer Inc.,2023 Q4,,blocked,official_ir,https://investors.pfizer.com/,https://investors.pfizer.com/,investors.pfizer.com,,,0.00,robots or source terms blocked fetch,blocked,false,,,robots_or_source_terms_hard_block,manual_review,sha256:cf16168e18db3b0ef5e3c532e830174be68326795a6aa32b489be0a94f49ab4a
7956479383afbce7,pfe_2024_q4,PFE,Pfizer Inc.,2024 Q4,,blocked,official_ir,https://investors.pfizer.com/,https://investors.pfizer.com/,investors.pfizer.com,,,0.00,robots or source terms blocked fetch,blocked,false,,,robots_or_source_terms_hard_block,manual_review,sha256:82ec6e03fed3490cf684279e4f52f08c5b603cfb1f0cfa65f8b993bf26bfe16c
f4d9b7043817b5c8,pfe_2025_q4,PFE,Pfizer Inc.,2025 Q4,,blocked,official_ir,https://investors.pfizer.com/,https://investors.pfizer.com/,investors.pfizer.com,,,0.00,robots or source terms blocked fetch,blocked,false,,,robots_or_source_terms_hard_block,manual_review,sha256:ecbb8e12aa031bfa440a40f638ee90332e675abb1699e3da23cf83a83471c5a7
2d995437f9fba443,pg_2021_q4,PG,The Procter & Gamble Company,2021 Q4,,blocked,official_ir,https://www.pginvestor.com/,https://www.pginvestor.com/,www.pginvestor.com,,,0.00,robots or source terms blocked fetch,blocked,false,,,robots_or_source_terms_hard_block,manual_review,sha256:0192d541fffd12b7f5f62fba4989dcc1a95784ae0b9a06be4f961a2bb92ba927
4cb78bfeaee9b353,pg_2022_q4,PG,The Procter & Gamble Company,2022 Q4,,blocked,official_ir,https://www.pginvestor.com/,https://www.pginvestor.com/,www.pginvestor.com,,,0.00,robots or source terms blocked fetch,blocked,false,,,robots_or_source_terms_hard_block,manual_review,sha256:07ada04018b1b6e5a14c19d245f6bf45521a8f1796341f2ef5d252bd35b7775f
009ad869d5186c3b,pg_2023_q4,PG,The Procter & Gamble Company,2023 Q4,,blocked,official_ir,https://www.pginvestor.com/,https://www.pginvestor.com/,www.pginvestor.com,,,0.00,robots or source terms blocked fetch,blocked,false,,,robots_or_source_terms_hard_block,manual_review,sha256:dc26756346ef450285fb3dc993b1711e8fb8dd9fa8276da6a70847e6980f31bc
bb79d019396053ca,pg_2024_q4,PG,The Procter & Gamble Company,2024 Q4,,blocked,official_ir,https://www.pginvestor.com/,https://www.pginvestor.com/,www.pginvestor.com,,,0.00,robots or source terms blocked fetch,blocked,false,,,robots_or_source_terms_hard_block,manual_review,sha256:a65f8df6f13eb8f351ed073eff065a00ee0b1db46b86b898d6e88ebfcea727f1
5afd30dbe9b1999e,pg_2025_q4,PG,The Procter & Gamble Company,2025 Q4,,blocked,official_ir,https://www.pginvestor.com/,https://www.pginvestor.com/,www.pginvestor.com,,,0.00,robots or source terms blocked fetch,blocked,false,,,robots_or_source_terms_hard_block,manual_review,sha256:eac52809bc0a4d0ddb51db5cc16330a42b44d6cb4eb35259cabea3a21a46d5a9
ff0bc0c32063efed,pru_2021_q4,PRU,"Prudential Financial, Inc.",2021 Q4,,blocked,official_ir,https://www.investor.prudential.com/,https://www.investor.prudential.com/,www.investor.prudential.com,,,0.00,robots or source terms blocked fetch,blocked,false,,,robots_or_source_terms_hard_block,manual_review,sha256:e10ad34e3e1bb5c5154c29eae0c55e7a0d0eade3236441ee15b7e447af016642
bb8b6af4bf4259ce,pru_2022_q4,PRU,"Prudential Financial, Inc.",2022 Q4,,blocked,official_ir,https://www.investor.prudential.com/,https://www.investor.prudential.com/,www.investor.prudential.com,,,0.00,robots or source terms blocked fetch,blocked,false,,,robots_or_source_terms_hard_block,manual_review,sha256:56f921e8f62b94dd54102890b5bf0f042d89a4ca8dc335b6042621755d5741cc
ed6811b7fed17b21,pru_2023_q4,PRU,"Prudential Financial, Inc.",2023 Q4,,blocked,official_ir,https://www.investor.prudential.com/,https://www.investor.prudential.com/,www.investor.prudential.com,,,0.00,robots or source terms blocked fetch,blocked,false,,,robots_or_source_terms_hard_block,manual_review,sha256:13c06649f1dcd86037f729d3b3b2b06a5a2ea37533b8de9fa7baba0d3e139ebf
eacbfd14eaac292f,pru_2024_q4,PRU,"Prudential Financial, Inc.",2024 Q4,,blocked,official_ir,https://www.investor.prudential.com/,https://www.investor.prudential.com/,www.investor.prudential.com,,,0.00,robots or source terms blocked fetch,blocked,false,,,robots_or_source_terms_hard_block,manual_review,sha256:711e3db10cbc921f2b993e70e07bad6b8fe1a0990c49c9adeafd245fbd480d90
3e86015829179c29,pru_2025_q4,PRU,"Prudential Financial, Inc.",2025 Q4,,blocked,official_ir,https://www.investor.prudential.com/,https://www.investor.prudential.com/,www.investor.prudential.com,,,0.00,robots or source terms blocked fetch,blocked,false,,,robots_or_source_terms_hard_block,manual_review,sha256:624f3748766d391015d686b1a6334ba6aaeff7f3f4a82ff4776f66abb2ce5bd6
eb5f298afb73596a,psx_2021_q4,PSX,Phillips 66,2021 Q4,,blocked,official_ir,https://investor.phillips66.com/,https://investor.phillips66.com/,investor.phillips66.com,,,0.00,robots or source terms blocked fetch,blocked,false,,,robots_or_source_terms_hard_block,manual_review,sha256:1804a7f43f6540079d230dc56fc68cec0c36919977e0295a29beca486ea13676
19c2683f6ce8067f,psx_2022_q4,PSX,Phillips 66,2022 Q4,,blocked,official_ir,https://investor.phillips66.com/,https://investor.phillips66.com/,investor.phillips66.com,,,0.00,robots or source terms blocked fetch,blocked,false,,,robots_or_source_terms_hard_block,manual_review,sha256:56c41de41852a6caaa661cff8031d16962c70a3ad996c3eb5c782ecf938f3966
f17aea5dc94c1d2f,psx_2023_q4,PSX,Phillips 66,2023 Q4,,blocked,official_ir,https://investor.phillips66.com/,https://investor.phillips66.com/,investor.phillips66.com,,,0.00,robots or source terms blocked fetch,blocked,false,,,robots_or_source_terms_hard_block,manual_review,sha256:bd4344cbcde20ad199e02829f743584b3d12f958b7bf39ed098b4a867ac49eb9
9af21a0f22735c84,psx_2024_q4,PSX,Phillips 66,2024 Q4,,blocked,official_ir,https://investor.phillips66.com/,https://investor.phillips66.com/,investor.phillips66.com,,,0.00,robots or source terms blocked fetch,blocked,false,,,robots_or_source_terms_hard_block,manual_review,sha256:5b52204ca37b7020ac3b3d064d893a46d08bc9cd1a6c1d4a80051a13de930c2e
da6b59004a90d4ce,psx_2025_q4,PSX,Phillips 66,2025 Q4,,blocked,official_ir,https://investor.phillips66.com/,https://investor.phillips66.com/,investor.phillips66.com,,,0.00,robots or source terms blocked fetch,blocked,false,,,robots_or_source_terms_hard_block,manual_review,sha256:54bd1c53ea289221f90c949da992ef6ac66ee6b778ba81367b5dbd696fbd3360
3ec70341446f9e56,rtx_2021_q4,RTX,RTX Corporation,2021 Q4,,blocked,official_ir,https://www.rtx.com/investors,https://www.rtx.com/investors,www.rtx.com,,,0.00,robots or source terms blocked fetch,blocked,false,,,robots_or_source_terms_hard_block,manual_review,sha256:de37f11cd41c05fae30f8bc03f9055c3193acc263a40855102057878785d984c
c0d0d502a5a554a5,rtx_2022_q4,RTX,RTX Corporation,2022 Q4,,blocked,official_ir,https://www.rtx.com/investors,https://www.rtx.com/investors,www.rtx.com,,,0.00,robots or source terms blocked fetch,blocked,false,,,robots_or_source_terms_hard_block,manual_review,sha256:755e456f584d040c8cd724673a841c4a1f0ec9b4f955f017d85dbd4177d1e686
d30509cdb1664c17,rtx_2023_q4,RTX,RTX Corporation,2023 Q4,,blocked,official_ir,https://www.rtx.com/investors,https://www.rtx.com/investors,www.rtx.com,,,0.00,robots or source terms blocked fetch,blocked,false,,,robots_or_source_terms_hard_block,manual_review,sha256:45ebf2773c55ff0fcc72c6bfff335b70aaf2471e8ed83cfdcb4bf966396b3440
ddf4750e4d1b4c6f,rtx_2024_q4,RTX,RTX Corporation,2024 Q4,,blocked,official_ir,https://www.rtx.com/investors,https://www.rtx.com/investors,www.rtx.com,,,0.00,robots or source terms blocked fetch,blocked,false,,,robots_or_source_terms_hard_block,manual_review,sha256:151f4a833a6133adeba2c28faa0856383d81c2bdd187d5ea9f443648ec2f8ee8
67683851031bac70,rtx_2025_q4,RTX,RTX Corporation,2025 Q4,,blocked,official_ir,https://www.rtx.com/investors,https://www.rtx.com/investors,www.rtx.com,,,0.00,robots or source terms blocked fetch,blocked,false,,,robots_or_source_terms_hard_block,manual_review,sha256:55a2e03cfa738ec7cd41e8864c5a3d3a16021ffd80b8c0808bb4d784d3bd0e5e
92e95007af1c9848,schw_2021_q4,SCHW,The Charles Schwab Corporation,2021 Q4,,blocked,official_ir,https://www.aboutschwab.com/investor-relations,https://www.aboutschwab.com/investor-relations,www.aboutschwab.com,,,0.00,robots or source terms blocked fetch,blocked,false,,,robots_or_source_terms_hard_block,manual_review,sha256:eacd0511a477cc6da99960073b488b4468b32aa8412e615dbf073d81f5bc3597
df43bc85f07c0750,schw_2022_q4,SCHW,The Charles Schwab Corporation,2022 Q4,,blocked,official_ir,https://www.aboutschwab.com/investor-relations,https://www.aboutschwab.com/investor-relations,www.aboutschwab.com,,,0.00,robots or source terms blocked fetch,blocked,false,,,robots_or_source_terms_hard_block,manual_review,sha256:ed157f91c99a0bacf52e27b2602f35e9780fb337a3cd0db90e2700357adaae13
a14f1ccd72e3b004,schw_2023_q4,SCHW,The Charles Schwab Corporation,2023 Q4,,blocked,official_ir,https://www.aboutschwab.com/investor-relations,https://www.aboutschwab.com/investor-relations,www.aboutschwab.com,,,0.00,robots or source terms blocked fetch,blocked,false,,,robots_or_source_terms_hard_block,manual_review,sha256:7d558c5d42c9ba7a5c99d7cb1e484149643e3519608a371a3ea189051ad58005
5e89c6017ad0bd96,schw_2024_q4,SCHW,The Charles Schwab Corporation,2024 Q4,,blocked,official_ir,https://www.aboutschwab.com/investor-relations,https://www.aboutschwab.com/investor-relations,www.aboutschwab.com,,,0.00,robots or source terms blocked fetch,blocked,false,,,robots_or_source_terms_hard_block,manual_review,sha256:9bb3c01c84f36b5d137a42923437e389445cc634631ee586f460a3fcbd39f1b5
18a74031adcd287c,schw_2025_q4,SCHW,The Charles Schwab Corporation,2025 Q4,,blocked,official_ir,https://www.aboutschwab.com/investor-relations,https://www.aboutschwab.com/investor-relations,www.aboutschwab.com,,,0.00,robots or source terms blocked fetch,blocked,false,,,robots_or_source_terms_hard_block,manual_review,sha256:50a98d193f41a50013ee23c05331e2637bf4bd410fea917d668473030eb10739
94f1985cd561b220,snow_2021_q4,SNOW,Snowflake Inc.,2021 Q4,,blocked,official_ir,https://investors.snowflake.com/,https://investors.snowflake.com/,investors.snowflake.com,,,0.00,robots or source terms blocked fetch,blocked,false,,,robots_or_source_terms_hard_block,manual_review,sha256:4e3fdde5138bae4516442e7b4fff5f90a2c0fb09288492cac90ca23ff9fdad85
190ee8646aeb4678,snow_2022_q4,SNOW,Snowflake Inc.,2022 Q4,,blocked,official_ir,https://investors.snowflake.com/,https://investors.snowflake.com/,investors.snowflake.com,,,0.00,robots or source terms blocked fetch,blocked,false,,,robots_or_source_terms_hard_block,manual_review,sha256:ed335ff48020b94f90656ee234759eac3c90cb9a4bf1e32f82141ad088af380c
84faedc59b2ad5f0,snow_2023_q4,SNOW,Snowflake Inc.,2023 Q4,,blocked,official_ir,https://investors.snowflake.com/,https://investors.snowflake.com/,investors.snowflake.com,,,0.00,robots or source terms blocked fetch,blocked,false,,,robots_or_source_terms_hard_block,manual_review,sha256:ae080eea1a9cdbde53da35c95e4f8b89305b0530201e13fcec972e0e0fb15311
864e5be38e604793,snow_2024_q4,SNOW,Snowflake Inc.,2024 Q4,,blocked,official_ir,https://investors.snowflake.com/,https://investors.snowflake.com/,investors.snowflake.com,,,0.00,robots or source terms blocked fetch,blocked,false,,,robots_or_source_terms_hard_block,manual_review,sha256:b1895402024a70b60a615d136b586e9d36575849ddfbdcd9c7684171a8f2eb52
3b2a2a56d550bbde,snow_2025_q4,SNOW,Snowflake Inc.,2025 Q4,,blocked,official_ir,https://investors.snowflake.com/,https://investors.snowflake.com/,investors.snowflake.com,,,0.00,robots or source terms blocked fetch,blocked,false,,,robots_or_source_terms_hard_block,manual_review,sha256:aef1c13010f85686a54002f22d9623812983959e78e657fa01cc6b44d7d93da0
e42e61c4c7438029,spgi_2021_q4,SPGI,S&P Global Inc.,2021 Q4,,blocked,official_ir,https://investor.spglobal.com/,https://investor.spglobal.com/,investor.spglobal.com,,,0.00,robots or source terms blocked fetch,blocked,false,,,robots_or_source_terms_hard_block,manual_review,sha256:b44ab1f3a48f5d40a1025d800930a7600eb03259d39bac978093b85dce6845ac
57465d01e3567cae,spgi_2022_q4,SPGI,S&P Global Inc.,2022 Q4,,blocked,official_ir,https://investor.spglobal.com/,https://investor.spglobal.com/,investor.spglobal.com,,,0.00,robots or source terms blocked fetch,blocked,false,,,robots_or_source_terms_hard_block,manual_review,sha256:b4c4a4a52914cb6b4872c00655809fc357823c4887a7098e7b0df042dd7e2e58
ee2568a1e971d88b,spgi_2023_q4,SPGI,S&P Global Inc.,2023 Q4,,blocked,official_ir,https://investor.spglobal.com/,https://investor.spglobal.com/,investor.spglobal.com,,,0.00,robots or source terms blocked fetch,blocked,false,,,robots_or_source_terms_hard_block,manual_review,sha256:e81b2c26b0006ff05ccb8a8f41d5a9e5887d68184397b531d8d175b36b6cb361
adb6aa1ca067be00,spgi_2024_q4,SPGI,S&P Global Inc.,2024 Q4,,blocked,official_ir,https://investor.spglobal.com/,https://investor.spglobal.com/,investor.spglobal.com,,,0.00,robots or source terms blocked fetch,blocked,false,,,robots_or_source_terms_hard_block,manual_review,sha256:5187792f7d5f7d01b88ef6397c2afb69290a2d8cae7589734b0f04ba1bae983c
83aae1393dda4856,spgi_2025_q4,SPGI,S&P Global Inc.,2025 Q4,,blocked,official_ir,https://investor.spglobal.com/,https://investor.spglobal.com/,investor.spglobal.com,,,0.00,robots or source terms blocked fetch,blocked,false,,,robots_or_source_terms_hard_block,manual_review,sha256:29d5d2a2a6aa7500abbd74da8ae2a59a992f15b0de6941137c38e24975b61133
89fdbab1efe3b18e,stt_2021_q4,STT,State Street Corporation,2021 Q4,,blocked,official_ir,https://investors.statestreet.com/,https://investors.statestreet.com/,investors.statestreet.com,,,0.00,robots or source terms blocked fetch,blocked,false,,,robots_or_source_terms_hard_block,manual_review,sha256:19ef7b9afdfc47b8b8a3d3da9b3a1443085d36851e27c859a7a087cc79cad875
5570d3552d61a434,stt_2022_q4,STT,State Street Corporation,2022 Q4,,blocked,official_ir,https://investors.statestreet.com/,https://investors.statestreet.com/,investors.statestreet.com,,,0.00,robots or source terms blocked fetch,blocked,false,,,robots_or_source_terms_hard_block,manual_review,sha256:760be7dfbbb99b67ded9bcffab98805ec025ef19dcfee48e9963f7e8c116c844
3fc0e3e088007b4c,stt_2023_q4,STT,State Street Corporation,2023 Q4,,blocked,official_ir,https://investors.statestreet.com/,https://investors.statestreet.com/,investors.statestreet.com,,,0.00,robots or source terms blocked fetch,blocked,false,,,robots_or_source_terms_hard_block,manual_review,sha256:39a39b389c539fe0951b5dc61bcca56ecb995b818408ed852c512ef3cb93f0ad
a11e1f05250f0ba7,stt_2024_q4,STT,State Street Corporation,2024 Q4,,blocked,official_ir,https://investors.statestreet.com/,https://investors.statestreet.com/,investors.statestreet.com,,,0.00,robots or source terms blocked fetch,blocked,false,,,robots_or_source_terms_hard_block,manual_review,sha256:f9a8e3f3ce2499c66199091ff71ac473b3844db10a5cbc444bcf8a196172a30c
5d095c39cf19e143,stt_2025_q4,STT,State Street Corporation,2025 Q4,,blocked,official_ir,https://investors.statestreet.com/,https://investors.statestreet.com/,investors.statestreet.com,,,0.00,robots or source terms blocked fetch,blocked,false,,,robots_or_source_terms_hard_block,manual_review,sha256:06e1ecb62a7d5f42f5d4dfa471b303c683c5bf1339daff9ef9f5918fa836765a
20cc14bcc71ff787,syk_2021_q4,SYK,Stryker Corporation,2021 Q4,,blocked,official_ir,https://investors.stryker.com/,https://investors.stryker.com/,investors.stryker.com,,,0.00,robots or source terms blocked fetch,blocked,false,,,robots_or_source_terms_hard_block,manual_review,sha256:a3e2146165e6ce8daf9958b0f683b88dffb64a8a31bb29b05ae3879c05685bc3
7a1bdac62ba98f0d,syk_2022_q4,SYK,Stryker Corporation,2022 Q4,,blocked,official_ir,https://investors.stryker.com/,https://investors.stryker.com/,investors.stryker.com,,,0.00,robots or source terms blocked fetch,blocked,false,,,robots_or_source_terms_hard_block,manual_review,sha256:4345430297669449e852f29d638797153a7faab0ed5df254591033d3ac093af0
4e0b9752d8304ede,syk_2023_q4,SYK,Stryker Corporation,2023 Q4,,blocked,official_ir,https://investors.stryker.com/,https://investors.stryker.com/,investors.stryker.com,,,0.00,robots or source terms blocked fetch,blocked,false,,,robots_or_source_terms_hard_block,manual_review,sha256:5ee3a3c59717abf2883af7c3b340230c42aabce074ef6882a782824197f8ed5e
008ecf86620fd47d,syk_2024_q4,SYK,Stryker Corporation,2024 Q4,,blocked,official_ir,https://investors.stryker.com/,https://investors.stryker.com/,investors.stryker.com,,,0.00,robots or source terms blocked fetch,blocked,false,,,robots_or_source_terms_hard_block,manual_review,sha256:6ed160f78ff746e0552ed4a5b70211be2c7053b74a816a9d4f1a7a926ce6c1f2
e086fe4887901480,syk_2025_q4,SYK,Stryker Corporation,2025 Q4,,blocked,official_ir,https://investors.stryker.com/,https://investors.stryker.com/,investors.stryker.com,,,0.00,robots or source terms blocked fetch,blocked,false,,,robots_or_source_terms_hard_block,manual_review,sha256:cd580c634628ecff2ab8ff1b2b429fe783340e70a411a64d419a5c536dc4b79d
13e62ce6e3c9e78d,t_2021_q4,T,AT&T Inc.,2021 Q4,,blocked,official_ir,https://investors.att.com/,https://investors.att.com/,investors.att.com,,,0.00,robots or source terms blocked fetch,blocked,false,,,robots_or_source_terms_hard_block,manual_review,sha256:5a0a1f7a62f91a50d4be4d6f341834300e437bb4f6a26fec4ec55e5abbd4b538
ed790a70b2f1fbae,t_2022_q4,T,AT&T Inc.,2022 Q4,,blocked,official_ir,https://investors.att.com/,https://investors.att.com/,investors.att.com,,,0.00,robots or source terms blocked fetch,blocked,false,,,robots_or_source_terms_hard_block,manual_review,sha256:28a8ca8dbacfc9119f7b816bb2df020894db9b48339511483805114772279c80
594a0155a4c91a56,t_2023_q4,T,AT&T Inc.,2023 Q4,,blocked,official_ir,https://investors.att.com/,https://investors.att.com/,investors.att.com,,,0.00,robots or source terms blocked fetch,blocked,false,,,robots_or_source_terms_hard_block,manual_review,sha256:10fb97bf60fb1c6bde7a87cf2d30122dbc08b74ac98941dc9cedf04941e3d34a
2475b699f37f1faf,t_2024_q4,T,AT&T Inc.,2024 Q4,,blocked,official_ir,https://investors.att.com/,https://investors.att.com/,investors.att.com,,,0.00,robots or source terms blocked fetch,blocked,false,,,robots_or_source_terms_hard_block,manual_review,sha256:792faaedfe4c59cd73a67afed77d65c72b41a406bb9d1275fcd03857d96d751f
4a3161d2e6b54e45,t_2025_q4,T,AT&T Inc.,2025 Q4,,blocked,official_ir,https://investors.att.com/,https://investors.att.com/,investors.att.com,,,0.00,robots or source terms blocked fetch,blocked,false,,,robots_or_source_terms_hard_block,manual_review,sha256:c7da4f300652cfaec62b131ae53d85a125f7db72eb82ee055bd1543dd83a7a07
9f5c70f0d8b2d255,tfc_2021_q4,TFC,Truist Financial Corporation,2021 Q4,,blocked,official_ir,https://ir.truist.com/,https://ir.truist.com/,ir.truist.com,,,0.00,robots or source terms blocked fetch,blocked,false,,,robots_or_source_terms_hard_block,manual_review,sha256:f85777bb00667e8068d9fae0ebb0a6010d8322c8c591b93106a7280c08c981d7
ebc97879d58ff5ca,tfc_2022_q4,TFC,Truist Financial Corporation,2022 Q4,,blocked,official_ir,https://ir.truist.com/,https://ir.truist.com/,ir.truist.com,,,0.00,robots or source terms blocked fetch,blocked,false,,,robots_or_source_terms_hard_block,manual_review,sha256:bcfd42c0f4c5a99263fdfe6ce5efd47399826b8703fc632ee79ee596d7686373
c23fc088cb985ef9,tfc_2023_q4,TFC,Truist Financial Corporation,2023 Q4,,blocked,official_ir,https://ir.truist.com/,https://ir.truist.com/,ir.truist.com,,,0.00,robots or source terms blocked fetch,blocked,false,,,robots_or_source_terms_hard_block,manual_review,sha256:088e88fad8f4caa5ffd5e26a881bf8a43a8d64d05a509404c5f051ae10dcd4a7
e9d30ee8ad18e503,tfc_2024_q4,TFC,Truist Financial Corporation,2024 Q4,,blocked,official_ir,https://ir.truist.com/,https://ir.truist.com/,ir.truist.com,,,0.00,robots or source terms blocked fetch,blocked,false,,,robots_or_source_terms_hard_block,manual_review,sha256:b7ea3510906467047bd219247b7d5abb95be8341fe746ae66b16d2f22759aa49
bab6e9179df58c10,tfc_2025_q4,TFC,Truist Financial Corporation,2025 Q4,,blocked,official_ir,https://ir.truist.com/,https://ir.truist.com/,ir.truist.com,,,0.00,robots or source terms blocked fetch,blocked,false,,,robots_or_source_terms_hard_block,manual_review,sha256:6ba95bca9166f3932b5308ec8b8f6ad00fce814b0891cd031e5b381bbf14bf37
27d1b0cc4cae74dd,tmo_2021_q4,TMO,Thermo Fisher Scientific Inc.,2021 Q4,,blocked,official_ir,https://ir.thermofisher.com/,https://ir.thermofisher.com/,ir.thermofisher.com,,,0.00,robots or source terms blocked fetch,blocked,false,,,robots_or_source_terms_hard_block,manual_review,sha256:151a0b6d459adc510bb6480735b9eaca735cba6196244bde9928ad678d91d598
c9d720b482ef2cbc,tmo_2022_q4,TMO,Thermo Fisher Scientific Inc.,2022 Q4,,blocked,official_ir,https://ir.thermofisher.com/,https://ir.thermofisher.com/,ir.thermofisher.com,,,0.00,robots or source terms blocked fetch,blocked,false,,,robots_or_source_terms_hard_block,manual_review,sha256:9516aabc78f68c7f551f8be6f6997abd5cc728992e5f8514eb738053d60d7cbf
bc279d154604ae1e,tmo_2023_q4,TMO,Thermo Fisher Scientific Inc.,2023 Q4,,blocked,official_ir,https://ir.thermofisher.com/,https://ir.thermofisher.com/,ir.thermofisher.com,,,0.00,robots or source terms blocked fetch,blocked,false,,,robots_or_source_terms_hard_block,manual_review,sha256:9133bfd267d34d7ad391809a8c5fff318e6f580db6139ad84b90b105c0c62bea
ba49f2379971511e,tmo_2024_q4,TMO,Thermo Fisher Scientific Inc.,2024 Q4,,blocked,official_ir,https://ir.thermofisher.com/,https://ir.thermofisher.com/,ir.thermofisher.com,,,0.00,robots or source terms blocked fetch,blocked,false,,,robots_or_source_terms_hard_block,manual_review,sha256:1d3668e7928892ba7877bf7bcd7689e45ee2bb9b318c5656e4de7ab17f0e58b2
b536702386db29c3,tmo_2025_q4,TMO,Thermo Fisher Scientific Inc.,2025 Q4,,blocked,official_ir,https://ir.thermofisher.com/,https://ir.thermofisher.com/,ir.thermofisher.com,,,0.00,robots or source terms blocked fetch,blocked,false,,,robots_or_source_terms_hard_block,manual_review,sha256:ac9dcd4539f20e68ee6fc4e57589eae73b0faf8a32b5f9380d03548eeae0210d
0a111ab172859246,trv_2021_q4,TRV,"The Travelers Companies, Inc.",2021 Q4,,blocked,official_ir,https://investor.travelers.com/,https://investor.travelers.com/,investor.travelers.com,,,0.00,robots or source terms blocked fetch,blocked,false,,,robots_or_source_terms_hard_block,manual_review,sha256:179899e2227b9fee06c3cbbefc1be934c9624fc1ea5a20bddbf0fae10e87a6d3
97457e607fc5ca0c,trv_2022_q4,TRV,"The Travelers Companies, Inc.",2022 Q4,,blocked,official_ir,https://investor.travelers.com/,https://investor.travelers.com/,investor.travelers.com,,,0.00,robots or source terms blocked fetch,blocked,false,,,robots_or_source_terms_hard_block,manual_review,sha256:269b636a4602b3d38dc33906153882039ed0ac99ad2cedd35859aee8137cd05f
e57e1c944c76e67b,trv_2023_q4,TRV,"The Travelers Companies, Inc.",2023 Q4,,blocked,official_ir,https://investor.travelers.com/,https://investor.travelers.com/,investor.travelers.com,,,0.00,robots or source terms blocked fetch,blocked,false,,,robots_or_source_terms_hard_block,manual_review,sha256:9db14c461504eb0d844440b04b0f1799837617e5cb517898a3e6232e52f89569
e220f31c61f719df,trv_2024_q4,TRV,"The Travelers Companies, Inc.",2024 Q4,,blocked,official_ir,https://investor.travelers.com/,https://investor.travelers.com/,investor.travelers.com,,,0.00,robots or source terms blocked fetch,blocked,false,,,robots_or_source_terms_hard_block,manual_review,sha256:8c058c9cf8e6d6f48c124bd78540ce25368418652581428075ba3ad72539ad2c
4ffc9892e8a1f106,trv_2025_q4,TRV,"The Travelers Companies, Inc.",2025 Q4,,blocked,official_ir,https://investor.travelers.com/,https://investor.travelers.com/,investor.travelers.com,,,0.00,robots or source terms blocked fetch,blocked,false,,,robots_or_source_terms_hard_block,manual_review,sha256:aaffe7c43f2e2b932d046963a504a63e86eb185762084ea9aaa211194a4ed4be
6fd3f7cdad6037a5,usb_2021_q4,USB,U.S. Bancorp,2021 Q4,,blocked,official_ir,https://ir.usbank.com/,https://ir.usbank.com/,ir.usbank.com,,,0.00,robots or source terms blocked fetch,blocked,false,,,robots_or_source_terms_hard_block,manual_review,sha256:d19198be36d05c65702b4477e572019d107288958fd48986127261dce3e358c9
56d0de41563e18ff,usb_2022_q4,USB,U.S. Bancorp,2022 Q4,,blocked,official_ir,https://ir.usbank.com/,https://ir.usbank.com/,ir.usbank.com,,,0.00,robots or source terms blocked fetch,blocked,false,,,robots_or_source_terms_hard_block,manual_review,sha256:f4a5684d525d51d989cb9458e82777e7f5909d7121892a047749887efbbe4627
f63a880fb1c64c9b,usb_2023_q4,USB,U.S. Bancorp,2023 Q4,,blocked,official_ir,https://ir.usbank.com/,https://ir.usbank.com/,ir.usbank.com,,,0.00,robots or source terms blocked fetch,blocked,false,,,robots_or_source_terms_hard_block,manual_review,sha256:5755c17f124c53a3c395f4f2c631a62a03c6981d8a2e1ed8bf06dc870e19257b
ec579cff40b0e86c,usb_2024_q4,USB,U.S. Bancorp,2024 Q4,,blocked,official_ir,https://ir.usbank.com/,https://ir.usbank.com/,ir.usbank.com,,,0.00,robots or source terms blocked fetch,blocked,false,,,robots_or_source_terms_hard_block,manual_review,sha256:13c3ac98a5827ae5874ca1d0ae18d86e2a6744a51d421f4b1ce2d31e7bb99050
e074b118498bb52f,usb_2025_q4,USB,U.S. Bancorp,2025 Q4,,blocked,official_ir,https://ir.usbank.com/,https://ir.usbank.com/,ir.usbank.com,,,0.00,robots or source terms blocked fetch,blocked,false,,,robots_or_source_terms_hard_block,manual_review,sha256:48b3b8fb0b0ebff36f781156a137a3e4323337829cee6985861d2744fe71fac5
b29da9025a66a0b5,v_2021_q4,V,Visa Inc.,2021 Q4,,blocked,official_ir,https://investor.visa.com/,https://investor.visa.com/,investor.visa.com,,,0.00,robots or source terms blocked fetch,blocked,false,,,robots_or_source_terms_hard_block,manual_review,sha256:5b200e450cf7332febc78e042d1e60081ea4d7c8c1d4accdeb6346884402bf7b
578e42f441815547,v_2022_q4,V,Visa Inc.,2022 Q4,,blocked,official_ir,https://investor.visa.com/,https://investor.visa.com/,investor.visa.com,,,0.00,robots or source terms blocked fetch,blocked,false,,,robots_or_source_terms_hard_block,manual_review,sha256:350711da145fd2641c7faf1ba1d954b9b88dbbddaf0a8851a1c76e7e0c2c8139
de4e380d4f97ad21,v_2023_q4,V,Visa Inc.,2023 Q4,,blocked,official_ir,https://investor.visa.com/,https://investor.visa.com/,investor.visa.com,,,0.00,robots or source terms blocked fetch,blocked,false,,,robots_or_source_terms_hard_block,manual_review,sha256:e35b405013ca5d6200d9c25a99a29f777ada63615d422df7b5d30222bbb51d08
799b81586b8813ae,v_2024_q4,V,Visa Inc.,2024 Q4,,blocked,official_ir,https://investor.visa.com/,https://investor.visa.com/,investor.visa.com,,,0.00,robots or source terms blocked fetch,blocked,false,,,robots_or_source_terms_hard_block,manual_review,sha256:fa4e5f0632104b9fbf4e3de4b219624172931e13cfbc6d4b9ec913b067067450
97d8dc7e62eb0fb9,v_2025_q4,V,Visa Inc.,2025 Q4,,blocked,official_ir,https://investor.visa.com/,https://investor.visa.com/,investor.visa.com,,,0.00,robots or source terms blocked fetch,blocked,false,,,robots_or_source_terms_hard_block,manual_review,sha256:a79e11990b579d643d66d233ea84ba3418bdfdd1faea4be3b47395ee54930e44
a94bda75ef3e031d,vlo_2021_q4,VLO,Valero Energy Corporation,2021 Q4,,blocked,official_ir,https://investorvalero.com/,https://investorvalero.com/,investorvalero.com,,,0.00,robots or source terms blocked fetch,blocked,false,,,robots_or_source_terms_hard_block,manual_review,sha256:7409d7fde49112501b6b8e1ca41b15fe45c05b08b4dbfd6100066d85e0389749
f0ef369992cf02aa,vlo_2022_q4,VLO,Valero Energy Corporation,2022 Q4,,blocked,official_ir,https://investorvalero.com/,https://investorvalero.com/,investorvalero.com,,,0.00,robots or source terms blocked fetch,blocked,false,,,robots_or_source_terms_hard_block,manual_review,sha256:daf9491e874c447c569d6f788f2e730271e5cfe998bb21f778996c514fa488e2
310455411ee8515f,vlo_2023_q4,VLO,Valero Energy Corporation,2023 Q4,,blocked,official_ir,https://investorvalero.com/,https://investorvalero.com/,investorvalero.com,,,0.00,robots or source terms blocked fetch,blocked,false,,,robots_or_source_terms_hard_block,manual_review,sha256:c91396d2fd980623c633aa66cc23945c61509a94527e0bceb603a75574ca4976
2859fd650ce5ad56,vlo_2024_q4,VLO,Valero Energy Corporation,2024 Q4,,blocked,official_ir,https://investorvalero.com/,https://investorvalero.com/,investorvalero.com,,,0.00,robots or source terms blocked fetch,blocked,false,,,robots_or_source_terms_hard_block,manual_review,sha256:a041ddacaf6b136e1d4224ac4abcc3337102b389ac9e322340ed802eb62b6e1d
8cc042d0b68ae8b2,vlo_2025_q4,VLO,Valero Energy Corporation,2025 Q4,,blocked,official_ir,https://investorvalero.com/,https://investorvalero.com/,investorvalero.com,,,0.00,robots or source terms blocked fetch,blocked,false,,,robots_or_source_terms_hard_block,manual_review,sha256:455e26fb0ebffb0128b78deec45d4d8b55f1704fdae53f68bee4ef9cb7f8756f
d446fa09df1ea09e,yum_2021_q4,YUM,"Yum! Brands, Inc.",2021 Q4,,blocked,official_ir,https://investors.yum.com/,https://investors.yum.com/,investors.yum.com,,,0.00,robots or source terms blocked fetch,blocked,false,,,robots_or_source_terms_hard_block,manual_review,sha256:d25b1b127790834c3696d9c4632b1c2009ebd9a763384281fd8777d314e217d9
63044aebcdaf8330,yum_2022_q4,YUM,"Yum! Brands, Inc.",2022 Q4,,blocked,official_ir,https://investors.yum.com/,https://investors.yum.com/,investors.yum.com,,,0.00,robots or source terms blocked fetch,blocked,false,,,robots_or_source_terms_hard_block,manual_review,sha256:093cab978d2c6f4bdd69c711f7ab7cf95298e264050d1f4027f7783e88fb07df
d994efe254e7b91b,yum_2023_q4,YUM,"Yum! Brands, Inc.",2023 Q4,,blocked,official_ir,https://investors.yum.com/,https://investors.yum.com/,investors.yum.com,,,0.00,robots or source terms blocked fetch,blocked,false,,,robots_or_source_terms_hard_block,manual_review,sha256:370b784a8783e20ab66e002321c8b5eabdd8e8edbe6d819d238a136503377c1e
522eddf9f47b67bb,yum_2024_q4,YUM,"Yum! Brands, Inc.",2024 Q4,,blocked,official_ir,https://investors.yum.com/,https://investors.yum.com/,investors.yum.com,,,0.00,robots or source terms blocked fetch,blocked,false,,,robots_or_source_terms_hard_block,manual_review,sha256:3d9a6a1fb707c4bdde078ac1aca8703b7dd962519f46005c9d300ce2cad3233e
bc3e32804a74ff87,yum_2025_q4,YUM,"Yum! Brands, Inc.",2025 Q4,,blocked,official_ir,https://investors.yum.com/,https://investors.yum.com/,investors.yum.com,,,0.00,robots or source terms blocked fetch,blocked,false,,,robots_or_source_terms_hard_block,manual_review,sha256:f751b9c655d8fa11fd4b25f3f5c88507f7a45682f67cafd017195d0934c5c316
