case_id,ticker,company_name,fiscal_year,fiscal_quarter,target_forms,sec_company_ref,accession_number,filing_url,item_202_or_exhibit_991,rights_status,blocked_reason,notes
jpm_2025_q4,JPM,JPMorgan Chase & Co.,2025,Q4,8-K;10-Q;10-K,sec-edgar://metadata-first/JPM/2025/Q4,,,unknown_metadata_pending,metadata_only,sec_metadata_only,SEC metadata-first target row; filing body and exhibit downloads disabled by default.
bac_2025_q4,BAC,Bank of America Corporation,2025,Q4,8-K;10-Q;10-K,sec-edgar://metadata-first/BAC/2025/Q4,,,unknown_metadata_pending,metadata_only,sec_metadata_only,SEC metadata-first target row; filing body and exhibit downloads disabled by default.
c_2025_q4,C,Citigroup Inc.,2025,Q4,8-K;10-Q;10-K,sec-edgar://metadata-first/C/2025/Q4,,,unknown_metadata_pending,metadata_only,sec_metadata_only,SEC metadata-first target row; filing body and exhibit downloads disabled by default.
wfc_2025_q4,WFC,Wells Fargo & Company,2025,Q4,8-K;10-Q;10-K,sec-edgar://metadata-first/WFC/2025/Q4,,,unknown_metadata_pending,metadata_only,sec_metadata_only,SEC metadata-first target row; filing body and exhibit downloads disabled by default.
gs_2025_q4,GS,"The Goldman Sachs Group, Inc.",2025,Q4,8-K;10-Q;10-K,sec-edgar://metadata-first/GS/2025/Q4,,,unknown_metadata_pending,metadata_only,sec_metadata_only,SEC metadata-first target row; filing body and exhibit downloads disabled by default.
ms_2025_q4,MS,Morgan Stanley,2025,Q4,8-K;10-Q;10-K,sec-edgar://metadata-first/MS/2025/Q4,,,unknown_metadata_pending,metadata_only,sec_metadata_only,SEC metadata-first target row; filing body and exhibit downloads disabled by default.
bk_2025_q4,BK,The Bank of New York Mellon Corporation,2025,Q4,8-K;10-Q;10-K,sec-edgar://metadata-first/BK/2025/Q4,,,unknown_metadata_pending,metadata_only,sec_metadata_only,SEC metadata-first target row; filing body and exhibit downloads disabled by default.
stt_2025_q4,STT,State Street Corporation,2025,Q4,8-K;10-Q;10-K,sec-edgar://metadata-first/STT/2025/Q4,,,unknown_metadata_pending,metadata_only,sec_metadata_only,SEC metadata-first target row; filing body and exhibit downloads disabled by default.
usb_2025_q4,USB,U.S. Bancorp,2025,Q4,8-K;10-Q;10-K,sec-edgar://metadata-first/USB/2025/Q4,,,unknown_metadata_pending,metadata_only,sec_metadata_only,SEC metadata-first target row; filing body and exhibit downloads disabled by default.
pnc_2025_q4,PNC,"The PNC Financial Services Group, Inc.",2025,Q4,8-K;10-Q;10-K,sec-edgar://metadata-first/PNC/2025/Q4,,,unknown_metadata_pending,metadata_only,sec_metadata_only,SEC metadata-first target row; filing body and exhibit downloads disabled by default.
tfc_2025_q4,TFC,Truist Financial Corporation,2025,Q4,8-K;10-Q;10-K,sec-edgar://metadata-first/TFC/2025/Q4,,,unknown_metadata_pending,metadata_only,sec_metadata_only,SEC metadata-first target row; filing body and exhibit downloads disabled by default.
cof_2025_q4,COF,Capital One Financial Corporation,2025,Q4,8-K;10-Q;10-K,sec-edgar://metadata-first/COF/2025/Q4,,,unknown_metadata_pending,metadata_only,sec_metadata_only,SEC metadata-first target row; filing body and exhibit downloads disabled by default.
axp_2025_q4,AXP,American Express Company,2025,Q4,8-K;10-Q;10-K,sec-edgar://metadata-first/AXP/2025/Q4,,,unknown_metadata_pending,metadata_only,sec_metadata_only,SEC metadata-first target row; filing body and exhibit downloads disabled by default.
v_2025_q4,V,Visa Inc.,2025,Q4,8-K;10-Q;10-K,sec-edgar://metadata-first/V/2025/Q4,,,unknown_metadata_pending,metadata_only,sec_metadata_only,SEC metadata-first target row; filing body and exhibit downloads disabled by default.
ma_2025_q4,MA,Mastercard Incorporated,2025,Q4,8-K;10-Q;10-K,sec-edgar://metadata-first/MA/2025/Q4,,,unknown_metadata_pending,metadata_only,sec_metadata_only,SEC metadata-first target row; filing body and exhibit downloads disabled by default.
fis_2025_q4,FIS,"Fidelity National Information Services, Inc.",2025,Q4,8-K;10-Q;10-K,sec-edgar://metadata-first/FIS/2025/Q4,,,unknown_metadata_pending,metadata_only,sec_metadata_only,SEC metadata-first target row; filing body and exhibit downloads disabled by default.
gpn_2025_q4,GPN,Global Payments Inc.,2025,Q4,8-K;10-Q;10-K,sec-edgar://metadata-first/GPN/2025/Q4,,,unknown_metadata_pending,metadata_only,sec_metadata_only,SEC metadata-first target row; filing body and exhibit downloads disabled by default.
blk_2025_q4,BLK,"BlackRock, Inc.",2025,Q4,8-K;10-Q;10-K,sec-edgar://metadata-first/BLK/2025/Q4,,,unknown_metadata_pending,metadata_only,sec_metadata_only,SEC metadata-first target row; filing body and exhibit downloads disabled by default.
bx_2025_q4,BX,Blackstone Inc.,2025,Q4,8-K;10-Q;10-K,sec-edgar://metadata-first/BX/2025/Q4,,,unknown_metadata_pending,metadata_only,sec_metadata_only,SEC metadata-first target row; filing body and exhibit downloads disabled by default.
schw_2025_q4,SCHW,The Charles Schwab Corporation,2025,Q4,8-K;10-Q;10-K,sec-edgar://metadata-first/SCHW/2025/Q4,,,unknown_metadata_pending,metadata_only,sec_metadata_only,SEC metadata-first target row; filing body and exhibit downloads disabled by default.
ice_2025_q4,ICE,"Intercontinental Exchange, Inc.",2025,Q4,8-K;10-Q;10-K,sec-edgar://metadata-first/ICE/2025/Q4,,,unknown_metadata_pending,metadata_only,sec_metadata_only,SEC metadata-first target row; filing body and exhibit downloads disabled by default.
spgi_2025_q4,SPGI,S&P Global Inc.,2025,Q4,8-K;10-Q;10-K,sec-edgar://metadata-first/SPGI/2025/Q4,,,unknown_metadata_pending,metadata_only,sec_metadata_only,SEC metadata-first target row; filing body and exhibit downloads disabled by default.
mco_2025_q4,MCO,Moody's Corporation,2025,Q4,8-K;10-Q;10-K,sec-edgar://metadata-first/MCO/2025/Q4,,,unknown_metadata_pending,metadata_only,sec_metadata_only,SEC metadata-first target row; filing body and exhibit downloads disabled by default.
aon_2025_q4,AON,Aon plc,2025,Q4,8-K;10-Q;10-K,sec-edgar://metadata-first/AON/2025/Q4,,,unknown_metadata_pending,metadata_only,sec_metadata_only,SEC metadata-first target row; filing body and exhibit downloads disabled by default.
aig_2025_q4,AIG,"American International Group, Inc.",2025,Q4,8-K;10-Q;10-K,sec-edgar://metadata-first/AIG/2025/Q4,,,unknown_metadata_pending,metadata_only,sec_metadata_only,SEC metadata-first target row; filing body and exhibit downloads disabled by default.
met_2025_q4,MET,"MetLife, Inc.",2025,Q4,8-K;10-Q;10-K,sec-edgar://metadata-first/MET/2025/Q4,,,unknown_metadata_pending,metadata_only,sec_metadata_only,SEC metadata-first target row; filing body and exhibit downloads disabled by default.
pru_2025_q4,PRU,"Prudential Financial, Inc.",2025,Q4,8-K;10-Q;10-K,sec-edgar://metadata-first/PRU/2025/Q4,,,unknown_metadata_pending,metadata_only,sec_metadata_only,SEC metadata-first target row; filing body and exhibit downloads disabled by default.
trv_2025_q4,TRV,"The Travelers Companies, Inc.",2025,Q4,8-K;10-Q;10-K,sec-edgar://metadata-first/TRV/2025/Q4,,,unknown_metadata_pending,metadata_only,sec_metadata_only,SEC metadata-first target row; filing body and exhibit downloads disabled by default.
cb_2025_q4,CB,Chubb Limited,2025,Q4,8-K;10-Q;10-K,sec-edgar://metadata-first/CB/2025/Q4,,,unknown_metadata_pending,metadata_only,sec_metadata_only,SEC metadata-first target row; filing body and exhibit downloads disabled by default.
jnj_2025_q4,JNJ,Johnson & Johnson,2025,Q4,8-K;10-Q;10-K,sec-edgar://metadata-first/JNJ/2025/Q4,,,unknown_metadata_pending,metadata_only,sec_metadata_only,SEC metadata-first target row; filing body and exhibit downloads disabled by default.
lly_2025_q4,LLY,Eli Lilly and Company,2025,Q4,8-K;10-Q;10-K,sec-edgar://metadata-first/LLY/2025/Q4,,,unknown_metadata_pending,metadata_only,sec_metadata_only,SEC metadata-first target row; filing body and exhibit downloads disabled by default.
mrk_2025_q4,MRK,"Merck & Co., Inc.",2025,Q4,8-K;10-Q;10-K,sec-edgar://metadata-first/MRK/2025/Q4,,,unknown_metadata_pending,metadata_only,sec_metadata_only,SEC metadata-first target row; filing body and exhibit downloads disabled by default.
pfe_2025_q4,PFE,Pfizer Inc.,2025,Q4,8-K;10-Q;10-K,sec-edgar://metadata-first/PFE/2025/Q4,,,unknown_metadata_pending,metadata_only,sec_metadata_only,SEC metadata-first target row; filing body and exhibit downloads disabled by default.
unh_2025_q4,UNH,UnitedHealth Group Incorporated,2025,Q4,8-K;10-Q;10-K,sec-edgar://metadata-first/UNH/2025/Q4,,,unknown_metadata_pending,metadata_only,sec_metadata_only,SEC metadata-first target row; filing body and exhibit downloads disabled by default.
cvs_2025_q4,CVS,CVS Health Corporation,2025,Q4,8-K;10-Q;10-K,sec-edgar://metadata-first/CVS/2025/Q4,,,unknown_metadata_pending,metadata_only,sec_metadata_only,SEC metadata-first target row; filing body and exhibit downloads disabled by default.
abt_2025_q4,ABT,Abbott Laboratories,2025,Q4,8-K;10-Q;10-K,sec-edgar://metadata-first/ABT/2025/Q4,,,unknown_metadata_pending,metadata_only,sec_metadata_only,SEC metadata-first target row; filing body and exhibit downloads disabled by default.
bmy_2025_q4,BMY,Bristol Myers Squibb Company,2025,Q4,8-K;10-Q;10-K,sec-edgar://metadata-first/BMY/2025/Q4,,,unknown_metadata_pending,metadata_only,sec_metadata_only,SEC metadata-first target row; filing body and exhibit downloads disabled by default.
mdt_2025_q4,MDT,Medtronic plc,2025,Q4,8-K;10-Q;10-K,sec-edgar://metadata-first/MDT/2025/Q4,,,unknown_metadata_pending,metadata_only,sec_metadata_only,SEC metadata-first target row; filing body and exhibit downloads disabled by default.
tmo_2025_q4,TMO,Thermo Fisher Scientific Inc.,2025,Q4,8-K;10-Q;10-K,sec-edgar://metadata-first/TMO/2025/Q4,,,unknown_metadata_pending,metadata_only,sec_metadata_only,SEC metadata-first target row; filing body and exhibit downloads disabled by default.
dhr_2025_q4,DHR,Danaher Corporation,2025,Q4,8-K;10-Q;10-K,sec-edgar://metadata-first/DHR/2025/Q4,,,unknown_metadata_pending,metadata_only,sec_metadata_only,SEC metadata-first target row; filing body and exhibit downloads disabled by default.
bdx_2025_q4,BDX,"Becton, Dickinson and Company",2025,Q4,8-K;10-Q;10-K,sec-edgar://metadata-first/BDX/2025/Q4,,,unknown_metadata_pending,metadata_only,sec_metadata_only,SEC metadata-first target row; filing body and exhibit downloads disabled by default.
ci_2025_q4,CI,The Cigna Group,2025,Q4,8-K;10-Q;10-K,sec-edgar://metadata-first/CI/2025/Q4,,,unknown_metadata_pending,metadata_only,sec_metadata_only,SEC metadata-first target row; filing body and exhibit downloads disabled by default.
hca_2025_q4,HCA,"HCA Healthcare, Inc.",2025,Q4,8-K;10-Q;10-K,sec-edgar://metadata-first/HCA/2025/Q4,,,unknown_metadata_pending,metadata_only,sec_metadata_only,SEC metadata-first target row; filing body and exhibit downloads disabled by default.
syk_2025_q4,SYK,Stryker Corporation,2025,Q4,8-K;10-Q;10-K,sec-edgar://metadata-first/SYK/2025/Q4,,,unknown_metadata_pending,metadata_only,sec_metadata_only,SEC metadata-first target row; filing body and exhibit downloads disabled by default.
xom_2025_q4,XOM,Exxon Mobil Corporation,2025,Q4,8-K;10-Q;10-K,sec-edgar://metadata-first/XOM/2025/Q4,,,unknown_metadata_pending,metadata_only,sec_metadata_only,SEC metadata-first target row; filing body and exhibit downloads disabled by default.
cvx_2025_q4,CVX,Chevron Corporation,2025,Q4,8-K;10-Q;10-K,sec-edgar://metadata-first/CVX/2025/Q4,,,unknown_metadata_pending,metadata_only,sec_metadata_only,SEC metadata-first target row; filing body and exhibit downloads disabled by default.
cop_2025_q4,COP,ConocoPhillips,2025,Q4,8-K;10-Q;10-K,sec-edgar://metadata-first/COP/2025/Q4,,,unknown_metadata_pending,metadata_only,sec_metadata_only,SEC metadata-first target row; filing body and exhibit downloads disabled by default.
slb_2025_q4,SLB,SLB,2025,Q4,8-K;10-Q;10-K,sec-edgar://metadata-first/SLB/2025/Q4,,,unknown_metadata_pending,metadata_only,sec_metadata_only,SEC metadata-first target row; filing body and exhibit downloads disabled by default.
hal_2025_q4,HAL,Halliburton Company,2025,Q4,8-K;10-Q;10-K,sec-edgar://metadata-first/HAL/2025/Q4,,,unknown_metadata_pending,metadata_only,sec_metadata_only,SEC metadata-first target row; filing body and exhibit downloads disabled by default.
eog_2025_q4,EOG,"EOG Resources, Inc.",2025,Q4,8-K;10-Q;10-K,sec-edgar://metadata-first/EOG/2025/Q4,,,unknown_metadata_pending,metadata_only,sec_metadata_only,SEC metadata-first target row; filing body and exhibit downloads disabled by default.
oxy_2025_q4,OXY,Occidental Petroleum Corporation,2025,Q4,8-K;10-Q;10-K,sec-edgar://metadata-first/OXY/2025/Q4,,,unknown_metadata_pending,metadata_only,sec_metadata_only,SEC metadata-first target row; filing body and exhibit downloads disabled by default.
mpc_2025_q4,MPC,Marathon Petroleum Corporation,2025,Q4,8-K;10-Q;10-K,sec-edgar://metadata-first/MPC/2025/Q4,,,unknown_metadata_pending,metadata_only,sec_metadata_only,SEC metadata-first target row; filing body and exhibit downloads disabled by default.
psx_2025_q4,PSX,Phillips 66,2025,Q4,8-K;10-Q;10-K,sec-edgar://metadata-first/PSX/2025/Q4,,,unknown_metadata_pending,metadata_only,sec_metadata_only,SEC metadata-first target row; filing body and exhibit downloads disabled by default.
vlo_2025_q4,VLO,Valero Energy Corporation,2025,Q4,8-K;10-Q;10-K,sec-edgar://metadata-first/VLO/2025/Q4,,,unknown_metadata_pending,metadata_only,sec_metadata_only,SEC metadata-first target row; filing body and exhibit downloads disabled by default.
ba_2025_q4,BA,The Boeing Company,2025,Q4,8-K;10-Q;10-K,sec-edgar://metadata-first/BA/2025/Q4,,,unknown_metadata_pending,metadata_only,sec_metadata_only,SEC metadata-first target row; filing body and exhibit downloads disabled by default.
rtx_2025_q4,RTX,RTX Corporation,2025,Q4,8-K;10-Q;10-K,sec-edgar://metadata-first/RTX/2025/Q4,,,unknown_metadata_pending,metadata_only,sec_metadata_only,SEC metadata-first target row; filing body and exhibit downloads disabled by default.
lmt_2025_q4,LMT,Lockheed Martin Corporation,2025,Q4,8-K;10-Q;10-K,sec-edgar://metadata-first/LMT/2025/Q4,,,unknown_metadata_pending,metadata_only,sec_metadata_only,SEC metadata-first target row; filing body and exhibit downloads disabled by default.
noc_2025_q4,NOC,Northrop Grumman Corporation,2025,Q4,8-K;10-Q;10-K,sec-edgar://metadata-first/NOC/2025/Q4,,,unknown_metadata_pending,metadata_only,sec_metadata_only,SEC metadata-first target row; filing body and exhibit downloads disabled by default.
gd_2025_q4,GD,General Dynamics Corporation,2025,Q4,8-K;10-Q;10-K,sec-edgar://metadata-first/GD/2025/Q4,,,unknown_metadata_pending,metadata_only,sec_metadata_only,SEC metadata-first target row; filing body and exhibit downloads disabled by default.
cat_2025_q4,CAT,Caterpillar Inc.,2025,Q4,8-K;10-Q;10-K,sec-edgar://metadata-first/CAT/2025/Q4,,,unknown_metadata_pending,metadata_only,sec_metadata_only,SEC metadata-first target row; filing body and exhibit downloads disabled by default.
de_2025_q4,DE,Deere & Company,2025,Q4,8-K;10-Q;10-K,sec-edgar://metadata-first/DE/2025/Q4,,,unknown_metadata_pending,metadata_only,sec_metadata_only,SEC metadata-first target row; filing body and exhibit downloads disabled by default.
ge_2025_q4,GE,GE Aerospace,2025,Q4,8-K;10-Q;10-K,sec-edgar://metadata-first/GE/2025/Q4,,,unknown_metadata_pending,metadata_only,sec_metadata_only,SEC metadata-first target row; filing body and exhibit downloads disabled by default.
etn_2025_q4,ETN,Eaton Corporation plc,2025,Q4,8-K;10-Q;10-K,sec-edgar://metadata-first/ETN/2025/Q4,,,unknown_metadata_pending,metadata_only,sec_metadata_only,SEC metadata-first target row; filing body and exhibit downloads disabled by default.
emr_2025_q4,EMR,Emerson Electric Co.,2025,Q4,8-K;10-Q;10-K,sec-edgar://metadata-first/EMR/2025/Q4,,,unknown_metadata_pending,metadata_only,sec_metadata_only,SEC metadata-first target row; filing body and exhibit downloads disabled by default.
mmm_2025_q4,MMM,3M Company,2025,Q4,8-K;10-Q;10-K,sec-edgar://metadata-first/MMM/2025/Q4,,,unknown_metadata_pending,metadata_only,sec_metadata_only,SEC metadata-first target row; filing body and exhibit downloads disabled by default.
itw_2025_q4,ITW,Illinois Tool Works Inc.,2025,Q4,8-K;10-Q;10-K,sec-edgar://metadata-first/ITW/2025/Q4,,,unknown_metadata_pending,metadata_only,sec_metadata_only,SEC metadata-first target row; filing body and exhibit downloads disabled by default.
ph_2025_q4,PH,Parker-Hannifin Corporation,2025,Q4,8-K;10-Q;10-K,sec-edgar://metadata-first/PH/2025/Q4,,,unknown_metadata_pending,metadata_only,sec_metadata_only,SEC metadata-first target row; filing body and exhibit downloads disabled by default.
carr_2025_q4,CARR,Carrier Global Corporation,2025,Q4,8-K;10-Q;10-K,sec-edgar://metadata-first/CARR/2025/Q4,,,unknown_metadata_pending,metadata_only,sec_metadata_only,SEC metadata-first target row; filing body and exhibit downloads disabled by default.
otis_2025_q4,OTIS,Otis Worldwide Corporation,2025,Q4,8-K;10-Q;10-K,sec-edgar://metadata-first/OTIS/2025/Q4,,,unknown_metadata_pending,metadata_only,sec_metadata_only,SEC metadata-first target row; filing body and exhibit downloads disabled by default.
ups_2025_q4,UPS,"United Parcel Service, Inc.",2025,Q4,8-K;10-Q;10-K,sec-edgar://metadata-first/UPS/2025/Q4,,,unknown_metadata_pending,metadata_only,sec_metadata_only,SEC metadata-first target row; filing body and exhibit downloads disabled by default.
fdx_2025_q4,FDX,FedEx Corporation,2025,Q4,8-K;10-Q;10-K,sec-edgar://metadata-first/FDX/2025/Q4,,,unknown_metadata_pending,metadata_only,sec_metadata_only,SEC metadata-first target row; filing body and exhibit downloads disabled by default.
dal_2025_q4,DAL,"Delta Air Lines, Inc.",2025,Q4,8-K;10-Q;10-K,sec-edgar://metadata-first/DAL/2025/Q4,,,unknown_metadata_pending,metadata_only,sec_metadata_only,SEC metadata-first target row; filing body and exhibit downloads disabled by default.
unp_2025_q4,UNP,Union Pacific Corporation,2025,Q4,8-K;10-Q;10-K,sec-edgar://metadata-first/UNP/2025/Q4,,,unknown_metadata_pending,metadata_only,sec_metadata_only,SEC metadata-first target row; filing body and exhibit downloads disabled by default.
nsc_2025_q4,NSC,Norfolk Southern Corporation,2025,Q4,8-K;10-Q;10-K,sec-edgar://metadata-first/NSC/2025/Q4,,,unknown_metadata_pending,metadata_only,sec_metadata_only,SEC metadata-first target row; filing body and exhibit downloads disabled by default.
hd_2025_q4,HD,"The Home Depot, Inc.",2025,Q4,8-K;10-Q;10-K,sec-edgar://metadata-first/HD/2025/Q4,,,unknown_metadata_pending,metadata_only,sec_metadata_only,SEC metadata-first target row; filing body and exhibit downloads disabled by default.
low_2025_q4,LOW,"Lowe's Companies, Inc.",2025,Q4,8-K;10-Q;10-K,sec-edgar://metadata-first/LOW/2025/Q4,,,unknown_metadata_pending,metadata_only,sec_metadata_only,SEC metadata-first target row; filing body and exhibit downloads disabled by default.
tgt_2025_q4,TGT,Target Corporation,2025,Q4,8-K;10-Q;10-K,sec-edgar://metadata-first/TGT/2025/Q4,,,unknown_metadata_pending,metadata_only,sec_metadata_only,SEC metadata-first target row; filing body and exhibit downloads disabled by default.
kr_2025_q4,KR,The Kroger Co.,2025,Q4,8-K;10-Q;10-K,sec-edgar://metadata-first/KR/2025/Q4,,,unknown_metadata_pending,metadata_only,sec_metadata_only,SEC metadata-first target row; filing body and exhibit downloads disabled by default.
dg_2025_q4,DG,Dollar General Corporation,2025,Q4,8-K;10-Q;10-K,sec-edgar://metadata-first/DG/2025/Q4,,,unknown_metadata_pending,metadata_only,sec_metadata_only,SEC metadata-first target row; filing body and exhibit downloads disabled by default.
mcd_2025_q4,MCD,McDonald's Corporation,2025,Q4,8-K;10-Q;10-K,sec-edgar://metadata-first/MCD/2025/Q4,,,unknown_metadata_pending,metadata_only,sec_metadata_only,SEC metadata-first target row; filing body and exhibit downloads disabled by default.
yum_2025_q4,YUM,"Yum! Brands, Inc.",2025,Q4,8-K;10-Q;10-K,sec-edgar://metadata-first/YUM/2025/Q4,,,unknown_metadata_pending,metadata_only,sec_metadata_only,SEC metadata-first target row; filing body and exhibit downloads disabled by default.
nke_2025_q4,NKE,"NIKE, Inc.",2025,Q4,8-K;10-Q;10-K,sec-edgar://metadata-first/NKE/2025/Q4,,,unknown_metadata_pending,metadata_only,sec_metadata_only,SEC metadata-first target row; filing body and exhibit downloads disabled by default.
dis_2025_q4,DIS,The Walt Disney Company,2025,Q4,8-K;10-Q;10-K,sec-edgar://metadata-first/DIS/2025/Q4,,,unknown_metadata_pending,metadata_only,sec_metadata_only,SEC metadata-first target row; filing body and exhibit downloads disabled by default.
ko_2025_q4,KO,The Coca-Cola Company,2025,Q4,8-K;10-Q;10-K,sec-edgar://metadata-first/KO/2025/Q4,,,unknown_metadata_pending,metadata_only,sec_metadata_only,SEC metadata-first target row; filing body and exhibit downloads disabled by default.
pg_2025_q4,PG,The Procter & Gamble Company,2025,Q4,8-K;10-Q;10-K,sec-edgar://metadata-first/PG/2025/Q4,,,unknown_metadata_pending,metadata_only,sec_metadata_only,SEC metadata-first target row; filing body and exhibit downloads disabled by default.
cl_2025_q4,CL,Colgate-Palmolive Company,2025,Q4,8-K;10-Q;10-K,sec-edgar://metadata-first/CL/2025/Q4,,,unknown_metadata_pending,metadata_only,sec_metadata_only,SEC metadata-first target row; filing body and exhibit downloads disabled by default.
el_2025_q4,EL,The Estee Lauder Companies Inc.,2025,Q4,8-K;10-Q;10-K,sec-edgar://metadata-first/EL/2025/Q4,,,unknown_metadata_pending,metadata_only,sec_metadata_only,SEC metadata-first target row; filing body and exhibit downloads disabled by default.
gis_2025_q4,GIS,"General Mills, Inc.",2025,Q4,8-K;10-Q;10-K,sec-edgar://metadata-first/GIS/2025/Q4,,,unknown_metadata_pending,metadata_only,sec_metadata_only,SEC metadata-first target row; filing body and exhibit downloads disabled by default.
hsy_2025_q4,HSY,The Hershey Company,2025,Q4,8-K;10-Q;10-K,sec-edgar://metadata-first/HSY/2025/Q4,,,unknown_metadata_pending,metadata_only,sec_metadata_only,SEC metadata-first target row; filing body and exhibit downloads disabled by default.
t_2025_q4,T,AT&T Inc.,2025,Q4,8-K;10-Q;10-K,sec-edgar://metadata-first/T/2025/Q4,,,unknown_metadata_pending,metadata_only,sec_metadata_only,SEC metadata-first target row; filing body and exhibit downloads disabled by default.
vz_2025_q4,VZ,Verizon Communications Inc.,2025,Q4,8-K;10-Q;10-K,sec-edgar://metadata-first/VZ/2025/Q4,,,unknown_metadata_pending,metadata_only,sec_metadata_only,SEC metadata-first target row; filing body and exhibit downloads disabled by default.
ibm_2025_q4,IBM,International Business Machines Corporation,2025,Q4,8-K;10-Q;10-K,sec-edgar://metadata-first/IBM/2025/Q4,,,unknown_metadata_pending,metadata_only,sec_metadata_only,SEC metadata-first target row; filing body and exhibit downloads disabled by default.
orcl_2025_q4,ORCL,Oracle Corporation,2025,Q4,8-K;10-Q;10-K,sec-edgar://metadata-first/ORCL/2025/Q4,,,unknown_metadata_pending,metadata_only,sec_metadata_only,SEC metadata-first target row; filing body and exhibit downloads disabled by default.
crm_2025_q4,CRM,"Salesforce, Inc.",2025,Q4,8-K;10-Q;10-K,sec-edgar://metadata-first/CRM/2025/Q4,,,unknown_metadata_pending,metadata_only,sec_metadata_only,SEC metadata-first target row; filing body and exhibit downloads disabled by default.
now_2025_q4,NOW,"ServiceNow, Inc.",2025,Q4,8-K;10-Q;10-K,sec-edgar://metadata-first/NOW/2025/Q4,,,unknown_metadata_pending,metadata_only,sec_metadata_only,SEC metadata-first target row; filing body and exhibit downloads disabled by default.
acn_2025_q4,ACN,Accenture plc,2025,Q4,8-K;10-Q;10-K,sec-edgar://metadata-first/ACN/2025/Q4,,,unknown_metadata_pending,metadata_only,sec_metadata_only,SEC metadata-first target row; filing body and exhibit downloads disabled by default.
dell_2025_q4,DELL,Dell Technologies Inc.,2025,Q4,8-K;10-Q;10-K,sec-edgar://metadata-first/DELL/2025/Q4,,,unknown_metadata_pending,metadata_only,sec_metadata_only,SEC metadata-first target row; filing body and exhibit downloads disabled by default.
hpq_2025_q4,HPQ,HP Inc.,2025,Q4,8-K;10-Q;10-K,sec-edgar://metadata-first/HPQ/2025/Q4,,,unknown_metadata_pending,metadata_only,sec_metadata_only,SEC metadata-first target row; filing body and exhibit downloads disabled by default.
net_2025_q4,NET,"Cloudflare, Inc.",2025,Q4,8-K;10-Q;10-K,sec-edgar://metadata-first/NET/2025/Q4,,,unknown_metadata_pending,metadata_only,sec_metadata_only,SEC metadata-first target row; filing body and exhibit downloads disabled by default.
snow_2025_q4,SNOW,Snowflake Inc.,2025,Q4,8-K;10-Q;10-K,sec-edgar://metadata-first/SNOW/2025/Q4,,,unknown_metadata_pending,metadata_only,sec_metadata_only,SEC metadata-first target row; filing body and exhibit downloads disabled by default.
jpm_2024_q4,JPM,JPMorgan Chase & Co.,2024,Q4,8-K;10-Q;10-K,sec-edgar://metadata-first/JPM/2024/Q4,,,unknown_metadata_pending,metadata_only,sec_metadata_only,SEC metadata-first target row; filing body and exhibit downloads disabled by default.
bac_2024_q4,BAC,Bank of America Corporation,2024,Q4,8-K;10-Q;10-K,sec-edgar://metadata-first/BAC/2024/Q4,,,unknown_metadata_pending,metadata_only,sec_metadata_only,SEC metadata-first target row; filing body and exhibit downloads disabled by default.
c_2024_q4,C,Citigroup Inc.,2024,Q4,8-K;10-Q;10-K,sec-edgar://metadata-first/C/2024/Q4,,,unknown_metadata_pending,metadata_only,sec_metadata_only,SEC metadata-first target row; filing body and exhibit downloads disabled by default.
wfc_2024_q4,WFC,Wells Fargo & Company,2024,Q4,8-K;10-Q;10-K,sec-edgar://metadata-first/WFC/2024/Q4,,,unknown_metadata_pending,metadata_only,sec_metadata_only,SEC metadata-first target row; filing body and exhibit downloads disabled by default.
gs_2024_q4,GS,"The Goldman Sachs Group, Inc.",2024,Q4,8-K;10-Q;10-K,sec-edgar://metadata-first/GS/2024/Q4,,,unknown_metadata_pending,metadata_only,sec_metadata_only,SEC metadata-first target row; filing body and exhibit downloads disabled by default.
ms_2024_q4,MS,Morgan Stanley,2024,Q4,8-K;10-Q;10-K,sec-edgar://metadata-first/MS/2024/Q4,,,unknown_metadata_pending,metadata_only,sec_metadata_only,SEC metadata-first target row; filing body and exhibit downloads disabled by default.
bk_2024_q4,BK,The Bank of New York Mellon Corporation,2024,Q4,8-K;10-Q;10-K,sec-edgar://metadata-first/BK/2024/Q4,,,unknown_metadata_pending,metadata_only,sec_metadata_only,SEC metadata-first target row; filing body and exhibit downloads disabled by default.
stt_2024_q4,STT,State Street Corporation,2024,Q4,8-K;10-Q;10-K,sec-edgar://metadata-first/STT/2024/Q4,,,unknown_metadata_pending,metadata_only,sec_metadata_only,SEC metadata-first target row; filing body and exhibit downloads disabled by default.
usb_2024_q4,USB,U.S. Bancorp,2024,Q4,8-K;10-Q;10-K,sec-edgar://metadata-first/USB/2024/Q4,,,unknown_metadata_pending,metadata_only,sec_metadata_only,SEC metadata-first target row; filing body and exhibit downloads disabled by default.
pnc_2024_q4,PNC,"The PNC Financial Services Group, Inc.",2024,Q4,8-K;10-Q;10-K,sec-edgar://metadata-first/PNC/2024/Q4,,,unknown_metadata_pending,metadata_only,sec_metadata_only,SEC metadata-first target row; filing body and exhibit downloads disabled by default.
tfc_2024_q4,TFC,Truist Financial Corporation,2024,Q4,8-K;10-Q;10-K,sec-edgar://metadata-first/TFC/2024/Q4,,,unknown_metadata_pending,metadata_only,sec_metadata_only,SEC metadata-first target row; filing body and exhibit downloads disabled by default.
cof_2024_q4,COF,Capital One Financial Corporation,2024,Q4,8-K;10-Q;10-K,sec-edgar://metadata-first/COF/2024/Q4,,,unknown_metadata_pending,metadata_only,sec_metadata_only,SEC metadata-first target row; filing body and exhibit downloads disabled by default.
axp_2024_q4,AXP,American Express Company,2024,Q4,8-K;10-Q;10-K,sec-edgar://metadata-first/AXP/2024/Q4,,,unknown_metadata_pending,metadata_only,sec_metadata_only,SEC metadata-first target row; filing body and exhibit downloads disabled by default.
v_2024_q4,V,Visa Inc.,2024,Q4,8-K;10-Q;10-K,sec-edgar://metadata-first/V/2024/Q4,,,unknown_metadata_pending,metadata_only,sec_metadata_only,SEC metadata-first target row; filing body and exhibit downloads disabled by default.
ma_2024_q4,MA,Mastercard Incorporated,2024,Q4,8-K;10-Q;10-K,sec-edgar://metadata-first/MA/2024/Q4,,,unknown_metadata_pending,metadata_only,sec_metadata_only,SEC metadata-first target row; filing body and exhibit downloads disabled by default.
fis_2024_q4,FIS,"Fidelity National Information Services, Inc.",2024,Q4,8-K;10-Q;10-K,sec-edgar://metadata-first/FIS/2024/Q4,,,unknown_metadata_pending,metadata_only,sec_metadata_only,SEC metadata-first target row; filing body and exhibit downloads disabled by default.
gpn_2024_q4,GPN,Global Payments Inc.,2024,Q4,8-K;10-Q;10-K,sec-edgar://metadata-first/GPN/2024/Q4,,,unknown_metadata_pending,metadata_only,sec_metadata_only,SEC metadata-first target row; filing body and exhibit downloads disabled by default.
blk_2024_q4,BLK,"BlackRock, Inc.",2024,Q4,8-K;10-Q;10-K,sec-edgar://metadata-first/BLK/2024/Q4,,,unknown_metadata_pending,metadata_only,sec_metadata_only,SEC metadata-first target row; filing body and exhibit downloads disabled by default.
bx_2024_q4,BX,Blackstone Inc.,2024,Q4,8-K;10-Q;10-K,sec-edgar://metadata-first/BX/2024/Q4,,,unknown_metadata_pending,metadata_only,sec_metadata_only,SEC metadata-first target row; filing body and exhibit downloads disabled by default.
schw_2024_q4,SCHW,The Charles Schwab Corporation,2024,Q4,8-K;10-Q;10-K,sec-edgar://metadata-first/SCHW/2024/Q4,,,unknown_metadata_pending,metadata_only,sec_metadata_only,SEC metadata-first target row; filing body and exhibit downloads disabled by default.
ice_2024_q4,ICE,"Intercontinental Exchange, Inc.",2024,Q4,8-K;10-Q;10-K,sec-edgar://metadata-first/ICE/2024/Q4,,,unknown_metadata_pending,metadata_only,sec_metadata_only,SEC metadata-first target row; filing body and exhibit downloads disabled by default.
spgi_2024_q4,SPGI,S&P Global Inc.,2024,Q4,8-K;10-Q;10-K,sec-edgar://metadata-first/SPGI/2024/Q4,,,unknown_metadata_pending,metadata_only,sec_metadata_only,SEC metadata-first target row; filing body and exhibit downloads disabled by default.
mco_2024_q4,MCO,Moody's Corporation,2024,Q4,8-K;10-Q;10-K,sec-edgar://metadata-first/MCO/2024/Q4,,,unknown_metadata_pending,metadata_only,sec_metadata_only,SEC metadata-first target row; filing body and exhibit downloads disabled by default.
aon_2024_q4,AON,Aon plc,2024,Q4,8-K;10-Q;10-K,sec-edgar://metadata-first/AON/2024/Q4,,,unknown_metadata_pending,metadata_only,sec_metadata_only,SEC metadata-first target row; filing body and exhibit downloads disabled by default.
aig_2024_q4,AIG,"American International Group, Inc.",2024,Q4,8-K;10-Q;10-K,sec-edgar://metadata-first/AIG/2024/Q4,,,unknown_metadata_pending,metadata_only,sec_metadata_only,SEC metadata-first target row; filing body and exhibit downloads disabled by default.
met_2024_q4,MET,"MetLife, Inc.",2024,Q4,8-K;10-Q;10-K,sec-edgar://metadata-first/MET/2024/Q4,,,unknown_metadata_pending,metadata_only,sec_metadata_only,SEC metadata-first target row; filing body and exhibit downloads disabled by default.
pru_2024_q4,PRU,"Prudential Financial, Inc.",2024,Q4,8-K;10-Q;10-K,sec-edgar://metadata-first/PRU/2024/Q4,,,unknown_metadata_pending,metadata_only,sec_metadata_only,SEC metadata-first target row; filing body and exhibit downloads disabled by default.
trv_2024_q4,TRV,"The Travelers Companies, Inc.",2024,Q4,8-K;10-Q;10-K,sec-edgar://metadata-first/TRV/2024/Q4,,,unknown_metadata_pending,metadata_only,sec_metadata_only,SEC metadata-first target row; filing body and exhibit downloads disabled by default.
cb_2024_q4,CB,Chubb Limited,2024,Q4,8-K;10-Q;10-K,sec-edgar://metadata-first/CB/2024/Q4,,,unknown_metadata_pending,metadata_only,sec_metadata_only,SEC metadata-first target row; filing body and exhibit downloads disabled by default.
jnj_2024_q4,JNJ,Johnson & Johnson,2024,Q4,8-K;10-Q;10-K,sec-edgar://metadata-first/JNJ/2024/Q4,,,unknown_metadata_pending,metadata_only,sec_metadata_only,SEC metadata-first target row; filing body and exhibit downloads disabled by default.
lly_2024_q4,LLY,Eli Lilly and Company,2024,Q4,8-K;10-Q;10-K,sec-edgar://metadata-first/LLY/2024/Q4,,,unknown_metadata_pending,metadata_only,sec_metadata_only,SEC metadata-first target row; filing body and exhibit downloads disabled by default.
mrk_2024_q4,MRK,"Merck & Co., Inc.",2024,Q4,8-K;10-Q;10-K,sec-edgar://metadata-first/MRK/2024/Q4,,,unknown_metadata_pending,metadata_only,sec_metadata_only,SEC metadata-first target row; filing body and exhibit downloads disabled by default.
pfe_2024_q4,PFE,Pfizer Inc.,2024,Q4,8-K;10-Q;10-K,sec-edgar://metadata-first/PFE/2024/Q4,,,unknown_metadata_pending,metadata_only,sec_metadata_only,SEC metadata-first target row; filing body and exhibit downloads disabled by default.
unh_2024_q4,UNH,UnitedHealth Group Incorporated,2024,Q4,8-K;10-Q;10-K,sec-edgar://metadata-first/UNH/2024/Q4,,,unknown_metadata_pending,metadata_only,sec_metadata_only,SEC metadata-first target row; filing body and exhibit downloads disabled by default.
cvs_2024_q4,CVS,CVS Health Corporation,2024,Q4,8-K;10-Q;10-K,sec-edgar://metadata-first/CVS/2024/Q4,,,unknown_metadata_pending,metadata_only,sec_metadata_only,SEC metadata-first target row; filing body and exhibit downloads disabled by default.
abt_2024_q4,ABT,Abbott Laboratories,2024,Q4,8-K;10-Q;10-K,sec-edgar://metadata-first/ABT/2024/Q4,,,unknown_metadata_pending,metadata_only,sec_metadata_only,SEC metadata-first target row; filing body and exhibit downloads disabled by default.
bmy_2024_q4,BMY,Bristol Myers Squibb Company,2024,Q4,8-K;10-Q;10-K,sec-edgar://metadata-first/BMY/2024/Q4,,,unknown_metadata_pending,metadata_only,sec_metadata_only,SEC metadata-first target row; filing body and exhibit downloads disabled by default.
mdt_2024_q4,MDT,Medtronic plc,2024,Q4,8-K;10-Q;10-K,sec-edgar://metadata-first/MDT/2024/Q4,,,unknown_metadata_pending,metadata_only,sec_metadata_only,SEC metadata-first target row; filing body and exhibit downloads disabled by default.
tmo_2024_q4,TMO,Thermo Fisher Scientific Inc.,2024,Q4,8-K;10-Q;10-K,sec-edgar://metadata-first/TMO/2024/Q4,,,unknown_metadata_pending,metadata_only,sec_metadata_only,SEC metadata-first target row; filing body and exhibit downloads disabled by default.
dhr_2024_q4,DHR,Danaher Corporation,2024,Q4,8-K;10-Q;10-K,sec-edgar://metadata-first/DHR/2024/Q4,,,unknown_metadata_pending,metadata_only,sec_metadata_only,SEC metadata-first target row; filing body and exhibit downloads disabled by default.
bdx_2024_q4,BDX,"Becton, Dickinson and Company",2024,Q4,8-K;10-Q;10-K,sec-edgar://metadata-first/BDX/2024/Q4,,,unknown_metadata_pending,metadata_only,sec_metadata_only,SEC metadata-first target row; filing body and exhibit downloads disabled by default.
ci_2024_q4,CI,The Cigna Group,2024,Q4,8-K;10-Q;10-K,sec-edgar://metadata-first/CI/2024/Q4,,,unknown_metadata_pending,metadata_only,sec_metadata_only,SEC metadata-first target row; filing body and exhibit downloads disabled by default.
hca_2024_q4,HCA,"HCA Healthcare, Inc.",2024,Q4,8-K;10-Q;10-K,sec-edgar://metadata-first/HCA/2024/Q4,,,unknown_metadata_pending,metadata_only,sec_metadata_only,SEC metadata-first target row; filing body and exhibit downloads disabled by default.
syk_2024_q4,SYK,Stryker Corporation,2024,Q4,8-K;10-Q;10-K,sec-edgar://metadata-first/SYK/2024/Q4,,,unknown_metadata_pending,metadata_only,sec_metadata_only,SEC metadata-first target row; filing body and exhibit downloads disabled by default.
xom_2024_q4,XOM,Exxon Mobil Corporation,2024,Q4,8-K;10-Q;10-K,sec-edgar://metadata-first/XOM/2024/Q4,,,unknown_metadata_pending,metadata_only,sec_metadata_only,SEC metadata-first target row; filing body and exhibit downloads disabled by default.
cvx_2024_q4,CVX,Chevron Corporation,2024,Q4,8-K;10-Q;10-K,sec-edgar://metadata-first/CVX/2024/Q4,,,unknown_metadata_pending,metadata_only,sec_metadata_only,SEC metadata-first target row; filing body and exhibit downloads disabled by default.
cop_2024_q4,COP,ConocoPhillips,2024,Q4,8-K;10-Q;10-K,sec-edgar://metadata-first/COP/2024/Q4,,,unknown_metadata_pending,metadata_only,sec_metadata_only,SEC metadata-first target row; filing body and exhibit downloads disabled by default.
slb_2024_q4,SLB,SLB,2024,Q4,8-K;10-Q;10-K,sec-edgar://metadata-first/SLB/2024/Q4,,,unknown_metadata_pending,metadata_only,sec_metadata_only,SEC metadata-first target row; filing body and exhibit downloads disabled by default.
hal_2024_q4,HAL,Halliburton Company,2024,Q4,8-K;10-Q;10-K,sec-edgar://metadata-first/HAL/2024/Q4,,,unknown_metadata_pending,metadata_only,sec_metadata_only,SEC metadata-first target row; filing body and exhibit downloads disabled by default.
eog_2024_q4,EOG,"EOG Resources, Inc.",2024,Q4,8-K;10-Q;10-K,sec-edgar://metadata-first/EOG/2024/Q4,,,unknown_metadata_pending,metadata_only,sec_metadata_only,SEC metadata-first target row; filing body and exhibit downloads disabled by default.
oxy_2024_q4,OXY,Occidental Petroleum Corporation,2024,Q4,8-K;10-Q;10-K,sec-edgar://metadata-first/OXY/2024/Q4,,,unknown_metadata_pending,metadata_only,sec_metadata_only,SEC metadata-first target row; filing body and exhibit downloads disabled by default.
mpc_2024_q4,MPC,Marathon Petroleum Corporation,2024,Q4,8-K;10-Q;10-K,sec-edgar://metadata-first/MPC/2024/Q4,,,unknown_metadata_pending,metadata_only,sec_metadata_only,SEC metadata-first target row; filing body and exhibit downloads disabled by default.
psx_2024_q4,PSX,Phillips 66,2024,Q4,8-K;10-Q;10-K,sec-edgar://metadata-first/PSX/2024/Q4,,,unknown_metadata_pending,metadata_only,sec_metadata_only,SEC metadata-first target row; filing body and exhibit downloads disabled by default.
vlo_2024_q4,VLO,Valero Energy Corporation,2024,Q4,8-K;10-Q;10-K,sec-edgar://metadata-first/VLO/2024/Q4,,,unknown_metadata_pending,metadata_only,sec_metadata_only,SEC metadata-first target row; filing body and exhibit downloads disabled by default.
ba_2024_q4,BA,The Boeing Company,2024,Q4,8-K;10-Q;10-K,sec-edgar://metadata-first/BA/2024/Q4,,,unknown_metadata_pending,metadata_only,sec_metadata_only,SEC metadata-first target row; filing body and exhibit downloads disabled by default.
rtx_2024_q4,RTX,RTX Corporation,2024,Q4,8-K;10-Q;10-K,sec-edgar://metadata-first/RTX/2024/Q4,,,unknown_metadata_pending,metadata_only,sec_metadata_only,SEC metadata-first target row; filing body and exhibit downloads disabled by default.
lmt_2024_q4,LMT,Lockheed Martin Corporation,2024,Q4,8-K;10-Q;10-K,sec-edgar://metadata-first/LMT/2024/Q4,,,unknown_metadata_pending,metadata_only,sec_metadata_only,SEC metadata-first target row; filing body and exhibit downloads disabled by default.
noc_2024_q4,NOC,Northrop Grumman Corporation,2024,Q4,8-K;10-Q;10-K,sec-edgar://metadata-first/NOC/2024/Q4,,,unknown_metadata_pending,metadata_only,sec_metadata_only,SEC metadata-first target row; filing body and exhibit downloads disabled by default.
gd_2024_q4,GD,General Dynamics Corporation,2024,Q4,8-K;10-Q;10-K,sec-edgar://metadata-first/GD/2024/Q4,,,unknown_metadata_pending,metadata_only,sec_metadata_only,SEC metadata-first target row; filing body and exhibit downloads disabled by default.
cat_2024_q4,CAT,Caterpillar Inc.,2024,Q4,8-K;10-Q;10-K,sec-edgar://metadata-first/CAT/2024/Q4,,,unknown_metadata_pending,metadata_only,sec_metadata_only,SEC metadata-first target row; filing body and exhibit downloads disabled by default.
de_2024_q4,DE,Deere & Company,2024,Q4,8-K;10-Q;10-K,sec-edgar://metadata-first/DE/2024/Q4,,,unknown_metadata_pending,metadata_only,sec_metadata_only,SEC metadata-first target row; filing body and exhibit downloads disabled by default.
ge_2024_q4,GE,GE Aerospace,2024,Q4,8-K;10-Q;10-K,sec-edgar://metadata-first/GE/2024/Q4,,,unknown_metadata_pending,metadata_only,sec_metadata_only,SEC metadata-first target row; filing body and exhibit downloads disabled by default.
etn_2024_q4,ETN,Eaton Corporation plc,2024,Q4,8-K;10-Q;10-K,sec-edgar://metadata-first/ETN/2024/Q4,,,unknown_metadata_pending,metadata_only,sec_metadata_only,SEC metadata-first target row; filing body and exhibit downloads disabled by default.
emr_2024_q4,EMR,Emerson Electric Co.,2024,Q4,8-K;10-Q;10-K,sec-edgar://metadata-first/EMR/2024/Q4,,,unknown_metadata_pending,metadata_only,sec_metadata_only,SEC metadata-first target row; filing body and exhibit downloads disabled by default.
mmm_2024_q4,MMM,3M Company,2024,Q4,8-K;10-Q;10-K,sec-edgar://metadata-first/MMM/2024/Q4,,,unknown_metadata_pending,metadata_only,sec_metadata_only,SEC metadata-first target row; filing body and exhibit downloads disabled by default.
itw_2024_q4,ITW,Illinois Tool Works Inc.,2024,Q4,8-K;10-Q;10-K,sec-edgar://metadata-first/ITW/2024/Q4,,,unknown_metadata_pending,metadata_only,sec_metadata_only,SEC metadata-first target row; filing body and exhibit downloads disabled by default.
ph_2024_q4,PH,Parker-Hannifin Corporation,2024,Q4,8-K;10-Q;10-K,sec-edgar://metadata-first/PH/2024/Q4,,,unknown_metadata_pending,metadata_only,sec_metadata_only,SEC metadata-first target row; filing body and exhibit downloads disabled by default.
carr_2024_q4,CARR,Carrier Global Corporation,2024,Q4,8-K;10-Q;10-K,sec-edgar://metadata-first/CARR/2024/Q4,,,unknown_metadata_pending,metadata_only,sec_metadata_only,SEC metadata-first target row; filing body and exhibit downloads disabled by default.
otis_2024_q4,OTIS,Otis Worldwide Corporation,2024,Q4,8-K;10-Q;10-K,sec-edgar://metadata-first/OTIS/2024/Q4,,,unknown_metadata_pending,metadata_only,sec_metadata_only,SEC metadata-first target row; filing body and exhibit downloads disabled by default.
ups_2024_q4,UPS,"United Parcel Service, Inc.",2024,Q4,8-K;10-Q;10-K,sec-edgar://metadata-first/UPS/2024/Q4,,,unknown_metadata_pending,metadata_only,sec_metadata_only,SEC metadata-first target row; filing body and exhibit downloads disabled by default.
fdx_2024_q4,FDX,FedEx Corporation,2024,Q4,8-K;10-Q;10-K,sec-edgar://metadata-first/FDX/2024/Q4,,,unknown_metadata_pending,metadata_only,sec_metadata_only,SEC metadata-first target row; filing body and exhibit downloads disabled by default.
dal_2024_q4,DAL,"Delta Air Lines, Inc.",2024,Q4,8-K;10-Q;10-K,sec-edgar://metadata-first/DAL/2024/Q4,,,unknown_metadata_pending,metadata_only,sec_metadata_only,SEC metadata-first target row; filing body and exhibit downloads disabled by default.
unp_2024_q4,UNP,Union Pacific Corporation,2024,Q4,8-K;10-Q;10-K,sec-edgar://metadata-first/UNP/2024/Q4,,,unknown_metadata_pending,metadata_only,sec_metadata_only,SEC metadata-first target row; filing body and exhibit downloads disabled by default.
nsc_2024_q4,NSC,Norfolk Southern Corporation,2024,Q4,8-K;10-Q;10-K,sec-edgar://metadata-first/NSC/2024/Q4,,,unknown_metadata_pending,metadata_only,sec_metadata_only,SEC metadata-first target row; filing body and exhibit downloads disabled by default.
hd_2024_q4,HD,"The Home Depot, Inc.",2024,Q4,8-K;10-Q;10-K,sec-edgar://metadata-first/HD/2024/Q4,,,unknown_metadata_pending,metadata_only,sec_metadata_only,SEC metadata-first target row; filing body and exhibit downloads disabled by default.
low_2024_q4,LOW,"Lowe's Companies, Inc.",2024,Q4,8-K;10-Q;10-K,sec-edgar://metadata-first/LOW/2024/Q4,,,unknown_metadata_pending,metadata_only,sec_metadata_only,SEC metadata-first target row; filing body and exhibit downloads disabled by default.
tgt_2024_q4,TGT,Target Corporation,2024,Q4,8-K;10-Q;10-K,sec-edgar://metadata-first/TGT/2024/Q4,,,unknown_metadata_pending,metadata_only,sec_metadata_only,SEC metadata-first target row; filing body and exhibit downloads disabled by default.
kr_2024_q4,KR,The Kroger Co.,2024,Q4,8-K;10-Q;10-K,sec-edgar://metadata-first/KR/2024/Q4,,,unknown_metadata_pending,metadata_only,sec_metadata_only,SEC metadata-first target row; filing body and exhibit downloads disabled by default.
dg_2024_q4,DG,Dollar General Corporation,2024,Q4,8-K;10-Q;10-K,sec-edgar://metadata-first/DG/2024/Q4,,,unknown_metadata_pending,metadata_only,sec_metadata_only,SEC metadata-first target row; filing body and exhibit downloads disabled by default.
mcd_2024_q4,MCD,McDonald's Corporation,2024,Q4,8-K;10-Q;10-K,sec-edgar://metadata-first/MCD/2024/Q4,,,unknown_metadata_pending,metadata_only,sec_metadata_only,SEC metadata-first target row; filing body and exhibit downloads disabled by default.
yum_2024_q4,YUM,"Yum! Brands, Inc.",2024,Q4,8-K;10-Q;10-K,sec-edgar://metadata-first/YUM/2024/Q4,,,unknown_metadata_pending,metadata_only,sec_metadata_only,SEC metadata-first target row; filing body and exhibit downloads disabled by default.
nke_2024_q4,NKE,"NIKE, Inc.",2024,Q4,8-K;10-Q;10-K,sec-edgar://metadata-first/NKE/2024/Q4,,,unknown_metadata_pending,metadata_only,sec_metadata_only,SEC metadata-first target row; filing body and exhibit downloads disabled by default.
dis_2024_q4,DIS,The Walt Disney Company,2024,Q4,8-K;10-Q;10-K,sec-edgar://metadata-first/DIS/2024/Q4,,,unknown_metadata_pending,metadata_only,sec_metadata_only,SEC metadata-first target row; filing body and exhibit downloads disabled by default.
ko_2024_q4,KO,The Coca-Cola Company,2024,Q4,8-K;10-Q;10-K,sec-edgar://metadata-first/KO/2024/Q4,,,unknown_metadata_pending,metadata_only,sec_metadata_only,SEC metadata-first target row; filing body and exhibit downloads disabled by default.
pg_2024_q4,PG,The Procter & Gamble Company,2024,Q4,8-K;10-Q;10-K,sec-edgar://metadata-first/PG/2024/Q4,,,unknown_metadata_pending,metadata_only,sec_metadata_only,SEC metadata-first target row; filing body and exhibit downloads disabled by default.
cl_2024_q4,CL,Colgate-Palmolive Company,2024,Q4,8-K;10-Q;10-K,sec-edgar://metadata-first/CL/2024/Q4,,,unknown_metadata_pending,metadata_only,sec_metadata_only,SEC metadata-first target row; filing body and exhibit downloads disabled by default.
el_2024_q4,EL,The Estee Lauder Companies Inc.,2024,Q4,8-K;10-Q;10-K,sec-edgar://metadata-first/EL/2024/Q4,,,unknown_metadata_pending,metadata_only,sec_metadata_only,SEC metadata-first target row; filing body and exhibit downloads disabled by default.
gis_2024_q4,GIS,"General Mills, Inc.",2024,Q4,8-K;10-Q;10-K,sec-edgar://metadata-first/GIS/2024/Q4,,,unknown_metadata_pending,metadata_only,sec_metadata_only,SEC metadata-first target row; filing body and exhibit downloads disabled by default.
hsy_2024_q4,HSY,The Hershey Company,2024,Q4,8-K;10-Q;10-K,sec-edgar://metadata-first/HSY/2024/Q4,,,unknown_metadata_pending,metadata_only,sec_metadata_only,SEC metadata-first target row; filing body and exhibit downloads disabled by default.
t_2024_q4,T,AT&T Inc.,2024,Q4,8-K;10-Q;10-K,sec-edgar://metadata-first/T/2024/Q4,,,unknown_metadata_pending,metadata_only,sec_metadata_only,SEC metadata-first target row; filing body and exhibit downloads disabled by default.
vz_2024_q4,VZ,Verizon Communications Inc.,2024,Q4,8-K;10-Q;10-K,sec-edgar://metadata-first/VZ/2024/Q4,,,unknown_metadata_pending,metadata_only,sec_metadata_only,SEC metadata-first target row; filing body and exhibit downloads disabled by default.
ibm_2024_q4,IBM,International Business Machines Corporation,2024,Q4,8-K;10-Q;10-K,sec-edgar://metadata-first/IBM/2024/Q4,,,unknown_metadata_pending,metadata_only,sec_metadata_only,SEC metadata-first target row; filing body and exhibit downloads disabled by default.
orcl_2024_q4,ORCL,Oracle Corporation,2024,Q4,8-K;10-Q;10-K,sec-edgar://metadata-first/ORCL/2024/Q4,,,unknown_metadata_pending,metadata_only,sec_metadata_only,SEC metadata-first target row; filing body and exhibit downloads disabled by default.
crm_2024_q4,CRM,"Salesforce, Inc.",2024,Q4,8-K;10-Q;10-K,sec-edgar://metadata-first/CRM/2024/Q4,,,unknown_metadata_pending,metadata_only,sec_metadata_only,SEC metadata-first target row; filing body and exhibit downloads disabled by default.
now_2024_q4,NOW,"ServiceNow, Inc.",2024,Q4,8-K;10-Q;10-K,sec-edgar://metadata-first/NOW/2024/Q4,,,unknown_metadata_pending,metadata_only,sec_metadata_only,SEC metadata-first target row; filing body and exhibit downloads disabled by default.
acn_2024_q4,ACN,Accenture plc,2024,Q4,8-K;10-Q;10-K,sec-edgar://metadata-first/ACN/2024/Q4,,,unknown_metadata_pending,metadata_only,sec_metadata_only,SEC metadata-first target row; filing body and exhibit downloads disabled by default.
dell_2024_q4,DELL,Dell Technologies Inc.,2024,Q4,8-K;10-Q;10-K,sec-edgar://metadata-first/DELL/2024/Q4,,,unknown_metadata_pending,metadata_only,sec_metadata_only,SEC metadata-first target row; filing body and exhibit downloads disabled by default.
hpq_2024_q4,HPQ,HP Inc.,2024,Q4,8-K;10-Q;10-K,sec-edgar://metadata-first/HPQ/2024/Q4,,,unknown_metadata_pending,metadata_only,sec_metadata_only,SEC metadata-first target row; filing body and exhibit downloads disabled by default.
net_2024_q4,NET,"Cloudflare, Inc.",2024,Q4,8-K;10-Q;10-K,sec-edgar://metadata-first/NET/2024/Q4,,,unknown_metadata_pending,metadata_only,sec_metadata_only,SEC metadata-first target row; filing body and exhibit downloads disabled by default.
snow_2024_q4,SNOW,Snowflake Inc.,2024,Q4,8-K;10-Q;10-K,sec-edgar://metadata-first/SNOW/2024/Q4,,,unknown_metadata_pending,metadata_only,sec_metadata_only,SEC metadata-first target row; filing body and exhibit downloads disabled by default.
jpm_2023_q4,JPM,JPMorgan Chase & Co.,2023,Q4,8-K;10-Q;10-K,sec-edgar://metadata-first/JPM/2023/Q4,,,unknown_metadata_pending,metadata_only,sec_metadata_only,SEC metadata-first target row; filing body and exhibit downloads disabled by default.
bac_2023_q4,BAC,Bank of America Corporation,2023,Q4,8-K;10-Q;10-K,sec-edgar://metadata-first/BAC/2023/Q4,,,unknown_metadata_pending,metadata_only,sec_metadata_only,SEC metadata-first target row; filing body and exhibit downloads disabled by default.
c_2023_q4,C,Citigroup Inc.,2023,Q4,8-K;10-Q;10-K,sec-edgar://metadata-first/C/2023/Q4,,,unknown_metadata_pending,metadata_only,sec_metadata_only,SEC metadata-first target row; filing body and exhibit downloads disabled by default.
wfc_2023_q4,WFC,Wells Fargo & Company,2023,Q4,8-K;10-Q;10-K,sec-edgar://metadata-first/WFC/2023/Q4,,,unknown_metadata_pending,metadata_only,sec_metadata_only,SEC metadata-first target row; filing body and exhibit downloads disabled by default.
gs_2023_q4,GS,"The Goldman Sachs Group, Inc.",2023,Q4,8-K;10-Q;10-K,sec-edgar://metadata-first/GS/2023/Q4,,,unknown_metadata_pending,metadata_only,sec_metadata_only,SEC metadata-first target row; filing body and exhibit downloads disabled by default.
ms_2023_q4,MS,Morgan Stanley,2023,Q4,8-K;10-Q;10-K,sec-edgar://metadata-first/MS/2023/Q4,,,unknown_metadata_pending,metadata_only,sec_metadata_only,SEC metadata-first target row; filing body and exhibit downloads disabled by default.
bk_2023_q4,BK,The Bank of New York Mellon Corporation,2023,Q4,8-K;10-Q;10-K,sec-edgar://metadata-first/BK/2023/Q4,,,unknown_metadata_pending,metadata_only,sec_metadata_only,SEC metadata-first target row; filing body and exhibit downloads disabled by default.
stt_2023_q4,STT,State Street Corporation,2023,Q4,8-K;10-Q;10-K,sec-edgar://metadata-first/STT/2023/Q4,,,unknown_metadata_pending,metadata_only,sec_metadata_only,SEC metadata-first target row; filing body and exhibit downloads disabled by default.
usb_2023_q4,USB,U.S. Bancorp,2023,Q4,8-K;10-Q;10-K,sec-edgar://metadata-first/USB/2023/Q4,,,unknown_metadata_pending,metadata_only,sec_metadata_only,SEC metadata-first target row; filing body and exhibit downloads disabled by default.
pnc_2023_q4,PNC,"The PNC Financial Services Group, Inc.",2023,Q4,8-K;10-Q;10-K,sec-edgar://metadata-first/PNC/2023/Q4,,,unknown_metadata_pending,metadata_only,sec_metadata_only,SEC metadata-first target row; filing body and exhibit downloads disabled by default.
tfc_2023_q4,TFC,Truist Financial Corporation,2023,Q4,8-K;10-Q;10-K,sec-edgar://metadata-first/TFC/2023/Q4,,,unknown_metadata_pending,metadata_only,sec_metadata_only,SEC metadata-first target row; filing body and exhibit downloads disabled by default.
cof_2023_q4,COF,Capital One Financial Corporation,2023,Q4,8-K;10-Q;10-K,sec-edgar://metadata-first/COF/2023/Q4,,,unknown_metadata_pending,metadata_only,sec_metadata_only,SEC metadata-first target row; filing body and exhibit downloads disabled by default.
axp_2023_q4,AXP,American Express Company,2023,Q4,8-K;10-Q;10-K,sec-edgar://metadata-first/AXP/2023/Q4,,,unknown_metadata_pending,metadata_only,sec_metadata_only,SEC metadata-first target row; filing body and exhibit downloads disabled by default.
v_2023_q4,V,Visa Inc.,2023,Q4,8-K;10-Q;10-K,sec-edgar://metadata-first/V/2023/Q4,,,unknown_metadata_pending,metadata_only,sec_metadata_only,SEC metadata-first target row; filing body and exhibit downloads disabled by default.
ma_2023_q4,MA,Mastercard Incorporated,2023,Q4,8-K;10-Q;10-K,sec-edgar://metadata-first/MA/2023/Q4,,,unknown_metadata_pending,metadata_only,sec_metadata_only,SEC metadata-first target row; filing body and exhibit downloads disabled by default.
fis_2023_q4,FIS,"Fidelity National Information Services, Inc.",2023,Q4,8-K;10-Q;10-K,sec-edgar://metadata-first/FIS/2023/Q4,,,unknown_metadata_pending,metadata_only,sec_metadata_only,SEC metadata-first target row; filing body and exhibit downloads disabled by default.
gpn_2023_q4,GPN,Global Payments Inc.,2023,Q4,8-K;10-Q;10-K,sec-edgar://metadata-first/GPN/2023/Q4,,,unknown_metadata_pending,metadata_only,sec_metadata_only,SEC metadata-first target row; filing body and exhibit downloads disabled by default.
blk_2023_q4,BLK,"BlackRock, Inc.",2023,Q4,8-K;10-Q;10-K,sec-edgar://metadata-first/BLK/2023/Q4,,,unknown_metadata_pending,metadata_only,sec_metadata_only,SEC metadata-first target row; filing body and exhibit downloads disabled by default.
bx_2023_q4,BX,Blackstone Inc.,2023,Q4,8-K;10-Q;10-K,sec-edgar://metadata-first/BX/2023/Q4,,,unknown_metadata_pending,metadata_only,sec_metadata_only,SEC metadata-first target row; filing body and exhibit downloads disabled by default.
schw_2023_q4,SCHW,The Charles Schwab Corporation,2023,Q4,8-K;10-Q;10-K,sec-edgar://metadata-first/SCHW/2023/Q4,,,unknown_metadata_pending,metadata_only,sec_metadata_only,SEC metadata-first target row; filing body and exhibit downloads disabled by default.
ice_2023_q4,ICE,"Intercontinental Exchange, Inc.",2023,Q4,8-K;10-Q;10-K,sec-edgar://metadata-first/ICE/2023/Q4,,,unknown_metadata_pending,metadata_only,sec_metadata_only,SEC metadata-first target row; filing body and exhibit downloads disabled by default.
spgi_2023_q4,SPGI,S&P Global Inc.,2023,Q4,8-K;10-Q;10-K,sec-edgar://metadata-first/SPGI/2023/Q4,,,unknown_metadata_pending,metadata_only,sec_metadata_only,SEC metadata-first target row; filing body and exhibit downloads disabled by default.
mco_2023_q4,MCO,Moody's Corporation,2023,Q4,8-K;10-Q;10-K,sec-edgar://metadata-first/MCO/2023/Q4,,,unknown_metadata_pending,metadata_only,sec_metadata_only,SEC metadata-first target row; filing body and exhibit downloads disabled by default.
aon_2023_q4,AON,Aon plc,2023,Q4,8-K;10-Q;10-K,sec-edgar://metadata-first/AON/2023/Q4,,,unknown_metadata_pending,metadata_only,sec_metadata_only,SEC metadata-first target row; filing body and exhibit downloads disabled by default.
aig_2023_q4,AIG,"American International Group, Inc.",2023,Q4,8-K;10-Q;10-K,sec-edgar://metadata-first/AIG/2023/Q4,,,unknown_metadata_pending,metadata_only,sec_metadata_only,SEC metadata-first target row; filing body and exhibit downloads disabled by default.
met_2023_q4,MET,"MetLife, Inc.",2023,Q4,8-K;10-Q;10-K,sec-edgar://metadata-first/MET/2023/Q4,,,unknown_metadata_pending,metadata_only,sec_metadata_only,SEC metadata-first target row; filing body and exhibit downloads disabled by default.
pru_2023_q4,PRU,"Prudential Financial, Inc.",2023,Q4,8-K;10-Q;10-K,sec-edgar://metadata-first/PRU/2023/Q4,,,unknown_metadata_pending,metadata_only,sec_metadata_only,SEC metadata-first target row; filing body and exhibit downloads disabled by default.
trv_2023_q4,TRV,"The Travelers Companies, Inc.",2023,Q4,8-K;10-Q;10-K,sec-edgar://metadata-first/TRV/2023/Q4,,,unknown_metadata_pending,metadata_only,sec_metadata_only,SEC metadata-first target row; filing body and exhibit downloads disabled by default.
cb_2023_q4,CB,Chubb Limited,2023,Q4,8-K;10-Q;10-K,sec-edgar://metadata-first/CB/2023/Q4,,,unknown_metadata_pending,metadata_only,sec_metadata_only,SEC metadata-first target row; filing body and exhibit downloads disabled by default.
jnj_2023_q4,JNJ,Johnson & Johnson,2023,Q4,8-K;10-Q;10-K,sec-edgar://metadata-first/JNJ/2023/Q4,,,unknown_metadata_pending,metadata_only,sec_metadata_only,SEC metadata-first target row; filing body and exhibit downloads disabled by default.
lly_2023_q4,LLY,Eli Lilly and Company,2023,Q4,8-K;10-Q;10-K,sec-edgar://metadata-first/LLY/2023/Q4,,,unknown_metadata_pending,metadata_only,sec_metadata_only,SEC metadata-first target row; filing body and exhibit downloads disabled by default.
mrk_2023_q4,MRK,"Merck & Co., Inc.",2023,Q4,8-K;10-Q;10-K,sec-edgar://metadata-first/MRK/2023/Q4,,,unknown_metadata_pending,metadata_only,sec_metadata_only,SEC metadata-first target row; filing body and exhibit downloads disabled by default.
pfe_2023_q4,PFE,Pfizer Inc.,2023,Q4,8-K;10-Q;10-K,sec-edgar://metadata-first/PFE/2023/Q4,,,unknown_metadata_pending,metadata_only,sec_metadata_only,SEC metadata-first target row; filing body and exhibit downloads disabled by default.
unh_2023_q4,UNH,UnitedHealth Group Incorporated,2023,Q4,8-K;10-Q;10-K,sec-edgar://metadata-first/UNH/2023/Q4,,,unknown_metadata_pending,metadata_only,sec_metadata_only,SEC metadata-first target row; filing body and exhibit downloads disabled by default.
cvs_2023_q4,CVS,CVS Health Corporation,2023,Q4,8-K;10-Q;10-K,sec-edgar://metadata-first/CVS/2023/Q4,,,unknown_metadata_pending,metadata_only,sec_metadata_only,SEC metadata-first target row; filing body and exhibit downloads disabled by default.
abt_2023_q4,ABT,Abbott Laboratories,2023,Q4,8-K;10-Q;10-K,sec-edgar://metadata-first/ABT/2023/Q4,,,unknown_metadata_pending,metadata_only,sec_metadata_only,SEC metadata-first target row; filing body and exhibit downloads disabled by default.
bmy_2023_q4,BMY,Bristol Myers Squibb Company,2023,Q4,8-K;10-Q;10-K,sec-edgar://metadata-first/BMY/2023/Q4,,,unknown_metadata_pending,metadata_only,sec_metadata_only,SEC metadata-first target row; filing body and exhibit downloads disabled by default.
mdt_2023_q4,MDT,Medtronic plc,2023,Q4,8-K;10-Q;10-K,sec-edgar://metadata-first/MDT/2023/Q4,,,unknown_metadata_pending,metadata_only,sec_metadata_only,SEC metadata-first target row; filing body and exhibit downloads disabled by default.
tmo_2023_q4,TMO,Thermo Fisher Scientific Inc.,2023,Q4,8-K;10-Q;10-K,sec-edgar://metadata-first/TMO/2023/Q4,,,unknown_metadata_pending,metadata_only,sec_metadata_only,SEC metadata-first target row; filing body and exhibit downloads disabled by default.
dhr_2023_q4,DHR,Danaher Corporation,2023,Q4,8-K;10-Q;10-K,sec-edgar://metadata-first/DHR/2023/Q4,,,unknown_metadata_pending,metadata_only,sec_metadata_only,SEC metadata-first target row; filing body and exhibit downloads disabled by default.
bdx_2023_q4,BDX,"Becton, Dickinson and Company",2023,Q4,8-K;10-Q;10-K,sec-edgar://metadata-first/BDX/2023/Q4,,,unknown_metadata_pending,metadata_only,sec_metadata_only,SEC metadata-first target row; filing body and exhibit downloads disabled by default.
ci_2023_q4,CI,The Cigna Group,2023,Q4,8-K;10-Q;10-K,sec-edgar://metadata-first/CI/2023/Q4,,,unknown_metadata_pending,metadata_only,sec_metadata_only,SEC metadata-first target row; filing body and exhibit downloads disabled by default.
hca_2023_q4,HCA,"HCA Healthcare, Inc.",2023,Q4,8-K;10-Q;10-K,sec-edgar://metadata-first/HCA/2023/Q4,,,unknown_metadata_pending,metadata_only,sec_metadata_only,SEC metadata-first target row; filing body and exhibit downloads disabled by default.
syk_2023_q4,SYK,Stryker Corporation,2023,Q4,8-K;10-Q;10-K,sec-edgar://metadata-first/SYK/2023/Q4,,,unknown_metadata_pending,metadata_only,sec_metadata_only,SEC metadata-first target row; filing body and exhibit downloads disabled by default.
xom_2023_q4,XOM,Exxon Mobil Corporation,2023,Q4,8-K;10-Q;10-K,sec-edgar://metadata-first/XOM/2023/Q4,,,unknown_metadata_pending,metadata_only,sec_metadata_only,SEC metadata-first target row; filing body and exhibit downloads disabled by default.
cvx_2023_q4,CVX,Chevron Corporation,2023,Q4,8-K;10-Q;10-K,sec-edgar://metadata-first/CVX/2023/Q4,,,unknown_metadata_pending,metadata_only,sec_metadata_only,SEC metadata-first target row; filing body and exhibit downloads disabled by default.
cop_2023_q4,COP,ConocoPhillips,2023,Q4,8-K;10-Q;10-K,sec-edgar://metadata-first/COP/2023/Q4,,,unknown_metadata_pending,metadata_only,sec_metadata_only,SEC metadata-first target row; filing body and exhibit downloads disabled by default.
slb_2023_q4,SLB,SLB,2023,Q4,8-K;10-Q;10-K,sec-edgar://metadata-first/SLB/2023/Q4,,,unknown_metadata_pending,metadata_only,sec_metadata_only,SEC metadata-first target row; filing body and exhibit downloads disabled by default.
hal_2023_q4,HAL,Halliburton Company,2023,Q4,8-K;10-Q;10-K,sec-edgar://metadata-first/HAL/2023/Q4,,,unknown_metadata_pending,metadata_only,sec_metadata_only,SEC metadata-first target row; filing body and exhibit downloads disabled by default.
eog_2023_q4,EOG,"EOG Resources, Inc.",2023,Q4,8-K;10-Q;10-K,sec-edgar://metadata-first/EOG/2023/Q4,,,unknown_metadata_pending,metadata_only,sec_metadata_only,SEC metadata-first target row; filing body and exhibit downloads disabled by default.
oxy_2023_q4,OXY,Occidental Petroleum Corporation,2023,Q4,8-K;10-Q;10-K,sec-edgar://metadata-first/OXY/2023/Q4,,,unknown_metadata_pending,metadata_only,sec_metadata_only,SEC metadata-first target row; filing body and exhibit downloads disabled by default.
mpc_2023_q4,MPC,Marathon Petroleum Corporation,2023,Q4,8-K;10-Q;10-K,sec-edgar://metadata-first/MPC/2023/Q4,,,unknown_metadata_pending,metadata_only,sec_metadata_only,SEC metadata-first target row; filing body and exhibit downloads disabled by default.
psx_2023_q4,PSX,Phillips 66,2023,Q4,8-K;10-Q;10-K,sec-edgar://metadata-first/PSX/2023/Q4,,,unknown_metadata_pending,metadata_only,sec_metadata_only,SEC metadata-first target row; filing body and exhibit downloads disabled by default.
vlo_2023_q4,VLO,Valero Energy Corporation,2023,Q4,8-K;10-Q;10-K,sec-edgar://metadata-first/VLO/2023/Q4,,,unknown_metadata_pending,metadata_only,sec_metadata_only,SEC metadata-first target row; filing body and exhibit downloads disabled by default.
ba_2023_q4,BA,The Boeing Company,2023,Q4,8-K;10-Q;10-K,sec-edgar://metadata-first/BA/2023/Q4,,,unknown_metadata_pending,metadata_only,sec_metadata_only,SEC metadata-first target row; filing body and exhibit downloads disabled by default.
rtx_2023_q4,RTX,RTX Corporation,2023,Q4,8-K;10-Q;10-K,sec-edgar://metadata-first/RTX/2023/Q4,,,unknown_metadata_pending,metadata_only,sec_metadata_only,SEC metadata-first target row; filing body and exhibit downloads disabled by default.
lmt_2023_q4,LMT,Lockheed Martin Corporation,2023,Q4,8-K;10-Q;10-K,sec-edgar://metadata-first/LMT/2023/Q4,,,unknown_metadata_pending,metadata_only,sec_metadata_only,SEC metadata-first target row; filing body and exhibit downloads disabled by default.
noc_2023_q4,NOC,Northrop Grumman Corporation,2023,Q4,8-K;10-Q;10-K,sec-edgar://metadata-first/NOC/2023/Q4,,,unknown_metadata_pending,metadata_only,sec_metadata_only,SEC metadata-first target row; filing body and exhibit downloads disabled by default.
gd_2023_q4,GD,General Dynamics Corporation,2023,Q4,8-K;10-Q;10-K,sec-edgar://metadata-first/GD/2023/Q4,,,unknown_metadata_pending,metadata_only,sec_metadata_only,SEC metadata-first target row; filing body and exhibit downloads disabled by default.
cat_2023_q4,CAT,Caterpillar Inc.,2023,Q4,8-K;10-Q;10-K,sec-edgar://metadata-first/CAT/2023/Q4,,,unknown_metadata_pending,metadata_only,sec_metadata_only,SEC metadata-first target row; filing body and exhibit downloads disabled by default.
de_2023_q4,DE,Deere & Company,2023,Q4,8-K;10-Q;10-K,sec-edgar://metadata-first/DE/2023/Q4,,,unknown_metadata_pending,metadata_only,sec_metadata_only,SEC metadata-first target row; filing body and exhibit downloads disabled by default.
ge_2023_q4,GE,GE Aerospace,2023,Q4,8-K;10-Q;10-K,sec-edgar://metadata-first/GE/2023/Q4,,,unknown_metadata_pending,metadata_only,sec_metadata_only,SEC metadata-first target row; filing body and exhibit downloads disabled by default.
etn_2023_q4,ETN,Eaton Corporation plc,2023,Q4,8-K;10-Q;10-K,sec-edgar://metadata-first/ETN/2023/Q4,,,unknown_metadata_pending,metadata_only,sec_metadata_only,SEC metadata-first target row; filing body and exhibit downloads disabled by default.
emr_2023_q4,EMR,Emerson Electric Co.,2023,Q4,8-K;10-Q;10-K,sec-edgar://metadata-first/EMR/2023/Q4,,,unknown_metadata_pending,metadata_only,sec_metadata_only,SEC metadata-first target row; filing body and exhibit downloads disabled by default.
mmm_2023_q4,MMM,3M Company,2023,Q4,8-K;10-Q;10-K,sec-edgar://metadata-first/MMM/2023/Q4,,,unknown_metadata_pending,metadata_only,sec_metadata_only,SEC metadata-first target row; filing body and exhibit downloads disabled by default.
itw_2023_q4,ITW,Illinois Tool Works Inc.,2023,Q4,8-K;10-Q;10-K,sec-edgar://metadata-first/ITW/2023/Q4,,,unknown_metadata_pending,metadata_only,sec_metadata_only,SEC metadata-first target row; filing body and exhibit downloads disabled by default.
ph_2023_q4,PH,Parker-Hannifin Corporation,2023,Q4,8-K;10-Q;10-K,sec-edgar://metadata-first/PH/2023/Q4,,,unknown_metadata_pending,metadata_only,sec_metadata_only,SEC metadata-first target row; filing body and exhibit downloads disabled by default.
carr_2023_q4,CARR,Carrier Global Corporation,2023,Q4,8-K;10-Q;10-K,sec-edgar://metadata-first/CARR/2023/Q4,,,unknown_metadata_pending,metadata_only,sec_metadata_only,SEC metadata-first target row; filing body and exhibit downloads disabled by default.
otis_2023_q4,OTIS,Otis Worldwide Corporation,2023,Q4,8-K;10-Q;10-K,sec-edgar://metadata-first/OTIS/2023/Q4,,,unknown_metadata_pending,metadata_only,sec_metadata_only,SEC metadata-first target row; filing body and exhibit downloads disabled by default.
ups_2023_q4,UPS,"United Parcel Service, Inc.",2023,Q4,8-K;10-Q;10-K,sec-edgar://metadata-first/UPS/2023/Q4,,,unknown_metadata_pending,metadata_only,sec_metadata_only,SEC metadata-first target row; filing body and exhibit downloads disabled by default.
fdx_2023_q4,FDX,FedEx Corporation,2023,Q4,8-K;10-Q;10-K,sec-edgar://metadata-first/FDX/2023/Q4,,,unknown_metadata_pending,metadata_only,sec_metadata_only,SEC metadata-first target row; filing body and exhibit downloads disabled by default.
dal_2023_q4,DAL,"Delta Air Lines, Inc.",2023,Q4,8-K;10-Q;10-K,sec-edgar://metadata-first/DAL/2023/Q4,,,unknown_metadata_pending,metadata_only,sec_metadata_only,SEC metadata-first target row; filing body and exhibit downloads disabled by default.
unp_2023_q4,UNP,Union Pacific Corporation,2023,Q4,8-K;10-Q;10-K,sec-edgar://metadata-first/UNP/2023/Q4,,,unknown_metadata_pending,metadata_only,sec_metadata_only,SEC metadata-first target row; filing body and exhibit downloads disabled by default.
nsc_2023_q4,NSC,Norfolk Southern Corporation,2023,Q4,8-K;10-Q;10-K,sec-edgar://metadata-first/NSC/2023/Q4,,,unknown_metadata_pending,metadata_only,sec_metadata_only,SEC metadata-first target row; filing body and exhibit downloads disabled by default.
hd_2023_q4,HD,"The Home Depot, Inc.",2023,Q4,8-K;10-Q;10-K,sec-edgar://metadata-first/HD/2023/Q4,,,unknown_metadata_pending,metadata_only,sec_metadata_only,SEC metadata-first target row; filing body and exhibit downloads disabled by default.
low_2023_q4,LOW,"Lowe's Companies, Inc.",2023,Q4,8-K;10-Q;10-K,sec-edgar://metadata-first/LOW/2023/Q4,,,unknown_metadata_pending,metadata_only,sec_metadata_only,SEC metadata-first target row; filing body and exhibit downloads disabled by default.
tgt_2023_q4,TGT,Target Corporation,2023,Q4,8-K;10-Q;10-K,sec-edgar://metadata-first/TGT/2023/Q4,,,unknown_metadata_pending,metadata_only,sec_metadata_only,SEC metadata-first target row; filing body and exhibit downloads disabled by default.
kr_2023_q4,KR,The Kroger Co.,2023,Q4,8-K;10-Q;10-K,sec-edgar://metadata-first/KR/2023/Q4,,,unknown_metadata_pending,metadata_only,sec_metadata_only,SEC metadata-first target row; filing body and exhibit downloads disabled by default.
dg_2023_q4,DG,Dollar General Corporation,2023,Q4,8-K;10-Q;10-K,sec-edgar://metadata-first/DG/2023/Q4,,,unknown_metadata_pending,metadata_only,sec_metadata_only,SEC metadata-first target row; filing body and exhibit downloads disabled by default.
mcd_2023_q4,MCD,McDonald's Corporation,2023,Q4,8-K;10-Q;10-K,sec-edgar://metadata-first/MCD/2023/Q4,,,unknown_metadata_pending,metadata_only,sec_metadata_only,SEC metadata-first target row; filing body and exhibit downloads disabled by default.
yum_2023_q4,YUM,"Yum! Brands, Inc.",2023,Q4,8-K;10-Q;10-K,sec-edgar://metadata-first/YUM/2023/Q4,,,unknown_metadata_pending,metadata_only,sec_metadata_only,SEC metadata-first target row; filing body and exhibit downloads disabled by default.
nke_2023_q4,NKE,"NIKE, Inc.",2023,Q4,8-K;10-Q;10-K,sec-edgar://metadata-first/NKE/2023/Q4,,,unknown_metadata_pending,metadata_only,sec_metadata_only,SEC metadata-first target row; filing body and exhibit downloads disabled by default.
dis_2023_q4,DIS,The Walt Disney Company,2023,Q4,8-K;10-Q;10-K,sec-edgar://metadata-first/DIS/2023/Q4,,,unknown_metadata_pending,metadata_only,sec_metadata_only,SEC metadata-first target row; filing body and exhibit downloads disabled by default.
ko_2023_q4,KO,The Coca-Cola Company,2023,Q4,8-K;10-Q;10-K,sec-edgar://metadata-first/KO/2023/Q4,,,unknown_metadata_pending,metadata_only,sec_metadata_only,SEC metadata-first target row; filing body and exhibit downloads disabled by default.
pg_2023_q4,PG,The Procter & Gamble Company,2023,Q4,8-K;10-Q;10-K,sec-edgar://metadata-first/PG/2023/Q4,,,unknown_metadata_pending,metadata_only,sec_metadata_only,SEC metadata-first target row; filing body and exhibit downloads disabled by default.
cl_2023_q4,CL,Colgate-Palmolive Company,2023,Q4,8-K;10-Q;10-K,sec-edgar://metadata-first/CL/2023/Q4,,,unknown_metadata_pending,metadata_only,sec_metadata_only,SEC metadata-first target row; filing body and exhibit downloads disabled by default.
el_2023_q4,EL,The Estee Lauder Companies Inc.,2023,Q4,8-K;10-Q;10-K,sec-edgar://metadata-first/EL/2023/Q4,,,unknown_metadata_pending,metadata_only,sec_metadata_only,SEC metadata-first target row; filing body and exhibit downloads disabled by default.
gis_2023_q4,GIS,"General Mills, Inc.",2023,Q4,8-K;10-Q;10-K,sec-edgar://metadata-first/GIS/2023/Q4,,,unknown_metadata_pending,metadata_only,sec_metadata_only,SEC metadata-first target row; filing body and exhibit downloads disabled by default.
hsy_2023_q4,HSY,The Hershey Company,2023,Q4,8-K;10-Q;10-K,sec-edgar://metadata-first/HSY/2023/Q4,,,unknown_metadata_pending,metadata_only,sec_metadata_only,SEC metadata-first target row; filing body and exhibit downloads disabled by default.
t_2023_q4,T,AT&T Inc.,2023,Q4,8-K;10-Q;10-K,sec-edgar://metadata-first/T/2023/Q4,,,unknown_metadata_pending,metadata_only,sec_metadata_only,SEC metadata-first target row; filing body and exhibit downloads disabled by default.
vz_2023_q4,VZ,Verizon Communications Inc.,2023,Q4,8-K;10-Q;10-K,sec-edgar://metadata-first/VZ/2023/Q4,,,unknown_metadata_pending,metadata_only,sec_metadata_only,SEC metadata-first target row; filing body and exhibit downloads disabled by default.
ibm_2023_q4,IBM,International Business Machines Corporation,2023,Q4,8-K;10-Q;10-K,sec-edgar://metadata-first/IBM/2023/Q4,,,unknown_metadata_pending,metadata_only,sec_metadata_only,SEC metadata-first target row; filing body and exhibit downloads disabled by default.
orcl_2023_q4,ORCL,Oracle Corporation,2023,Q4,8-K;10-Q;10-K,sec-edgar://metadata-first/ORCL/2023/Q4,,,unknown_metadata_pending,metadata_only,sec_metadata_only,SEC metadata-first target row; filing body and exhibit downloads disabled by default.
crm_2023_q4,CRM,"Salesforce, Inc.",2023,Q4,8-K;10-Q;10-K,sec-edgar://metadata-first/CRM/2023/Q4,,,unknown_metadata_pending,metadata_only,sec_metadata_only,SEC metadata-first target row; filing body and exhibit downloads disabled by default.
now_2023_q4,NOW,"ServiceNow, Inc.",2023,Q4,8-K;10-Q;10-K,sec-edgar://metadata-first/NOW/2023/Q4,,,unknown_metadata_pending,metadata_only,sec_metadata_only,SEC metadata-first target row; filing body and exhibit downloads disabled by default.
acn_2023_q4,ACN,Accenture plc,2023,Q4,8-K;10-Q;10-K,sec-edgar://metadata-first/ACN/2023/Q4,,,unknown_metadata_pending,metadata_only,sec_metadata_only,SEC metadata-first target row; filing body and exhibit downloads disabled by default.
dell_2023_q4,DELL,Dell Technologies Inc.,2023,Q4,8-K;10-Q;10-K,sec-edgar://metadata-first/DELL/2023/Q4,,,unknown_metadata_pending,metadata_only,sec_metadata_only,SEC metadata-first target row; filing body and exhibit downloads disabled by default.
hpq_2023_q4,HPQ,HP Inc.,2023,Q4,8-K;10-Q;10-K,sec-edgar://metadata-first/HPQ/2023/Q4,,,unknown_metadata_pending,metadata_only,sec_metadata_only,SEC metadata-first target row; filing body and exhibit downloads disabled by default.
net_2023_q4,NET,"Cloudflare, Inc.",2023,Q4,8-K;10-Q;10-K,sec-edgar://metadata-first/NET/2023/Q4,,,unknown_metadata_pending,metadata_only,sec_metadata_only,SEC metadata-first target row; filing body and exhibit downloads disabled by default.
snow_2023_q4,SNOW,Snowflake Inc.,2023,Q4,8-K;10-Q;10-K,sec-edgar://metadata-first/SNOW/2023/Q4,,,unknown_metadata_pending,metadata_only,sec_metadata_only,SEC metadata-first target row; filing body and exhibit downloads disabled by default.
jpm_2022_q4,JPM,JPMorgan Chase & Co.,2022,Q4,8-K;10-Q;10-K,sec-edgar://metadata-first/JPM/2022/Q4,,,unknown_metadata_pending,metadata_only,sec_metadata_only,SEC metadata-first target row; filing body and exhibit downloads disabled by default.
bac_2022_q4,BAC,Bank of America Corporation,2022,Q4,8-K;10-Q;10-K,sec-edgar://metadata-first/BAC/2022/Q4,,,unknown_metadata_pending,metadata_only,sec_metadata_only,SEC metadata-first target row; filing body and exhibit downloads disabled by default.
c_2022_q4,C,Citigroup Inc.,2022,Q4,8-K;10-Q;10-K,sec-edgar://metadata-first/C/2022/Q4,,,unknown_metadata_pending,metadata_only,sec_metadata_only,SEC metadata-first target row; filing body and exhibit downloads disabled by default.
wfc_2022_q4,WFC,Wells Fargo & Company,2022,Q4,8-K;10-Q;10-K,sec-edgar://metadata-first/WFC/2022/Q4,,,unknown_metadata_pending,metadata_only,sec_metadata_only,SEC metadata-first target row; filing body and exhibit downloads disabled by default.
gs_2022_q4,GS,"The Goldman Sachs Group, Inc.",2022,Q4,8-K;10-Q;10-K,sec-edgar://metadata-first/GS/2022/Q4,,,unknown_metadata_pending,metadata_only,sec_metadata_only,SEC metadata-first target row; filing body and exhibit downloads disabled by default.
ms_2022_q4,MS,Morgan Stanley,2022,Q4,8-K;10-Q;10-K,sec-edgar://metadata-first/MS/2022/Q4,,,unknown_metadata_pending,metadata_only,sec_metadata_only,SEC metadata-first target row; filing body and exhibit downloads disabled by default.
bk_2022_q4,BK,The Bank of New York Mellon Corporation,2022,Q4,8-K;10-Q;10-K,sec-edgar://metadata-first/BK/2022/Q4,,,unknown_metadata_pending,metadata_only,sec_metadata_only,SEC metadata-first target row; filing body and exhibit downloads disabled by default.
stt_2022_q4,STT,State Street Corporation,2022,Q4,8-K;10-Q;10-K,sec-edgar://metadata-first/STT/2022/Q4,,,unknown_metadata_pending,metadata_only,sec_metadata_only,SEC metadata-first target row; filing body and exhibit downloads disabled by default.
usb_2022_q4,USB,U.S. Bancorp,2022,Q4,8-K;10-Q;10-K,sec-edgar://metadata-first/USB/2022/Q4,,,unknown_metadata_pending,metadata_only,sec_metadata_only,SEC metadata-first target row; filing body and exhibit downloads disabled by default.
pnc_2022_q4,PNC,"The PNC Financial Services Group, Inc.",2022,Q4,8-K;10-Q;10-K,sec-edgar://metadata-first/PNC/2022/Q4,,,unknown_metadata_pending,metadata_only,sec_metadata_only,SEC metadata-first target row; filing body and exhibit downloads disabled by default.
tfc_2022_q4,TFC,Truist Financial Corporation,2022,Q4,8-K;10-Q;10-K,sec-edgar://metadata-first/TFC/2022/Q4,,,unknown_metadata_pending,metadata_only,sec_metadata_only,SEC metadata-first target row; filing body and exhibit downloads disabled by default.
cof_2022_q4,COF,Capital One Financial Corporation,2022,Q4,8-K;10-Q;10-K,sec-edgar://metadata-first/COF/2022/Q4,,,unknown_metadata_pending,metadata_only,sec_metadata_only,SEC metadata-first target row; filing body and exhibit downloads disabled by default.
axp_2022_q4,AXP,American Express Company,2022,Q4,8-K;10-Q;10-K,sec-edgar://metadata-first/AXP/2022/Q4,,,unknown_metadata_pending,metadata_only,sec_metadata_only,SEC metadata-first target row; filing body and exhibit downloads disabled by default.
v_2022_q4,V,Visa Inc.,2022,Q4,8-K;10-Q;10-K,sec-edgar://metadata-first/V/2022/Q4,,,unknown_metadata_pending,metadata_only,sec_metadata_only,SEC metadata-first target row; filing body and exhibit downloads disabled by default.
ma_2022_q4,MA,Mastercard Incorporated,2022,Q4,8-K;10-Q;10-K,sec-edgar://metadata-first/MA/2022/Q4,,,unknown_metadata_pending,metadata_only,sec_metadata_only,SEC metadata-first target row; filing body and exhibit downloads disabled by default.
fis_2022_q4,FIS,"Fidelity National Information Services, Inc.",2022,Q4,8-K;10-Q;10-K,sec-edgar://metadata-first/FIS/2022/Q4,,,unknown_metadata_pending,metadata_only,sec_metadata_only,SEC metadata-first target row; filing body and exhibit downloads disabled by default.
gpn_2022_q4,GPN,Global Payments Inc.,2022,Q4,8-K;10-Q;10-K,sec-edgar://metadata-first/GPN/2022/Q4,,,unknown_metadata_pending,metadata_only,sec_metadata_only,SEC metadata-first target row; filing body and exhibit downloads disabled by default.
blk_2022_q4,BLK,"BlackRock, Inc.",2022,Q4,8-K;10-Q;10-K,sec-edgar://metadata-first/BLK/2022/Q4,,,unknown_metadata_pending,metadata_only,sec_metadata_only,SEC metadata-first target row; filing body and exhibit downloads disabled by default.
bx_2022_q4,BX,Blackstone Inc.,2022,Q4,8-K;10-Q;10-K,sec-edgar://metadata-first/BX/2022/Q4,,,unknown_metadata_pending,metadata_only,sec_metadata_only,SEC metadata-first target row; filing body and exhibit downloads disabled by default.
schw_2022_q4,SCHW,The Charles Schwab Corporation,2022,Q4,8-K;10-Q;10-K,sec-edgar://metadata-first/SCHW/2022/Q4,,,unknown_metadata_pending,metadata_only,sec_metadata_only,SEC metadata-first target row; filing body and exhibit downloads disabled by default.
ice_2022_q4,ICE,"Intercontinental Exchange, Inc.",2022,Q4,8-K;10-Q;10-K,sec-edgar://metadata-first/ICE/2022/Q4,,,unknown_metadata_pending,metadata_only,sec_metadata_only,SEC metadata-first target row; filing body and exhibit downloads disabled by default.
spgi_2022_q4,SPGI,S&P Global Inc.,2022,Q4,8-K;10-Q;10-K,sec-edgar://metadata-first/SPGI/2022/Q4,,,unknown_metadata_pending,metadata_only,sec_metadata_only,SEC metadata-first target row; filing body and exhibit downloads disabled by default.
mco_2022_q4,MCO,Moody's Corporation,2022,Q4,8-K;10-Q;10-K,sec-edgar://metadata-first/MCO/2022/Q4,,,unknown_metadata_pending,metadata_only,sec_metadata_only,SEC metadata-first target row; filing body and exhibit downloads disabled by default.
aon_2022_q4,AON,Aon plc,2022,Q4,8-K;10-Q;10-K,sec-edgar://metadata-first/AON/2022/Q4,,,unknown_metadata_pending,metadata_only,sec_metadata_only,SEC metadata-first target row; filing body and exhibit downloads disabled by default.
aig_2022_q4,AIG,"American International Group, Inc.",2022,Q4,8-K;10-Q;10-K,sec-edgar://metadata-first/AIG/2022/Q4,,,unknown_metadata_pending,metadata_only,sec_metadata_only,SEC metadata-first target row; filing body and exhibit downloads disabled by default.
met_2022_q4,MET,"MetLife, Inc.",2022,Q4,8-K;10-Q;10-K,sec-edgar://metadata-first/MET/2022/Q4,,,unknown_metadata_pending,metadata_only,sec_metadata_only,SEC metadata-first target row; filing body and exhibit downloads disabled by default.
pru_2022_q4,PRU,"Prudential Financial, Inc.",2022,Q4,8-K;10-Q;10-K,sec-edgar://metadata-first/PRU/2022/Q4,,,unknown_metadata_pending,metadata_only,sec_metadata_only,SEC metadata-first target row; filing body and exhibit downloads disabled by default.
trv_2022_q4,TRV,"The Travelers Companies, Inc.",2022,Q4,8-K;10-Q;10-K,sec-edgar://metadata-first/TRV/2022/Q4,,,unknown_metadata_pending,metadata_only,sec_metadata_only,SEC metadata-first target row; filing body and exhibit downloads disabled by default.
cb_2022_q4,CB,Chubb Limited,2022,Q4,8-K;10-Q;10-K,sec-edgar://metadata-first/CB/2022/Q4,,,unknown_metadata_pending,metadata_only,sec_metadata_only,SEC metadata-first target row; filing body and exhibit downloads disabled by default.
jnj_2022_q4,JNJ,Johnson & Johnson,2022,Q4,8-K;10-Q;10-K,sec-edgar://metadata-first/JNJ/2022/Q4,,,unknown_metadata_pending,metadata_only,sec_metadata_only,SEC metadata-first target row; filing body and exhibit downloads disabled by default.
lly_2022_q4,LLY,Eli Lilly and Company,2022,Q4,8-K;10-Q;10-K,sec-edgar://metadata-first/LLY/2022/Q4,,,unknown_metadata_pending,metadata_only,sec_metadata_only,SEC metadata-first target row; filing body and exhibit downloads disabled by default.
mrk_2022_q4,MRK,"Merck & Co., Inc.",2022,Q4,8-K;10-Q;10-K,sec-edgar://metadata-first/MRK/2022/Q4,,,unknown_metadata_pending,metadata_only,sec_metadata_only,SEC metadata-first target row; filing body and exhibit downloads disabled by default.
pfe_2022_q4,PFE,Pfizer Inc.,2022,Q4,8-K;10-Q;10-K,sec-edgar://metadata-first/PFE/2022/Q4,,,unknown_metadata_pending,metadata_only,sec_metadata_only,SEC metadata-first target row; filing body and exhibit downloads disabled by default.
unh_2022_q4,UNH,UnitedHealth Group Incorporated,2022,Q4,8-K;10-Q;10-K,sec-edgar://metadata-first/UNH/2022/Q4,,,unknown_metadata_pending,metadata_only,sec_metadata_only,SEC metadata-first target row; filing body and exhibit downloads disabled by default.
cvs_2022_q4,CVS,CVS Health Corporation,2022,Q4,8-K;10-Q;10-K,sec-edgar://metadata-first/CVS/2022/Q4,,,unknown_metadata_pending,metadata_only,sec_metadata_only,SEC metadata-first target row; filing body and exhibit downloads disabled by default.
abt_2022_q4,ABT,Abbott Laboratories,2022,Q4,8-K;10-Q;10-K,sec-edgar://metadata-first/ABT/2022/Q4,,,unknown_metadata_pending,metadata_only,sec_metadata_only,SEC metadata-first target row; filing body and exhibit downloads disabled by default.
bmy_2022_q4,BMY,Bristol Myers Squibb Company,2022,Q4,8-K;10-Q;10-K,sec-edgar://metadata-first/BMY/2022/Q4,,,unknown_metadata_pending,metadata_only,sec_metadata_only,SEC metadata-first target row; filing body and exhibit downloads disabled by default.
mdt_2022_q4,MDT,Medtronic plc,2022,Q4,8-K;10-Q;10-K,sec-edgar://metadata-first/MDT/2022/Q4,,,unknown_metadata_pending,metadata_only,sec_metadata_only,SEC metadata-first target row; filing body and exhibit downloads disabled by default.
tmo_2022_q4,TMO,Thermo Fisher Scientific Inc.,2022,Q4,8-K;10-Q;10-K,sec-edgar://metadata-first/TMO/2022/Q4,,,unknown_metadata_pending,metadata_only,sec_metadata_only,SEC metadata-first target row; filing body and exhibit downloads disabled by default.
dhr_2022_q4,DHR,Danaher Corporation,2022,Q4,8-K;10-Q;10-K,sec-edgar://metadata-first/DHR/2022/Q4,,,unknown_metadata_pending,metadata_only,sec_metadata_only,SEC metadata-first target row; filing body and exhibit downloads disabled by default.
bdx_2022_q4,BDX,"Becton, Dickinson and Company",2022,Q4,8-K;10-Q;10-K,sec-edgar://metadata-first/BDX/2022/Q4,,,unknown_metadata_pending,metadata_only,sec_metadata_only,SEC metadata-first target row; filing body and exhibit downloads disabled by default.
ci_2022_q4,CI,The Cigna Group,2022,Q4,8-K;10-Q;10-K,sec-edgar://metadata-first/CI/2022/Q4,,,unknown_metadata_pending,metadata_only,sec_metadata_only,SEC metadata-first target row; filing body and exhibit downloads disabled by default.
hca_2022_q4,HCA,"HCA Healthcare, Inc.",2022,Q4,8-K;10-Q;10-K,sec-edgar://metadata-first/HCA/2022/Q4,,,unknown_metadata_pending,metadata_only,sec_metadata_only,SEC metadata-first target row; filing body and exhibit downloads disabled by default.
syk_2022_q4,SYK,Stryker Corporation,2022,Q4,8-K;10-Q;10-K,sec-edgar://metadata-first/SYK/2022/Q4,,,unknown_metadata_pending,metadata_only,sec_metadata_only,SEC metadata-first target row; filing body and exhibit downloads disabled by default.
xom_2022_q4,XOM,Exxon Mobil Corporation,2022,Q4,8-K;10-Q;10-K,sec-edgar://metadata-first/XOM/2022/Q4,,,unknown_metadata_pending,metadata_only,sec_metadata_only,SEC metadata-first target row; filing body and exhibit downloads disabled by default.
cvx_2022_q4,CVX,Chevron Corporation,2022,Q4,8-K;10-Q;10-K,sec-edgar://metadata-first/CVX/2022/Q4,,,unknown_metadata_pending,metadata_only,sec_metadata_only,SEC metadata-first target row; filing body and exhibit downloads disabled by default.
cop_2022_q4,COP,ConocoPhillips,2022,Q4,8-K;10-Q;10-K,sec-edgar://metadata-first/COP/2022/Q4,,,unknown_metadata_pending,metadata_only,sec_metadata_only,SEC metadata-first target row; filing body and exhibit downloads disabled by default.
slb_2022_q4,SLB,SLB,2022,Q4,8-K;10-Q;10-K,sec-edgar://metadata-first/SLB/2022/Q4,,,unknown_metadata_pending,metadata_only,sec_metadata_only,SEC metadata-first target row; filing body and exhibit downloads disabled by default.
hal_2022_q4,HAL,Halliburton Company,2022,Q4,8-K;10-Q;10-K,sec-edgar://metadata-first/HAL/2022/Q4,,,unknown_metadata_pending,metadata_only,sec_metadata_only,SEC metadata-first target row; filing body and exhibit downloads disabled by default.
eog_2022_q4,EOG,"EOG Resources, Inc.",2022,Q4,8-K;10-Q;10-K,sec-edgar://metadata-first/EOG/2022/Q4,,,unknown_metadata_pending,metadata_only,sec_metadata_only,SEC metadata-first target row; filing body and exhibit downloads disabled by default.
oxy_2022_q4,OXY,Occidental Petroleum Corporation,2022,Q4,8-K;10-Q;10-K,sec-edgar://metadata-first/OXY/2022/Q4,,,unknown_metadata_pending,metadata_only,sec_metadata_only,SEC metadata-first target row; filing body and exhibit downloads disabled by default.
mpc_2022_q4,MPC,Marathon Petroleum Corporation,2022,Q4,8-K;10-Q;10-K,sec-edgar://metadata-first/MPC/2022/Q4,,,unknown_metadata_pending,metadata_only,sec_metadata_only,SEC metadata-first target row; filing body and exhibit downloads disabled by default.
psx_2022_q4,PSX,Phillips 66,2022,Q4,8-K;10-Q;10-K,sec-edgar://metadata-first/PSX/2022/Q4,,,unknown_metadata_pending,metadata_only,sec_metadata_only,SEC metadata-first target row; filing body and exhibit downloads disabled by default.
vlo_2022_q4,VLO,Valero Energy Corporation,2022,Q4,8-K;10-Q;10-K,sec-edgar://metadata-first/VLO/2022/Q4,,,unknown_metadata_pending,metadata_only,sec_metadata_only,SEC metadata-first target row; filing body and exhibit downloads disabled by default.
ba_2022_q4,BA,The Boeing Company,2022,Q4,8-K;10-Q;10-K,sec-edgar://metadata-first/BA/2022/Q4,,,unknown_metadata_pending,metadata_only,sec_metadata_only,SEC metadata-first target row; filing body and exhibit downloads disabled by default.
rtx_2022_q4,RTX,RTX Corporation,2022,Q4,8-K;10-Q;10-K,sec-edgar://metadata-first/RTX/2022/Q4,,,unknown_metadata_pending,metadata_only,sec_metadata_only,SEC metadata-first target row; filing body and exhibit downloads disabled by default.
lmt_2022_q4,LMT,Lockheed Martin Corporation,2022,Q4,8-K;10-Q;10-K,sec-edgar://metadata-first/LMT/2022/Q4,,,unknown_metadata_pending,metadata_only,sec_metadata_only,SEC metadata-first target row; filing body and exhibit downloads disabled by default.
noc_2022_q4,NOC,Northrop Grumman Corporation,2022,Q4,8-K;10-Q;10-K,sec-edgar://metadata-first/NOC/2022/Q4,,,unknown_metadata_pending,metadata_only,sec_metadata_only,SEC metadata-first target row; filing body and exhibit downloads disabled by default.
gd_2022_q4,GD,General Dynamics Corporation,2022,Q4,8-K;10-Q;10-K,sec-edgar://metadata-first/GD/2022/Q4,,,unknown_metadata_pending,metadata_only,sec_metadata_only,SEC metadata-first target row; filing body and exhibit downloads disabled by default.
cat_2022_q4,CAT,Caterpillar Inc.,2022,Q4,8-K;10-Q;10-K,sec-edgar://metadata-first/CAT/2022/Q4,,,unknown_metadata_pending,metadata_only,sec_metadata_only,SEC metadata-first target row; filing body and exhibit downloads disabled by default.
de_2022_q4,DE,Deere & Company,2022,Q4,8-K;10-Q;10-K,sec-edgar://metadata-first/DE/2022/Q4,,,unknown_metadata_pending,metadata_only,sec_metadata_only,SEC metadata-first target row; filing body and exhibit downloads disabled by default.
ge_2022_q4,GE,GE Aerospace,2022,Q4,8-K;10-Q;10-K,sec-edgar://metadata-first/GE/2022/Q4,,,unknown_metadata_pending,metadata_only,sec_metadata_only,SEC metadata-first target row; filing body and exhibit downloads disabled by default.
etn_2022_q4,ETN,Eaton Corporation plc,2022,Q4,8-K;10-Q;10-K,sec-edgar://metadata-first/ETN/2022/Q4,,,unknown_metadata_pending,metadata_only,sec_metadata_only,SEC metadata-first target row; filing body and exhibit downloads disabled by default.
emr_2022_q4,EMR,Emerson Electric Co.,2022,Q4,8-K;10-Q;10-K,sec-edgar://metadata-first/EMR/2022/Q4,,,unknown_metadata_pending,metadata_only,sec_metadata_only,SEC metadata-first target row; filing body and exhibit downloads disabled by default.
mmm_2022_q4,MMM,3M Company,2022,Q4,8-K;10-Q;10-K,sec-edgar://metadata-first/MMM/2022/Q4,,,unknown_metadata_pending,metadata_only,sec_metadata_only,SEC metadata-first target row; filing body and exhibit downloads disabled by default.
itw_2022_q4,ITW,Illinois Tool Works Inc.,2022,Q4,8-K;10-Q;10-K,sec-edgar://metadata-first/ITW/2022/Q4,,,unknown_metadata_pending,metadata_only,sec_metadata_only,SEC metadata-first target row; filing body and exhibit downloads disabled by default.
ph_2022_q4,PH,Parker-Hannifin Corporation,2022,Q4,8-K;10-Q;10-K,sec-edgar://metadata-first/PH/2022/Q4,,,unknown_metadata_pending,metadata_only,sec_metadata_only,SEC metadata-first target row; filing body and exhibit downloads disabled by default.
carr_2022_q4,CARR,Carrier Global Corporation,2022,Q4,8-K;10-Q;10-K,sec-edgar://metadata-first/CARR/2022/Q4,,,unknown_metadata_pending,metadata_only,sec_metadata_only,SEC metadata-first target row; filing body and exhibit downloads disabled by default.
otis_2022_q4,OTIS,Otis Worldwide Corporation,2022,Q4,8-K;10-Q;10-K,sec-edgar://metadata-first/OTIS/2022/Q4,,,unknown_metadata_pending,metadata_only,sec_metadata_only,SEC metadata-first target row; filing body and exhibit downloads disabled by default.
ups_2022_q4,UPS,"United Parcel Service, Inc.",2022,Q4,8-K;10-Q;10-K,sec-edgar://metadata-first/UPS/2022/Q4,,,unknown_metadata_pending,metadata_only,sec_metadata_only,SEC metadata-first target row; filing body and exhibit downloads disabled by default.
fdx_2022_q4,FDX,FedEx Corporation,2022,Q4,8-K;10-Q;10-K,sec-edgar://metadata-first/FDX/2022/Q4,,,unknown_metadata_pending,metadata_only,sec_metadata_only,SEC metadata-first target row; filing body and exhibit downloads disabled by default.
dal_2022_q4,DAL,"Delta Air Lines, Inc.",2022,Q4,8-K;10-Q;10-K,sec-edgar://metadata-first/DAL/2022/Q4,,,unknown_metadata_pending,metadata_only,sec_metadata_only,SEC metadata-first target row; filing body and exhibit downloads disabled by default.
unp_2022_q4,UNP,Union Pacific Corporation,2022,Q4,8-K;10-Q;10-K,sec-edgar://metadata-first/UNP/2022/Q4,,,unknown_metadata_pending,metadata_only,sec_metadata_only,SEC metadata-first target row; filing body and exhibit downloads disabled by default.
nsc_2022_q4,NSC,Norfolk Southern Corporation,2022,Q4,8-K;10-Q;10-K,sec-edgar://metadata-first/NSC/2022/Q4,,,unknown_metadata_pending,metadata_only,sec_metadata_only,SEC metadata-first target row; filing body and exhibit downloads disabled by default.
hd_2022_q4,HD,"The Home Depot, Inc.",2022,Q4,8-K;10-Q;10-K,sec-edgar://metadata-first/HD/2022/Q4,,,unknown_metadata_pending,metadata_only,sec_metadata_only,SEC metadata-first target row; filing body and exhibit downloads disabled by default.
low_2022_q4,LOW,"Lowe's Companies, Inc.",2022,Q4,8-K;10-Q;10-K,sec-edgar://metadata-first/LOW/2022/Q4,,,unknown_metadata_pending,metadata_only,sec_metadata_only,SEC metadata-first target row; filing body and exhibit downloads disabled by default.
tgt_2022_q4,TGT,Target Corporation,2022,Q4,8-K;10-Q;10-K,sec-edgar://metadata-first/TGT/2022/Q4,,,unknown_metadata_pending,metadata_only,sec_metadata_only,SEC metadata-first target row; filing body and exhibit downloads disabled by default.
kr_2022_q4,KR,The Kroger Co.,2022,Q4,8-K;10-Q;10-K,sec-edgar://metadata-first/KR/2022/Q4,,,unknown_metadata_pending,metadata_only,sec_metadata_only,SEC metadata-first target row; filing body and exhibit downloads disabled by default.
dg_2022_q4,DG,Dollar General Corporation,2022,Q4,8-K;10-Q;10-K,sec-edgar://metadata-first/DG/2022/Q4,,,unknown_metadata_pending,metadata_only,sec_metadata_only,SEC metadata-first target row; filing body and exhibit downloads disabled by default.
mcd_2022_q4,MCD,McDonald's Corporation,2022,Q4,8-K;10-Q;10-K,sec-edgar://metadata-first/MCD/2022/Q4,,,unknown_metadata_pending,metadata_only,sec_metadata_only,SEC metadata-first target row; filing body and exhibit downloads disabled by default.
yum_2022_q4,YUM,"Yum! Brands, Inc.",2022,Q4,8-K;10-Q;10-K,sec-edgar://metadata-first/YUM/2022/Q4,,,unknown_metadata_pending,metadata_only,sec_metadata_only,SEC metadata-first target row; filing body and exhibit downloads disabled by default.
nke_2022_q4,NKE,"NIKE, Inc.",2022,Q4,8-K;10-Q;10-K,sec-edgar://metadata-first/NKE/2022/Q4,,,unknown_metadata_pending,metadata_only,sec_metadata_only,SEC metadata-first target row; filing body and exhibit downloads disabled by default.
dis_2022_q4,DIS,The Walt Disney Company,2022,Q4,8-K;10-Q;10-K,sec-edgar://metadata-first/DIS/2022/Q4,,,unknown_metadata_pending,metadata_only,sec_metadata_only,SEC metadata-first target row; filing body and exhibit downloads disabled by default.
ko_2022_q4,KO,The Coca-Cola Company,2022,Q4,8-K;10-Q;10-K,sec-edgar://metadata-first/KO/2022/Q4,,,unknown_metadata_pending,metadata_only,sec_metadata_only,SEC metadata-first target row; filing body and exhibit downloads disabled by default.
pg_2022_q4,PG,The Procter & Gamble Company,2022,Q4,8-K;10-Q;10-K,sec-edgar://metadata-first/PG/2022/Q4,,,unknown_metadata_pending,metadata_only,sec_metadata_only,SEC metadata-first target row; filing body and exhibit downloads disabled by default.
cl_2022_q4,CL,Colgate-Palmolive Company,2022,Q4,8-K;10-Q;10-K,sec-edgar://metadata-first/CL/2022/Q4,,,unknown_metadata_pending,metadata_only,sec_metadata_only,SEC metadata-first target row; filing body and exhibit downloads disabled by default.
el_2022_q4,EL,The Estee Lauder Companies Inc.,2022,Q4,8-K;10-Q;10-K,sec-edgar://metadata-first/EL/2022/Q4,,,unknown_metadata_pending,metadata_only,sec_metadata_only,SEC metadata-first target row; filing body and exhibit downloads disabled by default.
gis_2022_q4,GIS,"General Mills, Inc.",2022,Q4,8-K;10-Q;10-K,sec-edgar://metadata-first/GIS/2022/Q4,,,unknown_metadata_pending,metadata_only,sec_metadata_only,SEC metadata-first target row; filing body and exhibit downloads disabled by default.
hsy_2022_q4,HSY,The Hershey Company,2022,Q4,8-K;10-Q;10-K,sec-edgar://metadata-first/HSY/2022/Q4,,,unknown_metadata_pending,metadata_only,sec_metadata_only,SEC metadata-first target row; filing body and exhibit downloads disabled by default.
t_2022_q4,T,AT&T Inc.,2022,Q4,8-K;10-Q;10-K,sec-edgar://metadata-first/T/2022/Q4,,,unknown_metadata_pending,metadata_only,sec_metadata_only,SEC metadata-first target row; filing body and exhibit downloads disabled by default.
vz_2022_q4,VZ,Verizon Communications Inc.,2022,Q4,8-K;10-Q;10-K,sec-edgar://metadata-first/VZ/2022/Q4,,,unknown_metadata_pending,metadata_only,sec_metadata_only,SEC metadata-first target row; filing body and exhibit downloads disabled by default.
ibm_2022_q4,IBM,International Business Machines Corporation,2022,Q4,8-K;10-Q;10-K,sec-edgar://metadata-first/IBM/2022/Q4,,,unknown_metadata_pending,metadata_only,sec_metadata_only,SEC metadata-first target row; filing body and exhibit downloads disabled by default.
orcl_2022_q4,ORCL,Oracle Corporation,2022,Q4,8-K;10-Q;10-K,sec-edgar://metadata-first/ORCL/2022/Q4,,,unknown_metadata_pending,metadata_only,sec_metadata_only,SEC metadata-first target row; filing body and exhibit downloads disabled by default.
crm_2022_q4,CRM,"Salesforce, Inc.",2022,Q4,8-K;10-Q;10-K,sec-edgar://metadata-first/CRM/2022/Q4,,,unknown_metadata_pending,metadata_only,sec_metadata_only,SEC metadata-first target row; filing body and exhibit downloads disabled by default.
now_2022_q4,NOW,"ServiceNow, Inc.",2022,Q4,8-K;10-Q;10-K,sec-edgar://metadata-first/NOW/2022/Q4,,,unknown_metadata_pending,metadata_only,sec_metadata_only,SEC metadata-first target row; filing body and exhibit downloads disabled by default.
acn_2022_q4,ACN,Accenture plc,2022,Q4,8-K;10-Q;10-K,sec-edgar://metadata-first/ACN/2022/Q4,,,unknown_metadata_pending,metadata_only,sec_metadata_only,SEC metadata-first target row; filing body and exhibit downloads disabled by default.
dell_2022_q4,DELL,Dell Technologies Inc.,2022,Q4,8-K;10-Q;10-K,sec-edgar://metadata-first/DELL/2022/Q4,,,unknown_metadata_pending,metadata_only,sec_metadata_only,SEC metadata-first target row; filing body and exhibit downloads disabled by default.
hpq_2022_q4,HPQ,HP Inc.,2022,Q4,8-K;10-Q;10-K,sec-edgar://metadata-first/HPQ/2022/Q4,,,unknown_metadata_pending,metadata_only,sec_metadata_only,SEC metadata-first target row; filing body and exhibit downloads disabled by default.
net_2022_q4,NET,"Cloudflare, Inc.",2022,Q4,8-K;10-Q;10-K,sec-edgar://metadata-first/NET/2022/Q4,,,unknown_metadata_pending,metadata_only,sec_metadata_only,SEC metadata-first target row; filing body and exhibit downloads disabled by default.
snow_2022_q4,SNOW,Snowflake Inc.,2022,Q4,8-K;10-Q;10-K,sec-edgar://metadata-first/SNOW/2022/Q4,,,unknown_metadata_pending,metadata_only,sec_metadata_only,SEC metadata-first target row; filing body and exhibit downloads disabled by default.
jpm_2021_q4,JPM,JPMorgan Chase & Co.,2021,Q4,8-K;10-Q;10-K,sec-edgar://metadata-first/JPM/2021/Q4,,,unknown_metadata_pending,metadata_only,sec_metadata_only,SEC metadata-first target row; filing body and exhibit downloads disabled by default.
bac_2021_q4,BAC,Bank of America Corporation,2021,Q4,8-K;10-Q;10-K,sec-edgar://metadata-first/BAC/2021/Q4,,,unknown_metadata_pending,metadata_only,sec_metadata_only,SEC metadata-first target row; filing body and exhibit downloads disabled by default.
c_2021_q4,C,Citigroup Inc.,2021,Q4,8-K;10-Q;10-K,sec-edgar://metadata-first/C/2021/Q4,,,unknown_metadata_pending,metadata_only,sec_metadata_only,SEC metadata-first target row; filing body and exhibit downloads disabled by default.
wfc_2021_q4,WFC,Wells Fargo & Company,2021,Q4,8-K;10-Q;10-K,sec-edgar://metadata-first/WFC/2021/Q4,,,unknown_metadata_pending,metadata_only,sec_metadata_only,SEC metadata-first target row; filing body and exhibit downloads disabled by default.
gs_2021_q4,GS,"The Goldman Sachs Group, Inc.",2021,Q4,8-K;10-Q;10-K,sec-edgar://metadata-first/GS/2021/Q4,,,unknown_metadata_pending,metadata_only,sec_metadata_only,SEC metadata-first target row; filing body and exhibit downloads disabled by default.
ms_2021_q4,MS,Morgan Stanley,2021,Q4,8-K;10-Q;10-K,sec-edgar://metadata-first/MS/2021/Q4,,,unknown_metadata_pending,metadata_only,sec_metadata_only,SEC metadata-first target row; filing body and exhibit downloads disabled by default.
bk_2021_q4,BK,The Bank of New York Mellon Corporation,2021,Q4,8-K;10-Q;10-K,sec-edgar://metadata-first/BK/2021/Q4,,,unknown_metadata_pending,metadata_only,sec_metadata_only,SEC metadata-first target row; filing body and exhibit downloads disabled by default.
stt_2021_q4,STT,State Street Corporation,2021,Q4,8-K;10-Q;10-K,sec-edgar://metadata-first/STT/2021/Q4,,,unknown_metadata_pending,metadata_only,sec_metadata_only,SEC metadata-first target row; filing body and exhibit downloads disabled by default.
usb_2021_q4,USB,U.S. Bancorp,2021,Q4,8-K;10-Q;10-K,sec-edgar://metadata-first/USB/2021/Q4,,,unknown_metadata_pending,metadata_only,sec_metadata_only,SEC metadata-first target row; filing body and exhibit downloads disabled by default.
pnc_2021_q4,PNC,"The PNC Financial Services Group, Inc.",2021,Q4,8-K;10-Q;10-K,sec-edgar://metadata-first/PNC/2021/Q4,,,unknown_metadata_pending,metadata_only,sec_metadata_only,SEC metadata-first target row; filing body and exhibit downloads disabled by default.
tfc_2021_q4,TFC,Truist Financial Corporation,2021,Q4,8-K;10-Q;10-K,sec-edgar://metadata-first/TFC/2021/Q4,,,unknown_metadata_pending,metadata_only,sec_metadata_only,SEC metadata-first target row; filing body and exhibit downloads disabled by default.
cof_2021_q4,COF,Capital One Financial Corporation,2021,Q4,8-K;10-Q;10-K,sec-edgar://metadata-first/COF/2021/Q4,,,unknown_metadata_pending,metadata_only,sec_metadata_only,SEC metadata-first target row; filing body and exhibit downloads disabled by default.
axp_2021_q4,AXP,American Express Company,2021,Q4,8-K;10-Q;10-K,sec-edgar://metadata-first/AXP/2021/Q4,,,unknown_metadata_pending,metadata_only,sec_metadata_only,SEC metadata-first target row; filing body and exhibit downloads disabled by default.
v_2021_q4,V,Visa Inc.,2021,Q4,8-K;10-Q;10-K,sec-edgar://metadata-first/V/2021/Q4,,,unknown_metadata_pending,metadata_only,sec_metadata_only,SEC metadata-first target row; filing body and exhibit downloads disabled by default.
ma_2021_q4,MA,Mastercard Incorporated,2021,Q4,8-K;10-Q;10-K,sec-edgar://metadata-first/MA/2021/Q4,,,unknown_metadata_pending,metadata_only,sec_metadata_only,SEC metadata-first target row; filing body and exhibit downloads disabled by default.
fis_2021_q4,FIS,"Fidelity National Information Services, Inc.",2021,Q4,8-K;10-Q;10-K,sec-edgar://metadata-first/FIS/2021/Q4,,,unknown_metadata_pending,metadata_only,sec_metadata_only,SEC metadata-first target row; filing body and exhibit downloads disabled by default.
gpn_2021_q4,GPN,Global Payments Inc.,2021,Q4,8-K;10-Q;10-K,sec-edgar://metadata-first/GPN/2021/Q4,,,unknown_metadata_pending,metadata_only,sec_metadata_only,SEC metadata-first target row; filing body and exhibit downloads disabled by default.
blk_2021_q4,BLK,"BlackRock, Inc.",2021,Q4,8-K;10-Q;10-K,sec-edgar://metadata-first/BLK/2021/Q4,,,unknown_metadata_pending,metadata_only,sec_metadata_only,SEC metadata-first target row; filing body and exhibit downloads disabled by default.
bx_2021_q4,BX,Blackstone Inc.,2021,Q4,8-K;10-Q;10-K,sec-edgar://metadata-first/BX/2021/Q4,,,unknown_metadata_pending,metadata_only,sec_metadata_only,SEC metadata-first target row; filing body and exhibit downloads disabled by default.
schw_2021_q4,SCHW,The Charles Schwab Corporation,2021,Q4,8-K;10-Q;10-K,sec-edgar://metadata-first/SCHW/2021/Q4,,,unknown_metadata_pending,metadata_only,sec_metadata_only,SEC metadata-first target row; filing body and exhibit downloads disabled by default.
ice_2021_q4,ICE,"Intercontinental Exchange, Inc.",2021,Q4,8-K;10-Q;10-K,sec-edgar://metadata-first/ICE/2021/Q4,,,unknown_metadata_pending,metadata_only,sec_metadata_only,SEC metadata-first target row; filing body and exhibit downloads disabled by default.
spgi_2021_q4,SPGI,S&P Global Inc.,2021,Q4,8-K;10-Q;10-K,sec-edgar://metadata-first/SPGI/2021/Q4,,,unknown_metadata_pending,metadata_only,sec_metadata_only,SEC metadata-first target row; filing body and exhibit downloads disabled by default.
mco_2021_q4,MCO,Moody's Corporation,2021,Q4,8-K;10-Q;10-K,sec-edgar://metadata-first/MCO/2021/Q4,,,unknown_metadata_pending,metadata_only,sec_metadata_only,SEC metadata-first target row; filing body and exhibit downloads disabled by default.
aon_2021_q4,AON,Aon plc,2021,Q4,8-K;10-Q;10-K,sec-edgar://metadata-first/AON/2021/Q4,,,unknown_metadata_pending,metadata_only,sec_metadata_only,SEC metadata-first target row; filing body and exhibit downloads disabled by default.
aig_2021_q4,AIG,"American International Group, Inc.",2021,Q4,8-K;10-Q;10-K,sec-edgar://metadata-first/AIG/2021/Q4,,,unknown_metadata_pending,metadata_only,sec_metadata_only,SEC metadata-first target row; filing body and exhibit downloads disabled by default.
met_2021_q4,MET,"MetLife, Inc.",2021,Q4,8-K;10-Q;10-K,sec-edgar://metadata-first/MET/2021/Q4,,,unknown_metadata_pending,metadata_only,sec_metadata_only,SEC metadata-first target row; filing body and exhibit downloads disabled by default.
pru_2021_q4,PRU,"Prudential Financial, Inc.",2021,Q4,8-K;10-Q;10-K,sec-edgar://metadata-first/PRU/2021/Q4,,,unknown_metadata_pending,metadata_only,sec_metadata_only,SEC metadata-first target row; filing body and exhibit downloads disabled by default.
trv_2021_q4,TRV,"The Travelers Companies, Inc.",2021,Q4,8-K;10-Q;10-K,sec-edgar://metadata-first/TRV/2021/Q4,,,unknown_metadata_pending,metadata_only,sec_metadata_only,SEC metadata-first target row; filing body and exhibit downloads disabled by default.
cb_2021_q4,CB,Chubb Limited,2021,Q4,8-K;10-Q;10-K,sec-edgar://metadata-first/CB/2021/Q4,,,unknown_metadata_pending,metadata_only,sec_metadata_only,SEC metadata-first target row; filing body and exhibit downloads disabled by default.
jnj_2021_q4,JNJ,Johnson & Johnson,2021,Q4,8-K;10-Q;10-K,sec-edgar://metadata-first/JNJ/2021/Q4,,,unknown_metadata_pending,metadata_only,sec_metadata_only,SEC metadata-first target row; filing body and exhibit downloads disabled by default.
lly_2021_q4,LLY,Eli Lilly and Company,2021,Q4,8-K;10-Q;10-K,sec-edgar://metadata-first/LLY/2021/Q4,,,unknown_metadata_pending,metadata_only,sec_metadata_only,SEC metadata-first target row; filing body and exhibit downloads disabled by default.
mrk_2021_q4,MRK,"Merck & Co., Inc.",2021,Q4,8-K;10-Q;10-K,sec-edgar://metadata-first/MRK/2021/Q4,,,unknown_metadata_pending,metadata_only,sec_metadata_only,SEC metadata-first target row; filing body and exhibit downloads disabled by default.
pfe_2021_q4,PFE,Pfizer Inc.,2021,Q4,8-K;10-Q;10-K,sec-edgar://metadata-first/PFE/2021/Q4,,,unknown_metadata_pending,metadata_only,sec_metadata_only,SEC metadata-first target row; filing body and exhibit downloads disabled by default.
unh_2021_q4,UNH,UnitedHealth Group Incorporated,2021,Q4,8-K;10-Q;10-K,sec-edgar://metadata-first/UNH/2021/Q4,,,unknown_metadata_pending,metadata_only,sec_metadata_only,SEC metadata-first target row; filing body and exhibit downloads disabled by default.
cvs_2021_q4,CVS,CVS Health Corporation,2021,Q4,8-K;10-Q;10-K,sec-edgar://metadata-first/CVS/2021/Q4,,,unknown_metadata_pending,metadata_only,sec_metadata_only,SEC metadata-first target row; filing body and exhibit downloads disabled by default.
abt_2021_q4,ABT,Abbott Laboratories,2021,Q4,8-K;10-Q;10-K,sec-edgar://metadata-first/ABT/2021/Q4,,,unknown_metadata_pending,metadata_only,sec_metadata_only,SEC metadata-first target row; filing body and exhibit downloads disabled by default.
bmy_2021_q4,BMY,Bristol Myers Squibb Company,2021,Q4,8-K;10-Q;10-K,sec-edgar://metadata-first/BMY/2021/Q4,,,unknown_metadata_pending,metadata_only,sec_metadata_only,SEC metadata-first target row; filing body and exhibit downloads disabled by default.
mdt_2021_q4,MDT,Medtronic plc,2021,Q4,8-K;10-Q;10-K,sec-edgar://metadata-first/MDT/2021/Q4,,,unknown_metadata_pending,metadata_only,sec_metadata_only,SEC metadata-first target row; filing body and exhibit downloads disabled by default.
tmo_2021_q4,TMO,Thermo Fisher Scientific Inc.,2021,Q4,8-K;10-Q;10-K,sec-edgar://metadata-first/TMO/2021/Q4,,,unknown_metadata_pending,metadata_only,sec_metadata_only,SEC metadata-first target row; filing body and exhibit downloads disabled by default.
dhr_2021_q4,DHR,Danaher Corporation,2021,Q4,8-K;10-Q;10-K,sec-edgar://metadata-first/DHR/2021/Q4,,,unknown_metadata_pending,metadata_only,sec_metadata_only,SEC metadata-first target row; filing body and exhibit downloads disabled by default.
bdx_2021_q4,BDX,"Becton, Dickinson and Company",2021,Q4,8-K;10-Q;10-K,sec-edgar://metadata-first/BDX/2021/Q4,,,unknown_metadata_pending,metadata_only,sec_metadata_only,SEC metadata-first target row; filing body and exhibit downloads disabled by default.
ci_2021_q4,CI,The Cigna Group,2021,Q4,8-K;10-Q;10-K,sec-edgar://metadata-first/CI/2021/Q4,,,unknown_metadata_pending,metadata_only,sec_metadata_only,SEC metadata-first target row; filing body and exhibit downloads disabled by default.
hca_2021_q4,HCA,"HCA Healthcare, Inc.",2021,Q4,8-K;10-Q;10-K,sec-edgar://metadata-first/HCA/2021/Q4,,,unknown_metadata_pending,metadata_only,sec_metadata_only,SEC metadata-first target row; filing body and exhibit downloads disabled by default.
syk_2021_q4,SYK,Stryker Corporation,2021,Q4,8-K;10-Q;10-K,sec-edgar://metadata-first/SYK/2021/Q4,,,unknown_metadata_pending,metadata_only,sec_metadata_only,SEC metadata-first target row; filing body and exhibit downloads disabled by default.
xom_2021_q4,XOM,Exxon Mobil Corporation,2021,Q4,8-K;10-Q;10-K,sec-edgar://metadata-first/XOM/2021/Q4,,,unknown_metadata_pending,metadata_only,sec_metadata_only,SEC metadata-first target row; filing body and exhibit downloads disabled by default.
cvx_2021_q4,CVX,Chevron Corporation,2021,Q4,8-K;10-Q;10-K,sec-edgar://metadata-first/CVX/2021/Q4,,,unknown_metadata_pending,metadata_only,sec_metadata_only,SEC metadata-first target row; filing body and exhibit downloads disabled by default.
cop_2021_q4,COP,ConocoPhillips,2021,Q4,8-K;10-Q;10-K,sec-edgar://metadata-first/COP/2021/Q4,,,unknown_metadata_pending,metadata_only,sec_metadata_only,SEC metadata-first target row; filing body and exhibit downloads disabled by default.
slb_2021_q4,SLB,SLB,2021,Q4,8-K;10-Q;10-K,sec-edgar://metadata-first/SLB/2021/Q4,,,unknown_metadata_pending,metadata_only,sec_metadata_only,SEC metadata-first target row; filing body and exhibit downloads disabled by default.
hal_2021_q4,HAL,Halliburton Company,2021,Q4,8-K;10-Q;10-K,sec-edgar://metadata-first/HAL/2021/Q4,,,unknown_metadata_pending,metadata_only,sec_metadata_only,SEC metadata-first target row; filing body and exhibit downloads disabled by default.
eog_2021_q4,EOG,"EOG Resources, Inc.",2021,Q4,8-K;10-Q;10-K,sec-edgar://metadata-first/EOG/2021/Q4,,,unknown_metadata_pending,metadata_only,sec_metadata_only,SEC metadata-first target row; filing body and exhibit downloads disabled by default.
oxy_2021_q4,OXY,Occidental Petroleum Corporation,2021,Q4,8-K;10-Q;10-K,sec-edgar://metadata-first/OXY/2021/Q4,,,unknown_metadata_pending,metadata_only,sec_metadata_only,SEC metadata-first target row; filing body and exhibit downloads disabled by default.
mpc_2021_q4,MPC,Marathon Petroleum Corporation,2021,Q4,8-K;10-Q;10-K,sec-edgar://metadata-first/MPC/2021/Q4,,,unknown_metadata_pending,metadata_only,sec_metadata_only,SEC metadata-first target row; filing body and exhibit downloads disabled by default.
psx_2021_q4,PSX,Phillips 66,2021,Q4,8-K;10-Q;10-K,sec-edgar://metadata-first/PSX/2021/Q4,,,unknown_metadata_pending,metadata_only,sec_metadata_only,SEC metadata-first target row; filing body and exhibit downloads disabled by default.
vlo_2021_q4,VLO,Valero Energy Corporation,2021,Q4,8-K;10-Q;10-K,sec-edgar://metadata-first/VLO/2021/Q4,,,unknown_metadata_pending,metadata_only,sec_metadata_only,SEC metadata-first target row; filing body and exhibit downloads disabled by default.
ba_2021_q4,BA,The Boeing Company,2021,Q4,8-K;10-Q;10-K,sec-edgar://metadata-first/BA/2021/Q4,,,unknown_metadata_pending,metadata_only,sec_metadata_only,SEC metadata-first target row; filing body and exhibit downloads disabled by default.
rtx_2021_q4,RTX,RTX Corporation,2021,Q4,8-K;10-Q;10-K,sec-edgar://metadata-first/RTX/2021/Q4,,,unknown_metadata_pending,metadata_only,sec_metadata_only,SEC metadata-first target row; filing body and exhibit downloads disabled by default.
lmt_2021_q4,LMT,Lockheed Martin Corporation,2021,Q4,8-K;10-Q;10-K,sec-edgar://metadata-first/LMT/2021/Q4,,,unknown_metadata_pending,metadata_only,sec_metadata_only,SEC metadata-first target row; filing body and exhibit downloads disabled by default.
noc_2021_q4,NOC,Northrop Grumman Corporation,2021,Q4,8-K;10-Q;10-K,sec-edgar://metadata-first/NOC/2021/Q4,,,unknown_metadata_pending,metadata_only,sec_metadata_only,SEC metadata-first target row; filing body and exhibit downloads disabled by default.
gd_2021_q4,GD,General Dynamics Corporation,2021,Q4,8-K;10-Q;10-K,sec-edgar://metadata-first/GD/2021/Q4,,,unknown_metadata_pending,metadata_only,sec_metadata_only,SEC metadata-first target row; filing body and exhibit downloads disabled by default.
cat_2021_q4,CAT,Caterpillar Inc.,2021,Q4,8-K;10-Q;10-K,sec-edgar://metadata-first/CAT/2021/Q4,,,unknown_metadata_pending,metadata_only,sec_metadata_only,SEC metadata-first target row; filing body and exhibit downloads disabled by default.
de_2021_q4,DE,Deere & Company,2021,Q4,8-K;10-Q;10-K,sec-edgar://metadata-first/DE/2021/Q4,,,unknown_metadata_pending,metadata_only,sec_metadata_only,SEC metadata-first target row; filing body and exhibit downloads disabled by default.
ge_2021_q4,GE,GE Aerospace,2021,Q4,8-K;10-Q;10-K,sec-edgar://metadata-first/GE/2021/Q4,,,unknown_metadata_pending,metadata_only,sec_metadata_only,SEC metadata-first target row; filing body and exhibit downloads disabled by default.
etn_2021_q4,ETN,Eaton Corporation plc,2021,Q4,8-K;10-Q;10-K,sec-edgar://metadata-first/ETN/2021/Q4,,,unknown_metadata_pending,metadata_only,sec_metadata_only,SEC metadata-first target row; filing body and exhibit downloads disabled by default.
emr_2021_q4,EMR,Emerson Electric Co.,2021,Q4,8-K;10-Q;10-K,sec-edgar://metadata-first/EMR/2021/Q4,,,unknown_metadata_pending,metadata_only,sec_metadata_only,SEC metadata-first target row; filing body and exhibit downloads disabled by default.
mmm_2021_q4,MMM,3M Company,2021,Q4,8-K;10-Q;10-K,sec-edgar://metadata-first/MMM/2021/Q4,,,unknown_metadata_pending,metadata_only,sec_metadata_only,SEC metadata-first target row; filing body and exhibit downloads disabled by default.
itw_2021_q4,ITW,Illinois Tool Works Inc.,2021,Q4,8-K;10-Q;10-K,sec-edgar://metadata-first/ITW/2021/Q4,,,unknown_metadata_pending,metadata_only,sec_metadata_only,SEC metadata-first target row; filing body and exhibit downloads disabled by default.
ph_2021_q4,PH,Parker-Hannifin Corporation,2021,Q4,8-K;10-Q;10-K,sec-edgar://metadata-first/PH/2021/Q4,,,unknown_metadata_pending,metadata_only,sec_metadata_only,SEC metadata-first target row; filing body and exhibit downloads disabled by default.
carr_2021_q4,CARR,Carrier Global Corporation,2021,Q4,8-K;10-Q;10-K,sec-edgar://metadata-first/CARR/2021/Q4,,,unknown_metadata_pending,metadata_only,sec_metadata_only,SEC metadata-first target row; filing body and exhibit downloads disabled by default.
otis_2021_q4,OTIS,Otis Worldwide Corporation,2021,Q4,8-K;10-Q;10-K,sec-edgar://metadata-first/OTIS/2021/Q4,,,unknown_metadata_pending,metadata_only,sec_metadata_only,SEC metadata-first target row; filing body and exhibit downloads disabled by default.
ups_2021_q4,UPS,"United Parcel Service, Inc.",2021,Q4,8-K;10-Q;10-K,sec-edgar://metadata-first/UPS/2021/Q4,,,unknown_metadata_pending,metadata_only,sec_metadata_only,SEC metadata-first target row; filing body and exhibit downloads disabled by default.
fdx_2021_q4,FDX,FedEx Corporation,2021,Q4,8-K;10-Q;10-K,sec-edgar://metadata-first/FDX/2021/Q4,,,unknown_metadata_pending,metadata_only,sec_metadata_only,SEC metadata-first target row; filing body and exhibit downloads disabled by default.
dal_2021_q4,DAL,"Delta Air Lines, Inc.",2021,Q4,8-K;10-Q;10-K,sec-edgar://metadata-first/DAL/2021/Q4,,,unknown_metadata_pending,metadata_only,sec_metadata_only,SEC metadata-first target row; filing body and exhibit downloads disabled by default.
unp_2021_q4,UNP,Union Pacific Corporation,2021,Q4,8-K;10-Q;10-K,sec-edgar://metadata-first/UNP/2021/Q4,,,unknown_metadata_pending,metadata_only,sec_metadata_only,SEC metadata-first target row; filing body and exhibit downloads disabled by default.
nsc_2021_q4,NSC,Norfolk Southern Corporation,2021,Q4,8-K;10-Q;10-K,sec-edgar://metadata-first/NSC/2021/Q4,,,unknown_metadata_pending,metadata_only,sec_metadata_only,SEC metadata-first target row; filing body and exhibit downloads disabled by default.
hd_2021_q4,HD,"The Home Depot, Inc.",2021,Q4,8-K;10-Q;10-K,sec-edgar://metadata-first/HD/2021/Q4,,,unknown_metadata_pending,metadata_only,sec_metadata_only,SEC metadata-first target row; filing body and exhibit downloads disabled by default.
low_2021_q4,LOW,"Lowe's Companies, Inc.",2021,Q4,8-K;10-Q;10-K,sec-edgar://metadata-first/LOW/2021/Q4,,,unknown_metadata_pending,metadata_only,sec_metadata_only,SEC metadata-first target row; filing body and exhibit downloads disabled by default.
tgt_2021_q4,TGT,Target Corporation,2021,Q4,8-K;10-Q;10-K,sec-edgar://metadata-first/TGT/2021/Q4,,,unknown_metadata_pending,metadata_only,sec_metadata_only,SEC metadata-first target row; filing body and exhibit downloads disabled by default.
kr_2021_q4,KR,The Kroger Co.,2021,Q4,8-K;10-Q;10-K,sec-edgar://metadata-first/KR/2021/Q4,,,unknown_metadata_pending,metadata_only,sec_metadata_only,SEC metadata-first target row; filing body and exhibit downloads disabled by default.
dg_2021_q4,DG,Dollar General Corporation,2021,Q4,8-K;10-Q;10-K,sec-edgar://metadata-first/DG/2021/Q4,,,unknown_metadata_pending,metadata_only,sec_metadata_only,SEC metadata-first target row; filing body and exhibit downloads disabled by default.
mcd_2021_q4,MCD,McDonald's Corporation,2021,Q4,8-K;10-Q;10-K,sec-edgar://metadata-first/MCD/2021/Q4,,,unknown_metadata_pending,metadata_only,sec_metadata_only,SEC metadata-first target row; filing body and exhibit downloads disabled by default.
yum_2021_q4,YUM,"Yum! Brands, Inc.",2021,Q4,8-K;10-Q;10-K,sec-edgar://metadata-first/YUM/2021/Q4,,,unknown_metadata_pending,metadata_only,sec_metadata_only,SEC metadata-first target row; filing body and exhibit downloads disabled by default.
nke_2021_q4,NKE,"NIKE, Inc.",2021,Q4,8-K;10-Q;10-K,sec-edgar://metadata-first/NKE/2021/Q4,,,unknown_metadata_pending,metadata_only,sec_metadata_only,SEC metadata-first target row; filing body and exhibit downloads disabled by default.
dis_2021_q4,DIS,The Walt Disney Company,2021,Q4,8-K;10-Q;10-K,sec-edgar://metadata-first/DIS/2021/Q4,,,unknown_metadata_pending,metadata_only,sec_metadata_only,SEC metadata-first target row; filing body and exhibit downloads disabled by default.
ko_2021_q4,KO,The Coca-Cola Company,2021,Q4,8-K;10-Q;10-K,sec-edgar://metadata-first/KO/2021/Q4,,,unknown_metadata_pending,metadata_only,sec_metadata_only,SEC metadata-first target row; filing body and exhibit downloads disabled by default.
pg_2021_q4,PG,The Procter & Gamble Company,2021,Q4,8-K;10-Q;10-K,sec-edgar://metadata-first/PG/2021/Q4,,,unknown_metadata_pending,metadata_only,sec_metadata_only,SEC metadata-first target row; filing body and exhibit downloads disabled by default.
cl_2021_q4,CL,Colgate-Palmolive Company,2021,Q4,8-K;10-Q;10-K,sec-edgar://metadata-first/CL/2021/Q4,,,unknown_metadata_pending,metadata_only,sec_metadata_only,SEC metadata-first target row; filing body and exhibit downloads disabled by default.
el_2021_q4,EL,The Estee Lauder Companies Inc.,2021,Q4,8-K;10-Q;10-K,sec-edgar://metadata-first/EL/2021/Q4,,,unknown_metadata_pending,metadata_only,sec_metadata_only,SEC metadata-first target row; filing body and exhibit downloads disabled by default.
gis_2021_q4,GIS,"General Mills, Inc.",2021,Q4,8-K;10-Q;10-K,sec-edgar://metadata-first/GIS/2021/Q4,,,unknown_metadata_pending,metadata_only,sec_metadata_only,SEC metadata-first target row; filing body and exhibit downloads disabled by default.
hsy_2021_q4,HSY,The Hershey Company,2021,Q4,8-K;10-Q;10-K,sec-edgar://metadata-first/HSY/2021/Q4,,,unknown_metadata_pending,metadata_only,sec_metadata_only,SEC metadata-first target row; filing body and exhibit downloads disabled by default.
t_2021_q4,T,AT&T Inc.,2021,Q4,8-K;10-Q;10-K,sec-edgar://metadata-first/T/2021/Q4,,,unknown_metadata_pending,metadata_only,sec_metadata_only,SEC metadata-first target row; filing body and exhibit downloads disabled by default.
vz_2021_q4,VZ,Verizon Communications Inc.,2021,Q4,8-K;10-Q;10-K,sec-edgar://metadata-first/VZ/2021/Q4,,,unknown_metadata_pending,metadata_only,sec_metadata_only,SEC metadata-first target row; filing body and exhibit downloads disabled by default.
ibm_2021_q4,IBM,International Business Machines Corporation,2021,Q4,8-K;10-Q;10-K,sec-edgar://metadata-first/IBM/2021/Q4,,,unknown_metadata_pending,metadata_only,sec_metadata_only,SEC metadata-first target row; filing body and exhibit downloads disabled by default.
orcl_2021_q4,ORCL,Oracle Corporation,2021,Q4,8-K;10-Q;10-K,sec-edgar://metadata-first/ORCL/2021/Q4,,,unknown_metadata_pending,metadata_only,sec_metadata_only,SEC metadata-first target row; filing body and exhibit downloads disabled by default.
crm_2021_q4,CRM,"Salesforce, Inc.",2021,Q4,8-K;10-Q;10-K,sec-edgar://metadata-first/CRM/2021/Q4,,,unknown_metadata_pending,metadata_only,sec_metadata_only,SEC metadata-first target row; filing body and exhibit downloads disabled by default.
now_2021_q4,NOW,"ServiceNow, Inc.",2021,Q4,8-K;10-Q;10-K,sec-edgar://metadata-first/NOW/2021/Q4,,,unknown_metadata_pending,metadata_only,sec_metadata_only,SEC metadata-first target row; filing body and exhibit downloads disabled by default.
acn_2021_q4,ACN,Accenture plc,2021,Q4,8-K;10-Q;10-K,sec-edgar://metadata-first/ACN/2021/Q4,,,unknown_metadata_pending,metadata_only,sec_metadata_only,SEC metadata-first target row; filing body and exhibit downloads disabled by default.
dell_2021_q4,DELL,Dell Technologies Inc.,2021,Q4,8-K;10-Q;10-K,sec-edgar://metadata-first/DELL/2021/Q4,,,unknown_metadata_pending,metadata_only,sec_metadata_only,SEC metadata-first target row; filing body and exhibit downloads disabled by default.
hpq_2021_q4,HPQ,HP Inc.,2021,Q4,8-K;10-Q;10-K,sec-edgar://metadata-first/HPQ/2021/Q4,,,unknown_metadata_pending,metadata_only,sec_metadata_only,SEC metadata-first target row; filing body and exhibit downloads disabled by default.
net_2021_q4,NET,"Cloudflare, Inc.",2021,Q4,8-K;10-Q;10-K,sec-edgar://metadata-first/NET/2021/Q4,,,unknown_metadata_pending,metadata_only,sec_metadata_only,SEC metadata-first target row; filing body and exhibit downloads disabled by default.
snow_2021_q4,SNOW,Snowflake Inc.,2021,Q4,8-K;10-Q;10-K,sec-edgar://metadata-first/SNOW/2021/Q4,,,unknown_metadata_pending,metadata_only,sec_metadata_only,SEC metadata-first target row; filing body and exhibit downloads disabled by default.
