source_id,case_id,ticker,company_name,fiscal_year,fiscal_quarter,asset_type,source_type,source_url,source_domain,rights_status,allow_download,allow_eval_use,allow_training_use,commit_allowed,approval_ref,approved_by,approved_at,license_config_ref,youtube_written_authorization_ref,explicit_training_rights_ref,provenance_hash,blocked_reason
src_ff138c9a772edd05f,jpm_2025_q4,JPM,JPMorgan Chase & Co.,2025,Q4,transcript,official_ir_transcript,https://www.jpmorganchase.com/ir,www.jpmorganchase.com,safe_to_download,true,true,false,false,Keith user-authorized acquisition for Signal Engine 2.0 assessment on 2026-05-24,Keith,2026-05-24T23:38:11+00:00,,,,sha256:30afc45afa224f5de64d043298a621466117126734c2fd72d2225a0d72a29593,
src_217382896bb85f28c,jpm_2025_q4,JPM,JPMorgan Chase & Co.,2025,Q4,audio,official_ir_webcast,https://www.jpmorganchase.com/ir,www.jpmorganchase.com,safe_to_download,true,true,false,false,Keith user-authorized acquisition for Signal Engine 2.0 assessment on 2026-05-24,Keith,2026-05-24T23:38:11+00:00,,,,sha256:3ad3a1c7acebecb77e9efda6056fbdf05c6d41d0105f5027a4e6321b7905666d,
src_04de754751aab5cee,bac_2025_q4,BAC,Bank of America Corporation,2025,Q4,transcript,official_ir_transcript,https://investor.bankofamerica.com/,investor.bankofamerica.com,safe_to_download,true,true,false,false,Keith user-authorized acquisition for Signal Engine 2.0 assessment on 2026-05-24,Keith,2026-05-24T23:38:11+00:00,,,,sha256:fc817a2148a33abc5d89925733ed915ff6c080e0c9fdd0e945b34a4ceb75b857,
src_c906aec2ddf5a0d78,bac_2025_q4,BAC,Bank of America Corporation,2025,Q4,audio,official_ir_webcast,https://investor.bankofamerica.com/,investor.bankofamerica.com,safe_to_download,true,true,false,false,Keith user-authorized acquisition for Signal Engine 2.0 assessment on 2026-05-24,Keith,2026-05-24T23:38:11+00:00,,,,sha256:19cd62e2e3cfed9e68cdf843b06e85c26c7280ee9a8add3e834d0ca4402386e7,
src_6f4b1d0cb11ce8a9e,c_2025_q4,C,Citigroup Inc.,2025,Q4,transcript,official_ir_transcript,https://www.citigroup.com/global/investors,www.citigroup.com,safe_to_download,true,true,false,false,Keith user-authorized acquisition for Signal Engine 2.0 assessment on 2026-05-24,Keith,2026-05-24T23:38:11+00:00,,,,sha256:a1718f35046408260acb40ba56a7c1e9dd8685b39926cc73b4da3557e3c59d2d,
src_79eb89e57f22880bb,c_2025_q4,C,Citigroup Inc.,2025,Q4,audio,official_ir_webcast,https://www.citigroup.com/global/investors,www.citigroup.com,safe_to_download,true,true,false,false,Keith user-authorized acquisition for Signal Engine 2.0 assessment on 2026-05-24,Keith,2026-05-24T23:38:11+00:00,,,,sha256:c12f500b04912a0ddc03140a4c704b230d438741b800af6544c2165f163976d3,
src_a59945462d6f7e7c2,wfc_2025_q4,WFC,Wells Fargo & Company,2025,Q4,transcript,official_ir_transcript,https://www.wellsfargo.com/about/investor-relations/,www.wellsfargo.com,safe_to_download,true,true,false,false,Keith user-authorized acquisition for Signal Engine 2.0 assessment on 2026-05-24,Keith,2026-05-24T23:38:11+00:00,,,,sha256:f37a19fb5db2690a6de7d78eca6778ae7183c2bbd113322cf894d50cb1da93bb,
src_f529c08e1f6274f55,wfc_2025_q4,WFC,Wells Fargo & Company,2025,Q4,audio,official_ir_webcast,https://www.wellsfargo.com/about/investor-relations/,www.wellsfargo.com,safe_to_download,true,true,false,false,Keith user-authorized acquisition for Signal Engine 2.0 assessment on 2026-05-24,Keith,2026-05-24T23:38:11+00:00,,,,sha256:52e005707d7a11f751cef8bdd1673e984ce7a6daf1fcfb4580349965a958f6d1,
src_178f6917f8096cf48,gs_2025_q4,GS,"The Goldman Sachs Group, Inc.",2025,Q4,transcript,official_ir_transcript,https://www.goldmansachs.com/investor-relations/,www.goldmansachs.com,safe_to_download,true,true,false,false,Keith user-authorized acquisition for Signal Engine 2.0 assessment on 2026-05-24,Keith,2026-05-24T23:38:11+00:00,,,,sha256:ce88834f2c31c10bb5e31b4826c9e77847c2c9350fa870c1ec3d2324ceb16434,
src_69066d34563f0c4d5,gs_2025_q4,GS,"The Goldman Sachs Group, Inc.",2025,Q4,audio,official_ir_webcast,https://www.goldmansachs.com/investor-relations/,www.goldmansachs.com,safe_to_download,true,true,false,false,Keith user-authorized acquisition for Signal Engine 2.0 assessment on 2026-05-24,Keith,2026-05-24T23:38:11+00:00,,,,sha256:039e942e6e632f85ac27fc37b425dffc702b60b29f85c8b89463f742de7f7bb2,
src_5c3ae2ca4b4287660,ms_2025_q4,MS,Morgan Stanley,2025,Q4,transcript,official_ir_transcript,https://www.morganstanley.com/about-us-ir,www.morganstanley.com,safe_to_download,true,true,false,false,Keith user-authorized acquisition for Signal Engine 2.0 assessment on 2026-05-24,Keith,2026-05-24T23:38:11+00:00,,,,sha256:2b561b1d0dd5011f0d4b04fd84b11ee8dd5ff3e84572095bef177f50b2c54229,
src_0e4d3b51e04992c0f,ms_2025_q4,MS,Morgan Stanley,2025,Q4,audio,official_ir_webcast,https://www.morganstanley.com/about-us-ir,www.morganstanley.com,safe_to_download,true,true,false,false,Keith user-authorized acquisition for Signal Engine 2.0 assessment on 2026-05-24,Keith,2026-05-24T23:38:11+00:00,,,,sha256:0eee21a392e47811b5181ff987d025bf640c1adbfac2381a01c665d155132d70,
src_bfeb32ecc4d975808,bk_2025_q4,BK,The Bank of New York Mellon Corporation,2025,Q4,transcript,official_ir_transcript,https://www.bny.com/corporate/global/en/investor-relations.html,www.bny.com,safe_to_download,true,true,false,false,Keith user-authorized acquisition for Signal Engine 2.0 assessment on 2026-05-24,Keith,2026-05-24T23:38:11+00:00,,,,sha256:bd3ac0d7b055f40746d39b460fc5f581059460471ab5ef49dda0e79dcbfc48d2,
src_df2b6709ab2df1b63,bk_2025_q4,BK,The Bank of New York Mellon Corporation,2025,Q4,audio,official_ir_webcast,https://www.bny.com/corporate/global/en/investor-relations.html,www.bny.com,safe_to_download,true,true,false,false,Keith user-authorized acquisition for Signal Engine 2.0 assessment on 2026-05-24,Keith,2026-05-24T23:38:11+00:00,,,,sha256:1efbea585933ec4b08c8f0f55389cc783022871ce2a9d2f0ec017f88e414b3e1,
src_e862adffd5ae84c9c,stt_2025_q4,STT,State Street Corporation,2025,Q4,transcript,official_ir_transcript,https://investors.statestreet.com/,investors.statestreet.com,safe_to_download,true,true,false,false,Keith user-authorized acquisition for Signal Engine 2.0 assessment on 2026-05-24,Keith,2026-05-24T23:38:11+00:00,,,,sha256:643253deb499e7a983561149041047d6fc03013f2844f26c5d38d07f7d96ce1d,
src_ac4409296a3341e1a,stt_2025_q4,STT,State Street Corporation,2025,Q4,audio,official_ir_webcast,https://investors.statestreet.com/,investors.statestreet.com,safe_to_download,true,true,false,false,Keith user-authorized acquisition for Signal Engine 2.0 assessment on 2026-05-24,Keith,2026-05-24T23:38:11+00:00,,,,sha256:73c7e9ca6cd7a946716205b3233fbd2a59e2b295364bf784fd2961ec08778c08,
src_e410a5e7fc42041f4,usb_2025_q4,USB,U.S. Bancorp,2025,Q4,transcript,official_ir_transcript,https://ir.usbank.com/,ir.usbank.com,safe_to_download,true,true,false,false,Keith user-authorized acquisition for Signal Engine 2.0 assessment on 2026-05-24,Keith,2026-05-24T23:38:11+00:00,,,,sha256:3db53a6395eb429504c92ac8329490efbeb8dae6ab7ac7f110f69c45fcc8681d,
src_473b0e14fd1e59217,usb_2025_q4,USB,U.S. Bancorp,2025,Q4,audio,official_ir_webcast,https://ir.usbank.com/,ir.usbank.com,safe_to_download,true,true,false,false,Keith user-authorized acquisition for Signal Engine 2.0 assessment on 2026-05-24,Keith,2026-05-24T23:38:11+00:00,,,,sha256:0a1c8b87813c5d8769618320f8a8563ce996fdb4578f1f1737a1fcd8fdcbc63f,
src_d736876ce7a01b0f9,pnc_2025_q4,PNC,"The PNC Financial Services Group, Inc.",2025,Q4,transcript,official_ir_transcript,https://investor.pnc.com/,investor.pnc.com,safe_to_download,true,true,false,false,Keith user-authorized acquisition for Signal Engine 2.0 assessment on 2026-05-24,Keith,2026-05-24T23:38:11+00:00,,,,sha256:98b2d9aa320a01341f04a608d9b5c4ff0342c51bd5b5e76db081090a6a3c4323,
src_e02e6875a03eee974,pnc_2025_q4,PNC,"The PNC Financial Services Group, Inc.",2025,Q4,audio,official_ir_webcast,https://investor.pnc.com/,investor.pnc.com,safe_to_download,true,true,false,false,Keith user-authorized acquisition for Signal Engine 2.0 assessment on 2026-05-24,Keith,2026-05-24T23:38:11+00:00,,,,sha256:75ba01ad88dc918a1c8aad95fdaf7ceeab86a403a8c08c3b3646f651b7f57906,
src_5b08193bea948563a,tfc_2025_q4,TFC,Truist Financial Corporation,2025,Q4,transcript,official_ir_transcript,https://ir.truist.com/,ir.truist.com,safe_to_download,true,true,false,false,Keith user-authorized acquisition for Signal Engine 2.0 assessment on 2026-05-24,Keith,2026-05-24T23:38:11+00:00,,,,sha256:8ea6f00f545be66c1abfa7938e2a98bffac41044bc0b1247692eaeb75656e13d,
src_e0de00b6b06eca5cc,tfc_2025_q4,TFC,Truist Financial Corporation,2025,Q4,audio,official_ir_webcast,https://ir.truist.com/,ir.truist.com,safe_to_download,true,true,false,false,Keith user-authorized acquisition for Signal Engine 2.0 assessment on 2026-05-24,Keith,2026-05-24T23:38:11+00:00,,,,sha256:8b35c193c6a40fe0cea03e34b03fc6d17d37441c26b743d956e0896440b5b5c4,
src_2fc5dbed4dac93b63,cof_2025_q4,COF,Capital One Financial Corporation,2025,Q4,transcript,official_ir_transcript,https://investor.capitalone.com/,investor.capitalone.com,safe_to_download,true,true,false,false,Keith user-authorized acquisition for Signal Engine 2.0 assessment on 2026-05-24,Keith,2026-05-24T23:38:11+00:00,,,,sha256:f71735ccf11dcb07e47fcad09689b1bd635dc2d4e026a443388f88465d643400,
src_45e3a6756ae5cd5e7,cof_2025_q4,COF,Capital One Financial Corporation,2025,Q4,audio,official_ir_webcast,https://investor.capitalone.com/,investor.capitalone.com,safe_to_download,true,true,false,false,Keith user-authorized acquisition for Signal Engine 2.0 assessment on 2026-05-24,Keith,2026-05-24T23:38:11+00:00,,,,sha256:8bc0e6e434ccf420fc33af2f387e05a98f0c1c13c6518bf11493ed23818f1fc7,
src_0d4250476265a1e18,axp_2025_q4,AXP,American Express Company,2025,Q4,transcript,official_ir_transcript,https://ir.americanexpress.com/,ir.americanexpress.com,safe_to_download,true,true,false,false,Keith user-authorized acquisition for Signal Engine 2.0 assessment on 2026-05-24,Keith,2026-05-24T23:38:11+00:00,,,,sha256:c8b4dfa6bcf489e4fb2cc4bf3512d3987c686968fe5f631bf51290bf335c7c2e,
src_57f7367a19e887d83,axp_2025_q4,AXP,American Express Company,2025,Q4,audio,official_ir_webcast,https://ir.americanexpress.com/,ir.americanexpress.com,safe_to_download,true,true,false,false,Keith user-authorized acquisition for Signal Engine 2.0 assessment on 2026-05-24,Keith,2026-05-24T23:38:11+00:00,,,,sha256:7095c97214d3fe5294f34b30211e44e70ede2755aa10b5d8a6e07fe8e2b9660f,
src_fcebdd08e8a547a16,v_2025_q4,V,Visa Inc.,2025,Q4,transcript,official_ir_transcript,https://investor.visa.com/,investor.visa.com,safe_to_download,true,true,false,false,Keith user-authorized acquisition for Signal Engine 2.0 assessment on 2026-05-24,Keith,2026-05-24T23:38:11+00:00,,,,sha256:88f2629c4f023d3fcfc1db91045f206c714e5c2d7c4ad4e2ad6f90416c14e7b5,
src_dae436eb44db6ef03,v_2025_q4,V,Visa Inc.,2025,Q4,audio,official_ir_webcast,https://investor.visa.com/,investor.visa.com,safe_to_download,true,true,false,false,Keith user-authorized acquisition for Signal Engine 2.0 assessment on 2026-05-24,Keith,2026-05-24T23:38:11+00:00,,,,sha256:178dd649fd7e65bc3fd69dfce2d18119f65e40f98f3c3e39738da9c374838889,
src_cf93663579cc1123e,ma_2025_q4,MA,Mastercard Incorporated,2025,Q4,transcript,official_ir_transcript,https://investor.mastercard.com/,investor.mastercard.com,safe_to_download,true,true,false,false,Keith user-authorized acquisition for Signal Engine 2.0 assessment on 2026-05-24,Keith,2026-05-24T23:38:11+00:00,,,,sha256:03b1b885ef81bdaad8b44ebee715d285c07323610893188500a68f8bd211a2da,
src_aeb9d9fa17999ddf6,ma_2025_q4,MA,Mastercard Incorporated,2025,Q4,audio,official_ir_webcast,https://investor.mastercard.com/,investor.mastercard.com,safe_to_download,true,true,false,false,Keith user-authorized acquisition for Signal Engine 2.0 assessment on 2026-05-24,Keith,2026-05-24T23:38:11+00:00,,,,sha256:f0549c35a42b961da59c6820af14c9d92b3839ef5daac40eac9f252c7112441a,
src_fe4f571373229327a,fis_2025_q4,FIS,"Fidelity National Information Services, Inc.",2025,Q4,transcript,official_ir_transcript,https://investor.fisglobal.com/,investor.fisglobal.com,safe_to_download,true,true,false,false,Keith user-authorized acquisition for Signal Engine 2.0 assessment on 2026-05-24,Keith,2026-05-24T23:38:11+00:00,,,,sha256:ec2b7998f8335631839a96d0eff0d3b4e7fe9db0adf2364178d1fac3200aa703,
src_f98dd3e8170583d1b,fis_2025_q4,FIS,"Fidelity National Information Services, Inc.",2025,Q4,audio,official_ir_webcast,https://investor.fisglobal.com/,investor.fisglobal.com,safe_to_download,true,true,false,false,Keith user-authorized acquisition for Signal Engine 2.0 assessment on 2026-05-24,Keith,2026-05-24T23:38:11+00:00,,,,sha256:8e77f62d1caf96ded6d61f322edc44b726f1aa87724cf28c8d72b908178e52d0,
src_e3823a99f2618c85d,gpn_2025_q4,GPN,Global Payments Inc.,2025,Q4,transcript,official_ir_transcript,https://investors.globalpayments.com/,investors.globalpayments.com,safe_to_download,true,true,false,false,Keith user-authorized acquisition for Signal Engine 2.0 assessment on 2026-05-24,Keith,2026-05-24T23:38:11+00:00,,,,sha256:d971ca02063a286fbee452f79c9474007d70fac437654556d99d1f59b1ab27d0,
src_2e7f27e21193b9a49,gpn_2025_q4,GPN,Global Payments Inc.,2025,Q4,audio,official_ir_webcast,https://investors.globalpayments.com/,investors.globalpayments.com,safe_to_download,true,true,false,false,Keith user-authorized acquisition for Signal Engine 2.0 assessment on 2026-05-24,Keith,2026-05-24T23:38:11+00:00,,,,sha256:f4c35c6ccfeffffb88b61c488bc7697839fdfe1ee0d672bf0b46affa0a216fa5,
src_904aa43dbd6d46a80,blk_2025_q4,BLK,"BlackRock, Inc.",2025,Q4,transcript,official_ir_transcript,https://ir.blackrock.com/,ir.blackrock.com,safe_to_download,true,true,false,false,Keith user-authorized acquisition for Signal Engine 2.0 assessment on 2026-05-24,Keith,2026-05-24T23:38:11+00:00,,,,sha256:7cd173921f63ca1d552f726ce325c3d9e1f81804f532c13c461f5c6ab1a645be,
src_f776bd9f5c4583454,blk_2025_q4,BLK,"BlackRock, Inc.",2025,Q4,audio,official_ir_webcast,https://ir.blackrock.com/,ir.blackrock.com,safe_to_download,true,true,false,false,Keith user-authorized acquisition for Signal Engine 2.0 assessment on 2026-05-24,Keith,2026-05-24T23:38:11+00:00,,,,sha256:2b39be9ac4a575bf429f8fb90db4a918631dd38f8169cf6ee3430579816414bb,
src_ac670d6e198612cc2,bx_2025_q4,BX,Blackstone Inc.,2025,Q4,transcript,official_ir_transcript,https://ir.blackstone.com/,ir.blackstone.com,safe_to_download,true,true,false,false,Keith user-authorized acquisition for Signal Engine 2.0 assessment on 2026-05-24,Keith,2026-05-24T23:38:11+00:00,,,,sha256:f0322ce36a344df89f7b39988c46ff26ef804401c7e3fa2a3a128e1ff46f2602,
src_c7a7e65b133eb577e,bx_2025_q4,BX,Blackstone Inc.,2025,Q4,audio,official_ir_webcast,https://ir.blackstone.com/,ir.blackstone.com,safe_to_download,true,true,false,false,Keith user-authorized acquisition for Signal Engine 2.0 assessment on 2026-05-24,Keith,2026-05-24T23:38:11+00:00,,,,sha256:422f8dabddf4fe1ee871131b5c26c9ae87900e0b057e1d0262f151604c34e575,
src_c98352733399d3046,schw_2025_q4,SCHW,The Charles Schwab Corporation,2025,Q4,transcript,official_ir_transcript,https://www.aboutschwab.com/investor-relations,www.aboutschwab.com,safe_to_download,true,true,false,false,Keith user-authorized acquisition for Signal Engine 2.0 assessment on 2026-05-24,Keith,2026-05-24T23:38:11+00:00,,,,sha256:eefb7646bf37d49167ee21bcf988eafcfb4334b6d37245aede656c7de4595207,
src_7c78ca605726e906b,schw_2025_q4,SCHW,The Charles Schwab Corporation,2025,Q4,audio,official_ir_webcast,https://www.aboutschwab.com/investor-relations,www.aboutschwab.com,safe_to_download,true,true,false,false,Keith user-authorized acquisition for Signal Engine 2.0 assessment on 2026-05-24,Keith,2026-05-24T23:38:11+00:00,,,,sha256:ea0713d6bebdf90a060e782f2062ddb552914850e16583eb308df323c45dce6e,
src_bd5d39647bebe2f78,ice_2025_q4,ICE,"Intercontinental Exchange, Inc.",2025,Q4,transcript,official_ir_transcript,https://ir.theice.com/,ir.theice.com,safe_to_download,true,true,false,false,Keith user-authorized acquisition for Signal Engine 2.0 assessment on 2026-05-24,Keith,2026-05-24T23:38:11+00:00,,,,sha256:195cb9e6405c1871136f74d6723dc7c8589909a629f4a116cb8ffc1f78f7813a,
src_316e224a45c03f917,ice_2025_q4,ICE,"Intercontinental Exchange, Inc.",2025,Q4,audio,official_ir_webcast,https://ir.theice.com/,ir.theice.com,safe_to_download,true,true,false,false,Keith user-authorized acquisition for Signal Engine 2.0 assessment on 2026-05-24,Keith,2026-05-24T23:38:11+00:00,,,,sha256:c391a6ad3f9bdd1e2edb9462dfbe5393a864ea16d1d76f0b147540950aa28893,
src_b8c57d0be688ad924,spgi_2025_q4,SPGI,S&P Global Inc.,2025,Q4,transcript,official_ir_transcript,https://investor.spglobal.com/,investor.spglobal.com,safe_to_download,true,true,false,false,Keith user-authorized acquisition for Signal Engine 2.0 assessment on 2026-05-24,Keith,2026-05-24T23:38:11+00:00,,,,sha256:5e6643e646f8758f3bd67405538e75ab904a17e3bcb18177317d86693363d4d6,
src_549d254082b57d807,spgi_2025_q4,SPGI,S&P Global Inc.,2025,Q4,audio,official_ir_webcast,https://investor.spglobal.com/,investor.spglobal.com,safe_to_download,true,true,false,false,Keith user-authorized acquisition for Signal Engine 2.0 assessment on 2026-05-24,Keith,2026-05-24T23:38:11+00:00,,,,sha256:9995a18c6f69a4a7ec2297be75dae55a398f35ad34e827e4b973d83dd4999c7d,
src_d5c8a65d60f7eff75,mco_2025_q4,MCO,Moody's Corporation,2025,Q4,transcript,official_ir_transcript,https://ir.moodys.com/,ir.moodys.com,safe_to_download,true,true,false,false,Keith user-authorized acquisition for Signal Engine 2.0 assessment on 2026-05-24,Keith,2026-05-24T23:38:11+00:00,,,,sha256:ead7a9bff6a1f4822359dfff2510d1561a05f1082c993abb57752670cf6f645f,
src_7d2c502b961064427,mco_2025_q4,MCO,Moody's Corporation,2025,Q4,audio,official_ir_webcast,https://ir.moodys.com/,ir.moodys.com,safe_to_download,true,true,false,false,Keith user-authorized acquisition for Signal Engine 2.0 assessment on 2026-05-24,Keith,2026-05-24T23:38:11+00:00,,,,sha256:a5fc247c1567bd16b97b39c077816458e75b234b759e20263e806bf70404eb27,
src_ba71d7e61d34af6cc,aon_2025_q4,AON,Aon plc,2025,Q4,transcript,official_ir_transcript,https://investors.aon.com/,investors.aon.com,safe_to_download,true,true,false,false,Keith user-authorized acquisition for Signal Engine 2.0 assessment on 2026-05-24,Keith,2026-05-24T23:38:11+00:00,,,,sha256:1aa0636fc31bb401d24f9345378a3dc59c1ae977a69934d8ee7e480e1cda47ba,
src_dfc56f002dbf2ac99,aon_2025_q4,AON,Aon plc,2025,Q4,audio,official_ir_webcast,https://investors.aon.com/,investors.aon.com,safe_to_download,true,true,false,false,Keith user-authorized acquisition for Signal Engine 2.0 assessment on 2026-05-24,Keith,2026-05-24T23:38:11+00:00,,,,sha256:eda5a98cc4ef9b4ffccd15663280955229d4ee1cdbae1edfa4a14257678e4035,
src_ce6a3ebacd68c46eb,aig_2025_q4,AIG,"American International Group, Inc.",2025,Q4,transcript,official_ir_transcript,https://www.aig.com/investor-relations,www.aig.com,safe_to_download,true,true,false,false,Keith user-authorized acquisition for Signal Engine 2.0 assessment on 2026-05-24,Keith,2026-05-24T23:38:11+00:00,,,,sha256:bd7755005b10dcd55b34fe2fef475ae79a46596ebe5eeeebe29b34cff7ccab71,
src_08a791f113985be8f,aig_2025_q4,AIG,"American International Group, Inc.",2025,Q4,audio,official_ir_webcast,https://www.aig.com/investor-relations,www.aig.com,safe_to_download,true,true,false,false,Keith user-authorized acquisition for Signal Engine 2.0 assessment on 2026-05-24,Keith,2026-05-24T23:38:11+00:00,,,,sha256:f0dcc1b76fea84a4bf273cf4e15519010f6041ff3bd62f87551435653fbfc5dc,
src_fe9c1b2deb8533a77,met_2025_q4,MET,"MetLife, Inc.",2025,Q4,transcript,official_ir_transcript,https://investor.metlife.com/,investor.metlife.com,safe_to_download,true,true,false,false,Keith user-authorized acquisition for Signal Engine 2.0 assessment on 2026-05-24,Keith,2026-05-24T23:38:11+00:00,,,,sha256:9b8c49761a7e939107c00619e3ba7740aced399b4a38eb3398640c85d1324f95,
src_db51279623f03ad55,met_2025_q4,MET,"MetLife, Inc.",2025,Q4,audio,official_ir_webcast,https://investor.metlife.com/,investor.metlife.com,safe_to_download,true,true,false,false,Keith user-authorized acquisition for Signal Engine 2.0 assessment on 2026-05-24,Keith,2026-05-24T23:38:11+00:00,,,,sha256:6f1ccffdf2a4df4ebc68fe56bb4c2eb11d1d1ad4c5ea14c2f5f3b245b0316d36,
src_bf923013800c2fcea,pru_2025_q4,PRU,"Prudential Financial, Inc.",2025,Q4,transcript,official_ir_transcript,https://www.investor.prudential.com/,www.investor.prudential.com,safe_to_download,true,true,false,false,Keith user-authorized acquisition for Signal Engine 2.0 assessment on 2026-05-24,Keith,2026-05-24T23:38:11+00:00,,,,sha256:276a12c39cef7443f9cfa8fbf3a6540158d89e4d1c850341ce76c3a5d113136e,
src_38e9a7680d389c448,pru_2025_q4,PRU,"Prudential Financial, Inc.",2025,Q4,audio,official_ir_webcast,https://www.investor.prudential.com/,www.investor.prudential.com,safe_to_download,true,true,false,false,Keith user-authorized acquisition for Signal Engine 2.0 assessment on 2026-05-24,Keith,2026-05-24T23:38:11+00:00,,,,sha256:61ead5fa8a22fdade8d49af23e5fd239997b7cdfd62cdbacfe7fe5b3af91b915,
src_39a5f99f362ee82e5,trv_2025_q4,TRV,"The Travelers Companies, Inc.",2025,Q4,transcript,official_ir_transcript,https://investor.travelers.com/,investor.travelers.com,safe_to_download,true,true,false,false,Keith user-authorized acquisition for Signal Engine 2.0 assessment on 2026-05-24,Keith,2026-05-24T23:38:11+00:00,,,,sha256:da91b2b8f4876bcca4f698e5c82eb592b6f38741062acd56a69d8513b110e631,
src_f9a3a381a67a97b78,trv_2025_q4,TRV,"The Travelers Companies, Inc.",2025,Q4,audio,official_ir_webcast,https://investor.travelers.com/,investor.travelers.com,safe_to_download,true,true,false,false,Keith user-authorized acquisition for Signal Engine 2.0 assessment on 2026-05-24,Keith,2026-05-24T23:38:11+00:00,,,,sha256:56928a4c6a56cf53c446c4ec5e03e4c8a358e2ba1bcac5a4fbe1d9e4004fa360,
src_44bc01607001dc6d0,cb_2025_q4,CB,Chubb Limited,2025,Q4,transcript,official_ir_transcript,https://investors.chubb.com/,investors.chubb.com,safe_to_download,true,true,false,false,Keith user-authorized acquisition for Signal Engine 2.0 assessment on 2026-05-24,Keith,2026-05-24T23:38:11+00:00,,,,sha256:e096cc30c5213da779c55547a3782bdd86e9a869a139c8416e215fba91972925,
src_30a71ac913b4ee498,cb_2025_q4,CB,Chubb Limited,2025,Q4,audio,official_ir_webcast,https://investors.chubb.com/,investors.chubb.com,safe_to_download,true,true,false,false,Keith user-authorized acquisition for Signal Engine 2.0 assessment on 2026-05-24,Keith,2026-05-24T23:38:11+00:00,,,,sha256:2fa1d9f5f4d56d0e215f795f1d515b5b3a2f2368cd5724f9b4a5025f2f8a5e45,
src_e105e1bcc40f104b6,jnj_2025_q4,JNJ,Johnson & Johnson,2025,Q4,transcript,official_ir_transcript,https://www.investor.jnj.com/,www.investor.jnj.com,safe_to_download,true,true,false,false,Keith user-authorized acquisition for Signal Engine 2.0 assessment on 2026-05-24,Keith,2026-05-24T23:38:11+00:00,,,,sha256:897a7fe3ab5efc808c98c2fb721efb0c6b4c7fbf9bdcebc2ec1412a5fe358fde,
src_9ccadec4fc2893885,jnj_2025_q4,JNJ,Johnson & Johnson,2025,Q4,audio,official_ir_webcast,https://www.investor.jnj.com/,www.investor.jnj.com,safe_to_download,true,true,false,false,Keith user-authorized acquisition for Signal Engine 2.0 assessment on 2026-05-24,Keith,2026-05-24T23:38:11+00:00,,,,sha256:cdab6b654c7e0776568e1dbca51b79db5de312e61a862190e2a80114ae8dee41,
src_b161ae1d7bb2944de,lly_2025_q4,LLY,Eli Lilly and Company,2025,Q4,transcript,official_ir_transcript,https://investor.lilly.com/,investor.lilly.com,safe_to_download,true,true,false,false,Keith user-authorized acquisition for Signal Engine 2.0 assessment on 2026-05-24,Keith,2026-05-24T23:38:11+00:00,,,,sha256:740618ebc57220a916dff485db078f4273b8f0e3a4b0d29942d5af314e37b6c5,
src_65f89c8bc4b9595f7,lly_2025_q4,LLY,Eli Lilly and Company,2025,Q4,audio,official_ir_webcast,https://investor.lilly.com/,investor.lilly.com,safe_to_download,true,true,false,false,Keith user-authorized acquisition for Signal Engine 2.0 assessment on 2026-05-24,Keith,2026-05-24T23:38:11+00:00,,,,sha256:50e19a09edb6f63e3cdab6190d8331ea4b1f31f2028a8648ab8d10c168b9e62f,
src_f3c63b22954c89c07,mrk_2025_q4,MRK,"Merck & Co., Inc.",2025,Q4,transcript,official_ir_transcript,https://www.merck.com/investor-relations/,www.merck.com,safe_to_download,true,true,false,false,Keith user-authorized acquisition for Signal Engine 2.0 assessment on 2026-05-24,Keith,2026-05-24T23:38:11+00:00,,,,sha256:23347a6db9fe3ba41e0b0c6216e9396987de6d6157d0200628a9ee538911862d,
src_811dda7d11c24d84c,mrk_2025_q4,MRK,"Merck & Co., Inc.",2025,Q4,audio,official_ir_webcast,https://www.merck.com/investor-relations/,www.merck.com,safe_to_download,true,true,false,false,Keith user-authorized acquisition for Signal Engine 2.0 assessment on 2026-05-24,Keith,2026-05-24T23:38:11+00:00,,,,sha256:895c56e0adede52d14bfc29955da7bc07516afdee1b119138c8572dc6e1565e1,
src_a02360d7837198adb,pfe_2025_q4,PFE,Pfizer Inc.,2025,Q4,transcript,official_ir_transcript,https://investors.pfizer.com/,investors.pfizer.com,safe_to_download,true,true,false,false,Keith user-authorized acquisition for Signal Engine 2.0 assessment on 2026-05-24,Keith,2026-05-24T23:38:11+00:00,,,,sha256:d9a9c8673f280b9c49486323bfd4aabd8b445c5631887d00b1e11228d4969b11,
src_19528eb652983e2ce,pfe_2025_q4,PFE,Pfizer Inc.,2025,Q4,audio,official_ir_webcast,https://investors.pfizer.com/,investors.pfizer.com,safe_to_download,true,true,false,false,Keith user-authorized acquisition for Signal Engine 2.0 assessment on 2026-05-24,Keith,2026-05-24T23:38:11+00:00,,,,sha256:c0d626ae4bb17b92b93e041beb2460905b6427013e154157c3416d33fa814d5c,
src_a87a53572a27fd5fa,unh_2025_q4,UNH,UnitedHealth Group Incorporated,2025,Q4,transcript,official_ir_transcript,https://www.unitedhealthgroup.com/investors.html,www.unitedhealthgroup.com,safe_to_download,true,true,false,false,Keith user-authorized acquisition for Signal Engine 2.0 assessment on 2026-05-24,Keith,2026-05-24T23:38:11+00:00,,,,sha256:4bfe7a71d549c8f4619fcc2f0f109a532ac7392524304f04dec3f465e36c3cf2,
src_7b52a2ee3841e1c1f,unh_2025_q4,UNH,UnitedHealth Group Incorporated,2025,Q4,audio,official_ir_webcast,https://www.unitedhealthgroup.com/investors.html,www.unitedhealthgroup.com,safe_to_download,true,true,false,false,Keith user-authorized acquisition for Signal Engine 2.0 assessment on 2026-05-24,Keith,2026-05-24T23:38:11+00:00,,,,sha256:0d391e299cec46f00fd7b37f575f362c3f9a8ec124454148dd98b57d7b4ea2c4,
src_e6ee3914b70306d3d,cvs_2025_q4,CVS,CVS Health Corporation,2025,Q4,transcript,official_ir_transcript,https://investors.cvshealth.com/,investors.cvshealth.com,safe_to_download,true,true,false,false,Keith user-authorized acquisition for Signal Engine 2.0 assessment on 2026-05-24,Keith,2026-05-24T23:38:11+00:00,,,,sha256:884cf78cf47b560e35303aca1be79708f07de111912b7c379fe91f3edc663311,
src_8a4820a7ece3062e1,cvs_2025_q4,CVS,CVS Health Corporation,2025,Q4,audio,official_ir_webcast,https://investors.cvshealth.com/,investors.cvshealth.com,safe_to_download,true,true,false,false,Keith user-authorized acquisition for Signal Engine 2.0 assessment on 2026-05-24,Keith,2026-05-24T23:38:11+00:00,,,,sha256:c5c371589518c23fec06d50d4ee0384f706c102dd6c17b7a8188eef3c961caab,
src_84dfbed212842618a,abt_2025_q4,ABT,Abbott Laboratories,2025,Q4,transcript,official_ir_transcript,https://www.abbottinvestor.com/,www.abbottinvestor.com,safe_to_download,true,true,false,false,Keith user-authorized acquisition for Signal Engine 2.0 assessment on 2026-05-24,Keith,2026-05-24T23:38:11+00:00,,,,sha256:e93743f7233cae1cc36549e8ee6dc1f1716cea47e6885c6d4b96acdadd0fdcb0,
src_ad206e083363ed81c,abt_2025_q4,ABT,Abbott Laboratories,2025,Q4,audio,official_ir_webcast,https://www.abbottinvestor.com/,www.abbottinvestor.com,safe_to_download,true,true,false,false,Keith user-authorized acquisition for Signal Engine 2.0 assessment on 2026-05-24,Keith,2026-05-24T23:38:11+00:00,,,,sha256:506452d6e795ca2f91225abfc15a1d5c4d4d6ef0cf02388d0b6b10314603a7d3,
src_d7453867f5574fa83,bmy_2025_q4,BMY,Bristol Myers Squibb Company,2025,Q4,transcript,official_ir_transcript,https://investors.bms.com/,investors.bms.com,safe_to_download,true,true,false,false,Keith user-authorized acquisition for Signal Engine 2.0 assessment on 2026-05-24,Keith,2026-05-24T23:38:11+00:00,,,,sha256:eeb6233a15cdf317f5f8dc5e8e58e5b86b069467c1a18be13d211956a66ed118,
src_09b1d6e74f8b7e05c,bmy_2025_q4,BMY,Bristol Myers Squibb Company,2025,Q4,audio,official_ir_webcast,https://investors.bms.com/,investors.bms.com,safe_to_download,true,true,false,false,Keith user-authorized acquisition for Signal Engine 2.0 assessment on 2026-05-24,Keith,2026-05-24T23:38:11+00:00,,,,sha256:b17444ccbff6736cba59a1086c06b4b105b222777b9f9ba6ed54b35459f6b7db,
src_78cca29269cbd08c3,mdt_2025_q4,MDT,Medtronic plc,2025,Q4,transcript,official_ir_transcript,https://investorrelations.medtronic.com/,investorrelations.medtronic.com,safe_to_download,true,true,false,false,Keith user-authorized acquisition for Signal Engine 2.0 assessment on 2026-05-24,Keith,2026-05-24T23:38:11+00:00,,,,sha256:7d9ce9b0438b6097228cfccb09d925d2fa856361cac6c6eee5a546e0144f9f5a,
src_316c3d338489cecc6,mdt_2025_q4,MDT,Medtronic plc,2025,Q4,audio,official_ir_webcast,https://investorrelations.medtronic.com/,investorrelations.medtronic.com,safe_to_download,true,true,false,false,Keith user-authorized acquisition for Signal Engine 2.0 assessment on 2026-05-24,Keith,2026-05-24T23:38:11+00:00,,,,sha256:66336a81a371620491bbab2df3bdcbdcc14879f613d2364ba1017c4bff2a11a5,
src_09150fcbe0a2c5307,tmo_2025_q4,TMO,Thermo Fisher Scientific Inc.,2025,Q4,transcript,official_ir_transcript,https://ir.thermofisher.com/,ir.thermofisher.com,safe_to_download,true,true,false,false,Keith user-authorized acquisition for Signal Engine 2.0 assessment on 2026-05-24,Keith,2026-05-24T23:38:11+00:00,,,,sha256:b46fd286b00a82a6f5307568f6f13bf42186ee146f94ecc3f91742d7e7e850b7,
src_453fcb552dd7caf59,tmo_2025_q4,TMO,Thermo Fisher Scientific Inc.,2025,Q4,audio,official_ir_webcast,https://ir.thermofisher.com/,ir.thermofisher.com,safe_to_download,true,true,false,false,Keith user-authorized acquisition for Signal Engine 2.0 assessment on 2026-05-24,Keith,2026-05-24T23:38:11+00:00,,,,sha256:6a887a70a26220cf1f3bdad72bb1cdb1ce72a6f29d5136bd1c2e9baea79a04b3,
src_2bc0a5b0d02739fd1,dhr_2025_q4,DHR,Danaher Corporation,2025,Q4,transcript,official_ir_transcript,https://investors.danaher.com/,investors.danaher.com,safe_to_download,true,true,false,false,Keith user-authorized acquisition for Signal Engine 2.0 assessment on 2026-05-24,Keith,2026-05-24T23:38:11+00:00,,,,sha256:74d08fbbf854cd82e5bb4aec266d8029bdcdab8836a049e357d8c7e7d0cdae9f,
src_eef84810a131dfa52,dhr_2025_q4,DHR,Danaher Corporation,2025,Q4,audio,official_ir_webcast,https://investors.danaher.com/,investors.danaher.com,safe_to_download,true,true,false,false,Keith user-authorized acquisition for Signal Engine 2.0 assessment on 2026-05-24,Keith,2026-05-24T23:38:11+00:00,,,,sha256:a5800716ef878f3693ed8d9c5e22376d273aaafec160af4d26559c6fe4801f58,
src_9152d00caea379323,bdx_2025_q4,BDX,"Becton, Dickinson and Company",2025,Q4,transcript,official_ir_transcript,https://investors.bd.com/,investors.bd.com,safe_to_download,true,true,false,false,Keith user-authorized acquisition for Signal Engine 2.0 assessment on 2026-05-24,Keith,2026-05-24T23:38:11+00:00,,,,sha256:6bf2c2133117b890ee80c464004242fc003ca0f577d8c6c8001dcf073ecd14d6,
src_4d0292d8c63eb5610,bdx_2025_q4,BDX,"Becton, Dickinson and Company",2025,Q4,audio,official_ir_webcast,https://investors.bd.com/,investors.bd.com,safe_to_download,true,true,false,false,Keith user-authorized acquisition for Signal Engine 2.0 assessment on 2026-05-24,Keith,2026-05-24T23:38:11+00:00,,,,sha256:88fa213adf03450fc420985cfcb711b754d68fb6e0f5c574d5e4b33c4a15a3de,
src_041fbcea5a350d134,ci_2025_q4,CI,The Cigna Group,2025,Q4,transcript,official_ir_transcript,https://investors.thecignagroup.com/,investors.thecignagroup.com,safe_to_download,true,true,false,false,Keith user-authorized acquisition for Signal Engine 2.0 assessment on 2026-05-24,Keith,2026-05-24T23:38:11+00:00,,,,sha256:adaeaaa9e63b32b690860155216998c1d4b036a6e5b7cf62326d3512674916c5,
src_e72671d623dbca8d7,ci_2025_q4,CI,The Cigna Group,2025,Q4,audio,official_ir_webcast,https://investors.thecignagroup.com/,investors.thecignagroup.com,safe_to_download,true,true,false,false,Keith user-authorized acquisition for Signal Engine 2.0 assessment on 2026-05-24,Keith,2026-05-24T23:38:11+00:00,,,,sha256:20e458f1c238b9caee4427ce145aecab4a99cc4680b8a5987758b4261b67bb3e,
src_db4604d12eb8be904,hca_2025_q4,HCA,"HCA Healthcare, Inc.",2025,Q4,transcript,official_ir_transcript,https://investor.hcahealthcare.com/,investor.hcahealthcare.com,safe_to_download,true,true,false,false,Keith user-authorized acquisition for Signal Engine 2.0 assessment on 2026-05-24,Keith,2026-05-24T23:38:11+00:00,,,,sha256:e81f903f35eb8fa36e0a59b8c47f80575c306d5721254b209a2f92bf74a1358e,
src_d07fe4ca2c882817e,hca_2025_q4,HCA,"HCA Healthcare, Inc.",2025,Q4,audio,official_ir_webcast,https://investor.hcahealthcare.com/,investor.hcahealthcare.com,safe_to_download,true,true,false,false,Keith user-authorized acquisition for Signal Engine 2.0 assessment on 2026-05-24,Keith,2026-05-24T23:38:11+00:00,,,,sha256:4ae21b155a6bac94c0083674d5c118abb248dc88984c3fae8a10997d9e474fb4,
src_33d9b9a9b946a1e09,syk_2025_q4,SYK,Stryker Corporation,2025,Q4,transcript,official_ir_transcript,https://investors.stryker.com/,investors.stryker.com,safe_to_download,true,true,false,false,Keith user-authorized acquisition for Signal Engine 2.0 assessment on 2026-05-24,Keith,2026-05-24T23:38:11+00:00,,,,sha256:5a3a4adba35e36a7c966419dae6a3a1254b4fe28ed235b99e44a562dc8735e3d,
src_0abb40d5108ba5b30,syk_2025_q4,SYK,Stryker Corporation,2025,Q4,audio,official_ir_webcast,https://investors.stryker.com/,investors.stryker.com,safe_to_download,true,true,false,false,Keith user-authorized acquisition for Signal Engine 2.0 assessment on 2026-05-24,Keith,2026-05-24T23:38:11+00:00,,,,sha256:e193388f49124c642bd48d1ae5f5cef6db86752b561be32ee179a7fd60dbef08,
src_f68423b666b08e8f5,xom_2025_q4,XOM,Exxon Mobil Corporation,2025,Q4,transcript,official_ir_transcript,https://corporate.exxonmobil.com/investors,corporate.exxonmobil.com,safe_to_download,true,true,false,false,Keith user-authorized acquisition for Signal Engine 2.0 assessment on 2026-05-24,Keith,2026-05-24T23:38:11+00:00,,,,sha256:2e36f109bb4850cf7348da3f04f490f7e7e464606cf4d99d35445f6074fa5f02,
src_e79e34324b7dbbcd7,xom_2025_q4,XOM,Exxon Mobil Corporation,2025,Q4,audio,official_ir_webcast,https://corporate.exxonmobil.com/investors,corporate.exxonmobil.com,safe_to_download,true,true,false,false,Keith user-authorized acquisition for Signal Engine 2.0 assessment on 2026-05-24,Keith,2026-05-24T23:38:11+00:00,,,,sha256:aed0c0fc6d3a20bce24955e97bfe3adfd614c8c86515206146e76f9c7bc35657,
src_cac3be12bed885534,cvx_2025_q4,CVX,Chevron Corporation,2025,Q4,transcript,official_ir_transcript,https://www.chevron.com/investors,www.chevron.com,safe_to_download,true,true,false,false,Keith user-authorized acquisition for Signal Engine 2.0 assessment on 2026-05-24,Keith,2026-05-24T23:38:11+00:00,,,,sha256:e149c3b2285cf71351c4b70c437a82686af3a4fcf66ec4d75c7b7224bf867cba,
src_f2f47650ec158e40c,cvx_2025_q4,CVX,Chevron Corporation,2025,Q4,audio,official_ir_webcast,https://www.chevron.com/investors,www.chevron.com,safe_to_download,true,true,false,false,Keith user-authorized acquisition for Signal Engine 2.0 assessment on 2026-05-24,Keith,2026-05-24T23:38:11+00:00,,,,sha256:2c95465d8518d494880fb6e0c3f9923970dc2d1fbcc95802d22c247f99184539,
src_0dad712810e118728,cop_2025_q4,COP,ConocoPhillips,2025,Q4,transcript,official_ir_transcript,https://www.conocophillips.com/investor-relations/,www.conocophillips.com,safe_to_download,true,true,false,false,Keith user-authorized acquisition for Signal Engine 2.0 assessment on 2026-05-24,Keith,2026-05-24T23:38:11+00:00,,,,sha256:c83167ec73d8a2a6c584a8abae6325e16726b93e4bc18989040077aaaa572b75,
src_69b1dfb626192918f,cop_2025_q4,COP,ConocoPhillips,2025,Q4,audio,official_ir_webcast,https://www.conocophillips.com/investor-relations/,www.conocophillips.com,safe_to_download,true,true,false,false,Keith user-authorized acquisition for Signal Engine 2.0 assessment on 2026-05-24,Keith,2026-05-24T23:38:11+00:00,,,,sha256:9fe2699c77901862878368605c418ac2e6b6fbe2c749d850f6d44a823718dc57,
src_f3d60f367ae2a627c,slb_2025_q4,SLB,SLB,2025,Q4,transcript,official_ir_transcript,https://investorcenter.slb.com/,investorcenter.slb.com,safe_to_download,true,true,false,false,Keith user-authorized acquisition for Signal Engine 2.0 assessment on 2026-05-24,Keith,2026-05-24T23:38:11+00:00,,,,sha256:b363342f77a3fd9a5ed2d83acda7d9a3890cdf3d325869e3bb971696f68c4502,
src_92f11efa628d91de8,slb_2025_q4,SLB,SLB,2025,Q4,audio,official_ir_webcast,https://investorcenter.slb.com/,investorcenter.slb.com,safe_to_download,true,true,false,false,Keith user-authorized acquisition for Signal Engine 2.0 assessment on 2026-05-24,Keith,2026-05-24T23:38:11+00:00,,,,sha256:aef638d5d9b96498730dee9111c7eaea770f358211b0a37605717eea9686dd47,
src_b3b5bf15f2d935a34,hal_2025_q4,HAL,Halliburton Company,2025,Q4,transcript,official_ir_transcript,https://ir.halliburton.com/,ir.halliburton.com,safe_to_download,true,true,false,false,Keith user-authorized acquisition for Signal Engine 2.0 assessment on 2026-05-24,Keith,2026-05-24T23:38:11+00:00,,,,sha256:fce3eb41b682ce1b75190727c8c9add962bf01c9cc108c3535d0029f176a4f08,
src_f71102fe297b99b53,hal_2025_q4,HAL,Halliburton Company,2025,Q4,audio,official_ir_webcast,https://ir.halliburton.com/,ir.halliburton.com,safe_to_download,true,true,false,false,Keith user-authorized acquisition for Signal Engine 2.0 assessment on 2026-05-24,Keith,2026-05-24T23:38:11+00:00,,,,sha256:28c6c00ed11acdb29de051b4a12e8cd1fc8c770e9da041cd9c0c1835fa6638af,
src_7c7bb3e588a3c5fa5,eog_2025_q4,EOG,"EOG Resources, Inc.",2025,Q4,transcript,official_ir_transcript,https://investors.eogresources.com/,investors.eogresources.com,safe_to_download,true,true,false,false,Keith user-authorized acquisition for Signal Engine 2.0 assessment on 2026-05-24,Keith,2026-05-24T23:38:11+00:00,,,,sha256:9747dfc45a16103b7b96459199b06bed2163767484095a83fd9eb41261d0ef6c,
src_00a27b02b9f68d5a2,eog_2025_q4,EOG,"EOG Resources, Inc.",2025,Q4,audio,official_ir_webcast,https://investors.eogresources.com/,investors.eogresources.com,safe_to_download,true,true,false,false,Keith user-authorized acquisition for Signal Engine 2.0 assessment on 2026-05-24,Keith,2026-05-24T23:38:11+00:00,,,,sha256:5623cb8dfc0362a3e6496920a6a3d585a25074826f1825f96a160c6bd8c69aee,
src_b301ddfc98ba60eb0,oxy_2025_q4,OXY,Occidental Petroleum Corporation,2025,Q4,transcript,official_ir_transcript,https://www.oxy.com/investors/,www.oxy.com,safe_to_download,true,true,false,false,Keith user-authorized acquisition for Signal Engine 2.0 assessment on 2026-05-24,Keith,2026-05-24T23:38:11+00:00,,,,sha256:10dc13c19b53ea32337924279f4897032009fa5f76f75d06983e765846183081,
src_bd38c30bc76c865cb,oxy_2025_q4,OXY,Occidental Petroleum Corporation,2025,Q4,audio,official_ir_webcast,https://www.oxy.com/investors/,www.oxy.com,safe_to_download,true,true,false,false,Keith user-authorized acquisition for Signal Engine 2.0 assessment on 2026-05-24,Keith,2026-05-24T23:38:11+00:00,,,,sha256:4b5bab079552f3cda3aaf3b284928373e0b5e9ebbb64558601248a4053e334d1,
src_a2522b794d94b87a2,mpc_2025_q4,MPC,Marathon Petroleum Corporation,2025,Q4,transcript,official_ir_transcript,https://www.marathonpetroleum.com/Investors/,www.marathonpetroleum.com,safe_to_download,true,true,false,false,Keith user-authorized acquisition for Signal Engine 2.0 assessment on 2026-05-24,Keith,2026-05-24T23:38:11+00:00,,,,sha256:1ff070a7b57e85a936a6b8ba2268875a560d4be99241f2654598319af6752f34,
src_b080910d8e3ed70b0,mpc_2025_q4,MPC,Marathon Petroleum Corporation,2025,Q4,audio,official_ir_webcast,https://www.marathonpetroleum.com/Investors/,www.marathonpetroleum.com,safe_to_download,true,true,false,false,Keith user-authorized acquisition for Signal Engine 2.0 assessment on 2026-05-24,Keith,2026-05-24T23:38:11+00:00,,,,sha256:36c05b220bdc145b1f403953cfb23c628d55464359ab64f406806d7f420d6b55,
src_11c189e62077f9f3f,psx_2025_q4,PSX,Phillips 66,2025,Q4,transcript,official_ir_transcript,https://investor.phillips66.com/,investor.phillips66.com,safe_to_download,true,true,false,false,Keith user-authorized acquisition for Signal Engine 2.0 assessment on 2026-05-24,Keith,2026-05-24T23:38:11+00:00,,,,sha256:0d95eccb08e0edfaf70d07d242b60ec1f0e7921a640f51abba56f230017d2357,
src_a5ab2d0972e4d7ce1,psx_2025_q4,PSX,Phillips 66,2025,Q4,audio,official_ir_webcast,https://investor.phillips66.com/,investor.phillips66.com,safe_to_download,true,true,false,false,Keith user-authorized acquisition for Signal Engine 2.0 assessment on 2026-05-24,Keith,2026-05-24T23:38:11+00:00,,,,sha256:42545a8b4cf98aef427cdec61a084b2f17e2bdf242315fbae0f563d28090f167,
src_be1ecce11c8a22fc2,vlo_2025_q4,VLO,Valero Energy Corporation,2025,Q4,transcript,official_ir_transcript,https://investorvalero.com/,investorvalero.com,safe_to_download,true,true,false,false,Keith user-authorized acquisition for Signal Engine 2.0 assessment on 2026-05-24,Keith,2026-05-24T23:38:11+00:00,,,,sha256:2bd07c8f39f67db73191f91b9cd0acdd483c962b1c7b4ba5808bfe7a16a22210,
src_8bf1e2922afffc405,vlo_2025_q4,VLO,Valero Energy Corporation,2025,Q4,audio,official_ir_webcast,https://investorvalero.com/,investorvalero.com,safe_to_download,true,true,false,false,Keith user-authorized acquisition for Signal Engine 2.0 assessment on 2026-05-24,Keith,2026-05-24T23:38:11+00:00,,,,sha256:cbe6b8bca2674f80789561e753835dcbe5d578213c1fe9bdd4b6143dbb4017b6,
src_43ad54e3f99c599d0,ba_2025_q4,BA,The Boeing Company,2025,Q4,transcript,official_ir_transcript,https://investors.boeing.com/,investors.boeing.com,safe_to_download,true,true,false,false,Keith user-authorized acquisition for Signal Engine 2.0 assessment on 2026-05-24,Keith,2026-05-24T23:38:11+00:00,,,,sha256:cec2c353091fe2b38aebe3c475285d0147f51b275838f8877194f373be39db08,
src_71d4e3f67c079f186,ba_2025_q4,BA,The Boeing Company,2025,Q4,audio,official_ir_webcast,https://investors.boeing.com/,investors.boeing.com,safe_to_download,true,true,false,false,Keith user-authorized acquisition for Signal Engine 2.0 assessment on 2026-05-24,Keith,2026-05-24T23:38:11+00:00,,,,sha256:885dd1121ed508a177a1bd60714a2f59b6fab0401058822a90b9ed13349c1845,
src_ee524c2095609859b,rtx_2025_q4,RTX,RTX Corporation,2025,Q4,transcript,official_ir_transcript,https://www.rtx.com/investors,www.rtx.com,safe_to_download,true,true,false,false,Keith user-authorized acquisition for Signal Engine 2.0 assessment on 2026-05-24,Keith,2026-05-24T23:38:11+00:00,,,,sha256:8042eb919f0db18fd4feb94ee03ade21308979e386ad8e89d3021130b2b8acfe,
src_b3cc8d02a06d0cb99,rtx_2025_q4,RTX,RTX Corporation,2025,Q4,audio,official_ir_webcast,https://www.rtx.com/investors,www.rtx.com,safe_to_download,true,true,false,false,Keith user-authorized acquisition for Signal Engine 2.0 assessment on 2026-05-24,Keith,2026-05-24T23:38:11+00:00,,,,sha256:e221192c2696935d2868f6c62234c0c2ea7cc7d957d335250bd4c8334a1f7691,
src_e1e9cad20055b407e,lmt_2025_q4,LMT,Lockheed Martin Corporation,2025,Q4,transcript,official_ir_transcript,https://investors.lockheedmartin.com/,investors.lockheedmartin.com,safe_to_download,true,true,false,false,Keith user-authorized acquisition for Signal Engine 2.0 assessment on 2026-05-24,Keith,2026-05-24T23:38:11+00:00,,,,sha256:f2c68302c02b074c99ea8111052d299283044f00c29b8bedc7a2f033a961778a,
src_c627ab9fc9469a2c7,lmt_2025_q4,LMT,Lockheed Martin Corporation,2025,Q4,audio,official_ir_webcast,https://investors.lockheedmartin.com/,investors.lockheedmartin.com,safe_to_download,true,true,false,false,Keith user-authorized acquisition for Signal Engine 2.0 assessment on 2026-05-24,Keith,2026-05-24T23:38:11+00:00,,,,sha256:479cd093a9ed19dd490cef5725a060d4b628f4485adf140e45358df6e33bb52f,
src_8d47d428024345913,noc_2025_q4,NOC,Northrop Grumman Corporation,2025,Q4,transcript,official_ir_transcript,https://investor.northropgrumman.com/,investor.northropgrumman.com,safe_to_download,true,true,false,false,Keith user-authorized acquisition for Signal Engine 2.0 assessment on 2026-05-24,Keith,2026-05-24T23:38:11+00:00,,,,sha256:3b59433fab9328eb482860c747cab61d1c4566c4d7700fe2a03002acd6c9b402,
src_af841107a4fe20894,noc_2025_q4,NOC,Northrop Grumman Corporation,2025,Q4,audio,official_ir_webcast,https://investor.northropgrumman.com/,investor.northropgrumman.com,safe_to_download,true,true,false,false,Keith user-authorized acquisition for Signal Engine 2.0 assessment on 2026-05-24,Keith,2026-05-24T23:38:11+00:00,,,,sha256:63bec0817dd82025f4bceb009fbdb6611055f72b9aa69db491c2cf4c9eafc777,
src_32b615f5578758da4,gd_2025_q4,GD,General Dynamics Corporation,2025,Q4,transcript,official_ir_transcript,https://investorrelations.gd.com/,investorrelations.gd.com,safe_to_download,true,true,false,false,Keith user-authorized acquisition for Signal Engine 2.0 assessment on 2026-05-24,Keith,2026-05-24T23:38:11+00:00,,,,sha256:8e3ef7f8942784dbc5c4733dfcc02665cdf12e1b6fa3f76bff80c5d0dd339d67,
src_3b0677495f7e2b63e,gd_2025_q4,GD,General Dynamics Corporation,2025,Q4,audio,official_ir_webcast,https://investorrelations.gd.com/,investorrelations.gd.com,safe_to_download,true,true,false,false,Keith user-authorized acquisition for Signal Engine 2.0 assessment on 2026-05-24,Keith,2026-05-24T23:38:11+00:00,,,,sha256:0b84606461612511a30a142fb7366a8facc53837307a6cdd5a81a76baf540c7a,
src_c3c1a676856f23163,cat_2025_q4,CAT,Caterpillar Inc.,2025,Q4,transcript,official_ir_transcript,https://investors.caterpillar.com/,investors.caterpillar.com,safe_to_download,true,true,false,false,Keith user-authorized acquisition for Signal Engine 2.0 assessment on 2026-05-24,Keith,2026-05-24T23:38:11+00:00,,,,sha256:f7ea77241bb69ec6baef3881c6d8a7ee3e1de9472c6f6d8beb3773b4bf4305b6,
src_9f202da12f0a53fd0,cat_2025_q4,CAT,Caterpillar Inc.,2025,Q4,audio,official_ir_webcast,https://investors.caterpillar.com/,investors.caterpillar.com,safe_to_download,true,true,false,false,Keith user-authorized acquisition for Signal Engine 2.0 assessment on 2026-05-24,Keith,2026-05-24T23:38:11+00:00,,,,sha256:c4d7e2c5716d1c309151ad2745f14c21c5578e61a94d8cc94a3248e50c9ac9c5,
src_535e6213ac31885d6,de_2025_q4,DE,Deere & Company,2025,Q4,transcript,official_ir_transcript,https://investor.deere.com/,investor.deere.com,safe_to_download,true,true,false,false,Keith user-authorized acquisition for Signal Engine 2.0 assessment on 2026-05-24,Keith,2026-05-24T23:38:11+00:00,,,,sha256:d66121ded009d4b5e38c140569cbde7ab72ab210f1cd90ffae1612b55d4dd13c,
src_a10f765ada2a20729,de_2025_q4,DE,Deere & Company,2025,Q4,audio,official_ir_webcast,https://investor.deere.com/,investor.deere.com,safe_to_download,true,true,false,false,Keith user-authorized acquisition for Signal Engine 2.0 assessment on 2026-05-24,Keith,2026-05-24T23:38:11+00:00,,,,sha256:7fbb0751d501cfd756aa482a978079a7ef6c2fb79b6610f9607d45dd8f1dab3a,
src_8c9ccb29fdff4695d,ge_2025_q4,GE,GE Aerospace,2025,Q4,transcript,official_ir_transcript,https://www.geaerospace.com/investors,www.geaerospace.com,safe_to_download,true,true,false,false,Keith user-authorized acquisition for Signal Engine 2.0 assessment on 2026-05-24,Keith,2026-05-24T23:38:11+00:00,,,,sha256:b63221f886c64ac1fd51db179a568b14657a4b3e689990f71d0abf193c0b168f,
src_c3c55e8db433108eb,ge_2025_q4,GE,GE Aerospace,2025,Q4,audio,official_ir_webcast,https://www.geaerospace.com/investors,www.geaerospace.com,safe_to_download,true,true,false,false,Keith user-authorized acquisition for Signal Engine 2.0 assessment on 2026-05-24,Keith,2026-05-24T23:38:11+00:00,,,,sha256:d50f1b93d332a59e9c30383066d85a49d48886294b748d20fe67378ec713a079,
src_bef3f3a1f0ab73d83,etn_2025_q4,ETN,Eaton Corporation plc,2025,Q4,transcript,official_ir_transcript,https://www.eaton.com/us/en-us/company/investor-relations.html,www.eaton.com,safe_to_download,true,true,false,false,Keith user-authorized acquisition for Signal Engine 2.0 assessment on 2026-05-24,Keith,2026-05-24T23:38:11+00:00,,,,sha256:84a1c075382c56613d86adceeac65dc1bde447f2277bbe6cf92b3c7e1fbd191f,
src_a32fdf144b9fa8641,etn_2025_q4,ETN,Eaton Corporation plc,2025,Q4,audio,official_ir_webcast,https://www.eaton.com/us/en-us/company/investor-relations.html,www.eaton.com,safe_to_download,true,true,false,false,Keith user-authorized acquisition for Signal Engine 2.0 assessment on 2026-05-24,Keith,2026-05-24T23:38:11+00:00,,,,sha256:96b9303ec633f9ec819323b2edec11309d3b6f26fe74f62b46b17ef409ee6d9a,
src_12e67e159064c9028,emr_2025_q4,EMR,Emerson Electric Co.,2025,Q4,transcript,official_ir_transcript,https://www.emerson.com/en-us/investors,www.emerson.com,safe_to_download,true,true,false,false,Keith user-authorized acquisition for Signal Engine 2.0 assessment on 2026-05-24,Keith,2026-05-24T23:38:11+00:00,,,,sha256:9ef1acafdb3cb27673a35d95c0446b2bfdbf64a7b4d528acc693459947d69255,
src_40633c7d2e6317d85,emr_2025_q4,EMR,Emerson Electric Co.,2025,Q4,audio,official_ir_webcast,https://www.emerson.com/en-us/investors,www.emerson.com,safe_to_download,true,true,false,false,Keith user-authorized acquisition for Signal Engine 2.0 assessment on 2026-05-24,Keith,2026-05-24T23:38:11+00:00,,,,sha256:5db23c6bcfb991e583e58daca1a901333945df676a4201c3ecffd9522dea6e92,
src_1afc365d753b95258,mmm_2025_q4,MMM,3M Company,2025,Q4,transcript,official_ir_transcript,https://investors.3m.com/,investors.3m.com,safe_to_download,true,true,false,false,Keith user-authorized acquisition for Signal Engine 2.0 assessment on 2026-05-24,Keith,2026-05-24T23:38:11+00:00,,,,sha256:eb693640e39f5288c473a907eb639e82ad32f7bf12d3a5d5e31dc08fa181f22b,
src_b68db8dbe4b195dfd,mmm_2025_q4,MMM,3M Company,2025,Q4,audio,official_ir_webcast,https://investors.3m.com/,investors.3m.com,safe_to_download,true,true,false,false,Keith user-authorized acquisition for Signal Engine 2.0 assessment on 2026-05-24,Keith,2026-05-24T23:38:11+00:00,,,,sha256:bfe1ad15f4de63a7f6a13ea2481e7d3629d8ff4236dbafbac4b22c1a9e170ba5,
src_5d369cda276335553,itw_2025_q4,ITW,Illinois Tool Works Inc.,2025,Q4,transcript,official_ir_transcript,https://investor.itw.com/,investor.itw.com,safe_to_download,true,true,false,false,Keith user-authorized acquisition for Signal Engine 2.0 assessment on 2026-05-24,Keith,2026-05-24T23:38:11+00:00,,,,sha256:c355839e192aadb4c07d85602a4bc0dcc5a4df5105a2a5e21b2926ba79b5d52f,
src_52cb0483a5b79685e,itw_2025_q4,ITW,Illinois Tool Works Inc.,2025,Q4,audio,official_ir_webcast,https://investor.itw.com/,investor.itw.com,safe_to_download,true,true,false,false,Keith user-authorized acquisition for Signal Engine 2.0 assessment on 2026-05-24,Keith,2026-05-24T23:38:11+00:00,,,,sha256:60cfb94c802ca9510dec6194558337c70efdaddc319dcbaf573caae4267221fd,
src_d8586c8b38f078dda,ph_2025_q4,PH,Parker-Hannifin Corporation,2025,Q4,transcript,official_ir_transcript,https://investors.parker.com/,investors.parker.com,safe_to_download,true,true,false,false,Keith user-authorized acquisition for Signal Engine 2.0 assessment on 2026-05-24,Keith,2026-05-24T23:38:11+00:00,,,,sha256:cf53f5e4765a08c14c2302cd8c38b2fc2bdc915295adb0e33321002caa38daf2,
src_6681548e711bb8f37,ph_2025_q4,PH,Parker-Hannifin Corporation,2025,Q4,audio,official_ir_webcast,https://investors.parker.com/,investors.parker.com,safe_to_download,true,true,false,false,Keith user-authorized acquisition for Signal Engine 2.0 assessment on 2026-05-24,Keith,2026-05-24T23:38:11+00:00,,,,sha256:029f998b256b9bf12a37f5c185aaf69824a30e7a676b40f09a7bea91e6d821f5,
src_4ae646ab6327e3ede,carr_2025_q4,CARR,Carrier Global Corporation,2025,Q4,transcript,official_ir_transcript,https://ir.carrier.com/,ir.carrier.com,safe_to_download,true,true,false,false,Keith user-authorized acquisition for Signal Engine 2.0 assessment on 2026-05-24,Keith,2026-05-24T23:38:11+00:00,,,,sha256:eeecb540ee6306fc753e3f8b2346be0905e7bfa298a53339219ac2cd147e8ec7,
src_6c6421698fe7ad043,carr_2025_q4,CARR,Carrier Global Corporation,2025,Q4,audio,official_ir_webcast,https://ir.carrier.com/,ir.carrier.com,safe_to_download,true,true,false,false,Keith user-authorized acquisition for Signal Engine 2.0 assessment on 2026-05-24,Keith,2026-05-24T23:38:11+00:00,,,,sha256:855909bc8b4dbac4c1f6543efc5049f1340d1e07600380047e1ba9e958016578,
src_72cef022a426ab28c,otis_2025_q4,OTIS,Otis Worldwide Corporation,2025,Q4,transcript,official_ir_transcript,https://www.otis.com/en/us/investors,www.otis.com,safe_to_download,true,true,false,false,Keith user-authorized acquisition for Signal Engine 2.0 assessment on 2026-05-24,Keith,2026-05-24T23:38:11+00:00,,,,sha256:ce58c3a347e5b425ac96db6aa68dea82853454da9787b1854ef37a16ffdbdc89,
src_dd6f02eee787eaa93,otis_2025_q4,OTIS,Otis Worldwide Corporation,2025,Q4,audio,official_ir_webcast,https://www.otis.com/en/us/investors,www.otis.com,safe_to_download,true,true,false,false,Keith user-authorized acquisition for Signal Engine 2.0 assessment on 2026-05-24,Keith,2026-05-24T23:38:11+00:00,,,,sha256:4840149b5e8df145a2e8dcce104a2c7d209dd70228e1f9734dcdae0c2ac3081c,
src_bea558683f8e8c3bd,ups_2025_q4,UPS,"United Parcel Service, Inc.",2025,Q4,transcript,official_ir_transcript,https://investors.ups.com/,investors.ups.com,safe_to_download,true,true,false,false,Keith user-authorized acquisition for Signal Engine 2.0 assessment on 2026-05-24,Keith,2026-05-24T23:38:11+00:00,,,,sha256:d233c0652bb7fb5ef599bc46467bdb113b8b9ef6a2c42010a4f9b6a6a74c1b32,
src_8fcdaf118a92c9ac8,ups_2025_q4,UPS,"United Parcel Service, Inc.",2025,Q4,audio,official_ir_webcast,https://investors.ups.com/,investors.ups.com,safe_to_download,true,true,false,false,Keith user-authorized acquisition for Signal Engine 2.0 assessment on 2026-05-24,Keith,2026-05-24T23:38:11+00:00,,,,sha256:ff8e58c560215c990d108b47f76c18cd4cae8915d27133484ecb0153c77d6f20,
src_17dbe044e4afbfb65,fdx_2025_q4,FDX,FedEx Corporation,2025,Q4,transcript,official_ir_transcript,https://investors.fedex.com/,investors.fedex.com,safe_to_download,true,true,false,false,Keith user-authorized acquisition for Signal Engine 2.0 assessment on 2026-05-24,Keith,2026-05-24T23:38:11+00:00,,,,sha256:415ec0a0ca091a991699677e74d75bf315fbda7a7cbb546adb88e86cd7966749,
src_e06e5878aa4227566,fdx_2025_q4,FDX,FedEx Corporation,2025,Q4,audio,official_ir_webcast,https://investors.fedex.com/,investors.fedex.com,safe_to_download,true,true,false,false,Keith user-authorized acquisition for Signal Engine 2.0 assessment on 2026-05-24,Keith,2026-05-24T23:38:11+00:00,,,,sha256:7a1d60438c17c1b5e4a5ff9a9e2a842d116877534ce284a0d7a232091ed314ed,
src_5e6842fd078f2681d,dal_2025_q4,DAL,"Delta Air Lines, Inc.",2025,Q4,transcript,official_ir_transcript,https://ir.delta.com/,ir.delta.com,safe_to_download,true,true,false,false,Keith user-authorized acquisition for Signal Engine 2.0 assessment on 2026-05-24,Keith,2026-05-24T23:38:11+00:00,,,,sha256:9b091245d70628317dad65d71c9325f9a356ef362cdbb32bf6f3d88f89f2efaf,
src_77a615b3b2301c4a7,dal_2025_q4,DAL,"Delta Air Lines, Inc.",2025,Q4,audio,official_ir_webcast,https://ir.delta.com/,ir.delta.com,safe_to_download,true,true,false,false,Keith user-authorized acquisition for Signal Engine 2.0 assessment on 2026-05-24,Keith,2026-05-24T23:38:11+00:00,,,,sha256:27b121aceba58c4d49593c41e2472ad30f52b96b69838c841fe2d260d7336d59,
src_570ad1e0b665ca721,unp_2025_q4,UNP,Union Pacific Corporation,2025,Q4,transcript,official_ir_transcript,https://investor.unionpacific.com/,investor.unionpacific.com,safe_to_download,true,true,false,false,Keith user-authorized acquisition for Signal Engine 2.0 assessment on 2026-05-24,Keith,2026-05-24T23:38:11+00:00,,,,sha256:8ac4ea27383bea6f6e0c97be77a8e4fc93191608e10133c1ee0bd0f89e5d93a0,
src_06e49c4c28a683a41,unp_2025_q4,UNP,Union Pacific Corporation,2025,Q4,audio,official_ir_webcast,https://investor.unionpacific.com/,investor.unionpacific.com,safe_to_download,true,true,false,false,Keith user-authorized acquisition for Signal Engine 2.0 assessment on 2026-05-24,Keith,2026-05-24T23:38:11+00:00,,,,sha256:c995c4d60872cbdfc26ac807804e2253422d8469b8f7531e653d8e98a7871448,
src_7262e2ee75e43d219,nsc_2025_q4,NSC,Norfolk Southern Corporation,2025,Q4,transcript,official_ir_transcript,https://norfolksouthern.investorroom.com/,norfolksouthern.investorroom.com,safe_to_download,true,true,false,false,Keith user-authorized acquisition for Signal Engine 2.0 assessment on 2026-05-24,Keith,2026-05-24T23:38:11+00:00,,,,sha256:c35d0c34b02afea5038c603dc58e71d5d46ac38749987615cea6988b2b12ffd6,
src_093dcc94298abb7ac,nsc_2025_q4,NSC,Norfolk Southern Corporation,2025,Q4,audio,official_ir_webcast,https://norfolksouthern.investorroom.com/,norfolksouthern.investorroom.com,safe_to_download,true,true,false,false,Keith user-authorized acquisition for Signal Engine 2.0 assessment on 2026-05-24,Keith,2026-05-24T23:38:11+00:00,,,,sha256:4936491067a4cfcdb49b831ac37ccd6f619230fcd869fc57e9a314d7a03a2918,
src_d681d207de99cfcb5,hd_2025_q4,HD,"The Home Depot, Inc.",2025,Q4,transcript,official_ir_transcript,https://ir.homedepot.com/,ir.homedepot.com,safe_to_download,true,true,false,false,Keith user-authorized acquisition for Signal Engine 2.0 assessment on 2026-05-24,Keith,2026-05-24T23:38:11+00:00,,,,sha256:a7c12f35c19be1f54e311eec969d76fb2abfd8aa43f0c828d7bd9759db61e1a8,
src_f4ae79a04a260676a,hd_2025_q4,HD,"The Home Depot, Inc.",2025,Q4,audio,official_ir_webcast,https://ir.homedepot.com/,ir.homedepot.com,safe_to_download,true,true,false,false,Keith user-authorized acquisition for Signal Engine 2.0 assessment on 2026-05-24,Keith,2026-05-24T23:38:11+00:00,,,,sha256:9365bb1a3d4cc47c5193bb36fe65ea66be25d058c2b445b3a35589923b16abe3,
src_941ed31b89c596169,low_2025_q4,LOW,"Lowe's Companies, Inc.",2025,Q4,transcript,official_ir_transcript,https://corporate.lowes.com/investors,corporate.lowes.com,safe_to_download,true,true,false,false,Keith user-authorized acquisition for Signal Engine 2.0 assessment on 2026-05-24,Keith,2026-05-24T23:38:11+00:00,,,,sha256:5734b47bb5713f5854f7adda801b2d9175638bd8b3d693aeee3c3fa73a37b296,
src_9d298d4f77bffb83a,low_2025_q4,LOW,"Lowe's Companies, Inc.",2025,Q4,audio,official_ir_webcast,https://corporate.lowes.com/investors,corporate.lowes.com,safe_to_download,true,true,false,false,Keith user-authorized acquisition for Signal Engine 2.0 assessment on 2026-05-24,Keith,2026-05-24T23:38:11+00:00,,,,sha256:c159a89d94d1ebe09a46a5f6de8905a5d2af0f02ded36f4074e3d781cc5c1bf8,
src_66ce1c5a8055800cd,tgt_2025_q4,TGT,Target Corporation,2025,Q4,transcript,official_ir_transcript,https://investors.target.com/,investors.target.com,safe_to_download,true,true,false,false,Keith user-authorized acquisition for Signal Engine 2.0 assessment on 2026-05-24,Keith,2026-05-24T23:38:11+00:00,,,,sha256:32c084b68b0dd9cfa91477c47eb211a37d5334137109c492249cf288250edf5d,
src_fad6d89ff9606e460,tgt_2025_q4,TGT,Target Corporation,2025,Q4,audio,official_ir_webcast,https://investors.target.com/,investors.target.com,safe_to_download,true,true,false,false,Keith user-authorized acquisition for Signal Engine 2.0 assessment on 2026-05-24,Keith,2026-05-24T23:38:11+00:00,,,,sha256:364d5f84b39631a8ec7f96e567aa495285653ed289a81c2daa96d3c86cdb1e2e,
src_b7af36f98a030cf22,kr_2025_q4,KR,The Kroger Co.,2025,Q4,transcript,official_ir_transcript,https://ir.kroger.com/,ir.kroger.com,safe_to_download,true,true,false,false,Keith user-authorized acquisition for Signal Engine 2.0 assessment on 2026-05-24,Keith,2026-05-24T23:38:11+00:00,,,,sha256:e4f250b4ccd816c1473767346912636d079a554ff2534b8c187991cbb1454d6f,
src_7e5734ffe740c5321,kr_2025_q4,KR,The Kroger Co.,2025,Q4,audio,official_ir_webcast,https://ir.kroger.com/,ir.kroger.com,safe_to_download,true,true,false,false,Keith user-authorized acquisition for Signal Engine 2.0 assessment on 2026-05-24,Keith,2026-05-24T23:38:11+00:00,,,,sha256:9bda3b1f003240e629709d33f22a0bdec74e91f9be545f4e835616f34469b057,
src_3bf6ad26616815519,dg_2025_q4,DG,Dollar General Corporation,2025,Q4,transcript,official_ir_transcript,https://investor.dollargeneral.com/,investor.dollargeneral.com,safe_to_download,true,true,false,false,Keith user-authorized acquisition for Signal Engine 2.0 assessment on 2026-05-24,Keith,2026-05-24T23:38:11+00:00,,,,sha256:edb28813246a085764f31bae4e6b528cce7e53562e15a8cd0259d3637a2ee99b,
src_0faee7012878be06b,dg_2025_q4,DG,Dollar General Corporation,2025,Q4,audio,official_ir_webcast,https://investor.dollargeneral.com/,investor.dollargeneral.com,safe_to_download,true,true,false,false,Keith user-authorized acquisition for Signal Engine 2.0 assessment on 2026-05-24,Keith,2026-05-24T23:38:11+00:00,,,,sha256:9bf80ec75d87812658f5544ef7b02f5c5a90a9f7e48065cb166307ecea413223,
src_026effe46cb85754d,mcd_2025_q4,MCD,McDonald's Corporation,2025,Q4,transcript,official_ir_transcript,https://corporate.mcdonalds.com/corpmcd/investors.html,corporate.mcdonalds.com,safe_to_download,true,true,false,false,Keith user-authorized acquisition for Signal Engine 2.0 assessment on 2026-05-24,Keith,2026-05-24T23:38:11+00:00,,,,sha256:1bcf0fe10acfd98ef359a7a78d78ba3fdcfec41b877ef826f1df1dc81f401d22,
src_43967e4c1170a6d3e,mcd_2025_q4,MCD,McDonald's Corporation,2025,Q4,audio,official_ir_webcast,https://corporate.mcdonalds.com/corpmcd/investors.html,corporate.mcdonalds.com,safe_to_download,true,true,false,false,Keith user-authorized acquisition for Signal Engine 2.0 assessment on 2026-05-24,Keith,2026-05-24T23:38:11+00:00,,,,sha256:d275e7592410199f4096b0f939d038d9eea93de974e04f1a5a4db7477099cd8f,
src_c20e76c4fd6d5f6ff,yum_2025_q4,YUM,"Yum! Brands, Inc.",2025,Q4,transcript,official_ir_transcript,https://investors.yum.com/,investors.yum.com,safe_to_download,true,true,false,false,Keith user-authorized acquisition for Signal Engine 2.0 assessment on 2026-05-24,Keith,2026-05-24T23:38:11+00:00,,,,sha256:34f83268809c181c48160be5a00675582cf4a80bb8e3a7c3e57a8ce8da1ced0a,
src_439e26c57ede1f289,yum_2025_q4,YUM,"Yum! Brands, Inc.",2025,Q4,audio,official_ir_webcast,https://investors.yum.com/,investors.yum.com,safe_to_download,true,true,false,false,Keith user-authorized acquisition for Signal Engine 2.0 assessment on 2026-05-24,Keith,2026-05-24T23:38:11+00:00,,,,sha256:c141320bdf989fbe35960a2902d7ab1827eb23015596d9ed1ba993b4f6c2944a,
src_eb44dc20dff5faae0,nke_2025_q4,NKE,"NIKE, Inc.",2025,Q4,transcript,official_ir_transcript,https://investors.nike.com/,investors.nike.com,safe_to_download,true,true,false,false,Keith user-authorized acquisition for Signal Engine 2.0 assessment on 2026-05-24,Keith,2026-05-24T23:38:11+00:00,,,,sha256:b6f8efef76e55a40435151141cc3f69916b618222a8baf362ff40fbcca80abee,
src_5d24f23a476e270fa,nke_2025_q4,NKE,"NIKE, Inc.",2025,Q4,audio,official_ir_webcast,https://investors.nike.com/,investors.nike.com,safe_to_download,true,true,false,false,Keith user-authorized acquisition for Signal Engine 2.0 assessment on 2026-05-24,Keith,2026-05-24T23:38:11+00:00,,,,sha256:1e95f4d20f40c3c1de2fc614791cb0884cf01f6b2c49759509c912f3c4bc40c2,
src_5a1c415a6dadbddfa,dis_2025_q4,DIS,The Walt Disney Company,2025,Q4,transcript,official_ir_transcript,https://thewaltdisneycompany.com/investor-relations/,thewaltdisneycompany.com,safe_to_download,true,true,false,false,Keith user-authorized acquisition for Signal Engine 2.0 assessment on 2026-05-24,Keith,2026-05-24T23:38:11+00:00,,,,sha256:fd8304c75d8e4de80590b18d1f754f644fb7783beae6f5f9ca4b6ef336a00cbc,
src_5e5af9ebc39e9fadf,dis_2025_q4,DIS,The Walt Disney Company,2025,Q4,audio,official_ir_webcast,https://thewaltdisneycompany.com/investor-relations/,thewaltdisneycompany.com,safe_to_download,true,true,false,false,Keith user-authorized acquisition for Signal Engine 2.0 assessment on 2026-05-24,Keith,2026-05-24T23:38:11+00:00,,,,sha256:d0e0cd95145491ab8a5af4bce67479337360ce04ca62a0b8d9a03c8a20df763c,
src_e4567ec04b0011cdd,ko_2025_q4,KO,The Coca-Cola Company,2025,Q4,transcript,official_ir_transcript,https://investors.coca-colacompany.com/,investors.coca-colacompany.com,safe_to_download,true,true,false,false,Keith user-authorized acquisition for Signal Engine 2.0 assessment on 2026-05-24,Keith,2026-05-24T23:38:11+00:00,,,,sha256:da2eee4363c1d27d425270111a6c331a739b63dedb026f0d74f12481604ca348,
src_1d4c70df8d51f40a3,ko_2025_q4,KO,The Coca-Cola Company,2025,Q4,audio,official_ir_webcast,https://investors.coca-colacompany.com/,investors.coca-colacompany.com,safe_to_download,true,true,false,false,Keith user-authorized acquisition for Signal Engine 2.0 assessment on 2026-05-24,Keith,2026-05-24T23:38:11+00:00,,,,sha256:8c0016ea9f7cbe00b3e26571485ebfbd9c40106b303e6aa2653014c81d5cd7a4,
src_b9d155b287cb7368f,pg_2025_q4,PG,The Procter & Gamble Company,2025,Q4,transcript,official_ir_transcript,https://www.pginvestor.com/,www.pginvestor.com,safe_to_download,true,true,false,false,Keith user-authorized acquisition for Signal Engine 2.0 assessment on 2026-05-24,Keith,2026-05-24T23:38:11+00:00,,,,sha256:bfc70556b1c54bdf14757580663863abb0c63fc861fb302aa8b1364c12dfa6f6,
src_3ea9b406ad0980479,pg_2025_q4,PG,The Procter & Gamble Company,2025,Q4,audio,official_ir_webcast,https://www.pginvestor.com/,www.pginvestor.com,safe_to_download,true,true,false,false,Keith user-authorized acquisition for Signal Engine 2.0 assessment on 2026-05-24,Keith,2026-05-24T23:38:11+00:00,,,,sha256:c0bd4f9ca94337fe6e69f6ab7d10d2c0399c2a0d1e37770c1fc26e8acc74057e,
src_1a453030b8e9133d0,cl_2025_q4,CL,Colgate-Palmolive Company,2025,Q4,transcript,official_ir_transcript,https://investor.colgatepalmolive.com/,investor.colgatepalmolive.com,safe_to_download,true,true,false,false,Keith user-authorized acquisition for Signal Engine 2.0 assessment on 2026-05-24,Keith,2026-05-24T23:38:11+00:00,,,,sha256:872f2ba313d4cb8b6febd76e5d30305a9c1cf2850ee3dc4ea9887a4426bc02a5,
src_c2feede3c99fdf812,cl_2025_q4,CL,Colgate-Palmolive Company,2025,Q4,audio,official_ir_webcast,https://investor.colgatepalmolive.com/,investor.colgatepalmolive.com,safe_to_download,true,true,false,false,Keith user-authorized acquisition for Signal Engine 2.0 assessment on 2026-05-24,Keith,2026-05-24T23:38:11+00:00,,,,sha256:3569af8d96b9af857b5493cb6a579234a7d0aa00cacd2cef26f3621d2baf0a08,
src_54f252dea1f432957,el_2025_q4,EL,The Estee Lauder Companies Inc.,2025,Q4,transcript,official_ir_transcript,https://ir.elcompanies.com/,ir.elcompanies.com,safe_to_download,true,true,false,false,Keith user-authorized acquisition for Signal Engine 2.0 assessment on 2026-05-24,Keith,2026-05-24T23:38:11+00:00,,,,sha256:09f256473b4da9bb1c612e70fdbc035546cc80813d5ee064fbc34a7f805edeaf,
src_41fcc307a81979041,el_2025_q4,EL,The Estee Lauder Companies Inc.,2025,Q4,audio,official_ir_webcast,https://ir.elcompanies.com/,ir.elcompanies.com,safe_to_download,true,true,false,false,Keith user-authorized acquisition for Signal Engine 2.0 assessment on 2026-05-24,Keith,2026-05-24T23:38:11+00:00,,,,sha256:113b1cd9813d5dd4f2a6affe5623d8c3b4006354540fa6fd54c0a0c08168ed46,
src_43594d04a08cd5830,gis_2025_q4,GIS,"General Mills, Inc.",2025,Q4,transcript,official_ir_transcript,https://investors.generalmills.com/,investors.generalmills.com,safe_to_download,true,true,false,false,Keith user-authorized acquisition for Signal Engine 2.0 assessment on 2026-05-24,Keith,2026-05-24T23:38:11+00:00,,,,sha256:114bcc39b4173f9f6c5d82f8a80890e5cdd161cf1a4567fb1389732a169fdcab,
src_36bc6e43bcdcba86d,gis_2025_q4,GIS,"General Mills, Inc.",2025,Q4,audio,official_ir_webcast,https://investors.generalmills.com/,investors.generalmills.com,safe_to_download,true,true,false,false,Keith user-authorized acquisition for Signal Engine 2.0 assessment on 2026-05-24,Keith,2026-05-24T23:38:11+00:00,,,,sha256:51bed694ea3a9877a87a6c8ad611ed8f80e805d789171ddfa4b7b0a5d4d2e3bf,
src_db242c3089710be0b,hsy_2025_q4,HSY,The Hershey Company,2025,Q4,transcript,official_ir_transcript,https://www.thehersheycompany.com/en_us/investors.html,www.thehersheycompany.com,safe_to_download,true,true,false,false,Keith user-authorized acquisition for Signal Engine 2.0 assessment on 2026-05-24,Keith,2026-05-24T23:38:11+00:00,,,,sha256:cb591eb825aa7649b2e4717839cc699acd800c6102e7fbd72aca3b8787f15800,
src_550a641382094caea,hsy_2025_q4,HSY,The Hershey Company,2025,Q4,audio,official_ir_webcast,https://www.thehersheycompany.com/en_us/investors.html,www.thehersheycompany.com,safe_to_download,true,true,false,false,Keith user-authorized acquisition for Signal Engine 2.0 assessment on 2026-05-24,Keith,2026-05-24T23:38:11+00:00,,,,sha256:838045f0999e6c1ba2d0def9151496a70e38478a90898e6edba29900842e41cf,
src_44ea06575868ed134,t_2025_q4,T,AT&T Inc.,2025,Q4,transcript,official_ir_transcript,https://investors.att.com/,investors.att.com,safe_to_download,true,true,false,false,Keith user-authorized acquisition for Signal Engine 2.0 assessment on 2026-05-24,Keith,2026-05-24T23:38:11+00:00,,,,sha256:4f7e4e529395e24857f89effb355ade59879e9e3cb50516fa70ce8883d6f404a,
src_29c37cf2ffdeac60f,t_2025_q4,T,AT&T Inc.,2025,Q4,audio,official_ir_webcast,https://investors.att.com/,investors.att.com,safe_to_download,true,true,false,false,Keith user-authorized acquisition for Signal Engine 2.0 assessment on 2026-05-24,Keith,2026-05-24T23:38:11+00:00,,,,sha256:86c740f00e7004c7ca5a0a5a4e4c71aae10d760fa621c74d90e358c8a01674ef,
src_acb191ab3ebbfd985,vz_2025_q4,VZ,Verizon Communications Inc.,2025,Q4,transcript,official_ir_transcript,https://www.verizon.com/about/investors,www.verizon.com,safe_to_download,true,true,false,false,Keith user-authorized acquisition for Signal Engine 2.0 assessment on 2026-05-24,Keith,2026-05-24T23:38:11+00:00,,,,sha256:e75a6d18a7cb68d1377814d6813e410504c6f3a5db2618ecc5b207f40dfbeea7,
src_94c2d39628f20bacc,vz_2025_q4,VZ,Verizon Communications Inc.,2025,Q4,audio,official_ir_webcast,https://www.verizon.com/about/investors,www.verizon.com,safe_to_download,true,true,false,false,Keith user-authorized acquisition for Signal Engine 2.0 assessment on 2026-05-24,Keith,2026-05-24T23:38:11+00:00,,,,sha256:50d9dab6d7bba61b643e93338016effe30966c61bffb757cfa2e25b197810c7a,
src_e879c0eee6b41cbb0,ibm_2025_q4,IBM,International Business Machines Corporation,2025,Q4,transcript,official_ir_transcript,https://www.ibm.com/investor,www.ibm.com,safe_to_download,true,true,false,false,Keith user-authorized acquisition for Signal Engine 2.0 assessment on 2026-05-24,Keith,2026-05-24T23:38:11+00:00,,,,sha256:74805c93d445090d682c365728a26c386cccb1b2dea331b72b07cb49e259196a,
src_ea007b6f34dd9decc,ibm_2025_q4,IBM,International Business Machines Corporation,2025,Q4,audio,official_ir_webcast,https://www.ibm.com/investor,www.ibm.com,safe_to_download,true,true,false,false,Keith user-authorized acquisition for Signal Engine 2.0 assessment on 2026-05-24,Keith,2026-05-24T23:38:11+00:00,,,,sha256:add1c07769f2892b055d02cc61e7376ab894c7babf032d2d69a303346b33f007,
src_dde94f6246d10bce0,orcl_2025_q4,ORCL,Oracle Corporation,2025,Q4,transcript,official_ir_transcript,https://investor.oracle.com/,investor.oracle.com,safe_to_download,true,true,false,false,Keith user-authorized acquisition for Signal Engine 2.0 assessment on 2026-05-24,Keith,2026-05-24T23:38:11+00:00,,,,sha256:8ca3dc04a471717629ef821ad318856704f3a91db1573aa3212ad459acff8e83,
src_7ad466e156bd4559f,orcl_2025_q4,ORCL,Oracle Corporation,2025,Q4,audio,official_ir_webcast,https://investor.oracle.com/,investor.oracle.com,safe_to_download,true,true,false,false,Keith user-authorized acquisition for Signal Engine 2.0 assessment on 2026-05-24,Keith,2026-05-24T23:38:11+00:00,,,,sha256:f744c158013cd8ccc19d9f73a961b8383e1a01b37a50fcd5fc3edafdb8018b2e,
src_1496046c3722e017c,crm_2025_q4,CRM,"Salesforce, Inc.",2025,Q4,transcript,official_ir_transcript,https://investor.salesforce.com/,investor.salesforce.com,safe_to_download,true,true,false,false,Keith user-authorized acquisition for Signal Engine 2.0 assessment on 2026-05-24,Keith,2026-05-24T23:38:11+00:00,,,,sha256:a9955534b577f4364c575bcf0a93cf9795db27d830459b4fd2a31f0e48ad02b5,
src_f0d16db55975195b4,crm_2025_q4,CRM,"Salesforce, Inc.",2025,Q4,audio,official_ir_webcast,https://investor.salesforce.com/,investor.salesforce.com,safe_to_download,true,true,false,false,Keith user-authorized acquisition for Signal Engine 2.0 assessment on 2026-05-24,Keith,2026-05-24T23:38:11+00:00,,,,sha256:e23443da79e48ac2ba1d3626ce0c832b1c6f8a05af46a14cdd757e1db29e2a0d,
src_54c324a0295bd40ca,now_2025_q4,NOW,"ServiceNow, Inc.",2025,Q4,transcript,official_ir_transcript,https://investors.servicenow.com/,investors.servicenow.com,safe_to_download,true,true,false,false,Keith user-authorized acquisition for Signal Engine 2.0 assessment on 2026-05-24,Keith,2026-05-24T23:38:11+00:00,,,,sha256:bd1af7a2c7b7fb1a4285f6daaa2e933ffab69a4a03b24135174d33d3ce66f00d,
src_37f5a13b4e7c9b960,now_2025_q4,NOW,"ServiceNow, Inc.",2025,Q4,audio,official_ir_webcast,https://investors.servicenow.com/,investors.servicenow.com,safe_to_download,true,true,false,false,Keith user-authorized acquisition for Signal Engine 2.0 assessment on 2026-05-24,Keith,2026-05-24T23:38:11+00:00,,,,sha256:26f58e03435e5c015d74b7ab09d9c169ca729d8bdb31290099b0dd5e5043846a,
src_34ed6d3f0efa8303c,acn_2025_q4,ACN,Accenture plc,2025,Q4,transcript,official_ir_transcript,https://investor.accenture.com/,investor.accenture.com,safe_to_download,true,true,false,false,Keith user-authorized acquisition for Signal Engine 2.0 assessment on 2026-05-24,Keith,2026-05-24T23:38:11+00:00,,,,sha256:0024a7b811b58a293109e3294cb593642339f0f9f280fd42953854ac418a4ef5,
src_94849a496f46f17fe,acn_2025_q4,ACN,Accenture plc,2025,Q4,audio,official_ir_webcast,https://investor.accenture.com/,investor.accenture.com,safe_to_download,true,true,false,false,Keith user-authorized acquisition for Signal Engine 2.0 assessment on 2026-05-24,Keith,2026-05-24T23:38:11+00:00,,,,sha256:0c9558334e5dfe2d22215489624d988f0904fdf85c566d96c149508f04d59e7a,
src_d00e551b217647ec1,dell_2025_q4,DELL,Dell Technologies Inc.,2025,Q4,transcript,official_ir_transcript,https://investors.delltechnologies.com/,investors.delltechnologies.com,safe_to_download,true,true,false,false,Keith user-authorized acquisition for Signal Engine 2.0 assessment on 2026-05-24,Keith,2026-05-24T23:38:11+00:00,,,,sha256:8821b70a9fb0d3bf3b640d7c44bd1395aad5eb746b965ee07c662de93136ff19,
src_0d4aa033acecf8b63,dell_2025_q4,DELL,Dell Technologies Inc.,2025,Q4,audio,official_ir_webcast,https://investors.delltechnologies.com/,investors.delltechnologies.com,safe_to_download,true,true,false,false,Keith user-authorized acquisition for Signal Engine 2.0 assessment on 2026-05-24,Keith,2026-05-24T23:38:11+00:00,,,,sha256:f7ab595a5a2209ccf2a1acc6ea2be9a319120fd0cb58bc7563a909ec92e82090,
src_b0d6e1b09a02de3a5,hpq_2025_q4,HPQ,HP Inc.,2025,Q4,transcript,official_ir_transcript,https://investor.hp.com/,investor.hp.com,safe_to_download,true,true,false,false,Keith user-authorized acquisition for Signal Engine 2.0 assessment on 2026-05-24,Keith,2026-05-24T23:38:11+00:00,,,,sha256:92a7835e20dd0abe14ffedeb541a35c29b8f67c1b4177ccf4f30a6c771fbdc2b,
src_edbb3554e19b0fa8c,hpq_2025_q4,HPQ,HP Inc.,2025,Q4,audio,official_ir_webcast,https://investor.hp.com/,investor.hp.com,safe_to_download,true,true,false,false,Keith user-authorized acquisition for Signal Engine 2.0 assessment on 2026-05-24,Keith,2026-05-24T23:38:11+00:00,,,,sha256:667589bf63aa2b41d8e1dcb8b695a47e8e2a44bc653efcce8868124cf26169d0,
src_81a756b34f67ab503,net_2025_q4,NET,"Cloudflare, Inc.",2025,Q4,transcript,official_ir_transcript,https://cloudflare.net/news-and-events/events-and-presentations,cloudflare.net,safe_to_download,true,true,false,false,Keith user-authorized acquisition for Signal Engine 2.0 assessment on 2026-05-24,Keith,2026-05-24T23:38:11+00:00,,,,sha256:1cb0afcb2fb2bbd751d8185e5dbd9fbfdad9293de98e61289eefaf2c9023abd6,
src_4d5fb77bc7b635919,net_2025_q4,NET,"Cloudflare, Inc.",2025,Q4,audio,official_ir_webcast,https://cloudflare.net/news-and-events/events-and-presentations,cloudflare.net,safe_to_download,true,true,false,false,Keith user-authorized acquisition for Signal Engine 2.0 assessment on 2026-05-24,Keith,2026-05-24T23:38:11+00:00,,,,sha256:96af0ec7e416eabc44410e1f8313327f2f01cd903fba743ff6e6e0c1ccd0dea2,
src_00107e4dfa26263be,snow_2025_q4,SNOW,Snowflake Inc.,2025,Q4,transcript,official_ir_transcript,https://investors.snowflake.com/,investors.snowflake.com,safe_to_download,true,true,false,false,Keith user-authorized acquisition for Signal Engine 2.0 assessment on 2026-05-24,Keith,2026-05-24T23:38:11+00:00,,,,sha256:40f97838a91e53e75e3dba1cac71b1f062b64f31cdc1aff4ffa8c1e54d4bcd17,
src_b32e762efd02cb639,snow_2025_q4,SNOW,Snowflake Inc.,2025,Q4,audio,official_ir_webcast,https://investors.snowflake.com/,investors.snowflake.com,safe_to_download,true,true,false,false,Keith user-authorized acquisition for Signal Engine 2.0 assessment on 2026-05-24,Keith,2026-05-24T23:38:11+00:00,,,,sha256:6cf4ed31fb9f99aad03edff9b0de5861d045a03f4efd85c66bacb66c879cd970,
src_c7844fa5ea5ebe4c2,jpm_2024_q4,JPM,JPMorgan Chase & Co.,2024,Q4,transcript,official_ir_transcript,https://www.jpmorganchase.com/ir,www.jpmorganchase.com,safe_to_download,true,true,false,false,Keith user-authorized acquisition for Signal Engine 2.0 assessment on 2026-05-24,Keith,2026-05-24T23:38:11+00:00,,,,sha256:ca9b1da96aa5464dab7d8bc2df81a54ab1379a46d66e57f6510f15f1245c26ae,
src_1531d8648eca53e4b,jpm_2024_q4,JPM,JPMorgan Chase & Co.,2024,Q4,audio,official_ir_webcast,https://www.jpmorganchase.com/ir,www.jpmorganchase.com,safe_to_download,true,true,false,false,Keith user-authorized acquisition for Signal Engine 2.0 assessment on 2026-05-24,Keith,2026-05-24T23:38:11+00:00,,,,sha256:6e78d7e6d03c62c8e0755372827aee5440261c2eb62004f6d49d56825032dc2b,
src_785e1f491b7061ea9,bac_2024_q4,BAC,Bank of America Corporation,2024,Q4,transcript,official_ir_transcript,https://investor.bankofamerica.com/,investor.bankofamerica.com,safe_to_download,true,true,false,false,Keith user-authorized acquisition for Signal Engine 2.0 assessment on 2026-05-24,Keith,2026-05-24T23:38:11+00:00,,,,sha256:495a98d9bef5020f7754df9ee14b8a3f72cdeee9f945f600c9dba6b8db427e60,
src_1769854b2b14f9201,bac_2024_q4,BAC,Bank of America Corporation,2024,Q4,audio,official_ir_webcast,https://investor.bankofamerica.com/,investor.bankofamerica.com,safe_to_download,true,true,false,false,Keith user-authorized acquisition for Signal Engine 2.0 assessment on 2026-05-24,Keith,2026-05-24T23:38:11+00:00,,,,sha256:8513ab5e6b7809487f3b2016cf9261b52e8b33b909e8883dc44eeade0f588519,
src_c8658e26009d26d29,c_2024_q4,C,Citigroup Inc.,2024,Q4,transcript,official_ir_transcript,https://www.citigroup.com/global/investors,www.citigroup.com,safe_to_download,true,true,false,false,Keith user-authorized acquisition for Signal Engine 2.0 assessment on 2026-05-24,Keith,2026-05-24T23:38:11+00:00,,,,sha256:9961aa198838e0b9bea02d400fb17ffd5475740d780f964aabc462c688955607,
src_2ee34ddaf8366ab73,c_2024_q4,C,Citigroup Inc.,2024,Q4,audio,official_ir_webcast,https://www.citigroup.com/global/investors,www.citigroup.com,safe_to_download,true,true,false,false,Keith user-authorized acquisition for Signal Engine 2.0 assessment on 2026-05-24,Keith,2026-05-24T23:38:11+00:00,,,,sha256:2b0e08342cbea0b70bd1b61ca3838fc54038e444f2412bd0b29b740dcdd3ec1e,
src_1a906bf1a2bf4d5d6,wfc_2024_q4,WFC,Wells Fargo & Company,2024,Q4,transcript,official_ir_transcript,https://www.wellsfargo.com/about/investor-relations/,www.wellsfargo.com,safe_to_download,true,true,false,false,Keith user-authorized acquisition for Signal Engine 2.0 assessment on 2026-05-24,Keith,2026-05-24T23:38:11+00:00,,,,sha256:56710a8f68579ea7177908953923a98b2ce1a719a989176f0134f7eb30678874,
src_1d2a96fe97d0c6aa5,wfc_2024_q4,WFC,Wells Fargo & Company,2024,Q4,audio,official_ir_webcast,https://www.wellsfargo.com/about/investor-relations/,www.wellsfargo.com,safe_to_download,true,true,false,false,Keith user-authorized acquisition for Signal Engine 2.0 assessment on 2026-05-24,Keith,2026-05-24T23:38:11+00:00,,,,sha256:1bab5fb803007e081968302de10149575970e3dfd7ad44ef94463fedece5309b,
src_b3218b5dfec9b024f,gs_2024_q4,GS,"The Goldman Sachs Group, Inc.",2024,Q4,transcript,official_ir_transcript,https://www.goldmansachs.com/investor-relations/,www.goldmansachs.com,safe_to_download,true,true,false,false,Keith user-authorized acquisition for Signal Engine 2.0 assessment on 2026-05-24,Keith,2026-05-24T23:38:11+00:00,,,,sha256:580b05b158aebc265aa3e4561de652625336ccd9f09514d744e1aac3d6706848,
src_d1d1b5053f4891d7a,gs_2024_q4,GS,"The Goldman Sachs Group, Inc.",2024,Q4,audio,official_ir_webcast,https://www.goldmansachs.com/investor-relations/,www.goldmansachs.com,safe_to_download,true,true,false,false,Keith user-authorized acquisition for Signal Engine 2.0 assessment on 2026-05-24,Keith,2026-05-24T23:38:11+00:00,,,,sha256:3ba1a8c3f674a47e1812f3aefbec58893b7bcdc352618e0be67e32c26bcf00c2,
src_35e0b7576be8d9c8a,ms_2024_q4,MS,Morgan Stanley,2024,Q4,transcript,official_ir_transcript,https://www.morganstanley.com/about-us-ir,www.morganstanley.com,safe_to_download,true,true,false,false,Keith user-authorized acquisition for Signal Engine 2.0 assessment on 2026-05-24,Keith,2026-05-24T23:38:11+00:00,,,,sha256:fdadb53637f94be0c510bab9be344192a0cebcd65e871170ed1dc722b450f1c2,
src_a9041d3ed38860a40,ms_2024_q4,MS,Morgan Stanley,2024,Q4,audio,official_ir_webcast,https://www.morganstanley.com/about-us-ir,www.morganstanley.com,safe_to_download,true,true,false,false,Keith user-authorized acquisition for Signal Engine 2.0 assessment on 2026-05-24,Keith,2026-05-24T23:38:11+00:00,,,,sha256:966b8875c1edba5859a207f9e937c1e26c0ac8db6019125445e313471008c3b0,
src_5f7ee0e667bbc65e5,bk_2024_q4,BK,The Bank of New York Mellon Corporation,2024,Q4,transcript,official_ir_transcript,https://www.bny.com/corporate/global/en/investor-relations.html,www.bny.com,safe_to_download,true,true,false,false,Keith user-authorized acquisition for Signal Engine 2.0 assessment on 2026-05-24,Keith,2026-05-24T23:38:11+00:00,,,,sha256:829d404da1efb3e72837bcb4931d9cec59166d76af660e32216056b0355dd7e2,
src_db95cf008166b2496,bk_2024_q4,BK,The Bank of New York Mellon Corporation,2024,Q4,audio,official_ir_webcast,https://www.bny.com/corporate/global/en/investor-relations.html,www.bny.com,safe_to_download,true,true,false,false,Keith user-authorized acquisition for Signal Engine 2.0 assessment on 2026-05-24,Keith,2026-05-24T23:38:11+00:00,,,,sha256:563bb06e90f46602a047c0997aa6d2981ab72a529c26ed75d9197804419f496b,
src_80157ce17a455b4a8,stt_2024_q4,STT,State Street Corporation,2024,Q4,transcript,official_ir_transcript,https://investors.statestreet.com/,investors.statestreet.com,safe_to_download,true,true,false,false,Keith user-authorized acquisition for Signal Engine 2.0 assessment on 2026-05-24,Keith,2026-05-24T23:38:11+00:00,,,,sha256:4209c7372383cb1ac0b0173102682d3a669b26b10cb01388b7e5db828c9bf21f,
src_b147c65b37ba71572,stt_2024_q4,STT,State Street Corporation,2024,Q4,audio,official_ir_webcast,https://investors.statestreet.com/,investors.statestreet.com,safe_to_download,true,true,false,false,Keith user-authorized acquisition for Signal Engine 2.0 assessment on 2026-05-24,Keith,2026-05-24T23:38:11+00:00,,,,sha256:49cc0977434bc51ed9b2718df4c30a1632af3375bf29e6da25210805e3952e9e,
src_df0b545f2d2a2764f,usb_2024_q4,USB,U.S. Bancorp,2024,Q4,transcript,official_ir_transcript,https://ir.usbank.com/,ir.usbank.com,safe_to_download,true,true,false,false,Keith user-authorized acquisition for Signal Engine 2.0 assessment on 2026-05-24,Keith,2026-05-24T23:38:11+00:00,,,,sha256:e5cd315a8e2857b4fcebbb413fe91dd870481cadaac3ff8ccb891ded442783a3,
src_d411ac98a45802ec9,usb_2024_q4,USB,U.S. Bancorp,2024,Q4,audio,official_ir_webcast,https://ir.usbank.com/,ir.usbank.com,safe_to_download,true,true,false,false,Keith user-authorized acquisition for Signal Engine 2.0 assessment on 2026-05-24,Keith,2026-05-24T23:38:11+00:00,,,,sha256:a6cf6a23f4a56890ef14c2a3b605e55f64e3d4e45ea49e8fc547e0b5a75c9329,
src_f0967ac7eb017d4f6,pnc_2024_q4,PNC,"The PNC Financial Services Group, Inc.",2024,Q4,transcript,official_ir_transcript,https://investor.pnc.com/,investor.pnc.com,safe_to_download,true,true,false,false,Keith user-authorized acquisition for Signal Engine 2.0 assessment on 2026-05-24,Keith,2026-05-24T23:38:11+00:00,,,,sha256:ce65e8c7bc514bd914a87a9a2344c373fc893cab39ddc420ab001b0ba6336f77,
src_9535645b190be5c78,pnc_2024_q4,PNC,"The PNC Financial Services Group, Inc.",2024,Q4,audio,official_ir_webcast,https://investor.pnc.com/,investor.pnc.com,safe_to_download,true,true,false,false,Keith user-authorized acquisition for Signal Engine 2.0 assessment on 2026-05-24,Keith,2026-05-24T23:38:11+00:00,,,,sha256:c1393155ce7e94a9700cebbb5fdc37d6d15e9e36d07452e93a963a6b336a8aa0,
src_40da5f1fd32df9df4,tfc_2024_q4,TFC,Truist Financial Corporation,2024,Q4,transcript,official_ir_transcript,https://ir.truist.com/,ir.truist.com,safe_to_download,true,true,false,false,Keith user-authorized acquisition for Signal Engine 2.0 assessment on 2026-05-24,Keith,2026-05-24T23:38:11+00:00,,,,sha256:c4bd7a43f471ff58042c4f2a27e88d5c6bcbbe25e79e2dc6d3887c475b80f24d,
src_aab153da2ff4aea86,tfc_2024_q4,TFC,Truist Financial Corporation,2024,Q4,audio,official_ir_webcast,https://ir.truist.com/,ir.truist.com,safe_to_download,true,true,false,false,Keith user-authorized acquisition for Signal Engine 2.0 assessment on 2026-05-24,Keith,2026-05-24T23:38:11+00:00,,,,sha256:6b60b416d0a4984e02ce95c565bd3f22cd91560502acfed35b411db5f36ab353,
src_6e80325874149635e,cof_2024_q4,COF,Capital One Financial Corporation,2024,Q4,transcript,official_ir_transcript,https://investor.capitalone.com/,investor.capitalone.com,safe_to_download,true,true,false,false,Keith user-authorized acquisition for Signal Engine 2.0 assessment on 2026-05-24,Keith,2026-05-24T23:38:11+00:00,,,,sha256:741159b76c89f73875357cb6a83876de23ce043bfb196a64646c3dd1bea2fc58,
src_6751467d9f918f640,cof_2024_q4,COF,Capital One Financial Corporation,2024,Q4,audio,official_ir_webcast,https://investor.capitalone.com/,investor.capitalone.com,safe_to_download,true,true,false,false,Keith user-authorized acquisition for Signal Engine 2.0 assessment on 2026-05-24,Keith,2026-05-24T23:38:11+00:00,,,,sha256:8e4447f5249ff3d87c5c4e2418e0653f3658ba5845095b9116699870438005a1,
src_c29f69d0029b8bc65,axp_2024_q4,AXP,American Express Company,2024,Q4,transcript,official_ir_transcript,https://ir.americanexpress.com/,ir.americanexpress.com,safe_to_download,true,true,false,false,Keith user-authorized acquisition for Signal Engine 2.0 assessment on 2026-05-24,Keith,2026-05-24T23:38:11+00:00,,,,sha256:06214e4b39f77a389e64d6080c7f0e07eb420ec5f24b7362b8e1d3cd4e8f2b2c,
src_0163f0c5f2b5ca8b9,axp_2024_q4,AXP,American Express Company,2024,Q4,audio,official_ir_webcast,https://ir.americanexpress.com/,ir.americanexpress.com,safe_to_download,true,true,false,false,Keith user-authorized acquisition for Signal Engine 2.0 assessment on 2026-05-24,Keith,2026-05-24T23:38:11+00:00,,,,sha256:bc9fe76377eec43a1eb3c26feb91567a70b4d7d99491e394ab81f7e557e5b08d,
src_276c5b82dc2ef95d8,v_2024_q4,V,Visa Inc.,2024,Q4,transcript,official_ir_transcript,https://investor.visa.com/,investor.visa.com,safe_to_download,true,true,false,false,Keith user-authorized acquisition for Signal Engine 2.0 assessment on 2026-05-24,Keith,2026-05-24T23:38:11+00:00,,,,sha256:12d7547b6865a9864637d077c07379783f3bd476d2885cdbb5f50370b2ca0067,
src_98667a4430b211830,v_2024_q4,V,Visa Inc.,2024,Q4,audio,official_ir_webcast,https://investor.visa.com/,investor.visa.com,safe_to_download,true,true,false,false,Keith user-authorized acquisition for Signal Engine 2.0 assessment on 2026-05-24,Keith,2026-05-24T23:38:11+00:00,,,,sha256:9f08f4e2f21a2d4d723e6f52993ba1a13997a03d63ef52715e52ad3bf4c04dd1,
src_cab20edd13582bcb6,ma_2024_q4,MA,Mastercard Incorporated,2024,Q4,transcript,official_ir_transcript,https://investor.mastercard.com/,investor.mastercard.com,safe_to_download,true,true,false,false,Keith user-authorized acquisition for Signal Engine 2.0 assessment on 2026-05-24,Keith,2026-05-24T23:38:11+00:00,,,,sha256:1ab7bd47a5dad032fb730aba2dbb0048f96362f3fcdc67f8a77ee3c159e9966d,
src_ef0d90d818299580f,ma_2024_q4,MA,Mastercard Incorporated,2024,Q4,audio,official_ir_webcast,https://investor.mastercard.com/,investor.mastercard.com,safe_to_download,true,true,false,false,Keith user-authorized acquisition for Signal Engine 2.0 assessment on 2026-05-24,Keith,2026-05-24T23:38:11+00:00,,,,sha256:2614c5ba1cb1b8378ba99042c9f652e30a7fe31f43b055b9a91a745c63fe204f,
src_4adecc6afc933a0f2,fis_2024_q4,FIS,"Fidelity National Information Services, Inc.",2024,Q4,transcript,official_ir_transcript,https://investor.fisglobal.com/,investor.fisglobal.com,safe_to_download,true,true,false,false,Keith user-authorized acquisition for Signal Engine 2.0 assessment on 2026-05-24,Keith,2026-05-24T23:38:11+00:00,,,,sha256:3ce36848ea129ba7448439c55176d89d67793dca4e0e10886aafa8569036c71c,
src_1b6943cfa8c2cfa4f,fis_2024_q4,FIS,"Fidelity National Information Services, Inc.",2024,Q4,audio,official_ir_webcast,https://investor.fisglobal.com/,investor.fisglobal.com,safe_to_download,true,true,false,false,Keith user-authorized acquisition for Signal Engine 2.0 assessment on 2026-05-24,Keith,2026-05-24T23:38:11+00:00,,,,sha256:e5ae5e9e216adfc8358fba078dff754d330ff58a671fd0470ca42b1b3a073b46,
src_b97a1956b1c1279b4,gpn_2024_q4,GPN,Global Payments Inc.,2024,Q4,transcript,official_ir_transcript,https://investors.globalpayments.com/,investors.globalpayments.com,safe_to_download,true,true,false,false,Keith user-authorized acquisition for Signal Engine 2.0 assessment on 2026-05-24,Keith,2026-05-24T23:38:11+00:00,,,,sha256:4760fc62fdcf24467adf7bcb2564e9e0b6ace8e48f2b2c0fbe0b33649c8dc553,
src_a84acce56f4e4bf5c,gpn_2024_q4,GPN,Global Payments Inc.,2024,Q4,audio,official_ir_webcast,https://investors.globalpayments.com/,investors.globalpayments.com,safe_to_download,true,true,false,false,Keith user-authorized acquisition for Signal Engine 2.0 assessment on 2026-05-24,Keith,2026-05-24T23:38:11+00:00,,,,sha256:ab0e406d7418db6dcbc9a81964a132e7606cc8da06fcb7e1ea69bf5555dd68fd,
src_442c013715f85e880,blk_2024_q4,BLK,"BlackRock, Inc.",2024,Q4,transcript,official_ir_transcript,https://ir.blackrock.com/,ir.blackrock.com,safe_to_download,true,true,false,false,Keith user-authorized acquisition for Signal Engine 2.0 assessment on 2026-05-24,Keith,2026-05-24T23:38:11+00:00,,,,sha256:dca86a4673c53dce8a87ec51032c7cbd157eb8be32ca3c2744bab02ebbb47dba,
src_6354a2fe3058280d8,blk_2024_q4,BLK,"BlackRock, Inc.",2024,Q4,audio,official_ir_webcast,https://ir.blackrock.com/,ir.blackrock.com,safe_to_download,true,true,false,false,Keith user-authorized acquisition for Signal Engine 2.0 assessment on 2026-05-24,Keith,2026-05-24T23:38:11+00:00,,,,sha256:7133cc05617e935b815f3d570c5300d08c1068bb919da137d89b084abecdddb1,
src_48cf3bb4ed90db958,bx_2024_q4,BX,Blackstone Inc.,2024,Q4,transcript,official_ir_transcript,https://ir.blackstone.com/,ir.blackstone.com,safe_to_download,true,true,false,false,Keith user-authorized acquisition for Signal Engine 2.0 assessment on 2026-05-24,Keith,2026-05-24T23:38:11+00:00,,,,sha256:612655af46d0c1b5523b3d8e164eaf439110e921b823f378969232e7e6c4d37d,
src_cc53029002dc0fa44,bx_2024_q4,BX,Blackstone Inc.,2024,Q4,audio,official_ir_webcast,https://ir.blackstone.com/,ir.blackstone.com,safe_to_download,true,true,false,false,Keith user-authorized acquisition for Signal Engine 2.0 assessment on 2026-05-24,Keith,2026-05-24T23:38:11+00:00,,,,sha256:cadb825e843068a913b53819e083a1b49e367b1bcceb6fb100c6bae3681c7494,
src_0a5a6d69e3baad3a0,schw_2024_q4,SCHW,The Charles Schwab Corporation,2024,Q4,transcript,official_ir_transcript,https://www.aboutschwab.com/investor-relations,www.aboutschwab.com,safe_to_download,true,true,false,false,Keith user-authorized acquisition for Signal Engine 2.0 assessment on 2026-05-24,Keith,2026-05-24T23:38:11+00:00,,,,sha256:0321ff1d493b028260caa0d2f635335b6865e0adb6d9a335c96ab0daad1e4bd1,
src_0adb8e18acf8c488d,schw_2024_q4,SCHW,The Charles Schwab Corporation,2024,Q4,audio,official_ir_webcast,https://www.aboutschwab.com/investor-relations,www.aboutschwab.com,safe_to_download,true,true,false,false,Keith user-authorized acquisition for Signal Engine 2.0 assessment on 2026-05-24,Keith,2026-05-24T23:38:11+00:00,,,,sha256:49dd8716aa4b42d4f882d188822b7ac95149be11d5aba9d67a7b064fec1c5916,
src_7a626e14ba8e32cb6,ice_2024_q4,ICE,"Intercontinental Exchange, Inc.",2024,Q4,transcript,official_ir_transcript,https://ir.theice.com/,ir.theice.com,safe_to_download,true,true,false,false,Keith user-authorized acquisition for Signal Engine 2.0 assessment on 2026-05-24,Keith,2026-05-24T23:38:11+00:00,,,,sha256:900c12144d2cf8a31d5f7ecf48ca0a885b419fcee295a097397aacd832461ffd,
src_97b04ad4d6e084fce,ice_2024_q4,ICE,"Intercontinental Exchange, Inc.",2024,Q4,audio,official_ir_webcast,https://ir.theice.com/,ir.theice.com,safe_to_download,true,true,false,false,Keith user-authorized acquisition for Signal Engine 2.0 assessment on 2026-05-24,Keith,2026-05-24T23:38:11+00:00,,,,sha256:04aba9825c625a96434dc8cdf3c345cf659b4df853a92dafd46cc49715eaa977,
src_f26c5a830e38d853f,spgi_2024_q4,SPGI,S&P Global Inc.,2024,Q4,transcript,official_ir_transcript,https://investor.spglobal.com/,investor.spglobal.com,safe_to_download,true,true,false,false,Keith user-authorized acquisition for Signal Engine 2.0 assessment on 2026-05-24,Keith,2026-05-24T23:38:11+00:00,,,,sha256:79dd1f48f0cd2e306400a0e5306581f27b9d9feeedca25923a4c7fb01e639895,
src_efa6e149a2e2e6d20,spgi_2024_q4,SPGI,S&P Global Inc.,2024,Q4,audio,official_ir_webcast,https://investor.spglobal.com/,investor.spglobal.com,safe_to_download,true,true,false,false,Keith user-authorized acquisition for Signal Engine 2.0 assessment on 2026-05-24,Keith,2026-05-24T23:38:11+00:00,,,,sha256:5a13a11d243afc22a5aa461df071550e518d2a151a4e48a5587d7d5b9fca5f13,
src_3669f7424adbcfa80,mco_2024_q4,MCO,Moody's Corporation,2024,Q4,transcript,official_ir_transcript,https://ir.moodys.com/,ir.moodys.com,safe_to_download,true,true,false,false,Keith user-authorized acquisition for Signal Engine 2.0 assessment on 2026-05-24,Keith,2026-05-24T23:38:11+00:00,,,,sha256:341ab7f6811ff500b9b192e48c932a6c59a9e581c9c60df4ac0fb85cb4037211,
src_d613283920edf8664,mco_2024_q4,MCO,Moody's Corporation,2024,Q4,audio,official_ir_webcast,https://ir.moodys.com/,ir.moodys.com,safe_to_download,true,true,false,false,Keith user-authorized acquisition for Signal Engine 2.0 assessment on 2026-05-24,Keith,2026-05-24T23:38:11+00:00,,,,sha256:a60dc1cc2ce43ae206d9f042973cade542f81ec65f308646f1a1407399bc755f,
src_308033eb5c2705bc5,aon_2024_q4,AON,Aon plc,2024,Q4,transcript,official_ir_transcript,https://investors.aon.com/,investors.aon.com,safe_to_download,true,true,false,false,Keith user-authorized acquisition for Signal Engine 2.0 assessment on 2026-05-24,Keith,2026-05-24T23:38:11+00:00,,,,sha256:d458f8cf2a09cf665681226da38e36a6f584365d0894906f8c1bf3bf9fc0fc2e,
src_e40a8012d62d91892,aon_2024_q4,AON,Aon plc,2024,Q4,audio,official_ir_webcast,https://investors.aon.com/,investors.aon.com,safe_to_download,true,true,false,false,Keith user-authorized acquisition for Signal Engine 2.0 assessment on 2026-05-24,Keith,2026-05-24T23:38:11+00:00,,,,sha256:d96d36b8aeedd54ce6db3394f454c6a3d61af89f4cfca6a382840023b41b358b,
src_99b135990f3ee4d36,aig_2024_q4,AIG,"American International Group, Inc.",2024,Q4,transcript,official_ir_transcript,https://www.aig.com/investor-relations,www.aig.com,safe_to_download,true,true,false,false,Keith user-authorized acquisition for Signal Engine 2.0 assessment on 2026-05-24,Keith,2026-05-24T23:38:11+00:00,,,,sha256:446f1d17fc85c56c99e8a3301f8b3d7a1dd91a7dbe364c96ed87da3671516089,
src_70e5876598664e78f,aig_2024_q4,AIG,"American International Group, Inc.",2024,Q4,audio,official_ir_webcast,https://www.aig.com/investor-relations,www.aig.com,safe_to_download,true,true,false,false,Keith user-authorized acquisition for Signal Engine 2.0 assessment on 2026-05-24,Keith,2026-05-24T23:38:11+00:00,,,,sha256:d165b54b94ee2845ab32150b0cadc12ddf184c05ce8b167b839ae1185fdc977c,
src_f6739989713d1063e,met_2024_q4,MET,"MetLife, Inc.",2024,Q4,transcript,official_ir_transcript,https://investor.metlife.com/,investor.metlife.com,safe_to_download,true,true,false,false,Keith user-authorized acquisition for Signal Engine 2.0 assessment on 2026-05-24,Keith,2026-05-24T23:38:11+00:00,,,,sha256:0d9d75db58a7cd4149f8abb052592ead1a53bf9cea9a2e30e3821594bcf1d333,
src_cbb4337b1835037d7,met_2024_q4,MET,"MetLife, Inc.",2024,Q4,audio,official_ir_webcast,https://investor.metlife.com/,investor.metlife.com,safe_to_download,true,true,false,false,Keith user-authorized acquisition for Signal Engine 2.0 assessment on 2026-05-24,Keith,2026-05-24T23:38:11+00:00,,,,sha256:0321da170c28b5aff649d52702ae1dbe25ba82c36906b62f692315ac72cf5072,
src_36f07fcc52314f8c8,pru_2024_q4,PRU,"Prudential Financial, Inc.",2024,Q4,transcript,official_ir_transcript,https://www.investor.prudential.com/,www.investor.prudential.com,safe_to_download,true,true,false,false,Keith user-authorized acquisition for Signal Engine 2.0 assessment on 2026-05-24,Keith,2026-05-24T23:38:11+00:00,,,,sha256:49854dc6edda6240edd30ea7fca4aebb93b8896b70e4896befc15ff42949acc3,
src_241a01cf5de0c30f1,pru_2024_q4,PRU,"Prudential Financial, Inc.",2024,Q4,audio,official_ir_webcast,https://www.investor.prudential.com/,www.investor.prudential.com,safe_to_download,true,true,false,false,Keith user-authorized acquisition for Signal Engine 2.0 assessment on 2026-05-24,Keith,2026-05-24T23:38:11+00:00,,,,sha256:1d5691b31a2e84b125ca4670cb656aea8381ab514a245f4ed8bf991024c00a0a,
src_d8b53f67aa0180479,trv_2024_q4,TRV,"The Travelers Companies, Inc.",2024,Q4,transcript,official_ir_transcript,https://investor.travelers.com/,investor.travelers.com,safe_to_download,true,true,false,false,Keith user-authorized acquisition for Signal Engine 2.0 assessment on 2026-05-24,Keith,2026-05-24T23:38:11+00:00,,,,sha256:7f3ed76429bd7cb6c19c54f848f3a963ad8f64d88393fd4d46a3af6602588ddd,
src_07b2a3009a164008c,trv_2024_q4,TRV,"The Travelers Companies, Inc.",2024,Q4,audio,official_ir_webcast,https://investor.travelers.com/,investor.travelers.com,safe_to_download,true,true,false,false,Keith user-authorized acquisition for Signal Engine 2.0 assessment on 2026-05-24,Keith,2026-05-24T23:38:11+00:00,,,,sha256:92334f5e1b732817a5480b496d0feb94cd20ae33dc7616a5b2340e0cab144adb,
src_a197a029faed11f10,cb_2024_q4,CB,Chubb Limited,2024,Q4,transcript,official_ir_transcript,https://investors.chubb.com/,investors.chubb.com,safe_to_download,true,true,false,false,Keith user-authorized acquisition for Signal Engine 2.0 assessment on 2026-05-24,Keith,2026-05-24T23:38:11+00:00,,,,sha256:b7fafe1178042bec72d83fd4771abc22575cdb67376ade228137739c3e0af083,
src_81fdc2052623cd837,cb_2024_q4,CB,Chubb Limited,2024,Q4,audio,official_ir_webcast,https://investors.chubb.com/,investors.chubb.com,safe_to_download,true,true,false,false,Keith user-authorized acquisition for Signal Engine 2.0 assessment on 2026-05-24,Keith,2026-05-24T23:38:11+00:00,,,,sha256:e2119d185a39777b5b54c35d869c3d8e2e9680a584a0c84c04e67716e480934c,
src_2f7891052640a45d6,jnj_2024_q4,JNJ,Johnson & Johnson,2024,Q4,transcript,official_ir_transcript,https://www.investor.jnj.com/,www.investor.jnj.com,safe_to_download,true,true,false,false,Keith user-authorized acquisition for Signal Engine 2.0 assessment on 2026-05-24,Keith,2026-05-24T23:38:11+00:00,,,,sha256:d8821753a071ce0e13b75136e873da5594b10239cfae15ffaf1e0fe6bcb82e55,
src_a416c6e28065ba25b,jnj_2024_q4,JNJ,Johnson & Johnson,2024,Q4,audio,official_ir_webcast,https://www.investor.jnj.com/,www.investor.jnj.com,safe_to_download,true,true,false,false,Keith user-authorized acquisition for Signal Engine 2.0 assessment on 2026-05-24,Keith,2026-05-24T23:38:11+00:00,,,,sha256:1a2ae059a1af14fd8b1bbee1d2190007dcd1ca3ffe3cfb26bbf75c4aef834289,
src_721053780cc696cdb,lly_2024_q4,LLY,Eli Lilly and Company,2024,Q4,transcript,official_ir_transcript,https://investor.lilly.com/,investor.lilly.com,safe_to_download,true,true,false,false,Keith user-authorized acquisition for Signal Engine 2.0 assessment on 2026-05-24,Keith,2026-05-24T23:38:11+00:00,,,,sha256:b5d869551bf983d98bbc704a5ed41841b9afe4da9aed46b8242b1ea76f178b37,
src_83752b2116d25f3dc,lly_2024_q4,LLY,Eli Lilly and Company,2024,Q4,audio,official_ir_webcast,https://investor.lilly.com/,investor.lilly.com,safe_to_download,true,true,false,false,Keith user-authorized acquisition for Signal Engine 2.0 assessment on 2026-05-24,Keith,2026-05-24T23:38:11+00:00,,,,sha256:790b43fe89af62295160cc980bdc368cf5adce20669c47549b8b5d197eb623c8,
src_ddadb4312f6c691e7,mrk_2024_q4,MRK,"Merck & Co., Inc.",2024,Q4,transcript,official_ir_transcript,https://www.merck.com/investor-relations/,www.merck.com,safe_to_download,true,true,false,false,Keith user-authorized acquisition for Signal Engine 2.0 assessment on 2026-05-24,Keith,2026-05-24T23:38:11+00:00,,,,sha256:d7330d5f8e71da6fe0c223063092611034570beccdc585f7cefe9d3ce5923960,
src_820be0e33bdb189d5,mrk_2024_q4,MRK,"Merck & Co., Inc.",2024,Q4,audio,official_ir_webcast,https://www.merck.com/investor-relations/,www.merck.com,safe_to_download,true,true,false,false,Keith user-authorized acquisition for Signal Engine 2.0 assessment on 2026-05-24,Keith,2026-05-24T23:38:11+00:00,,,,sha256:bca23053c3a586486140fb9ca82db3eba61ba4d6b26d5f98248a012cc2c0c6d2,
src_23fe6ab0f3d32a671,pfe_2024_q4,PFE,Pfizer Inc.,2024,Q4,transcript,official_ir_transcript,https://investors.pfizer.com/,investors.pfizer.com,safe_to_download,true,true,false,false,Keith user-authorized acquisition for Signal Engine 2.0 assessment on 2026-05-24,Keith,2026-05-24T23:38:11+00:00,,,,sha256:c2c568f70ee7db7b9c551ddb1662bfb836dda6da6ffe9e6a087a014785b464ad,
src_df4689a16b77c2eed,pfe_2024_q4,PFE,Pfizer Inc.,2024,Q4,audio,official_ir_webcast,https://investors.pfizer.com/,investors.pfizer.com,safe_to_download,true,true,false,false,Keith user-authorized acquisition for Signal Engine 2.0 assessment on 2026-05-24,Keith,2026-05-24T23:38:11+00:00,,,,sha256:fc38bfe15119ef292fd03d9e45249e6a2cd79844315e8886e2b46b0b0af6a23d,
src_0237297d411f98e8d,unh_2024_q4,UNH,UnitedHealth Group Incorporated,2024,Q4,transcript,official_ir_transcript,https://www.unitedhealthgroup.com/investors.html,www.unitedhealthgroup.com,safe_to_download,true,true,false,false,Keith user-authorized acquisition for Signal Engine 2.0 assessment on 2026-05-24,Keith,2026-05-24T23:38:11+00:00,,,,sha256:addc840763bce0f2febf1fc4eee7c942175970cc83074013919ee81d08239de0,
src_6da2bc326ff795191,unh_2024_q4,UNH,UnitedHealth Group Incorporated,2024,Q4,audio,official_ir_webcast,https://www.unitedhealthgroup.com/investors.html,www.unitedhealthgroup.com,safe_to_download,true,true,false,false,Keith user-authorized acquisition for Signal Engine 2.0 assessment on 2026-05-24,Keith,2026-05-24T23:38:11+00:00,,,,sha256:66e72fd4bd6df37fff39283c190bf1b90df77f6aa991f1d0055b803b7799cf56,
src_25a1a356772c37250,cvs_2024_q4,CVS,CVS Health Corporation,2024,Q4,transcript,official_ir_transcript,https://investors.cvshealth.com/,investors.cvshealth.com,safe_to_download,true,true,false,false,Keith user-authorized acquisition for Signal Engine 2.0 assessment on 2026-05-24,Keith,2026-05-24T23:38:11+00:00,,,,sha256:fa626453224f488308d3ed57c9fce5d3b91bdf06679f3155197c30e5cc5151b8,
src_7bf664545f9dcf4dd,cvs_2024_q4,CVS,CVS Health Corporation,2024,Q4,audio,official_ir_webcast,https://investors.cvshealth.com/,investors.cvshealth.com,safe_to_download,true,true,false,false,Keith user-authorized acquisition for Signal Engine 2.0 assessment on 2026-05-24,Keith,2026-05-24T23:38:11+00:00,,,,sha256:7485181676054c3111b462b69feef3b54ab96110fd2e1e8da16b72b05c97faf9,
src_2a5b1b3395dd8a270,abt_2024_q4,ABT,Abbott Laboratories,2024,Q4,transcript,official_ir_transcript,https://www.abbottinvestor.com/,www.abbottinvestor.com,safe_to_download,true,true,false,false,Keith user-authorized acquisition for Signal Engine 2.0 assessment on 2026-05-24,Keith,2026-05-24T23:38:11+00:00,,,,sha256:0eeb5aae006682886124f33d4e5be4fd2b70c5c23ac45ad0233ee19ae61298d4,
src_a73613fbf54059085,abt_2024_q4,ABT,Abbott Laboratories,2024,Q4,audio,official_ir_webcast,https://www.abbottinvestor.com/,www.abbottinvestor.com,safe_to_download,true,true,false,false,Keith user-authorized acquisition for Signal Engine 2.0 assessment on 2026-05-24,Keith,2026-05-24T23:38:11+00:00,,,,sha256:20b74e5037504b2356472ec6f85f3685678b252455725bc29977cacef5cbff63,
src_020fd65f4a18934d7,bmy_2024_q4,BMY,Bristol Myers Squibb Company,2024,Q4,transcript,official_ir_transcript,https://investors.bms.com/,investors.bms.com,safe_to_download,true,true,false,false,Keith user-authorized acquisition for Signal Engine 2.0 assessment on 2026-05-24,Keith,2026-05-24T23:38:11+00:00,,,,sha256:3cb7b9d8ac0fc20a6e53716759f7122ebedb7ae0ef2d28cf1f51eee661f968ae,
src_01b165fa937fb0494,bmy_2024_q4,BMY,Bristol Myers Squibb Company,2024,Q4,audio,official_ir_webcast,https://investors.bms.com/,investors.bms.com,safe_to_download,true,true,false,false,Keith user-authorized acquisition for Signal Engine 2.0 assessment on 2026-05-24,Keith,2026-05-24T23:38:11+00:00,,,,sha256:6fad57ec5807e934104805b456c2a9ec919a9d47460a910f4fec73884da851c2,
src_50dacb0750cc19848,mdt_2024_q4,MDT,Medtronic plc,2024,Q4,transcript,official_ir_transcript,https://investorrelations.medtronic.com/,investorrelations.medtronic.com,safe_to_download,true,true,false,false,Keith user-authorized acquisition for Signal Engine 2.0 assessment on 2026-05-24,Keith,2026-05-24T23:38:11+00:00,,,,sha256:35cc65eaa9338a81500f15430fb5dd9e0c2a8bfe2f6e0d9c1c2bdd6c76756086,
src_039d81795d8714d7f,mdt_2024_q4,MDT,Medtronic plc,2024,Q4,audio,official_ir_webcast,https://investorrelations.medtronic.com/,investorrelations.medtronic.com,safe_to_download,true,true,false,false,Keith user-authorized acquisition for Signal Engine 2.0 assessment on 2026-05-24,Keith,2026-05-24T23:38:11+00:00,,,,sha256:758152ded7210e800d5abc3291f877bdc944976d5861c32fffcb35efef39b28c,
src_9ea2f4c7456d2d37d,tmo_2024_q4,TMO,Thermo Fisher Scientific Inc.,2024,Q4,transcript,official_ir_transcript,https://ir.thermofisher.com/,ir.thermofisher.com,safe_to_download,true,true,false,false,Keith user-authorized acquisition for Signal Engine 2.0 assessment on 2026-05-24,Keith,2026-05-24T23:38:11+00:00,,,,sha256:481674a693baa0bb7e2991cf379c1e404d694a7e4f6f49900c80f80585e361a9,
src_090da2cad33f7a95b,tmo_2024_q4,TMO,Thermo Fisher Scientific Inc.,2024,Q4,audio,official_ir_webcast,https://ir.thermofisher.com/,ir.thermofisher.com,safe_to_download,true,true,false,false,Keith user-authorized acquisition for Signal Engine 2.0 assessment on 2026-05-24,Keith,2026-05-24T23:38:11+00:00,,,,sha256:deeb5385e8ca9a571bed64fc9df5651f7098c015621f55fa05de9e00e868e7bf,
src_a91ccee2901da50b2,dhr_2024_q4,DHR,Danaher Corporation,2024,Q4,transcript,official_ir_transcript,https://investors.danaher.com/,investors.danaher.com,safe_to_download,true,true,false,false,Keith user-authorized acquisition for Signal Engine 2.0 assessment on 2026-05-24,Keith,2026-05-24T23:38:11+00:00,,,,sha256:5e4340c2feb894b2dfd2e8f00a8870ddde664b0fa6ddba9ee77d1bbb167e81ae,
src_dc1c9f3f19ca05f02,dhr_2024_q4,DHR,Danaher Corporation,2024,Q4,audio,official_ir_webcast,https://investors.danaher.com/,investors.danaher.com,safe_to_download,true,true,false,false,Keith user-authorized acquisition for Signal Engine 2.0 assessment on 2026-05-24,Keith,2026-05-24T23:38:11+00:00,,,,sha256:bd6327e3217e59d3016de3651bb8d19230b6cd070c352b0036389435b1a5531f,
src_7ab52673f7fd3bf05,bdx_2024_q4,BDX,"Becton, Dickinson and Company",2024,Q4,transcript,official_ir_transcript,https://investors.bd.com/,investors.bd.com,safe_to_download,true,true,false,false,Keith user-authorized acquisition for Signal Engine 2.0 assessment on 2026-05-24,Keith,2026-05-24T23:38:11+00:00,,,,sha256:3506bdec907e05d53bceec5a20e8a3874fb04340d1075642d7020f39619e77bc,
src_2f25d3505cb17e1e6,bdx_2024_q4,BDX,"Becton, Dickinson and Company",2024,Q4,audio,official_ir_webcast,https://investors.bd.com/,investors.bd.com,safe_to_download,true,true,false,false,Keith user-authorized acquisition for Signal Engine 2.0 assessment on 2026-05-24,Keith,2026-05-24T23:38:11+00:00,,,,sha256:5860ef546b3eb7d254e7f689976b454738fa361d96f81670c04477b99eff477c,
src_0a7711b80cf3ecb17,ci_2024_q4,CI,The Cigna Group,2024,Q4,transcript,official_ir_transcript,https://investors.thecignagroup.com/,investors.thecignagroup.com,safe_to_download,true,true,false,false,Keith user-authorized acquisition for Signal Engine 2.0 assessment on 2026-05-24,Keith,2026-05-24T23:38:11+00:00,,,,sha256:4cc1275a6c87af5a60cf6176e77dbc5347975823505df069a9653104c20bc49a,
src_117449e5eb8f8b18e,ci_2024_q4,CI,The Cigna Group,2024,Q4,audio,official_ir_webcast,https://investors.thecignagroup.com/,investors.thecignagroup.com,safe_to_download,true,true,false,false,Keith user-authorized acquisition for Signal Engine 2.0 assessment on 2026-05-24,Keith,2026-05-24T23:38:11+00:00,,,,sha256:a666041e6ba7bf6d5072cf112f83ea5e1033db4e4d1139596209ba3b0f33f2ce,
src_5bbff7da85719f397,hca_2024_q4,HCA,"HCA Healthcare, Inc.",2024,Q4,transcript,official_ir_transcript,https://investor.hcahealthcare.com/,investor.hcahealthcare.com,safe_to_download,true,true,false,false,Keith user-authorized acquisition for Signal Engine 2.0 assessment on 2026-05-24,Keith,2026-05-24T23:38:11+00:00,,,,sha256:2a0df94561ca6272c41514625056216b0a70a22a594cd58dfac7d28bf18306d2,
src_dc1eca1b6c1a5f30d,hca_2024_q4,HCA,"HCA Healthcare, Inc.",2024,Q4,audio,official_ir_webcast,https://investor.hcahealthcare.com/,investor.hcahealthcare.com,safe_to_download,true,true,false,false,Keith user-authorized acquisition for Signal Engine 2.0 assessment on 2026-05-24,Keith,2026-05-24T23:38:11+00:00,,,,sha256:3661f1caa13af46596621712250b4388e0252662b02cf3a8cf5eda38b37bf9db,
src_8bce88993a261e20a,syk_2024_q4,SYK,Stryker Corporation,2024,Q4,transcript,official_ir_transcript,https://investors.stryker.com/,investors.stryker.com,safe_to_download,true,true,false,false,Keith user-authorized acquisition for Signal Engine 2.0 assessment on 2026-05-24,Keith,2026-05-24T23:38:11+00:00,,,,sha256:dcd9eed9d2cc8909229d1c262e5d6deeb6adb70127af5c39327132f9d5a86c21,
src_819b5f50fd681be5d,syk_2024_q4,SYK,Stryker Corporation,2024,Q4,audio,official_ir_webcast,https://investors.stryker.com/,investors.stryker.com,safe_to_download,true,true,false,false,Keith user-authorized acquisition for Signal Engine 2.0 assessment on 2026-05-24,Keith,2026-05-24T23:38:11+00:00,,,,sha256:b4c76d482a6ecf7af5e8467f98c1c193741a0c067e2238dc8a481f1368b1a387,
src_c671b024e4e2ebf31,xom_2024_q4,XOM,Exxon Mobil Corporation,2024,Q4,transcript,official_ir_transcript,https://corporate.exxonmobil.com/investors,corporate.exxonmobil.com,safe_to_download,true,true,false,false,Keith user-authorized acquisition for Signal Engine 2.0 assessment on 2026-05-24,Keith,2026-05-24T23:38:11+00:00,,,,sha256:c8b8decd1cf2e14afa8bdd675ad8b768adb247f499c5f441f3592db95e19a965,
src_0390d511beb663eb1,xom_2024_q4,XOM,Exxon Mobil Corporation,2024,Q4,audio,official_ir_webcast,https://corporate.exxonmobil.com/investors,corporate.exxonmobil.com,safe_to_download,true,true,false,false,Keith user-authorized acquisition for Signal Engine 2.0 assessment on 2026-05-24,Keith,2026-05-24T23:38:11+00:00,,,,sha256:0a31be441e5e14bc1166f40892081226501db2178a8b5b22baf839f3e8ae8cfb,
src_f27a8e74bcd9a268e,cvx_2024_q4,CVX,Chevron Corporation,2024,Q4,transcript,official_ir_transcript,https://www.chevron.com/investors,www.chevron.com,safe_to_download,true,true,false,false,Keith user-authorized acquisition for Signal Engine 2.0 assessment on 2026-05-24,Keith,2026-05-24T23:38:11+00:00,,,,sha256:0e7303af72a7de3947b84a8c5ecf3843b5dfe7becc382fb353a604cf0113f5e4,
src_95912b6ae0733da6d,cvx_2024_q4,CVX,Chevron Corporation,2024,Q4,audio,official_ir_webcast,https://www.chevron.com/investors,www.chevron.com,safe_to_download,true,true,false,false,Keith user-authorized acquisition for Signal Engine 2.0 assessment on 2026-05-24,Keith,2026-05-24T23:38:11+00:00,,,,sha256:bece25677b2b5b95629609c8539bc3d7fb66a066f5cbabc29bc828f938614ecc,
src_270f5e6df4e517e32,cop_2024_q4,COP,ConocoPhillips,2024,Q4,transcript,official_ir_transcript,https://www.conocophillips.com/investor-relations/,www.conocophillips.com,safe_to_download,true,true,false,false,Keith user-authorized acquisition for Signal Engine 2.0 assessment on 2026-05-24,Keith,2026-05-24T23:38:11+00:00,,,,sha256:ca20e91582d22922ff4e0bcea1ec7292c1121df429af438a1195508631a5236d,
src_b81f782d26afbee8b,cop_2024_q4,COP,ConocoPhillips,2024,Q4,audio,official_ir_webcast,https://www.conocophillips.com/investor-relations/,www.conocophillips.com,safe_to_download,true,true,false,false,Keith user-authorized acquisition for Signal Engine 2.0 assessment on 2026-05-24,Keith,2026-05-24T23:38:11+00:00,,,,sha256:8d44e1c214e075d2b32b91408d210968ec65eafed06b3e5dd8cfa4af08e87c06,
src_338e008a04d41efbe,slb_2024_q4,SLB,SLB,2024,Q4,transcript,official_ir_transcript,https://investorcenter.slb.com/,investorcenter.slb.com,safe_to_download,true,true,false,false,Keith user-authorized acquisition for Signal Engine 2.0 assessment on 2026-05-24,Keith,2026-05-24T23:38:11+00:00,,,,sha256:0ff5b5fa9e282f7deff5f5db4a6d7486a929136183d53db3136b40388d36cee1,
src_302c1434ea892830d,slb_2024_q4,SLB,SLB,2024,Q4,audio,official_ir_webcast,https://investorcenter.slb.com/,investorcenter.slb.com,safe_to_download,true,true,false,false,Keith user-authorized acquisition for Signal Engine 2.0 assessment on 2026-05-24,Keith,2026-05-24T23:38:11+00:00,,,,sha256:cb98b6e560ea9b2afd74fdee4238d936a7d85c5921417a2ab1aaa76b0699daf4,
src_19c34ab481896f128,hal_2024_q4,HAL,Halliburton Company,2024,Q4,transcript,official_ir_transcript,https://ir.halliburton.com/,ir.halliburton.com,safe_to_download,true,true,false,false,Keith user-authorized acquisition for Signal Engine 2.0 assessment on 2026-05-24,Keith,2026-05-24T23:38:11+00:00,,,,sha256:fd018484f1afa408596d555db94ede85d7d87ce1e28cfca5f594f7ea81ad3496,
src_3ed31c8e9c590d33a,hal_2024_q4,HAL,Halliburton Company,2024,Q4,audio,official_ir_webcast,https://ir.halliburton.com/,ir.halliburton.com,safe_to_download,true,true,false,false,Keith user-authorized acquisition for Signal Engine 2.0 assessment on 2026-05-24,Keith,2026-05-24T23:38:11+00:00,,,,sha256:0bb6bb1b1732cd5a6505f3ae93e34d9c91523afff0a7c48e32404181dd1a7460,
src_8eed694ea8c3fee11,eog_2024_q4,EOG,"EOG Resources, Inc.",2024,Q4,transcript,official_ir_transcript,https://investors.eogresources.com/,investors.eogresources.com,safe_to_download,true,true,false,false,Keith user-authorized acquisition for Signal Engine 2.0 assessment on 2026-05-24,Keith,2026-05-24T23:38:11+00:00,,,,sha256:1963afc12d244b385cdfed0559de556c8261edc323b2daa7972e451b5cad7dae,
src_117134ed164730ffd,eog_2024_q4,EOG,"EOG Resources, Inc.",2024,Q4,audio,official_ir_webcast,https://investors.eogresources.com/,investors.eogresources.com,safe_to_download,true,true,false,false,Keith user-authorized acquisition for Signal Engine 2.0 assessment on 2026-05-24,Keith,2026-05-24T23:38:11+00:00,,,,sha256:7b4a30d393715b94067a2020227749e7bc3f2f2f2c192b043cee6b4140f74e44,
src_8ccf86cf532dfbc2e,oxy_2024_q4,OXY,Occidental Petroleum Corporation,2024,Q4,transcript,official_ir_transcript,https://www.oxy.com/investors/,www.oxy.com,safe_to_download,true,true,false,false,Keith user-authorized acquisition for Signal Engine 2.0 assessment on 2026-05-24,Keith,2026-05-24T23:38:11+00:00,,,,sha256:45fb0c30903f519147a3ac10517455f64739e6de563639d0ea24fafed7b28716,
src_aaa181ac5b9937755,oxy_2024_q4,OXY,Occidental Petroleum Corporation,2024,Q4,audio,official_ir_webcast,https://www.oxy.com/investors/,www.oxy.com,safe_to_download,true,true,false,false,Keith user-authorized acquisition for Signal Engine 2.0 assessment on 2026-05-24,Keith,2026-05-24T23:38:11+00:00,,,,sha256:6d970f04ac6a2a80b388f4e62609a16a2f0d3d84ffa62633adaf1888089e05ad,
src_825f1920ab42f18f0,mpc_2024_q4,MPC,Marathon Petroleum Corporation,2024,Q4,transcript,official_ir_transcript,https://www.marathonpetroleum.com/Investors/,www.marathonpetroleum.com,safe_to_download,true,true,false,false,Keith user-authorized acquisition for Signal Engine 2.0 assessment on 2026-05-24,Keith,2026-05-24T23:38:11+00:00,,,,sha256:7a592f0c151bbb93a28102942434c9d9ebf9afa77c9783433f3cb992a9159114,
src_3c5e4d4828ea66fe0,mpc_2024_q4,MPC,Marathon Petroleum Corporation,2024,Q4,audio,official_ir_webcast,https://www.marathonpetroleum.com/Investors/,www.marathonpetroleum.com,safe_to_download,true,true,false,false,Keith user-authorized acquisition for Signal Engine 2.0 assessment on 2026-05-24,Keith,2026-05-24T23:38:11+00:00,,,,sha256:7ffacb4a4ef509ec4f9bc42aa0fc64316f6fd0584bd6818f3401e5377bc5e218,
src_ab2be8822a24677a0,psx_2024_q4,PSX,Phillips 66,2024,Q4,transcript,official_ir_transcript,https://investor.phillips66.com/,investor.phillips66.com,safe_to_download,true,true,false,false,Keith user-authorized acquisition for Signal Engine 2.0 assessment on 2026-05-24,Keith,2026-05-24T23:38:11+00:00,,,,sha256:b21f7648313f6c1b4f35afb28e11f76978aa3878e8eb0085ab299287faa6cf68,
src_160ae6142c97522f1,psx_2024_q4,PSX,Phillips 66,2024,Q4,audio,official_ir_webcast,https://investor.phillips66.com/,investor.phillips66.com,safe_to_download,true,true,false,false,Keith user-authorized acquisition for Signal Engine 2.0 assessment on 2026-05-24,Keith,2026-05-24T23:38:11+00:00,,,,sha256:f1bbd1fde5915b276c4f2c673a5835ce026f48fbf90df5863621655f24917abf,
src_deda744e2dd1c02bc,vlo_2024_q4,VLO,Valero Energy Corporation,2024,Q4,transcript,official_ir_transcript,https://investorvalero.com/,investorvalero.com,safe_to_download,true,true,false,false,Keith user-authorized acquisition for Signal Engine 2.0 assessment on 2026-05-24,Keith,2026-05-24T23:38:11+00:00,,,,sha256:2fa99d5f2c740c42fdb2a9d1547d697d6a6592517c66129bce3e3f1a39c9ec62,
src_fbc4a113fce436efc,vlo_2024_q4,VLO,Valero Energy Corporation,2024,Q4,audio,official_ir_webcast,https://investorvalero.com/,investorvalero.com,safe_to_download,true,true,false,false,Keith user-authorized acquisition for Signal Engine 2.0 assessment on 2026-05-24,Keith,2026-05-24T23:38:11+00:00,,,,sha256:7418138a0c0765fd44268136a73cda7a4e264772a60f5dcc313e4e310d64eeca,
src_0ac842425b5c944e9,ba_2024_q4,BA,The Boeing Company,2024,Q4,transcript,official_ir_transcript,https://investors.boeing.com/,investors.boeing.com,safe_to_download,true,true,false,false,Keith user-authorized acquisition for Signal Engine 2.0 assessment on 2026-05-24,Keith,2026-05-24T23:38:11+00:00,,,,sha256:5ee82535eb5ae5763bee43be1c0a95c8178c3419a281d69ba5d3285d0c74a6bd,
src_26935c011292f2b7e,ba_2024_q4,BA,The Boeing Company,2024,Q4,audio,official_ir_webcast,https://investors.boeing.com/,investors.boeing.com,safe_to_download,true,true,false,false,Keith user-authorized acquisition for Signal Engine 2.0 assessment on 2026-05-24,Keith,2026-05-24T23:38:11+00:00,,,,sha256:9cb9645d41187c34768fd9b84a04362963ec430a98fe8f9ed9e4bc8a5c2e66f0,
src_2caec259ee9b7f81f,rtx_2024_q4,RTX,RTX Corporation,2024,Q4,transcript,official_ir_transcript,https://www.rtx.com/investors,www.rtx.com,safe_to_download,true,true,false,false,Keith user-authorized acquisition for Signal Engine 2.0 assessment on 2026-05-24,Keith,2026-05-24T23:38:11+00:00,,,,sha256:330471df344fa3d2dae1721e0b143bddb3f9799c37651e1835963fe06493cde5,
src_aedec06679df96ca3,rtx_2024_q4,RTX,RTX Corporation,2024,Q4,audio,official_ir_webcast,https://www.rtx.com/investors,www.rtx.com,safe_to_download,true,true,false,false,Keith user-authorized acquisition for Signal Engine 2.0 assessment on 2026-05-24,Keith,2026-05-24T23:38:11+00:00,,,,sha256:e8e504dc45934dcf879791054b5e54a904cb2aa2c8bb638e58cd92c5c2ed7d3b,
src_5f9ca0f005ea13e01,lmt_2024_q4,LMT,Lockheed Martin Corporation,2024,Q4,transcript,official_ir_transcript,https://investors.lockheedmartin.com/,investors.lockheedmartin.com,safe_to_download,true,true,false,false,Keith user-authorized acquisition for Signal Engine 2.0 assessment on 2026-05-24,Keith,2026-05-24T23:38:11+00:00,,,,sha256:1bceb187d98f99b79a1c3dfdf916b23441bd31597978126fe4062c8666679871,
src_dd832cf6dd88080d9,lmt_2024_q4,LMT,Lockheed Martin Corporation,2024,Q4,audio,official_ir_webcast,https://investors.lockheedmartin.com/,investors.lockheedmartin.com,safe_to_download,true,true,false,false,Keith user-authorized acquisition for Signal Engine 2.0 assessment on 2026-05-24,Keith,2026-05-24T23:38:11+00:00,,,,sha256:78b6175b3932d4d792b3dc982a728c1259b84ae8cd320d74d0ca85982c66027b,
src_edbe524a46484b36c,noc_2024_q4,NOC,Northrop Grumman Corporation,2024,Q4,transcript,official_ir_transcript,https://investor.northropgrumman.com/,investor.northropgrumman.com,safe_to_download,true,true,false,false,Keith user-authorized acquisition for Signal Engine 2.0 assessment on 2026-05-24,Keith,2026-05-24T23:38:11+00:00,,,,sha256:3d77ef72416a0e63e808bb04cca1645f52e8b47a5f69848a4890db69bd3cbe08,
src_b9ceaaa8c2aad300e,noc_2024_q4,NOC,Northrop Grumman Corporation,2024,Q4,audio,official_ir_webcast,https://investor.northropgrumman.com/,investor.northropgrumman.com,safe_to_download,true,true,false,false,Keith user-authorized acquisition for Signal Engine 2.0 assessment on 2026-05-24,Keith,2026-05-24T23:38:11+00:00,,,,sha256:3e1957139c969d857441b3d9d352116ad3f2bba2f24110cead3ea7bd94463ba6,
src_c2da1bf66ebb402eb,gd_2024_q4,GD,General Dynamics Corporation,2024,Q4,transcript,official_ir_transcript,https://investorrelations.gd.com/,investorrelations.gd.com,safe_to_download,true,true,false,false,Keith user-authorized acquisition for Signal Engine 2.0 assessment on 2026-05-24,Keith,2026-05-24T23:38:11+00:00,,,,sha256:f4f993476c6484256741a79d1faa4b57464b5fed76c6442ced4a714898880139,
src_c6f2ea3ba0b07b784,gd_2024_q4,GD,General Dynamics Corporation,2024,Q4,audio,official_ir_webcast,https://investorrelations.gd.com/,investorrelations.gd.com,safe_to_download,true,true,false,false,Keith user-authorized acquisition for Signal Engine 2.0 assessment on 2026-05-24,Keith,2026-05-24T23:38:11+00:00,,,,sha256:b4d2d6e69edd03f9e704744728fcf25ffd9c779084e49c7e1d43115658f3d6c0,
src_2002e198e2d6058fe,cat_2024_q4,CAT,Caterpillar Inc.,2024,Q4,transcript,official_ir_transcript,https://investors.caterpillar.com/,investors.caterpillar.com,safe_to_download,true,true,false,false,Keith user-authorized acquisition for Signal Engine 2.0 assessment on 2026-05-24,Keith,2026-05-24T23:38:11+00:00,,,,sha256:f350dba52ce14795d9dd0597da0117ebe53f09ecd6968e4f1c088981348b1ace,
src_e8e82bf5b5d363812,cat_2024_q4,CAT,Caterpillar Inc.,2024,Q4,audio,official_ir_webcast,https://investors.caterpillar.com/,investors.caterpillar.com,safe_to_download,true,true,false,false,Keith user-authorized acquisition for Signal Engine 2.0 assessment on 2026-05-24,Keith,2026-05-24T23:38:11+00:00,,,,sha256:567444359f311802439340f6a55062a23687f70df89532dd42806d6192275143,
src_f4b30350ed9d1cd00,de_2024_q4,DE,Deere & Company,2024,Q4,transcript,official_ir_transcript,https://investor.deere.com/,investor.deere.com,safe_to_download,true,true,false,false,Keith user-authorized acquisition for Signal Engine 2.0 assessment on 2026-05-24,Keith,2026-05-24T23:38:11+00:00,,,,sha256:cb1c440dcdbd4e35e30c8d5d5ba49e9f9a9ee63212a86cb2c782e2d1fd083e4d,
src_2bc05244d0362c53e,de_2024_q4,DE,Deere & Company,2024,Q4,audio,official_ir_webcast,https://investor.deere.com/,investor.deere.com,safe_to_download,true,true,false,false,Keith user-authorized acquisition for Signal Engine 2.0 assessment on 2026-05-24,Keith,2026-05-24T23:38:11+00:00,,,,sha256:060c609748ff25363d4e31ae323bcce4a9b44e9197d7588aaeefa5d17b2c1f75,
src_ab2b6283b746129cd,ge_2024_q4,GE,GE Aerospace,2024,Q4,transcript,official_ir_transcript,https://www.geaerospace.com/investors,www.geaerospace.com,safe_to_download,true,true,false,false,Keith user-authorized acquisition for Signal Engine 2.0 assessment on 2026-05-24,Keith,2026-05-24T23:38:11+00:00,,,,sha256:ae1647e7ea5435a42bc2986225f56ea93a9fcac7a2751cf5d3eddf4442b36cb4,
src_332a0b615b1012f18,ge_2024_q4,GE,GE Aerospace,2024,Q4,audio,official_ir_webcast,https://www.geaerospace.com/investors,www.geaerospace.com,safe_to_download,true,true,false,false,Keith user-authorized acquisition for Signal Engine 2.0 assessment on 2026-05-24,Keith,2026-05-24T23:38:11+00:00,,,,sha256:b1a5de40cfeefe217de7647453935c80a5123ca23deb887c746ff5baa83afa4f,
src_a616dcf4807ec2e82,etn_2024_q4,ETN,Eaton Corporation plc,2024,Q4,transcript,official_ir_transcript,https://www.eaton.com/us/en-us/company/investor-relations.html,www.eaton.com,safe_to_download,true,true,false,false,Keith user-authorized acquisition for Signal Engine 2.0 assessment on 2026-05-24,Keith,2026-05-24T23:38:11+00:00,,,,sha256:7f21ed23db1501e122c527041f6ff274dc70293945a16affb67816ab908f824b,
src_4d12651543ca0943f,etn_2024_q4,ETN,Eaton Corporation plc,2024,Q4,audio,official_ir_webcast,https://www.eaton.com/us/en-us/company/investor-relations.html,www.eaton.com,safe_to_download,true,true,false,false,Keith user-authorized acquisition for Signal Engine 2.0 assessment on 2026-05-24,Keith,2026-05-24T23:38:11+00:00,,,,sha256:6142778274f6219df5cef1bdbb271a5286d13f765717f28913f3404d64570099,
src_effb2b94ad533a2e8,emr_2024_q4,EMR,Emerson Electric Co.,2024,Q4,transcript,official_ir_transcript,https://www.emerson.com/en-us/investors,www.emerson.com,safe_to_download,true,true,false,false,Keith user-authorized acquisition for Signal Engine 2.0 assessment on 2026-05-24,Keith,2026-05-24T23:38:11+00:00,,,,sha256:d2402c92b2a5fd10097caf45c926478b7378ee16176e1bd5934163a9ef46620c,
src_6ac5c05b01c28a625,emr_2024_q4,EMR,Emerson Electric Co.,2024,Q4,audio,official_ir_webcast,https://www.emerson.com/en-us/investors,www.emerson.com,safe_to_download,true,true,false,false,Keith user-authorized acquisition for Signal Engine 2.0 assessment on 2026-05-24,Keith,2026-05-24T23:38:11+00:00,,,,sha256:2efc835abcfe163012a3321aedfed314e625d6afb1e1afc416fb0694cb48f77a,
src_4e400f36ff4134797,mmm_2024_q4,MMM,3M Company,2024,Q4,transcript,official_ir_transcript,https://investors.3m.com/,investors.3m.com,safe_to_download,true,true,false,false,Keith user-authorized acquisition for Signal Engine 2.0 assessment on 2026-05-24,Keith,2026-05-24T23:38:11+00:00,,,,sha256:878bbd9f08faa819c66f7b977ab58f7ad8c92cee2596db9fe6e8fbc4fc0f8628,
src_dc54861fe310424b1,mmm_2024_q4,MMM,3M Company,2024,Q4,audio,official_ir_webcast,https://investors.3m.com/,investors.3m.com,safe_to_download,true,true,false,false,Keith user-authorized acquisition for Signal Engine 2.0 assessment on 2026-05-24,Keith,2026-05-24T23:38:11+00:00,,,,sha256:dd2830ec759a4b4282ac987a964bcf7e0e0a7a4445021778f513cca3939f04ff,
src_3c87db9942b8bf4ff,itw_2024_q4,ITW,Illinois Tool Works Inc.,2024,Q4,transcript,official_ir_transcript,https://investor.itw.com/,investor.itw.com,safe_to_download,true,true,false,false,Keith user-authorized acquisition for Signal Engine 2.0 assessment on 2026-05-24,Keith,2026-05-24T23:38:11+00:00,,,,sha256:9fdf368153925067ca75aa5e150ef20505991e90c4849cd9fce74a7bb1faf5d5,
src_b26513fe37fd81a31,itw_2024_q4,ITW,Illinois Tool Works Inc.,2024,Q4,audio,official_ir_webcast,https://investor.itw.com/,investor.itw.com,safe_to_download,true,true,false,false,Keith user-authorized acquisition for Signal Engine 2.0 assessment on 2026-05-24,Keith,2026-05-24T23:38:11+00:00,,,,sha256:3b2666609648d3db000dc9c7e4ef53f0536dc7d53ce7de2a9b94be7bea218175,
src_dd0247e5000704abb,ph_2024_q4,PH,Parker-Hannifin Corporation,2024,Q4,transcript,official_ir_transcript,https://investors.parker.com/,investors.parker.com,safe_to_download,true,true,false,false,Keith user-authorized acquisition for Signal Engine 2.0 assessment on 2026-05-24,Keith,2026-05-24T23:38:11+00:00,,,,sha256:b054fa9d890dc7f32f953ba1a999eec564ca839da41d1b9ea6306dbd3837ddf0,
src_75f08adb502aac19b,ph_2024_q4,PH,Parker-Hannifin Corporation,2024,Q4,audio,official_ir_webcast,https://investors.parker.com/,investors.parker.com,safe_to_download,true,true,false,false,Keith user-authorized acquisition for Signal Engine 2.0 assessment on 2026-05-24,Keith,2026-05-24T23:38:11+00:00,,,,sha256:683669270c230b1e66355af92bb8b0df2f0fee5b3880267fc751860cde9595b3,
src_9b4d523b6f8ce70b5,carr_2024_q4,CARR,Carrier Global Corporation,2024,Q4,transcript,official_ir_transcript,https://ir.carrier.com/,ir.carrier.com,safe_to_download,true,true,false,false,Keith user-authorized acquisition for Signal Engine 2.0 assessment on 2026-05-24,Keith,2026-05-24T23:38:11+00:00,,,,sha256:bc116798aa7619249b983c572969d639a385ac9d2fe75c443c0e18c684dce132,
src_1828e444ce8fcb11f,carr_2024_q4,CARR,Carrier Global Corporation,2024,Q4,audio,official_ir_webcast,https://ir.carrier.com/,ir.carrier.com,safe_to_download,true,true,false,false,Keith user-authorized acquisition for Signal Engine 2.0 assessment on 2026-05-24,Keith,2026-05-24T23:38:11+00:00,,,,sha256:1575ce029c233224aa98faf176259d5c7c2cda5fcaa04feaefa2d5c29a40f667,
src_f864c215d73d0662c,otis_2024_q4,OTIS,Otis Worldwide Corporation,2024,Q4,transcript,official_ir_transcript,https://www.otis.com/en/us/investors,www.otis.com,safe_to_download,true,true,false,false,Keith user-authorized acquisition for Signal Engine 2.0 assessment on 2026-05-24,Keith,2026-05-24T23:38:11+00:00,,,,sha256:8e58cc4ac710b96418529babba4619e8fafc5ffb0b93a421d27f18f4927614c1,
src_37fe8b9d70f97e398,otis_2024_q4,OTIS,Otis Worldwide Corporation,2024,Q4,audio,official_ir_webcast,https://www.otis.com/en/us/investors,www.otis.com,safe_to_download,true,true,false,false,Keith user-authorized acquisition for Signal Engine 2.0 assessment on 2026-05-24,Keith,2026-05-24T23:38:11+00:00,,,,sha256:01b35f6cbda57667f98e920a77ed88a23c15537400fdd16745e3a474ad10b7fc,
src_72021452c65ba83f0,ups_2024_q4,UPS,"United Parcel Service, Inc.",2024,Q4,transcript,official_ir_transcript,https://investors.ups.com/,investors.ups.com,safe_to_download,true,true,false,false,Keith user-authorized acquisition for Signal Engine 2.0 assessment on 2026-05-24,Keith,2026-05-24T23:38:11+00:00,,,,sha256:bd1715a7b411ba1d3939b405929489299c22af5db37123e33988e16f9c92227b,
src_64e24e1ebbfab93fb,ups_2024_q4,UPS,"United Parcel Service, Inc.",2024,Q4,audio,official_ir_webcast,https://investors.ups.com/,investors.ups.com,safe_to_download,true,true,false,false,Keith user-authorized acquisition for Signal Engine 2.0 assessment on 2026-05-24,Keith,2026-05-24T23:38:11+00:00,,,,sha256:af850f54904ff053bf6b527011eba23550d6513daabc2c08bcfbf358efbc43ca,
src_bfab92b8506a88f0f,fdx_2024_q4,FDX,FedEx Corporation,2024,Q4,transcript,official_ir_transcript,https://investors.fedex.com/,investors.fedex.com,safe_to_download,true,true,false,false,Keith user-authorized acquisition for Signal Engine 2.0 assessment on 2026-05-24,Keith,2026-05-24T23:38:11+00:00,,,,sha256:8f53282ca51b966f003788eba019ede76008918e157ec52d438e33a07941eb37,
src_5d9083e58224333ab,fdx_2024_q4,FDX,FedEx Corporation,2024,Q4,audio,official_ir_webcast,https://investors.fedex.com/,investors.fedex.com,safe_to_download,true,true,false,false,Keith user-authorized acquisition for Signal Engine 2.0 assessment on 2026-05-24,Keith,2026-05-24T23:38:11+00:00,,,,sha256:16b57e320bda5d85db8b6478edee13aab9efa4f232c61b3c381ef1c20244d510,
src_6392e293f6712c8b0,dal_2024_q4,DAL,"Delta Air Lines, Inc.",2024,Q4,transcript,official_ir_transcript,https://ir.delta.com/,ir.delta.com,safe_to_download,true,true,false,false,Keith user-authorized acquisition for Signal Engine 2.0 assessment on 2026-05-24,Keith,2026-05-24T23:38:11+00:00,,,,sha256:0c3ce3bf9c2b218f206174fed75d4570d82f6c4b02e76a4b0710c71c56404b63,
src_00ccf219080edefa0,dal_2024_q4,DAL,"Delta Air Lines, Inc.",2024,Q4,audio,official_ir_webcast,https://ir.delta.com/,ir.delta.com,safe_to_download,true,true,false,false,Keith user-authorized acquisition for Signal Engine 2.0 assessment on 2026-05-24,Keith,2026-05-24T23:38:11+00:00,,,,sha256:26f8aff0a9789241b56a837068c91c970f6be9c36f98f49557ef17c637f2b0b3,
src_46787047600d62117,unp_2024_q4,UNP,Union Pacific Corporation,2024,Q4,transcript,official_ir_transcript,https://investor.unionpacific.com/,investor.unionpacific.com,safe_to_download,true,true,false,false,Keith user-authorized acquisition for Signal Engine 2.0 assessment on 2026-05-24,Keith,2026-05-24T23:38:11+00:00,,,,sha256:882310c94a007e8bbdd6658e9d75c58dd12af170816eb4fdbf9d3d33e62fde87,
src_0d27d80625f182053,unp_2024_q4,UNP,Union Pacific Corporation,2024,Q4,audio,official_ir_webcast,https://investor.unionpacific.com/,investor.unionpacific.com,safe_to_download,true,true,false,false,Keith user-authorized acquisition for Signal Engine 2.0 assessment on 2026-05-24,Keith,2026-05-24T23:38:11+00:00,,,,sha256:8f5408e5e60c3293467b85c9b18b59eeae93b2722e8d0f3ffcf9fe29ba52959c,
src_43081809e39ed3fa4,nsc_2024_q4,NSC,Norfolk Southern Corporation,2024,Q4,transcript,official_ir_transcript,https://norfolksouthern.investorroom.com/,norfolksouthern.investorroom.com,safe_to_download,true,true,false,false,Keith user-authorized acquisition for Signal Engine 2.0 assessment on 2026-05-24,Keith,2026-05-24T23:38:11+00:00,,,,sha256:b8ed20d2a13874bd4d9fffe4e27f89fe21fe77bda3a4499ce78cfb87e6873412,
src_5950704dd35e8bc28,nsc_2024_q4,NSC,Norfolk Southern Corporation,2024,Q4,audio,official_ir_webcast,https://norfolksouthern.investorroom.com/,norfolksouthern.investorroom.com,safe_to_download,true,true,false,false,Keith user-authorized acquisition for Signal Engine 2.0 assessment on 2026-05-24,Keith,2026-05-24T23:38:11+00:00,,,,sha256:17aa7eca02acbde8f2ff46a488ebc18be1ba2e58da8d2dbb8a43ae5099470ac4,
src_56e1da461ba398edd,hd_2024_q4,HD,"The Home Depot, Inc.",2024,Q4,transcript,official_ir_transcript,https://ir.homedepot.com/,ir.homedepot.com,safe_to_download,true,true,false,false,Keith user-authorized acquisition for Signal Engine 2.0 assessment on 2026-05-24,Keith,2026-05-24T23:38:11+00:00,,,,sha256:c18f39e1790a1942f63607b9fa6b129b91dcbe844ae9f7bac7ec929f1c903916,
src_fb54e00e8bbbe22b4,hd_2024_q4,HD,"The Home Depot, Inc.",2024,Q4,audio,official_ir_webcast,https://ir.homedepot.com/,ir.homedepot.com,safe_to_download,true,true,false,false,Keith user-authorized acquisition for Signal Engine 2.0 assessment on 2026-05-24,Keith,2026-05-24T23:38:11+00:00,,,,sha256:f4b27b6e9304372387aa01381f27397ce770163e451256000d1ee7b472c30299,
src_8350c4c9e03689f93,low_2024_q4,LOW,"Lowe's Companies, Inc.",2024,Q4,transcript,official_ir_transcript,https://corporate.lowes.com/investors,corporate.lowes.com,safe_to_download,true,true,false,false,Keith user-authorized acquisition for Signal Engine 2.0 assessment on 2026-05-24,Keith,2026-05-24T23:38:11+00:00,,,,sha256:4cec6bfa17a9f475435a935c745dbd677c87c338d8c82a461c073ab855311054,
src_e8e8b9831a1b42364,low_2024_q4,LOW,"Lowe's Companies, Inc.",2024,Q4,audio,official_ir_webcast,https://corporate.lowes.com/investors,corporate.lowes.com,safe_to_download,true,true,false,false,Keith user-authorized acquisition for Signal Engine 2.0 assessment on 2026-05-24,Keith,2026-05-24T23:38:11+00:00,,,,sha256:97e0540d52a9eca6a7027a7ad728c8a47d92d7000cba058dfcd35a1407f193c0,
src_75f553e89eb773e34,tgt_2024_q4,TGT,Target Corporation,2024,Q4,transcript,official_ir_transcript,https://investors.target.com/,investors.target.com,safe_to_download,true,true,false,false,Keith user-authorized acquisition for Signal Engine 2.0 assessment on 2026-05-24,Keith,2026-05-24T23:38:11+00:00,,,,sha256:c905b81a0f36cb1ca03709451f41a593cd854a9cd57317fb75b8ff24f8349ef7,
src_2969fbb1fa8b3fdae,tgt_2024_q4,TGT,Target Corporation,2024,Q4,audio,official_ir_webcast,https://investors.target.com/,investors.target.com,safe_to_download,true,true,false,false,Keith user-authorized acquisition for Signal Engine 2.0 assessment on 2026-05-24,Keith,2026-05-24T23:38:11+00:00,,,,sha256:45a0f0918151372d665fd2af90cc8cbadc5ddb00b42ff1eec7164294f5786b5b,
src_897de0bbef9283a8c,kr_2024_q4,KR,The Kroger Co.,2024,Q4,transcript,official_ir_transcript,https://ir.kroger.com/,ir.kroger.com,safe_to_download,true,true,false,false,Keith user-authorized acquisition for Signal Engine 2.0 assessment on 2026-05-24,Keith,2026-05-24T23:38:11+00:00,,,,sha256:a6740c85c82e9bc9d583025838d6130a4de97ee4f2f19133f6789e4d143d4c3c,
src_5aafd4d508535f942,kr_2024_q4,KR,The Kroger Co.,2024,Q4,audio,official_ir_webcast,https://ir.kroger.com/,ir.kroger.com,safe_to_download,true,true,false,false,Keith user-authorized acquisition for Signal Engine 2.0 assessment on 2026-05-24,Keith,2026-05-24T23:38:11+00:00,,,,sha256:ab4667cedd7bb657a1e61846afccfd21c19ea165bf0bcc1c74f26b20e1137416,
src_033fbc1985f9c9f75,dg_2024_q4,DG,Dollar General Corporation,2024,Q4,transcript,official_ir_transcript,https://investor.dollargeneral.com/,investor.dollargeneral.com,safe_to_download,true,true,false,false,Keith user-authorized acquisition for Signal Engine 2.0 assessment on 2026-05-24,Keith,2026-05-24T23:38:11+00:00,,,,sha256:72dc03c0957dc58e4b768f468d33fae5c93ef22a06033ead34d9cb014f334961,
src_10abdfb451f783444,dg_2024_q4,DG,Dollar General Corporation,2024,Q4,audio,official_ir_webcast,https://investor.dollargeneral.com/,investor.dollargeneral.com,safe_to_download,true,true,false,false,Keith user-authorized acquisition for Signal Engine 2.0 assessment on 2026-05-24,Keith,2026-05-24T23:38:11+00:00,,,,sha256:f7e69b4f1d4abd658f557bea89b4ad0c47896f26546adbc3344394a9e036ea24,
src_5f41cba0f1841bf9c,mcd_2024_q4,MCD,McDonald's Corporation,2024,Q4,transcript,official_ir_transcript,https://corporate.mcdonalds.com/corpmcd/investors.html,corporate.mcdonalds.com,safe_to_download,true,true,false,false,Keith user-authorized acquisition for Signal Engine 2.0 assessment on 2026-05-24,Keith,2026-05-24T23:38:11+00:00,,,,sha256:8820acbdd7e4e9c3b1a2ae927342c13c311521942211b42775131ba414657a48,
src_dc8c701f8df7244aa,mcd_2024_q4,MCD,McDonald's Corporation,2024,Q4,audio,official_ir_webcast,https://corporate.mcdonalds.com/corpmcd/investors.html,corporate.mcdonalds.com,safe_to_download,true,true,false,false,Keith user-authorized acquisition for Signal Engine 2.0 assessment on 2026-05-24,Keith,2026-05-24T23:38:11+00:00,,,,sha256:0f9d56f7bff91b1f0592d403dba18d014c389242a1c0bf728a6c2ffa28eb1812,
src_c095004a432029dd8,yum_2024_q4,YUM,"Yum! Brands, Inc.",2024,Q4,transcript,official_ir_transcript,https://investors.yum.com/,investors.yum.com,safe_to_download,true,true,false,false,Keith user-authorized acquisition for Signal Engine 2.0 assessment on 2026-05-24,Keith,2026-05-24T23:38:11+00:00,,,,sha256:5dc173535a21aa6dea34e047d84a019b909a130ee6e013308068fff86209da3c,
src_0c791f81fe14cbf77,yum_2024_q4,YUM,"Yum! Brands, Inc.",2024,Q4,audio,official_ir_webcast,https://investors.yum.com/,investors.yum.com,safe_to_download,true,true,false,false,Keith user-authorized acquisition for Signal Engine 2.0 assessment on 2026-05-24,Keith,2026-05-24T23:38:11+00:00,,,,sha256:207b9567156d36c58c9d18fa6dc263809514d07e07a643eceeba03d48688fbf3,
src_259e89a1f7b106345,nke_2024_q4,NKE,"NIKE, Inc.",2024,Q4,transcript,official_ir_transcript,https://investors.nike.com/,investors.nike.com,safe_to_download,true,true,false,false,Keith user-authorized acquisition for Signal Engine 2.0 assessment on 2026-05-24,Keith,2026-05-24T23:38:11+00:00,,,,sha256:6594d87a9cea39e98bdf44502c460b9555cc69e936a2352dc221bb135b105899,
src_2adae4021f5f24bdf,nke_2024_q4,NKE,"NIKE, Inc.",2024,Q4,audio,official_ir_webcast,https://investors.nike.com/,investors.nike.com,safe_to_download,true,true,false,false,Keith user-authorized acquisition for Signal Engine 2.0 assessment on 2026-05-24,Keith,2026-05-24T23:38:11+00:00,,,,sha256:9745a4fb2e2319af20b406190e62037198eb909a5e9c83adb6795ce3cd715b65,
src_917aa414d47b3387f,dis_2024_q4,DIS,The Walt Disney Company,2024,Q4,transcript,official_ir_transcript,https://thewaltdisneycompany.com/investor-relations/,thewaltdisneycompany.com,safe_to_download,true,true,false,false,Keith user-authorized acquisition for Signal Engine 2.0 assessment on 2026-05-24,Keith,2026-05-24T23:38:11+00:00,,,,sha256:587fd84113b2af271ec6f8d466f435ed53dd0ec000277b8ed7ff98d505e7fff6,
src_e37efc67b82bb18ee,dis_2024_q4,DIS,The Walt Disney Company,2024,Q4,audio,official_ir_webcast,https://thewaltdisneycompany.com/investor-relations/,thewaltdisneycompany.com,safe_to_download,true,true,false,false,Keith user-authorized acquisition for Signal Engine 2.0 assessment on 2026-05-24,Keith,2026-05-24T23:38:11+00:00,,,,sha256:0904fbb91f848893ca9707f54c8ddc9afb84ee88883563f62460531d0b9d3b5c,
src_8a05bb4a819811d6c,ko_2024_q4,KO,The Coca-Cola Company,2024,Q4,transcript,official_ir_transcript,https://investors.coca-colacompany.com/,investors.coca-colacompany.com,safe_to_download,true,true,false,false,Keith user-authorized acquisition for Signal Engine 2.0 assessment on 2026-05-24,Keith,2026-05-24T23:38:11+00:00,,,,sha256:d94f597f4bf8b31521ec3546624590f0a939af7f0f39bb3d99c3b201bf7a7ae2,
src_268ad1f4afc23f925,ko_2024_q4,KO,The Coca-Cola Company,2024,Q4,audio,official_ir_webcast,https://investors.coca-colacompany.com/,investors.coca-colacompany.com,safe_to_download,true,true,false,false,Keith user-authorized acquisition for Signal Engine 2.0 assessment on 2026-05-24,Keith,2026-05-24T23:38:11+00:00,,,,sha256:46259c6ce384d970f6f35884b51fb7f883b051ca34c688fe6644c1773a1f7e88,
src_fa1074e0b9e8f3384,pg_2024_q4,PG,The Procter & Gamble Company,2024,Q4,transcript,official_ir_transcript,https://www.pginvestor.com/,www.pginvestor.com,safe_to_download,true,true,false,false,Keith user-authorized acquisition for Signal Engine 2.0 assessment on 2026-05-24,Keith,2026-05-24T23:38:11+00:00,,,,sha256:7188e57772064532a64a5b7c934155510eb69aaac27a8853fb3e2286f0c90c14,
src_f1ea8b09982d858a3,pg_2024_q4,PG,The Procter & Gamble Company,2024,Q4,audio,official_ir_webcast,https://www.pginvestor.com/,www.pginvestor.com,safe_to_download,true,true,false,false,Keith user-authorized acquisition for Signal Engine 2.0 assessment on 2026-05-24,Keith,2026-05-24T23:38:11+00:00,,,,sha256:05df542fbf81d062f90871f306036e479f923afe9477e04c1b566a586f88d34d,
src_663fbe781527fe461,cl_2024_q4,CL,Colgate-Palmolive Company,2024,Q4,transcript,official_ir_transcript,https://investor.colgatepalmolive.com/,investor.colgatepalmolive.com,safe_to_download,true,true,false,false,Keith user-authorized acquisition for Signal Engine 2.0 assessment on 2026-05-24,Keith,2026-05-24T23:38:11+00:00,,,,sha256:379b262e2efae4a87276c630a1df08ef44da696dbb4267b53fbcd4ee35d1c42a,
src_311973885a8db4a72,cl_2024_q4,CL,Colgate-Palmolive Company,2024,Q4,audio,official_ir_webcast,https://investor.colgatepalmolive.com/,investor.colgatepalmolive.com,safe_to_download,true,true,false,false,Keith user-authorized acquisition for Signal Engine 2.0 assessment on 2026-05-24,Keith,2026-05-24T23:38:11+00:00,,,,sha256:755ba1e15d9487fc0af8a667e87f85c93f38ee70d1dffdc935a9502f5b1589fa,
src_e8f74599b9fc3fe53,el_2024_q4,EL,The Estee Lauder Companies Inc.,2024,Q4,transcript,official_ir_transcript,https://ir.elcompanies.com/,ir.elcompanies.com,safe_to_download,true,true,false,false,Keith user-authorized acquisition for Signal Engine 2.0 assessment on 2026-05-24,Keith,2026-05-24T23:38:11+00:00,,,,sha256:541c5d6cf6034965ff00cc8c6bf4d9b4826dc2f0e934772db0cef71386c0ba6d,
src_a9753d2e53bfa5458,el_2024_q4,EL,The Estee Lauder Companies Inc.,2024,Q4,audio,official_ir_webcast,https://ir.elcompanies.com/,ir.elcompanies.com,safe_to_download,true,true,false,false,Keith user-authorized acquisition for Signal Engine 2.0 assessment on 2026-05-24,Keith,2026-05-24T23:38:11+00:00,,,,sha256:f980c05e175b9dc6f34a510bc53a1e636340fb5cedc3709ab233680ca5cba8c0,
src_075152fd01a8a9402,gis_2024_q4,GIS,"General Mills, Inc.",2024,Q4,transcript,official_ir_transcript,https://investors.generalmills.com/,investors.generalmills.com,safe_to_download,true,true,false,false,Keith user-authorized acquisition for Signal Engine 2.0 assessment on 2026-05-24,Keith,2026-05-24T23:38:11+00:00,,,,sha256:edf3c0119489917eb45b1ba9b4d8ce05f19cb956405cad867a3c2361d241e21e,
src_5de0bc41aa7ee0b31,gis_2024_q4,GIS,"General Mills, Inc.",2024,Q4,audio,official_ir_webcast,https://investors.generalmills.com/,investors.generalmills.com,safe_to_download,true,true,false,false,Keith user-authorized acquisition for Signal Engine 2.0 assessment on 2026-05-24,Keith,2026-05-24T23:38:11+00:00,,,,sha256:2f317717f4ef1a0e8aef38e647fb73ecd56befd55bc2c20c8221c76ae546eee6,
src_4aa6364451b35f902,hsy_2024_q4,HSY,The Hershey Company,2024,Q4,transcript,official_ir_transcript,https://www.thehersheycompany.com/en_us/investors.html,www.thehersheycompany.com,safe_to_download,true,true,false,false,Keith user-authorized acquisition for Signal Engine 2.0 assessment on 2026-05-24,Keith,2026-05-24T23:38:11+00:00,,,,sha256:ee4c511ec6db99076f08e575bba49ec9c017de4c4d8c33d617051fed4027af12,
src_3d064673122c62744,hsy_2024_q4,HSY,The Hershey Company,2024,Q4,audio,official_ir_webcast,https://www.thehersheycompany.com/en_us/investors.html,www.thehersheycompany.com,safe_to_download,true,true,false,false,Keith user-authorized acquisition for Signal Engine 2.0 assessment on 2026-05-24,Keith,2026-05-24T23:38:11+00:00,,,,sha256:81a7c7928ec8bcabc209930eca77e654e6c2528c9a4ba6c26bd76382aa76d7ec,
src_200962f933fb83510,t_2024_q4,T,AT&T Inc.,2024,Q4,transcript,official_ir_transcript,https://investors.att.com/,investors.att.com,safe_to_download,true,true,false,false,Keith user-authorized acquisition for Signal Engine 2.0 assessment on 2026-05-24,Keith,2026-05-24T23:38:11+00:00,,,,sha256:01680c8e6d6aa83cb222bda5e85993b0eef90002fee5c1b6ce5567e226266a25,
src_d6ed148d33110e90f,t_2024_q4,T,AT&T Inc.,2024,Q4,audio,official_ir_webcast,https://investors.att.com/,investors.att.com,safe_to_download,true,true,false,false,Keith user-authorized acquisition for Signal Engine 2.0 assessment on 2026-05-24,Keith,2026-05-24T23:38:11+00:00,,,,sha256:2ef48365b4c8e7a22aeacd0db145cf8391cb50d43847ed218c7738d42a437887,
src_a8a9f3e5c100a1e66,vz_2024_q4,VZ,Verizon Communications Inc.,2024,Q4,transcript,official_ir_transcript,https://www.verizon.com/about/investors,www.verizon.com,safe_to_download,true,true,false,false,Keith user-authorized acquisition for Signal Engine 2.0 assessment on 2026-05-24,Keith,2026-05-24T23:38:11+00:00,,,,sha256:748047496809c8867a07f6e2ae091f62494b61fcbd3b76620a791ae341acb268,
src_d842024947fc8341c,vz_2024_q4,VZ,Verizon Communications Inc.,2024,Q4,audio,official_ir_webcast,https://www.verizon.com/about/investors,www.verizon.com,safe_to_download,true,true,false,false,Keith user-authorized acquisition for Signal Engine 2.0 assessment on 2026-05-24,Keith,2026-05-24T23:38:11+00:00,,,,sha256:e9b200541e6448f83e96749173a0d9371dd28674cfc5d1b82080e73928b014ee,
src_af79536bf557d80b2,ibm_2024_q4,IBM,International Business Machines Corporation,2024,Q4,transcript,official_ir_transcript,https://www.ibm.com/investor,www.ibm.com,safe_to_download,true,true,false,false,Keith user-authorized acquisition for Signal Engine 2.0 assessment on 2026-05-24,Keith,2026-05-24T23:38:11+00:00,,,,sha256:40027c477061ca654e12ea7ac0e1c49c26426556174547c645c88e377477c239,
src_bf18273670e9b9ff4,ibm_2024_q4,IBM,International Business Machines Corporation,2024,Q4,audio,official_ir_webcast,https://www.ibm.com/investor,www.ibm.com,safe_to_download,true,true,false,false,Keith user-authorized acquisition for Signal Engine 2.0 assessment on 2026-05-24,Keith,2026-05-24T23:38:11+00:00,,,,sha256:de2d9d1356078c94bb5a5def1dfa076955aae2d3f364f59d323a23d8a2e3c06a,
src_363bb6f4ebd416175,orcl_2024_q4,ORCL,Oracle Corporation,2024,Q4,transcript,official_ir_transcript,https://investor.oracle.com/,investor.oracle.com,safe_to_download,true,true,false,false,Keith user-authorized acquisition for Signal Engine 2.0 assessment on 2026-05-24,Keith,2026-05-24T23:38:11+00:00,,,,sha256:852e76fabfd43d31e36efdd5f2809b73a596c75fa65a491b6a591fba1b6d23c6,
src_c39951a2da3b178db,orcl_2024_q4,ORCL,Oracle Corporation,2024,Q4,audio,official_ir_webcast,https://investor.oracle.com/,investor.oracle.com,safe_to_download,true,true,false,false,Keith user-authorized acquisition for Signal Engine 2.0 assessment on 2026-05-24,Keith,2026-05-24T23:38:11+00:00,,,,sha256:d82f0bcc58680831c66554530438abe7be026680da59ea35b7b1a062ab712726,
src_8513cb72fee19c5db,crm_2024_q4,CRM,"Salesforce, Inc.",2024,Q4,transcript,official_ir_transcript,https://investor.salesforce.com/,investor.salesforce.com,safe_to_download,true,true,false,false,Keith user-authorized acquisition for Signal Engine 2.0 assessment on 2026-05-24,Keith,2026-05-24T23:38:11+00:00,,,,sha256:54f068e1d47fe52fa99040b89edc7a1b37737d6c022742b6b33eea1c7afb6eea,
src_4390c68755639d636,crm_2024_q4,CRM,"Salesforce, Inc.",2024,Q4,audio,official_ir_webcast,https://investor.salesforce.com/,investor.salesforce.com,safe_to_download,true,true,false,false,Keith user-authorized acquisition for Signal Engine 2.0 assessment on 2026-05-24,Keith,2026-05-24T23:38:11+00:00,,,,sha256:2cc5e42d228daa5b3289cb4d35feb0472584f7f9d99daf2c28214b683324d65c,
src_9ce850ac733c87c77,now_2024_q4,NOW,"ServiceNow, Inc.",2024,Q4,transcript,official_ir_transcript,https://investors.servicenow.com/,investors.servicenow.com,safe_to_download,true,true,false,false,Keith user-authorized acquisition for Signal Engine 2.0 assessment on 2026-05-24,Keith,2026-05-24T23:38:11+00:00,,,,sha256:0858bf3764a0f6497bc5b67daa31501f3c26d2c16409f066ef49752cb23f31bc,
src_d9059f6845072bb46,now_2024_q4,NOW,"ServiceNow, Inc.",2024,Q4,audio,official_ir_webcast,https://investors.servicenow.com/,investors.servicenow.com,safe_to_download,true,true,false,false,Keith user-authorized acquisition for Signal Engine 2.0 assessment on 2026-05-24,Keith,2026-05-24T23:38:11+00:00,,,,sha256:77cfb4a60f844855f62763ca9be0a85922142a6c48c3985a7dfb91a30aece8f6,
src_5b9a7c06edfe3fb10,acn_2024_q4,ACN,Accenture plc,2024,Q4,transcript,official_ir_transcript,https://investor.accenture.com/,investor.accenture.com,safe_to_download,true,true,false,false,Keith user-authorized acquisition for Signal Engine 2.0 assessment on 2026-05-24,Keith,2026-05-24T23:38:11+00:00,,,,sha256:7469af8425339539e16e38a034a8e17e4f369e53bbbce8c61b5e9bb2c47a2137,
src_da1269c6b5a9e11c8,acn_2024_q4,ACN,Accenture plc,2024,Q4,audio,official_ir_webcast,https://investor.accenture.com/,investor.accenture.com,safe_to_download,true,true,false,false,Keith user-authorized acquisition for Signal Engine 2.0 assessment on 2026-05-24,Keith,2026-05-24T23:38:11+00:00,,,,sha256:edcb985a4b7dc8cd608b5f531b866e689415e777eb1f2dc080a0468e4e90e8b5,
src_9f9613fcaf2478104,dell_2024_q4,DELL,Dell Technologies Inc.,2024,Q4,transcript,official_ir_transcript,https://investors.delltechnologies.com/,investors.delltechnologies.com,safe_to_download,true,true,false,false,Keith user-authorized acquisition for Signal Engine 2.0 assessment on 2026-05-24,Keith,2026-05-24T23:38:11+00:00,,,,sha256:1c6c9a48fab6e08806ac98af0ece52ab77df8bf6970d4594aee64f6ffbf930ec,
src_e77fb9357f17d1919,dell_2024_q4,DELL,Dell Technologies Inc.,2024,Q4,audio,official_ir_webcast,https://investors.delltechnologies.com/,investors.delltechnologies.com,safe_to_download,true,true,false,false,Keith user-authorized acquisition for Signal Engine 2.0 assessment on 2026-05-24,Keith,2026-05-24T23:38:11+00:00,,,,sha256:7dcd4c4f4f6da9b259b3e4cf90a153859de0b698cc19ac7da625159b2d67c6f9,
src_0ce895fd90524df0d,hpq_2024_q4,HPQ,HP Inc.,2024,Q4,transcript,official_ir_transcript,https://investor.hp.com/,investor.hp.com,safe_to_download,true,true,false,false,Keith user-authorized acquisition for Signal Engine 2.0 assessment on 2026-05-24,Keith,2026-05-24T23:38:11+00:00,,,,sha256:44963617c033485385b607531ce7f0b1d8fc3a016b09dbd51f775878869a3d0f,
src_3f6ba12576c96e744,hpq_2024_q4,HPQ,HP Inc.,2024,Q4,audio,official_ir_webcast,https://investor.hp.com/,investor.hp.com,safe_to_download,true,true,false,false,Keith user-authorized acquisition for Signal Engine 2.0 assessment on 2026-05-24,Keith,2026-05-24T23:38:11+00:00,,,,sha256:29a20a82c4897fc9fbfb6f22b8a72bfd1064cfa40b5ce738fe8dcef497f0e8cc,
src_b75275437e819e315,net_2024_q4,NET,"Cloudflare, Inc.",2024,Q4,transcript,official_ir_transcript,https://cloudflare.net/news-and-events/events-and-presentations,cloudflare.net,safe_to_download,true,true,false,false,Keith user-authorized acquisition for Signal Engine 2.0 assessment on 2026-05-24,Keith,2026-05-24T23:38:11+00:00,,,,sha256:d17768ddbb0e0225b93554b855d9ad80c3100e0024b12bbd844d2067f08e0115,
src_888832077c35d1ff1,net_2024_q4,NET,"Cloudflare, Inc.",2024,Q4,audio,official_ir_webcast,https://cloudflare.net/news-and-events/events-and-presentations,cloudflare.net,safe_to_download,true,true,false,false,Keith user-authorized acquisition for Signal Engine 2.0 assessment on 2026-05-24,Keith,2026-05-24T23:38:11+00:00,,,,sha256:580179769986dcda802aa8848fcb5b4acde8f4dac650c6f365251f4df0e43374,
src_54b07cf15ea0cde50,snow_2024_q4,SNOW,Snowflake Inc.,2024,Q4,transcript,official_ir_transcript,https://investors.snowflake.com/,investors.snowflake.com,safe_to_download,true,true,false,false,Keith user-authorized acquisition for Signal Engine 2.0 assessment on 2026-05-24,Keith,2026-05-24T23:38:11+00:00,,,,sha256:6046a9083c8e5042972673897d4f780536e66759524a591271cdf39cbebc8439,
src_c100220d760085a07,snow_2024_q4,SNOW,Snowflake Inc.,2024,Q4,audio,official_ir_webcast,https://investors.snowflake.com/,investors.snowflake.com,safe_to_download,true,true,false,false,Keith user-authorized acquisition for Signal Engine 2.0 assessment on 2026-05-24,Keith,2026-05-24T23:38:11+00:00,,,,sha256:fea2245ad9fb82eb48bf4e852c59b78356a03175f5ebdeeaa78c4b9079bcbf42,
src_ec5390b61cb4a9b79,jpm_2023_q4,JPM,JPMorgan Chase & Co.,2023,Q4,transcript,official_ir_transcript,https://www.jpmorganchase.com/ir,www.jpmorganchase.com,safe_to_download,true,true,false,false,Keith user-authorized acquisition for Signal Engine 2.0 assessment on 2026-05-24,Keith,2026-05-24T23:38:11+00:00,,,,sha256:2e7e1ba133f1b8a658da5b3f3efe5faaff963e495f79d38d3cbada3f5ef44d88,
src_8e499ac5443e016c0,jpm_2023_q4,JPM,JPMorgan Chase & Co.,2023,Q4,audio,official_ir_webcast,https://www.jpmorganchase.com/ir,www.jpmorganchase.com,safe_to_download,true,true,false,false,Keith user-authorized acquisition for Signal Engine 2.0 assessment on 2026-05-24,Keith,2026-05-24T23:38:11+00:00,,,,sha256:9bf5c43827df8010048855e876e1a150f85b6f660398447271ecc8338176943f,
src_210ffdaa62e3a4b8f,bac_2023_q4,BAC,Bank of America Corporation,2023,Q4,transcript,official_ir_transcript,https://investor.bankofamerica.com/,investor.bankofamerica.com,safe_to_download,true,true,false,false,Keith user-authorized acquisition for Signal Engine 2.0 assessment on 2026-05-24,Keith,2026-05-24T23:38:11+00:00,,,,sha256:36892e42b0a671d70ea5e7f4bb3cb0e594730ebfd91763dda23fa9b606f4d5a6,
src_9882b04afb57fa566,bac_2023_q4,BAC,Bank of America Corporation,2023,Q4,audio,official_ir_webcast,https://investor.bankofamerica.com/,investor.bankofamerica.com,safe_to_download,true,true,false,false,Keith user-authorized acquisition for Signal Engine 2.0 assessment on 2026-05-24,Keith,2026-05-24T23:38:11+00:00,,,,sha256:15f51a2c21e09ffb4f7c50963bf0e118e9ca70fddb0aff10f29b42490ed699e5,
src_9778838a889ef7649,c_2023_q4,C,Citigroup Inc.,2023,Q4,transcript,official_ir_transcript,https://www.citigroup.com/global/investors,www.citigroup.com,safe_to_download,true,true,false,false,Keith user-authorized acquisition for Signal Engine 2.0 assessment on 2026-05-24,Keith,2026-05-24T23:38:11+00:00,,,,sha256:fa0bf4b7b9851b4b2ed76f8cb99d905d93b0d6bd7f127f30b50b9d1ad945f5ed,
src_386690eda62c38a57,c_2023_q4,C,Citigroup Inc.,2023,Q4,audio,official_ir_webcast,https://www.citigroup.com/global/investors,www.citigroup.com,safe_to_download,true,true,false,false,Keith user-authorized acquisition for Signal Engine 2.0 assessment on 2026-05-24,Keith,2026-05-24T23:38:11+00:00,,,,sha256:67aa7258901c757998fc5c173887c960310fcb8a5e94356a7f5f5d3c1fbdedf6,
src_7586292fcf78e6db0,wfc_2023_q4,WFC,Wells Fargo & Company,2023,Q4,transcript,official_ir_transcript,https://www.wellsfargo.com/about/investor-relations/,www.wellsfargo.com,safe_to_download,true,true,false,false,Keith user-authorized acquisition for Signal Engine 2.0 assessment on 2026-05-24,Keith,2026-05-24T23:38:11+00:00,,,,sha256:5f56901ed8e18d996fb286a46ff83e11ad8b0b9a40c956e137fef953645ce4e0,
src_de877320eb503863b,wfc_2023_q4,WFC,Wells Fargo & Company,2023,Q4,audio,official_ir_webcast,https://www.wellsfargo.com/about/investor-relations/,www.wellsfargo.com,safe_to_download,true,true,false,false,Keith user-authorized acquisition for Signal Engine 2.0 assessment on 2026-05-24,Keith,2026-05-24T23:38:11+00:00,,,,sha256:46c7cc57c66b2318244f0c60fc2bf6901f55070c06080407324c893a1b9be929,
src_0af6323b9453ed704,gs_2023_q4,GS,"The Goldman Sachs Group, Inc.",2023,Q4,transcript,official_ir_transcript,https://www.goldmansachs.com/investor-relations/,www.goldmansachs.com,safe_to_download,true,true,false,false,Keith user-authorized acquisition for Signal Engine 2.0 assessment on 2026-05-24,Keith,2026-05-24T23:38:11+00:00,,,,sha256:94191736fb3d9d24fa9b5c7f644769e571a2948adb26c8f6e98988c7eeb15801,
src_7d4f6730f27d82ff6,gs_2023_q4,GS,"The Goldman Sachs Group, Inc.",2023,Q4,audio,official_ir_webcast,https://www.goldmansachs.com/investor-relations/,www.goldmansachs.com,safe_to_download,true,true,false,false,Keith user-authorized acquisition for Signal Engine 2.0 assessment on 2026-05-24,Keith,2026-05-24T23:38:11+00:00,,,,sha256:82c58bf2d6162aca4b354b6132ff30f949452aae97e86e0e8882b8319bea0316,
src_4f870fb5c040c444d,ms_2023_q4,MS,Morgan Stanley,2023,Q4,transcript,official_ir_transcript,https://www.morganstanley.com/about-us-ir,www.morganstanley.com,safe_to_download,true,true,false,false,Keith user-authorized acquisition for Signal Engine 2.0 assessment on 2026-05-24,Keith,2026-05-24T23:38:11+00:00,,,,sha256:b4e96f9981a71e33b11ea321ebb5617a3f0411b8c922a97ed64a1a48039ae0d6,
src_5eb6df28f4c2c3b5d,ms_2023_q4,MS,Morgan Stanley,2023,Q4,audio,official_ir_webcast,https://www.morganstanley.com/about-us-ir,www.morganstanley.com,safe_to_download,true,true,false,false,Keith user-authorized acquisition for Signal Engine 2.0 assessment on 2026-05-24,Keith,2026-05-24T23:38:11+00:00,,,,sha256:d7866ad156fe72ef73359cd2fca4a25db4b8748039ef487e0cc858df8eec6da8,
src_391a59ac2943f8b0f,bk_2023_q4,BK,The Bank of New York Mellon Corporation,2023,Q4,transcript,official_ir_transcript,https://www.bny.com/corporate/global/en/investor-relations.html,www.bny.com,safe_to_download,true,true,false,false,Keith user-authorized acquisition for Signal Engine 2.0 assessment on 2026-05-24,Keith,2026-05-24T23:38:11+00:00,,,,sha256:f40a3cbc6d0ad62f95f63a3ae8f6013c2d931dae0c9fd65a873d3de0adec696e,
src_3744f9c228bc11570,bk_2023_q4,BK,The Bank of New York Mellon Corporation,2023,Q4,audio,official_ir_webcast,https://www.bny.com/corporate/global/en/investor-relations.html,www.bny.com,safe_to_download,true,true,false,false,Keith user-authorized acquisition for Signal Engine 2.0 assessment on 2026-05-24,Keith,2026-05-24T23:38:11+00:00,,,,sha256:54e812f0350846540914b2973552fce14a9ebba25188a10e5015c78fc80e075e,
src_58fa63b5ce3e00aa9,stt_2023_q4,STT,State Street Corporation,2023,Q4,transcript,official_ir_transcript,https://investors.statestreet.com/,investors.statestreet.com,safe_to_download,true,true,false,false,Keith user-authorized acquisition for Signal Engine 2.0 assessment on 2026-05-24,Keith,2026-05-24T23:38:11+00:00,,,,sha256:2e7002cd6b57ede347c18ce1c6f8be547b103c132a27c17a188eb812e6e3bed3,
src_29e3bbf7b1b717c91,stt_2023_q4,STT,State Street Corporation,2023,Q4,audio,official_ir_webcast,https://investors.statestreet.com/,investors.statestreet.com,safe_to_download,true,true,false,false,Keith user-authorized acquisition for Signal Engine 2.0 assessment on 2026-05-24,Keith,2026-05-24T23:38:11+00:00,,,,sha256:4f5bf150dff4f7291c866f2e14c39a6c3988ac3228b745b2854f64faac489167,
src_8524f3b2c4907b5a3,usb_2023_q4,USB,U.S. Bancorp,2023,Q4,transcript,official_ir_transcript,https://ir.usbank.com/,ir.usbank.com,safe_to_download,true,true,false,false,Keith user-authorized acquisition for Signal Engine 2.0 assessment on 2026-05-24,Keith,2026-05-24T23:38:11+00:00,,,,sha256:357ed32a6d2f6aefcd4baf9700e6439c21cbcaea70b13c8371d926cdda424531,
src_fd795c7d663c3484a,usb_2023_q4,USB,U.S. Bancorp,2023,Q4,audio,official_ir_webcast,https://ir.usbank.com/,ir.usbank.com,safe_to_download,true,true,false,false,Keith user-authorized acquisition for Signal Engine 2.0 assessment on 2026-05-24,Keith,2026-05-24T23:38:11+00:00,,,,sha256:048935c8bd9fd40be54e59e8ee96ccd052ffed7143a7947f75b57bb5bc41dabf,
src_d7755f1e22b1e66b0,pnc_2023_q4,PNC,"The PNC Financial Services Group, Inc.",2023,Q4,transcript,official_ir_transcript,https://investor.pnc.com/,investor.pnc.com,safe_to_download,true,true,false,false,Keith user-authorized acquisition for Signal Engine 2.0 assessment on 2026-05-24,Keith,2026-05-24T23:38:11+00:00,,,,sha256:68fec6bf4238b2756fbd2f7f4f8c39eefb8946c12b5769a871f99290053712c3,
src_0fb9ee6776c2558bc,pnc_2023_q4,PNC,"The PNC Financial Services Group, Inc.",2023,Q4,audio,official_ir_webcast,https://investor.pnc.com/,investor.pnc.com,safe_to_download,true,true,false,false,Keith user-authorized acquisition for Signal Engine 2.0 assessment on 2026-05-24,Keith,2026-05-24T23:38:11+00:00,,,,sha256:6d044389d4525321d7b5babb863c5c73229ba116bc83030d7888dc5041af00ee,
src_c13c1cb4f5231c70f,tfc_2023_q4,TFC,Truist Financial Corporation,2023,Q4,transcript,official_ir_transcript,https://ir.truist.com/,ir.truist.com,safe_to_download,true,true,false,false,Keith user-authorized acquisition for Signal Engine 2.0 assessment on 2026-05-24,Keith,2026-05-24T23:38:11+00:00,,,,sha256:6584cc44069aa699978914d4fa04c43fbe15a0515b40fbb61cf8a195d4df1411,
src_f4514129312868081,tfc_2023_q4,TFC,Truist Financial Corporation,2023,Q4,audio,official_ir_webcast,https://ir.truist.com/,ir.truist.com,safe_to_download,true,true,false,false,Keith user-authorized acquisition for Signal Engine 2.0 assessment on 2026-05-24,Keith,2026-05-24T23:38:11+00:00,,,,sha256:b6f6cdde19aee675260d2a1c406d8322c3a0cb28253e61c1500aa89fcca88294,
src_d8392994b232e145c,cof_2023_q4,COF,Capital One Financial Corporation,2023,Q4,transcript,official_ir_transcript,https://investor.capitalone.com/,investor.capitalone.com,safe_to_download,true,true,false,false,Keith user-authorized acquisition for Signal Engine 2.0 assessment on 2026-05-24,Keith,2026-05-24T23:38:11+00:00,,,,sha256:095f4fdccb14fc9485996544751c4e4c238deb39e79c76fc4e5d497b8d147428,
src_8c98af7be52a4da36,cof_2023_q4,COF,Capital One Financial Corporation,2023,Q4,audio,official_ir_webcast,https://investor.capitalone.com/,investor.capitalone.com,safe_to_download,true,true,false,false,Keith user-authorized acquisition for Signal Engine 2.0 assessment on 2026-05-24,Keith,2026-05-24T23:38:11+00:00,,,,sha256:b5bcca0c73c47b418b80f4e35c21f9f1c4fe17544055363137c62a32ac5b05d7,
src_47af6db2a5d1de57f,axp_2023_q4,AXP,American Express Company,2023,Q4,transcript,official_ir_transcript,https://ir.americanexpress.com/,ir.americanexpress.com,safe_to_download,true,true,false,false,Keith user-authorized acquisition for Signal Engine 2.0 assessment on 2026-05-24,Keith,2026-05-24T23:38:11+00:00,,,,sha256:d63ba309ab18428ae064afb76b728d9a1d7c85853588e69b174c2eee53ce58cd,
src_e1f9b4354b0be4b9d,axp_2023_q4,AXP,American Express Company,2023,Q4,audio,official_ir_webcast,https://ir.americanexpress.com/,ir.americanexpress.com,safe_to_download,true,true,false,false,Keith user-authorized acquisition for Signal Engine 2.0 assessment on 2026-05-24,Keith,2026-05-24T23:38:11+00:00,,,,sha256:fb7b8275de52cbed48b1c435ac883cb80076c0fb9b9e682c247f4e22f1029da9,
src_41ff12462f9d576ab,v_2023_q4,V,Visa Inc.,2023,Q4,transcript,official_ir_transcript,https://investor.visa.com/,investor.visa.com,safe_to_download,true,true,false,false,Keith user-authorized acquisition for Signal Engine 2.0 assessment on 2026-05-24,Keith,2026-05-24T23:38:11+00:00,,,,sha256:5ff3ca492028fccaff3f68536355a14cf0945387f0f89d90aae90ee9aaa5cf2a,
src_81b72d11b1f8fb87b,v_2023_q4,V,Visa Inc.,2023,Q4,audio,official_ir_webcast,https://investor.visa.com/,investor.visa.com,safe_to_download,true,true,false,false,Keith user-authorized acquisition for Signal Engine 2.0 assessment on 2026-05-24,Keith,2026-05-24T23:38:11+00:00,,,,sha256:da384294ba293a4193b7b7e5f56ed843ebc781acb5f163be3dd8153b7bba1ccc,
src_451106596499ec515,ma_2023_q4,MA,Mastercard Incorporated,2023,Q4,transcript,official_ir_transcript,https://investor.mastercard.com/,investor.mastercard.com,safe_to_download,true,true,false,false,Keith user-authorized acquisition for Signal Engine 2.0 assessment on 2026-05-24,Keith,2026-05-24T23:38:11+00:00,,,,sha256:d60d3330c593ac8aad3637b57d4f4e6f9a194d7d048f922e37dc1d4255453ee3,
src_e706b02c05f37f4d2,ma_2023_q4,MA,Mastercard Incorporated,2023,Q4,audio,official_ir_webcast,https://investor.mastercard.com/,investor.mastercard.com,safe_to_download,true,true,false,false,Keith user-authorized acquisition for Signal Engine 2.0 assessment on 2026-05-24,Keith,2026-05-24T23:38:11+00:00,,,,sha256:2ed0d49d1d874ef2ebddc3e0d640ec697f85ab6fec3b694afdb6469487ea278d,
src_3281cbda78d71bf7f,fis_2023_q4,FIS,"Fidelity National Information Services, Inc.",2023,Q4,transcript,official_ir_transcript,https://investor.fisglobal.com/,investor.fisglobal.com,safe_to_download,true,true,false,false,Keith user-authorized acquisition for Signal Engine 2.0 assessment on 2026-05-24,Keith,2026-05-24T23:38:11+00:00,,,,sha256:b5d943d3d3b934fe8918555034a922f61a5ee4d4233eba272c6e136622d2782c,
src_179d35630e45c1bbc,fis_2023_q4,FIS,"Fidelity National Information Services, Inc.",2023,Q4,audio,official_ir_webcast,https://investor.fisglobal.com/,investor.fisglobal.com,safe_to_download,true,true,false,false,Keith user-authorized acquisition for Signal Engine 2.0 assessment on 2026-05-24,Keith,2026-05-24T23:38:11+00:00,,,,sha256:d80904d77cb572c1cfb5d4a38d4827f6fc1cf434b77cf6af2778ba3702eed2fc,
src_6ff407d04ee66c784,gpn_2023_q4,GPN,Global Payments Inc.,2023,Q4,transcript,official_ir_transcript,https://investors.globalpayments.com/,investors.globalpayments.com,safe_to_download,true,true,false,false,Keith user-authorized acquisition for Signal Engine 2.0 assessment on 2026-05-24,Keith,2026-05-24T23:38:11+00:00,,,,sha256:82b55a55accdbc61a74e2a5afc45aa7e50d60b0996fbfa78ce7e8b0a86dd0bfa,
src_d1f26b06fcbd610c4,gpn_2023_q4,GPN,Global Payments Inc.,2023,Q4,audio,official_ir_webcast,https://investors.globalpayments.com/,investors.globalpayments.com,safe_to_download,true,true,false,false,Keith user-authorized acquisition for Signal Engine 2.0 assessment on 2026-05-24,Keith,2026-05-24T23:38:11+00:00,,,,sha256:37854904d55b47e59f1bfffae277b801e2b3abee3a05352e520eafc212a1435e,
src_c706ac55ead57913f,blk_2023_q4,BLK,"BlackRock, Inc.",2023,Q4,transcript,official_ir_transcript,https://ir.blackrock.com/,ir.blackrock.com,safe_to_download,true,true,false,false,Keith user-authorized acquisition for Signal Engine 2.0 assessment on 2026-05-24,Keith,2026-05-24T23:38:11+00:00,,,,sha256:3cfecddc7f7bfc6a1df47446136356d194042a5c6d0df59f0a053b432dc4c53f,
src_6db3694eebe60568f,blk_2023_q4,BLK,"BlackRock, Inc.",2023,Q4,audio,official_ir_webcast,https://ir.blackrock.com/,ir.blackrock.com,safe_to_download,true,true,false,false,Keith user-authorized acquisition for Signal Engine 2.0 assessment on 2026-05-24,Keith,2026-05-24T23:38:11+00:00,,,,sha256:730a5cf5476c06de0c2f999bb874d39e181048ac5872b79043bfbf3f67b410af,
src_23f70c2b44a48a2f2,bx_2023_q4,BX,Blackstone Inc.,2023,Q4,transcript,official_ir_transcript,https://ir.blackstone.com/,ir.blackstone.com,safe_to_download,true,true,false,false,Keith user-authorized acquisition for Signal Engine 2.0 assessment on 2026-05-24,Keith,2026-05-24T23:38:11+00:00,,,,sha256:6b36e09f7e5a35d96ca7367dcf19c8e07208b06d86d0d767803918d68ce3c5ec,
src_0b25d9eaca10ccb7f,bx_2023_q4,BX,Blackstone Inc.,2023,Q4,audio,official_ir_webcast,https://ir.blackstone.com/,ir.blackstone.com,safe_to_download,true,true,false,false,Keith user-authorized acquisition for Signal Engine 2.0 assessment on 2026-05-24,Keith,2026-05-24T23:38:11+00:00,,,,sha256:8a9f9626659dd752f583bbe5a1cc9c3e3c51ac922bc2ee09f44cb43795753d46,
src_5adbf76d31e03e835,schw_2023_q4,SCHW,The Charles Schwab Corporation,2023,Q4,transcript,official_ir_transcript,https://www.aboutschwab.com/investor-relations,www.aboutschwab.com,safe_to_download,true,true,false,false,Keith user-authorized acquisition for Signal Engine 2.0 assessment on 2026-05-24,Keith,2026-05-24T23:38:11+00:00,,,,sha256:842d4f1f349873293ec17642acd1459c4f3984eb8befa1b90625e4dc6ebe7089,
src_ce4dd6249ca82f7e9,schw_2023_q4,SCHW,The Charles Schwab Corporation,2023,Q4,audio,official_ir_webcast,https://www.aboutschwab.com/investor-relations,www.aboutschwab.com,safe_to_download,true,true,false,false,Keith user-authorized acquisition for Signal Engine 2.0 assessment on 2026-05-24,Keith,2026-05-24T23:38:11+00:00,,,,sha256:08d0d021bb923a4894c7a63880e540c2acbf689e0be6876ca1e5c176609cd601,
src_d96de502207c0f73b,ice_2023_q4,ICE,"Intercontinental Exchange, Inc.",2023,Q4,transcript,official_ir_transcript,https://ir.theice.com/,ir.theice.com,safe_to_download,true,true,false,false,Keith user-authorized acquisition for Signal Engine 2.0 assessment on 2026-05-24,Keith,2026-05-24T23:38:11+00:00,,,,sha256:7d2a10d5abcba303eb26787d03152434d6e7f8d138379179691f7cefcd9877bb,
src_0a018a9b4840674f2,ice_2023_q4,ICE,"Intercontinental Exchange, Inc.",2023,Q4,audio,official_ir_webcast,https://ir.theice.com/,ir.theice.com,safe_to_download,true,true,false,false,Keith user-authorized acquisition for Signal Engine 2.0 assessment on 2026-05-24,Keith,2026-05-24T23:38:11+00:00,,,,sha256:90f6b403e8ca6a6e1329efa07744ef6dcdc658e7d54399bdb9b4b4b47a0006b1,
src_92c8491dbdc771629,spgi_2023_q4,SPGI,S&P Global Inc.,2023,Q4,transcript,official_ir_transcript,https://investor.spglobal.com/,investor.spglobal.com,safe_to_download,true,true,false,false,Keith user-authorized acquisition for Signal Engine 2.0 assessment on 2026-05-24,Keith,2026-05-24T23:38:11+00:00,,,,sha256:40596d320bade5319a287eaec7494b82f8ab5fcc3a032b83c0b921a11a619cea,
src_07a7c62042982b31c,spgi_2023_q4,SPGI,S&P Global Inc.,2023,Q4,audio,official_ir_webcast,https://investor.spglobal.com/,investor.spglobal.com,safe_to_download,true,true,false,false,Keith user-authorized acquisition for Signal Engine 2.0 assessment on 2026-05-24,Keith,2026-05-24T23:38:11+00:00,,,,sha256:ca247a95583ea429e4a229ed8464d73b6a919ae21580c5ffe8b26435f049243e,
src_37fe698b94b28d379,mco_2023_q4,MCO,Moody's Corporation,2023,Q4,transcript,official_ir_transcript,https://ir.moodys.com/,ir.moodys.com,safe_to_download,true,true,false,false,Keith user-authorized acquisition for Signal Engine 2.0 assessment on 2026-05-24,Keith,2026-05-24T23:38:11+00:00,,,,sha256:19455bf0aaf74d024a3001aca9e1b2110a1cf1c94e30d5a5eb9be114ef4c0acf,
src_4288c22882b4228b1,mco_2023_q4,MCO,Moody's Corporation,2023,Q4,audio,official_ir_webcast,https://ir.moodys.com/,ir.moodys.com,safe_to_download,true,true,false,false,Keith user-authorized acquisition for Signal Engine 2.0 assessment on 2026-05-24,Keith,2026-05-24T23:38:11+00:00,,,,sha256:a16a65386cae61e22cf8c9e6709718711671ea1de2030e8ddf6105b99513b277,
src_c899a00f9db9ba923,aon_2023_q4,AON,Aon plc,2023,Q4,transcript,official_ir_transcript,https://investors.aon.com/,investors.aon.com,safe_to_download,true,true,false,false,Keith user-authorized acquisition for Signal Engine 2.0 assessment on 2026-05-24,Keith,2026-05-24T23:38:11+00:00,,,,sha256:1247c26afdf85b0be2794f3fd9d7206a1fecc9bff4db52f2cfe9fa7649e2330b,
src_954af7698d74f70e1,aon_2023_q4,AON,Aon plc,2023,Q4,audio,official_ir_webcast,https://investors.aon.com/,investors.aon.com,safe_to_download,true,true,false,false,Keith user-authorized acquisition for Signal Engine 2.0 assessment on 2026-05-24,Keith,2026-05-24T23:38:11+00:00,,,,sha256:203bef0e37bd90b2a889659eec1811a297d2a02e25936a69c1619b03efccd103,
src_750df9aa85a4baf42,aig_2023_q4,AIG,"American International Group, Inc.",2023,Q4,transcript,official_ir_transcript,https://www.aig.com/investor-relations,www.aig.com,safe_to_download,true,true,false,false,Keith user-authorized acquisition for Signal Engine 2.0 assessment on 2026-05-24,Keith,2026-05-24T23:38:11+00:00,,,,sha256:4f69436d02c4c6f015fc10ebb0e078b34ba4759574670bceacfd35bb23019b65,
src_1bf7db2256d765b07,aig_2023_q4,AIG,"American International Group, Inc.",2023,Q4,audio,official_ir_webcast,https://www.aig.com/investor-relations,www.aig.com,safe_to_download,true,true,false,false,Keith user-authorized acquisition for Signal Engine 2.0 assessment on 2026-05-24,Keith,2026-05-24T23:38:11+00:00,,,,sha256:4e364eca34bd238129b2f97d315033fa028a2b20f89b871fa3fd5e5d8b9312ca,
src_0e8f2f66c88bed19e,met_2023_q4,MET,"MetLife, Inc.",2023,Q4,transcript,official_ir_transcript,https://investor.metlife.com/,investor.metlife.com,safe_to_download,true,true,false,false,Keith user-authorized acquisition for Signal Engine 2.0 assessment on 2026-05-24,Keith,2026-05-24T23:38:11+00:00,,,,sha256:4b0cad1dbf36a1476cfbca7c2535db6e931ed10c3f546dd431e52f1210bf9927,
src_638787103cb863349,met_2023_q4,MET,"MetLife, Inc.",2023,Q4,audio,official_ir_webcast,https://investor.metlife.com/,investor.metlife.com,safe_to_download,true,true,false,false,Keith user-authorized acquisition for Signal Engine 2.0 assessment on 2026-05-24,Keith,2026-05-24T23:38:11+00:00,,,,sha256:647474e09011341f9c4202466da8563047223ad2c8fb7d09e23d14f723d0253d,
src_ef523275793d9f8f3,pru_2023_q4,PRU,"Prudential Financial, Inc.",2023,Q4,transcript,official_ir_transcript,https://www.investor.prudential.com/,www.investor.prudential.com,safe_to_download,true,true,false,false,Keith user-authorized acquisition for Signal Engine 2.0 assessment on 2026-05-24,Keith,2026-05-24T23:38:11+00:00,,,,sha256:a1dfb3cf40d0c19fe5ed605f828472ab3332e7343bc0ae9ef0364aa60d3eff38,
src_8d5f93fb1892cc4b8,pru_2023_q4,PRU,"Prudential Financial, Inc.",2023,Q4,audio,official_ir_webcast,https://www.investor.prudential.com/,www.investor.prudential.com,safe_to_download,true,true,false,false,Keith user-authorized acquisition for Signal Engine 2.0 assessment on 2026-05-24,Keith,2026-05-24T23:38:11+00:00,,,,sha256:82ff5f8f5d70fe541ea718abee592e46304f52a306d9754f89b0d3db8ffe7823,
src_85a94e9a47ecf8f5c,trv_2023_q4,TRV,"The Travelers Companies, Inc.",2023,Q4,transcript,official_ir_transcript,https://investor.travelers.com/,investor.travelers.com,safe_to_download,true,true,false,false,Keith user-authorized acquisition for Signal Engine 2.0 assessment on 2026-05-24,Keith,2026-05-24T23:38:11+00:00,,,,sha256:6a9d943bf08d18482ba2ed2c458335de009acd96469eaafdbe71cb8beec7a137,
src_2d7b22c6fc72910b2,trv_2023_q4,TRV,"The Travelers Companies, Inc.",2023,Q4,audio,official_ir_webcast,https://investor.travelers.com/,investor.travelers.com,safe_to_download,true,true,false,false,Keith user-authorized acquisition for Signal Engine 2.0 assessment on 2026-05-24,Keith,2026-05-24T23:38:11+00:00,,,,sha256:6a4fe8360bc60fd3393b9b58230c69f5ac1f4a798eae066df1153f76ea79d384,
src_6224a9dcb4192b421,cb_2023_q4,CB,Chubb Limited,2023,Q4,transcript,official_ir_transcript,https://investors.chubb.com/,investors.chubb.com,safe_to_download,true,true,false,false,Keith user-authorized acquisition for Signal Engine 2.0 assessment on 2026-05-24,Keith,2026-05-24T23:38:11+00:00,,,,sha256:98fac619b174662a2353f24c35563776ecbc49e14027e5817128fdf992e41674,
src_2d399063c29c9568d,cb_2023_q4,CB,Chubb Limited,2023,Q4,audio,official_ir_webcast,https://investors.chubb.com/,investors.chubb.com,safe_to_download,true,true,false,false,Keith user-authorized acquisition for Signal Engine 2.0 assessment on 2026-05-24,Keith,2026-05-24T23:38:11+00:00,,,,sha256:f651c0285bacb9d820d183bc62d3dda4d5f1b8d1ccdd7f441dd116b0ef650ac1,
src_171451260e34f8845,jnj_2023_q4,JNJ,Johnson & Johnson,2023,Q4,transcript,official_ir_transcript,https://www.investor.jnj.com/,www.investor.jnj.com,safe_to_download,true,true,false,false,Keith user-authorized acquisition for Signal Engine 2.0 assessment on 2026-05-24,Keith,2026-05-24T23:38:11+00:00,,,,sha256:c082f6219cb15ebda59aa1ecab597eb68013f6150eaac3565b6840c4ef4da53a,
src_531bed95f73213676,jnj_2023_q4,JNJ,Johnson & Johnson,2023,Q4,audio,official_ir_webcast,https://www.investor.jnj.com/,www.investor.jnj.com,safe_to_download,true,true,false,false,Keith user-authorized acquisition for Signal Engine 2.0 assessment on 2026-05-24,Keith,2026-05-24T23:38:11+00:00,,,,sha256:77603f9146b15563d35e7c87cb9cde65365c0dbd7b165171a924dbb063bd360b,
src_22b8268226d870439,lly_2023_q4,LLY,Eli Lilly and Company,2023,Q4,transcript,official_ir_transcript,https://investor.lilly.com/,investor.lilly.com,safe_to_download,true,true,false,false,Keith user-authorized acquisition for Signal Engine 2.0 assessment on 2026-05-24,Keith,2026-05-24T23:38:11+00:00,,,,sha256:983a9770d181ec49ae26b0028ab56da1d6d502453ab5be37aa12d86a5d08bd38,
src_c32c89a5814d0ce96,lly_2023_q4,LLY,Eli Lilly and Company,2023,Q4,audio,official_ir_webcast,https://investor.lilly.com/,investor.lilly.com,safe_to_download,true,true,false,false,Keith user-authorized acquisition for Signal Engine 2.0 assessment on 2026-05-24,Keith,2026-05-24T23:38:11+00:00,,,,sha256:92fe5a646f1b2ee18f2d707e08d292c9ee325bdaea34ccdb972f89641d7ee384,
src_29c234b3cab5b81d1,mrk_2023_q4,MRK,"Merck & Co., Inc.",2023,Q4,transcript,official_ir_transcript,https://www.merck.com/investor-relations/,www.merck.com,safe_to_download,true,true,false,false,Keith user-authorized acquisition for Signal Engine 2.0 assessment on 2026-05-24,Keith,2026-05-24T23:38:11+00:00,,,,sha256:e0ea0d44bec84e5fee9783965064b50e613ce86d22f933630bb9384b799b672c,
src_26875b8dfff62a8c2,mrk_2023_q4,MRK,"Merck & Co., Inc.",2023,Q4,audio,official_ir_webcast,https://www.merck.com/investor-relations/,www.merck.com,safe_to_download,true,true,false,false,Keith user-authorized acquisition for Signal Engine 2.0 assessment on 2026-05-24,Keith,2026-05-24T23:38:11+00:00,,,,sha256:8e961ae347694c8ac78040e4a7e6fd548ecc8d3a98638a1e65919b9ba845652c,
src_a5f0047c773caae33,pfe_2023_q4,PFE,Pfizer Inc.,2023,Q4,transcript,official_ir_transcript,https://investors.pfizer.com/,investors.pfizer.com,safe_to_download,true,true,false,false,Keith user-authorized acquisition for Signal Engine 2.0 assessment on 2026-05-24,Keith,2026-05-24T23:38:11+00:00,,,,sha256:586061195bf7734faf16027cac33b71e4ad8d3505ca49d1850d818911aadeb0c,
src_a07ac1b30c95b7f37,pfe_2023_q4,PFE,Pfizer Inc.,2023,Q4,audio,official_ir_webcast,https://investors.pfizer.com/,investors.pfizer.com,safe_to_download,true,true,false,false,Keith user-authorized acquisition for Signal Engine 2.0 assessment on 2026-05-24,Keith,2026-05-24T23:38:11+00:00,,,,sha256:fd6473254b054965e1424721f469b9a34637359be563b68dede4a0e63e470871,
src_0d7396ce6335899fd,unh_2023_q4,UNH,UnitedHealth Group Incorporated,2023,Q4,transcript,official_ir_transcript,https://www.unitedhealthgroup.com/investors.html,www.unitedhealthgroup.com,safe_to_download,true,true,false,false,Keith user-authorized acquisition for Signal Engine 2.0 assessment on 2026-05-24,Keith,2026-05-24T23:38:11+00:00,,,,sha256:0268924860857fbb01358e03a2b7722989aa321b79e64149a8ef5113883101db,
src_8a8a4c49beee676ea,unh_2023_q4,UNH,UnitedHealth Group Incorporated,2023,Q4,audio,official_ir_webcast,https://www.unitedhealthgroup.com/investors.html,www.unitedhealthgroup.com,safe_to_download,true,true,false,false,Keith user-authorized acquisition for Signal Engine 2.0 assessment on 2026-05-24,Keith,2026-05-24T23:38:11+00:00,,,,sha256:5bce5187898a3ded2898ed91a6d9905477be19be1178c7c89d02e067a215d36b,
src_0a074e72242f35721,cvs_2023_q4,CVS,CVS Health Corporation,2023,Q4,transcript,official_ir_transcript,https://investors.cvshealth.com/,investors.cvshealth.com,safe_to_download,true,true,false,false,Keith user-authorized acquisition for Signal Engine 2.0 assessment on 2026-05-24,Keith,2026-05-24T23:38:11+00:00,,,,sha256:f46020fe79bac15c632109b52dc16a80c3305ca3e9fe591fc69c062dbb034599,
src_cfc75c42e060ee11a,cvs_2023_q4,CVS,CVS Health Corporation,2023,Q4,audio,official_ir_webcast,https://investors.cvshealth.com/,investors.cvshealth.com,safe_to_download,true,true,false,false,Keith user-authorized acquisition for Signal Engine 2.0 assessment on 2026-05-24,Keith,2026-05-24T23:38:11+00:00,,,,sha256:360d98b0d32731be932176ccb67d77fd420aa1963ba35f2075d96466ee52e740,
src_4891413daf6e9d365,abt_2023_q4,ABT,Abbott Laboratories,2023,Q4,transcript,official_ir_transcript,https://www.abbottinvestor.com/,www.abbottinvestor.com,safe_to_download,true,true,false,false,Keith user-authorized acquisition for Signal Engine 2.0 assessment on 2026-05-24,Keith,2026-05-24T23:38:11+00:00,,,,sha256:38ff61334578c2e0b208cdc1bed7f2f6a1c0aa832348f5f3c871546ab68f11de,
src_70b13f64ee5be8324,abt_2023_q4,ABT,Abbott Laboratories,2023,Q4,audio,official_ir_webcast,https://www.abbottinvestor.com/,www.abbottinvestor.com,safe_to_download,true,true,false,false,Keith user-authorized acquisition for Signal Engine 2.0 assessment on 2026-05-24,Keith,2026-05-24T23:38:11+00:00,,,,sha256:ac1c84d19e2efd338da8cbe591b187d23161d871db811e33e37da5febe828268,
src_e488316649ea1fb7e,bmy_2023_q4,BMY,Bristol Myers Squibb Company,2023,Q4,transcript,official_ir_transcript,https://investors.bms.com/,investors.bms.com,safe_to_download,true,true,false,false,Keith user-authorized acquisition for Signal Engine 2.0 assessment on 2026-05-24,Keith,2026-05-24T23:38:11+00:00,,,,sha256:9857272f6ab1d18875ab5504f5a3057f539ec330d6e50850cf81b1b16773f5d9,
src_675eccacbf3c986f7,bmy_2023_q4,BMY,Bristol Myers Squibb Company,2023,Q4,audio,official_ir_webcast,https://investors.bms.com/,investors.bms.com,safe_to_download,true,true,false,false,Keith user-authorized acquisition for Signal Engine 2.0 assessment on 2026-05-24,Keith,2026-05-24T23:38:11+00:00,,,,sha256:b016d0711d97db698dfca1dc60244d86f37d6f0e3dc4771142d3730f46012c28,
src_9acb5ef5a66026a26,mdt_2023_q4,MDT,Medtronic plc,2023,Q4,transcript,official_ir_transcript,https://investorrelations.medtronic.com/,investorrelations.medtronic.com,safe_to_download,true,true,false,false,Keith user-authorized acquisition for Signal Engine 2.0 assessment on 2026-05-24,Keith,2026-05-24T23:38:11+00:00,,,,sha256:dfa38ea7567e0a77ad00a205963e87981f8ac7d32ab19e569ec55d01b3aaf406,
src_adb735ccf7a87460c,mdt_2023_q4,MDT,Medtronic plc,2023,Q4,audio,official_ir_webcast,https://investorrelations.medtronic.com/,investorrelations.medtronic.com,safe_to_download,true,true,false,false,Keith user-authorized acquisition for Signal Engine 2.0 assessment on 2026-05-24,Keith,2026-05-24T23:38:11+00:00,,,,sha256:8a23eb25c40b73f5b2f66754a3863c9ebddd0ea6c969ad2e62223b2556074e66,
src_890dc17f2151116a5,tmo_2023_q4,TMO,Thermo Fisher Scientific Inc.,2023,Q4,transcript,official_ir_transcript,https://ir.thermofisher.com/,ir.thermofisher.com,safe_to_download,true,true,false,false,Keith user-authorized acquisition for Signal Engine 2.0 assessment on 2026-05-24,Keith,2026-05-24T23:38:11+00:00,,,,sha256:26e16a193fb3d850efbc1448a38b1aae049e6df605d240a7f444ab68b5d52c60,
src_03953c52d229add51,tmo_2023_q4,TMO,Thermo Fisher Scientific Inc.,2023,Q4,audio,official_ir_webcast,https://ir.thermofisher.com/,ir.thermofisher.com,safe_to_download,true,true,false,false,Keith user-authorized acquisition for Signal Engine 2.0 assessment on 2026-05-24,Keith,2026-05-24T23:38:11+00:00,,,,sha256:74b2d18c9cb8eed72fbf115aad6f6843f2a4c4606f57407414af63011b5a6989,
src_0ed34e53a2d9f95a7,dhr_2023_q4,DHR,Danaher Corporation,2023,Q4,transcript,official_ir_transcript,https://investors.danaher.com/,investors.danaher.com,safe_to_download,true,true,false,false,Keith user-authorized acquisition for Signal Engine 2.0 assessment on 2026-05-24,Keith,2026-05-24T23:38:11+00:00,,,,sha256:c0392b22ee5d35809d8a53b5374456e0c344a5116a3c034f25220f63e0a51469,
src_0ae9e20396c95b064,dhr_2023_q4,DHR,Danaher Corporation,2023,Q4,audio,official_ir_webcast,https://investors.danaher.com/,investors.danaher.com,safe_to_download,true,true,false,false,Keith user-authorized acquisition for Signal Engine 2.0 assessment on 2026-05-24,Keith,2026-05-24T23:38:11+00:00,,,,sha256:dd8a0ad417e379176c579021df89ced69e979336261c72a365d3617cd0f25ee7,
src_564397cea042eeeb1,bdx_2023_q4,BDX,"Becton, Dickinson and Company",2023,Q4,transcript,official_ir_transcript,https://investors.bd.com/,investors.bd.com,safe_to_download,true,true,false,false,Keith user-authorized acquisition for Signal Engine 2.0 assessment on 2026-05-24,Keith,2026-05-24T23:38:11+00:00,,,,sha256:be612ec0057a950145dec0a6d78816c5ec6aced9a15d3a3f7db4111734cf9897,
src_b94122ee76dab9e34,bdx_2023_q4,BDX,"Becton, Dickinson and Company",2023,Q4,audio,official_ir_webcast,https://investors.bd.com/,investors.bd.com,safe_to_download,true,true,false,false,Keith user-authorized acquisition for Signal Engine 2.0 assessment on 2026-05-24,Keith,2026-05-24T23:38:11+00:00,,,,sha256:94f3279e091c4927f447478c0960e66394cbe904d34647702454c2defdd73a2a,
src_440477b298c199d97,ci_2023_q4,CI,The Cigna Group,2023,Q4,transcript,official_ir_transcript,https://investors.thecignagroup.com/,investors.thecignagroup.com,safe_to_download,true,true,false,false,Keith user-authorized acquisition for Signal Engine 2.0 assessment on 2026-05-24,Keith,2026-05-24T23:38:11+00:00,,,,sha256:2e0cb633d9ce5ec96786cbcac7833c0eeb11550721a6a39370c5db71f4147cfa,
src_7aaf09a3971f616b2,ci_2023_q4,CI,The Cigna Group,2023,Q4,audio,official_ir_webcast,https://investors.thecignagroup.com/,investors.thecignagroup.com,safe_to_download,true,true,false,false,Keith user-authorized acquisition for Signal Engine 2.0 assessment on 2026-05-24,Keith,2026-05-24T23:38:11+00:00,,,,sha256:cf9b43abbf558c602fd56f950fbf37911c7a28d36bc580ed6b820519d1f7aeb0,
src_f24cabdda3634080f,hca_2023_q4,HCA,"HCA Healthcare, Inc.",2023,Q4,transcript,official_ir_transcript,https://investor.hcahealthcare.com/,investor.hcahealthcare.com,safe_to_download,true,true,false,false,Keith user-authorized acquisition for Signal Engine 2.0 assessment on 2026-05-24,Keith,2026-05-24T23:38:11+00:00,,,,sha256:8ebd71c355ee96cba5946b10a365f2adf8e14994d5d48dc9b460532b001dbc5a,
src_e83599cfb8ece561b,hca_2023_q4,HCA,"HCA Healthcare, Inc.",2023,Q4,audio,official_ir_webcast,https://investor.hcahealthcare.com/,investor.hcahealthcare.com,safe_to_download,true,true,false,false,Keith user-authorized acquisition for Signal Engine 2.0 assessment on 2026-05-24,Keith,2026-05-24T23:38:11+00:00,,,,sha256:337faddc8894604463774875c6908e0b7130066d9178b368a061d05b26a4a4fd,
src_a989a4ddd4dd3836a,syk_2023_q4,SYK,Stryker Corporation,2023,Q4,transcript,official_ir_transcript,https://investors.stryker.com/,investors.stryker.com,safe_to_download,true,true,false,false,Keith user-authorized acquisition for Signal Engine 2.0 assessment on 2026-05-24,Keith,2026-05-24T23:38:11+00:00,,,,sha256:541f9b571ab4d4d1cdc96305f4aad0ce135dbcecaf5aac047e47206b295885ab,
src_aed71859a433c44f3,syk_2023_q4,SYK,Stryker Corporation,2023,Q4,audio,official_ir_webcast,https://investors.stryker.com/,investors.stryker.com,safe_to_download,true,true,false,false,Keith user-authorized acquisition for Signal Engine 2.0 assessment on 2026-05-24,Keith,2026-05-24T23:38:11+00:00,,,,sha256:ced522758b4fcc080d7b822cfd76659add6a60fadb241ec9574c5e51afadd670,
src_de8748f0d430a3084,xom_2023_q4,XOM,Exxon Mobil Corporation,2023,Q4,transcript,official_ir_transcript,https://corporate.exxonmobil.com/investors,corporate.exxonmobil.com,safe_to_download,true,true,false,false,Keith user-authorized acquisition for Signal Engine 2.0 assessment on 2026-05-24,Keith,2026-05-24T23:38:11+00:00,,,,sha256:85f48cf16c3048ecc2b4998dec731c749e14fdbce06837a3721b1dde08061780,
src_8461e749d8596ece3,xom_2023_q4,XOM,Exxon Mobil Corporation,2023,Q4,audio,official_ir_webcast,https://corporate.exxonmobil.com/investors,corporate.exxonmobil.com,safe_to_download,true,true,false,false,Keith user-authorized acquisition for Signal Engine 2.0 assessment on 2026-05-24,Keith,2026-05-24T23:38:11+00:00,,,,sha256:edb4cc30fa3ef490236475cfbc5d59ff06682c11ddd50815cd289ab4d4cc3c9e,
src_043976f36da944c4a,cvx_2023_q4,CVX,Chevron Corporation,2023,Q4,transcript,official_ir_transcript,https://www.chevron.com/investors,www.chevron.com,safe_to_download,true,true,false,false,Keith user-authorized acquisition for Signal Engine 2.0 assessment on 2026-05-24,Keith,2026-05-24T23:38:11+00:00,,,,sha256:5bed791d26972ca08be29717ca97a5ed93f7a88f2c8ee4684560f6996525b34d,
src_8873e46941ecbd516,cvx_2023_q4,CVX,Chevron Corporation,2023,Q4,audio,official_ir_webcast,https://www.chevron.com/investors,www.chevron.com,safe_to_download,true,true,false,false,Keith user-authorized acquisition for Signal Engine 2.0 assessment on 2026-05-24,Keith,2026-05-24T23:38:11+00:00,,,,sha256:23905cbe8a89271b3f185f62a0cca1206c2108779983c30d9004898db9956898,
src_8f5bcefbeb13c6eee,cop_2023_q4,COP,ConocoPhillips,2023,Q4,transcript,official_ir_transcript,https://www.conocophillips.com/investor-relations/,www.conocophillips.com,safe_to_download,true,true,false,false,Keith user-authorized acquisition for Signal Engine 2.0 assessment on 2026-05-24,Keith,2026-05-24T23:38:11+00:00,,,,sha256:5e5bd0c2e231c8f73eb5f4c4f90f17d25e36883df3dae607098ef5291fe4e409,
src_9e871cea1dd6eba08,cop_2023_q4,COP,ConocoPhillips,2023,Q4,audio,official_ir_webcast,https://www.conocophillips.com/investor-relations/,www.conocophillips.com,safe_to_download,true,true,false,false,Keith user-authorized acquisition for Signal Engine 2.0 assessment on 2026-05-24,Keith,2026-05-24T23:38:11+00:00,,,,sha256:e3b9633df0f9ad0748467318888689771ab75778a9db35b0bf97e57d57391f33,
src_87a757b23f73626a6,slb_2023_q4,SLB,SLB,2023,Q4,transcript,official_ir_transcript,https://investorcenter.slb.com/,investorcenter.slb.com,safe_to_download,true,true,false,false,Keith user-authorized acquisition for Signal Engine 2.0 assessment on 2026-05-24,Keith,2026-05-24T23:38:11+00:00,,,,sha256:35012716d9f82c0c058339f3eedc8a2789f4a1a28cd8e7da5d9d40917ea95794,
src_8712adff12585e8c8,slb_2023_q4,SLB,SLB,2023,Q4,audio,official_ir_webcast,https://investorcenter.slb.com/,investorcenter.slb.com,safe_to_download,true,true,false,false,Keith user-authorized acquisition for Signal Engine 2.0 assessment on 2026-05-24,Keith,2026-05-24T23:38:11+00:00,,,,sha256:014e7356375d54743dd8dd1c8e46a697c4e355b2ca96a99787f9c04176c18566,
src_11c19eccf79677a81,hal_2023_q4,HAL,Halliburton Company,2023,Q4,transcript,official_ir_transcript,https://ir.halliburton.com/,ir.halliburton.com,safe_to_download,true,true,false,false,Keith user-authorized acquisition for Signal Engine 2.0 assessment on 2026-05-24,Keith,2026-05-24T23:38:11+00:00,,,,sha256:371bb619b288fcd4bc76f1f100d28d25fd06d1fc5ffa66141e0d3bcc51e601fb,
src_5d1794ae15b98d458,hal_2023_q4,HAL,Halliburton Company,2023,Q4,audio,official_ir_webcast,https://ir.halliburton.com/,ir.halliburton.com,safe_to_download,true,true,false,false,Keith user-authorized acquisition for Signal Engine 2.0 assessment on 2026-05-24,Keith,2026-05-24T23:38:11+00:00,,,,sha256:202039c5a0c1742e8cccaae6690cfa0b58802e25117d6e2db9ea53159a3f7a1f,
src_1ea47cfd0094b3866,eog_2023_q4,EOG,"EOG Resources, Inc.",2023,Q4,transcript,official_ir_transcript,https://investors.eogresources.com/,investors.eogresources.com,safe_to_download,true,true,false,false,Keith user-authorized acquisition for Signal Engine 2.0 assessment on 2026-05-24,Keith,2026-05-24T23:38:11+00:00,,,,sha256:a7de3faea2c204879558342ad1f19df25706b6a8c6448dbbc2433dc9d5e5f4b4,
src_0cc5cae215b473063,eog_2023_q4,EOG,"EOG Resources, Inc.",2023,Q4,audio,official_ir_webcast,https://investors.eogresources.com/,investors.eogresources.com,safe_to_download,true,true,false,false,Keith user-authorized acquisition for Signal Engine 2.0 assessment on 2026-05-24,Keith,2026-05-24T23:38:11+00:00,,,,sha256:53cce2899b4394071d20327b45d8eea8d4c731b6d38da72094dd0712d3f06098,
src_5fec337240998650d,oxy_2023_q4,OXY,Occidental Petroleum Corporation,2023,Q4,transcript,official_ir_transcript,https://www.oxy.com/investors/,www.oxy.com,safe_to_download,true,true,false,false,Keith user-authorized acquisition for Signal Engine 2.0 assessment on 2026-05-24,Keith,2026-05-24T23:38:11+00:00,,,,sha256:7717e06925f99b44d331430c570528492b0cd1f66ef51e89be0230a3b5d8155e,
src_e9bca59eaab1b09a9,oxy_2023_q4,OXY,Occidental Petroleum Corporation,2023,Q4,audio,official_ir_webcast,https://www.oxy.com/investors/,www.oxy.com,safe_to_download,true,true,false,false,Keith user-authorized acquisition for Signal Engine 2.0 assessment on 2026-05-24,Keith,2026-05-24T23:38:11+00:00,,,,sha256:48a1356a852c6df3de40f65275a63cf10a64139513ec9dcaae7e2352b4992610,
src_b36c084097e1ca5bf,mpc_2023_q4,MPC,Marathon Petroleum Corporation,2023,Q4,transcript,official_ir_transcript,https://www.marathonpetroleum.com/Investors/,www.marathonpetroleum.com,safe_to_download,true,true,false,false,Keith user-authorized acquisition for Signal Engine 2.0 assessment on 2026-05-24,Keith,2026-05-24T23:38:11+00:00,,,,sha256:2a71c2a0784040e55a6a8a1b18f6b34bcd509345c297cf12586cbfb90322fcdc,
src_5f94b3c338d32084a,mpc_2023_q4,MPC,Marathon Petroleum Corporation,2023,Q4,audio,official_ir_webcast,https://www.marathonpetroleum.com/Investors/,www.marathonpetroleum.com,safe_to_download,true,true,false,false,Keith user-authorized acquisition for Signal Engine 2.0 assessment on 2026-05-24,Keith,2026-05-24T23:38:11+00:00,,,,sha256:4d6c9c45569e72e8fc1966e061456d2a5b3a27af77e6ad3e5c2e971d40fccbfa,
src_0e42d5f626f049199,psx_2023_q4,PSX,Phillips 66,2023,Q4,transcript,official_ir_transcript,https://investor.phillips66.com/,investor.phillips66.com,safe_to_download,true,true,false,false,Keith user-authorized acquisition for Signal Engine 2.0 assessment on 2026-05-24,Keith,2026-05-24T23:38:11+00:00,,,,sha256:7c45ecfae1ca65ee887084a626d9e487648abfd1a240b89eb875258831b4d052,
src_64f13e303224528a3,psx_2023_q4,PSX,Phillips 66,2023,Q4,audio,official_ir_webcast,https://investor.phillips66.com/,investor.phillips66.com,safe_to_download,true,true,false,false,Keith user-authorized acquisition for Signal Engine 2.0 assessment on 2026-05-24,Keith,2026-05-24T23:38:11+00:00,,,,sha256:08e600530d524543b0b110b277e7d0f7ab277e4cd68ef928085f4c6e7253b80d,
src_f29254ba000bdc3d4,vlo_2023_q4,VLO,Valero Energy Corporation,2023,Q4,transcript,official_ir_transcript,https://investorvalero.com/,investorvalero.com,safe_to_download,true,true,false,false,Keith user-authorized acquisition for Signal Engine 2.0 assessment on 2026-05-24,Keith,2026-05-24T23:38:11+00:00,,,,sha256:beeae48b4e93c60a52a89ab7993873a4581a94524d9acbfabf07c4892d9e16b7,
src_097b5217248de28d3,vlo_2023_q4,VLO,Valero Energy Corporation,2023,Q4,audio,official_ir_webcast,https://investorvalero.com/,investorvalero.com,safe_to_download,true,true,false,false,Keith user-authorized acquisition for Signal Engine 2.0 assessment on 2026-05-24,Keith,2026-05-24T23:38:11+00:00,,,,sha256:c5e4a1f04716e3a28ded9f998e3e56a2bc102944ae33d641f21a97b5bd28f5cc,
src_d6375acc4d6b61c23,ba_2023_q4,BA,The Boeing Company,2023,Q4,transcript,official_ir_transcript,https://investors.boeing.com/,investors.boeing.com,safe_to_download,true,true,false,false,Keith user-authorized acquisition for Signal Engine 2.0 assessment on 2026-05-24,Keith,2026-05-24T23:38:11+00:00,,,,sha256:a5cdb3ee31dcebec1fa88c6fd975576bd128f619f26c46b73a5ce31d576e0f82,
src_fa7d092fc306a7013,ba_2023_q4,BA,The Boeing Company,2023,Q4,audio,official_ir_webcast,https://investors.boeing.com/,investors.boeing.com,safe_to_download,true,true,false,false,Keith user-authorized acquisition for Signal Engine 2.0 assessment on 2026-05-24,Keith,2026-05-24T23:38:11+00:00,,,,sha256:c27d3a483d61959adef6356c331fba2232bb2810b24e6653ca18d6ab8fc4e86b,
src_3312a1dfbe65a6169,rtx_2023_q4,RTX,RTX Corporation,2023,Q4,transcript,official_ir_transcript,https://www.rtx.com/investors,www.rtx.com,safe_to_download,true,true,false,false,Keith user-authorized acquisition for Signal Engine 2.0 assessment on 2026-05-24,Keith,2026-05-24T23:38:11+00:00,,,,sha256:70a4f825bfe467f4351b78bb3bcf3e79bf866289c852714405dd6f3a15d73fcc,
src_61c873d37534c1f66,rtx_2023_q4,RTX,RTX Corporation,2023,Q4,audio,official_ir_webcast,https://www.rtx.com/investors,www.rtx.com,safe_to_download,true,true,false,false,Keith user-authorized acquisition for Signal Engine 2.0 assessment on 2026-05-24,Keith,2026-05-24T23:38:11+00:00,,,,sha256:2ba7ec0368b0dd8382ccbc30f0d32b82ade8f309691c6f7aed69358fa881b6c5,
src_3c4cbf3203eea4735,lmt_2023_q4,LMT,Lockheed Martin Corporation,2023,Q4,transcript,official_ir_transcript,https://investors.lockheedmartin.com/,investors.lockheedmartin.com,safe_to_download,true,true,false,false,Keith user-authorized acquisition for Signal Engine 2.0 assessment on 2026-05-24,Keith,2026-05-24T23:38:11+00:00,,,,sha256:23be322f3e5a8970d160712d17298dfe4c25a8ad1c2f23715176275046d2d4e3,
src_fb3a2608771e8d8d9,lmt_2023_q4,LMT,Lockheed Martin Corporation,2023,Q4,audio,official_ir_webcast,https://investors.lockheedmartin.com/,investors.lockheedmartin.com,safe_to_download,true,true,false,false,Keith user-authorized acquisition for Signal Engine 2.0 assessment on 2026-05-24,Keith,2026-05-24T23:38:11+00:00,,,,sha256:c4b90b56f88bd6e64e81957b8dba2bfc8c7fe47d21c8f4c8ba97d6936903b8fa,
src_4fb557cf7b7548404,noc_2023_q4,NOC,Northrop Grumman Corporation,2023,Q4,transcript,official_ir_transcript,https://investor.northropgrumman.com/,investor.northropgrumman.com,safe_to_download,true,true,false,false,Keith user-authorized acquisition for Signal Engine 2.0 assessment on 2026-05-24,Keith,2026-05-24T23:38:11+00:00,,,,sha256:154c0c6cde38b4c75fffe2f43b95b077b0a980b010d8f9aa818b7959f3f46739,
src_8bd88b4eca03ede33,noc_2023_q4,NOC,Northrop Grumman Corporation,2023,Q4,audio,official_ir_webcast,https://investor.northropgrumman.com/,investor.northropgrumman.com,safe_to_download,true,true,false,false,Keith user-authorized acquisition for Signal Engine 2.0 assessment on 2026-05-24,Keith,2026-05-24T23:38:11+00:00,,,,sha256:0f4328ba38cc5cd349f2b863ce519dec315c74ad474401c835269ce9ad338220,
src_a5a69c3a9eb2109a3,gd_2023_q4,GD,General Dynamics Corporation,2023,Q4,transcript,official_ir_transcript,https://investorrelations.gd.com/,investorrelations.gd.com,safe_to_download,true,true,false,false,Keith user-authorized acquisition for Signal Engine 2.0 assessment on 2026-05-24,Keith,2026-05-24T23:38:11+00:00,,,,sha256:e12b6604780036fc79ae04828acfdb67464d80cd730da87ecfcfd82d08faec86,
src_137b8e7ac22fda811,gd_2023_q4,GD,General Dynamics Corporation,2023,Q4,audio,official_ir_webcast,https://investorrelations.gd.com/,investorrelations.gd.com,safe_to_download,true,true,false,false,Keith user-authorized acquisition for Signal Engine 2.0 assessment on 2026-05-24,Keith,2026-05-24T23:38:11+00:00,,,,sha256:d8f825936da9197c9e69df43ddb6c53e5f7ae28e350ef1902ef06d6933be5745,
src_c94222d31c8e68058,cat_2023_q4,CAT,Caterpillar Inc.,2023,Q4,transcript,official_ir_transcript,https://investors.caterpillar.com/,investors.caterpillar.com,safe_to_download,true,true,false,false,Keith user-authorized acquisition for Signal Engine 2.0 assessment on 2026-05-24,Keith,2026-05-24T23:38:11+00:00,,,,sha256:5485d18b41cdfc0d1692974cabad0509f40b5eed7b541b7163e527e52c6d8d15,
src_fce360971986a0794,cat_2023_q4,CAT,Caterpillar Inc.,2023,Q4,audio,official_ir_webcast,https://investors.caterpillar.com/,investors.caterpillar.com,safe_to_download,true,true,false,false,Keith user-authorized acquisition for Signal Engine 2.0 assessment on 2026-05-24,Keith,2026-05-24T23:38:11+00:00,,,,sha256:ade98c225eb50411960f6e331340b5a4c55869179d8a5ee605a56d09706b4a72,
src_f916a6afe00d4a32d,de_2023_q4,DE,Deere & Company,2023,Q4,transcript,official_ir_transcript,https://investor.deere.com/,investor.deere.com,safe_to_download,true,true,false,false,Keith user-authorized acquisition for Signal Engine 2.0 assessment on 2026-05-24,Keith,2026-05-24T23:38:11+00:00,,,,sha256:f26e91b8dfc72b7ff7dae907c961d754378ab035ba5fbb29cdf331576ff0f350,
src_48f4144ab38e8214d,de_2023_q4,DE,Deere & Company,2023,Q4,audio,official_ir_webcast,https://investor.deere.com/,investor.deere.com,safe_to_download,true,true,false,false,Keith user-authorized acquisition for Signal Engine 2.0 assessment on 2026-05-24,Keith,2026-05-24T23:38:11+00:00,,,,sha256:b5c763f3b3cedf1a5f35b90ef8004e00b90b1f5366a09b0f9fd9a104e809e786,
src_ecb3d02b2476f6c17,ge_2023_q4,GE,GE Aerospace,2023,Q4,transcript,official_ir_transcript,https://www.geaerospace.com/investors,www.geaerospace.com,safe_to_download,true,true,false,false,Keith user-authorized acquisition for Signal Engine 2.0 assessment on 2026-05-24,Keith,2026-05-24T23:38:11+00:00,,,,sha256:eea3e2ff65610ca21551af365d1c5b20f1113a122b4023544f0318f2b62eea7f,
src_e76cd4ecbade8ec4b,ge_2023_q4,GE,GE Aerospace,2023,Q4,audio,official_ir_webcast,https://www.geaerospace.com/investors,www.geaerospace.com,safe_to_download,true,true,false,false,Keith user-authorized acquisition for Signal Engine 2.0 assessment on 2026-05-24,Keith,2026-05-24T23:38:11+00:00,,,,sha256:a8b15e9bad0600e86be713402ac1da1a6a1231209d8e22aa24421f398e6e769c,
src_2a56a248d69d6f1a6,etn_2023_q4,ETN,Eaton Corporation plc,2023,Q4,transcript,official_ir_transcript,https://www.eaton.com/us/en-us/company/investor-relations.html,www.eaton.com,safe_to_download,true,true,false,false,Keith user-authorized acquisition for Signal Engine 2.0 assessment on 2026-05-24,Keith,2026-05-24T23:38:11+00:00,,,,sha256:e32123657f824b8de119d23bdd11dc88465a9e82f70532c7aa34858be2bf8e2d,
src_2f5e99218ae9c05ee,etn_2023_q4,ETN,Eaton Corporation plc,2023,Q4,audio,official_ir_webcast,https://www.eaton.com/us/en-us/company/investor-relations.html,www.eaton.com,safe_to_download,true,true,false,false,Keith user-authorized acquisition for Signal Engine 2.0 assessment on 2026-05-24,Keith,2026-05-24T23:38:11+00:00,,,,sha256:9ae1707da2cc112bd796f579d17268a6cc7369cbf01c184200cb30e903ed2de5,
src_ee4e6054d40c0683b,emr_2023_q4,EMR,Emerson Electric Co.,2023,Q4,transcript,official_ir_transcript,https://www.emerson.com/en-us/investors,www.emerson.com,safe_to_download,true,true,false,false,Keith user-authorized acquisition for Signal Engine 2.0 assessment on 2026-05-24,Keith,2026-05-24T23:38:11+00:00,,,,sha256:732a3f25317e6f0b289f4074ac3225c435c7104cee410c3d717595f72b23f214,
src_7c502c05744694ad3,emr_2023_q4,EMR,Emerson Electric Co.,2023,Q4,audio,official_ir_webcast,https://www.emerson.com/en-us/investors,www.emerson.com,safe_to_download,true,true,false,false,Keith user-authorized acquisition for Signal Engine 2.0 assessment on 2026-05-24,Keith,2026-05-24T23:38:11+00:00,,,,sha256:cd0b33dbad760483bbdaaf1e47580dd804921f2a199e215f41ad8d90e6c907d0,
src_3bf38bbe82f76782a,mmm_2023_q4,MMM,3M Company,2023,Q4,transcript,official_ir_transcript,https://investors.3m.com/,investors.3m.com,safe_to_download,true,true,false,false,Keith user-authorized acquisition for Signal Engine 2.0 assessment on 2026-05-24,Keith,2026-05-24T23:38:11+00:00,,,,sha256:5214e71de5a7472d59d4f034ec201a224fd8be19ecc3ce5d56ec0a7658397c6a,
src_3b425c8b80d6bb809,mmm_2023_q4,MMM,3M Company,2023,Q4,audio,official_ir_webcast,https://investors.3m.com/,investors.3m.com,safe_to_download,true,true,false,false,Keith user-authorized acquisition for Signal Engine 2.0 assessment on 2026-05-24,Keith,2026-05-24T23:38:11+00:00,,,,sha256:664263df51f7dafa7c976fcd5d966f6847c939e0880241fd2706dee97097e913,
src_17449b47517c7d6c5,itw_2023_q4,ITW,Illinois Tool Works Inc.,2023,Q4,transcript,official_ir_transcript,https://investor.itw.com/,investor.itw.com,safe_to_download,true,true,false,false,Keith user-authorized acquisition for Signal Engine 2.0 assessment on 2026-05-24,Keith,2026-05-24T23:38:11+00:00,,,,sha256:ff7884e6632bca23faebdea7b0b055395a582da440f399071bf9e1a005fac2a8,
src_6704b655ce7fd77ea,itw_2023_q4,ITW,Illinois Tool Works Inc.,2023,Q4,audio,official_ir_webcast,https://investor.itw.com/,investor.itw.com,safe_to_download,true,true,false,false,Keith user-authorized acquisition for Signal Engine 2.0 assessment on 2026-05-24,Keith,2026-05-24T23:38:11+00:00,,,,sha256:ec9afe5842552e40896602130a05bd626b560f125c3576ccb60252ba8508945d,
src_97f6e9efe838c3b1b,ph_2023_q4,PH,Parker-Hannifin Corporation,2023,Q4,transcript,official_ir_transcript,https://investors.parker.com/,investors.parker.com,safe_to_download,true,true,false,false,Keith user-authorized acquisition for Signal Engine 2.0 assessment on 2026-05-24,Keith,2026-05-24T23:38:11+00:00,,,,sha256:c9e723a767294f80570d278ff75b669823be2a891d5a0c76f14fe83f991b4fdc,
src_1c718ed734e136368,ph_2023_q4,PH,Parker-Hannifin Corporation,2023,Q4,audio,official_ir_webcast,https://investors.parker.com/,investors.parker.com,safe_to_download,true,true,false,false,Keith user-authorized acquisition for Signal Engine 2.0 assessment on 2026-05-24,Keith,2026-05-24T23:38:11+00:00,,,,sha256:91193433fa52ae5b6e6c1072e75eb323effb2f9f352e5453241820f46b4543ac,
src_037ee7974b5ffa888,carr_2023_q4,CARR,Carrier Global Corporation,2023,Q4,transcript,official_ir_transcript,https://ir.carrier.com/,ir.carrier.com,safe_to_download,true,true,false,false,Keith user-authorized acquisition for Signal Engine 2.0 assessment on 2026-05-24,Keith,2026-05-24T23:38:11+00:00,,,,sha256:4fae4f1761928a8a347ee891f4d04294d7680c90a463b176420c14fac7eb0278,
src_46fc750f1f270a78d,carr_2023_q4,CARR,Carrier Global Corporation,2023,Q4,audio,official_ir_webcast,https://ir.carrier.com/,ir.carrier.com,safe_to_download,true,true,false,false,Keith user-authorized acquisition for Signal Engine 2.0 assessment on 2026-05-24,Keith,2026-05-24T23:38:11+00:00,,,,sha256:2f95c4cc1a50ca661ecd7a6d37bac6758415eeaa0ee84abcb7b6a4bc68e1114c,
src_1b1c8f5edde876d01,otis_2023_q4,OTIS,Otis Worldwide Corporation,2023,Q4,transcript,official_ir_transcript,https://www.otis.com/en/us/investors,www.otis.com,safe_to_download,true,true,false,false,Keith user-authorized acquisition for Signal Engine 2.0 assessment on 2026-05-24,Keith,2026-05-24T23:38:11+00:00,,,,sha256:411c967306f78b821a90e9d00718e5709eeede985f47fdf9f3bb14baa5f0ce4e,
src_1dec139b1d72f8e73,otis_2023_q4,OTIS,Otis Worldwide Corporation,2023,Q4,audio,official_ir_webcast,https://www.otis.com/en/us/investors,www.otis.com,safe_to_download,true,true,false,false,Keith user-authorized acquisition for Signal Engine 2.0 assessment on 2026-05-24,Keith,2026-05-24T23:38:11+00:00,,,,sha256:0df4d67dc429ccec2a6498bbe4c0976d89e25452cd65df51a89b3d6fc4b907fb,
src_0e0613a9e39b5f3a7,ups_2023_q4,UPS,"United Parcel Service, Inc.",2023,Q4,transcript,official_ir_transcript,https://investors.ups.com/,investors.ups.com,safe_to_download,true,true,false,false,Keith user-authorized acquisition for Signal Engine 2.0 assessment on 2026-05-24,Keith,2026-05-24T23:38:11+00:00,,,,sha256:7e7bad18879e040f78d9296003a84a6955825055e7c7192a792e964fce55ea1c,
src_f95493137dddd94d4,ups_2023_q4,UPS,"United Parcel Service, Inc.",2023,Q4,audio,official_ir_webcast,https://investors.ups.com/,investors.ups.com,safe_to_download,true,true,false,false,Keith user-authorized acquisition for Signal Engine 2.0 assessment on 2026-05-24,Keith,2026-05-24T23:38:11+00:00,,,,sha256:8b7078e644002fbd72ec3977d0206f11848750ef876f97611a808bec6178a7a4,
src_060d8e12e21de6708,fdx_2023_q4,FDX,FedEx Corporation,2023,Q4,transcript,official_ir_transcript,https://investors.fedex.com/,investors.fedex.com,safe_to_download,true,true,false,false,Keith user-authorized acquisition for Signal Engine 2.0 assessment on 2026-05-24,Keith,2026-05-24T23:38:11+00:00,,,,sha256:e734f896a9c8dd07d6139dbb2381ee225c788b645148556e325ee1895b6ac95b,
src_d67cb90542d7f91d6,fdx_2023_q4,FDX,FedEx Corporation,2023,Q4,audio,official_ir_webcast,https://investors.fedex.com/,investors.fedex.com,safe_to_download,true,true,false,false,Keith user-authorized acquisition for Signal Engine 2.0 assessment on 2026-05-24,Keith,2026-05-24T23:38:11+00:00,,,,sha256:45b094ca54973fd856a7a20e3ddfa8f0bf4d3f631bc1b1ee03f289e47b298d3b,
src_b328101e0c3fdcd8a,dal_2023_q4,DAL,"Delta Air Lines, Inc.",2023,Q4,transcript,official_ir_transcript,https://ir.delta.com/,ir.delta.com,safe_to_download,true,true,false,false,Keith user-authorized acquisition for Signal Engine 2.0 assessment on 2026-05-24,Keith,2026-05-24T23:38:11+00:00,,,,sha256:5e8a70c65d7dfebba65f7a4a377c760faf94d15127f5ce76c6796b0c671c4a37,
src_268a9706293267f11,dal_2023_q4,DAL,"Delta Air Lines, Inc.",2023,Q4,audio,official_ir_webcast,https://ir.delta.com/,ir.delta.com,safe_to_download,true,true,false,false,Keith user-authorized acquisition for Signal Engine 2.0 assessment on 2026-05-24,Keith,2026-05-24T23:38:11+00:00,,,,sha256:71bedf49de9c2ee3237ace05ad7aaa5c878fc23a7f987878541a5e1bf200e90a,
src_4fba365e2968b34ea,unp_2023_q4,UNP,Union Pacific Corporation,2023,Q4,transcript,official_ir_transcript,https://investor.unionpacific.com/,investor.unionpacific.com,safe_to_download,true,true,false,false,Keith user-authorized acquisition for Signal Engine 2.0 assessment on 2026-05-24,Keith,2026-05-24T23:38:11+00:00,,,,sha256:7de9dfde7d14ea95d14c227cafec96cf8525b25421872d8238f9fae379de9437,
src_c8a6098b72cf7fab9,unp_2023_q4,UNP,Union Pacific Corporation,2023,Q4,audio,official_ir_webcast,https://investor.unionpacific.com/,investor.unionpacific.com,safe_to_download,true,true,false,false,Keith user-authorized acquisition for Signal Engine 2.0 assessment on 2026-05-24,Keith,2026-05-24T23:38:11+00:00,,,,sha256:e362034440c8ac60f0b7a843c4f9b4ac8b80b334b1749f1b212099384a1f56e0,
src_0dda473c40f2b2085,nsc_2023_q4,NSC,Norfolk Southern Corporation,2023,Q4,transcript,official_ir_transcript,https://norfolksouthern.investorroom.com/,norfolksouthern.investorroom.com,safe_to_download,true,true,false,false,Keith user-authorized acquisition for Signal Engine 2.0 assessment on 2026-05-24,Keith,2026-05-24T23:38:11+00:00,,,,sha256:77f17f0b69395a0de9fdd49d24db22b5c3ae5a1a7318c4a47e87ee0bc49ba29b,
src_d2b319b6e53637e66,nsc_2023_q4,NSC,Norfolk Southern Corporation,2023,Q4,audio,official_ir_webcast,https://norfolksouthern.investorroom.com/,norfolksouthern.investorroom.com,safe_to_download,true,true,false,false,Keith user-authorized acquisition for Signal Engine 2.0 assessment on 2026-05-24,Keith,2026-05-24T23:38:11+00:00,,,,sha256:117843e8a66b85581310c271a6314c0e3d0e69f60c95364617f61b84519e3ae8,
src_923c4d8da2b73219e,hd_2023_q4,HD,"The Home Depot, Inc.",2023,Q4,transcript,official_ir_transcript,https://ir.homedepot.com/,ir.homedepot.com,safe_to_download,true,true,false,false,Keith user-authorized acquisition for Signal Engine 2.0 assessment on 2026-05-24,Keith,2026-05-24T23:38:11+00:00,,,,sha256:0a17ddbb897224400a9f8dd8f3999587e7b843f12711dd289bb72387d07289ad,
src_51392ba4ba8b3e44e,hd_2023_q4,HD,"The Home Depot, Inc.",2023,Q4,audio,official_ir_webcast,https://ir.homedepot.com/,ir.homedepot.com,safe_to_download,true,true,false,false,Keith user-authorized acquisition for Signal Engine 2.0 assessment on 2026-05-24,Keith,2026-05-24T23:38:11+00:00,,,,sha256:fc4b3411e31eaf9fa0c3736a377055e053fc6efbee02166534223711b0b64570,
src_e953589e876b67cdd,low_2023_q4,LOW,"Lowe's Companies, Inc.",2023,Q4,transcript,official_ir_transcript,https://corporate.lowes.com/investors,corporate.lowes.com,safe_to_download,true,true,false,false,Keith user-authorized acquisition for Signal Engine 2.0 assessment on 2026-05-24,Keith,2026-05-24T23:38:11+00:00,,,,sha256:7843113ca195a5c1e06456a33a88c3deeb7bd93fddfc1d827a0645e9dfe1c2f8,
src_999f21f6c0cc9c2df,low_2023_q4,LOW,"Lowe's Companies, Inc.",2023,Q4,audio,official_ir_webcast,https://corporate.lowes.com/investors,corporate.lowes.com,safe_to_download,true,true,false,false,Keith user-authorized acquisition for Signal Engine 2.0 assessment on 2026-05-24,Keith,2026-05-24T23:38:11+00:00,,,,sha256:2124d20a01f7c7f09634b366c1265673f4e9e0d49ca1ad1560415dbb234ed583,
src_3a69ee75c2b4e6ce5,tgt_2023_q4,TGT,Target Corporation,2023,Q4,transcript,official_ir_transcript,https://investors.target.com/,investors.target.com,safe_to_download,true,true,false,false,Keith user-authorized acquisition for Signal Engine 2.0 assessment on 2026-05-24,Keith,2026-05-24T23:38:11+00:00,,,,sha256:6507deab215e30ca775fec0f18ffe35bea091c03bf7236850b2ab5f7dc20e8b7,
src_0158ee087f60e845c,tgt_2023_q4,TGT,Target Corporation,2023,Q4,audio,official_ir_webcast,https://investors.target.com/,investors.target.com,safe_to_download,true,true,false,false,Keith user-authorized acquisition for Signal Engine 2.0 assessment on 2026-05-24,Keith,2026-05-24T23:38:11+00:00,,,,sha256:d129df0620a74214ba3e6abd9b6eca1ff1700530bc6c1dc385a8e964782d41cb,
src_703fe2ed52804b144,kr_2023_q4,KR,The Kroger Co.,2023,Q4,transcript,official_ir_transcript,https://ir.kroger.com/,ir.kroger.com,safe_to_download,true,true,false,false,Keith user-authorized acquisition for Signal Engine 2.0 assessment on 2026-05-24,Keith,2026-05-24T23:38:11+00:00,,,,sha256:18c9e9f9116a492cfc546b24b5aaa5da7737386f0b6e55e2887c5eaa3768d0f0,
src_1d6e43f0ca4008b73,kr_2023_q4,KR,The Kroger Co.,2023,Q4,audio,official_ir_webcast,https://ir.kroger.com/,ir.kroger.com,safe_to_download,true,true,false,false,Keith user-authorized acquisition for Signal Engine 2.0 assessment on 2026-05-24,Keith,2026-05-24T23:38:11+00:00,,,,sha256:046e380cbfa97b85ad47e8de046969d84f0b0984596529fe8f6ca48f47aeb42e,
src_b68d0e3077bf94bce,dg_2023_q4,DG,Dollar General Corporation,2023,Q4,transcript,official_ir_transcript,https://investor.dollargeneral.com/,investor.dollargeneral.com,safe_to_download,true,true,false,false,Keith user-authorized acquisition for Signal Engine 2.0 assessment on 2026-05-24,Keith,2026-05-24T23:38:11+00:00,,,,sha256:76c5c806c0e76f34ac7ac633755dc3dc8581c5cd965cd9f7a635f70b81b6eaa0,
src_d0fec1696f104c7db,dg_2023_q4,DG,Dollar General Corporation,2023,Q4,audio,official_ir_webcast,https://investor.dollargeneral.com/,investor.dollargeneral.com,safe_to_download,true,true,false,false,Keith user-authorized acquisition for Signal Engine 2.0 assessment on 2026-05-24,Keith,2026-05-24T23:38:11+00:00,,,,sha256:f1a97bc7d5e22c1b0a218e80db08f54ad9ace681d84f77169b5b6d3166af4cd4,
src_ed88429828b86f5c0,mcd_2023_q4,MCD,McDonald's Corporation,2023,Q4,transcript,official_ir_transcript,https://corporate.mcdonalds.com/corpmcd/investors.html,corporate.mcdonalds.com,safe_to_download,true,true,false,false,Keith user-authorized acquisition for Signal Engine 2.0 assessment on 2026-05-24,Keith,2026-05-24T23:38:11+00:00,,,,sha256:486c442c5ede86583611e9f6766eccfa773f1e04bf8909ef70d747ce5519b561,
src_0f4c7b8a69c07c5fe,mcd_2023_q4,MCD,McDonald's Corporation,2023,Q4,audio,official_ir_webcast,https://corporate.mcdonalds.com/corpmcd/investors.html,corporate.mcdonalds.com,safe_to_download,true,true,false,false,Keith user-authorized acquisition for Signal Engine 2.0 assessment on 2026-05-24,Keith,2026-05-24T23:38:11+00:00,,,,sha256:60eb6cc74ccb40617df928aae1be5da587e600755344381a4f9615b0cb89eaa9,
src_51bb6f63d78f3f0dd,yum_2023_q4,YUM,"Yum! Brands, Inc.",2023,Q4,transcript,official_ir_transcript,https://investors.yum.com/,investors.yum.com,safe_to_download,true,true,false,false,Keith user-authorized acquisition for Signal Engine 2.0 assessment on 2026-05-24,Keith,2026-05-24T23:38:11+00:00,,,,sha256:d01ec702b7d947843d1a9872a4c5364b8f59c19ebdcdb37a8193ca3ee1501fc8,
src_4720c225f98f78262,yum_2023_q4,YUM,"Yum! Brands, Inc.",2023,Q4,audio,official_ir_webcast,https://investors.yum.com/,investors.yum.com,safe_to_download,true,true,false,false,Keith user-authorized acquisition for Signal Engine 2.0 assessment on 2026-05-24,Keith,2026-05-24T23:38:11+00:00,,,,sha256:682e5510acd776630e27b9ac639aefa074580b93b9ec64eba3eca55376c3bd33,
src_8bc3fe101f432189c,nke_2023_q4,NKE,"NIKE, Inc.",2023,Q4,transcript,official_ir_transcript,https://investors.nike.com/,investors.nike.com,safe_to_download,true,true,false,false,Keith user-authorized acquisition for Signal Engine 2.0 assessment on 2026-05-24,Keith,2026-05-24T23:38:11+00:00,,,,sha256:464e8f9961726e96f330c4217ec161708e4d92f6fb3a10023c428865366aba7f,
src_073b1a87cb515ca67,nke_2023_q4,NKE,"NIKE, Inc.",2023,Q4,audio,official_ir_webcast,https://investors.nike.com/,investors.nike.com,safe_to_download,true,true,false,false,Keith user-authorized acquisition for Signal Engine 2.0 assessment on 2026-05-24,Keith,2026-05-24T23:38:11+00:00,,,,sha256:fe3499ebee21f1006055fb4a54dc3d5dd47847e767c5b15604b89d54e41720ea,
src_0106137dd68b2524b,dis_2023_q4,DIS,The Walt Disney Company,2023,Q4,transcript,official_ir_transcript,https://thewaltdisneycompany.com/investor-relations/,thewaltdisneycompany.com,safe_to_download,true,true,false,false,Keith user-authorized acquisition for Signal Engine 2.0 assessment on 2026-05-24,Keith,2026-05-24T23:38:11+00:00,,,,sha256:676c1a1c7e15e1bb026af44320f5b0187aa9e2f9fcc4548c8c9a0bb3a74aceee,
src_1918fbfeb54eda95a,dis_2023_q4,DIS,The Walt Disney Company,2023,Q4,audio,official_ir_webcast,https://thewaltdisneycompany.com/investor-relations/,thewaltdisneycompany.com,safe_to_download,true,true,false,false,Keith user-authorized acquisition for Signal Engine 2.0 assessment on 2026-05-24,Keith,2026-05-24T23:38:11+00:00,,,,sha256:303a1c81e9a71bb0924f6302b034a5f6c03574fc84496743531936d0d70fbe75,
src_57396298dfa568ef8,ko_2023_q4,KO,The Coca-Cola Company,2023,Q4,transcript,official_ir_transcript,https://investors.coca-colacompany.com/,investors.coca-colacompany.com,safe_to_download,true,true,false,false,Keith user-authorized acquisition for Signal Engine 2.0 assessment on 2026-05-24,Keith,2026-05-24T23:38:11+00:00,,,,sha256:137fa3b1ff12a0b1bb4203353aeb097d943a477818dfd305469c63ff69622b93,
src_98755a03140abfe94,ko_2023_q4,KO,The Coca-Cola Company,2023,Q4,audio,official_ir_webcast,https://investors.coca-colacompany.com/,investors.coca-colacompany.com,safe_to_download,true,true,false,false,Keith user-authorized acquisition for Signal Engine 2.0 assessment on 2026-05-24,Keith,2026-05-24T23:38:11+00:00,,,,sha256:a033cd6edc1d20458f5ef3f060897cd17ef6d1273a2aef329b05e2e442ed2406,
src_0d3858a3477464f36,pg_2023_q4,PG,The Procter & Gamble Company,2023,Q4,transcript,official_ir_transcript,https://www.pginvestor.com/,www.pginvestor.com,safe_to_download,true,true,false,false,Keith user-authorized acquisition for Signal Engine 2.0 assessment on 2026-05-24,Keith,2026-05-24T23:38:11+00:00,,,,sha256:1883469003859573eb2f0b5fa8a2c24dadf5c1f2bfbba0a5ad4e7a1eb3094e9a,
src_dce7754785bd3831c,pg_2023_q4,PG,The Procter & Gamble Company,2023,Q4,audio,official_ir_webcast,https://www.pginvestor.com/,www.pginvestor.com,safe_to_download,true,true,false,false,Keith user-authorized acquisition for Signal Engine 2.0 assessment on 2026-05-24,Keith,2026-05-24T23:38:11+00:00,,,,sha256:938da67ecfe613e9bd9443057b2d4b5ed49d8700a05bd2e84cf9ffd965e90eca,
src_c5b93c88276837b5d,cl_2023_q4,CL,Colgate-Palmolive Company,2023,Q4,transcript,official_ir_transcript,https://investor.colgatepalmolive.com/,investor.colgatepalmolive.com,safe_to_download,true,true,false,false,Keith user-authorized acquisition for Signal Engine 2.0 assessment on 2026-05-24,Keith,2026-05-24T23:38:11+00:00,,,,sha256:093c8394f0200d200f78b30b4e232e44053541478f8729f7f1dfcc4f1a56d667,
src_39571bffb6564767a,cl_2023_q4,CL,Colgate-Palmolive Company,2023,Q4,audio,official_ir_webcast,https://investor.colgatepalmolive.com/,investor.colgatepalmolive.com,safe_to_download,true,true,false,false,Keith user-authorized acquisition for Signal Engine 2.0 assessment on 2026-05-24,Keith,2026-05-24T23:38:11+00:00,,,,sha256:d19a6ff9a13d843b460e201ec5ff88d70890fe91b9ee5711e551358cf14050c4,
src_69bccaef16dee6122,el_2023_q4,EL,The Estee Lauder Companies Inc.,2023,Q4,transcript,official_ir_transcript,https://ir.elcompanies.com/,ir.elcompanies.com,safe_to_download,true,true,false,false,Keith user-authorized acquisition for Signal Engine 2.0 assessment on 2026-05-24,Keith,2026-05-24T23:38:11+00:00,,,,sha256:29ac14179bc69d7c17fb4f1417d30c8aee0523685d180ecd142cb6664d6a4cd4,
src_340a46f6406cbf453,el_2023_q4,EL,The Estee Lauder Companies Inc.,2023,Q4,audio,official_ir_webcast,https://ir.elcompanies.com/,ir.elcompanies.com,safe_to_download,true,true,false,false,Keith user-authorized acquisition for Signal Engine 2.0 assessment on 2026-05-24,Keith,2026-05-24T23:38:11+00:00,,,,sha256:828909f32d876b78ab1be0c3d593cccba6871a87d501a4f91e36801f7f3201e6,
src_75c1e0db32cfe57b8,gis_2023_q4,GIS,"General Mills, Inc.",2023,Q4,transcript,official_ir_transcript,https://investors.generalmills.com/,investors.generalmills.com,safe_to_download,true,true,false,false,Keith user-authorized acquisition for Signal Engine 2.0 assessment on 2026-05-24,Keith,2026-05-24T23:38:11+00:00,,,,sha256:88c51701a9056799c02cfab8629c6d1aa15825258cfb9cc7dfbdc44b78b99269,
src_244a15e0bcf89a2d4,gis_2023_q4,GIS,"General Mills, Inc.",2023,Q4,audio,official_ir_webcast,https://investors.generalmills.com/,investors.generalmills.com,safe_to_download,true,true,false,false,Keith user-authorized acquisition for Signal Engine 2.0 assessment on 2026-05-24,Keith,2026-05-24T23:38:11+00:00,,,,sha256:ad6863938eb78a2151b010ee7077b97f61959a6fb116f93999b9cf48fd29f12c,
src_e0bf603c16ef1965e,hsy_2023_q4,HSY,The Hershey Company,2023,Q4,transcript,official_ir_transcript,https://www.thehersheycompany.com/en_us/investors.html,www.thehersheycompany.com,safe_to_download,true,true,false,false,Keith user-authorized acquisition for Signal Engine 2.0 assessment on 2026-05-24,Keith,2026-05-24T23:38:11+00:00,,,,sha256:f648e365a3087c06b3e9db63404aa83b3b4ced34fce20dca754cbfdb3df854f8,
src_4308bca6daeae5950,hsy_2023_q4,HSY,The Hershey Company,2023,Q4,audio,official_ir_webcast,https://www.thehersheycompany.com/en_us/investors.html,www.thehersheycompany.com,safe_to_download,true,true,false,false,Keith user-authorized acquisition for Signal Engine 2.0 assessment on 2026-05-24,Keith,2026-05-24T23:38:11+00:00,,,,sha256:7df35ba2000962b6588b4faada58db4704f71663e0005a8b33e9e2f3c3e6c4a7,
src_119199156d51c2317,t_2023_q4,T,AT&T Inc.,2023,Q4,transcript,official_ir_transcript,https://investors.att.com/,investors.att.com,safe_to_download,true,true,false,false,Keith user-authorized acquisition for Signal Engine 2.0 assessment on 2026-05-24,Keith,2026-05-24T23:38:11+00:00,,,,sha256:82db7e26c0bf9588f299e28351ad18920de3826c2a5f327a65e698b688961317,
src_de5e2d7a4d9f091b0,t_2023_q4,T,AT&T Inc.,2023,Q4,audio,official_ir_webcast,https://investors.att.com/,investors.att.com,safe_to_download,true,true,false,false,Keith user-authorized acquisition for Signal Engine 2.0 assessment on 2026-05-24,Keith,2026-05-24T23:38:11+00:00,,,,sha256:5f7cecf52dd9bd7502ddf9b05fdf51bd4acc76f354d50a7632fea77247b833bf,
src_c330d42f39cb7bd7b,vz_2023_q4,VZ,Verizon Communications Inc.,2023,Q4,transcript,official_ir_transcript,https://www.verizon.com/about/investors,www.verizon.com,safe_to_download,true,true,false,false,Keith user-authorized acquisition for Signal Engine 2.0 assessment on 2026-05-24,Keith,2026-05-24T23:38:11+00:00,,,,sha256:c98574b0b47cc2d0c074dc9629bcb666065ccc2131e93b1bf2643c8ee1ea4fcf,
src_801781bba65fa8b4e,vz_2023_q4,VZ,Verizon Communications Inc.,2023,Q4,audio,official_ir_webcast,https://www.verizon.com/about/investors,www.verizon.com,safe_to_download,true,true,false,false,Keith user-authorized acquisition for Signal Engine 2.0 assessment on 2026-05-24,Keith,2026-05-24T23:38:11+00:00,,,,sha256:eb41611a5fd09e7112fd58a580515578b389b95e56f8e2cb1ba3b5189052b0f8,
src_e5bad25471bd08fc0,ibm_2023_q4,IBM,International Business Machines Corporation,2023,Q4,transcript,official_ir_transcript,https://www.ibm.com/investor,www.ibm.com,safe_to_download,true,true,false,false,Keith user-authorized acquisition for Signal Engine 2.0 assessment on 2026-05-24,Keith,2026-05-24T23:38:11+00:00,,,,sha256:085c624a822adc3439904a5052e1329176d0815dbb4a76cdd0566754df021c54,
src_20832ba4ccd16d0f5,ibm_2023_q4,IBM,International Business Machines Corporation,2023,Q4,audio,official_ir_webcast,https://www.ibm.com/investor,www.ibm.com,safe_to_download,true,true,false,false,Keith user-authorized acquisition for Signal Engine 2.0 assessment on 2026-05-24,Keith,2026-05-24T23:38:11+00:00,,,,sha256:6f20047f14648a05ba7c291be2995ea316065274c490f6289282907915e33b52,
src_fb3cf80c625bb33bd,orcl_2023_q4,ORCL,Oracle Corporation,2023,Q4,transcript,official_ir_transcript,https://investor.oracle.com/,investor.oracle.com,safe_to_download,true,true,false,false,Keith user-authorized acquisition for Signal Engine 2.0 assessment on 2026-05-24,Keith,2026-05-24T23:38:11+00:00,,,,sha256:08b9b10046560285bb03366643206562254836081dd696b3cda34a0bb070f940,
src_590f4c0e351a4993f,orcl_2023_q4,ORCL,Oracle Corporation,2023,Q4,audio,official_ir_webcast,https://investor.oracle.com/,investor.oracle.com,safe_to_download,true,true,false,false,Keith user-authorized acquisition for Signal Engine 2.0 assessment on 2026-05-24,Keith,2026-05-24T23:38:11+00:00,,,,sha256:ea11df318f44f1d3b9706d29755b93ef458cfb7668e1759647972da214d8c810,
src_7470d1b00d13b46c5,crm_2023_q4,CRM,"Salesforce, Inc.",2023,Q4,transcript,official_ir_transcript,https://investor.salesforce.com/,investor.salesforce.com,safe_to_download,true,true,false,false,Keith user-authorized acquisition for Signal Engine 2.0 assessment on 2026-05-24,Keith,2026-05-24T23:38:11+00:00,,,,sha256:91702bb35ddd0c5371a1cb36f400dc330097ffbca220434bca58c9d35fb7dd25,
src_5250ff2bc48785625,crm_2023_q4,CRM,"Salesforce, Inc.",2023,Q4,audio,official_ir_webcast,https://investor.salesforce.com/,investor.salesforce.com,safe_to_download,true,true,false,false,Keith user-authorized acquisition for Signal Engine 2.0 assessment on 2026-05-24,Keith,2026-05-24T23:38:11+00:00,,,,sha256:b58d40618e25aed004c9939a1b87b0dab1d9fd3ab40a0cc7cb878c0ed608a87e,
src_c761b6da7fd250e90,now_2023_q4,NOW,"ServiceNow, Inc.",2023,Q4,transcript,official_ir_transcript,https://investors.servicenow.com/,investors.servicenow.com,safe_to_download,true,true,false,false,Keith user-authorized acquisition for Signal Engine 2.0 assessment on 2026-05-24,Keith,2026-05-24T23:38:11+00:00,,,,sha256:ddf560ab2dba5f8423ade8067fafe9546749c354916b0d537c21b600c633d910,
src_da078ad73a77d9997,now_2023_q4,NOW,"ServiceNow, Inc.",2023,Q4,audio,official_ir_webcast,https://investors.servicenow.com/,investors.servicenow.com,safe_to_download,true,true,false,false,Keith user-authorized acquisition for Signal Engine 2.0 assessment on 2026-05-24,Keith,2026-05-24T23:38:11+00:00,,,,sha256:1a7919b5bd16ad2eb594e6579e817ebcc3028f3b9a6e3d0024a1f4a236b5ccc3,
src_9ed0352503af87a9f,acn_2023_q4,ACN,Accenture plc,2023,Q4,transcript,official_ir_transcript,https://investor.accenture.com/,investor.accenture.com,safe_to_download,true,true,false,false,Keith user-authorized acquisition for Signal Engine 2.0 assessment on 2026-05-24,Keith,2026-05-24T23:38:11+00:00,,,,sha256:fc2be38a5f54fde7ca051eac4511726787474bcec55c32f850505a0de1ec566f,
src_84cf9d47dc844d768,acn_2023_q4,ACN,Accenture plc,2023,Q4,audio,official_ir_webcast,https://investor.accenture.com/,investor.accenture.com,safe_to_download,true,true,false,false,Keith user-authorized acquisition for Signal Engine 2.0 assessment on 2026-05-24,Keith,2026-05-24T23:38:11+00:00,,,,sha256:9eebb8a875b544601256ef7cefd6387d98f2919013be3e47eb9e212f15ad036f,
src_33e2ae7131585a769,dell_2023_q4,DELL,Dell Technologies Inc.,2023,Q4,transcript,official_ir_transcript,https://investors.delltechnologies.com/,investors.delltechnologies.com,safe_to_download,true,true,false,false,Keith user-authorized acquisition for Signal Engine 2.0 assessment on 2026-05-24,Keith,2026-05-24T23:38:11+00:00,,,,sha256:19b0999d408ef83e110c3322679e7ab2b8fa30ff1b2c01705fd885c8fe362bc3,
src_ea1e7e01a36c8f2ec,dell_2023_q4,DELL,Dell Technologies Inc.,2023,Q4,audio,official_ir_webcast,https://investors.delltechnologies.com/,investors.delltechnologies.com,safe_to_download,true,true,false,false,Keith user-authorized acquisition for Signal Engine 2.0 assessment on 2026-05-24,Keith,2026-05-24T23:38:11+00:00,,,,sha256:082ef135c502648550b90e2a9ad5c0082744f9a1f65e0832f8befc8ad4db6cbf,
src_4e7bc80bbec56e4e7,hpq_2023_q4,HPQ,HP Inc.,2023,Q4,transcript,official_ir_transcript,https://investor.hp.com/,investor.hp.com,safe_to_download,true,true,false,false,Keith user-authorized acquisition for Signal Engine 2.0 assessment on 2026-05-24,Keith,2026-05-24T23:38:11+00:00,,,,sha256:e9d29b86c2473d6fdf1214771433e5447683d2445eb37d9944e20ae01b5e44c0,
src_075112a9310f27374,hpq_2023_q4,HPQ,HP Inc.,2023,Q4,audio,official_ir_webcast,https://investor.hp.com/,investor.hp.com,safe_to_download,true,true,false,false,Keith user-authorized acquisition for Signal Engine 2.0 assessment on 2026-05-24,Keith,2026-05-24T23:38:11+00:00,,,,sha256:294b8b7786cc2fb581f03a54ebd28c6447847d72ce647dff4d401473c82f5e3f,
src_58fb5049e7cc3e265,net_2023_q4,NET,"Cloudflare, Inc.",2023,Q4,transcript,official_ir_transcript,https://cloudflare.net/news-and-events/events-and-presentations,cloudflare.net,safe_to_download,true,true,false,false,Keith user-authorized acquisition for Signal Engine 2.0 assessment on 2026-05-24,Keith,2026-05-24T23:38:11+00:00,,,,sha256:a8dc5b786bd767f353d0619c1a65db00f8d9aca1d916cca8cdd002c9d1e62b09,
src_f16693b70f10efcea,net_2023_q4,NET,"Cloudflare, Inc.",2023,Q4,audio,official_ir_webcast,https://cloudflare.net/news-and-events/events-and-presentations,cloudflare.net,safe_to_download,true,true,false,false,Keith user-authorized acquisition for Signal Engine 2.0 assessment on 2026-05-24,Keith,2026-05-24T23:38:11+00:00,,,,sha256:b15ca05b904f296717461ce07318a94b465b1c343e373511563b5da9df179f16,
src_5327abac1bdb076fe,snow_2023_q4,SNOW,Snowflake Inc.,2023,Q4,transcript,official_ir_transcript,https://investors.snowflake.com/,investors.snowflake.com,safe_to_download,true,true,false,false,Keith user-authorized acquisition for Signal Engine 2.0 assessment on 2026-05-24,Keith,2026-05-24T23:38:11+00:00,,,,sha256:dab3af53410efbdd7f3160612065b480ef372fc66a9e91c257005de40ecc1650,
src_7c7ade17494f6af1a,snow_2023_q4,SNOW,Snowflake Inc.,2023,Q4,audio,official_ir_webcast,https://investors.snowflake.com/,investors.snowflake.com,safe_to_download,true,true,false,false,Keith user-authorized acquisition for Signal Engine 2.0 assessment on 2026-05-24,Keith,2026-05-24T23:38:11+00:00,,,,sha256:59aa16dd03c166e2ddc14c1d116462d0cb78bc1810c97bc850b7409195d7f3ef,
src_16075b30303a48da4,jpm_2022_q4,JPM,JPMorgan Chase & Co.,2022,Q4,transcript,official_ir_transcript,https://www.jpmorganchase.com/ir,www.jpmorganchase.com,safe_to_download,true,true,false,false,Keith user-authorized acquisition for Signal Engine 2.0 assessment on 2026-05-24,Keith,2026-05-24T23:38:11+00:00,,,,sha256:1af8f6745179cbad46e27219222bcbd32ce3b1a7e821d2870fd6900c653d79f9,
src_63143e7646fb2ed22,jpm_2022_q4,JPM,JPMorgan Chase & Co.,2022,Q4,audio,official_ir_webcast,https://www.jpmorganchase.com/ir,www.jpmorganchase.com,safe_to_download,true,true,false,false,Keith user-authorized acquisition for Signal Engine 2.0 assessment on 2026-05-24,Keith,2026-05-24T23:38:11+00:00,,,,sha256:578242d6a180cbaea3f8ca42ad73c407c477c499fb78feeb6e5d711edde4e7ad,
src_27bedbbb6d6ee29c5,bac_2022_q4,BAC,Bank of America Corporation,2022,Q4,transcript,official_ir_transcript,https://investor.bankofamerica.com/,investor.bankofamerica.com,safe_to_download,true,true,false,false,Keith user-authorized acquisition for Signal Engine 2.0 assessment on 2026-05-24,Keith,2026-05-24T23:38:11+00:00,,,,sha256:2f0b968377ef97c3ebd05ad6cceb723e2e8c9337c5ee41de1ee45ddcc5af5309,
src_976f8d376ffee6858,bac_2022_q4,BAC,Bank of America Corporation,2022,Q4,audio,official_ir_webcast,https://investor.bankofamerica.com/,investor.bankofamerica.com,safe_to_download,true,true,false,false,Keith user-authorized acquisition for Signal Engine 2.0 assessment on 2026-05-24,Keith,2026-05-24T23:38:11+00:00,,,,sha256:ae25dc134a3840ddc6f7852f33d4e036620a001e4939129bfe13024c3ab3728d,
src_257fd86525d66b8cb,c_2022_q4,C,Citigroup Inc.,2022,Q4,transcript,official_ir_transcript,https://www.citigroup.com/global/investors,www.citigroup.com,safe_to_download,true,true,false,false,Keith user-authorized acquisition for Signal Engine 2.0 assessment on 2026-05-24,Keith,2026-05-24T23:38:11+00:00,,,,sha256:1d364be153bbd1feab8c6995e918a083c0372e4f4f714ace6d017167fe944142,
src_4fb95a3cc1d3ddfe3,c_2022_q4,C,Citigroup Inc.,2022,Q4,audio,official_ir_webcast,https://www.citigroup.com/global/investors,www.citigroup.com,safe_to_download,true,true,false,false,Keith user-authorized acquisition for Signal Engine 2.0 assessment on 2026-05-24,Keith,2026-05-24T23:38:11+00:00,,,,sha256:db2fc923bb039e3d579565b2c2b3836d47cb79a1e0eca59224c0ec31239776ee,
src_063168bac14bc6cfc,wfc_2022_q4,WFC,Wells Fargo & Company,2022,Q4,transcript,official_ir_transcript,https://www.wellsfargo.com/about/investor-relations/,www.wellsfargo.com,safe_to_download,true,true,false,false,Keith user-authorized acquisition for Signal Engine 2.0 assessment on 2026-05-24,Keith,2026-05-24T23:38:11+00:00,,,,sha256:f41eaee985aa0f3013ad9c888cf1066c775ce6a3fe574a4e4a994799217867e0,
src_7c8f2b6a6f01a2782,wfc_2022_q4,WFC,Wells Fargo & Company,2022,Q4,audio,official_ir_webcast,https://www.wellsfargo.com/about/investor-relations/,www.wellsfargo.com,safe_to_download,true,true,false,false,Keith user-authorized acquisition for Signal Engine 2.0 assessment on 2026-05-24,Keith,2026-05-24T23:38:11+00:00,,,,sha256:2f369b18dc005d03262151b70113e93f6c81f44f18e58cd6fb7cf26d0c5012c8,
src_a9bae4577947dc0d8,gs_2022_q4,GS,"The Goldman Sachs Group, Inc.",2022,Q4,transcript,official_ir_transcript,https://www.goldmansachs.com/investor-relations/,www.goldmansachs.com,safe_to_download,true,true,false,false,Keith user-authorized acquisition for Signal Engine 2.0 assessment on 2026-05-24,Keith,2026-05-24T23:38:11+00:00,,,,sha256:b19b73418c5300d71eb9fa687bbab6300f194c9ceb867b7c977504f47a963a00,
src_4038f4f1f910abaeb,gs_2022_q4,GS,"The Goldman Sachs Group, Inc.",2022,Q4,audio,official_ir_webcast,https://www.goldmansachs.com/investor-relations/,www.goldmansachs.com,safe_to_download,true,true,false,false,Keith user-authorized acquisition for Signal Engine 2.0 assessment on 2026-05-24,Keith,2026-05-24T23:38:11+00:00,,,,sha256:84943afce14e8ad24be751ee20466e14525eb3ef704949cfa3f9ca1d25344816,
src_a3bda42fb0decafae,ms_2022_q4,MS,Morgan Stanley,2022,Q4,transcript,official_ir_transcript,https://www.morganstanley.com/about-us-ir,www.morganstanley.com,safe_to_download,true,true,false,false,Keith user-authorized acquisition for Signal Engine 2.0 assessment on 2026-05-24,Keith,2026-05-24T23:38:11+00:00,,,,sha256:3d6999c552e061becbd871de5526e6fe98d21595927a2377860d074e0ed417f2,
src_d2530830d4d2ab6cb,ms_2022_q4,MS,Morgan Stanley,2022,Q4,audio,official_ir_webcast,https://www.morganstanley.com/about-us-ir,www.morganstanley.com,safe_to_download,true,true,false,false,Keith user-authorized acquisition for Signal Engine 2.0 assessment on 2026-05-24,Keith,2026-05-24T23:38:11+00:00,,,,sha256:b5f7d4f0b69c5eb7ec37ccd77d3ca643f3df4b4055f9858a5fc9255f10c9591f,
src_52ff656248ad28c69,bk_2022_q4,BK,The Bank of New York Mellon Corporation,2022,Q4,transcript,official_ir_transcript,https://www.bny.com/corporate/global/en/investor-relations.html,www.bny.com,safe_to_download,true,true,false,false,Keith user-authorized acquisition for Signal Engine 2.0 assessment on 2026-05-24,Keith,2026-05-24T23:38:11+00:00,,,,sha256:532743211394ced0ca19f5be7a60f419d69c5cfdc0194b564cf0a481832038ca,
src_8f9ba333ba63b8c7b,bk_2022_q4,BK,The Bank of New York Mellon Corporation,2022,Q4,audio,official_ir_webcast,https://www.bny.com/corporate/global/en/investor-relations.html,www.bny.com,safe_to_download,true,true,false,false,Keith user-authorized acquisition for Signal Engine 2.0 assessment on 2026-05-24,Keith,2026-05-24T23:38:11+00:00,,,,sha256:6a952aebe3b0f8eab4144f3887e6039449967fe7f736361a23148462fcac2653,
src_5923b13025e4aafd9,stt_2022_q4,STT,State Street Corporation,2022,Q4,transcript,official_ir_transcript,https://investors.statestreet.com/,investors.statestreet.com,safe_to_download,true,true,false,false,Keith user-authorized acquisition for Signal Engine 2.0 assessment on 2026-05-24,Keith,2026-05-24T23:38:11+00:00,,,,sha256:c1f71841b9f7f888af4f282694bcf5612038d271d6f0f31caf329f3a3192fd94,
src_7279a8803333cfc03,stt_2022_q4,STT,State Street Corporation,2022,Q4,audio,official_ir_webcast,https://investors.statestreet.com/,investors.statestreet.com,safe_to_download,true,true,false,false,Keith user-authorized acquisition for Signal Engine 2.0 assessment on 2026-05-24,Keith,2026-05-24T23:38:11+00:00,,,,sha256:3c4333e98f6d7c01057c991075ae6696412fd9d05f1557340d6a80bba38f8b26,
src_cbf98b1249fbdf6ea,usb_2022_q4,USB,U.S. Bancorp,2022,Q4,transcript,official_ir_transcript,https://ir.usbank.com/,ir.usbank.com,safe_to_download,true,true,false,false,Keith user-authorized acquisition for Signal Engine 2.0 assessment on 2026-05-24,Keith,2026-05-24T23:38:11+00:00,,,,sha256:b32176f79bf0a96b2a0a499188c9d7435f7b447e84b592e5892a6eacc7ea2842,
src_9d155b228aa3d7aaa,usb_2022_q4,USB,U.S. Bancorp,2022,Q4,audio,official_ir_webcast,https://ir.usbank.com/,ir.usbank.com,safe_to_download,true,true,false,false,Keith user-authorized acquisition for Signal Engine 2.0 assessment on 2026-05-24,Keith,2026-05-24T23:38:11+00:00,,,,sha256:7cbb5234383f9810df27b4906f369d428390c95379306ba6971996866e18627b,
src_8bcb18ebc61998aae,pnc_2022_q4,PNC,"The PNC Financial Services Group, Inc.",2022,Q4,transcript,official_ir_transcript,https://investor.pnc.com/,investor.pnc.com,safe_to_download,true,true,false,false,Keith user-authorized acquisition for Signal Engine 2.0 assessment on 2026-05-24,Keith,2026-05-24T23:38:11+00:00,,,,sha256:eb9738370d4a7270b17181660f13c0d8bb22f8630cd06de0b70bd570c8fb19b0,
src_f057790aa85e78853,pnc_2022_q4,PNC,"The PNC Financial Services Group, Inc.",2022,Q4,audio,official_ir_webcast,https://investor.pnc.com/,investor.pnc.com,safe_to_download,true,true,false,false,Keith user-authorized acquisition for Signal Engine 2.0 assessment on 2026-05-24,Keith,2026-05-24T23:38:11+00:00,,,,sha256:e5ce86afdc337361372fd32ebc7268dceb7ed39bec65d9681c0292702edcca3a,
src_9d7ad8faee920cb0c,tfc_2022_q4,TFC,Truist Financial Corporation,2022,Q4,transcript,official_ir_transcript,https://ir.truist.com/,ir.truist.com,safe_to_download,true,true,false,false,Keith user-authorized acquisition for Signal Engine 2.0 assessment on 2026-05-24,Keith,2026-05-24T23:38:11+00:00,,,,sha256:bb60fb86c9dfa020861a15e04d0a4fb02018f7466d19c3cdbc9707ae4eccd370,
src_5f72bcf969015e07f,tfc_2022_q4,TFC,Truist Financial Corporation,2022,Q4,audio,official_ir_webcast,https://ir.truist.com/,ir.truist.com,safe_to_download,true,true,false,false,Keith user-authorized acquisition for Signal Engine 2.0 assessment on 2026-05-24,Keith,2026-05-24T23:38:11+00:00,,,,sha256:c88addee76cb3f573c46fd57045c46e5f13780be5a934ee7b32e2abbb36be2e7,
src_baaa856d4306bbcb2,cof_2022_q4,COF,Capital One Financial Corporation,2022,Q4,transcript,official_ir_transcript,https://investor.capitalone.com/,investor.capitalone.com,safe_to_download,true,true,false,false,Keith user-authorized acquisition for Signal Engine 2.0 assessment on 2026-05-24,Keith,2026-05-24T23:38:11+00:00,,,,sha256:3edf3d57890735ed8d7b714e908335127ae3546554bac6d9fceaca2cccbf91e8,
src_45eb2518bb2541b2e,cof_2022_q4,COF,Capital One Financial Corporation,2022,Q4,audio,official_ir_webcast,https://investor.capitalone.com/,investor.capitalone.com,safe_to_download,true,true,false,false,Keith user-authorized acquisition for Signal Engine 2.0 assessment on 2026-05-24,Keith,2026-05-24T23:38:11+00:00,,,,sha256:a850d24b58524184736cacf698e7c78d2536d945060a25e68e9e09949da3e164,
src_6f05b193a517f6994,axp_2022_q4,AXP,American Express Company,2022,Q4,transcript,official_ir_transcript,https://ir.americanexpress.com/,ir.americanexpress.com,safe_to_download,true,true,false,false,Keith user-authorized acquisition for Signal Engine 2.0 assessment on 2026-05-24,Keith,2026-05-24T23:38:11+00:00,,,,sha256:3fd336dd532eb58b736139dd40f711a9adf5d16834a60ab1f12fa5fe0df00412,
src_482d7503482b747d9,axp_2022_q4,AXP,American Express Company,2022,Q4,audio,official_ir_webcast,https://ir.americanexpress.com/,ir.americanexpress.com,safe_to_download,true,true,false,false,Keith user-authorized acquisition for Signal Engine 2.0 assessment on 2026-05-24,Keith,2026-05-24T23:38:11+00:00,,,,sha256:73023e82a60b4530f123bf768e8339c4c72fa56ea224e0b4515c466698673499,
src_4067f1a9a795400a0,v_2022_q4,V,Visa Inc.,2022,Q4,transcript,official_ir_transcript,https://investor.visa.com/,investor.visa.com,safe_to_download,true,true,false,false,Keith user-authorized acquisition for Signal Engine 2.0 assessment on 2026-05-24,Keith,2026-05-24T23:38:11+00:00,,,,sha256:921adbac34e71a3bba2142dda3e57aaa40245003452046691f2b9c209d01e080,
src_daebba8962cf1d681,v_2022_q4,V,Visa Inc.,2022,Q4,audio,official_ir_webcast,https://investor.visa.com/,investor.visa.com,safe_to_download,true,true,false,false,Keith user-authorized acquisition for Signal Engine 2.0 assessment on 2026-05-24,Keith,2026-05-24T23:38:11+00:00,,,,sha256:c94430bf64bd64079b7ddcfbcb82e405f864e498fa9c5f7ccbb1cfade4995122,
src_d2653bfd2ebde88e8,ma_2022_q4,MA,Mastercard Incorporated,2022,Q4,transcript,official_ir_transcript,https://investor.mastercard.com/,investor.mastercard.com,safe_to_download,true,true,false,false,Keith user-authorized acquisition for Signal Engine 2.0 assessment on 2026-05-24,Keith,2026-05-24T23:38:11+00:00,,,,sha256:0e9cc218ca00ab0b23101d02fcc01c604a36549442d59e29f6f6fbb0eed106d5,
src_5b13938cc11377f59,ma_2022_q4,MA,Mastercard Incorporated,2022,Q4,audio,official_ir_webcast,https://investor.mastercard.com/,investor.mastercard.com,safe_to_download,true,true,false,false,Keith user-authorized acquisition for Signal Engine 2.0 assessment on 2026-05-24,Keith,2026-05-24T23:38:11+00:00,,,,sha256:fed3ced2345f432817ac3bb9a6d9689012f98a93d0200dcd43da521f0687758f,
src_0baade28b5af7f654,fis_2022_q4,FIS,"Fidelity National Information Services, Inc.",2022,Q4,transcript,official_ir_transcript,https://investor.fisglobal.com/,investor.fisglobal.com,safe_to_download,true,true,false,false,Keith user-authorized acquisition for Signal Engine 2.0 assessment on 2026-05-24,Keith,2026-05-24T23:38:11+00:00,,,,sha256:b73723444f26d56587cb139fbc5b6d77b1c5622021bdbbad3d4859b35d31e488,
src_19389c75e555a03d4,fis_2022_q4,FIS,"Fidelity National Information Services, Inc.",2022,Q4,audio,official_ir_webcast,https://investor.fisglobal.com/,investor.fisglobal.com,safe_to_download,true,true,false,false,Keith user-authorized acquisition for Signal Engine 2.0 assessment on 2026-05-24,Keith,2026-05-24T23:38:11+00:00,,,,sha256:9b589dba16206dc5c4c3bd4349aa83a939b8e1b066736e135e3402d5a62e8870,
src_cec96e78dddc9718e,gpn_2022_q4,GPN,Global Payments Inc.,2022,Q4,transcript,official_ir_transcript,https://investors.globalpayments.com/,investors.globalpayments.com,safe_to_download,true,true,false,false,Keith user-authorized acquisition for Signal Engine 2.0 assessment on 2026-05-24,Keith,2026-05-24T23:38:11+00:00,,,,sha256:42c26e1b778cca5d3f0f65369d35af9846bfdba82d961dc78ba982217f0b2f4d,
src_c52a4f2c699699f2f,gpn_2022_q4,GPN,Global Payments Inc.,2022,Q4,audio,official_ir_webcast,https://investors.globalpayments.com/,investors.globalpayments.com,safe_to_download,true,true,false,false,Keith user-authorized acquisition for Signal Engine 2.0 assessment on 2026-05-24,Keith,2026-05-24T23:38:11+00:00,,,,sha256:71cfd3244b39c468097832ff0880849e3976d19da9356ac276a5522db29615b4,
src_31060ca0d32aefaca,blk_2022_q4,BLK,"BlackRock, Inc.",2022,Q4,transcript,official_ir_transcript,https://ir.blackrock.com/,ir.blackrock.com,safe_to_download,true,true,false,false,Keith user-authorized acquisition for Signal Engine 2.0 assessment on 2026-05-24,Keith,2026-05-24T23:38:11+00:00,,,,sha256:0ddd48f08109272ea7122559af66521d0c695007dd0f74db64b40dec37b7e4b7,
src_bc8c95ccbe96181d5,blk_2022_q4,BLK,"BlackRock, Inc.",2022,Q4,audio,official_ir_webcast,https://ir.blackrock.com/,ir.blackrock.com,safe_to_download,true,true,false,false,Keith user-authorized acquisition for Signal Engine 2.0 assessment on 2026-05-24,Keith,2026-05-24T23:38:11+00:00,,,,sha256:47f32505bdfe3bcd980bc039ffa40f06dd4a6e719af0d497fcac29a281499d43,
src_f44bca498ef669112,bx_2022_q4,BX,Blackstone Inc.,2022,Q4,transcript,official_ir_transcript,https://ir.blackstone.com/,ir.blackstone.com,safe_to_download,true,true,false,false,Keith user-authorized acquisition for Signal Engine 2.0 assessment on 2026-05-24,Keith,2026-05-24T23:38:11+00:00,,,,sha256:bde09bfa99401b13e73e16e70a2991a5ece206290115b449ee8ca2b7554c298c,
src_c703be552c2b2f21e,bx_2022_q4,BX,Blackstone Inc.,2022,Q4,audio,official_ir_webcast,https://ir.blackstone.com/,ir.blackstone.com,safe_to_download,true,true,false,false,Keith user-authorized acquisition for Signal Engine 2.0 assessment on 2026-05-24,Keith,2026-05-24T23:38:11+00:00,,,,sha256:71c43b402bc713eabafc1bd775e8a40511af041797a34866250fe56259cd5dc0,
src_806f3b56a47aa3857,schw_2022_q4,SCHW,The Charles Schwab Corporation,2022,Q4,transcript,official_ir_transcript,https://www.aboutschwab.com/investor-relations,www.aboutschwab.com,safe_to_download,true,true,false,false,Keith user-authorized acquisition for Signal Engine 2.0 assessment on 2026-05-24,Keith,2026-05-24T23:38:11+00:00,,,,sha256:e6c22aee7dc64a1321e4eaaa48ea4fbf4304aee67b7f0bfeec44ddb186510ac5,
src_45082814e3dd1f0ef,schw_2022_q4,SCHW,The Charles Schwab Corporation,2022,Q4,audio,official_ir_webcast,https://www.aboutschwab.com/investor-relations,www.aboutschwab.com,safe_to_download,true,true,false,false,Keith user-authorized acquisition for Signal Engine 2.0 assessment on 2026-05-24,Keith,2026-05-24T23:38:11+00:00,,,,sha256:17c2177759e4ffd7b424dd3f7c598ee7d8856c9e9c1b072ac79318991d10c9a9,
src_804ec3473c6b1db40,ice_2022_q4,ICE,"Intercontinental Exchange, Inc.",2022,Q4,transcript,official_ir_transcript,https://ir.theice.com/,ir.theice.com,safe_to_download,true,true,false,false,Keith user-authorized acquisition for Signal Engine 2.0 assessment on 2026-05-24,Keith,2026-05-24T23:38:11+00:00,,,,sha256:108e0e723b66ed5e6c69220b98674b0474f176e38e666070920464d74fecd888,
src_488416e92d6ba11ca,ice_2022_q4,ICE,"Intercontinental Exchange, Inc.",2022,Q4,audio,official_ir_webcast,https://ir.theice.com/,ir.theice.com,safe_to_download,true,true,false,false,Keith user-authorized acquisition for Signal Engine 2.0 assessment on 2026-05-24,Keith,2026-05-24T23:38:11+00:00,,,,sha256:87b1a7fef890cf0d5b51485ae2e6e561da815eb11889fd64949068e0cdb9fbee,
src_e99d852885bbe93ce,spgi_2022_q4,SPGI,S&P Global Inc.,2022,Q4,transcript,official_ir_transcript,https://investor.spglobal.com/,investor.spglobal.com,safe_to_download,true,true,false,false,Keith user-authorized acquisition for Signal Engine 2.0 assessment on 2026-05-24,Keith,2026-05-24T23:38:11+00:00,,,,sha256:0adef1cc4c397a622df820ade64767af751f3930cad7c3e9f1b28f39b99e2ad1,
src_03f176bcebe440221,spgi_2022_q4,SPGI,S&P Global Inc.,2022,Q4,audio,official_ir_webcast,https://investor.spglobal.com/,investor.spglobal.com,safe_to_download,true,true,false,false,Keith user-authorized acquisition for Signal Engine 2.0 assessment on 2026-05-24,Keith,2026-05-24T23:38:11+00:00,,,,sha256:660d02474a1599282a8b79a17e7aab0b239681aa8de03e9b6b321d469bc98c7c,
src_a3ce12477b46eaf8c,mco_2022_q4,MCO,Moody's Corporation,2022,Q4,transcript,official_ir_transcript,https://ir.moodys.com/,ir.moodys.com,safe_to_download,true,true,false,false,Keith user-authorized acquisition for Signal Engine 2.0 assessment on 2026-05-24,Keith,2026-05-24T23:38:11+00:00,,,,sha256:1445da41c7fff90e99055fa5ed62f6dec96a5cf07eedb46049d3867639567ee6,
src_a0d684a27b96c3de6,mco_2022_q4,MCO,Moody's Corporation,2022,Q4,audio,official_ir_webcast,https://ir.moodys.com/,ir.moodys.com,safe_to_download,true,true,false,false,Keith user-authorized acquisition for Signal Engine 2.0 assessment on 2026-05-24,Keith,2026-05-24T23:38:11+00:00,,,,sha256:d24e8f3c06401ae8a56e0c98736b66ade4e8499daaca76524895ff18fc179807,
src_6825f17e90ee40a19,aon_2022_q4,AON,Aon plc,2022,Q4,transcript,official_ir_transcript,https://investors.aon.com/,investors.aon.com,safe_to_download,true,true,false,false,Keith user-authorized acquisition for Signal Engine 2.0 assessment on 2026-05-24,Keith,2026-05-24T23:38:11+00:00,,,,sha256:027c3d2bc4fe8a220e3484e10807686cf030d1cdfb6cea36a52de55e9e6f267a,
src_25f8880bf4d747e46,aon_2022_q4,AON,Aon plc,2022,Q4,audio,official_ir_webcast,https://investors.aon.com/,investors.aon.com,safe_to_download,true,true,false,false,Keith user-authorized acquisition for Signal Engine 2.0 assessment on 2026-05-24,Keith,2026-05-24T23:38:11+00:00,,,,sha256:b4224c67630491dae089e739de2632b0cfb3883b76980623661943f8a9f356b7,
src_60166d4e9407e8128,aig_2022_q4,AIG,"American International Group, Inc.",2022,Q4,transcript,official_ir_transcript,https://www.aig.com/investor-relations,www.aig.com,safe_to_download,true,true,false,false,Keith user-authorized acquisition for Signal Engine 2.0 assessment on 2026-05-24,Keith,2026-05-24T23:38:11+00:00,,,,sha256:22a9795ad6bb54d78a7acf921f3578d08fbb40443550f2cf22a8f29727b1d1fa,
src_56d3e269928897d22,aig_2022_q4,AIG,"American International Group, Inc.",2022,Q4,audio,official_ir_webcast,https://www.aig.com/investor-relations,www.aig.com,safe_to_download,true,true,false,false,Keith user-authorized acquisition for Signal Engine 2.0 assessment on 2026-05-24,Keith,2026-05-24T23:38:11+00:00,,,,sha256:b1afb5fcd370d61f495c58849f77579e9a7478d55d29fc79e827b151fa02ca83,
src_24a4b44d31e71ba1d,met_2022_q4,MET,"MetLife, Inc.",2022,Q4,transcript,official_ir_transcript,https://investor.metlife.com/,investor.metlife.com,safe_to_download,true,true,false,false,Keith user-authorized acquisition for Signal Engine 2.0 assessment on 2026-05-24,Keith,2026-05-24T23:38:11+00:00,,,,sha256:c2fd7682b07860fa444be1326d976d6388ce07e23c3d1d1a9e77c327c6f4df30,
src_dddcb4bb65e353961,met_2022_q4,MET,"MetLife, Inc.",2022,Q4,audio,official_ir_webcast,https://investor.metlife.com/,investor.metlife.com,safe_to_download,true,true,false,false,Keith user-authorized acquisition for Signal Engine 2.0 assessment on 2026-05-24,Keith,2026-05-24T23:38:11+00:00,,,,sha256:94b3129a33e4db060c0c433a23cea9c3b88195db1911f3c8a1fffa60f50c7041,
src_05e2702629510b9b2,pru_2022_q4,PRU,"Prudential Financial, Inc.",2022,Q4,transcript,official_ir_transcript,https://www.investor.prudential.com/,www.investor.prudential.com,safe_to_download,true,true,false,false,Keith user-authorized acquisition for Signal Engine 2.0 assessment on 2026-05-24,Keith,2026-05-24T23:38:11+00:00,,,,sha256:8c01ffd87f6099668bb542c2eccedc4679810a9d5108afabb58ec65a8955f6e1,
src_845604f7ff47bc70e,pru_2022_q4,PRU,"Prudential Financial, Inc.",2022,Q4,audio,official_ir_webcast,https://www.investor.prudential.com/,www.investor.prudential.com,safe_to_download,true,true,false,false,Keith user-authorized acquisition for Signal Engine 2.0 assessment on 2026-05-24,Keith,2026-05-24T23:38:11+00:00,,,,sha256:e5d986bd13a68b4343d3bd54da69de1b9c313e1efc288b00b178365eaf810910,
src_21f36f083dfc627a7,trv_2022_q4,TRV,"The Travelers Companies, Inc.",2022,Q4,transcript,official_ir_transcript,https://investor.travelers.com/,investor.travelers.com,safe_to_download,true,true,false,false,Keith user-authorized acquisition for Signal Engine 2.0 assessment on 2026-05-24,Keith,2026-05-24T23:38:11+00:00,,,,sha256:4a33107226be401289805cc7f58486024ba10f1f5bc361596a14179d84cf7bd0,
src_e8d6cf525478ff8a3,trv_2022_q4,TRV,"The Travelers Companies, Inc.",2022,Q4,audio,official_ir_webcast,https://investor.travelers.com/,investor.travelers.com,safe_to_download,true,true,false,false,Keith user-authorized acquisition for Signal Engine 2.0 assessment on 2026-05-24,Keith,2026-05-24T23:38:11+00:00,,,,sha256:ab34ada3f271d4023fdeb6d48ba03788a3280b2aed06ac7f46f32ca344dfd3ef,
src_0af90d759e188d674,cb_2022_q4,CB,Chubb Limited,2022,Q4,transcript,official_ir_transcript,https://investors.chubb.com/,investors.chubb.com,safe_to_download,true,true,false,false,Keith user-authorized acquisition for Signal Engine 2.0 assessment on 2026-05-24,Keith,2026-05-24T23:38:11+00:00,,,,sha256:7c846b5fb2d3f1052672e609f43de90f1946903b6ca09112e906a94030c22041,
src_bac46607367439598,cb_2022_q4,CB,Chubb Limited,2022,Q4,audio,official_ir_webcast,https://investors.chubb.com/,investors.chubb.com,safe_to_download,true,true,false,false,Keith user-authorized acquisition for Signal Engine 2.0 assessment on 2026-05-24,Keith,2026-05-24T23:38:11+00:00,,,,sha256:86cec701303e5f159950ff068f85925c6572ec39c7b5b2fe8b2539ca37817b4f,
src_09e8b225a6e3aa0b4,jnj_2022_q4,JNJ,Johnson & Johnson,2022,Q4,transcript,official_ir_transcript,https://www.investor.jnj.com/,www.investor.jnj.com,safe_to_download,true,true,false,false,Keith user-authorized acquisition for Signal Engine 2.0 assessment on 2026-05-24,Keith,2026-05-24T23:38:11+00:00,,,,sha256:a315da660185a43ba68db85ebe87ab38fe781b50b9fb931a1890a5978295aefc,
src_1abd950c5e8bb159a,jnj_2022_q4,JNJ,Johnson & Johnson,2022,Q4,audio,official_ir_webcast,https://www.investor.jnj.com/,www.investor.jnj.com,safe_to_download,true,true,false,false,Keith user-authorized acquisition for Signal Engine 2.0 assessment on 2026-05-24,Keith,2026-05-24T23:38:11+00:00,,,,sha256:307d2d4183e55a853431ee5d115baebbfc114766c5c9026ba7d5bebf88af01af,
src_63c6b4658951cf033,lly_2022_q4,LLY,Eli Lilly and Company,2022,Q4,transcript,official_ir_transcript,https://investor.lilly.com/,investor.lilly.com,safe_to_download,true,true,false,false,Keith user-authorized acquisition for Signal Engine 2.0 assessment on 2026-05-24,Keith,2026-05-24T23:38:11+00:00,,,,sha256:b5f61818e8073999749b0698fa6407cd21a57d85b92a10646f21b18cdc03e7f1,
src_37264092fdd1ebb13,lly_2022_q4,LLY,Eli Lilly and Company,2022,Q4,audio,official_ir_webcast,https://investor.lilly.com/,investor.lilly.com,safe_to_download,true,true,false,false,Keith user-authorized acquisition for Signal Engine 2.0 assessment on 2026-05-24,Keith,2026-05-24T23:38:11+00:00,,,,sha256:49928b91854df6bd45a546c1e2a4ab922ad3423caf9f953f07bf92064efa5cf6,
src_9147b3ea1ea22a289,mrk_2022_q4,MRK,"Merck & Co., Inc.",2022,Q4,transcript,official_ir_transcript,https://www.merck.com/investor-relations/,www.merck.com,safe_to_download,true,true,false,false,Keith user-authorized acquisition for Signal Engine 2.0 assessment on 2026-05-24,Keith,2026-05-24T23:38:11+00:00,,,,sha256:b290b9d8f201d1cb4807d97fde4dadea5933a7d038e395ca720971814b54595b,
src_461f8934320d949b6,mrk_2022_q4,MRK,"Merck & Co., Inc.",2022,Q4,audio,official_ir_webcast,https://www.merck.com/investor-relations/,www.merck.com,safe_to_download,true,true,false,false,Keith user-authorized acquisition for Signal Engine 2.0 assessment on 2026-05-24,Keith,2026-05-24T23:38:11+00:00,,,,sha256:2fe24bf3d383fb1c1d8a89c4cc36062dd8af4621aea514371dafa395954371dd,
src_0bdb6faa76705da1f,pfe_2022_q4,PFE,Pfizer Inc.,2022,Q4,transcript,official_ir_transcript,https://investors.pfizer.com/,investors.pfizer.com,safe_to_download,true,true,false,false,Keith user-authorized acquisition for Signal Engine 2.0 assessment on 2026-05-24,Keith,2026-05-24T23:38:11+00:00,,,,sha256:13dde0fd419972d33abf5d45f4306ddbfea64160847b1e7ff1c3e337af4307fb,
src_e610a1b46365302ef,pfe_2022_q4,PFE,Pfizer Inc.,2022,Q4,audio,official_ir_webcast,https://investors.pfizer.com/,investors.pfizer.com,safe_to_download,true,true,false,false,Keith user-authorized acquisition for Signal Engine 2.0 assessment on 2026-05-24,Keith,2026-05-24T23:38:11+00:00,,,,sha256:e6bcf322eff3e7f543755fb344930fde7bacb1672e9bd94b96a0130b2080b9b1,
src_cf111e6db189767f6,unh_2022_q4,UNH,UnitedHealth Group Incorporated,2022,Q4,transcript,official_ir_transcript,https://www.unitedhealthgroup.com/investors.html,www.unitedhealthgroup.com,safe_to_download,true,true,false,false,Keith user-authorized acquisition for Signal Engine 2.0 assessment on 2026-05-24,Keith,2026-05-24T23:38:11+00:00,,,,sha256:13486cb34ce3e23581719e71a49f1892ee8428cf9270597843aa0da7e5495b02,
src_54ff335cb41bf43ff,unh_2022_q4,UNH,UnitedHealth Group Incorporated,2022,Q4,audio,official_ir_webcast,https://www.unitedhealthgroup.com/investors.html,www.unitedhealthgroup.com,safe_to_download,true,true,false,false,Keith user-authorized acquisition for Signal Engine 2.0 assessment on 2026-05-24,Keith,2026-05-24T23:38:11+00:00,,,,sha256:4676efb67340a4b0093fb539d32dee8364c6df9b0d85f8eea74943367b72aa60,
src_149ac84289e297ad1,cvs_2022_q4,CVS,CVS Health Corporation,2022,Q4,transcript,official_ir_transcript,https://investors.cvshealth.com/,investors.cvshealth.com,safe_to_download,true,true,false,false,Keith user-authorized acquisition for Signal Engine 2.0 assessment on 2026-05-24,Keith,2026-05-24T23:38:11+00:00,,,,sha256:635552afd396e6af4023e53a547699d4c936ec5bbfd4f140d381e21efb73a319,
src_6dd3f59749adf8dc5,cvs_2022_q4,CVS,CVS Health Corporation,2022,Q4,audio,official_ir_webcast,https://investors.cvshealth.com/,investors.cvshealth.com,safe_to_download,true,true,false,false,Keith user-authorized acquisition for Signal Engine 2.0 assessment on 2026-05-24,Keith,2026-05-24T23:38:11+00:00,,,,sha256:ed128a661703890bd5ca2bc8271265f100513935f20b34938a32b634b042952b,
src_8773065b889eccab9,abt_2022_q4,ABT,Abbott Laboratories,2022,Q4,transcript,official_ir_transcript,https://www.abbottinvestor.com/,www.abbottinvestor.com,safe_to_download,true,true,false,false,Keith user-authorized acquisition for Signal Engine 2.0 assessment on 2026-05-24,Keith,2026-05-24T23:38:11+00:00,,,,sha256:dc0492dbad53a85fe70b8e3acf8889b4c59d79b02cef34ed412f4036347ea868,
src_502cf979eab3dd451,abt_2022_q4,ABT,Abbott Laboratories,2022,Q4,audio,official_ir_webcast,https://www.abbottinvestor.com/,www.abbottinvestor.com,safe_to_download,true,true,false,false,Keith user-authorized acquisition for Signal Engine 2.0 assessment on 2026-05-24,Keith,2026-05-24T23:38:11+00:00,,,,sha256:fc4f42c8c5e28acc85ef161e524bea39eaa6bbac6117de63a3e9cd6f0d7ea3b9,
src_404f4bda42d86ad70,bmy_2022_q4,BMY,Bristol Myers Squibb Company,2022,Q4,transcript,official_ir_transcript,https://investors.bms.com/,investors.bms.com,safe_to_download,true,true,false,false,Keith user-authorized acquisition for Signal Engine 2.0 assessment on 2026-05-24,Keith,2026-05-24T23:38:11+00:00,,,,sha256:8f886234cfaf26b8180f2fd4d830f3d04d5bd7de731ceac8d87c1600f03dfc31,
src_eb20d091297d76dbb,bmy_2022_q4,BMY,Bristol Myers Squibb Company,2022,Q4,audio,official_ir_webcast,https://investors.bms.com/,investors.bms.com,safe_to_download,true,true,false,false,Keith user-authorized acquisition for Signal Engine 2.0 assessment on 2026-05-24,Keith,2026-05-24T23:38:11+00:00,,,,sha256:d975f6dd0c2ed204d8d44cc5bbf7dadd8c88ba7b483871ab115bc60624a02830,
src_df51c6293296757ef,mdt_2022_q4,MDT,Medtronic plc,2022,Q4,transcript,official_ir_transcript,https://investorrelations.medtronic.com/,investorrelations.medtronic.com,safe_to_download,true,true,false,false,Keith user-authorized acquisition for Signal Engine 2.0 assessment on 2026-05-24,Keith,2026-05-24T23:38:11+00:00,,,,sha256:f6fd338b5a9b07dcbaf00108d87836cb21c8726d17fcc92422fe7f357ee960a4,
src_dc017267f30044bc1,mdt_2022_q4,MDT,Medtronic plc,2022,Q4,audio,official_ir_webcast,https://investorrelations.medtronic.com/,investorrelations.medtronic.com,safe_to_download,true,true,false,false,Keith user-authorized acquisition for Signal Engine 2.0 assessment on 2026-05-24,Keith,2026-05-24T23:38:11+00:00,,,,sha256:45249bbcc2cce7530f71f78d76330c1b75262c59d9bcd6026f3f10b2d71db384,
src_10f0c383faf0f3a5a,tmo_2022_q4,TMO,Thermo Fisher Scientific Inc.,2022,Q4,transcript,official_ir_transcript,https://ir.thermofisher.com/,ir.thermofisher.com,safe_to_download,true,true,false,false,Keith user-authorized acquisition for Signal Engine 2.0 assessment on 2026-05-24,Keith,2026-05-24T23:38:11+00:00,,,,sha256:94e6b88c518d0e866cdf0091957ed9dca27d68b04a1f55d4ce02a7348fe62756,
src_2375b8809113ab4ee,tmo_2022_q4,TMO,Thermo Fisher Scientific Inc.,2022,Q4,audio,official_ir_webcast,https://ir.thermofisher.com/,ir.thermofisher.com,safe_to_download,true,true,false,false,Keith user-authorized acquisition for Signal Engine 2.0 assessment on 2026-05-24,Keith,2026-05-24T23:38:11+00:00,,,,sha256:470f154f0f9ff8ae781701bc26def734c99bd2a20292c02ae1201cc9fcddafdc,
src_37d23bcad3f05946e,dhr_2022_q4,DHR,Danaher Corporation,2022,Q4,transcript,official_ir_transcript,https://investors.danaher.com/,investors.danaher.com,safe_to_download,true,true,false,false,Keith user-authorized acquisition for Signal Engine 2.0 assessment on 2026-05-24,Keith,2026-05-24T23:38:11+00:00,,,,sha256:240afc622a6ba84f305fcc2faaac04bd06063fe6320f20d2cb0d45b8ff9567f1,
src_e16660a06faebbb39,dhr_2022_q4,DHR,Danaher Corporation,2022,Q4,audio,official_ir_webcast,https://investors.danaher.com/,investors.danaher.com,safe_to_download,true,true,false,false,Keith user-authorized acquisition for Signal Engine 2.0 assessment on 2026-05-24,Keith,2026-05-24T23:38:11+00:00,,,,sha256:584f755ce2cb06e257baa13cca1b735ff3d0c38e8492fdfc56847706dee37ee2,
src_ade8aa89debfe16a6,bdx_2022_q4,BDX,"Becton, Dickinson and Company",2022,Q4,transcript,official_ir_transcript,https://investors.bd.com/,investors.bd.com,safe_to_download,true,true,false,false,Keith user-authorized acquisition for Signal Engine 2.0 assessment on 2026-05-24,Keith,2026-05-24T23:38:11+00:00,,,,sha256:afed4ef489a53adf6d6905d58b28da8a385c7abe6e9f63529d447d83c28482ca,
src_bc400e9f62193ec17,bdx_2022_q4,BDX,"Becton, Dickinson and Company",2022,Q4,audio,official_ir_webcast,https://investors.bd.com/,investors.bd.com,safe_to_download,true,true,false,false,Keith user-authorized acquisition for Signal Engine 2.0 assessment on 2026-05-24,Keith,2026-05-24T23:38:11+00:00,,,,sha256:b4e3089d20bbf5a7f4e8ad5533fbaf1b1b7ede0ce99f167d278dd760703a5abb,
src_909c2f6d087cf5a1c,ci_2022_q4,CI,The Cigna Group,2022,Q4,transcript,official_ir_transcript,https://investors.thecignagroup.com/,investors.thecignagroup.com,safe_to_download,true,true,false,false,Keith user-authorized acquisition for Signal Engine 2.0 assessment on 2026-05-24,Keith,2026-05-24T23:38:11+00:00,,,,sha256:f62689cbefb3060b3ce5ff7fff975280344e3325f141e1be661273bd339684b7,
src_8915a287032858e68,ci_2022_q4,CI,The Cigna Group,2022,Q4,audio,official_ir_webcast,https://investors.thecignagroup.com/,investors.thecignagroup.com,safe_to_download,true,true,false,false,Keith user-authorized acquisition for Signal Engine 2.0 assessment on 2026-05-24,Keith,2026-05-24T23:38:11+00:00,,,,sha256:dcde6a1e01e68aa684cc9f57d07da8d2cdd6a0a8f66dec7281c6fa933d3ff26f,
src_be117dc89836c91cd,hca_2022_q4,HCA,"HCA Healthcare, Inc.",2022,Q4,transcript,official_ir_transcript,https://investor.hcahealthcare.com/,investor.hcahealthcare.com,safe_to_download,true,true,false,false,Keith user-authorized acquisition for Signal Engine 2.0 assessment on 2026-05-24,Keith,2026-05-24T23:38:11+00:00,,,,sha256:dcb95c699837ace76587d5f4d5fb3295ffc695a5ed818378306321f0288057e3,
src_a5831f26bc7d7e70e,hca_2022_q4,HCA,"HCA Healthcare, Inc.",2022,Q4,audio,official_ir_webcast,https://investor.hcahealthcare.com/,investor.hcahealthcare.com,safe_to_download,true,true,false,false,Keith user-authorized acquisition for Signal Engine 2.0 assessment on 2026-05-24,Keith,2026-05-24T23:38:11+00:00,,,,sha256:f589af712adf5669bd0e6f7d1fe77561eaa20b326aeea59a1d602a85df7b4d70,
src_6ca9dd8b29f6a64aa,syk_2022_q4,SYK,Stryker Corporation,2022,Q4,transcript,official_ir_transcript,https://investors.stryker.com/,investors.stryker.com,safe_to_download,true,true,false,false,Keith user-authorized acquisition for Signal Engine 2.0 assessment on 2026-05-24,Keith,2026-05-24T23:38:11+00:00,,,,sha256:2274bd8e5ba0ed1e8f887e148bb39a119d5d2afca5723470a396928bc76986cd,
src_a7e5e9acb7f914237,syk_2022_q4,SYK,Stryker Corporation,2022,Q4,audio,official_ir_webcast,https://investors.stryker.com/,investors.stryker.com,safe_to_download,true,true,false,false,Keith user-authorized acquisition for Signal Engine 2.0 assessment on 2026-05-24,Keith,2026-05-24T23:38:11+00:00,,,,sha256:08c94715b89638371bd4a1cd9fb4c0ab0af5d82bbd96eac5d37c01e8646fb9bb,
src_2bbaf591f9be31398,xom_2022_q4,XOM,Exxon Mobil Corporation,2022,Q4,transcript,official_ir_transcript,https://corporate.exxonmobil.com/investors,corporate.exxonmobil.com,safe_to_download,true,true,false,false,Keith user-authorized acquisition for Signal Engine 2.0 assessment on 2026-05-24,Keith,2026-05-24T23:38:11+00:00,,,,sha256:83a8c9454df03df341635af5f7e275c5d172b00e828bf76d4bdc39ef74a1fd24,
src_c1e309dd7e39c6f68,xom_2022_q4,XOM,Exxon Mobil Corporation,2022,Q4,audio,official_ir_webcast,https://corporate.exxonmobil.com/investors,corporate.exxonmobil.com,safe_to_download,true,true,false,false,Keith user-authorized acquisition for Signal Engine 2.0 assessment on 2026-05-24,Keith,2026-05-24T23:38:11+00:00,,,,sha256:39195eb8de90a399975c8052bf562abb250e62c1a3fdb0897c49f4d93e5d13ab,
src_02854cd1b17327f4f,cvx_2022_q4,CVX,Chevron Corporation,2022,Q4,transcript,official_ir_transcript,https://www.chevron.com/investors,www.chevron.com,safe_to_download,true,true,false,false,Keith user-authorized acquisition for Signal Engine 2.0 assessment on 2026-05-24,Keith,2026-05-24T23:38:11+00:00,,,,sha256:c7fc8fd61bfb34d518a53121e46301c6b19e232ad9019075349b551b9510b28b,
src_11b56a354d1952ec7,cvx_2022_q4,CVX,Chevron Corporation,2022,Q4,audio,official_ir_webcast,https://www.chevron.com/investors,www.chevron.com,safe_to_download,true,true,false,false,Keith user-authorized acquisition for Signal Engine 2.0 assessment on 2026-05-24,Keith,2026-05-24T23:38:11+00:00,,,,sha256:30f5305b2d91181e5250cde9ee2c44b63d1850bcee40da10bdc86efc07a3f145,
src_feb0aac745c394bd3,cop_2022_q4,COP,ConocoPhillips,2022,Q4,transcript,official_ir_transcript,https://www.conocophillips.com/investor-relations/,www.conocophillips.com,safe_to_download,true,true,false,false,Keith user-authorized acquisition for Signal Engine 2.0 assessment on 2026-05-24,Keith,2026-05-24T23:38:11+00:00,,,,sha256:e1c9fef9ae17696b30ed9c91f60ea5af372ca6bfdc896b01d3d3f6a07d54d3cc,
src_6c045e98d64ed5af3,cop_2022_q4,COP,ConocoPhillips,2022,Q4,audio,official_ir_webcast,https://www.conocophillips.com/investor-relations/,www.conocophillips.com,safe_to_download,true,true,false,false,Keith user-authorized acquisition for Signal Engine 2.0 assessment on 2026-05-24,Keith,2026-05-24T23:38:11+00:00,,,,sha256:333fdbace463f1580beed31054e5d85d1788c31d279e076ce28ffd27c4a9e175,
src_e62a87ba43ebbc7c6,slb_2022_q4,SLB,SLB,2022,Q4,transcript,official_ir_transcript,https://investorcenter.slb.com/,investorcenter.slb.com,safe_to_download,true,true,false,false,Keith user-authorized acquisition for Signal Engine 2.0 assessment on 2026-05-24,Keith,2026-05-24T23:38:11+00:00,,,,sha256:51d7d8478257a90f3f60cb2896179d5e988ad430fab5662115e1c19cb9825569,
src_a8330705b0b9e9072,slb_2022_q4,SLB,SLB,2022,Q4,audio,official_ir_webcast,https://investorcenter.slb.com/,investorcenter.slb.com,safe_to_download,true,true,false,false,Keith user-authorized acquisition for Signal Engine 2.0 assessment on 2026-05-24,Keith,2026-05-24T23:38:11+00:00,,,,sha256:8bd6875f9e31a9657684276668dd491b910c0779e12c51bb5481294e80f21da5,
src_146b0285826cf9c4a,hal_2022_q4,HAL,Halliburton Company,2022,Q4,transcript,official_ir_transcript,https://ir.halliburton.com/,ir.halliburton.com,safe_to_download,true,true,false,false,Keith user-authorized acquisition for Signal Engine 2.0 assessment on 2026-05-24,Keith,2026-05-24T23:38:11+00:00,,,,sha256:1164fbb2d55255b917bdef6a77b2c69c33d7a826c8d30a451ee81518d0fb28ad,
src_a9a96884ed1b1638e,hal_2022_q4,HAL,Halliburton Company,2022,Q4,audio,official_ir_webcast,https://ir.halliburton.com/,ir.halliburton.com,safe_to_download,true,true,false,false,Keith user-authorized acquisition for Signal Engine 2.0 assessment on 2026-05-24,Keith,2026-05-24T23:38:11+00:00,,,,sha256:7b11664d0b63380ecec747a71c1e8903e841307c181e6528bc6766cd7e7a9d57,
src_0540c522ca3ce49f9,eog_2022_q4,EOG,"EOG Resources, Inc.",2022,Q4,transcript,official_ir_transcript,https://investors.eogresources.com/,investors.eogresources.com,safe_to_download,true,true,false,false,Keith user-authorized acquisition for Signal Engine 2.0 assessment on 2026-05-24,Keith,2026-05-24T23:38:11+00:00,,,,sha256:19c1146ab4e70cabb56e180a8b69437a9b9f17b1f3ba64950ff245238b0a62c7,
src_48d06afbda9b7f6b7,eog_2022_q4,EOG,"EOG Resources, Inc.",2022,Q4,audio,official_ir_webcast,https://investors.eogresources.com/,investors.eogresources.com,safe_to_download,true,true,false,false,Keith user-authorized acquisition for Signal Engine 2.0 assessment on 2026-05-24,Keith,2026-05-24T23:38:11+00:00,,,,sha256:c70d952ecd314f03871d64cc13c6ed4e748ccba99dc33941b04261756b17ecca,
src_8c82057c0e6167ab6,oxy_2022_q4,OXY,Occidental Petroleum Corporation,2022,Q4,transcript,official_ir_transcript,https://www.oxy.com/investors/,www.oxy.com,safe_to_download,true,true,false,false,Keith user-authorized acquisition for Signal Engine 2.0 assessment on 2026-05-24,Keith,2026-05-24T23:38:11+00:00,,,,sha256:ceca1a21bf8309a5ecab573c778e4915a9f8695e1527b300087c9f7626ad811e,
src_3e9d35f5a86dc2010,oxy_2022_q4,OXY,Occidental Petroleum Corporation,2022,Q4,audio,official_ir_webcast,https://www.oxy.com/investors/,www.oxy.com,safe_to_download,true,true,false,false,Keith user-authorized acquisition for Signal Engine 2.0 assessment on 2026-05-24,Keith,2026-05-24T23:38:11+00:00,,,,sha256:01b4b6192c56106b193b2b33d72e36960eb942e54396342d7b43f580f49f153e,
src_d474fd3db252d0862,mpc_2022_q4,MPC,Marathon Petroleum Corporation,2022,Q4,transcript,official_ir_transcript,https://www.marathonpetroleum.com/Investors/,www.marathonpetroleum.com,safe_to_download,true,true,false,false,Keith user-authorized acquisition for Signal Engine 2.0 assessment on 2026-05-24,Keith,2026-05-24T23:38:11+00:00,,,,sha256:87892799ac387f45d354d5bd0bc62cedaf0e037eaa0275dc62378a20c7b18ffe,
src_5a3cb03562b7f9559,mpc_2022_q4,MPC,Marathon Petroleum Corporation,2022,Q4,audio,official_ir_webcast,https://www.marathonpetroleum.com/Investors/,www.marathonpetroleum.com,safe_to_download,true,true,false,false,Keith user-authorized acquisition for Signal Engine 2.0 assessment on 2026-05-24,Keith,2026-05-24T23:38:11+00:00,,,,sha256:52f292bb6589adff4eaa9c909b7d3857115e11babfcf904193b3b5550dbc3c90,
src_346c120896bfc0320,psx_2022_q4,PSX,Phillips 66,2022,Q4,transcript,official_ir_transcript,https://investor.phillips66.com/,investor.phillips66.com,safe_to_download,true,true,false,false,Keith user-authorized acquisition for Signal Engine 2.0 assessment on 2026-05-24,Keith,2026-05-24T23:38:11+00:00,,,,sha256:48ee1703aefd52340c89f1f9fa1adc47fd25a46b0da88a05a7b3592a6c9485ed,
src_79e9e68839c563a2c,psx_2022_q4,PSX,Phillips 66,2022,Q4,audio,official_ir_webcast,https://investor.phillips66.com/,investor.phillips66.com,safe_to_download,true,true,false,false,Keith user-authorized acquisition for Signal Engine 2.0 assessment on 2026-05-24,Keith,2026-05-24T23:38:11+00:00,,,,sha256:9119faf52c61fad798b9cfc44f483e12804f3d196dc3e73e8629fa5bbb082f96,
src_60af5782c0c61e98e,vlo_2022_q4,VLO,Valero Energy Corporation,2022,Q4,transcript,official_ir_transcript,https://investorvalero.com/,investorvalero.com,safe_to_download,true,true,false,false,Keith user-authorized acquisition for Signal Engine 2.0 assessment on 2026-05-24,Keith,2026-05-24T23:38:11+00:00,,,,sha256:cd0543632fd0da8ee9c2edd5f658d9688c8f6872a578cb24a71f866bdc759171,
src_988b0fe889bb29660,vlo_2022_q4,VLO,Valero Energy Corporation,2022,Q4,audio,official_ir_webcast,https://investorvalero.com/,investorvalero.com,safe_to_download,true,true,false,false,Keith user-authorized acquisition for Signal Engine 2.0 assessment on 2026-05-24,Keith,2026-05-24T23:38:11+00:00,,,,sha256:fafc5ea99821bbffa4014ff9101df1248457810ec6edc6dd4c4bfbe9009f2ea2,
src_eab2d5b11e2966a2b,ba_2022_q4,BA,The Boeing Company,2022,Q4,transcript,official_ir_transcript,https://investors.boeing.com/,investors.boeing.com,safe_to_download,true,true,false,false,Keith user-authorized acquisition for Signal Engine 2.0 assessment on 2026-05-24,Keith,2026-05-24T23:38:11+00:00,,,,sha256:9d893b34776fba45678f1256c9ce0f75742925571ba9e83829c30f44a6bfaf81,
src_5628b50fcd3011825,ba_2022_q4,BA,The Boeing Company,2022,Q4,audio,official_ir_webcast,https://investors.boeing.com/,investors.boeing.com,safe_to_download,true,true,false,false,Keith user-authorized acquisition for Signal Engine 2.0 assessment on 2026-05-24,Keith,2026-05-24T23:38:11+00:00,,,,sha256:28cd0a8e2f4e806d9353a75695cbadee768d5fd6904c0b85d779d2840003bb4e,
src_fd2e17368fc523bce,rtx_2022_q4,RTX,RTX Corporation,2022,Q4,transcript,official_ir_transcript,https://www.rtx.com/investors,www.rtx.com,safe_to_download,true,true,false,false,Keith user-authorized acquisition for Signal Engine 2.0 assessment on 2026-05-24,Keith,2026-05-24T23:38:11+00:00,,,,sha256:c741dd5ecbe6eb116e58148ad1edbd4b36c46218fcb921319474cc586ae307db,
src_19a26982a438e770e,rtx_2022_q4,RTX,RTX Corporation,2022,Q4,audio,official_ir_webcast,https://www.rtx.com/investors,www.rtx.com,safe_to_download,true,true,false,false,Keith user-authorized acquisition for Signal Engine 2.0 assessment on 2026-05-24,Keith,2026-05-24T23:38:11+00:00,,,,sha256:c29d0d5cf712aadab02f369277b3b3acf6773ea24c4006b058a13884bdb5585e,
src_b491f5af1e5a44aae,lmt_2022_q4,LMT,Lockheed Martin Corporation,2022,Q4,transcript,official_ir_transcript,https://investors.lockheedmartin.com/,investors.lockheedmartin.com,safe_to_download,true,true,false,false,Keith user-authorized acquisition for Signal Engine 2.0 assessment on 2026-05-24,Keith,2026-05-24T23:38:11+00:00,,,,sha256:7a83d76be9c65f6959334c8533743c3006bb08388dd6070bba2dec7b899a1f60,
src_1be73612b9f99983d,lmt_2022_q4,LMT,Lockheed Martin Corporation,2022,Q4,audio,official_ir_webcast,https://investors.lockheedmartin.com/,investors.lockheedmartin.com,safe_to_download,true,true,false,false,Keith user-authorized acquisition for Signal Engine 2.0 assessment on 2026-05-24,Keith,2026-05-24T23:38:11+00:00,,,,sha256:2a4494c8081241c3f4a7197d56a2018470e7a64c703d9a58ff967d683d9fa066,
src_cc021708baed424a3,noc_2022_q4,NOC,Northrop Grumman Corporation,2022,Q4,transcript,official_ir_transcript,https://investor.northropgrumman.com/,investor.northropgrumman.com,safe_to_download,true,true,false,false,Keith user-authorized acquisition for Signal Engine 2.0 assessment on 2026-05-24,Keith,2026-05-24T23:38:11+00:00,,,,sha256:e1521087dd2b4300ed1744bf162ff566ef9cc45dcb326eb4edc6570ffcc0d2f9,
src_13984cefc9207c968,noc_2022_q4,NOC,Northrop Grumman Corporation,2022,Q4,audio,official_ir_webcast,https://investor.northropgrumman.com/,investor.northropgrumman.com,safe_to_download,true,true,false,false,Keith user-authorized acquisition for Signal Engine 2.0 assessment on 2026-05-24,Keith,2026-05-24T23:38:11+00:00,,,,sha256:77267655961081640dd003dc12bec5de3c5843955d513a59ae247fb146852529,
src_260fda1d0e051d101,gd_2022_q4,GD,General Dynamics Corporation,2022,Q4,transcript,official_ir_transcript,https://investorrelations.gd.com/,investorrelations.gd.com,safe_to_download,true,true,false,false,Keith user-authorized acquisition for Signal Engine 2.0 assessment on 2026-05-24,Keith,2026-05-24T23:38:11+00:00,,,,sha256:6a3bb8f9b82cded48c96e0372fff7621432d975a4517fe2a95a3aa9a5213f673,
src_83d235d33001efba0,gd_2022_q4,GD,General Dynamics Corporation,2022,Q4,audio,official_ir_webcast,https://investorrelations.gd.com/,investorrelations.gd.com,safe_to_download,true,true,false,false,Keith user-authorized acquisition for Signal Engine 2.0 assessment on 2026-05-24,Keith,2026-05-24T23:38:11+00:00,,,,sha256:3ad82c08fa42ace3e8751dc0f1d16168be6ae27dd2a9fb65c22c982b689895cb,
src_83b5b46c488a03abd,cat_2022_q4,CAT,Caterpillar Inc.,2022,Q4,transcript,official_ir_transcript,https://investors.caterpillar.com/,investors.caterpillar.com,safe_to_download,true,true,false,false,Keith user-authorized acquisition for Signal Engine 2.0 assessment on 2026-05-24,Keith,2026-05-24T23:38:11+00:00,,,,sha256:3893458ba24503c87fcca0565870eb5a4326c8d22f47492ac3ca8376df7bd733,
src_1e434f0cfc932d9fa,cat_2022_q4,CAT,Caterpillar Inc.,2022,Q4,audio,official_ir_webcast,https://investors.caterpillar.com/,investors.caterpillar.com,safe_to_download,true,true,false,false,Keith user-authorized acquisition for Signal Engine 2.0 assessment on 2026-05-24,Keith,2026-05-24T23:38:11+00:00,,,,sha256:a572d8d2e89a80625ea96407480c45c1ed46f85f0696d0434fcc1832b69f9778,
src_45cb6debc64afaef3,de_2022_q4,DE,Deere & Company,2022,Q4,transcript,official_ir_transcript,https://investor.deere.com/,investor.deere.com,safe_to_download,true,true,false,false,Keith user-authorized acquisition for Signal Engine 2.0 assessment on 2026-05-24,Keith,2026-05-24T23:38:11+00:00,,,,sha256:01d67b93185c54d1fe2fd2293a814788838eda9a2f4ff4405031c26a96531bc6,
src_f6aa9288aaf2fcab9,de_2022_q4,DE,Deere & Company,2022,Q4,audio,official_ir_webcast,https://investor.deere.com/,investor.deere.com,safe_to_download,true,true,false,false,Keith user-authorized acquisition for Signal Engine 2.0 assessment on 2026-05-24,Keith,2026-05-24T23:38:11+00:00,,,,sha256:78bf28e0a57d2f2db9ecfd95c4610a4914078c47de363f2167a486f5ca390ed4,
src_e8f3c8ad7f9271fc2,ge_2022_q4,GE,GE Aerospace,2022,Q4,transcript,official_ir_transcript,https://www.geaerospace.com/investors,www.geaerospace.com,safe_to_download,true,true,false,false,Keith user-authorized acquisition for Signal Engine 2.0 assessment on 2026-05-24,Keith,2026-05-24T23:38:11+00:00,,,,sha256:10170c8ee8c900927f5a0114874a08d86a67f241ffb6f1fa26e82c8d126d924c,
src_ca9f7a01ce80d1379,ge_2022_q4,GE,GE Aerospace,2022,Q4,audio,official_ir_webcast,https://www.geaerospace.com/investors,www.geaerospace.com,safe_to_download,true,true,false,false,Keith user-authorized acquisition for Signal Engine 2.0 assessment on 2026-05-24,Keith,2026-05-24T23:38:11+00:00,,,,sha256:d83d5b0e67400132bc1f38fdb4da64872008d422e3cd6dd4cf0c744f28ed3ef8,
src_aab4e7e23ec996880,etn_2022_q4,ETN,Eaton Corporation plc,2022,Q4,transcript,official_ir_transcript,https://www.eaton.com/us/en-us/company/investor-relations.html,www.eaton.com,safe_to_download,true,true,false,false,Keith user-authorized acquisition for Signal Engine 2.0 assessment on 2026-05-24,Keith,2026-05-24T23:38:11+00:00,,,,sha256:2fb40fb06270c1ecd9ebf1569caf7a5c10e90cf09338c7d951a31c0136dff097,
src_22fc00dd9c5c15037,etn_2022_q4,ETN,Eaton Corporation plc,2022,Q4,audio,official_ir_webcast,https://www.eaton.com/us/en-us/company/investor-relations.html,www.eaton.com,safe_to_download,true,true,false,false,Keith user-authorized acquisition for Signal Engine 2.0 assessment on 2026-05-24,Keith,2026-05-24T23:38:11+00:00,,,,sha256:ea79bac4318d15c0f4f5549ab76394a11d160ece292b4b10cb14f93f9e1b8a8f,
src_53d29ff615c9c4d0d,emr_2022_q4,EMR,Emerson Electric Co.,2022,Q4,transcript,official_ir_transcript,https://www.emerson.com/en-us/investors,www.emerson.com,safe_to_download,true,true,false,false,Keith user-authorized acquisition for Signal Engine 2.0 assessment on 2026-05-24,Keith,2026-05-24T23:38:11+00:00,,,,sha256:1693b059a0e6a43ac4df659698cb14f3572d851bf6fcc19cc6941c5ef2ec3797,
src_91dec5aa4f1b9ecba,emr_2022_q4,EMR,Emerson Electric Co.,2022,Q4,audio,official_ir_webcast,https://www.emerson.com/en-us/investors,www.emerson.com,safe_to_download,true,true,false,false,Keith user-authorized acquisition for Signal Engine 2.0 assessment on 2026-05-24,Keith,2026-05-24T23:38:11+00:00,,,,sha256:6524af894aa816a1dbfdb88ccdd34474a26858791097149f2023780e95e93cc1,
src_09ed617ae7ce64171,mmm_2022_q4,MMM,3M Company,2022,Q4,transcript,official_ir_transcript,https://investors.3m.com/,investors.3m.com,safe_to_download,true,true,false,false,Keith user-authorized acquisition for Signal Engine 2.0 assessment on 2026-05-24,Keith,2026-05-24T23:38:11+00:00,,,,sha256:233fd34c4de9bfca7ef31fb7c7b6c7a2da7a1708ddf03cc6525f026f46dc3ce3,
src_5d5ad5890eaa3c2c2,mmm_2022_q4,MMM,3M Company,2022,Q4,audio,official_ir_webcast,https://investors.3m.com/,investors.3m.com,safe_to_download,true,true,false,false,Keith user-authorized acquisition for Signal Engine 2.0 assessment on 2026-05-24,Keith,2026-05-24T23:38:11+00:00,,,,sha256:9cbea4fcc65898216568c46e0bb7e4481a354b8d0ee466015d82b302744fbec8,
src_f17c617ff1ab98ef8,itw_2022_q4,ITW,Illinois Tool Works Inc.,2022,Q4,transcript,official_ir_transcript,https://investor.itw.com/,investor.itw.com,safe_to_download,true,true,false,false,Keith user-authorized acquisition for Signal Engine 2.0 assessment on 2026-05-24,Keith,2026-05-24T23:38:11+00:00,,,,sha256:4eaf18236c4734695dce5893dad9779cdcfecce68ce7d5dc8dd6b68ba8f3122f,
src_f81ab4028c61c4f93,itw_2022_q4,ITW,Illinois Tool Works Inc.,2022,Q4,audio,official_ir_webcast,https://investor.itw.com/,investor.itw.com,safe_to_download,true,true,false,false,Keith user-authorized acquisition for Signal Engine 2.0 assessment on 2026-05-24,Keith,2026-05-24T23:38:11+00:00,,,,sha256:73b192c6b5f68118176cfea1686cba79da0a4697322f943887ba5e04d9624d9f,
src_5d2eb1ce3faede378,ph_2022_q4,PH,Parker-Hannifin Corporation,2022,Q4,transcript,official_ir_transcript,https://investors.parker.com/,investors.parker.com,safe_to_download,true,true,false,false,Keith user-authorized acquisition for Signal Engine 2.0 assessment on 2026-05-24,Keith,2026-05-24T23:38:11+00:00,,,,sha256:add3192718054b6103bab41901bdfbc78e83ee76dab5209050bba13cbbdcc512,
src_198618bbfbe476e05,ph_2022_q4,PH,Parker-Hannifin Corporation,2022,Q4,audio,official_ir_webcast,https://investors.parker.com/,investors.parker.com,safe_to_download,true,true,false,false,Keith user-authorized acquisition for Signal Engine 2.0 assessment on 2026-05-24,Keith,2026-05-24T23:38:11+00:00,,,,sha256:a36982cadb8826bf51db04612fefb91ddeb132481cada8d4403da6db1230ef3a,
src_8543da7ca23bd0157,carr_2022_q4,CARR,Carrier Global Corporation,2022,Q4,transcript,official_ir_transcript,https://ir.carrier.com/,ir.carrier.com,safe_to_download,true,true,false,false,Keith user-authorized acquisition for Signal Engine 2.0 assessment on 2026-05-24,Keith,2026-05-24T23:38:11+00:00,,,,sha256:63f7f6954b9769c5d4a3637503a09f515dfd711dbe6e0b5021948d7180dbcb7f,
src_021243f3389e7bae7,carr_2022_q4,CARR,Carrier Global Corporation,2022,Q4,audio,official_ir_webcast,https://ir.carrier.com/,ir.carrier.com,safe_to_download,true,true,false,false,Keith user-authorized acquisition for Signal Engine 2.0 assessment on 2026-05-24,Keith,2026-05-24T23:38:11+00:00,,,,sha256:cbdc8daa77262044e627363e8edbfa960dfed48e501892f3310ec0c01157cc31,
src_013f12153107b2dbb,otis_2022_q4,OTIS,Otis Worldwide Corporation,2022,Q4,transcript,official_ir_transcript,https://www.otis.com/en/us/investors,www.otis.com,safe_to_download,true,true,false,false,Keith user-authorized acquisition for Signal Engine 2.0 assessment on 2026-05-24,Keith,2026-05-24T23:38:11+00:00,,,,sha256:54f098db0bdb4daf9a8df0decb99a4c01acc728ea28df81000a87b379aac2c01,
src_3cec1da813136f439,otis_2022_q4,OTIS,Otis Worldwide Corporation,2022,Q4,audio,official_ir_webcast,https://www.otis.com/en/us/investors,www.otis.com,safe_to_download,true,true,false,false,Keith user-authorized acquisition for Signal Engine 2.0 assessment on 2026-05-24,Keith,2026-05-24T23:38:11+00:00,,,,sha256:cc2c75b8096e8ff0e2a02e1d4c990a50a94edd27341d68929bc9f68b42e68ccd,
src_deb11eee509cef72b,ups_2022_q4,UPS,"United Parcel Service, Inc.",2022,Q4,transcript,official_ir_transcript,https://investors.ups.com/,investors.ups.com,safe_to_download,true,true,false,false,Keith user-authorized acquisition for Signal Engine 2.0 assessment on 2026-05-24,Keith,2026-05-24T23:38:11+00:00,,,,sha256:de4a51338e0969b36a98aa235e3fcc900f18cee66f9a28bf1c42c1c86b127132,
src_f368327375c148e9b,ups_2022_q4,UPS,"United Parcel Service, Inc.",2022,Q4,audio,official_ir_webcast,https://investors.ups.com/,investors.ups.com,safe_to_download,true,true,false,false,Keith user-authorized acquisition for Signal Engine 2.0 assessment on 2026-05-24,Keith,2026-05-24T23:38:11+00:00,,,,sha256:285301514c9545d6ab623978856a74f5cfa584fa29c51c4875c7c3d2fc0fcdcb,
src_a5ad11bf23e83f48c,fdx_2022_q4,FDX,FedEx Corporation,2022,Q4,transcript,official_ir_transcript,https://investors.fedex.com/,investors.fedex.com,safe_to_download,true,true,false,false,Keith user-authorized acquisition for Signal Engine 2.0 assessment on 2026-05-24,Keith,2026-05-24T23:38:11+00:00,,,,sha256:6dcfabce847ec62fb251eafd9a0b5c5eb8b07bfe3b9ad420d6af00815f3c0faf,
src_6fc0e90623eae26e5,fdx_2022_q4,FDX,FedEx Corporation,2022,Q4,audio,official_ir_webcast,https://investors.fedex.com/,investors.fedex.com,safe_to_download,true,true,false,false,Keith user-authorized acquisition for Signal Engine 2.0 assessment on 2026-05-24,Keith,2026-05-24T23:38:11+00:00,,,,sha256:e0209f482081540e73c25901c11921f9d554bf37d8cd807287bde5b50486a9eb,
src_962ec988a3f8a331d,dal_2022_q4,DAL,"Delta Air Lines, Inc.",2022,Q4,transcript,official_ir_transcript,https://ir.delta.com/,ir.delta.com,safe_to_download,true,true,false,false,Keith user-authorized acquisition for Signal Engine 2.0 assessment on 2026-05-24,Keith,2026-05-24T23:38:11+00:00,,,,sha256:ae19abdef41c1f71235e436953bcf9404e1ce65103b94f13001bbc43f06375ae,
src_b692fee8fec348a6f,dal_2022_q4,DAL,"Delta Air Lines, Inc.",2022,Q4,audio,official_ir_webcast,https://ir.delta.com/,ir.delta.com,safe_to_download,true,true,false,false,Keith user-authorized acquisition for Signal Engine 2.0 assessment on 2026-05-24,Keith,2026-05-24T23:38:11+00:00,,,,sha256:2ff06e593c7d6012d42e452a5edda7f7a648d14b16190f8be377c8b39ab5a77d,
src_fc4495841096cb3a3,unp_2022_q4,UNP,Union Pacific Corporation,2022,Q4,transcript,official_ir_transcript,https://investor.unionpacific.com/,investor.unionpacific.com,safe_to_download,true,true,false,false,Keith user-authorized acquisition for Signal Engine 2.0 assessment on 2026-05-24,Keith,2026-05-24T23:38:11+00:00,,,,sha256:37f55a2cdd69f517bffa8c2285cfd5c1ef0a68e5d75b324313f3f53850dc609a,
src_5befc7fe07a67b0f0,unp_2022_q4,UNP,Union Pacific Corporation,2022,Q4,audio,official_ir_webcast,https://investor.unionpacific.com/,investor.unionpacific.com,safe_to_download,true,true,false,false,Keith user-authorized acquisition for Signal Engine 2.0 assessment on 2026-05-24,Keith,2026-05-24T23:38:11+00:00,,,,sha256:f162acf39f9979b3eca0555e8db39ad501a090aa2a0e5d1691fef4473ebeb150,
src_316bb73c79d3ccc3b,nsc_2022_q4,NSC,Norfolk Southern Corporation,2022,Q4,transcript,official_ir_transcript,https://norfolksouthern.investorroom.com/,norfolksouthern.investorroom.com,safe_to_download,true,true,false,false,Keith user-authorized acquisition for Signal Engine 2.0 assessment on 2026-05-24,Keith,2026-05-24T23:38:11+00:00,,,,sha256:ec85ab1515bc871fb6aabe3e0632a8ddd6966d198f0859ad07dd914c2833d732,
src_84312cfd997406beb,nsc_2022_q4,NSC,Norfolk Southern Corporation,2022,Q4,audio,official_ir_webcast,https://norfolksouthern.investorroom.com/,norfolksouthern.investorroom.com,safe_to_download,true,true,false,false,Keith user-authorized acquisition for Signal Engine 2.0 assessment on 2026-05-24,Keith,2026-05-24T23:38:11+00:00,,,,sha256:ce12a85b84068f11dadba0c8b3dd12ed811c8b439ff88c075e696a0ac0b284b1,
src_dd7fad214c4c31d56,hd_2022_q4,HD,"The Home Depot, Inc.",2022,Q4,transcript,official_ir_transcript,https://ir.homedepot.com/,ir.homedepot.com,safe_to_download,true,true,false,false,Keith user-authorized acquisition for Signal Engine 2.0 assessment on 2026-05-24,Keith,2026-05-24T23:38:11+00:00,,,,sha256:92b05ea2dc16a291a4873bbd4cf4c412488d43207b0edb4a68faf58d94ad469b,
src_9641d8fe34a672d37,hd_2022_q4,HD,"The Home Depot, Inc.",2022,Q4,audio,official_ir_webcast,https://ir.homedepot.com/,ir.homedepot.com,safe_to_download,true,true,false,false,Keith user-authorized acquisition for Signal Engine 2.0 assessment on 2026-05-24,Keith,2026-05-24T23:38:11+00:00,,,,sha256:b3d0a9d05a3d9fd262e47ac2ab0fb6560612cc983d68d29bb17bc91bd0aacbad,
src_59c50c3dcf9c3fc84,low_2022_q4,LOW,"Lowe's Companies, Inc.",2022,Q4,transcript,official_ir_transcript,https://corporate.lowes.com/investors,corporate.lowes.com,safe_to_download,true,true,false,false,Keith user-authorized acquisition for Signal Engine 2.0 assessment on 2026-05-24,Keith,2026-05-24T23:38:11+00:00,,,,sha256:a4492c7d19e7bad3a470c3f8eb8c582a38f47854f01d0b84f90d974872062ca5,
src_fa52ae04208a9a7a8,low_2022_q4,LOW,"Lowe's Companies, Inc.",2022,Q4,audio,official_ir_webcast,https://corporate.lowes.com/investors,corporate.lowes.com,safe_to_download,true,true,false,false,Keith user-authorized acquisition for Signal Engine 2.0 assessment on 2026-05-24,Keith,2026-05-24T23:38:11+00:00,,,,sha256:d5c12a71c64c50af597ea7ada1b6bb7d8434607e507272129555c36e4b43b80f,
src_6105b9a82928d77d1,tgt_2022_q4,TGT,Target Corporation,2022,Q4,transcript,official_ir_transcript,https://investors.target.com/,investors.target.com,safe_to_download,true,true,false,false,Keith user-authorized acquisition for Signal Engine 2.0 assessment on 2026-05-24,Keith,2026-05-24T23:38:11+00:00,,,,sha256:ac84a749c8eaded3724550d6c85dc504f110c2130df424465de247c103f8e4f5,
src_4fc3d94a0da4309d9,tgt_2022_q4,TGT,Target Corporation,2022,Q4,audio,official_ir_webcast,https://investors.target.com/,investors.target.com,safe_to_download,true,true,false,false,Keith user-authorized acquisition for Signal Engine 2.0 assessment on 2026-05-24,Keith,2026-05-24T23:38:11+00:00,,,,sha256:524cf18304489c537f951612ff2b15ac03cd922820d93684ff405cc7c6682c15,
src_5268b818c50a807e8,kr_2022_q4,KR,The Kroger Co.,2022,Q4,transcript,official_ir_transcript,https://ir.kroger.com/,ir.kroger.com,safe_to_download,true,true,false,false,Keith user-authorized acquisition for Signal Engine 2.0 assessment on 2026-05-24,Keith,2026-05-24T23:38:11+00:00,,,,sha256:6449e38d879600837df1970ca61980d6b3ae102280b8f0eb66a5dc574553381d,
src_557c69d08323a6e15,kr_2022_q4,KR,The Kroger Co.,2022,Q4,audio,official_ir_webcast,https://ir.kroger.com/,ir.kroger.com,safe_to_download,true,true,false,false,Keith user-authorized acquisition for Signal Engine 2.0 assessment on 2026-05-24,Keith,2026-05-24T23:38:11+00:00,,,,sha256:18a7ddbbe397746a8f54ae999e6b083286a22378f6c730b7cebce0e019e38041,
src_cf0a846a649b09cb8,dg_2022_q4,DG,Dollar General Corporation,2022,Q4,transcript,official_ir_transcript,https://investor.dollargeneral.com/,investor.dollargeneral.com,safe_to_download,true,true,false,false,Keith user-authorized acquisition for Signal Engine 2.0 assessment on 2026-05-24,Keith,2026-05-24T23:38:11+00:00,,,,sha256:183a156d1478c8a5d84344f334ab5501b2bfa7ce130751453caed84d3a02e53b,
src_180615d0893b083fc,dg_2022_q4,DG,Dollar General Corporation,2022,Q4,audio,official_ir_webcast,https://investor.dollargeneral.com/,investor.dollargeneral.com,safe_to_download,true,true,false,false,Keith user-authorized acquisition for Signal Engine 2.0 assessment on 2026-05-24,Keith,2026-05-24T23:38:11+00:00,,,,sha256:78d0486ae5a69824978b0d0764084a7bfbd848d4f1f6697debc51689855e08a2,
src_df3934694796b68fa,mcd_2022_q4,MCD,McDonald's Corporation,2022,Q4,transcript,official_ir_transcript,https://corporate.mcdonalds.com/corpmcd/investors.html,corporate.mcdonalds.com,safe_to_download,true,true,false,false,Keith user-authorized acquisition for Signal Engine 2.0 assessment on 2026-05-24,Keith,2026-05-24T23:38:11+00:00,,,,sha256:f63eb15a85f9c1549fb2f19a5e864f35a8c9bab117c1fbc5f839aa772d7d9909,
src_0cfed5e1224328ae0,mcd_2022_q4,MCD,McDonald's Corporation,2022,Q4,audio,official_ir_webcast,https://corporate.mcdonalds.com/corpmcd/investors.html,corporate.mcdonalds.com,safe_to_download,true,true,false,false,Keith user-authorized acquisition for Signal Engine 2.0 assessment on 2026-05-24,Keith,2026-05-24T23:38:11+00:00,,,,sha256:3c4406210e6b634aafafb7d9d35878eb08195fb9af573f36584327fa0a2fdfd9,
src_49474dc7dc1670b88,yum_2022_q4,YUM,"Yum! Brands, Inc.",2022,Q4,transcript,official_ir_transcript,https://investors.yum.com/,investors.yum.com,safe_to_download,true,true,false,false,Keith user-authorized acquisition for Signal Engine 2.0 assessment on 2026-05-24,Keith,2026-05-24T23:38:11+00:00,,,,sha256:fd7fd2614c34e480f858dbea98d319ab023b044d298ff9fdd62871e289b4df37,
src_9b84da59cb1661ff5,yum_2022_q4,YUM,"Yum! Brands, Inc.",2022,Q4,audio,official_ir_webcast,https://investors.yum.com/,investors.yum.com,safe_to_download,true,true,false,false,Keith user-authorized acquisition for Signal Engine 2.0 assessment on 2026-05-24,Keith,2026-05-24T23:38:11+00:00,,,,sha256:6d1a726656aa5e35921bc265bdad458ef437db492f8c45bf6d738f26022f41ad,
src_b2c65e05b00658a1f,nke_2022_q4,NKE,"NIKE, Inc.",2022,Q4,transcript,official_ir_transcript,https://investors.nike.com/,investors.nike.com,safe_to_download,true,true,false,false,Keith user-authorized acquisition for Signal Engine 2.0 assessment on 2026-05-24,Keith,2026-05-24T23:38:11+00:00,,,,sha256:d7c181572d9e09ec0992fe22876c31be96708754f44805cdbfa2889a48f333e6,
src_2064a4b124a969f81,nke_2022_q4,NKE,"NIKE, Inc.",2022,Q4,audio,official_ir_webcast,https://investors.nike.com/,investors.nike.com,safe_to_download,true,true,false,false,Keith user-authorized acquisition for Signal Engine 2.0 assessment on 2026-05-24,Keith,2026-05-24T23:38:11+00:00,,,,sha256:e897c5d900e92367ec9f248549496f06a5ee1c07c519c491a97673592e490b6b,
src_71adc79da94d7fa28,dis_2022_q4,DIS,The Walt Disney Company,2022,Q4,transcript,official_ir_transcript,https://thewaltdisneycompany.com/investor-relations/,thewaltdisneycompany.com,safe_to_download,true,true,false,false,Keith user-authorized acquisition for Signal Engine 2.0 assessment on 2026-05-24,Keith,2026-05-24T23:38:11+00:00,,,,sha256:afb52e5d800bced5539641258b669fbcdb6db350966f49b9bf3372a4894d26e0,
src_5c2d0238a1141acc6,dis_2022_q4,DIS,The Walt Disney Company,2022,Q4,audio,official_ir_webcast,https://thewaltdisneycompany.com/investor-relations/,thewaltdisneycompany.com,safe_to_download,true,true,false,false,Keith user-authorized acquisition for Signal Engine 2.0 assessment on 2026-05-24,Keith,2026-05-24T23:38:11+00:00,,,,sha256:773b196ad520fcccf083417df7ee3edc67e762aa7553545c70334d821806137e,
src_84ed741292939e78c,ko_2022_q4,KO,The Coca-Cola Company,2022,Q4,transcript,official_ir_transcript,https://investors.coca-colacompany.com/,investors.coca-colacompany.com,safe_to_download,true,true,false,false,Keith user-authorized acquisition for Signal Engine 2.0 assessment on 2026-05-24,Keith,2026-05-24T23:38:11+00:00,,,,sha256:9681c7c3baecd39f53e78b5809578145a767ce334899872c4533b9cb83507f9f,
src_23dd48772482a1fda,ko_2022_q4,KO,The Coca-Cola Company,2022,Q4,audio,official_ir_webcast,https://investors.coca-colacompany.com/,investors.coca-colacompany.com,safe_to_download,true,true,false,false,Keith user-authorized acquisition for Signal Engine 2.0 assessment on 2026-05-24,Keith,2026-05-24T23:38:11+00:00,,,,sha256:b252e2d3eaeff1a96e7dd394a3b2665cda1ad703b9d8b54fe656c1adbcb78374,
src_6f2eecbeb5e9277d4,pg_2022_q4,PG,The Procter & Gamble Company,2022,Q4,transcript,official_ir_transcript,https://www.pginvestor.com/,www.pginvestor.com,safe_to_download,true,true,false,false,Keith user-authorized acquisition for Signal Engine 2.0 assessment on 2026-05-24,Keith,2026-05-24T23:38:11+00:00,,,,sha256:33af45aed0f1567179f2127c7f7cf08d5e57e1bde761dd0a0f1975feece3a72b,
src_23607791fc006ff9e,pg_2022_q4,PG,The Procter & Gamble Company,2022,Q4,audio,official_ir_webcast,https://www.pginvestor.com/,www.pginvestor.com,safe_to_download,true,true,false,false,Keith user-authorized acquisition for Signal Engine 2.0 assessment on 2026-05-24,Keith,2026-05-24T23:38:11+00:00,,,,sha256:e67a93ead5f4d409938bd64e14b1a63ef38e454f050584cede106dc217fdc165,
src_2cee7bb7b332e29bb,cl_2022_q4,CL,Colgate-Palmolive Company,2022,Q4,transcript,official_ir_transcript,https://investor.colgatepalmolive.com/,investor.colgatepalmolive.com,safe_to_download,true,true,false,false,Keith user-authorized acquisition for Signal Engine 2.0 assessment on 2026-05-24,Keith,2026-05-24T23:38:11+00:00,,,,sha256:12d0171c5a6c533f7d7ff3549463118c27c44c9ce4d0959cabc91cd7ffef2015,
src_f08ecc04dd83084fc,cl_2022_q4,CL,Colgate-Palmolive Company,2022,Q4,audio,official_ir_webcast,https://investor.colgatepalmolive.com/,investor.colgatepalmolive.com,safe_to_download,true,true,false,false,Keith user-authorized acquisition for Signal Engine 2.0 assessment on 2026-05-24,Keith,2026-05-24T23:38:11+00:00,,,,sha256:e05dd2c3808dc5df936c6539a3464fb8a3ba9195591eec6101732688337fd394,
src_cdf0ed188f2fb3b0c,el_2022_q4,EL,The Estee Lauder Companies Inc.,2022,Q4,transcript,official_ir_transcript,https://ir.elcompanies.com/,ir.elcompanies.com,safe_to_download,true,true,false,false,Keith user-authorized acquisition for Signal Engine 2.0 assessment on 2026-05-24,Keith,2026-05-24T23:38:11+00:00,,,,sha256:77eaa6c4d18fe1a6e4aa6b9aa7e16d9b35991fc0fb0d4b4c340528f19dcf1f6e,
src_b0ae4e76d105c7a18,el_2022_q4,EL,The Estee Lauder Companies Inc.,2022,Q4,audio,official_ir_webcast,https://ir.elcompanies.com/,ir.elcompanies.com,safe_to_download,true,true,false,false,Keith user-authorized acquisition for Signal Engine 2.0 assessment on 2026-05-24,Keith,2026-05-24T23:38:11+00:00,,,,sha256:9676c3910103b9897f32cf108e6f1a769227afcbc9425aab3420a6ca86c48bc0,
src_b73bd9ef65d59bcab,gis_2022_q4,GIS,"General Mills, Inc.",2022,Q4,transcript,official_ir_transcript,https://investors.generalmills.com/,investors.generalmills.com,safe_to_download,true,true,false,false,Keith user-authorized acquisition for Signal Engine 2.0 assessment on 2026-05-24,Keith,2026-05-24T23:38:11+00:00,,,,sha256:690f4d962b391179ae578d76a728b77413e540eb305de5e8f157c8e6f65a9d18,
src_80ca903e1a939dc6e,gis_2022_q4,GIS,"General Mills, Inc.",2022,Q4,audio,official_ir_webcast,https://investors.generalmills.com/,investors.generalmills.com,safe_to_download,true,true,false,false,Keith user-authorized acquisition for Signal Engine 2.0 assessment on 2026-05-24,Keith,2026-05-24T23:38:11+00:00,,,,sha256:4a142925e7fd11385fbc197c1f9499102f0a5e5cb56e86f4b778bda9560582a2,
src_b15f1b38555442240,hsy_2022_q4,HSY,The Hershey Company,2022,Q4,transcript,official_ir_transcript,https://www.thehersheycompany.com/en_us/investors.html,www.thehersheycompany.com,safe_to_download,true,true,false,false,Keith user-authorized acquisition for Signal Engine 2.0 assessment on 2026-05-24,Keith,2026-05-24T23:38:11+00:00,,,,sha256:8a6ea515bcb7e608815ea366fac52e9594e0990d3ad82191465b6b9b8e6f05c5,
src_23e3f013ceae73c66,hsy_2022_q4,HSY,The Hershey Company,2022,Q4,audio,official_ir_webcast,https://www.thehersheycompany.com/en_us/investors.html,www.thehersheycompany.com,safe_to_download,true,true,false,false,Keith user-authorized acquisition for Signal Engine 2.0 assessment on 2026-05-24,Keith,2026-05-24T23:38:11+00:00,,,,sha256:684413afce13c570d7655b843130abd2b141bd6ee3d6211c2f2e75ba98866b61,
src_13bd3761f1c997e51,t_2022_q4,T,AT&T Inc.,2022,Q4,transcript,official_ir_transcript,https://investors.att.com/,investors.att.com,safe_to_download,true,true,false,false,Keith user-authorized acquisition for Signal Engine 2.0 assessment on 2026-05-24,Keith,2026-05-24T23:38:11+00:00,,,,sha256:6c8c2737dfade2bce72222090116874357fdba18affcc92818f98efb4a1ed93d,
src_278071dbca797b29c,t_2022_q4,T,AT&T Inc.,2022,Q4,audio,official_ir_webcast,https://investors.att.com/,investors.att.com,safe_to_download,true,true,false,false,Keith user-authorized acquisition for Signal Engine 2.0 assessment on 2026-05-24,Keith,2026-05-24T23:38:11+00:00,,,,sha256:bea6ae4e2add96fb76b775a48b7d97ce6e0331f1d1b2ae5ed3a463916e98839e,
src_92bef318ca9fc5526,vz_2022_q4,VZ,Verizon Communications Inc.,2022,Q4,transcript,official_ir_transcript,https://www.verizon.com/about/investors,www.verizon.com,safe_to_download,true,true,false,false,Keith user-authorized acquisition for Signal Engine 2.0 assessment on 2026-05-24,Keith,2026-05-24T23:38:11+00:00,,,,sha256:75afdaf6f9ed29f5cd0fb7f5d0e57325e0225097b28314ceffdbf82eb7e1a1b7,
src_7dfde166b4c42cdbe,vz_2022_q4,VZ,Verizon Communications Inc.,2022,Q4,audio,official_ir_webcast,https://www.verizon.com/about/investors,www.verizon.com,safe_to_download,true,true,false,false,Keith user-authorized acquisition for Signal Engine 2.0 assessment on 2026-05-24,Keith,2026-05-24T23:38:11+00:00,,,,sha256:832a232727b1a8a70720c3b11b07a1f3b2b206fba7083a07fb0c393e7d0b0db5,
src_48950b533b8dddebf,ibm_2022_q4,IBM,International Business Machines Corporation,2022,Q4,transcript,official_ir_transcript,https://www.ibm.com/investor,www.ibm.com,safe_to_download,true,true,false,false,Keith user-authorized acquisition for Signal Engine 2.0 assessment on 2026-05-24,Keith,2026-05-24T23:38:11+00:00,,,,sha256:9749c6af7d73c1c1e0b93b35a525aa8e7ff3cb1f7c2090a2dbc5c20fdd8f8c7d,
src_29cf073b9226e6de5,ibm_2022_q4,IBM,International Business Machines Corporation,2022,Q4,audio,official_ir_webcast,https://www.ibm.com/investor,www.ibm.com,safe_to_download,true,true,false,false,Keith user-authorized acquisition for Signal Engine 2.0 assessment on 2026-05-24,Keith,2026-05-24T23:38:11+00:00,,,,sha256:7d0d50f6ba60b958586f593f7a96a10b646557387399614e1e88fd1023fb128d,
src_d4634e13c7b83c5f4,orcl_2022_q4,ORCL,Oracle Corporation,2022,Q4,transcript,official_ir_transcript,https://investor.oracle.com/,investor.oracle.com,safe_to_download,true,true,false,false,Keith user-authorized acquisition for Signal Engine 2.0 assessment on 2026-05-24,Keith,2026-05-24T23:38:11+00:00,,,,sha256:3c7b56219a6b69423f25ad06ffe1997c751e43a0a926a62fc4f3a1970ed59eec,
src_e5bde1c1ce34589e5,orcl_2022_q4,ORCL,Oracle Corporation,2022,Q4,audio,official_ir_webcast,https://investor.oracle.com/,investor.oracle.com,safe_to_download,true,true,false,false,Keith user-authorized acquisition for Signal Engine 2.0 assessment on 2026-05-24,Keith,2026-05-24T23:38:11+00:00,,,,sha256:2a2342303fd31a73b4bfb8c4aca62a3f6ea867c1c26ab57d999a1bbf1b4e480e,
src_4f43a05c2cf9e1954,crm_2022_q4,CRM,"Salesforce, Inc.",2022,Q4,transcript,official_ir_transcript,https://investor.salesforce.com/,investor.salesforce.com,safe_to_download,true,true,false,false,Keith user-authorized acquisition for Signal Engine 2.0 assessment on 2026-05-24,Keith,2026-05-24T23:38:11+00:00,,,,sha256:6f79f9cc04eade3d6e57a65db799b249d1289e001118ddbeffc26b7feeb6186f,
src_d1c5afd7fe966cc94,crm_2022_q4,CRM,"Salesforce, Inc.",2022,Q4,audio,official_ir_webcast,https://investor.salesforce.com/,investor.salesforce.com,safe_to_download,true,true,false,false,Keith user-authorized acquisition for Signal Engine 2.0 assessment on 2026-05-24,Keith,2026-05-24T23:38:11+00:00,,,,sha256:e655651125cf3a67fb2f191c7f11cf63aa5fe78742939ca79319b79ccf3ba78e,
src_2c16823c6a26d3b8b,now_2022_q4,NOW,"ServiceNow, Inc.",2022,Q4,transcript,official_ir_transcript,https://investors.servicenow.com/,investors.servicenow.com,safe_to_download,true,true,false,false,Keith user-authorized acquisition for Signal Engine 2.0 assessment on 2026-05-24,Keith,2026-05-24T23:38:11+00:00,,,,sha256:58bcd83af2ca446f9731e60c885945a3633e57d51d7e1acd96cfe3d22f23bf37,
src_e9ac5740f7fae0ea5,now_2022_q4,NOW,"ServiceNow, Inc.",2022,Q4,audio,official_ir_webcast,https://investors.servicenow.com/,investors.servicenow.com,safe_to_download,true,true,false,false,Keith user-authorized acquisition for Signal Engine 2.0 assessment on 2026-05-24,Keith,2026-05-24T23:38:11+00:00,,,,sha256:04c1b41ed7915232eb1203add58e50f9aed95952ad24bb9bf8150c88c3831cf9,
src_826065d6bb76e2ed8,acn_2022_q4,ACN,Accenture plc,2022,Q4,transcript,official_ir_transcript,https://investor.accenture.com/,investor.accenture.com,safe_to_download,true,true,false,false,Keith user-authorized acquisition for Signal Engine 2.0 assessment on 2026-05-24,Keith,2026-05-24T23:38:11+00:00,,,,sha256:390db12b79d258e9dbf2a337df1a2c8123ddacabdd6c557a1da3957cdbc2353f,
src_63f7501333b587d4c,acn_2022_q4,ACN,Accenture plc,2022,Q4,audio,official_ir_webcast,https://investor.accenture.com/,investor.accenture.com,safe_to_download,true,true,false,false,Keith user-authorized acquisition for Signal Engine 2.0 assessment on 2026-05-24,Keith,2026-05-24T23:38:11+00:00,,,,sha256:67030c08dfb86c3887d48d898c0607e62552f34a3d7b77d6ecf53986f9be6fc4,
src_12c0e769851cb5e17,dell_2022_q4,DELL,Dell Technologies Inc.,2022,Q4,transcript,official_ir_transcript,https://investors.delltechnologies.com/,investors.delltechnologies.com,safe_to_download,true,true,false,false,Keith user-authorized acquisition for Signal Engine 2.0 assessment on 2026-05-24,Keith,2026-05-24T23:38:11+00:00,,,,sha256:565e9197d940abcd32a41c8f427c15a4041f266739fb0c6c66254ab58affdde2,
src_93a957cd45eaef9c1,dell_2022_q4,DELL,Dell Technologies Inc.,2022,Q4,audio,official_ir_webcast,https://investors.delltechnologies.com/,investors.delltechnologies.com,safe_to_download,true,true,false,false,Keith user-authorized acquisition for Signal Engine 2.0 assessment on 2026-05-24,Keith,2026-05-24T23:38:11+00:00,,,,sha256:2c8f66cd55ff483c167b04fe69116ce7bc033f04696c2866b69f3aaab533dfa1,
src_37c904285d30e922e,hpq_2022_q4,HPQ,HP Inc.,2022,Q4,transcript,official_ir_transcript,https://investor.hp.com/,investor.hp.com,safe_to_download,true,true,false,false,Keith user-authorized acquisition for Signal Engine 2.0 assessment on 2026-05-24,Keith,2026-05-24T23:38:11+00:00,,,,sha256:df13b30023541e5607a49bed12667c6069b0af4d47c07374c9e7307661e75ac9,
src_d6555dc9d083105cb,hpq_2022_q4,HPQ,HP Inc.,2022,Q4,audio,official_ir_webcast,https://investor.hp.com/,investor.hp.com,safe_to_download,true,true,false,false,Keith user-authorized acquisition for Signal Engine 2.0 assessment on 2026-05-24,Keith,2026-05-24T23:38:11+00:00,,,,sha256:c8b63d5285e857ab89c9bd4067f0aeec3ce3bb01dd24f3dbae27cbc41aa70f2f,
src_47fc4f0ba3423f6a9,net_2022_q4,NET,"Cloudflare, Inc.",2022,Q4,transcript,official_ir_transcript,https://cloudflare.net/news-and-events/events-and-presentations,cloudflare.net,safe_to_download,true,true,false,false,Keith user-authorized acquisition for Signal Engine 2.0 assessment on 2026-05-24,Keith,2026-05-24T23:38:11+00:00,,,,sha256:4a0aa31542ebde9f187ca77ff99944def01b68db1093bec2e6afb820d4214f4a,
src_7facac8e73209069b,net_2022_q4,NET,"Cloudflare, Inc.",2022,Q4,audio,official_ir_webcast,https://cloudflare.net/news-and-events/events-and-presentations,cloudflare.net,safe_to_download,true,true,false,false,Keith user-authorized acquisition for Signal Engine 2.0 assessment on 2026-05-24,Keith,2026-05-24T23:38:11+00:00,,,,sha256:45fdcceb39f52e091eec2affd4710b9dbd47d48144d94c38cc643bbc8f74ea3f,
src_876143cee2a227247,snow_2022_q4,SNOW,Snowflake Inc.,2022,Q4,transcript,official_ir_transcript,https://investors.snowflake.com/,investors.snowflake.com,safe_to_download,true,true,false,false,Keith user-authorized acquisition for Signal Engine 2.0 assessment on 2026-05-24,Keith,2026-05-24T23:38:11+00:00,,,,sha256:51be86a1abf9e99081dcbeaf3f8d42f288d9e7de85e284c81ae9866284526cb1,
src_d9b71d1ffa273aee7,snow_2022_q4,SNOW,Snowflake Inc.,2022,Q4,audio,official_ir_webcast,https://investors.snowflake.com/,investors.snowflake.com,safe_to_download,true,true,false,false,Keith user-authorized acquisition for Signal Engine 2.0 assessment on 2026-05-24,Keith,2026-05-24T23:38:11+00:00,,,,sha256:febaa5b20732b8accd871073b3b0bfdfe5c059bdc8cd01a2d1171840a68c48e5,
src_94b8ecb6dd785cbf3,jpm_2021_q4,JPM,JPMorgan Chase & Co.,2021,Q4,transcript,official_ir_transcript,https://www.jpmorganchase.com/ir,www.jpmorganchase.com,safe_to_download,true,true,false,false,Keith user-authorized acquisition for Signal Engine 2.0 assessment on 2026-05-24,Keith,2026-05-24T23:38:11+00:00,,,,sha256:9c4fa4e117fe0623a454ec33b403e4120bfa4f0baae8d3633be8cb9ecc0a6944,
src_a4bd13a3e4f957668,jpm_2021_q4,JPM,JPMorgan Chase & Co.,2021,Q4,audio,official_ir_webcast,https://www.jpmorganchase.com/ir,www.jpmorganchase.com,safe_to_download,true,true,false,false,Keith user-authorized acquisition for Signal Engine 2.0 assessment on 2026-05-24,Keith,2026-05-24T23:38:11+00:00,,,,sha256:fff1c6c87ac5ea67bb412615f990569472b337462266a6cc26e4415f0aefbb2e,
src_14a1d4c6b6b798b55,bac_2021_q4,BAC,Bank of America Corporation,2021,Q4,transcript,official_ir_transcript,https://investor.bankofamerica.com/,investor.bankofamerica.com,safe_to_download,true,true,false,false,Keith user-authorized acquisition for Signal Engine 2.0 assessment on 2026-05-24,Keith,2026-05-24T23:38:11+00:00,,,,sha256:faeec820a0d5c7a61e41374128c017de7c4fb6a21dac60f86febeab6a1e736e4,
src_28d859badec563b58,bac_2021_q4,BAC,Bank of America Corporation,2021,Q4,audio,official_ir_webcast,https://investor.bankofamerica.com/,investor.bankofamerica.com,safe_to_download,true,true,false,false,Keith user-authorized acquisition for Signal Engine 2.0 assessment on 2026-05-24,Keith,2026-05-24T23:38:11+00:00,,,,sha256:71e8aad1904968bb7d9843809f451c0a7ae7114f93cdb2c5b890a52ea072cac7,
src_8292ef49979085f77,c_2021_q4,C,Citigroup Inc.,2021,Q4,transcript,official_ir_transcript,https://www.citigroup.com/global/investors,www.citigroup.com,safe_to_download,true,true,false,false,Keith user-authorized acquisition for Signal Engine 2.0 assessment on 2026-05-24,Keith,2026-05-24T23:38:11+00:00,,,,sha256:a57354a0689146be78fa11227c69a1ba28fb1c825235a0680cd5c8307b4b8123,
src_355e56c7f1e249cc2,c_2021_q4,C,Citigroup Inc.,2021,Q4,audio,official_ir_webcast,https://www.citigroup.com/global/investors,www.citigroup.com,safe_to_download,true,true,false,false,Keith user-authorized acquisition for Signal Engine 2.0 assessment on 2026-05-24,Keith,2026-05-24T23:38:11+00:00,,,,sha256:61f6ffe79a4fba8f87275dc629751b97cc712cfeafa5dbc08eb10d84947a6590,
src_e1be953b40d516a9d,wfc_2021_q4,WFC,Wells Fargo & Company,2021,Q4,transcript,official_ir_transcript,https://www.wellsfargo.com/about/investor-relations/,www.wellsfargo.com,safe_to_download,true,true,false,false,Keith user-authorized acquisition for Signal Engine 2.0 assessment on 2026-05-24,Keith,2026-05-24T23:38:11+00:00,,,,sha256:994cb5bff213235f4e2a6bf131335667552b9b6a273c19c75e00247a2fa1a658,
src_096eca98b32f28b8b,wfc_2021_q4,WFC,Wells Fargo & Company,2021,Q4,audio,official_ir_webcast,https://www.wellsfargo.com/about/investor-relations/,www.wellsfargo.com,safe_to_download,true,true,false,false,Keith user-authorized acquisition for Signal Engine 2.0 assessment on 2026-05-24,Keith,2026-05-24T23:38:11+00:00,,,,sha256:a058e394cabd111c02cc9f487c8449057e5ccf8d278f15726789bdded52c3236,
src_6ef0b122ff6dea983,gs_2021_q4,GS,"The Goldman Sachs Group, Inc.",2021,Q4,transcript,official_ir_transcript,https://www.goldmansachs.com/investor-relations/,www.goldmansachs.com,safe_to_download,true,true,false,false,Keith user-authorized acquisition for Signal Engine 2.0 assessment on 2026-05-24,Keith,2026-05-24T23:38:11+00:00,,,,sha256:f1ad5970af981fc4d409fa7dfedef7dc53b3d69f294fabab3f40de6d5c4b48dc,
src_cc06cab1025bd924f,gs_2021_q4,GS,"The Goldman Sachs Group, Inc.",2021,Q4,audio,official_ir_webcast,https://www.goldmansachs.com/investor-relations/,www.goldmansachs.com,safe_to_download,true,true,false,false,Keith user-authorized acquisition for Signal Engine 2.0 assessment on 2026-05-24,Keith,2026-05-24T23:38:11+00:00,,,,sha256:35544a77858658dba05410e0db42051da85e643546b5fef47902bbfee8361bd3,
src_bd16f27f3222ad017,ms_2021_q4,MS,Morgan Stanley,2021,Q4,transcript,official_ir_transcript,https://www.morganstanley.com/about-us-ir,www.morganstanley.com,safe_to_download,true,true,false,false,Keith user-authorized acquisition for Signal Engine 2.0 assessment on 2026-05-24,Keith,2026-05-24T23:38:11+00:00,,,,sha256:616ef22b2b14195e7a4b6fc07107e2326d35f8a18815a1de31cdac10565bdcaa,
src_6d19483ab9d1d133a,ms_2021_q4,MS,Morgan Stanley,2021,Q4,audio,official_ir_webcast,https://www.morganstanley.com/about-us-ir,www.morganstanley.com,safe_to_download,true,true,false,false,Keith user-authorized acquisition for Signal Engine 2.0 assessment on 2026-05-24,Keith,2026-05-24T23:38:11+00:00,,,,sha256:88262e1da9fe34b7f6de56d8ec68967c8a31dbef0992a92c4fdc31f8fdcdede0,
src_f36b13676aa351e30,bk_2021_q4,BK,The Bank of New York Mellon Corporation,2021,Q4,transcript,official_ir_transcript,https://www.bny.com/corporate/global/en/investor-relations.html,www.bny.com,safe_to_download,true,true,false,false,Keith user-authorized acquisition for Signal Engine 2.0 assessment on 2026-05-24,Keith,2026-05-24T23:38:11+00:00,,,,sha256:8d6d8874fa26d127d8da6b3d72611e638e4b51a4783f3d0eed24ac681e9c0e6d,
src_63d11c5f9f9a65d0f,bk_2021_q4,BK,The Bank of New York Mellon Corporation,2021,Q4,audio,official_ir_webcast,https://www.bny.com/corporate/global/en/investor-relations.html,www.bny.com,safe_to_download,true,true,false,false,Keith user-authorized acquisition for Signal Engine 2.0 assessment on 2026-05-24,Keith,2026-05-24T23:38:11+00:00,,,,sha256:be6448179f2f2919a99095f4cd466815e2d3f3d88b5bea0aa2ed5d3096404de4,
src_47c5e68a5c5bba463,stt_2021_q4,STT,State Street Corporation,2021,Q4,transcript,official_ir_transcript,https://investors.statestreet.com/,investors.statestreet.com,safe_to_download,true,true,false,false,Keith user-authorized acquisition for Signal Engine 2.0 assessment on 2026-05-24,Keith,2026-05-24T23:38:11+00:00,,,,sha256:f099e430c7c3b3245da94db5d645bd11a56884d41fa5023056abfca198df957c,
src_15ff8c5061a3deca6,stt_2021_q4,STT,State Street Corporation,2021,Q4,audio,official_ir_webcast,https://investors.statestreet.com/,investors.statestreet.com,safe_to_download,true,true,false,false,Keith user-authorized acquisition for Signal Engine 2.0 assessment on 2026-05-24,Keith,2026-05-24T23:38:11+00:00,,,,sha256:388fb2ab3249d6f62775cefc17cce6b03d8a6a5dc00caacf3d288b8e331d1161,
src_cf50240299b6fbe6b,usb_2021_q4,USB,U.S. Bancorp,2021,Q4,transcript,official_ir_transcript,https://ir.usbank.com/,ir.usbank.com,safe_to_download,true,true,false,false,Keith user-authorized acquisition for Signal Engine 2.0 assessment on 2026-05-24,Keith,2026-05-24T23:38:11+00:00,,,,sha256:76055961a9c878bcc2287f8596a54fcea009f0aef0e629415d47232ae221e2b7,
src_3673dc608ab840aa3,usb_2021_q4,USB,U.S. Bancorp,2021,Q4,audio,official_ir_webcast,https://ir.usbank.com/,ir.usbank.com,safe_to_download,true,true,false,false,Keith user-authorized acquisition for Signal Engine 2.0 assessment on 2026-05-24,Keith,2026-05-24T23:38:11+00:00,,,,sha256:6e6d37639aa1661ae0163e66b4caa1aeafb4cd8096c0e241cd79a0f5e815ebfd,
src_72b111986677c1584,pnc_2021_q4,PNC,"The PNC Financial Services Group, Inc.",2021,Q4,transcript,official_ir_transcript,https://investor.pnc.com/,investor.pnc.com,safe_to_download,true,true,false,false,Keith user-authorized acquisition for Signal Engine 2.0 assessment on 2026-05-24,Keith,2026-05-24T23:38:11+00:00,,,,sha256:9a9e3a40d689ac14b638c0b592eeef8278f1b0a264bdcbd6d62b74bfa8ecab5f,
src_dd63e98767ed0605e,pnc_2021_q4,PNC,"The PNC Financial Services Group, Inc.",2021,Q4,audio,official_ir_webcast,https://investor.pnc.com/,investor.pnc.com,safe_to_download,true,true,false,false,Keith user-authorized acquisition for Signal Engine 2.0 assessment on 2026-05-24,Keith,2026-05-24T23:38:11+00:00,,,,sha256:6d18055d5ee51ab970426787dbfb56d49cdc8a7acaf18720c53f8d1928700296,
src_4c6109bb95ac19549,tfc_2021_q4,TFC,Truist Financial Corporation,2021,Q4,transcript,official_ir_transcript,https://ir.truist.com/,ir.truist.com,safe_to_download,true,true,false,false,Keith user-authorized acquisition for Signal Engine 2.0 assessment on 2026-05-24,Keith,2026-05-24T23:38:11+00:00,,,,sha256:bf67d47bfd09391756a47d2c6d0327ddd71fe09fefdd9ab86e47aedf5fd91acd,
src_6d3b7b019660eca5b,tfc_2021_q4,TFC,Truist Financial Corporation,2021,Q4,audio,official_ir_webcast,https://ir.truist.com/,ir.truist.com,safe_to_download,true,true,false,false,Keith user-authorized acquisition for Signal Engine 2.0 assessment on 2026-05-24,Keith,2026-05-24T23:38:11+00:00,,,,sha256:e7fbf95dc6b645edd0df11c0f14d7ec4cb17a2299e3a62052facdd5bc63f6ac4,
src_9855241bf5e3ec592,cof_2021_q4,COF,Capital One Financial Corporation,2021,Q4,transcript,official_ir_transcript,https://investor.capitalone.com/,investor.capitalone.com,safe_to_download,true,true,false,false,Keith user-authorized acquisition for Signal Engine 2.0 assessment on 2026-05-24,Keith,2026-05-24T23:38:11+00:00,,,,sha256:aec7c605370728d524f46e942bf4725bd308456a91388375d208a7467a948f96,
src_b0009b90ac2eb1954,cof_2021_q4,COF,Capital One Financial Corporation,2021,Q4,audio,official_ir_webcast,https://investor.capitalone.com/,investor.capitalone.com,safe_to_download,true,true,false,false,Keith user-authorized acquisition for Signal Engine 2.0 assessment on 2026-05-24,Keith,2026-05-24T23:38:11+00:00,,,,sha256:a0fc5cf8dd00bbb2e6931864a5d73af17e93af3d4627a5f0ac0634589641dfd6,
src_f79d10799430aeee4,axp_2021_q4,AXP,American Express Company,2021,Q4,transcript,official_ir_transcript,https://ir.americanexpress.com/,ir.americanexpress.com,safe_to_download,true,true,false,false,Keith user-authorized acquisition for Signal Engine 2.0 assessment on 2026-05-24,Keith,2026-05-24T23:38:11+00:00,,,,sha256:47e6b3f91d762798834035a7db2f6a456110cc3687cb79e1db43a707e64a4a64,
src_2d2d2670811d40447,axp_2021_q4,AXP,American Express Company,2021,Q4,audio,official_ir_webcast,https://ir.americanexpress.com/,ir.americanexpress.com,safe_to_download,true,true,false,false,Keith user-authorized acquisition for Signal Engine 2.0 assessment on 2026-05-24,Keith,2026-05-24T23:38:11+00:00,,,,sha256:84c7505afccf35dad74f375e159d7baf5034c639d191d1c706f2180ce0a275f9,
src_f34c27d8245ca52bf,v_2021_q4,V,Visa Inc.,2021,Q4,transcript,official_ir_transcript,https://investor.visa.com/,investor.visa.com,safe_to_download,true,true,false,false,Keith user-authorized acquisition for Signal Engine 2.0 assessment on 2026-05-24,Keith,2026-05-24T23:38:11+00:00,,,,sha256:bed3820707dd1a763a53f4185595f3236fcef85bc1d8985796d048eb205635b4,
src_b7b5288ad918215f7,v_2021_q4,V,Visa Inc.,2021,Q4,audio,official_ir_webcast,https://investor.visa.com/,investor.visa.com,safe_to_download,true,true,false,false,Keith user-authorized acquisition for Signal Engine 2.0 assessment on 2026-05-24,Keith,2026-05-24T23:38:11+00:00,,,,sha256:f631420fdc82755492537ab266972d31b2477d3ce543d388d30db5f2e1a67f7c,
src_b7e1d74f65ccfc75a,ma_2021_q4,MA,Mastercard Incorporated,2021,Q4,transcript,official_ir_transcript,https://investor.mastercard.com/,investor.mastercard.com,safe_to_download,true,true,false,false,Keith user-authorized acquisition for Signal Engine 2.0 assessment on 2026-05-24,Keith,2026-05-24T23:38:11+00:00,,,,sha256:08c6717d1114a491bd5e09ce8dd3bcacb4939955275a942c3e1eac8b12e9b6c5,
src_636154c9f1f5aef1f,ma_2021_q4,MA,Mastercard Incorporated,2021,Q4,audio,official_ir_webcast,https://investor.mastercard.com/,investor.mastercard.com,safe_to_download,true,true,false,false,Keith user-authorized acquisition for Signal Engine 2.0 assessment on 2026-05-24,Keith,2026-05-24T23:38:11+00:00,,,,sha256:4a599873c8dc0a00e0b4012af98d0e81e5a57663feca514f3890041d806c203c,
src_0d36fcb0aa9c645b4,fis_2021_q4,FIS,"Fidelity National Information Services, Inc.",2021,Q4,transcript,official_ir_transcript,https://investor.fisglobal.com/,investor.fisglobal.com,safe_to_download,true,true,false,false,Keith user-authorized acquisition for Signal Engine 2.0 assessment on 2026-05-24,Keith,2026-05-24T23:38:11+00:00,,,,sha256:71d9feea46a61fb30f25491081aa661cf9f0ee209f562de51071a41793261a1e,
src_340aecc45fe4fb69a,fis_2021_q4,FIS,"Fidelity National Information Services, Inc.",2021,Q4,audio,official_ir_webcast,https://investor.fisglobal.com/,investor.fisglobal.com,safe_to_download,true,true,false,false,Keith user-authorized acquisition for Signal Engine 2.0 assessment on 2026-05-24,Keith,2026-05-24T23:38:11+00:00,,,,sha256:bef0171df03c8d9cc15d1ba96f2418d1036d770171eb7873ec0eef05415b1b4f,
src_1be05be4859fef86f,gpn_2021_q4,GPN,Global Payments Inc.,2021,Q4,transcript,official_ir_transcript,https://investors.globalpayments.com/,investors.globalpayments.com,safe_to_download,true,true,false,false,Keith user-authorized acquisition for Signal Engine 2.0 assessment on 2026-05-24,Keith,2026-05-24T23:38:11+00:00,,,,sha256:9fd4594d7f3656b022be77befae29bc6467ad4c45d2b4305e30830b42c5a0a41,
src_ca4c208bf0d02854e,gpn_2021_q4,GPN,Global Payments Inc.,2021,Q4,audio,official_ir_webcast,https://investors.globalpayments.com/,investors.globalpayments.com,safe_to_download,true,true,false,false,Keith user-authorized acquisition for Signal Engine 2.0 assessment on 2026-05-24,Keith,2026-05-24T23:38:11+00:00,,,,sha256:51f90bfae664344b4a03dbb6d2680d21e0bab1eeb50f1bdc7e673bc6e8361457,
src_d02fb864853c5a9f0,blk_2021_q4,BLK,"BlackRock, Inc.",2021,Q4,transcript,official_ir_transcript,https://ir.blackrock.com/,ir.blackrock.com,safe_to_download,true,true,false,false,Keith user-authorized acquisition for Signal Engine 2.0 assessment on 2026-05-24,Keith,2026-05-24T23:38:11+00:00,,,,sha256:1dea036fcf6b6a7640c9806612409e3b0207d6c4edd16147ea0fc3135a350baf,
src_88ab0803ab4cfe0d0,blk_2021_q4,BLK,"BlackRock, Inc.",2021,Q4,audio,official_ir_webcast,https://ir.blackrock.com/,ir.blackrock.com,safe_to_download,true,true,false,false,Keith user-authorized acquisition for Signal Engine 2.0 assessment on 2026-05-24,Keith,2026-05-24T23:38:11+00:00,,,,sha256:5847356cd35621d40df26b5faa0868665cc99dfecdda886415b7e65618ac48ec,
src_b2b3c7b144ea3bbc0,bx_2021_q4,BX,Blackstone Inc.,2021,Q4,transcript,official_ir_transcript,https://ir.blackstone.com/,ir.blackstone.com,safe_to_download,true,true,false,false,Keith user-authorized acquisition for Signal Engine 2.0 assessment on 2026-05-24,Keith,2026-05-24T23:38:11+00:00,,,,sha256:0e3334c8378004dcf96792147c5393327ba72d4c248b01244b547f503b779520,
src_10a5b8097643274ae,bx_2021_q4,BX,Blackstone Inc.,2021,Q4,audio,official_ir_webcast,https://ir.blackstone.com/,ir.blackstone.com,safe_to_download,true,true,false,false,Keith user-authorized acquisition for Signal Engine 2.0 assessment on 2026-05-24,Keith,2026-05-24T23:38:11+00:00,,,,sha256:22a249e6f90cdf1b36ca2582ec0f489a77093c603a7fed3c1ee3389b58f605b8,
src_b1a39f94e60d2c32a,schw_2021_q4,SCHW,The Charles Schwab Corporation,2021,Q4,transcript,official_ir_transcript,https://www.aboutschwab.com/investor-relations,www.aboutschwab.com,safe_to_download,true,true,false,false,Keith user-authorized acquisition for Signal Engine 2.0 assessment on 2026-05-24,Keith,2026-05-24T23:38:11+00:00,,,,sha256:cec3195a945eb2025b509d22e9953f11667d39d47167b0cc39815a0956f26290,
src_5f006029553aaede7,schw_2021_q4,SCHW,The Charles Schwab Corporation,2021,Q4,audio,official_ir_webcast,https://www.aboutschwab.com/investor-relations,www.aboutschwab.com,safe_to_download,true,true,false,false,Keith user-authorized acquisition for Signal Engine 2.0 assessment on 2026-05-24,Keith,2026-05-24T23:38:11+00:00,,,,sha256:dd1da2e47d0ce54b63f3b428b27691817837c4cfa0f92d8c40181ee22b590ea9,
src_e47310ea692fec6e7,ice_2021_q4,ICE,"Intercontinental Exchange, Inc.",2021,Q4,transcript,official_ir_transcript,https://ir.theice.com/,ir.theice.com,safe_to_download,true,true,false,false,Keith user-authorized acquisition for Signal Engine 2.0 assessment on 2026-05-24,Keith,2026-05-24T23:38:11+00:00,,,,sha256:0ddc0fd0feefa4255185dfbd04d8cf0b0e64b7551f3eb1ea4f30a13796b355c6,
src_a4afcecbab4b5ca60,ice_2021_q4,ICE,"Intercontinental Exchange, Inc.",2021,Q4,audio,official_ir_webcast,https://ir.theice.com/,ir.theice.com,safe_to_download,true,true,false,false,Keith user-authorized acquisition for Signal Engine 2.0 assessment on 2026-05-24,Keith,2026-05-24T23:38:11+00:00,,,,sha256:645bb2598169aa8a6a137c1484792d1ac336663c7f3e67f098865e74cfd4f1f6,
src_7ab141d7c4f3c5530,spgi_2021_q4,SPGI,S&P Global Inc.,2021,Q4,transcript,official_ir_transcript,https://investor.spglobal.com/,investor.spglobal.com,safe_to_download,true,true,false,false,Keith user-authorized acquisition for Signal Engine 2.0 assessment on 2026-05-24,Keith,2026-05-24T23:38:11+00:00,,,,sha256:627b099a0f4b363f861a7d18e7610e196368d7543df167ca1c91ab7a27ee60e5,
src_fba838a4780b4e721,spgi_2021_q4,SPGI,S&P Global Inc.,2021,Q4,audio,official_ir_webcast,https://investor.spglobal.com/,investor.spglobal.com,safe_to_download,true,true,false,false,Keith user-authorized acquisition for Signal Engine 2.0 assessment on 2026-05-24,Keith,2026-05-24T23:38:11+00:00,,,,sha256:ef70c376317ce2eff727b674913ec247fbe88798fbd253d5d375ef364ddf1461,
src_fd7dc4afcaa1c7d7c,mco_2021_q4,MCO,Moody's Corporation,2021,Q4,transcript,official_ir_transcript,https://ir.moodys.com/,ir.moodys.com,safe_to_download,true,true,false,false,Keith user-authorized acquisition for Signal Engine 2.0 assessment on 2026-05-24,Keith,2026-05-24T23:38:11+00:00,,,,sha256:ffe5cf6aa61dc46ee986315a0c2e850b93ccdae4983133277ac0b147e91cc33e,
src_3e9e0353971719f41,mco_2021_q4,MCO,Moody's Corporation,2021,Q4,audio,official_ir_webcast,https://ir.moodys.com/,ir.moodys.com,safe_to_download,true,true,false,false,Keith user-authorized acquisition for Signal Engine 2.0 assessment on 2026-05-24,Keith,2026-05-24T23:38:11+00:00,,,,sha256:547249411edd530f4ca9d0f63519540303a963d7c6484075064397e36e29a5a3,
src_b4acfdd5280d4d146,aon_2021_q4,AON,Aon plc,2021,Q4,transcript,official_ir_transcript,https://investors.aon.com/,investors.aon.com,safe_to_download,true,true,false,false,Keith user-authorized acquisition for Signal Engine 2.0 assessment on 2026-05-24,Keith,2026-05-24T23:38:11+00:00,,,,sha256:028808427744c430cf677ce565faf0231d2ab5638ee4373d306ff41464c82d5d,
src_08b06f5286e78642c,aon_2021_q4,AON,Aon plc,2021,Q4,audio,official_ir_webcast,https://investors.aon.com/,investors.aon.com,safe_to_download,true,true,false,false,Keith user-authorized acquisition for Signal Engine 2.0 assessment on 2026-05-24,Keith,2026-05-24T23:38:11+00:00,,,,sha256:407179980a2f8011a96094817c55bf6a898a987d0ecfe780dd57d73d60c44ed0,
src_693ea59e791d272c7,aig_2021_q4,AIG,"American International Group, Inc.",2021,Q4,transcript,official_ir_transcript,https://www.aig.com/investor-relations,www.aig.com,safe_to_download,true,true,false,false,Keith user-authorized acquisition for Signal Engine 2.0 assessment on 2026-05-24,Keith,2026-05-24T23:38:11+00:00,,,,sha256:9ed18143f0fb552908c52bc9644c8d3fcd3f04f8cadb9af372e1df05b4a6d28e,
src_f60353bcc1538f73b,aig_2021_q4,AIG,"American International Group, Inc.",2021,Q4,audio,official_ir_webcast,https://www.aig.com/investor-relations,www.aig.com,safe_to_download,true,true,false,false,Keith user-authorized acquisition for Signal Engine 2.0 assessment on 2026-05-24,Keith,2026-05-24T23:38:11+00:00,,,,sha256:885f22f16199467cac835fb0c505019119a850214bbe9b0968193105fadf409b,
src_6352e1913ba43a06a,met_2021_q4,MET,"MetLife, Inc.",2021,Q4,transcript,official_ir_transcript,https://investor.metlife.com/,investor.metlife.com,safe_to_download,true,true,false,false,Keith user-authorized acquisition for Signal Engine 2.0 assessment on 2026-05-24,Keith,2026-05-24T23:38:11+00:00,,,,sha256:db7b538a30ffacf861d386b6e09b601fc00f0355ebd516fd50045182f3669afe,
src_d5fc28fbc36f4796f,met_2021_q4,MET,"MetLife, Inc.",2021,Q4,audio,official_ir_webcast,https://investor.metlife.com/,investor.metlife.com,safe_to_download,true,true,false,false,Keith user-authorized acquisition for Signal Engine 2.0 assessment on 2026-05-24,Keith,2026-05-24T23:38:11+00:00,,,,sha256:cd09b8056cafcff07df65d6a31b8f44fda580f9086df73a9636a4eac390f0338,
src_d5be9e871a6999dfb,pru_2021_q4,PRU,"Prudential Financial, Inc.",2021,Q4,transcript,official_ir_transcript,https://www.investor.prudential.com/,www.investor.prudential.com,safe_to_download,true,true,false,false,Keith user-authorized acquisition for Signal Engine 2.0 assessment on 2026-05-24,Keith,2026-05-24T23:38:11+00:00,,,,sha256:bf1b180af9acab4772e008c3917802c3e1dfa14cf702d24ec6f663ddc46b96e7,
src_d4b256e6cff607711,pru_2021_q4,PRU,"Prudential Financial, Inc.",2021,Q4,audio,official_ir_webcast,https://www.investor.prudential.com/,www.investor.prudential.com,safe_to_download,true,true,false,false,Keith user-authorized acquisition for Signal Engine 2.0 assessment on 2026-05-24,Keith,2026-05-24T23:38:11+00:00,,,,sha256:e9f88077920036abd27b84b393114b286d06e1ce7f946839fe22e5f0c81bd9ad,
src_7204589fd3672805f,trv_2021_q4,TRV,"The Travelers Companies, Inc.",2021,Q4,transcript,official_ir_transcript,https://investor.travelers.com/,investor.travelers.com,safe_to_download,true,true,false,false,Keith user-authorized acquisition for Signal Engine 2.0 assessment on 2026-05-24,Keith,2026-05-24T23:38:11+00:00,,,,sha256:7106d58f8280e40aac250fc19a1487d1c842d16d6ba18e5c453313038a79b1ec,
src_9d669b59f83e29f10,trv_2021_q4,TRV,"The Travelers Companies, Inc.",2021,Q4,audio,official_ir_webcast,https://investor.travelers.com/,investor.travelers.com,safe_to_download,true,true,false,false,Keith user-authorized acquisition for Signal Engine 2.0 assessment on 2026-05-24,Keith,2026-05-24T23:38:11+00:00,,,,sha256:e21e33e671c91158d21d7fd7c7fbd9e7748f4ef597d1d8aff2230e0c6da4921d,
src_1f2e9370b8abf12d0,cb_2021_q4,CB,Chubb Limited,2021,Q4,transcript,official_ir_transcript,https://investors.chubb.com/,investors.chubb.com,safe_to_download,true,true,false,false,Keith user-authorized acquisition for Signal Engine 2.0 assessment on 2026-05-24,Keith,2026-05-24T23:38:11+00:00,,,,sha256:2d7a51abbc840fea8e0c8f419038c4ba8871ad244987778d77c8e4e4702ef366,
src_731f7840baf5539e5,cb_2021_q4,CB,Chubb Limited,2021,Q4,audio,official_ir_webcast,https://investors.chubb.com/,investors.chubb.com,safe_to_download,true,true,false,false,Keith user-authorized acquisition for Signal Engine 2.0 assessment on 2026-05-24,Keith,2026-05-24T23:38:11+00:00,,,,sha256:e2d27003b46def88ea043ce15e9c1800a18754cc9024ab3f0d53f3dfff1e48a9,
src_d3dbf96f91589ea26,jnj_2021_q4,JNJ,Johnson & Johnson,2021,Q4,transcript,official_ir_transcript,https://www.investor.jnj.com/,www.investor.jnj.com,safe_to_download,true,true,false,false,Keith user-authorized acquisition for Signal Engine 2.0 assessment on 2026-05-24,Keith,2026-05-24T23:38:11+00:00,,,,sha256:86ed4fa5510268467d93dd6206421d36dc5be2967d0d433de563145530c986ab,
src_b692eb38886345fd7,jnj_2021_q4,JNJ,Johnson & Johnson,2021,Q4,audio,official_ir_webcast,https://www.investor.jnj.com/,www.investor.jnj.com,safe_to_download,true,true,false,false,Keith user-authorized acquisition for Signal Engine 2.0 assessment on 2026-05-24,Keith,2026-05-24T23:38:11+00:00,,,,sha256:0736cc7e566e32775749135abfef8fffbf8c8990467433c12b8efb7226b6304e,
src_0296654e24ab149cb,lly_2021_q4,LLY,Eli Lilly and Company,2021,Q4,transcript,official_ir_transcript,https://investor.lilly.com/,investor.lilly.com,safe_to_download,true,true,false,false,Keith user-authorized acquisition for Signal Engine 2.0 assessment on 2026-05-24,Keith,2026-05-24T23:38:11+00:00,,,,sha256:b4f6e4e71c3bc0f66e867cf80181ae4dfa5ecb3863d1b50186fd593abdd7c8ed,
src_51b521a7caf86e8b9,lly_2021_q4,LLY,Eli Lilly and Company,2021,Q4,audio,official_ir_webcast,https://investor.lilly.com/,investor.lilly.com,safe_to_download,true,true,false,false,Keith user-authorized acquisition for Signal Engine 2.0 assessment on 2026-05-24,Keith,2026-05-24T23:38:11+00:00,,,,sha256:91c3938b2ca6b2e50cb79ab8864908c162f4824c77d4cc46bbf1eef01f287cc8,
src_cad23641bb946b861,mrk_2021_q4,MRK,"Merck & Co., Inc.",2021,Q4,transcript,official_ir_transcript,https://www.merck.com/investor-relations/,www.merck.com,safe_to_download,true,true,false,false,Keith user-authorized acquisition for Signal Engine 2.0 assessment on 2026-05-24,Keith,2026-05-24T23:38:11+00:00,,,,sha256:dfb6f6992c8798432a6de7cf7323f50a813ba08c500aa3ed141c7ff71ee256e4,
src_8b906ab8b607cbf50,mrk_2021_q4,MRK,"Merck & Co., Inc.",2021,Q4,audio,official_ir_webcast,https://www.merck.com/investor-relations/,www.merck.com,safe_to_download,true,true,false,false,Keith user-authorized acquisition for Signal Engine 2.0 assessment on 2026-05-24,Keith,2026-05-24T23:38:11+00:00,,,,sha256:1b77b51afac5203177aaaecada81889cfa37a7e008b26b199d4e782dbd150e78,
src_c1dc20a05e20c3b1d,pfe_2021_q4,PFE,Pfizer Inc.,2021,Q4,transcript,official_ir_transcript,https://investors.pfizer.com/,investors.pfizer.com,safe_to_download,true,true,false,false,Keith user-authorized acquisition for Signal Engine 2.0 assessment on 2026-05-24,Keith,2026-05-24T23:38:11+00:00,,,,sha256:f5080dfedd859c8bf7c7befdda173feaa284c17ba715f9d6785a2231bef48dd8,
src_851ef522d4b18206d,pfe_2021_q4,PFE,Pfizer Inc.,2021,Q4,audio,official_ir_webcast,https://investors.pfizer.com/,investors.pfizer.com,safe_to_download,true,true,false,false,Keith user-authorized acquisition for Signal Engine 2.0 assessment on 2026-05-24,Keith,2026-05-24T23:38:11+00:00,,,,sha256:4f796c0419446ffcb6cb0677eba2569d4533403af948152672f1ff66f53699cd,
src_730acaea2ebac9b38,unh_2021_q4,UNH,UnitedHealth Group Incorporated,2021,Q4,transcript,official_ir_transcript,https://www.unitedhealthgroup.com/investors.html,www.unitedhealthgroup.com,safe_to_download,true,true,false,false,Keith user-authorized acquisition for Signal Engine 2.0 assessment on 2026-05-24,Keith,2026-05-24T23:38:11+00:00,,,,sha256:3154939b5fa871a24d97ae45fb3d9276af942c1cb1a8ac56398667f664e581cb,
src_04d7ba16daf59fcf3,unh_2021_q4,UNH,UnitedHealth Group Incorporated,2021,Q4,audio,official_ir_webcast,https://www.unitedhealthgroup.com/investors.html,www.unitedhealthgroup.com,safe_to_download,true,true,false,false,Keith user-authorized acquisition for Signal Engine 2.0 assessment on 2026-05-24,Keith,2026-05-24T23:38:11+00:00,,,,sha256:c41854c80932097375ec4d080e8a9df8c1b868fa3d1a5a459b85c2457df7711f,
src_ff3086dc2b8d0734b,cvs_2021_q4,CVS,CVS Health Corporation,2021,Q4,transcript,official_ir_transcript,https://investors.cvshealth.com/,investors.cvshealth.com,safe_to_download,true,true,false,false,Keith user-authorized acquisition for Signal Engine 2.0 assessment on 2026-05-24,Keith,2026-05-24T23:38:11+00:00,,,,sha256:977e20d551b9dbc13383d0b7ae12d107a9039110b309860b4714f860c8b58132,
src_13f5a4313033243e6,cvs_2021_q4,CVS,CVS Health Corporation,2021,Q4,audio,official_ir_webcast,https://investors.cvshealth.com/,investors.cvshealth.com,safe_to_download,true,true,false,false,Keith user-authorized acquisition for Signal Engine 2.0 assessment on 2026-05-24,Keith,2026-05-24T23:38:11+00:00,,,,sha256:b06f02798af84294fe48b423f79e5edba0880427ccc2aa68df931bde67a23ff5,
src_7cb7649dd373cc3c0,abt_2021_q4,ABT,Abbott Laboratories,2021,Q4,transcript,official_ir_transcript,https://www.abbottinvestor.com/,www.abbottinvestor.com,safe_to_download,true,true,false,false,Keith user-authorized acquisition for Signal Engine 2.0 assessment on 2026-05-24,Keith,2026-05-24T23:38:11+00:00,,,,sha256:67c239ad7ce9b2d71e938f77e0eaa9dcb25f5ad856d04f315e64cbc3d2285c97,
src_32b057d9b716d2cc1,abt_2021_q4,ABT,Abbott Laboratories,2021,Q4,audio,official_ir_webcast,https://www.abbottinvestor.com/,www.abbottinvestor.com,safe_to_download,true,true,false,false,Keith user-authorized acquisition for Signal Engine 2.0 assessment on 2026-05-24,Keith,2026-05-24T23:38:11+00:00,,,,sha256:a71d1912dfa5d1853d18e95b4ef133a7d09275222f25f7c8f301c51df2b627d7,
src_a5a7ec05b7b7a096d,bmy_2021_q4,BMY,Bristol Myers Squibb Company,2021,Q4,transcript,official_ir_transcript,https://investors.bms.com/,investors.bms.com,safe_to_download,true,true,false,false,Keith user-authorized acquisition for Signal Engine 2.0 assessment on 2026-05-24,Keith,2026-05-24T23:38:11+00:00,,,,sha256:21111e03316d545ad53c625025ffbab2aeda6466cfeba9e99cde76dcba44878b,
src_b4ae51b7f2d243ccd,bmy_2021_q4,BMY,Bristol Myers Squibb Company,2021,Q4,audio,official_ir_webcast,https://investors.bms.com/,investors.bms.com,safe_to_download,true,true,false,false,Keith user-authorized acquisition for Signal Engine 2.0 assessment on 2026-05-24,Keith,2026-05-24T23:38:11+00:00,,,,sha256:0c853a36d30c02702b5f68ec3c71bd269bfea3d1e679103cff57670d0b36cbe7,
src_c696830298f35442f,mdt_2021_q4,MDT,Medtronic plc,2021,Q4,transcript,official_ir_transcript,https://investorrelations.medtronic.com/,investorrelations.medtronic.com,safe_to_download,true,true,false,false,Keith user-authorized acquisition for Signal Engine 2.0 assessment on 2026-05-24,Keith,2026-05-24T23:38:11+00:00,,,,sha256:229df1157079b4b1cd665a852e487767a796eb1284ddd65db439b222eeb7c583,
src_8f94e75b0e774bc95,mdt_2021_q4,MDT,Medtronic plc,2021,Q4,audio,official_ir_webcast,https://investorrelations.medtronic.com/,investorrelations.medtronic.com,safe_to_download,true,true,false,false,Keith user-authorized acquisition for Signal Engine 2.0 assessment on 2026-05-24,Keith,2026-05-24T23:38:11+00:00,,,,sha256:3ed0ef5aa4e5031dd01251616c2e0afd9396bfa736212b342af6e049748db293,
src_b06d7a0859e90c8ee,tmo_2021_q4,TMO,Thermo Fisher Scientific Inc.,2021,Q4,transcript,official_ir_transcript,https://ir.thermofisher.com/,ir.thermofisher.com,safe_to_download,true,true,false,false,Keith user-authorized acquisition for Signal Engine 2.0 assessment on 2026-05-24,Keith,2026-05-24T23:38:11+00:00,,,,sha256:dd58022a764dc823c959269256729859e23186cc6b11378189dc010fa86a623f,
src_846bcc66890d556f7,tmo_2021_q4,TMO,Thermo Fisher Scientific Inc.,2021,Q4,audio,official_ir_webcast,https://ir.thermofisher.com/,ir.thermofisher.com,safe_to_download,true,true,false,false,Keith user-authorized acquisition for Signal Engine 2.0 assessment on 2026-05-24,Keith,2026-05-24T23:38:11+00:00,,,,sha256:493fb76b26d596015e6333b73a5cacb6601cb787837564a39c18e108230292a9,
src_34c899a71eab13978,dhr_2021_q4,DHR,Danaher Corporation,2021,Q4,transcript,official_ir_transcript,https://investors.danaher.com/,investors.danaher.com,safe_to_download,true,true,false,false,Keith user-authorized acquisition for Signal Engine 2.0 assessment on 2026-05-24,Keith,2026-05-24T23:38:11+00:00,,,,sha256:0cf172351c2d94cc1b971b58912e2042a0a47b9ffcdaea77ad2e0362d136ab47,
src_57bed758a3deb2ed5,dhr_2021_q4,DHR,Danaher Corporation,2021,Q4,audio,official_ir_webcast,https://investors.danaher.com/,investors.danaher.com,safe_to_download,true,true,false,false,Keith user-authorized acquisition for Signal Engine 2.0 assessment on 2026-05-24,Keith,2026-05-24T23:38:11+00:00,,,,sha256:4e176f1b2c47755a02d364975ccf9f3052447717735931b275f85260fe7e9262,
src_be8b29c64904cb713,bdx_2021_q4,BDX,"Becton, Dickinson and Company",2021,Q4,transcript,official_ir_transcript,https://investors.bd.com/,investors.bd.com,safe_to_download,true,true,false,false,Keith user-authorized acquisition for Signal Engine 2.0 assessment on 2026-05-24,Keith,2026-05-24T23:38:11+00:00,,,,sha256:4256e172570c336ddca49ccea3b62d7c9e81818e356d84c75529b9a7797b6963,
src_a7b27dd380d29915c,bdx_2021_q4,BDX,"Becton, Dickinson and Company",2021,Q4,audio,official_ir_webcast,https://investors.bd.com/,investors.bd.com,safe_to_download,true,true,false,false,Keith user-authorized acquisition for Signal Engine 2.0 assessment on 2026-05-24,Keith,2026-05-24T23:38:11+00:00,,,,sha256:83ee51ecf1bfd5aa3052e56558e5e5be24e33ac516627e9e162e53ceaea932c4,
src_b6009bf585d94fd7d,ci_2021_q4,CI,The Cigna Group,2021,Q4,transcript,official_ir_transcript,https://investors.thecignagroup.com/,investors.thecignagroup.com,safe_to_download,true,true,false,false,Keith user-authorized acquisition for Signal Engine 2.0 assessment on 2026-05-24,Keith,2026-05-24T23:38:11+00:00,,,,sha256:35f62f0ec17f931450fd2dcc8bc91be80ef58511bee0819164cad26d29eca617,
src_eeffefe867c770648,ci_2021_q4,CI,The Cigna Group,2021,Q4,audio,official_ir_webcast,https://investors.thecignagroup.com/,investors.thecignagroup.com,safe_to_download,true,true,false,false,Keith user-authorized acquisition for Signal Engine 2.0 assessment on 2026-05-24,Keith,2026-05-24T23:38:11+00:00,,,,sha256:ebfacaf887a5a4e74a923c8d58e133e7edd7caaa573c6c5d011fd11068b5ce6b,
src_ba76a7c7bed71bfe2,hca_2021_q4,HCA,"HCA Healthcare, Inc.",2021,Q4,transcript,official_ir_transcript,https://investor.hcahealthcare.com/,investor.hcahealthcare.com,safe_to_download,true,true,false,false,Keith user-authorized acquisition for Signal Engine 2.0 assessment on 2026-05-24,Keith,2026-05-24T23:38:11+00:00,,,,sha256:d41bbbaa02c4d684578c3074705f4b6a77f85afca8a8a1f35d291d3739be7f83,
src_827c2f7b6bb95a538,hca_2021_q4,HCA,"HCA Healthcare, Inc.",2021,Q4,audio,official_ir_webcast,https://investor.hcahealthcare.com/,investor.hcahealthcare.com,safe_to_download,true,true,false,false,Keith user-authorized acquisition for Signal Engine 2.0 assessment on 2026-05-24,Keith,2026-05-24T23:38:11+00:00,,,,sha256:8631f041e10d86e484dd1f859168ae72909a9fe35236736a6da15401f10ac12f,
src_2e0999e6be9908ab5,syk_2021_q4,SYK,Stryker Corporation,2021,Q4,transcript,official_ir_transcript,https://investors.stryker.com/,investors.stryker.com,safe_to_download,true,true,false,false,Keith user-authorized acquisition for Signal Engine 2.0 assessment on 2026-05-24,Keith,2026-05-24T23:38:11+00:00,,,,sha256:f4f1e60bc505e45fad2a3b3d63697066f1fed7b82bd11153c957dc7839cf0c50,
src_42ce676585da91b97,syk_2021_q4,SYK,Stryker Corporation,2021,Q4,audio,official_ir_webcast,https://investors.stryker.com/,investors.stryker.com,safe_to_download,true,true,false,false,Keith user-authorized acquisition for Signal Engine 2.0 assessment on 2026-05-24,Keith,2026-05-24T23:38:11+00:00,,,,sha256:4a0ce158fbe2cdfef7d22988eb00b8793561db35fc6b592e7e6da00f16c6243c,
src_8e5a8ee2587cf9967,xom_2021_q4,XOM,Exxon Mobil Corporation,2021,Q4,transcript,official_ir_transcript,https://corporate.exxonmobil.com/investors,corporate.exxonmobil.com,safe_to_download,true,true,false,false,Keith user-authorized acquisition for Signal Engine 2.0 assessment on 2026-05-24,Keith,2026-05-24T23:38:11+00:00,,,,sha256:016df4c33fe84cf35b6e26aa543bbc0c20ed981f49e15209fcc984751a409338,
src_c5c88130e7fe8989d,xom_2021_q4,XOM,Exxon Mobil Corporation,2021,Q4,audio,official_ir_webcast,https://corporate.exxonmobil.com/investors,corporate.exxonmobil.com,safe_to_download,true,true,false,false,Keith user-authorized acquisition for Signal Engine 2.0 assessment on 2026-05-24,Keith,2026-05-24T23:38:11+00:00,,,,sha256:8d338c3111e8195ee08d950eb4020e3cc24849b908565daf529230e8a4ef9477,
src_6fd68c2bfb80aa9b1,cvx_2021_q4,CVX,Chevron Corporation,2021,Q4,transcript,official_ir_transcript,https://www.chevron.com/investors,www.chevron.com,safe_to_download,true,true,false,false,Keith user-authorized acquisition for Signal Engine 2.0 assessment on 2026-05-24,Keith,2026-05-24T23:38:11+00:00,,,,sha256:9ad245171f9cf8480becf0cd01de1bc4cc30b7c47ceb13796bc96f85016875f1,
src_26af2d943bb401bc3,cvx_2021_q4,CVX,Chevron Corporation,2021,Q4,audio,official_ir_webcast,https://www.chevron.com/investors,www.chevron.com,safe_to_download,true,true,false,false,Keith user-authorized acquisition for Signal Engine 2.0 assessment on 2026-05-24,Keith,2026-05-24T23:38:11+00:00,,,,sha256:5a72e423bff1441b845f795664852378290fed47d618c82f4d872baa86d979cb,
src_93d2b65f91abad7f2,cop_2021_q4,COP,ConocoPhillips,2021,Q4,transcript,official_ir_transcript,https://www.conocophillips.com/investor-relations/,www.conocophillips.com,safe_to_download,true,true,false,false,Keith user-authorized acquisition for Signal Engine 2.0 assessment on 2026-05-24,Keith,2026-05-24T23:38:11+00:00,,,,sha256:b24267013bcbd80371c81b616d1769948cd7f658539e2fe35f1f795531bc4308,
src_b7b9ce0a45718e6d0,cop_2021_q4,COP,ConocoPhillips,2021,Q4,audio,official_ir_webcast,https://www.conocophillips.com/investor-relations/,www.conocophillips.com,safe_to_download,true,true,false,false,Keith user-authorized acquisition for Signal Engine 2.0 assessment on 2026-05-24,Keith,2026-05-24T23:38:11+00:00,,,,sha256:4546d15da601a5546409b6c70744e9e040bfeaf90f7c390aa3aca356d91d8929,
src_e3d62686e41324cbc,slb_2021_q4,SLB,SLB,2021,Q4,transcript,official_ir_transcript,https://investorcenter.slb.com/,investorcenter.slb.com,safe_to_download,true,true,false,false,Keith user-authorized acquisition for Signal Engine 2.0 assessment on 2026-05-24,Keith,2026-05-24T23:38:11+00:00,,,,sha256:7c683b97e22165feb1e5d42609b04469cf147fca316657eb2c44f82a628a2d07,
src_f921da490184f9895,slb_2021_q4,SLB,SLB,2021,Q4,audio,official_ir_webcast,https://investorcenter.slb.com/,investorcenter.slb.com,safe_to_download,true,true,false,false,Keith user-authorized acquisition for Signal Engine 2.0 assessment on 2026-05-24,Keith,2026-05-24T23:38:11+00:00,,,,sha256:44be0d03f7b33cba607c789bf77dbc58c48fcbcbe4a59cf90e97ae811dcd7eba,
src_0685297c25b5d10cd,hal_2021_q4,HAL,Halliburton Company,2021,Q4,transcript,official_ir_transcript,https://ir.halliburton.com/,ir.halliburton.com,safe_to_download,true,true,false,false,Keith user-authorized acquisition for Signal Engine 2.0 assessment on 2026-05-24,Keith,2026-05-24T23:38:11+00:00,,,,sha256:d911f2fc86e8b0a4b42201d772e81e9b95825729a4d292ff9ff1fbe381571c19,
src_ea99361f410458eba,hal_2021_q4,HAL,Halliburton Company,2021,Q4,audio,official_ir_webcast,https://ir.halliburton.com/,ir.halliburton.com,safe_to_download,true,true,false,false,Keith user-authorized acquisition for Signal Engine 2.0 assessment on 2026-05-24,Keith,2026-05-24T23:38:11+00:00,,,,sha256:d4ccc114f2cdbf54dc9153f73a6947fed71521cfcdd6607e13db1ec9e729c2c3,
src_6c94ad4fb9595258a,eog_2021_q4,EOG,"EOG Resources, Inc.",2021,Q4,transcript,official_ir_transcript,https://investors.eogresources.com/,investors.eogresources.com,safe_to_download,true,true,false,false,Keith user-authorized acquisition for Signal Engine 2.0 assessment on 2026-05-24,Keith,2026-05-24T23:38:11+00:00,,,,sha256:73c5dab8e700752df6eb2b38e20b26268b5ac929b8efddce62d4fa2ab0de68c1,
src_bf1e618347c9a3f1c,eog_2021_q4,EOG,"EOG Resources, Inc.",2021,Q4,audio,official_ir_webcast,https://investors.eogresources.com/,investors.eogresources.com,safe_to_download,true,true,false,false,Keith user-authorized acquisition for Signal Engine 2.0 assessment on 2026-05-24,Keith,2026-05-24T23:38:11+00:00,,,,sha256:894c8abd596accca62008b62893ed773e301ca4d47dcbe758dd9551c7fa7f13e,
src_31f15052bc5a1136b,oxy_2021_q4,OXY,Occidental Petroleum Corporation,2021,Q4,transcript,official_ir_transcript,https://www.oxy.com/investors/,www.oxy.com,safe_to_download,true,true,false,false,Keith user-authorized acquisition for Signal Engine 2.0 assessment on 2026-05-24,Keith,2026-05-24T23:38:11+00:00,,,,sha256:1264d99c475b6b295873d0f3cb33d10ac152fa26e0b1ca05517bea2494c1f747,
src_53c938eb9040966bf,oxy_2021_q4,OXY,Occidental Petroleum Corporation,2021,Q4,audio,official_ir_webcast,https://www.oxy.com/investors/,www.oxy.com,safe_to_download,true,true,false,false,Keith user-authorized acquisition for Signal Engine 2.0 assessment on 2026-05-24,Keith,2026-05-24T23:38:11+00:00,,,,sha256:3c2cb2be87cd5a6136840be4b81413760b6007573843b28f20fcf528a695a6db,
src_1f2b77f67582d4875,mpc_2021_q4,MPC,Marathon Petroleum Corporation,2021,Q4,transcript,official_ir_transcript,https://www.marathonpetroleum.com/Investors/,www.marathonpetroleum.com,safe_to_download,true,true,false,false,Keith user-authorized acquisition for Signal Engine 2.0 assessment on 2026-05-24,Keith,2026-05-24T23:38:11+00:00,,,,sha256:ecdf779c878332554e81068b7f5b19cffc108a392ed734371377f12d07db527a,
src_5251f53622750a510,mpc_2021_q4,MPC,Marathon Petroleum Corporation,2021,Q4,audio,official_ir_webcast,https://www.marathonpetroleum.com/Investors/,www.marathonpetroleum.com,safe_to_download,true,true,false,false,Keith user-authorized acquisition for Signal Engine 2.0 assessment on 2026-05-24,Keith,2026-05-24T23:38:11+00:00,,,,sha256:a8cd33e1aff820b3aa12f5451d83c35450f09fdd0bfb6e7433fded9024d220ce,
src_169379bc7d0c463f4,psx_2021_q4,PSX,Phillips 66,2021,Q4,transcript,official_ir_transcript,https://investor.phillips66.com/,investor.phillips66.com,safe_to_download,true,true,false,false,Keith user-authorized acquisition for Signal Engine 2.0 assessment on 2026-05-24,Keith,2026-05-24T23:38:11+00:00,,,,sha256:4d1e3413a00d102eabba27844d046d08c7bc59ff55227b581fc773c1d5d8b711,
src_e1238ee7ee196c239,psx_2021_q4,PSX,Phillips 66,2021,Q4,audio,official_ir_webcast,https://investor.phillips66.com/,investor.phillips66.com,safe_to_download,true,true,false,false,Keith user-authorized acquisition for Signal Engine 2.0 assessment on 2026-05-24,Keith,2026-05-24T23:38:11+00:00,,,,sha256:4619feb4c6be252ec2c07dbe76c04374310883ab02fb9048ab2bb8f0fd56e804,
src_25f6077a5fbbae540,vlo_2021_q4,VLO,Valero Energy Corporation,2021,Q4,transcript,official_ir_transcript,https://investorvalero.com/,investorvalero.com,safe_to_download,true,true,false,false,Keith user-authorized acquisition for Signal Engine 2.0 assessment on 2026-05-24,Keith,2026-05-24T23:38:11+00:00,,,,sha256:8cc300f1ea03ea18a8133d00564fc5159425a734b23e168fe4a564541be3a1d0,
src_9f48537552112db7c,vlo_2021_q4,VLO,Valero Energy Corporation,2021,Q4,audio,official_ir_webcast,https://investorvalero.com/,investorvalero.com,safe_to_download,true,true,false,false,Keith user-authorized acquisition for Signal Engine 2.0 assessment on 2026-05-24,Keith,2026-05-24T23:38:11+00:00,,,,sha256:8243f9d87457fdde41a1ebca5f46d945a7cf0fbdf82e225f96420973ec08d7a1,
src_0aa8ac34e692f26c4,ba_2021_q4,BA,The Boeing Company,2021,Q4,transcript,official_ir_transcript,https://investors.boeing.com/,investors.boeing.com,safe_to_download,true,true,false,false,Keith user-authorized acquisition for Signal Engine 2.0 assessment on 2026-05-24,Keith,2026-05-24T23:38:11+00:00,,,,sha256:2fff09224228a5394e6ba668e748de109b18f8d1e6a3ff101dfdb8ef554eeaf1,
src_582cb17f8ce6e878e,ba_2021_q4,BA,The Boeing Company,2021,Q4,audio,official_ir_webcast,https://investors.boeing.com/,investors.boeing.com,safe_to_download,true,true,false,false,Keith user-authorized acquisition for Signal Engine 2.0 assessment on 2026-05-24,Keith,2026-05-24T23:38:11+00:00,,,,sha256:1901ae0e21d190bfb34abfb0313ba6dd95461fb0e29893145f696237e1405b98,
src_a5e0dfd1ffa672be9,rtx_2021_q4,RTX,RTX Corporation,2021,Q4,transcript,official_ir_transcript,https://www.rtx.com/investors,www.rtx.com,safe_to_download,true,true,false,false,Keith user-authorized acquisition for Signal Engine 2.0 assessment on 2026-05-24,Keith,2026-05-24T23:38:11+00:00,,,,sha256:54c269a7fe788ec7feee3442a02c858c8e826c3e42b056abbaee916c03f8b330,
src_9faf5a7c50cef42e5,rtx_2021_q4,RTX,RTX Corporation,2021,Q4,audio,official_ir_webcast,https://www.rtx.com/investors,www.rtx.com,safe_to_download,true,true,false,false,Keith user-authorized acquisition for Signal Engine 2.0 assessment on 2026-05-24,Keith,2026-05-24T23:38:11+00:00,,,,sha256:85503e5ca75018ce69fabfa003e12c299c67f62dc5aed7cf325f6acbdd5a88bc,
src_85677c91f3cdf072e,lmt_2021_q4,LMT,Lockheed Martin Corporation,2021,Q4,transcript,official_ir_transcript,https://investors.lockheedmartin.com/,investors.lockheedmartin.com,safe_to_download,true,true,false,false,Keith user-authorized acquisition for Signal Engine 2.0 assessment on 2026-05-24,Keith,2026-05-24T23:38:11+00:00,,,,sha256:8883dd62c5ac7687e53f50233aa0929abbd7260f6320ce91627c77a5e9ccde01,
src_5c807c3ab3b987f88,lmt_2021_q4,LMT,Lockheed Martin Corporation,2021,Q4,audio,official_ir_webcast,https://investors.lockheedmartin.com/,investors.lockheedmartin.com,safe_to_download,true,true,false,false,Keith user-authorized acquisition for Signal Engine 2.0 assessment on 2026-05-24,Keith,2026-05-24T23:38:11+00:00,,,,sha256:43d2ce4ed1fd432be2dee7a037cf9b117c59ef5e7a28ba4a5fdbc9488c2ac690,
src_3ebb3812e1ec43c52,noc_2021_q4,NOC,Northrop Grumman Corporation,2021,Q4,transcript,official_ir_transcript,https://investor.northropgrumman.com/,investor.northropgrumman.com,safe_to_download,true,true,false,false,Keith user-authorized acquisition for Signal Engine 2.0 assessment on 2026-05-24,Keith,2026-05-24T23:38:11+00:00,,,,sha256:5f065d30b1561e9e3bd305f7fd3760a1b76616dd3a03070167ee912e0b0fbf52,
src_16da0c5f97d6e1717,noc_2021_q4,NOC,Northrop Grumman Corporation,2021,Q4,audio,official_ir_webcast,https://investor.northropgrumman.com/,investor.northropgrumman.com,safe_to_download,true,true,false,false,Keith user-authorized acquisition for Signal Engine 2.0 assessment on 2026-05-24,Keith,2026-05-24T23:38:11+00:00,,,,sha256:6497a77aa9a720c9094423dfa3433add97da39791954c770195aa387a20aff1a,
src_5e2801fed4055eeb8,gd_2021_q4,GD,General Dynamics Corporation,2021,Q4,transcript,official_ir_transcript,https://investorrelations.gd.com/,investorrelations.gd.com,safe_to_download,true,true,false,false,Keith user-authorized acquisition for Signal Engine 2.0 assessment on 2026-05-24,Keith,2026-05-24T23:38:11+00:00,,,,sha256:f0a4cb52cbe3ed5f1b852ad1a94dbd44386747b71ecb061030e9911fecd58936,
src_59b19a47ae417c910,gd_2021_q4,GD,General Dynamics Corporation,2021,Q4,audio,official_ir_webcast,https://investorrelations.gd.com/,investorrelations.gd.com,safe_to_download,true,true,false,false,Keith user-authorized acquisition for Signal Engine 2.0 assessment on 2026-05-24,Keith,2026-05-24T23:38:11+00:00,,,,sha256:24436d15bd66f830f696fdb912a8a3602cd4bd2a4fc83556535bf9f9954b2fa1,
src_0f6dc8d473b429b5e,cat_2021_q4,CAT,Caterpillar Inc.,2021,Q4,transcript,official_ir_transcript,https://investors.caterpillar.com/,investors.caterpillar.com,safe_to_download,true,true,false,false,Keith user-authorized acquisition for Signal Engine 2.0 assessment on 2026-05-24,Keith,2026-05-24T23:38:11+00:00,,,,sha256:f4a50e01f579c2f316de2750619deef446e2399a0ff74e77709410d8965060c6,
src_e91953e0c703aedf4,cat_2021_q4,CAT,Caterpillar Inc.,2021,Q4,audio,official_ir_webcast,https://investors.caterpillar.com/,investors.caterpillar.com,safe_to_download,true,true,false,false,Keith user-authorized acquisition for Signal Engine 2.0 assessment on 2026-05-24,Keith,2026-05-24T23:38:11+00:00,,,,sha256:c1960e61a80f3fbbf4abdb40792c44ea609bb4b43e9a666ee3102b99272fa4ee,
src_7d08cb1294513c0c3,de_2021_q4,DE,Deere & Company,2021,Q4,transcript,official_ir_transcript,https://investor.deere.com/,investor.deere.com,safe_to_download,true,true,false,false,Keith user-authorized acquisition for Signal Engine 2.0 assessment on 2026-05-24,Keith,2026-05-24T23:38:11+00:00,,,,sha256:7c94afe782ac8e856b8037ae046223740ff65ce4373b81122f7a07c9de6e179d,
src_0c6f855ca134294c5,de_2021_q4,DE,Deere & Company,2021,Q4,audio,official_ir_webcast,https://investor.deere.com/,investor.deere.com,safe_to_download,true,true,false,false,Keith user-authorized acquisition for Signal Engine 2.0 assessment on 2026-05-24,Keith,2026-05-24T23:38:11+00:00,,,,sha256:c36217fe093b672e920310a748d1d69c82bba67fbd2b2e089b07f5475927fa9a,
src_5eedceade5a431d4a,ge_2021_q4,GE,GE Aerospace,2021,Q4,transcript,official_ir_transcript,https://www.geaerospace.com/investors,www.geaerospace.com,safe_to_download,true,true,false,false,Keith user-authorized acquisition for Signal Engine 2.0 assessment on 2026-05-24,Keith,2026-05-24T23:38:11+00:00,,,,sha256:67dba0aa5d42ff812395bfa0f899dcd5f46a309510efa6e058ad0f85327e84e2,
src_ea795beb807313088,ge_2021_q4,GE,GE Aerospace,2021,Q4,audio,official_ir_webcast,https://www.geaerospace.com/investors,www.geaerospace.com,safe_to_download,true,true,false,false,Keith user-authorized acquisition for Signal Engine 2.0 assessment on 2026-05-24,Keith,2026-05-24T23:38:11+00:00,,,,sha256:3ff837420aaa4d9ceb3db79f657172a89912de764e6b37a5a9cb0bd4c6c0c69b,
src_1aa4fc2862c3b20f1,etn_2021_q4,ETN,Eaton Corporation plc,2021,Q4,transcript,official_ir_transcript,https://www.eaton.com/us/en-us/company/investor-relations.html,www.eaton.com,safe_to_download,true,true,false,false,Keith user-authorized acquisition for Signal Engine 2.0 assessment on 2026-05-24,Keith,2026-05-24T23:38:11+00:00,,,,sha256:6af5a908ce8ded955f5dab67afecc65ca288e7aacf3697db2095ae7c15f40930,
src_50aacfe82443549a7,etn_2021_q4,ETN,Eaton Corporation plc,2021,Q4,audio,official_ir_webcast,https://www.eaton.com/us/en-us/company/investor-relations.html,www.eaton.com,safe_to_download,true,true,false,false,Keith user-authorized acquisition for Signal Engine 2.0 assessment on 2026-05-24,Keith,2026-05-24T23:38:11+00:00,,,,sha256:2984398f9be86d08b79d04852bdd8a35eae92d2d9e0eb205f8993af6d99ae3a5,
src_396e5a87a5b473e7d,emr_2021_q4,EMR,Emerson Electric Co.,2021,Q4,transcript,official_ir_transcript,https://www.emerson.com/en-us/investors,www.emerson.com,safe_to_download,true,true,false,false,Keith user-authorized acquisition for Signal Engine 2.0 assessment on 2026-05-24,Keith,2026-05-24T23:38:11+00:00,,,,sha256:8f42886f900ad456aab4b256fbdb96cbd5db6ece74d5767a4f4e460c5e92e234,
src_88321d4957c5bd37d,emr_2021_q4,EMR,Emerson Electric Co.,2021,Q4,audio,official_ir_webcast,https://www.emerson.com/en-us/investors,www.emerson.com,safe_to_download,true,true,false,false,Keith user-authorized acquisition for Signal Engine 2.0 assessment on 2026-05-24,Keith,2026-05-24T23:38:11+00:00,,,,sha256:661eaa31c385d1ef964a0dd27a781e59f07c4adcea2e26953c60cf0f82b2e5a5,
src_a97f6ad746a87c45f,mmm_2021_q4,MMM,3M Company,2021,Q4,transcript,official_ir_transcript,https://investors.3m.com/,investors.3m.com,safe_to_download,true,true,false,false,Keith user-authorized acquisition for Signal Engine 2.0 assessment on 2026-05-24,Keith,2026-05-24T23:38:11+00:00,,,,sha256:1f3021898ddddbdf25ece2b44fb754bacf028c2ec15466a1c8f0ab784e9ce900,
src_b98a8210358dbfef6,mmm_2021_q4,MMM,3M Company,2021,Q4,audio,official_ir_webcast,https://investors.3m.com/,investors.3m.com,safe_to_download,true,true,false,false,Keith user-authorized acquisition for Signal Engine 2.0 assessment on 2026-05-24,Keith,2026-05-24T23:38:11+00:00,,,,sha256:b8ba6be6c9019a10265a7d895b30fee5d7afbaeb104749874f95b0a4c0805986,
src_51f919dba86097fb7,itw_2021_q4,ITW,Illinois Tool Works Inc.,2021,Q4,transcript,official_ir_transcript,https://investor.itw.com/,investor.itw.com,safe_to_download,true,true,false,false,Keith user-authorized acquisition for Signal Engine 2.0 assessment on 2026-05-24,Keith,2026-05-24T23:38:11+00:00,,,,sha256:621424c6d024d521394f21ccb90b1bea12cd469c77feb61cb9e1f6f831d7efb3,
src_ed6ba4eddf5712023,itw_2021_q4,ITW,Illinois Tool Works Inc.,2021,Q4,audio,official_ir_webcast,https://investor.itw.com/,investor.itw.com,safe_to_download,true,true,false,false,Keith user-authorized acquisition for Signal Engine 2.0 assessment on 2026-05-24,Keith,2026-05-24T23:38:11+00:00,,,,sha256:03863b586540e8d77616ed9a9330b4cd563b6622d1f7d9be5cb40beca48ae290,
src_03dea83d159a439fc,ph_2021_q4,PH,Parker-Hannifin Corporation,2021,Q4,transcript,official_ir_transcript,https://investors.parker.com/,investors.parker.com,safe_to_download,true,true,false,false,Keith user-authorized acquisition for Signal Engine 2.0 assessment on 2026-05-24,Keith,2026-05-24T23:38:11+00:00,,,,sha256:11b1bef0a95e522e49edb3b9a36a01a2baea179787c6807fde0e929c0fa4596e,
src_14310ebc293b75941,ph_2021_q4,PH,Parker-Hannifin Corporation,2021,Q4,audio,official_ir_webcast,https://investors.parker.com/,investors.parker.com,safe_to_download,true,true,false,false,Keith user-authorized acquisition for Signal Engine 2.0 assessment on 2026-05-24,Keith,2026-05-24T23:38:11+00:00,,,,sha256:20c5ccdab04fd7ad7109bd5cbbe3e6a10fa3ce2e9edffce253ecdf3fcb8150c0,
src_d6f89aed9eef32e45,carr_2021_q4,CARR,Carrier Global Corporation,2021,Q4,transcript,official_ir_transcript,https://ir.carrier.com/,ir.carrier.com,safe_to_download,true,true,false,false,Keith user-authorized acquisition for Signal Engine 2.0 assessment on 2026-05-24,Keith,2026-05-24T23:38:11+00:00,,,,sha256:aaf52afe4cf058430325d2b069344b5342640a0cfac71ea0dd3280577ec5aa2d,
src_a8c3b5288e78579f5,carr_2021_q4,CARR,Carrier Global Corporation,2021,Q4,audio,official_ir_webcast,https://ir.carrier.com/,ir.carrier.com,safe_to_download,true,true,false,false,Keith user-authorized acquisition for Signal Engine 2.0 assessment on 2026-05-24,Keith,2026-05-24T23:38:11+00:00,,,,sha256:f1a982885518df2ebf76c58ef6dcd60f6f12601338002d3a5f1cfd385e89ef41,
src_107e2679fa592d531,otis_2021_q4,OTIS,Otis Worldwide Corporation,2021,Q4,transcript,official_ir_transcript,https://www.otis.com/en/us/investors,www.otis.com,safe_to_download,true,true,false,false,Keith user-authorized acquisition for Signal Engine 2.0 assessment on 2026-05-24,Keith,2026-05-24T23:38:11+00:00,,,,sha256:c737e683b6ae19d5a77b34f189bfb65827290d9573adbb67039ae62570c34c34,
src_08991aebbae9f1147,otis_2021_q4,OTIS,Otis Worldwide Corporation,2021,Q4,audio,official_ir_webcast,https://www.otis.com/en/us/investors,www.otis.com,safe_to_download,true,true,false,false,Keith user-authorized acquisition for Signal Engine 2.0 assessment on 2026-05-24,Keith,2026-05-24T23:38:11+00:00,,,,sha256:446f5211d8747e7778e8a045a41e47bfa960d1ef174dde4d59006ee2b2e0466d,
src_ae18594583606e224,ups_2021_q4,UPS,"United Parcel Service, Inc.",2021,Q4,transcript,official_ir_transcript,https://investors.ups.com/,investors.ups.com,safe_to_download,true,true,false,false,Keith user-authorized acquisition for Signal Engine 2.0 assessment on 2026-05-24,Keith,2026-05-24T23:38:11+00:00,,,,sha256:52ed6914f41b0290416cb4be8a9b75481456282ccdec448881e5a42e91a26fc4,
src_d6255a6fbd8c51647,ups_2021_q4,UPS,"United Parcel Service, Inc.",2021,Q4,audio,official_ir_webcast,https://investors.ups.com/,investors.ups.com,safe_to_download,true,true,false,false,Keith user-authorized acquisition for Signal Engine 2.0 assessment on 2026-05-24,Keith,2026-05-24T23:38:11+00:00,,,,sha256:0978ebbd7e51b66b01413dc946d6200aca7d63f51fc48b40899ed30ed6aefdea,
src_f5b2b3a8ee3112a2c,fdx_2021_q4,FDX,FedEx Corporation,2021,Q4,transcript,official_ir_transcript,https://investors.fedex.com/,investors.fedex.com,safe_to_download,true,true,false,false,Keith user-authorized acquisition for Signal Engine 2.0 assessment on 2026-05-24,Keith,2026-05-24T23:38:11+00:00,,,,sha256:54af2b3b1259614232df7ceac7724deb71c245d05634756292d1fe30d8c8c462,
src_f98faa8f2258441f7,fdx_2021_q4,FDX,FedEx Corporation,2021,Q4,audio,official_ir_webcast,https://investors.fedex.com/,investors.fedex.com,safe_to_download,true,true,false,false,Keith user-authorized acquisition for Signal Engine 2.0 assessment on 2026-05-24,Keith,2026-05-24T23:38:11+00:00,,,,sha256:3c80e041703ddea1b6e5d32d8f3f3a84f02dc05864ff765c7912b96eeecb1f85,
src_36e239cfe544362b7,dal_2021_q4,DAL,"Delta Air Lines, Inc.",2021,Q4,transcript,official_ir_transcript,https://ir.delta.com/,ir.delta.com,safe_to_download,true,true,false,false,Keith user-authorized acquisition for Signal Engine 2.0 assessment on 2026-05-24,Keith,2026-05-24T23:38:11+00:00,,,,sha256:e732e1ce74cbb54dcaadb991a44d878d5646cb5955d22b0c3325f5656b3237d0,
src_54c07e5d150814349,dal_2021_q4,DAL,"Delta Air Lines, Inc.",2021,Q4,audio,official_ir_webcast,https://ir.delta.com/,ir.delta.com,safe_to_download,true,true,false,false,Keith user-authorized acquisition for Signal Engine 2.0 assessment on 2026-05-24,Keith,2026-05-24T23:38:11+00:00,,,,sha256:0362349444a4bc286a3a5453c8d13362c5e6f6a03dfd7e0967946ded9c72dbc5,
src_6483de0f7fe117afb,unp_2021_q4,UNP,Union Pacific Corporation,2021,Q4,transcript,official_ir_transcript,https://investor.unionpacific.com/,investor.unionpacific.com,safe_to_download,true,true,false,false,Keith user-authorized acquisition for Signal Engine 2.0 assessment on 2026-05-24,Keith,2026-05-24T23:38:11+00:00,,,,sha256:00f146f03cfcb8b624c628e93ed568c5bbce83de7c6859b3a7f045f9949f3bb4,
src_7c4d40d1fc891c354,unp_2021_q4,UNP,Union Pacific Corporation,2021,Q4,audio,official_ir_webcast,https://investor.unionpacific.com/,investor.unionpacific.com,safe_to_download,true,true,false,false,Keith user-authorized acquisition for Signal Engine 2.0 assessment on 2026-05-24,Keith,2026-05-24T23:38:11+00:00,,,,sha256:74c26e8e7f9282c17ae7a09333071e2c2c010df0bd81108ebccefa0ad4da7492,
src_b2f44c2d8529382bc,nsc_2021_q4,NSC,Norfolk Southern Corporation,2021,Q4,transcript,official_ir_transcript,https://norfolksouthern.investorroom.com/,norfolksouthern.investorroom.com,safe_to_download,true,true,false,false,Keith user-authorized acquisition for Signal Engine 2.0 assessment on 2026-05-24,Keith,2026-05-24T23:38:11+00:00,,,,sha256:9d5cdd4e044ad65eca14cc948035883f5509f2dda7c8f5b58cc5fb4c9905c409,
src_d838c5b4a801bd664,nsc_2021_q4,NSC,Norfolk Southern Corporation,2021,Q4,audio,official_ir_webcast,https://norfolksouthern.investorroom.com/,norfolksouthern.investorroom.com,safe_to_download,true,true,false,false,Keith user-authorized acquisition for Signal Engine 2.0 assessment on 2026-05-24,Keith,2026-05-24T23:38:11+00:00,,,,sha256:8ca2ed16264aef82a2e42f599e3a270e75dc7fc9f741317729f81bbe65b19a70,
src_b549ea8c2606bc956,hd_2021_q4,HD,"The Home Depot, Inc.",2021,Q4,transcript,official_ir_transcript,https://ir.homedepot.com/,ir.homedepot.com,safe_to_download,true,true,false,false,Keith user-authorized acquisition for Signal Engine 2.0 assessment on 2026-05-24,Keith,2026-05-24T23:38:11+00:00,,,,sha256:842b8582e91f32ddb346a17785300aeaf285a9e126a71fd6131c35ab105b13b7,
src_27aeddf18b0261683,hd_2021_q4,HD,"The Home Depot, Inc.",2021,Q4,audio,official_ir_webcast,https://ir.homedepot.com/,ir.homedepot.com,safe_to_download,true,true,false,false,Keith user-authorized acquisition for Signal Engine 2.0 assessment on 2026-05-24,Keith,2026-05-24T23:38:11+00:00,,,,sha256:d5e02392a497257bb352a15a7e2d94841136ae92afde8355e29fd7d589763d74,
src_1105392bdea9824fd,low_2021_q4,LOW,"Lowe's Companies, Inc.",2021,Q4,transcript,official_ir_transcript,https://corporate.lowes.com/investors,corporate.lowes.com,safe_to_download,true,true,false,false,Keith user-authorized acquisition for Signal Engine 2.0 assessment on 2026-05-24,Keith,2026-05-24T23:38:11+00:00,,,,sha256:9ea98cd87239b3cd1fa794f931e64580e7ff53d1b9343b45da7972d6f1d46eab,
src_31fe1d7c351cad1ee,low_2021_q4,LOW,"Lowe's Companies, Inc.",2021,Q4,audio,official_ir_webcast,https://corporate.lowes.com/investors,corporate.lowes.com,safe_to_download,true,true,false,false,Keith user-authorized acquisition for Signal Engine 2.0 assessment on 2026-05-24,Keith,2026-05-24T23:38:11+00:00,,,,sha256:f871cc87315bf6d6107747d8867d4b292878f027c46deab12ee29cca96dc6e87,
src_ffe2859c6c8632fd4,tgt_2021_q4,TGT,Target Corporation,2021,Q4,transcript,official_ir_transcript,https://investors.target.com/,investors.target.com,safe_to_download,true,true,false,false,Keith user-authorized acquisition for Signal Engine 2.0 assessment on 2026-05-24,Keith,2026-05-24T23:38:11+00:00,,,,sha256:8005d4a96abc685b09e4738ee6320486fdedb59b851202ec89cc96b66e643bd7,
src_18517f678720950fd,tgt_2021_q4,TGT,Target Corporation,2021,Q4,audio,official_ir_webcast,https://investors.target.com/,investors.target.com,safe_to_download,true,true,false,false,Keith user-authorized acquisition for Signal Engine 2.0 assessment on 2026-05-24,Keith,2026-05-24T23:38:11+00:00,,,,sha256:5c55be3056b5b55a2cc9b82eb78f69b43832e9003d4c259d8062317e59536207,
src_1da6344607a7eac04,kr_2021_q4,KR,The Kroger Co.,2021,Q4,transcript,official_ir_transcript,https://ir.kroger.com/,ir.kroger.com,safe_to_download,true,true,false,false,Keith user-authorized acquisition for Signal Engine 2.0 assessment on 2026-05-24,Keith,2026-05-24T23:38:11+00:00,,,,sha256:4f9c3514c5409b262fc550dfe800defe9cd9bfd07990c512b56fb3cbc1b354f6,
src_92da253c4b039e54b,kr_2021_q4,KR,The Kroger Co.,2021,Q4,audio,official_ir_webcast,https://ir.kroger.com/,ir.kroger.com,safe_to_download,true,true,false,false,Keith user-authorized acquisition for Signal Engine 2.0 assessment on 2026-05-24,Keith,2026-05-24T23:38:11+00:00,,,,sha256:7501c451279a00bc92c71781fc70d789b456105f8ad49ce97457e11a8442b288,
src_41935ed17787e970a,dg_2021_q4,DG,Dollar General Corporation,2021,Q4,transcript,official_ir_transcript,https://investor.dollargeneral.com/,investor.dollargeneral.com,safe_to_download,true,true,false,false,Keith user-authorized acquisition for Signal Engine 2.0 assessment on 2026-05-24,Keith,2026-05-24T23:38:11+00:00,,,,sha256:1a699d3b95d635630ccc6fa0e1bfa2a3371c1fccd8fb253e6c20d3d5d360902a,
src_e14b4d4e6e55978b6,dg_2021_q4,DG,Dollar General Corporation,2021,Q4,audio,official_ir_webcast,https://investor.dollargeneral.com/,investor.dollargeneral.com,safe_to_download,true,true,false,false,Keith user-authorized acquisition for Signal Engine 2.0 assessment on 2026-05-24,Keith,2026-05-24T23:38:11+00:00,,,,sha256:35544b59562ac12950452c87c7223e45defd0a4d02347151854109ad710c4fda,
src_f8f539ae9888cff6b,mcd_2021_q4,MCD,McDonald's Corporation,2021,Q4,transcript,official_ir_transcript,https://corporate.mcdonalds.com/corpmcd/investors.html,corporate.mcdonalds.com,safe_to_download,true,true,false,false,Keith user-authorized acquisition for Signal Engine 2.0 assessment on 2026-05-24,Keith,2026-05-24T23:38:11+00:00,,,,sha256:5d5380baea4ccb0a9be38d355101e2bcbd43c879c8770279a273e33b100f5ce4,
src_66b43df3a6c62a616,mcd_2021_q4,MCD,McDonald's Corporation,2021,Q4,audio,official_ir_webcast,https://corporate.mcdonalds.com/corpmcd/investors.html,corporate.mcdonalds.com,safe_to_download,true,true,false,false,Keith user-authorized acquisition for Signal Engine 2.0 assessment on 2026-05-24,Keith,2026-05-24T23:38:11+00:00,,,,sha256:2ad86ebbd63f148f330e5917566d18a3bcb00e878aa104867726a06b4caba4a6,
src_388425bd76d860871,yum_2021_q4,YUM,"Yum! Brands, Inc.",2021,Q4,transcript,official_ir_transcript,https://investors.yum.com/,investors.yum.com,safe_to_download,true,true,false,false,Keith user-authorized acquisition for Signal Engine 2.0 assessment on 2026-05-24,Keith,2026-05-24T23:38:11+00:00,,,,sha256:ad806593fdd0a7ab10db047f9c59928edc59bf4333aeb8ac985913af4357097e,
src_53b31b5a2dbebfb66,yum_2021_q4,YUM,"Yum! Brands, Inc.",2021,Q4,audio,official_ir_webcast,https://investors.yum.com/,investors.yum.com,safe_to_download,true,true,false,false,Keith user-authorized acquisition for Signal Engine 2.0 assessment on 2026-05-24,Keith,2026-05-24T23:38:11+00:00,,,,sha256:4fbb84029c112c9d06899ed80828297a4ea4fdd67ef5fe845b2e51a5b392efc6,
src_4d183b576d132085c,nke_2021_q4,NKE,"NIKE, Inc.",2021,Q4,transcript,official_ir_transcript,https://investors.nike.com/,investors.nike.com,safe_to_download,true,true,false,false,Keith user-authorized acquisition for Signal Engine 2.0 assessment on 2026-05-24,Keith,2026-05-24T23:38:11+00:00,,,,sha256:fbaf25c643fab04f39eff66959bc343c9220810842f007a70c53403dfcd8e5b4,
src_84f56d8e55154289b,nke_2021_q4,NKE,"NIKE, Inc.",2021,Q4,audio,official_ir_webcast,https://investors.nike.com/,investors.nike.com,safe_to_download,true,true,false,false,Keith user-authorized acquisition for Signal Engine 2.0 assessment on 2026-05-24,Keith,2026-05-24T23:38:11+00:00,,,,sha256:0aaf76f67ae9d4b5850cc221e172f41fbe64a256c9a9eaf39a56654d0830ef7a,
src_c6cf3952d00410569,dis_2021_q4,DIS,The Walt Disney Company,2021,Q4,transcript,official_ir_transcript,https://thewaltdisneycompany.com/investor-relations/,thewaltdisneycompany.com,safe_to_download,true,true,false,false,Keith user-authorized acquisition for Signal Engine 2.0 assessment on 2026-05-24,Keith,2026-05-24T23:38:11+00:00,,,,sha256:a393bd3c57d98a30714b7c684284c77b0ad87620f4c9b3023e487acf12c5cccc,
src_fea2ce1e4c352ae24,dis_2021_q4,DIS,The Walt Disney Company,2021,Q4,audio,official_ir_webcast,https://thewaltdisneycompany.com/investor-relations/,thewaltdisneycompany.com,safe_to_download,true,true,false,false,Keith user-authorized acquisition for Signal Engine 2.0 assessment on 2026-05-24,Keith,2026-05-24T23:38:11+00:00,,,,sha256:4004a2a03b4d602abe1aafce5a28207cee8f0a4182203c3023e26052148e73e0,
src_44599e1433c6c8346,ko_2021_q4,KO,The Coca-Cola Company,2021,Q4,transcript,official_ir_transcript,https://investors.coca-colacompany.com/,investors.coca-colacompany.com,safe_to_download,true,true,false,false,Keith user-authorized acquisition for Signal Engine 2.0 assessment on 2026-05-24,Keith,2026-05-24T23:38:11+00:00,,,,sha256:e08060842fca1f4b8699d8090b43b5042b96c5d852206a87990642c42c35ed98,
src_832b0f116f96308e6,ko_2021_q4,KO,The Coca-Cola Company,2021,Q4,audio,official_ir_webcast,https://investors.coca-colacompany.com/,investors.coca-colacompany.com,safe_to_download,true,true,false,false,Keith user-authorized acquisition for Signal Engine 2.0 assessment on 2026-05-24,Keith,2026-05-24T23:38:11+00:00,,,,sha256:10fbd28749072f4800d8bfea11fd78e4cafadbff7cf11960e81bea2bd2c0f6da,
src_13524638a1202fc0a,pg_2021_q4,PG,The Procter & Gamble Company,2021,Q4,transcript,official_ir_transcript,https://www.pginvestor.com/,www.pginvestor.com,safe_to_download,true,true,false,false,Keith user-authorized acquisition for Signal Engine 2.0 assessment on 2026-05-24,Keith,2026-05-24T23:38:11+00:00,,,,sha256:4d5ee167fb2f77c36df07ae91f32da78dae726c70930bf7b835b281167d58acc,
src_d12438fa8b440fd19,pg_2021_q4,PG,The Procter & Gamble Company,2021,Q4,audio,official_ir_webcast,https://www.pginvestor.com/,www.pginvestor.com,safe_to_download,true,true,false,false,Keith user-authorized acquisition for Signal Engine 2.0 assessment on 2026-05-24,Keith,2026-05-24T23:38:11+00:00,,,,sha256:c90575972dfa4611c5c0195cc613eff7ef37770a5999680d8e8679f9775a196e,
src_68057805206788f0a,cl_2021_q4,CL,Colgate-Palmolive Company,2021,Q4,transcript,official_ir_transcript,https://investor.colgatepalmolive.com/,investor.colgatepalmolive.com,safe_to_download,true,true,false,false,Keith user-authorized acquisition for Signal Engine 2.0 assessment on 2026-05-24,Keith,2026-05-24T23:38:11+00:00,,,,sha256:cc03d8677262915bb01c821a4e424e3008890cb596488cc01a6b045a6110ed95,
src_ab2485754befa7d3e,cl_2021_q4,CL,Colgate-Palmolive Company,2021,Q4,audio,official_ir_webcast,https://investor.colgatepalmolive.com/,investor.colgatepalmolive.com,safe_to_download,true,true,false,false,Keith user-authorized acquisition for Signal Engine 2.0 assessment on 2026-05-24,Keith,2026-05-24T23:38:11+00:00,,,,sha256:85f6390780a83cfd0c861a21280dc98bfe494e77aa0ee3f0e43bb6b2b8235a04,
src_ef9f979a5be84e254,el_2021_q4,EL,The Estee Lauder Companies Inc.,2021,Q4,transcript,official_ir_transcript,https://ir.elcompanies.com/,ir.elcompanies.com,safe_to_download,true,true,false,false,Keith user-authorized acquisition for Signal Engine 2.0 assessment on 2026-05-24,Keith,2026-05-24T23:38:11+00:00,,,,sha256:e4014915d296d163f45ec2075f244d60aa56ef26a17dfbee0da4387b14163a0f,
src_82a9531e40d305da8,el_2021_q4,EL,The Estee Lauder Companies Inc.,2021,Q4,audio,official_ir_webcast,https://ir.elcompanies.com/,ir.elcompanies.com,safe_to_download,true,true,false,false,Keith user-authorized acquisition for Signal Engine 2.0 assessment on 2026-05-24,Keith,2026-05-24T23:38:11+00:00,,,,sha256:ebe5ee88fe1e7039f2b082348dafadb2081d53a8662601e217bf92560c2b75c3,
src_830a497ea6ed1032a,gis_2021_q4,GIS,"General Mills, Inc.",2021,Q4,transcript,official_ir_transcript,https://investors.generalmills.com/,investors.generalmills.com,safe_to_download,true,true,false,false,Keith user-authorized acquisition for Signal Engine 2.0 assessment on 2026-05-24,Keith,2026-05-24T23:38:11+00:00,,,,sha256:34c3e24c823ad5d63f9ba294b02c237454dd685df559867de076cf2946040e44,
src_978e136ed61754359,gis_2021_q4,GIS,"General Mills, Inc.",2021,Q4,audio,official_ir_webcast,https://investors.generalmills.com/,investors.generalmills.com,safe_to_download,true,true,false,false,Keith user-authorized acquisition for Signal Engine 2.0 assessment on 2026-05-24,Keith,2026-05-24T23:38:11+00:00,,,,sha256:9b1e59222073bd4709bd9fdf42b8814a6c8dbf3814032d0cafca56742a6e1237,
src_14830197414746fc8,hsy_2021_q4,HSY,The Hershey Company,2021,Q4,transcript,official_ir_transcript,https://www.thehersheycompany.com/en_us/investors.html,www.thehersheycompany.com,safe_to_download,true,true,false,false,Keith user-authorized acquisition for Signal Engine 2.0 assessment on 2026-05-24,Keith,2026-05-24T23:38:11+00:00,,,,sha256:0ec0b9f944d938ee399c2f03db59c9728298b6f46970a267472af42c33825da3,
src_2a534634c38b1a84a,hsy_2021_q4,HSY,The Hershey Company,2021,Q4,audio,official_ir_webcast,https://www.thehersheycompany.com/en_us/investors.html,www.thehersheycompany.com,safe_to_download,true,true,false,false,Keith user-authorized acquisition for Signal Engine 2.0 assessment on 2026-05-24,Keith,2026-05-24T23:38:11+00:00,,,,sha256:eb207ab3cadd07c995f6c2aa5798af3f181f6ccc7895266659fcc1d30493f8d4,
src_20a5a13e54883cbbd,t_2021_q4,T,AT&T Inc.,2021,Q4,transcript,official_ir_transcript,https://investors.att.com/,investors.att.com,safe_to_download,true,true,false,false,Keith user-authorized acquisition for Signal Engine 2.0 assessment on 2026-05-24,Keith,2026-05-24T23:38:11+00:00,,,,sha256:f9e64ce5423d2f6d2cb0b041bb51dc3acddfe6a5534e42f2aad51ebdd89df6c8,
src_c30a66e5a6511924f,t_2021_q4,T,AT&T Inc.,2021,Q4,audio,official_ir_webcast,https://investors.att.com/,investors.att.com,safe_to_download,true,true,false,false,Keith user-authorized acquisition for Signal Engine 2.0 assessment on 2026-05-24,Keith,2026-05-24T23:38:11+00:00,,,,sha256:3671b64e1c40b10d2b72f4a3afa4f4928130a45ba36d73a206ff0be6bcdf67f6,
src_b6ca558fb9b220a26,vz_2021_q4,VZ,Verizon Communications Inc.,2021,Q4,transcript,official_ir_transcript,https://www.verizon.com/about/investors,www.verizon.com,safe_to_download,true,true,false,false,Keith user-authorized acquisition for Signal Engine 2.0 assessment on 2026-05-24,Keith,2026-05-24T23:38:11+00:00,,,,sha256:4fc69a64f2bfc76178236ec20c1161627c1a001ba2f855f2e7b62edc35171dff,
src_a2a762f9bb99bc9c5,vz_2021_q4,VZ,Verizon Communications Inc.,2021,Q4,audio,official_ir_webcast,https://www.verizon.com/about/investors,www.verizon.com,safe_to_download,true,true,false,false,Keith user-authorized acquisition for Signal Engine 2.0 assessment on 2026-05-24,Keith,2026-05-24T23:38:11+00:00,,,,sha256:6fdf1cfb8ff8bc565eafa149d439c716888a0007bea3dcbcce57b7fe4128efaf,
src_6534ebe2d817978c9,ibm_2021_q4,IBM,International Business Machines Corporation,2021,Q4,transcript,official_ir_transcript,https://www.ibm.com/investor,www.ibm.com,safe_to_download,true,true,false,false,Keith user-authorized acquisition for Signal Engine 2.0 assessment on 2026-05-24,Keith,2026-05-24T23:38:11+00:00,,,,sha256:937a3feef0bcd044d62bb2400ca020164e1b6ccd64802e54000d71e3e57479a9,
src_c7a14419fa187ab8f,ibm_2021_q4,IBM,International Business Machines Corporation,2021,Q4,audio,official_ir_webcast,https://www.ibm.com/investor,www.ibm.com,safe_to_download,true,true,false,false,Keith user-authorized acquisition for Signal Engine 2.0 assessment on 2026-05-24,Keith,2026-05-24T23:38:11+00:00,,,,sha256:11b1b7dbf88ce4d27b235b20dbd1e781ebe0d641df4e2e67db35424282007264,
src_16e19ff0d93d32954,orcl_2021_q4,ORCL,Oracle Corporation,2021,Q4,transcript,official_ir_transcript,https://investor.oracle.com/,investor.oracle.com,safe_to_download,true,true,false,false,Keith user-authorized acquisition for Signal Engine 2.0 assessment on 2026-05-24,Keith,2026-05-24T23:38:11+00:00,,,,sha256:2041710edab8727f2803955ca499ee3f7244a13d1e85b051f2d3220f5d4eaa43,
src_52645b92e60aec347,orcl_2021_q4,ORCL,Oracle Corporation,2021,Q4,audio,official_ir_webcast,https://investor.oracle.com/,investor.oracle.com,safe_to_download,true,true,false,false,Keith user-authorized acquisition for Signal Engine 2.0 assessment on 2026-05-24,Keith,2026-05-24T23:38:11+00:00,,,,sha256:9843ad16837cfa9d8b9eca3b9741b82c7ba45ce2ee124fa2a3f9e6db458a7096,
src_930299cab47026622,crm_2021_q4,CRM,"Salesforce, Inc.",2021,Q4,transcript,official_ir_transcript,https://investor.salesforce.com/,investor.salesforce.com,safe_to_download,true,true,false,false,Keith user-authorized acquisition for Signal Engine 2.0 assessment on 2026-05-24,Keith,2026-05-24T23:38:11+00:00,,,,sha256:18193f6b787bec0c39d22ba995ef27f94dc7df095aa9583df31f70ab83252280,
src_a11d91c1180044d18,crm_2021_q4,CRM,"Salesforce, Inc.",2021,Q4,audio,official_ir_webcast,https://investor.salesforce.com/,investor.salesforce.com,safe_to_download,true,true,false,false,Keith user-authorized acquisition for Signal Engine 2.0 assessment on 2026-05-24,Keith,2026-05-24T23:38:11+00:00,,,,sha256:92085b2a098b575f245ec7dc0dd41e456908b1bbd64c744ef6950c488a5c26fd,
src_8cc36ef185c9041fe,now_2021_q4,NOW,"ServiceNow, Inc.",2021,Q4,transcript,official_ir_transcript,https://investors.servicenow.com/,investors.servicenow.com,safe_to_download,true,true,false,false,Keith user-authorized acquisition for Signal Engine 2.0 assessment on 2026-05-24,Keith,2026-05-24T23:38:11+00:00,,,,sha256:edc3b8fe788468b4cd213ac59788fe8e268241edf6867151097f226c86b8f1a4,
src_d9ecd2f5720b4d4b3,now_2021_q4,NOW,"ServiceNow, Inc.",2021,Q4,audio,official_ir_webcast,https://investors.servicenow.com/,investors.servicenow.com,safe_to_download,true,true,false,false,Keith user-authorized acquisition for Signal Engine 2.0 assessment on 2026-05-24,Keith,2026-05-24T23:38:11+00:00,,,,sha256:c49b59ee3264cbb2a2b6d5b91cf2652e10deaea78b431fe027f9e26d0bd84984,
src_e8637bc321e1a6f4d,acn_2021_q4,ACN,Accenture plc,2021,Q4,transcript,official_ir_transcript,https://investor.accenture.com/,investor.accenture.com,safe_to_download,true,true,false,false,Keith user-authorized acquisition for Signal Engine 2.0 assessment on 2026-05-24,Keith,2026-05-24T23:38:11+00:00,,,,sha256:14a83b059db5e94678e31b6458511a968103a95f9c7eb2df0e2db373bd083a88,
src_dcc58122f1e4a1bd1,acn_2021_q4,ACN,Accenture plc,2021,Q4,audio,official_ir_webcast,https://investor.accenture.com/,investor.accenture.com,safe_to_download,true,true,false,false,Keith user-authorized acquisition for Signal Engine 2.0 assessment on 2026-05-24,Keith,2026-05-24T23:38:11+00:00,,,,sha256:3cdaae82957805b5d3aa34e6ceeafe65805ec31c89237f0cd5e80e49ef6ec606,
src_82a45c739289c3f7f,dell_2021_q4,DELL,Dell Technologies Inc.,2021,Q4,transcript,official_ir_transcript,https://investors.delltechnologies.com/,investors.delltechnologies.com,safe_to_download,true,true,false,false,Keith user-authorized acquisition for Signal Engine 2.0 assessment on 2026-05-24,Keith,2026-05-24T23:38:11+00:00,,,,sha256:f0a6442742420fce19bb8611b5adb59062feb67590d85ca0e099011fdb7e73c1,
src_9e77678fdd27feb9d,dell_2021_q4,DELL,Dell Technologies Inc.,2021,Q4,audio,official_ir_webcast,https://investors.delltechnologies.com/,investors.delltechnologies.com,safe_to_download,true,true,false,false,Keith user-authorized acquisition for Signal Engine 2.0 assessment on 2026-05-24,Keith,2026-05-24T23:38:11+00:00,,,,sha256:55f14ea03a1e4563893dfe6a5879f5d6f105f5f7e11891c3674c889536756e67,
src_875af64ca6fcd0609,hpq_2021_q4,HPQ,HP Inc.,2021,Q4,transcript,official_ir_transcript,https://investor.hp.com/,investor.hp.com,safe_to_download,true,true,false,false,Keith user-authorized acquisition for Signal Engine 2.0 assessment on 2026-05-24,Keith,2026-05-24T23:38:11+00:00,,,,sha256:cae7134021b9761d19e973e982d2b856b505f239a99cbd7a715c2b089b13261f,
src_6a02088c49310937a,hpq_2021_q4,HPQ,HP Inc.,2021,Q4,audio,official_ir_webcast,https://investor.hp.com/,investor.hp.com,safe_to_download,true,true,false,false,Keith user-authorized acquisition for Signal Engine 2.0 assessment on 2026-05-24,Keith,2026-05-24T23:38:11+00:00,,,,sha256:2d8d1be716d1cade42afc382a71fca369d1e952bb8600aa0b91c33bfa588fc4d,
src_82eced744418ce03a,net_2021_q4,NET,"Cloudflare, Inc.",2021,Q4,transcript,official_ir_transcript,https://cloudflare.net/news-and-events/events-and-presentations,cloudflare.net,safe_to_download,true,true,false,false,Keith user-authorized acquisition for Signal Engine 2.0 assessment on 2026-05-24,Keith,2026-05-24T23:38:11+00:00,,,,sha256:a961fa4873a55230e45bedfdbdc1c0c3936d9e22c35796de336e81d5573b4fa5,
src_a39e9f66069bcb560,net_2021_q4,NET,"Cloudflare, Inc.",2021,Q4,audio,official_ir_webcast,https://cloudflare.net/news-and-events/events-and-presentations,cloudflare.net,safe_to_download,true,true,false,false,Keith user-authorized acquisition for Signal Engine 2.0 assessment on 2026-05-24,Keith,2026-05-24T23:38:11+00:00,,,,sha256:8f6ee6dd2c628f67c0f5a1400d27047caab3c18c7d4c9f101e5e3c529d5b2a98,
src_e2328d2bc80bfaf9d,snow_2021_q4,SNOW,Snowflake Inc.,2021,Q4,transcript,official_ir_transcript,https://investors.snowflake.com/,investors.snowflake.com,safe_to_download,true,true,false,false,Keith user-authorized acquisition for Signal Engine 2.0 assessment on 2026-05-24,Keith,2026-05-24T23:38:11+00:00,,,,sha256:90fc6a5ccd585821bb193b900c671d914f2df21d89a736db6134cfb3a20066fa,
src_7578caf4cf66792a6,snow_2021_q4,SNOW,Snowflake Inc.,2021,Q4,audio,official_ir_webcast,https://investors.snowflake.com/,investors.snowflake.com,safe_to_download,true,true,false,false,Keith user-authorized acquisition for Signal Engine 2.0 assessment on 2026-05-24,Keith,2026-05-24T23:38:11+00:00,,,,sha256:d0807c78d72893108e9400b374ee03574cd1a3d5a90b0acc8d87ebc624cd17f8,
