candidate_id,case_id,ticker,company_name,fiscal_period,event_date,asset_type,source_type,source_url,resolved_asset_url,asset_url_domain,file_ext,content_type_hint,confidence,confidence_reason,rights_status,download_allowed,approval_ref,license_config_ref,blocked_reason,next_action,provenance_hash
346ba6899426e2d6,jpm_2025_q4,JPM,JPMorgan Chase & Co.,2025 Q4,2025-12-31,sec_exhibit,sec_edgar,https://data.sec.gov/submissions/CIK0000000000.json,https://data.sec.gov/submissions/CIK0000000000.json,data.sec.gov,.json,,0.50,SEC EDGAR metadata provider always available,metadata_only,false,user_authorized_project_assessment_public_direct,,,resolve_sec_exhibits,sha256:4fe6f69a16f339105d81e54ff110d7f1e0b1f7236f22b3b4add17bd9378179c9
5cd6cca1ca7eabf0,bac_2025_q4,BAC,Bank of America Corporation,2025 Q4,2025-12-31,sec_exhibit,sec_edgar,https://data.sec.gov/submissions/CIK0000000000.json,https://data.sec.gov/submissions/CIK0000000000.json,data.sec.gov,.json,,0.50,SEC EDGAR metadata provider always available,metadata_only,false,user_authorized_project_assessment_public_direct,,,resolve_sec_exhibits,sha256:5024c28017fbf3d9de58fb88227edf3900ef8c0ef96ca43f6dcfb06854ef0e83
2ff3de56db10b399,c_2025_q4,C,Citigroup Inc.,2025 Q4,2025-12-31,sec_exhibit,sec_edgar,https://data.sec.gov/submissions/CIK0000000000.json,https://data.sec.gov/submissions/CIK0000000000.json,data.sec.gov,.json,,0.50,SEC EDGAR metadata provider always available,metadata_only,false,user_authorized_project_assessment_public_direct,,,resolve_sec_exhibits,sha256:1d10f36257e498918b7be2003d76955aa7baf675556746433d443719d4debb82
c55949c10adc253d,wfc_2025_q4,WFC,Wells Fargo & Company,2025 Q4,2025-12-31,sec_exhibit,sec_edgar,https://data.sec.gov/submissions/CIK0000000000.json,https://data.sec.gov/submissions/CIK0000000000.json,data.sec.gov,.json,,0.50,SEC EDGAR metadata provider always available,metadata_only,false,user_authorized_project_assessment_public_direct,,,resolve_sec_exhibits,sha256:ffd98b351504e2eb91dde8ae7f851b6672eb4740001bda2ec4988a8cd705d25b
ef9eae372fa32f02,gs_2025_q4,GS,"The Goldman Sachs Group, Inc.",2025 Q4,2025-12-31,sec_exhibit,sec_edgar,https://data.sec.gov/submissions/CIK0000000000.json,https://data.sec.gov/submissions/CIK0000000000.json,data.sec.gov,.json,,0.50,SEC EDGAR metadata provider always available,metadata_only,false,user_authorized_project_assessment_public_direct,,,resolve_sec_exhibits,sha256:d047d83a018df338d63acf01e48eafbbd7bf3efc2c29db47333d2c690a7d40c2
b1248dd3e2074a5c,ms_2025_q4,MS,Morgan Stanley,2025 Q4,2025-12-31,sec_exhibit,sec_edgar,https://data.sec.gov/submissions/CIK0000000000.json,https://data.sec.gov/submissions/CIK0000000000.json,data.sec.gov,.json,,0.50,SEC EDGAR metadata provider always available,metadata_only,false,user_authorized_project_assessment_public_direct,,,resolve_sec_exhibits,sha256:921988dbeda88012ccac668313f37c819f1a26706e17c991e2e828177ab0af61
725e9b8b58ae3037,bk_2025_q4,BK,The Bank of New York Mellon Corporation,2025 Q4,2025-12-31,sec_exhibit,sec_edgar,https://data.sec.gov/submissions/CIK0000000000.json,https://data.sec.gov/submissions/CIK0000000000.json,data.sec.gov,.json,,0.50,SEC EDGAR metadata provider always available,metadata_only,false,user_authorized_project_assessment_public_direct,,,resolve_sec_exhibits,sha256:9f5d93132e755750b0aa4a7849233e19a4e06d37c049c898d327f550e9a0314c
a6f57049b41b4518,stt_2025_q4,STT,State Street Corporation,2025 Q4,2025-12-31,sec_exhibit,sec_edgar,https://data.sec.gov/submissions/CIK0000000000.json,https://data.sec.gov/submissions/CIK0000000000.json,data.sec.gov,.json,,0.50,SEC EDGAR metadata provider always available,metadata_only,false,user_authorized_project_assessment_public_direct,,,resolve_sec_exhibits,sha256:8bf07fbe13fd6ac709386dab443bf65f25670a9b0d8dc0a4e095b4bb662936ed
069cad971a5b251e,usb_2025_q4,USB,U.S. Bancorp,2025 Q4,2025-12-31,sec_exhibit,sec_edgar,https://data.sec.gov/submissions/CIK0000000000.json,https://data.sec.gov/submissions/CIK0000000000.json,data.sec.gov,.json,,0.50,SEC EDGAR metadata provider always available,metadata_only,false,user_authorized_project_assessment_public_direct,,,resolve_sec_exhibits,sha256:e08f83fc30e2074a9d97a9f9df98c947631994bcb65029b89ee3dbd1d0c0304c
be9a3010a9600274,pnc_2025_q4,PNC,"The PNC Financial Services Group, Inc.",2025 Q4,2025-12-31,sec_exhibit,sec_edgar,https://data.sec.gov/submissions/CIK0000000000.json,https://data.sec.gov/submissions/CIK0000000000.json,data.sec.gov,.json,,0.50,SEC EDGAR metadata provider always available,metadata_only,false,user_authorized_project_assessment_public_direct,,,resolve_sec_exhibits,sha256:0edac338b46e6faf8a6cd9c243d9b0fe736a395abda35c54a447a49ad3211075
988a7370d78dcddb,tfc_2025_q4,TFC,Truist Financial Corporation,2025 Q4,2025-12-31,sec_exhibit,sec_edgar,https://data.sec.gov/submissions/CIK0000000000.json,https://data.sec.gov/submissions/CIK0000000000.json,data.sec.gov,.json,,0.50,SEC EDGAR metadata provider always available,metadata_only,false,user_authorized_project_assessment_public_direct,,,resolve_sec_exhibits,sha256:3631b32f4b512099d0c2a295b5073ec7dd316250859ed49c1eac933aaffd9e76
556eccbaab1687cc,cof_2025_q4,COF,Capital One Financial Corporation,2025 Q4,2025-12-31,sec_exhibit,sec_edgar,https://data.sec.gov/submissions/CIK0000000000.json,https://data.sec.gov/submissions/CIK0000000000.json,data.sec.gov,.json,,0.50,SEC EDGAR metadata provider always available,metadata_only,false,user_authorized_project_assessment_public_direct,,,resolve_sec_exhibits,sha256:13e41f650eedfd35787046e17160d81e91dde94a665eb6edd4a9d31a987d2e41
f28d4ed884f632d3,axp_2025_q4,AXP,American Express Company,2025 Q4,2025-12-31,sec_exhibit,sec_edgar,https://data.sec.gov/submissions/CIK0000000000.json,https://data.sec.gov/submissions/CIK0000000000.json,data.sec.gov,.json,,0.50,SEC EDGAR metadata provider always available,metadata_only,false,user_authorized_project_assessment_public_direct,,,resolve_sec_exhibits,sha256:c6e12dd7dd1c9a1f91cc1722981e7b4c86bc9030bcce26da7854a160b6c7756f
847d49ec5bfe81cf,v_2025_q4,V,Visa Inc.,2025 Q4,2025-12-31,sec_exhibit,sec_edgar,https://data.sec.gov/submissions/CIK0000000000.json,https://data.sec.gov/submissions/CIK0000000000.json,data.sec.gov,.json,,0.50,SEC EDGAR metadata provider always available,metadata_only,false,user_authorized_project_assessment_public_direct,,,resolve_sec_exhibits,sha256:5aa76ff3a57fb491f2ed07e4f8d4e4f0c5a9ab29f27ccd850aca237028994bfc
4366752f6ac94c75,ma_2025_q4,MA,Mastercard Incorporated,2025 Q4,2025-12-31,sec_exhibit,sec_edgar,https://data.sec.gov/submissions/CIK0000000000.json,https://data.sec.gov/submissions/CIK0000000000.json,data.sec.gov,.json,,0.50,SEC EDGAR metadata provider always available,metadata_only,false,user_authorized_project_assessment_public_direct,,,resolve_sec_exhibits,sha256:01503e92712d462073be4f2f51888e5d1ff8a961ed45c4928871720ebce9035c
92ceff45ea9ddc2d,fis_2025_q4,FIS,"Fidelity National Information Services, Inc.",2025 Q4,2025-12-31,sec_exhibit,sec_edgar,https://data.sec.gov/submissions/CIK0000000000.json,https://data.sec.gov/submissions/CIK0000000000.json,data.sec.gov,.json,,0.50,SEC EDGAR metadata provider always available,metadata_only,false,user_authorized_project_assessment_public_direct,,,resolve_sec_exhibits,sha256:5cc45888de1c5485052b7692505b84b581ab6b4ead4b480a054edec98c01a713
06c49a323e573222,gpn_2025_q4,GPN,Global Payments Inc.,2025 Q4,2025-12-31,sec_exhibit,sec_edgar,https://data.sec.gov/submissions/CIK0000000000.json,https://data.sec.gov/submissions/CIK0000000000.json,data.sec.gov,.json,,0.50,SEC EDGAR metadata provider always available,metadata_only,false,user_authorized_project_assessment_public_direct,,,resolve_sec_exhibits,sha256:2e7e98ed364e55907e031039e7ad51d5ba7e600144d1a7bfd24f8dad0f459779
e6a14b5ca8610dfc,blk_2025_q4,BLK,"BlackRock, Inc.",2025 Q4,2025-12-31,sec_exhibit,sec_edgar,https://data.sec.gov/submissions/CIK0000000000.json,https://data.sec.gov/submissions/CIK0000000000.json,data.sec.gov,.json,,0.50,SEC EDGAR metadata provider always available,metadata_only,false,user_authorized_project_assessment_public_direct,,,resolve_sec_exhibits,sha256:3c86897faa3b4d577e14af2e3ff9463da7cd0eb04febb7546af8ac1406dd6bdf
1ea6f22759326961,bx_2025_q4,BX,Blackstone Inc.,2025 Q4,2025-12-31,sec_exhibit,sec_edgar,https://data.sec.gov/submissions/CIK0000000000.json,https://data.sec.gov/submissions/CIK0000000000.json,data.sec.gov,.json,,0.50,SEC EDGAR metadata provider always available,metadata_only,false,user_authorized_project_assessment_public_direct,,,resolve_sec_exhibits,sha256:e31179e1484af64f7d387f3349523b20ae4a0cb513b9daa142772e9a0382b74f
8b37d3c7be20195b,schw_2025_q4,SCHW,The Charles Schwab Corporation,2025 Q4,2025-12-31,sec_exhibit,sec_edgar,https://data.sec.gov/submissions/CIK0000000000.json,https://data.sec.gov/submissions/CIK0000000000.json,data.sec.gov,.json,,0.50,SEC EDGAR metadata provider always available,metadata_only,false,user_authorized_project_assessment_public_direct,,,resolve_sec_exhibits,sha256:bee0ffc9d453274ff753553db6732628946ea527b10d8bc9eda2fda2f36945d6
c0ae48f45df39415,ice_2025_q4,ICE,"Intercontinental Exchange, Inc.",2025 Q4,2025-12-31,sec_exhibit,sec_edgar,https://data.sec.gov/submissions/CIK0000000000.json,https://data.sec.gov/submissions/CIK0000000000.json,data.sec.gov,.json,,0.50,SEC EDGAR metadata provider always available,metadata_only,false,user_authorized_project_assessment_public_direct,,,resolve_sec_exhibits,sha256:30261005de1b34a682965a255ea8f684447f9ab9a2a7d6628bdf56b3ed0f2fa2
74fdfc4393f16be2,spgi_2025_q4,SPGI,S&P Global Inc.,2025 Q4,2025-12-31,sec_exhibit,sec_edgar,https://data.sec.gov/submissions/CIK0000000000.json,https://data.sec.gov/submissions/CIK0000000000.json,data.sec.gov,.json,,0.50,SEC EDGAR metadata provider always available,metadata_only,false,user_authorized_project_assessment_public_direct,,,resolve_sec_exhibits,sha256:ea32e94212cbc7e65d2efbd97db37c6e499593cf79df0da62d5bf9596fe6210e
52f5df98c768a110,mco_2025_q4,MCO,Moody's Corporation,2025 Q4,2025-12-31,sec_exhibit,sec_edgar,https://data.sec.gov/submissions/CIK0000000000.json,https://data.sec.gov/submissions/CIK0000000000.json,data.sec.gov,.json,,0.50,SEC EDGAR metadata provider always available,metadata_only,false,user_authorized_project_assessment_public_direct,,,resolve_sec_exhibits,sha256:8feea66f75df513b7bdaf369c9915ef1c96276ad9808c9e52931c4eb7738ddbf
96b01b4755ba24e8,aon_2025_q4,AON,Aon plc,2025 Q4,2025-12-31,sec_exhibit,sec_edgar,https://data.sec.gov/submissions/CIK0000000000.json,https://data.sec.gov/submissions/CIK0000000000.json,data.sec.gov,.json,,0.50,SEC EDGAR metadata provider always available,metadata_only,false,user_authorized_project_assessment_public_direct,,,resolve_sec_exhibits,sha256:8cfe12a7b7d1d4532d87e59c83a8b3e8286f71d43977188ad268929ce86c5b4e
15c78a15ebd49694,aig_2025_q4,AIG,"American International Group, Inc.",2025 Q4,2025-12-31,sec_exhibit,sec_edgar,https://data.sec.gov/submissions/CIK0000000000.json,https://data.sec.gov/submissions/CIK0000000000.json,data.sec.gov,.json,,0.50,SEC EDGAR metadata provider always available,metadata_only,false,user_authorized_project_assessment_public_direct,,,resolve_sec_exhibits,sha256:b4bdab2887eec926b56ac8ae6750ce606ef80d52dc457c86f096f29092e42ab2
1ea3c8dbe7012d74,met_2025_q4,MET,"MetLife, Inc.",2025 Q4,2025-12-31,sec_exhibit,sec_edgar,https://data.sec.gov/submissions/CIK0000000000.json,https://data.sec.gov/submissions/CIK0000000000.json,data.sec.gov,.json,,0.50,SEC EDGAR metadata provider always available,metadata_only,false,user_authorized_project_assessment_public_direct,,,resolve_sec_exhibits,sha256:cf7b7f97153f2f0c61cf7f4adf1b0222ddd347dca5311ac6a408377a5d454112
55d17e6ea8a035da,pru_2025_q4,PRU,"Prudential Financial, Inc.",2025 Q4,2025-12-31,sec_exhibit,sec_edgar,https://data.sec.gov/submissions/CIK0000000000.json,https://data.sec.gov/submissions/CIK0000000000.json,data.sec.gov,.json,,0.50,SEC EDGAR metadata provider always available,metadata_only,false,user_authorized_project_assessment_public_direct,,,resolve_sec_exhibits,sha256:8ddf15abc779beac0f2f6bbff27002a8572b6079dced419e5ed55c313dd7f06e
a2f5178b7637a8c4,trv_2025_q4,TRV,"The Travelers Companies, Inc.",2025 Q4,2025-12-31,sec_exhibit,sec_edgar,https://data.sec.gov/submissions/CIK0000000000.json,https://data.sec.gov/submissions/CIK0000000000.json,data.sec.gov,.json,,0.50,SEC EDGAR metadata provider always available,metadata_only,false,user_authorized_project_assessment_public_direct,,,resolve_sec_exhibits,sha256:a7819c7da156f4d4900d5687b2af56d90f90136156c6b50407769f5dc7e63cee
91224cdbe7ed1cb1,cb_2025_q4,CB,Chubb Limited,2025 Q4,2025-12-31,sec_exhibit,sec_edgar,https://data.sec.gov/submissions/CIK0000000000.json,https://data.sec.gov/submissions/CIK0000000000.json,data.sec.gov,.json,,0.50,SEC EDGAR metadata provider always available,metadata_only,false,user_authorized_project_assessment_public_direct,,,resolve_sec_exhibits,sha256:29667e120e511788bda94b40ca21a703424a621e80f2ea95f10f4c6526440092
152a23312f835e54,jnj_2025_q4,JNJ,Johnson & Johnson,2025 Q4,2025-12-31,sec_exhibit,sec_edgar,https://data.sec.gov/submissions/CIK0000000000.json,https://data.sec.gov/submissions/CIK0000000000.json,data.sec.gov,.json,,0.50,SEC EDGAR metadata provider always available,metadata_only,false,user_authorized_project_assessment_public_direct,,,resolve_sec_exhibits,sha256:cd2d51c0d2e511c67a07dcc3527fe1460deba6ffe65c2dd10dd56348f4c545d2
1664dfc40b77a8fd,lly_2025_q4,LLY,Eli Lilly and Company,2025 Q4,2025-12-31,sec_exhibit,sec_edgar,https://data.sec.gov/submissions/CIK0000000000.json,https://data.sec.gov/submissions/CIK0000000000.json,data.sec.gov,.json,,0.50,SEC EDGAR metadata provider always available,metadata_only,false,user_authorized_project_assessment_public_direct,,,resolve_sec_exhibits,sha256:37c18b9d75f0fa8f3e1382650524eddf152f2d732f51f0a4b5b3f02370cd72a3
1ce40f6df9a68f08,mrk_2025_q4,MRK,"Merck & Co., Inc.",2025 Q4,2025-12-31,sec_exhibit,sec_edgar,https://data.sec.gov/submissions/CIK0000000000.json,https://data.sec.gov/submissions/CIK0000000000.json,data.sec.gov,.json,,0.50,SEC EDGAR metadata provider always available,metadata_only,false,user_authorized_project_assessment_public_direct,,,resolve_sec_exhibits,sha256:4e11b6712f7b671e74ef42dcf4674523f28322bb478f88554f6f5a9eb10cf727
acb2b2a0af3d5780,pfe_2025_q4,PFE,Pfizer Inc.,2025 Q4,2025-12-31,sec_exhibit,sec_edgar,https://data.sec.gov/submissions/CIK0000000000.json,https://data.sec.gov/submissions/CIK0000000000.json,data.sec.gov,.json,,0.50,SEC EDGAR metadata provider always available,metadata_only,false,user_authorized_project_assessment_public_direct,,,resolve_sec_exhibits,sha256:5bcc88d4f94dd7230876326d9e01e4bfc01fbd2cb7aa712973874a9e44e8ea29
3b7cc59571d80807,unh_2025_q4,UNH,UnitedHealth Group Incorporated,2025 Q4,2025-12-31,sec_exhibit,sec_edgar,https://data.sec.gov/submissions/CIK0000000000.json,https://data.sec.gov/submissions/CIK0000000000.json,data.sec.gov,.json,,0.50,SEC EDGAR metadata provider always available,metadata_only,false,user_authorized_project_assessment_public_direct,,,resolve_sec_exhibits,sha256:10ba8729ec492bfe0093baaebb62777f2e79e0fc879ff31756188dddd97a22cf
8260d287478dc690,cvs_2025_q4,CVS,CVS Health Corporation,2025 Q4,2025-12-31,sec_exhibit,sec_edgar,https://data.sec.gov/submissions/CIK0000000000.json,https://data.sec.gov/submissions/CIK0000000000.json,data.sec.gov,.json,,0.50,SEC EDGAR metadata provider always available,metadata_only,false,user_authorized_project_assessment_public_direct,,,resolve_sec_exhibits,sha256:09dd7dce52ed264ac3373f7e986e95606bfdeef26920d512cacee419e93c0c27
a01beff633694e1d,abt_2025_q4,ABT,Abbott Laboratories,2025 Q4,2025-12-31,sec_exhibit,sec_edgar,https://data.sec.gov/submissions/CIK0000000000.json,https://data.sec.gov/submissions/CIK0000000000.json,data.sec.gov,.json,,0.50,SEC EDGAR metadata provider always available,metadata_only,false,user_authorized_project_assessment_public_direct,,,resolve_sec_exhibits,sha256:b6370d4aaeb19d00be7281aa4c87abb3a49b6380abb053ae4bfb1d89b25a698c
5f5606cefb6d0ee1,bmy_2025_q4,BMY,Bristol Myers Squibb Company,2025 Q4,2025-12-31,sec_exhibit,sec_edgar,https://data.sec.gov/submissions/CIK0000000000.json,https://data.sec.gov/submissions/CIK0000000000.json,data.sec.gov,.json,,0.50,SEC EDGAR metadata provider always available,metadata_only,false,user_authorized_project_assessment_public_direct,,,resolve_sec_exhibits,sha256:92e915d8f734a855026754905762e3af80cdd7cdb420b2f0aac044100374a09a
a9d867a8d9863602,mdt_2025_q4,MDT,Medtronic plc,2025 Q4,2025-12-31,sec_exhibit,sec_edgar,https://data.sec.gov/submissions/CIK0000000000.json,https://data.sec.gov/submissions/CIK0000000000.json,data.sec.gov,.json,,0.50,SEC EDGAR metadata provider always available,metadata_only,false,user_authorized_project_assessment_public_direct,,,resolve_sec_exhibits,sha256:140c952de6e1bf6296ca6a9be3b10b1fd608f080d8fa0f3239f8722b79ae76f0
80582eb261cf2fee,tmo_2025_q4,TMO,Thermo Fisher Scientific Inc.,2025 Q4,2025-12-31,sec_exhibit,sec_edgar,https://data.sec.gov/submissions/CIK0000000000.json,https://data.sec.gov/submissions/CIK0000000000.json,data.sec.gov,.json,,0.50,SEC EDGAR metadata provider always available,metadata_only,false,user_authorized_project_assessment_public_direct,,,resolve_sec_exhibits,sha256:2194a1f1245d5c2fd584488de8d6882e6dcc726a86e3e748bc4aff7ccd6b8eb8
cf0d61140c3e1858,dhr_2025_q4,DHR,Danaher Corporation,2025 Q4,2025-12-31,sec_exhibit,sec_edgar,https://data.sec.gov/submissions/CIK0000000000.json,https://data.sec.gov/submissions/CIK0000000000.json,data.sec.gov,.json,,0.50,SEC EDGAR metadata provider always available,metadata_only,false,user_authorized_project_assessment_public_direct,,,resolve_sec_exhibits,sha256:ac960a453369a4d425574911ac719f8f6d6b30240ffb8ea248b66a14286f8337
3d6e066ad8c77ffc,bdx_2025_q4,BDX,"Becton, Dickinson and Company",2025 Q4,2025-12-31,sec_exhibit,sec_edgar,https://data.sec.gov/submissions/CIK0000000000.json,https://data.sec.gov/submissions/CIK0000000000.json,data.sec.gov,.json,,0.50,SEC EDGAR metadata provider always available,metadata_only,false,user_authorized_project_assessment_public_direct,,,resolve_sec_exhibits,sha256:9f46e336c4eaca6fa844ce3507f440faa577639fea08fd364d9939b74a54aedd
f5bc64c0f9a780b4,ci_2025_q4,CI,The Cigna Group,2025 Q4,2025-12-31,sec_exhibit,sec_edgar,https://data.sec.gov/submissions/CIK0000000000.json,https://data.sec.gov/submissions/CIK0000000000.json,data.sec.gov,.json,,0.50,SEC EDGAR metadata provider always available,metadata_only,false,user_authorized_project_assessment_public_direct,,,resolve_sec_exhibits,sha256:bd727c60a9f92e3e2774b044b3a430e9efbee636288ae1c46a7ae9cec2d3f94e
ca38fb185eafe786,hca_2025_q4,HCA,"HCA Healthcare, Inc.",2025 Q4,2025-12-31,sec_exhibit,sec_edgar,https://data.sec.gov/submissions/CIK0000000000.json,https://data.sec.gov/submissions/CIK0000000000.json,data.sec.gov,.json,,0.50,SEC EDGAR metadata provider always available,metadata_only,false,user_authorized_project_assessment_public_direct,,,resolve_sec_exhibits,sha256:48d6f41e486a31a5026c3847cb14880653a589af15912e66aa6c83f62a51a74f
2423f009edfd7393,syk_2025_q4,SYK,Stryker Corporation,2025 Q4,2025-12-31,sec_exhibit,sec_edgar,https://data.sec.gov/submissions/CIK0000000000.json,https://data.sec.gov/submissions/CIK0000000000.json,data.sec.gov,.json,,0.50,SEC EDGAR metadata provider always available,metadata_only,false,user_authorized_project_assessment_public_direct,,,resolve_sec_exhibits,sha256:f13efb6855951098677f06773e357fcb3d6f98d1659718ef7fc621a3ed2b98f3
7ec5110fc20e9152,xom_2025_q4,XOM,Exxon Mobil Corporation,2025 Q4,2025-12-31,sec_exhibit,sec_edgar,https://data.sec.gov/submissions/CIK0000000000.json,https://data.sec.gov/submissions/CIK0000000000.json,data.sec.gov,.json,,0.50,SEC EDGAR metadata provider always available,metadata_only,false,user_authorized_project_assessment_public_direct,,,resolve_sec_exhibits,sha256:bde96920438e98182d8f5d95780253709ce67b82368566524974d31925a219be
95ccace4da43b333,cvx_2025_q4,CVX,Chevron Corporation,2025 Q4,2025-12-31,sec_exhibit,sec_edgar,https://data.sec.gov/submissions/CIK0000000000.json,https://data.sec.gov/submissions/CIK0000000000.json,data.sec.gov,.json,,0.50,SEC EDGAR metadata provider always available,metadata_only,false,user_authorized_project_assessment_public_direct,,,resolve_sec_exhibits,sha256:aad02dfe05fd88aaca818b7bcfa146a2309786d64bd13d17fe8203fdd4b58c33
00893efd0ad83ab4,cop_2025_q4,COP,ConocoPhillips,2025 Q4,2025-12-31,sec_exhibit,sec_edgar,https://data.sec.gov/submissions/CIK0000000000.json,https://data.sec.gov/submissions/CIK0000000000.json,data.sec.gov,.json,,0.50,SEC EDGAR metadata provider always available,metadata_only,false,user_authorized_project_assessment_public_direct,,,resolve_sec_exhibits,sha256:776dd42872e651f392a4b7a3e5bad7891e9234a7a9be82c413656ceba838929f
5ee3e323812bc0e5,slb_2025_q4,SLB,SLB,2025 Q4,2025-12-31,sec_exhibit,sec_edgar,https://data.sec.gov/submissions/CIK0000000000.json,https://data.sec.gov/submissions/CIK0000000000.json,data.sec.gov,.json,,0.50,SEC EDGAR metadata provider always available,metadata_only,false,user_authorized_project_assessment_public_direct,,,resolve_sec_exhibits,sha256:a43d1d68a4afe95a570bc1eec9b96fe3f428d76a30068a112964090e1adc8c6f
901b10c89d9f897d,hal_2025_q4,HAL,Halliburton Company,2025 Q4,2025-12-31,sec_exhibit,sec_edgar,https://data.sec.gov/submissions/CIK0000000000.json,https://data.sec.gov/submissions/CIK0000000000.json,data.sec.gov,.json,,0.50,SEC EDGAR metadata provider always available,metadata_only,false,user_authorized_project_assessment_public_direct,,,resolve_sec_exhibits,sha256:cdca56792d82d26157fe67e9588adb4f4691ff7f1f533b2ee4062bd6e2bd9384
c0ac426fdc7fd263,eog_2025_q4,EOG,"EOG Resources, Inc.",2025 Q4,2025-12-31,sec_exhibit,sec_edgar,https://data.sec.gov/submissions/CIK0000000000.json,https://data.sec.gov/submissions/CIK0000000000.json,data.sec.gov,.json,,0.50,SEC EDGAR metadata provider always available,metadata_only,false,user_authorized_project_assessment_public_direct,,,resolve_sec_exhibits,sha256:b6b89dac1d41f4e57b5453c23e99ffce8cc7c6c1e808170aadbf36cd1d6eee21
0bf1decdd078b7c9,oxy_2025_q4,OXY,Occidental Petroleum Corporation,2025 Q4,2025-12-31,sec_exhibit,sec_edgar,https://data.sec.gov/submissions/CIK0000000000.json,https://data.sec.gov/submissions/CIK0000000000.json,data.sec.gov,.json,,0.50,SEC EDGAR metadata provider always available,metadata_only,false,user_authorized_project_assessment_public_direct,,,resolve_sec_exhibits,sha256:c3c862deffa20fd2eb596207ce40b58c73477b0b4ad725f2dc78ac90bab9865a
cde239cacadccc18,mpc_2025_q4,MPC,Marathon Petroleum Corporation,2025 Q4,2025-12-31,sec_exhibit,sec_edgar,https://data.sec.gov/submissions/CIK0000000000.json,https://data.sec.gov/submissions/CIK0000000000.json,data.sec.gov,.json,,0.50,SEC EDGAR metadata provider always available,metadata_only,false,user_authorized_project_assessment_public_direct,,,resolve_sec_exhibits,sha256:2bf302cad9b2d0d228acfc30974980f493e08710059ca10d4cdd708a4be17165
5c322ffe861908b5,psx_2025_q4,PSX,Phillips 66,2025 Q4,2025-12-31,sec_exhibit,sec_edgar,https://data.sec.gov/submissions/CIK0000000000.json,https://data.sec.gov/submissions/CIK0000000000.json,data.sec.gov,.json,,0.50,SEC EDGAR metadata provider always available,metadata_only,false,user_authorized_project_assessment_public_direct,,,resolve_sec_exhibits,sha256:a013191fd807a1878479183c1923512c7a79a8a896b03a32f3238f54b6723668
c5ab2174db76d80a,vlo_2025_q4,VLO,Valero Energy Corporation,2025 Q4,2025-12-31,sec_exhibit,sec_edgar,https://data.sec.gov/submissions/CIK0000000000.json,https://data.sec.gov/submissions/CIK0000000000.json,data.sec.gov,.json,,0.50,SEC EDGAR metadata provider always available,metadata_only,false,user_authorized_project_assessment_public_direct,,,resolve_sec_exhibits,sha256:9dd1c4470c964b6de818a8dc805e22cb6d534fce25a75deffecbb979fb3ae307
af7efd38808c5208,ba_2025_q4,BA,The Boeing Company,2025 Q4,2025-12-31,sec_exhibit,sec_edgar,https://data.sec.gov/submissions/CIK0000000000.json,https://data.sec.gov/submissions/CIK0000000000.json,data.sec.gov,.json,,0.50,SEC EDGAR metadata provider always available,metadata_only,false,user_authorized_project_assessment_public_direct,,,resolve_sec_exhibits,sha256:eb5541f2b8e2cda286aba8b966a67d07c96ef3b303922bc901aa6415e25a80f8
c587a932e97e852a,rtx_2025_q4,RTX,RTX Corporation,2025 Q4,2025-12-31,sec_exhibit,sec_edgar,https://data.sec.gov/submissions/CIK0000000000.json,https://data.sec.gov/submissions/CIK0000000000.json,data.sec.gov,.json,,0.50,SEC EDGAR metadata provider always available,metadata_only,false,user_authorized_project_assessment_public_direct,,,resolve_sec_exhibits,sha256:f9238c5d6de70309e374c9ad2ea3d522bd31f1f90d7cee3b8772f256427c8098
8bd31d2864a3406d,lmt_2025_q4,LMT,Lockheed Martin Corporation,2025 Q4,2025-12-31,sec_exhibit,sec_edgar,https://data.sec.gov/submissions/CIK0000000000.json,https://data.sec.gov/submissions/CIK0000000000.json,data.sec.gov,.json,,0.50,SEC EDGAR metadata provider always available,metadata_only,false,user_authorized_project_assessment_public_direct,,,resolve_sec_exhibits,sha256:210f54e8151a2b129a8aa57fbe5a8f84f248d0fecfc55980893befb831794678
40be03490b6a27d7,noc_2025_q4,NOC,Northrop Grumman Corporation,2025 Q4,2025-12-31,sec_exhibit,sec_edgar,https://data.sec.gov/submissions/CIK0000000000.json,https://data.sec.gov/submissions/CIK0000000000.json,data.sec.gov,.json,,0.50,SEC EDGAR metadata provider always available,metadata_only,false,user_authorized_project_assessment_public_direct,,,resolve_sec_exhibits,sha256:0f793d5716d18a275e455f641ad5de7be75f1bba78afd6707b13447f3137f70e
e2df353b57e8c9ea,gd_2025_q4,GD,General Dynamics Corporation,2025 Q4,2025-12-31,sec_exhibit,sec_edgar,https://data.sec.gov/submissions/CIK0000000000.json,https://data.sec.gov/submissions/CIK0000000000.json,data.sec.gov,.json,,0.50,SEC EDGAR metadata provider always available,metadata_only,false,user_authorized_project_assessment_public_direct,,,resolve_sec_exhibits,sha256:6a8ec32edaa31e9ca3fa8898047d31ec70eb225b50d8d770e63b87020b5efe05
4362755ccad775ec,cat_2025_q4,CAT,Caterpillar Inc.,2025 Q4,2025-12-31,sec_exhibit,sec_edgar,https://data.sec.gov/submissions/CIK0000000000.json,https://data.sec.gov/submissions/CIK0000000000.json,data.sec.gov,.json,,0.50,SEC EDGAR metadata provider always available,metadata_only,false,user_authorized_project_assessment_public_direct,,,resolve_sec_exhibits,sha256:8b2be3375e2c64a27139e8717b6177371a1f033c65c334c9db421d1504fd9a4c
446e1d3a5acf0686,de_2025_q4,DE,Deere & Company,2025 Q4,2025-12-31,sec_exhibit,sec_edgar,https://data.sec.gov/submissions/CIK0000000000.json,https://data.sec.gov/submissions/CIK0000000000.json,data.sec.gov,.json,,0.50,SEC EDGAR metadata provider always available,metadata_only,false,user_authorized_project_assessment_public_direct,,,resolve_sec_exhibits,sha256:c5b82efe7419121bd7ba41b7907ef0ef8e7282ed3e328c08488b576b5ce2f1dd
8f94cff2048a88b9,ge_2025_q4,GE,GE Aerospace,2025 Q4,2025-12-31,sec_exhibit,sec_edgar,https://data.sec.gov/submissions/CIK0000000000.json,https://data.sec.gov/submissions/CIK0000000000.json,data.sec.gov,.json,,0.50,SEC EDGAR metadata provider always available,metadata_only,false,user_authorized_project_assessment_public_direct,,,resolve_sec_exhibits,sha256:3005898a218186fa47f5286fe8ce25956ed6f8d59cfec86f9995c65d68433190
237406e4b6088aa5,etn_2025_q4,ETN,Eaton Corporation plc,2025 Q4,2025-12-31,sec_exhibit,sec_edgar,https://data.sec.gov/submissions/CIK0000000000.json,https://data.sec.gov/submissions/CIK0000000000.json,data.sec.gov,.json,,0.50,SEC EDGAR metadata provider always available,metadata_only,false,user_authorized_project_assessment_public_direct,,,resolve_sec_exhibits,sha256:c2749e36f586cfe48422c2b0673fe9afe8c30a3234e7f463da39b2577013a687
945cabe01aec1e22,emr_2025_q4,EMR,Emerson Electric Co.,2025 Q4,2025-12-31,sec_exhibit,sec_edgar,https://data.sec.gov/submissions/CIK0000000000.json,https://data.sec.gov/submissions/CIK0000000000.json,data.sec.gov,.json,,0.50,SEC EDGAR metadata provider always available,metadata_only,false,user_authorized_project_assessment_public_direct,,,resolve_sec_exhibits,sha256:9652a7940314af7334164b26d27b3ee766a30ca3c57fa67dc2c09fcedbb0e28e
e35982fbb662c314,mmm_2025_q4,MMM,3M Company,2025 Q4,2025-12-31,sec_exhibit,sec_edgar,https://data.sec.gov/submissions/CIK0000000000.json,https://data.sec.gov/submissions/CIK0000000000.json,data.sec.gov,.json,,0.50,SEC EDGAR metadata provider always available,metadata_only,false,user_authorized_project_assessment_public_direct,,,resolve_sec_exhibits,sha256:44b54ef5c7a895797dcbb4c7364f16c9d3b3940e050afae1f0bef807297d970c
91d7b3aa6a51a4e4,itw_2025_q4,ITW,Illinois Tool Works Inc.,2025 Q4,2025-12-31,sec_exhibit,sec_edgar,https://data.sec.gov/submissions/CIK0000000000.json,https://data.sec.gov/submissions/CIK0000000000.json,data.sec.gov,.json,,0.50,SEC EDGAR metadata provider always available,metadata_only,false,user_authorized_project_assessment_public_direct,,,resolve_sec_exhibits,sha256:4acc118877887789cd597ddb2a56e4baf7ddd8de0d82dfebda7ddb44462b0a88
cd823549c76518e2,ph_2025_q4,PH,Parker-Hannifin Corporation,2025 Q4,2025-12-31,sec_exhibit,sec_edgar,https://data.sec.gov/submissions/CIK0000000000.json,https://data.sec.gov/submissions/CIK0000000000.json,data.sec.gov,.json,,0.50,SEC EDGAR metadata provider always available,metadata_only,false,user_authorized_project_assessment_public_direct,,,resolve_sec_exhibits,sha256:aa92bce064faf9bee7735f326ec5743a4ee1ad231fdead81ab4253ad20455ccc
c0226e12b712081b,carr_2025_q4,CARR,Carrier Global Corporation,2025 Q4,2025-12-31,sec_exhibit,sec_edgar,https://data.sec.gov/submissions/CIK0000000000.json,https://data.sec.gov/submissions/CIK0000000000.json,data.sec.gov,.json,,0.50,SEC EDGAR metadata provider always available,metadata_only,false,user_authorized_project_assessment_public_direct,,,resolve_sec_exhibits,sha256:98eb88fd7b11cd9001d0d93b54236e55592dc349d8bc5d17bc79f19036439749
f9e7813ad9b10934,otis_2025_q4,OTIS,Otis Worldwide Corporation,2025 Q4,2025-12-31,sec_exhibit,sec_edgar,https://data.sec.gov/submissions/CIK0000000000.json,https://data.sec.gov/submissions/CIK0000000000.json,data.sec.gov,.json,,0.50,SEC EDGAR metadata provider always available,metadata_only,false,user_authorized_project_assessment_public_direct,,,resolve_sec_exhibits,sha256:37ec9f0871c3b6782c3b6abb7746cf8d9feaa8cf8c6fe16e2660106937468dc9
ef50b5244c494f70,ups_2025_q4,UPS,"United Parcel Service, Inc.",2025 Q4,2025-12-31,sec_exhibit,sec_edgar,https://data.sec.gov/submissions/CIK0000000000.json,https://data.sec.gov/submissions/CIK0000000000.json,data.sec.gov,.json,,0.50,SEC EDGAR metadata provider always available,metadata_only,false,user_authorized_project_assessment_public_direct,,,resolve_sec_exhibits,sha256:1718cce09615ada3def7b29f6010d6b2fa49e240d9506be6a1c2b968aa31d6e5
35254f9809b364d5,fdx_2025_q4,FDX,FedEx Corporation,2025 Q4,2025-12-31,sec_exhibit,sec_edgar,https://data.sec.gov/submissions/CIK0000000000.json,https://data.sec.gov/submissions/CIK0000000000.json,data.sec.gov,.json,,0.50,SEC EDGAR metadata provider always available,metadata_only,false,user_authorized_project_assessment_public_direct,,,resolve_sec_exhibits,sha256:589e63d60b4990ce160a6c2fd908e7dea47e2958b62e8df9c498673a40dcd3a3
402902428b903a60,dal_2025_q4,DAL,"Delta Air Lines, Inc.",2025 Q4,2025-12-31,sec_exhibit,sec_edgar,https://data.sec.gov/submissions/CIK0000000000.json,https://data.sec.gov/submissions/CIK0000000000.json,data.sec.gov,.json,,0.50,SEC EDGAR metadata provider always available,metadata_only,false,user_authorized_project_assessment_public_direct,,,resolve_sec_exhibits,sha256:af17334acdc08b714e258e3346edd3cade92267ff1f8b796c54ecfbc5aac57b1
7b43e161cefd4387,unp_2025_q4,UNP,Union Pacific Corporation,2025 Q4,2025-12-31,sec_exhibit,sec_edgar,https://data.sec.gov/submissions/CIK0000000000.json,https://data.sec.gov/submissions/CIK0000000000.json,data.sec.gov,.json,,0.50,SEC EDGAR metadata provider always available,metadata_only,false,user_authorized_project_assessment_public_direct,,,resolve_sec_exhibits,sha256:adf24652258dfc1d9506a19d19394dc8db59e2b07663748d373c6ccc53b3bdcc
25d30c625e3c1355,nsc_2025_q4,NSC,Norfolk Southern Corporation,2025 Q4,2025-12-31,sec_exhibit,sec_edgar,https://data.sec.gov/submissions/CIK0000000000.json,https://data.sec.gov/submissions/CIK0000000000.json,data.sec.gov,.json,,0.50,SEC EDGAR metadata provider always available,metadata_only,false,user_authorized_project_assessment_public_direct,,,resolve_sec_exhibits,sha256:aeb33ae1cad82afed62d198c221ece0da9fc0202c5d7bbd2cee9875b79f7571e
fb2f41ca9ad249f4,hd_2025_q4,HD,"The Home Depot, Inc.",2025 Q4,2025-12-31,sec_exhibit,sec_edgar,https://data.sec.gov/submissions/CIK0000000000.json,https://data.sec.gov/submissions/CIK0000000000.json,data.sec.gov,.json,,0.50,SEC EDGAR metadata provider always available,metadata_only,false,user_authorized_project_assessment_public_direct,,,resolve_sec_exhibits,sha256:4e80736afa7eeaa13c550af7d531cc49ab50b5ea4969e1935942d6dd911dc0bc
5af17d2c429c18ae,low_2025_q4,LOW,"Lowe's Companies, Inc.",2025 Q4,2025-12-31,sec_exhibit,sec_edgar,https://data.sec.gov/submissions/CIK0000000000.json,https://data.sec.gov/submissions/CIK0000000000.json,data.sec.gov,.json,,0.50,SEC EDGAR metadata provider always available,metadata_only,false,user_authorized_project_assessment_public_direct,,,resolve_sec_exhibits,sha256:6aedfcc76d3720b5620a873b19a054a7c6facf9b908fb46e3fd2ca6ce74f75bd
658a776cd424f619,tgt_2025_q4,TGT,Target Corporation,2025 Q4,2025-12-31,sec_exhibit,sec_edgar,https://data.sec.gov/submissions/CIK0000000000.json,https://data.sec.gov/submissions/CIK0000000000.json,data.sec.gov,.json,,0.50,SEC EDGAR metadata provider always available,metadata_only,false,user_authorized_project_assessment_public_direct,,,resolve_sec_exhibits,sha256:227628bb90b15dae09a089101b771922deedebe57956ddcf3bb7f40a8bba9ce9
753a0aa5a44c4831,kr_2025_q4,KR,The Kroger Co.,2025 Q4,2025-12-31,sec_exhibit,sec_edgar,https://data.sec.gov/submissions/CIK0000000000.json,https://data.sec.gov/submissions/CIK0000000000.json,data.sec.gov,.json,,0.50,SEC EDGAR metadata provider always available,metadata_only,false,user_authorized_project_assessment_public_direct,,,resolve_sec_exhibits,sha256:12bd8705579137a204746862090d4e1f9b40936c97427d543015adead24d6621
4d546133d5cea463,dg_2025_q4,DG,Dollar General Corporation,2025 Q4,2025-12-31,sec_exhibit,sec_edgar,https://data.sec.gov/submissions/CIK0000000000.json,https://data.sec.gov/submissions/CIK0000000000.json,data.sec.gov,.json,,0.50,SEC EDGAR metadata provider always available,metadata_only,false,user_authorized_project_assessment_public_direct,,,resolve_sec_exhibits,sha256:a2b03361ade6c12b3385443a5dbe7bdd2ee075588e4f8612c9ba41e351d35f5d
5b592e6fa82a994c,mcd_2025_q4,MCD,McDonald's Corporation,2025 Q4,2025-12-31,sec_exhibit,sec_edgar,https://data.sec.gov/submissions/CIK0000000000.json,https://data.sec.gov/submissions/CIK0000000000.json,data.sec.gov,.json,,0.50,SEC EDGAR metadata provider always available,metadata_only,false,user_authorized_project_assessment_public_direct,,,resolve_sec_exhibits,sha256:8ca8322b8ff49fe0c7d95ebed8b9ccb35b19dd28112fde4dcf86bcdd2ce8f364
06fcc52448e9c2a4,yum_2025_q4,YUM,"Yum! Brands, Inc.",2025 Q4,2025-12-31,sec_exhibit,sec_edgar,https://data.sec.gov/submissions/CIK0000000000.json,https://data.sec.gov/submissions/CIK0000000000.json,data.sec.gov,.json,,0.50,SEC EDGAR metadata provider always available,metadata_only,false,user_authorized_project_assessment_public_direct,,,resolve_sec_exhibits,sha256:7a09f80ddc12cda46277d7995e102c226bfe972beace5dfee48a4bfcba1e408d
0d74207d74e37812,nke_2025_q4,NKE,"NIKE, Inc.",2025 Q4,2025-12-31,sec_exhibit,sec_edgar,https://data.sec.gov/submissions/CIK0000000000.json,https://data.sec.gov/submissions/CIK0000000000.json,data.sec.gov,.json,,0.50,SEC EDGAR metadata provider always available,metadata_only,false,user_authorized_project_assessment_public_direct,,,resolve_sec_exhibits,sha256:73dd48fd4ab4de90840984a16f8d2f1b46964107018e6989b40a150de3b64220
19babd99d71d959c,dis_2025_q4,DIS,The Walt Disney Company,2025 Q4,2025-12-31,sec_exhibit,sec_edgar,https://data.sec.gov/submissions/CIK0000000000.json,https://data.sec.gov/submissions/CIK0000000000.json,data.sec.gov,.json,,0.50,SEC EDGAR metadata provider always available,metadata_only,false,user_authorized_project_assessment_public_direct,,,resolve_sec_exhibits,sha256:0b0e7132b1e35047252a044d95b3ebf1549f54fe7fe72e39b63892271991ca01
8d5af8986c204ab0,ko_2025_q4,KO,The Coca-Cola Company,2025 Q4,2025-12-31,sec_exhibit,sec_edgar,https://data.sec.gov/submissions/CIK0000000000.json,https://data.sec.gov/submissions/CIK0000000000.json,data.sec.gov,.json,,0.50,SEC EDGAR metadata provider always available,metadata_only,false,user_authorized_project_assessment_public_direct,,,resolve_sec_exhibits,sha256:7a0482442620657412e476ad69e7af36646713eec8900f968227e7baed93bb7b
07099d46655fcaab,pg_2025_q4,PG,The Procter & Gamble Company,2025 Q4,2025-12-31,sec_exhibit,sec_edgar,https://data.sec.gov/submissions/CIK0000000000.json,https://data.sec.gov/submissions/CIK0000000000.json,data.sec.gov,.json,,0.50,SEC EDGAR metadata provider always available,metadata_only,false,user_authorized_project_assessment_public_direct,,,resolve_sec_exhibits,sha256:b598cbbf7506a65a39eeecd8130581bd457c5aec77a459cb6d3d8b27faf65b4e
b432a9dc021f998c,cl_2025_q4,CL,Colgate-Palmolive Company,2025 Q4,2025-12-31,sec_exhibit,sec_edgar,https://data.sec.gov/submissions/CIK0000000000.json,https://data.sec.gov/submissions/CIK0000000000.json,data.sec.gov,.json,,0.50,SEC EDGAR metadata provider always available,metadata_only,false,user_authorized_project_assessment_public_direct,,,resolve_sec_exhibits,sha256:454436d1a9ecbb4ba67b54f2ba3a1e01ce648b0b6e31eff8e22c20fc26581b52
1748617b1c12e283,el_2025_q4,EL,The Estee Lauder Companies Inc.,2025 Q4,2025-12-31,sec_exhibit,sec_edgar,https://data.sec.gov/submissions/CIK0000000000.json,https://data.sec.gov/submissions/CIK0000000000.json,data.sec.gov,.json,,0.50,SEC EDGAR metadata provider always available,metadata_only,false,user_authorized_project_assessment_public_direct,,,resolve_sec_exhibits,sha256:99135d3e6e2b3fdd39367a74993e6d2d173c8c4e7aadfe80448043de416fb5f5
243322a5d91b9964,gis_2025_q4,GIS,"General Mills, Inc.",2025 Q4,2025-12-31,sec_exhibit,sec_edgar,https://data.sec.gov/submissions/CIK0000000000.json,https://data.sec.gov/submissions/CIK0000000000.json,data.sec.gov,.json,,0.50,SEC EDGAR metadata provider always available,metadata_only,false,user_authorized_project_assessment_public_direct,,,resolve_sec_exhibits,sha256:f7ed28406a55ab33379d22186a75a61f5a5fa126ad7376e8a79a02a8edf77009
514e797e4282e4da,hsy_2025_q4,HSY,The Hershey Company,2025 Q4,2025-12-31,sec_exhibit,sec_edgar,https://data.sec.gov/submissions/CIK0000000000.json,https://data.sec.gov/submissions/CIK0000000000.json,data.sec.gov,.json,,0.50,SEC EDGAR metadata provider always available,metadata_only,false,user_authorized_project_assessment_public_direct,,,resolve_sec_exhibits,sha256:1e9b4f37dc5b04f54c6dc27e98f3d4bf1a0bf04d4bb03ef0b12b33a6ef46e5a0
ccd32cf451873fe1,t_2025_q4,T,AT&T Inc.,2025 Q4,2025-12-31,sec_exhibit,sec_edgar,https://data.sec.gov/submissions/CIK0000000000.json,https://data.sec.gov/submissions/CIK0000000000.json,data.sec.gov,.json,,0.50,SEC EDGAR metadata provider always available,metadata_only,false,user_authorized_project_assessment_public_direct,,,resolve_sec_exhibits,sha256:7438fdb35d3a560d7a812fc5aee4a7a46bfb8aee685501555a46ecb63e9bd000
d7088a209a14852e,vz_2025_q4,VZ,Verizon Communications Inc.,2025 Q4,2025-12-31,sec_exhibit,sec_edgar,https://data.sec.gov/submissions/CIK0000000000.json,https://data.sec.gov/submissions/CIK0000000000.json,data.sec.gov,.json,,0.50,SEC EDGAR metadata provider always available,metadata_only,false,user_authorized_project_assessment_public_direct,,,resolve_sec_exhibits,sha256:58411c5f61ddec0d5c8ac6bedc7d57c24a9656b0d4ab7219a1198911bb3ab74d
48cf20aab38abfec,ibm_2025_q4,IBM,International Business Machines Corporation,2025 Q4,2025-12-31,sec_exhibit,sec_edgar,https://data.sec.gov/submissions/CIK0000000000.json,https://data.sec.gov/submissions/CIK0000000000.json,data.sec.gov,.json,,0.50,SEC EDGAR metadata provider always available,metadata_only,false,user_authorized_project_assessment_public_direct,,,resolve_sec_exhibits,sha256:105fcaf46d2c4dfc89e47230f79c597ba4db76bf96ef5450a4a2201c36453797
7288ca841c184d92,orcl_2025_q4,ORCL,Oracle Corporation,2025 Q4,2025-12-31,sec_exhibit,sec_edgar,https://data.sec.gov/submissions/CIK0000000000.json,https://data.sec.gov/submissions/CIK0000000000.json,data.sec.gov,.json,,0.50,SEC EDGAR metadata provider always available,metadata_only,false,user_authorized_project_assessment_public_direct,,,resolve_sec_exhibits,sha256:fde9e56b600b6b40dc956c04e582b1a06dcc808cbf86141e22e78bc9368b0fbb
8a0a04afc48cb22e,crm_2025_q4,CRM,"Salesforce, Inc.",2025 Q4,2025-12-31,sec_exhibit,sec_edgar,https://data.sec.gov/submissions/CIK0000000000.json,https://data.sec.gov/submissions/CIK0000000000.json,data.sec.gov,.json,,0.50,SEC EDGAR metadata provider always available,metadata_only,false,user_authorized_project_assessment_public_direct,,,resolve_sec_exhibits,sha256:537b83218603884e8537fa5ca557c2265a0c287e8803da353fb1a64b28bc2156
1d84bf45764ede74,now_2025_q4,NOW,"ServiceNow, Inc.",2025 Q4,2025-12-31,sec_exhibit,sec_edgar,https://data.sec.gov/submissions/CIK0000000000.json,https://data.sec.gov/submissions/CIK0000000000.json,data.sec.gov,.json,,0.50,SEC EDGAR metadata provider always available,metadata_only,false,user_authorized_project_assessment_public_direct,,,resolve_sec_exhibits,sha256:9e521a4708bac5c60bb723a8cb07db817318d97e3dd87dc89c41ed0af647d964
026c0fbf2fb4f6c9,acn_2025_q4,ACN,Accenture plc,2025 Q4,2025-12-31,sec_exhibit,sec_edgar,https://data.sec.gov/submissions/CIK0000000000.json,https://data.sec.gov/submissions/CIK0000000000.json,data.sec.gov,.json,,0.50,SEC EDGAR metadata provider always available,metadata_only,false,user_authorized_project_assessment_public_direct,,,resolve_sec_exhibits,sha256:b15d54c32540ebe39d18eade010de70ffbeacff1fe5f3038bb12403808eea94f
bf1e5bd66879525a,dell_2025_q4,DELL,Dell Technologies Inc.,2025 Q4,2025-12-31,sec_exhibit,sec_edgar,https://data.sec.gov/submissions/CIK0000000000.json,https://data.sec.gov/submissions/CIK0000000000.json,data.sec.gov,.json,,0.50,SEC EDGAR metadata provider always available,metadata_only,false,user_authorized_project_assessment_public_direct,,,resolve_sec_exhibits,sha256:6a44e9be992094e1187753da198fb63bfb5a3d75ea7da30fdf68a36c5592acc7
bc90cf00f3d8f1bc,hpq_2025_q4,HPQ,HP Inc.,2025 Q4,2025-12-31,sec_exhibit,sec_edgar,https://data.sec.gov/submissions/CIK0000000000.json,https://data.sec.gov/submissions/CIK0000000000.json,data.sec.gov,.json,,0.50,SEC EDGAR metadata provider always available,metadata_only,false,user_authorized_project_assessment_public_direct,,,resolve_sec_exhibits,sha256:ea3f7ca02d77421b42cd31806d32d673f18eef6035ead25645dd01d892ebda6e
aec0be07ecde2f73,net_2025_q4,NET,"Cloudflare, Inc.",2025 Q4,2025-12-31,sec_exhibit,sec_edgar,https://data.sec.gov/submissions/CIK0000000000.json,https://data.sec.gov/submissions/CIK0000000000.json,data.sec.gov,.json,,0.50,SEC EDGAR metadata provider always available,metadata_only,false,user_authorized_project_assessment_public_direct,,,resolve_sec_exhibits,sha256:d794c1572a2e661c36a1266b01cec3fc25e9d5042adb4417e287bafc0254be08
c7b4c28696319670,snow_2025_q4,SNOW,Snowflake Inc.,2025 Q4,2025-12-31,sec_exhibit,sec_edgar,https://data.sec.gov/submissions/CIK0000000000.json,https://data.sec.gov/submissions/CIK0000000000.json,data.sec.gov,.json,,0.50,SEC EDGAR metadata provider always available,metadata_only,false,user_authorized_project_assessment_public_direct,,,resolve_sec_exhibits,sha256:a76ecdf6cd2a52adc07ed86961534dfe3f7b037c582f3ba0c28dccaf494cbc6a
5874b70d46d348db,jpm_2024_q4,JPM,JPMorgan Chase & Co.,2024 Q4,2024-12-31,sec_exhibit,sec_edgar,https://data.sec.gov/submissions/CIK0000000000.json,https://data.sec.gov/submissions/CIK0000000000.json,data.sec.gov,.json,,0.50,SEC EDGAR metadata provider always available,metadata_only,false,user_authorized_project_assessment_public_direct,,,resolve_sec_exhibits,sha256:69c2e28fbe9f8956084c33cad9840d49a7b15746497877de27fb2e436fa9a1e4
e19a67ad5d6497ff,bac_2024_q4,BAC,Bank of America Corporation,2024 Q4,2024-12-31,sec_exhibit,sec_edgar,https://data.sec.gov/submissions/CIK0000000000.json,https://data.sec.gov/submissions/CIK0000000000.json,data.sec.gov,.json,,0.50,SEC EDGAR metadata provider always available,metadata_only,false,user_authorized_project_assessment_public_direct,,,resolve_sec_exhibits,sha256:1f65eb66fb39e818d91c53ce1b2efc9e992c2e35dccfa903e3fe60ba2e5f470f
528af28723e97a24,c_2024_q4,C,Citigroup Inc.,2024 Q4,2024-12-31,sec_exhibit,sec_edgar,https://data.sec.gov/submissions/CIK0000000000.json,https://data.sec.gov/submissions/CIK0000000000.json,data.sec.gov,.json,,0.50,SEC EDGAR metadata provider always available,metadata_only,false,user_authorized_project_assessment_public_direct,,,resolve_sec_exhibits,sha256:e7e904ef9d811272aa8577a92cb540cf2713ceeb09fe12079ce4cf75c33a5ee7
25c86f3b851ca7b5,wfc_2024_q4,WFC,Wells Fargo & Company,2024 Q4,2024-12-31,sec_exhibit,sec_edgar,https://data.sec.gov/submissions/CIK0000000000.json,https://data.sec.gov/submissions/CIK0000000000.json,data.sec.gov,.json,,0.50,SEC EDGAR metadata provider always available,metadata_only,false,user_authorized_project_assessment_public_direct,,,resolve_sec_exhibits,sha256:4a83ee3c3d4081ade720721b048da276304a12ef747a065c09342c7678206f66
195fd5b56c1790b1,gs_2024_q4,GS,"The Goldman Sachs Group, Inc.",2024 Q4,2024-12-31,sec_exhibit,sec_edgar,https://data.sec.gov/submissions/CIK0000000000.json,https://data.sec.gov/submissions/CIK0000000000.json,data.sec.gov,.json,,0.50,SEC EDGAR metadata provider always available,metadata_only,false,user_authorized_project_assessment_public_direct,,,resolve_sec_exhibits,sha256:c8471eb1fa0f4f27509fede7d5febd5904752b976d090564120d66bef2b4af53
5a3428f909002a6e,ms_2024_q4,MS,Morgan Stanley,2024 Q4,2024-12-31,sec_exhibit,sec_edgar,https://data.sec.gov/submissions/CIK0000000000.json,https://data.sec.gov/submissions/CIK0000000000.json,data.sec.gov,.json,,0.50,SEC EDGAR metadata provider always available,metadata_only,false,user_authorized_project_assessment_public_direct,,,resolve_sec_exhibits,sha256:ea4f9d0322a2e01330bfe0ca44f00f33ce6aca6157c25f7582a7347805c3a466
682fe1e35b05da7f,bk_2024_q4,BK,The Bank of New York Mellon Corporation,2024 Q4,2024-12-31,sec_exhibit,sec_edgar,https://data.sec.gov/submissions/CIK0000000000.json,https://data.sec.gov/submissions/CIK0000000000.json,data.sec.gov,.json,,0.50,SEC EDGAR metadata provider always available,metadata_only,false,user_authorized_project_assessment_public_direct,,,resolve_sec_exhibits,sha256:b76a44c1aa65e1c2723368a14c8a356e80b8822d0588539aba360dd5efa22cba
d766e17aa9fc01fa,stt_2024_q4,STT,State Street Corporation,2024 Q4,2024-12-31,sec_exhibit,sec_edgar,https://data.sec.gov/submissions/CIK0000000000.json,https://data.sec.gov/submissions/CIK0000000000.json,data.sec.gov,.json,,0.50,SEC EDGAR metadata provider always available,metadata_only,false,user_authorized_project_assessment_public_direct,,,resolve_sec_exhibits,sha256:0810e99382505bbdaa56e1ccc5a4b140998b05971265a4f5259ef7c289e26e76
c2223e64543b7c01,usb_2024_q4,USB,U.S. Bancorp,2024 Q4,2024-12-31,sec_exhibit,sec_edgar,https://data.sec.gov/submissions/CIK0000000000.json,https://data.sec.gov/submissions/CIK0000000000.json,data.sec.gov,.json,,0.50,SEC EDGAR metadata provider always available,metadata_only,false,user_authorized_project_assessment_public_direct,,,resolve_sec_exhibits,sha256:d836e428ca29b092c74bb9425432bfc48c37c15bab9c32dd4b03fb6f922bebe0
524bc4b8b19a3a1c,pnc_2024_q4,PNC,"The PNC Financial Services Group, Inc.",2024 Q4,2024-12-31,sec_exhibit,sec_edgar,https://data.sec.gov/submissions/CIK0000000000.json,https://data.sec.gov/submissions/CIK0000000000.json,data.sec.gov,.json,,0.50,SEC EDGAR metadata provider always available,metadata_only,false,user_authorized_project_assessment_public_direct,,,resolve_sec_exhibits,sha256:97ef9ce6d8b6df619df52e211c1872b5f37c99a06bf2a356dd021c6c2e70dc68
0b80acccde6aa9a0,tfc_2024_q4,TFC,Truist Financial Corporation,2024 Q4,2024-12-31,sec_exhibit,sec_edgar,https://data.sec.gov/submissions/CIK0000000000.json,https://data.sec.gov/submissions/CIK0000000000.json,data.sec.gov,.json,,0.50,SEC EDGAR metadata provider always available,metadata_only,false,user_authorized_project_assessment_public_direct,,,resolve_sec_exhibits,sha256:73b8e10184022a2d71c7d9fe8bec80ab5016df5e7391e2fc3c8055ad21b5d53a
58d097e9e9b1e655,cof_2024_q4,COF,Capital One Financial Corporation,2024 Q4,2024-12-31,sec_exhibit,sec_edgar,https://data.sec.gov/submissions/CIK0000000000.json,https://data.sec.gov/submissions/CIK0000000000.json,data.sec.gov,.json,,0.50,SEC EDGAR metadata provider always available,metadata_only,false,user_authorized_project_assessment_public_direct,,,resolve_sec_exhibits,sha256:eacb6cb2259035e9f6ecd74bc01c9ea4e97794a2fb83d90125767bf1045ab70f
8a8f4614a2168b5a,axp_2024_q4,AXP,American Express Company,2024 Q4,2024-12-31,sec_exhibit,sec_edgar,https://data.sec.gov/submissions/CIK0000000000.json,https://data.sec.gov/submissions/CIK0000000000.json,data.sec.gov,.json,,0.50,SEC EDGAR metadata provider always available,metadata_only,false,user_authorized_project_assessment_public_direct,,,resolve_sec_exhibits,sha256:ebd90fe8488c66d5e360dc4d68f9db47e85d17f2da8fa55b09cffeb0cac0ebf9
f551f4f96c2b5cd1,v_2024_q4,V,Visa Inc.,2024 Q4,2024-12-31,sec_exhibit,sec_edgar,https://data.sec.gov/submissions/CIK0000000000.json,https://data.sec.gov/submissions/CIK0000000000.json,data.sec.gov,.json,,0.50,SEC EDGAR metadata provider always available,metadata_only,false,user_authorized_project_assessment_public_direct,,,resolve_sec_exhibits,sha256:04ed34a59ac03b07c4bec047c4615ce59a67aa88df1b98cef8ea399209fbc8b8
d27165e620fc36fb,ma_2024_q4,MA,Mastercard Incorporated,2024 Q4,2024-12-31,sec_exhibit,sec_edgar,https://data.sec.gov/submissions/CIK0000000000.json,https://data.sec.gov/submissions/CIK0000000000.json,data.sec.gov,.json,,0.50,SEC EDGAR metadata provider always available,metadata_only,false,user_authorized_project_assessment_public_direct,,,resolve_sec_exhibits,sha256:d409e88bbc4b27fbb73366dbcb8850d3e8476a27c8285933824133468c4fa60f
d16cde9ad0834175,fis_2024_q4,FIS,"Fidelity National Information Services, Inc.",2024 Q4,2024-12-31,sec_exhibit,sec_edgar,https://data.sec.gov/submissions/CIK0000000000.json,https://data.sec.gov/submissions/CIK0000000000.json,data.sec.gov,.json,,0.50,SEC EDGAR metadata provider always available,metadata_only,false,user_authorized_project_assessment_public_direct,,,resolve_sec_exhibits,sha256:03a8970525e108955961e92a2ab6e1b055b7e4508f747e57b288bc080e6440e0
2807ab529924e690,gpn_2024_q4,GPN,Global Payments Inc.,2024 Q4,2024-12-31,sec_exhibit,sec_edgar,https://data.sec.gov/submissions/CIK0000000000.json,https://data.sec.gov/submissions/CIK0000000000.json,data.sec.gov,.json,,0.50,SEC EDGAR metadata provider always available,metadata_only,false,user_authorized_project_assessment_public_direct,,,resolve_sec_exhibits,sha256:c67c6b00a39f8c86caf380c750a43484aaa69efe789366a5816331a4de31fe0f
51b12eb21bd00116,blk_2024_q4,BLK,"BlackRock, Inc.",2024 Q4,2024-12-31,sec_exhibit,sec_edgar,https://data.sec.gov/submissions/CIK0000000000.json,https://data.sec.gov/submissions/CIK0000000000.json,data.sec.gov,.json,,0.50,SEC EDGAR metadata provider always available,metadata_only,false,user_authorized_project_assessment_public_direct,,,resolve_sec_exhibits,sha256:55430b8628ef700518d755c9ac89ff566c216aef0fe6463d3b1eebc5ee326612
ff6976fc8ca915b7,bx_2024_q4,BX,Blackstone Inc.,2024 Q4,2024-12-31,sec_exhibit,sec_edgar,https://data.sec.gov/submissions/CIK0000000000.json,https://data.sec.gov/submissions/CIK0000000000.json,data.sec.gov,.json,,0.50,SEC EDGAR metadata provider always available,metadata_only,false,user_authorized_project_assessment_public_direct,,,resolve_sec_exhibits,sha256:dead2abc02549ef680f9249f2fcb5985476315003bbbf93f9dd58230ce770cf3
cf580d663c677883,schw_2024_q4,SCHW,The Charles Schwab Corporation,2024 Q4,2024-12-31,sec_exhibit,sec_edgar,https://data.sec.gov/submissions/CIK0000000000.json,https://data.sec.gov/submissions/CIK0000000000.json,data.sec.gov,.json,,0.50,SEC EDGAR metadata provider always available,metadata_only,false,user_authorized_project_assessment_public_direct,,,resolve_sec_exhibits,sha256:10d2bf46ee2a3851ddad700b4ca8a03d4067b19112e1ea184dd679ca621000ea
4a71648b55b75bcd,ice_2024_q4,ICE,"Intercontinental Exchange, Inc.",2024 Q4,2024-12-31,sec_exhibit,sec_edgar,https://data.sec.gov/submissions/CIK0000000000.json,https://data.sec.gov/submissions/CIK0000000000.json,data.sec.gov,.json,,0.50,SEC EDGAR metadata provider always available,metadata_only,false,user_authorized_project_assessment_public_direct,,,resolve_sec_exhibits,sha256:da2a7c8d1ab37f36a00b9be247f7190dc5363196a7c21a17b85639b8c30ecd8c
dabfafe8e7bf1d22,spgi_2024_q4,SPGI,S&P Global Inc.,2024 Q4,2024-12-31,sec_exhibit,sec_edgar,https://data.sec.gov/submissions/CIK0000000000.json,https://data.sec.gov/submissions/CIK0000000000.json,data.sec.gov,.json,,0.50,SEC EDGAR metadata provider always available,metadata_only,false,user_authorized_project_assessment_public_direct,,,resolve_sec_exhibits,sha256:2b554d2306107193c79dee275516d8694ef5c5d6319182d5a32893eade992fb5
c54fd4542b366447,mco_2024_q4,MCO,Moody's Corporation,2024 Q4,2024-12-31,sec_exhibit,sec_edgar,https://data.sec.gov/submissions/CIK0000000000.json,https://data.sec.gov/submissions/CIK0000000000.json,data.sec.gov,.json,,0.50,SEC EDGAR metadata provider always available,metadata_only,false,user_authorized_project_assessment_public_direct,,,resolve_sec_exhibits,sha256:3306ea23ddd0546283ce89af25c467a98e388b5a0abda46f4a2ccadbda11bf7d
13290866d595aaa9,aon_2024_q4,AON,Aon plc,2024 Q4,2024-12-31,sec_exhibit,sec_edgar,https://data.sec.gov/submissions/CIK0000000000.json,https://data.sec.gov/submissions/CIK0000000000.json,data.sec.gov,.json,,0.50,SEC EDGAR metadata provider always available,metadata_only,false,user_authorized_project_assessment_public_direct,,,resolve_sec_exhibits,sha256:c4c9eb27b0c35df4e926f5f3ca36ef4a66f9fd6af69fcb18fe7d834ad251a27d
f0d208b629d489b9,aig_2024_q4,AIG,"American International Group, Inc.",2024 Q4,2024-12-31,sec_exhibit,sec_edgar,https://data.sec.gov/submissions/CIK0000000000.json,https://data.sec.gov/submissions/CIK0000000000.json,data.sec.gov,.json,,0.50,SEC EDGAR metadata provider always available,metadata_only,false,user_authorized_project_assessment_public_direct,,,resolve_sec_exhibits,sha256:7002ed45da883702d7483ccdff4e7c732462d5ef21ee8355583d2506f1b7f900
efc6937aeacbe1f8,met_2024_q4,MET,"MetLife, Inc.",2024 Q4,2024-12-31,sec_exhibit,sec_edgar,https://data.sec.gov/submissions/CIK0000000000.json,https://data.sec.gov/submissions/CIK0000000000.json,data.sec.gov,.json,,0.50,SEC EDGAR metadata provider always available,metadata_only,false,user_authorized_project_assessment_public_direct,,,resolve_sec_exhibits,sha256:3e8c53648c8636bb2bcaccd7c3a20c6276196671e1d06c5f7b23d60c3e402f29
8dacf4a46056bf14,pru_2024_q4,PRU,"Prudential Financial, Inc.",2024 Q4,2024-12-31,sec_exhibit,sec_edgar,https://data.sec.gov/submissions/CIK0000000000.json,https://data.sec.gov/submissions/CIK0000000000.json,data.sec.gov,.json,,0.50,SEC EDGAR metadata provider always available,metadata_only,false,user_authorized_project_assessment_public_direct,,,resolve_sec_exhibits,sha256:cb5723ec77fd8e456351dfe4e79016ad0333bf01e747b4e416a54f2267190ec9
32066a617ad164d4,trv_2024_q4,TRV,"The Travelers Companies, Inc.",2024 Q4,2024-12-31,sec_exhibit,sec_edgar,https://data.sec.gov/submissions/CIK0000000000.json,https://data.sec.gov/submissions/CIK0000000000.json,data.sec.gov,.json,,0.50,SEC EDGAR metadata provider always available,metadata_only,false,user_authorized_project_assessment_public_direct,,,resolve_sec_exhibits,sha256:aa98714266eb5940b556892139d7cf81823fb6b66463056718d0b4398b7f5d3e
b1e01db4f735ef2a,cb_2024_q4,CB,Chubb Limited,2024 Q4,2024-12-31,sec_exhibit,sec_edgar,https://data.sec.gov/submissions/CIK0000000000.json,https://data.sec.gov/submissions/CIK0000000000.json,data.sec.gov,.json,,0.50,SEC EDGAR metadata provider always available,metadata_only,false,user_authorized_project_assessment_public_direct,,,resolve_sec_exhibits,sha256:6fec70e5515d52ce5d4e5f7cae820cd066321438b3b48fddcd377559bb4b6f12
d057f6e1c833c51e,jnj_2024_q4,JNJ,Johnson & Johnson,2024 Q4,2024-12-31,sec_exhibit,sec_edgar,https://data.sec.gov/submissions/CIK0000000000.json,https://data.sec.gov/submissions/CIK0000000000.json,data.sec.gov,.json,,0.50,SEC EDGAR metadata provider always available,metadata_only,false,user_authorized_project_assessment_public_direct,,,resolve_sec_exhibits,sha256:83e7439dfcd49638488407e8e19c400df850de2572a54dd10f4d61f82d247636
0774ea314018fc0a,lly_2024_q4,LLY,Eli Lilly and Company,2024 Q4,2024-12-31,sec_exhibit,sec_edgar,https://data.sec.gov/submissions/CIK0000000000.json,https://data.sec.gov/submissions/CIK0000000000.json,data.sec.gov,.json,,0.50,SEC EDGAR metadata provider always available,metadata_only,false,user_authorized_project_assessment_public_direct,,,resolve_sec_exhibits,sha256:ff396eed159961dbc7c399c304b981fc8352b14b57a853ac49556bf4166a54ad
03fb29bafb7989a2,mrk_2024_q4,MRK,"Merck & Co., Inc.",2024 Q4,2024-12-31,sec_exhibit,sec_edgar,https://data.sec.gov/submissions/CIK0000000000.json,https://data.sec.gov/submissions/CIK0000000000.json,data.sec.gov,.json,,0.50,SEC EDGAR metadata provider always available,metadata_only,false,user_authorized_project_assessment_public_direct,,,resolve_sec_exhibits,sha256:ca1b72e0d032c2d06098008e49c3489fee2f5950db5326706cb0729eaccb1f8f
666a00f20b5c39d6,pfe_2024_q4,PFE,Pfizer Inc.,2024 Q4,2024-12-31,sec_exhibit,sec_edgar,https://data.sec.gov/submissions/CIK0000000000.json,https://data.sec.gov/submissions/CIK0000000000.json,data.sec.gov,.json,,0.50,SEC EDGAR metadata provider always available,metadata_only,false,user_authorized_project_assessment_public_direct,,,resolve_sec_exhibits,sha256:e07fe977ad880352b004351bcd338450328f81cd68071c26921279fa04e6b888
fa2a775fa2a793db,unh_2024_q4,UNH,UnitedHealth Group Incorporated,2024 Q4,2024-12-31,sec_exhibit,sec_edgar,https://data.sec.gov/submissions/CIK0000000000.json,https://data.sec.gov/submissions/CIK0000000000.json,data.sec.gov,.json,,0.50,SEC EDGAR metadata provider always available,metadata_only,false,user_authorized_project_assessment_public_direct,,,resolve_sec_exhibits,sha256:ca2a86eb8117262e53d6781d92e820b38e3d3dbce546232c8e2dc25e580fab50
0abb444257f87cd1,cvs_2024_q4,CVS,CVS Health Corporation,2024 Q4,2024-12-31,sec_exhibit,sec_edgar,https://data.sec.gov/submissions/CIK0000000000.json,https://data.sec.gov/submissions/CIK0000000000.json,data.sec.gov,.json,,0.50,SEC EDGAR metadata provider always available,metadata_only,false,user_authorized_project_assessment_public_direct,,,resolve_sec_exhibits,sha256:f07356b13ff38ace40ed3f429aa769e88f78b0d26032464cd66ab820bf91906c
d6f607d6c6adfb9e,abt_2024_q4,ABT,Abbott Laboratories,2024 Q4,2024-12-31,sec_exhibit,sec_edgar,https://data.sec.gov/submissions/CIK0000000000.json,https://data.sec.gov/submissions/CIK0000000000.json,data.sec.gov,.json,,0.50,SEC EDGAR metadata provider always available,metadata_only,false,user_authorized_project_assessment_public_direct,,,resolve_sec_exhibits,sha256:d9c184042f7d430116a3252b153c913bce4ea0b5e0ccd3f77eedfcf32815553a
1193743cc9827517,bmy_2024_q4,BMY,Bristol Myers Squibb Company,2024 Q4,2024-12-31,sec_exhibit,sec_edgar,https://data.sec.gov/submissions/CIK0000000000.json,https://data.sec.gov/submissions/CIK0000000000.json,data.sec.gov,.json,,0.50,SEC EDGAR metadata provider always available,metadata_only,false,user_authorized_project_assessment_public_direct,,,resolve_sec_exhibits,sha256:ffe035388a523eb1ed6550df08e66424c46a61eeb140b8232698b6a43d753beb
d60ea7ae06b09b04,mdt_2024_q4,MDT,Medtronic plc,2024 Q4,2024-12-31,sec_exhibit,sec_edgar,https://data.sec.gov/submissions/CIK0000000000.json,https://data.sec.gov/submissions/CIK0000000000.json,data.sec.gov,.json,,0.50,SEC EDGAR metadata provider always available,metadata_only,false,user_authorized_project_assessment_public_direct,,,resolve_sec_exhibits,sha256:f3ebb903f7138638b63da1b6b5ede2d6ff0070fe88ad7d2f481517dd49003473
cf60b98f2830be78,tmo_2024_q4,TMO,Thermo Fisher Scientific Inc.,2024 Q4,2024-12-31,sec_exhibit,sec_edgar,https://data.sec.gov/submissions/CIK0000000000.json,https://data.sec.gov/submissions/CIK0000000000.json,data.sec.gov,.json,,0.50,SEC EDGAR metadata provider always available,metadata_only,false,user_authorized_project_assessment_public_direct,,,resolve_sec_exhibits,sha256:b09f1134f97c51b3dd3b9e444e457cb13c687230b716048d1916c26477d5b9dc
eea6695ffed3e3af,dhr_2024_q4,DHR,Danaher Corporation,2024 Q4,2024-12-31,sec_exhibit,sec_edgar,https://data.sec.gov/submissions/CIK0000000000.json,https://data.sec.gov/submissions/CIK0000000000.json,data.sec.gov,.json,,0.50,SEC EDGAR metadata provider always available,metadata_only,false,user_authorized_project_assessment_public_direct,,,resolve_sec_exhibits,sha256:2f8007fbc35fc718302110a3619a93127acf24df20ba9edb1eddccef18be6cf5
56b10b1377ea9170,bdx_2024_q4,BDX,"Becton, Dickinson and Company",2024 Q4,2024-12-31,sec_exhibit,sec_edgar,https://data.sec.gov/submissions/CIK0000000000.json,https://data.sec.gov/submissions/CIK0000000000.json,data.sec.gov,.json,,0.50,SEC EDGAR metadata provider always available,metadata_only,false,user_authorized_project_assessment_public_direct,,,resolve_sec_exhibits,sha256:5cf1adcb3083503c1743c656f4daf8431eb1d00ba35b5ac9ce3ccd66a3483d8e
8e8c2f3606d38429,ci_2024_q4,CI,The Cigna Group,2024 Q4,2024-12-31,sec_exhibit,sec_edgar,https://data.sec.gov/submissions/CIK0000000000.json,https://data.sec.gov/submissions/CIK0000000000.json,data.sec.gov,.json,,0.50,SEC EDGAR metadata provider always available,metadata_only,false,user_authorized_project_assessment_public_direct,,,resolve_sec_exhibits,sha256:45245c182bc9fb5779c875a634af6e68a53f91671cfb0ece40763efbbfa94437
56d0185c2b08a63d,hca_2024_q4,HCA,"HCA Healthcare, Inc.",2024 Q4,2024-12-31,sec_exhibit,sec_edgar,https://data.sec.gov/submissions/CIK0000000000.json,https://data.sec.gov/submissions/CIK0000000000.json,data.sec.gov,.json,,0.50,SEC EDGAR metadata provider always available,metadata_only,false,user_authorized_project_assessment_public_direct,,,resolve_sec_exhibits,sha256:25f35bc6c7aba0d32b4de75af407d3ac087c869e7ac1073115c1e63c30c30acb
8bb10da3cc0ca0d1,syk_2024_q4,SYK,Stryker Corporation,2024 Q4,2024-12-31,sec_exhibit,sec_edgar,https://data.sec.gov/submissions/CIK0000000000.json,https://data.sec.gov/submissions/CIK0000000000.json,data.sec.gov,.json,,0.50,SEC EDGAR metadata provider always available,metadata_only,false,user_authorized_project_assessment_public_direct,,,resolve_sec_exhibits,sha256:d6aea1e362603c7dc869c185cca8cb698035050bace5206c85f962c9f446750d
adc8ee8fafed1b57,xom_2024_q4,XOM,Exxon Mobil Corporation,2024 Q4,2024-12-31,sec_exhibit,sec_edgar,https://data.sec.gov/submissions/CIK0000000000.json,https://data.sec.gov/submissions/CIK0000000000.json,data.sec.gov,.json,,0.50,SEC EDGAR metadata provider always available,metadata_only,false,user_authorized_project_assessment_public_direct,,,resolve_sec_exhibits,sha256:c2fdca7e742d19106ca3c86899246448e323fdf0caad362f57a0a61e976143a4
6e46b34fa3fe8e2c,cvx_2024_q4,CVX,Chevron Corporation,2024 Q4,2024-12-31,sec_exhibit,sec_edgar,https://data.sec.gov/submissions/CIK0000000000.json,https://data.sec.gov/submissions/CIK0000000000.json,data.sec.gov,.json,,0.50,SEC EDGAR metadata provider always available,metadata_only,false,user_authorized_project_assessment_public_direct,,,resolve_sec_exhibits,sha256:e911f1b28449522512020450cf2266260606ff0cb1ff9fd863b1a4d9f1cde7c2
054eba676bb9506e,cop_2024_q4,COP,ConocoPhillips,2024 Q4,2024-12-31,sec_exhibit,sec_edgar,https://data.sec.gov/submissions/CIK0000000000.json,https://data.sec.gov/submissions/CIK0000000000.json,data.sec.gov,.json,,0.50,SEC EDGAR metadata provider always available,metadata_only,false,user_authorized_project_assessment_public_direct,,,resolve_sec_exhibits,sha256:d1e9fe862876ad0fff165d8838d47605f801d468771ea1101492be22e7be4c44
acef3c97f58380e2,slb_2024_q4,SLB,SLB,2024 Q4,2024-12-31,sec_exhibit,sec_edgar,https://data.sec.gov/submissions/CIK0000000000.json,https://data.sec.gov/submissions/CIK0000000000.json,data.sec.gov,.json,,0.50,SEC EDGAR metadata provider always available,metadata_only,false,user_authorized_project_assessment_public_direct,,,resolve_sec_exhibits,sha256:b4d71d12c4ae195bde8a36150f5ddf9ec2f22221a2f56ff4ccdae27149d98b59
81a78887e215cf38,hal_2024_q4,HAL,Halliburton Company,2024 Q4,2024-12-31,sec_exhibit,sec_edgar,https://data.sec.gov/submissions/CIK0000000000.json,https://data.sec.gov/submissions/CIK0000000000.json,data.sec.gov,.json,,0.50,SEC EDGAR metadata provider always available,metadata_only,false,user_authorized_project_assessment_public_direct,,,resolve_sec_exhibits,sha256:734063922e7f831ad407da60cd2f540a34066b942a699b55485d829b1cb2700a
0488a688b8ffcbed,eog_2024_q4,EOG,"EOG Resources, Inc.",2024 Q4,2024-12-31,sec_exhibit,sec_edgar,https://data.sec.gov/submissions/CIK0000000000.json,https://data.sec.gov/submissions/CIK0000000000.json,data.sec.gov,.json,,0.50,SEC EDGAR metadata provider always available,metadata_only,false,user_authorized_project_assessment_public_direct,,,resolve_sec_exhibits,sha256:7056c664bef33e75ec8aac898f7f0483b7b6a899bfc04311a37146f1f2aa5822
320cc380eb15f018,oxy_2024_q4,OXY,Occidental Petroleum Corporation,2024 Q4,2024-12-31,sec_exhibit,sec_edgar,https://data.sec.gov/submissions/CIK0000000000.json,https://data.sec.gov/submissions/CIK0000000000.json,data.sec.gov,.json,,0.50,SEC EDGAR metadata provider always available,metadata_only,false,user_authorized_project_assessment_public_direct,,,resolve_sec_exhibits,sha256:e09869a1a1abacd5030a30213471f4d5ce39e32659a4718da52cc18b17ac2be2
3cf148596c145d7d,mpc_2024_q4,MPC,Marathon Petroleum Corporation,2024 Q4,2024-12-31,sec_exhibit,sec_edgar,https://data.sec.gov/submissions/CIK0000000000.json,https://data.sec.gov/submissions/CIK0000000000.json,data.sec.gov,.json,,0.50,SEC EDGAR metadata provider always available,metadata_only,false,user_authorized_project_assessment_public_direct,,,resolve_sec_exhibits,sha256:3c665b6f88e90f8c8768ef354d43dab0cdbf7d8547af26d39111b92e4fb26a4b
761efc4ba0f64815,psx_2024_q4,PSX,Phillips 66,2024 Q4,2024-12-31,sec_exhibit,sec_edgar,https://data.sec.gov/submissions/CIK0000000000.json,https://data.sec.gov/submissions/CIK0000000000.json,data.sec.gov,.json,,0.50,SEC EDGAR metadata provider always available,metadata_only,false,user_authorized_project_assessment_public_direct,,,resolve_sec_exhibits,sha256:36ab3af1d5258072018b63db066e374be872ae41150b391791052ad7f399a1ef
f0ba07906bf6c5c4,vlo_2024_q4,VLO,Valero Energy Corporation,2024 Q4,2024-12-31,sec_exhibit,sec_edgar,https://data.sec.gov/submissions/CIK0000000000.json,https://data.sec.gov/submissions/CIK0000000000.json,data.sec.gov,.json,,0.50,SEC EDGAR metadata provider always available,metadata_only,false,user_authorized_project_assessment_public_direct,,,resolve_sec_exhibits,sha256:57c9526dfe1f1e58fe8e3c215ae3f9e20d756e79f5ac8aa9dad4aff5ad6304a2
288724473a6ae5e7,ba_2024_q4,BA,The Boeing Company,2024 Q4,2024-12-31,sec_exhibit,sec_edgar,https://data.sec.gov/submissions/CIK0000000000.json,https://data.sec.gov/submissions/CIK0000000000.json,data.sec.gov,.json,,0.50,SEC EDGAR metadata provider always available,metadata_only,false,user_authorized_project_assessment_public_direct,,,resolve_sec_exhibits,sha256:cebdc3d921733cfaa2aeb86561d6fa45d685ceb2c76a4201087eb74a1d640b3b
63d7f39572ee0743,rtx_2024_q4,RTX,RTX Corporation,2024 Q4,2024-12-31,sec_exhibit,sec_edgar,https://data.sec.gov/submissions/CIK0000000000.json,https://data.sec.gov/submissions/CIK0000000000.json,data.sec.gov,.json,,0.50,SEC EDGAR metadata provider always available,metadata_only,false,user_authorized_project_assessment_public_direct,,,resolve_sec_exhibits,sha256:1b93d510b369358fa8afaba1f557a97e6560ca615e2852fb5cd3ef31c235c29e
ed6a8d4fcb2c8d09,lmt_2024_q4,LMT,Lockheed Martin Corporation,2024 Q4,2024-12-31,sec_exhibit,sec_edgar,https://data.sec.gov/submissions/CIK0000000000.json,https://data.sec.gov/submissions/CIK0000000000.json,data.sec.gov,.json,,0.50,SEC EDGAR metadata provider always available,metadata_only,false,user_authorized_project_assessment_public_direct,,,resolve_sec_exhibits,sha256:67991755b27ecddc1d2bc5f341c94310d1dccf12810aa372de836dbbf4c2e225
424eb78264ec5c8d,noc_2024_q4,NOC,Northrop Grumman Corporation,2024 Q4,2024-12-31,sec_exhibit,sec_edgar,https://data.sec.gov/submissions/CIK0000000000.json,https://data.sec.gov/submissions/CIK0000000000.json,data.sec.gov,.json,,0.50,SEC EDGAR metadata provider always available,metadata_only,false,user_authorized_project_assessment_public_direct,,,resolve_sec_exhibits,sha256:d0b4ffc951fa86dba8604cfc82bd75fa3fcbd05f9bbdbba685c2f3bed444266c
fbce8940897c5f89,gd_2024_q4,GD,General Dynamics Corporation,2024 Q4,2024-12-31,sec_exhibit,sec_edgar,https://data.sec.gov/submissions/CIK0000000000.json,https://data.sec.gov/submissions/CIK0000000000.json,data.sec.gov,.json,,0.50,SEC EDGAR metadata provider always available,metadata_only,false,user_authorized_project_assessment_public_direct,,,resolve_sec_exhibits,sha256:d980fcf247830e4f4bbc349223759971fd95a8ea1cd36ac4cacafbfdf1f14a01
b6ecc96f1b9b5cbc,cat_2024_q4,CAT,Caterpillar Inc.,2024 Q4,2024-12-31,sec_exhibit,sec_edgar,https://data.sec.gov/submissions/CIK0000000000.json,https://data.sec.gov/submissions/CIK0000000000.json,data.sec.gov,.json,,0.50,SEC EDGAR metadata provider always available,metadata_only,false,user_authorized_project_assessment_public_direct,,,resolve_sec_exhibits,sha256:6b9eb38ce74bc72def6fa7b3cd8ceb9cb1958df1b06a49bd7fee973e14df3f0c
5b35b94c77eedaa5,de_2024_q4,DE,Deere & Company,2024 Q4,2024-12-31,sec_exhibit,sec_edgar,https://data.sec.gov/submissions/CIK0000000000.json,https://data.sec.gov/submissions/CIK0000000000.json,data.sec.gov,.json,,0.50,SEC EDGAR metadata provider always available,metadata_only,false,user_authorized_project_assessment_public_direct,,,resolve_sec_exhibits,sha256:a165f9d9895c4c47d28966612bdb3cb7ac421b8250fbdfbaf1dc5ce0705bc6c9
53c8ac7182d16810,ge_2024_q4,GE,GE Aerospace,2024 Q4,2024-12-31,sec_exhibit,sec_edgar,https://data.sec.gov/submissions/CIK0000000000.json,https://data.sec.gov/submissions/CIK0000000000.json,data.sec.gov,.json,,0.50,SEC EDGAR metadata provider always available,metadata_only,false,user_authorized_project_assessment_public_direct,,,resolve_sec_exhibits,sha256:6611e7edcbc6becea314a9fbc56946d4731a3516c070825896e423f25659edb2
3a08cc5d9aaf0acf,etn_2024_q4,ETN,Eaton Corporation plc,2024 Q4,2024-12-31,sec_exhibit,sec_edgar,https://data.sec.gov/submissions/CIK0000000000.json,https://data.sec.gov/submissions/CIK0000000000.json,data.sec.gov,.json,,0.50,SEC EDGAR metadata provider always available,metadata_only,false,user_authorized_project_assessment_public_direct,,,resolve_sec_exhibits,sha256:4d946ed5138ff82d2a63a57bfe4b0d118e64791cc2b0d0a0ac66ac087ac9122b
f6b12e67d0537459,emr_2024_q4,EMR,Emerson Electric Co.,2024 Q4,2024-12-31,sec_exhibit,sec_edgar,https://data.sec.gov/submissions/CIK0000000000.json,https://data.sec.gov/submissions/CIK0000000000.json,data.sec.gov,.json,,0.50,SEC EDGAR metadata provider always available,metadata_only,false,user_authorized_project_assessment_public_direct,,,resolve_sec_exhibits,sha256:ca472ad213b7bbc1efa260dd1a08336d21fecc1c56239dad91659b6461e314b1
59dfe650bdb36638,mmm_2024_q4,MMM,3M Company,2024 Q4,2024-12-31,sec_exhibit,sec_edgar,https://data.sec.gov/submissions/CIK0000000000.json,https://data.sec.gov/submissions/CIK0000000000.json,data.sec.gov,.json,,0.50,SEC EDGAR metadata provider always available,metadata_only,false,user_authorized_project_assessment_public_direct,,,resolve_sec_exhibits,sha256:6c57b70ffcf9fd696e30eaf37be1f1a006cbcc1b72d59f44798c23fc5588d307
708fda93bcf8c791,itw_2024_q4,ITW,Illinois Tool Works Inc.,2024 Q4,2024-12-31,sec_exhibit,sec_edgar,https://data.sec.gov/submissions/CIK0000000000.json,https://data.sec.gov/submissions/CIK0000000000.json,data.sec.gov,.json,,0.50,SEC EDGAR metadata provider always available,metadata_only,false,user_authorized_project_assessment_public_direct,,,resolve_sec_exhibits,sha256:da717959f8f31c9be9d88fac24a889035859fc0b7774ef4ee7c1350b36f71eb2
76196a7b520ec99f,ph_2024_q4,PH,Parker-Hannifin Corporation,2024 Q4,2024-12-31,sec_exhibit,sec_edgar,https://data.sec.gov/submissions/CIK0000000000.json,https://data.sec.gov/submissions/CIK0000000000.json,data.sec.gov,.json,,0.50,SEC EDGAR metadata provider always available,metadata_only,false,user_authorized_project_assessment_public_direct,,,resolve_sec_exhibits,sha256:c05591ab7e3ea85de6ffa60cc8fc223a69e06d95b4ee9ebacbfccf51f622e923
c5225a4c4eb718f0,carr_2024_q4,CARR,Carrier Global Corporation,2024 Q4,2024-12-31,sec_exhibit,sec_edgar,https://data.sec.gov/submissions/CIK0000000000.json,https://data.sec.gov/submissions/CIK0000000000.json,data.sec.gov,.json,,0.50,SEC EDGAR metadata provider always available,metadata_only,false,user_authorized_project_assessment_public_direct,,,resolve_sec_exhibits,sha256:1d5f534034141150864402c8d46c2e81ba4a87f20569592ad0151514ed085ce6
a0fad1e81afd430f,otis_2024_q4,OTIS,Otis Worldwide Corporation,2024 Q4,2024-12-31,sec_exhibit,sec_edgar,https://data.sec.gov/submissions/CIK0000000000.json,https://data.sec.gov/submissions/CIK0000000000.json,data.sec.gov,.json,,0.50,SEC EDGAR metadata provider always available,metadata_only,false,user_authorized_project_assessment_public_direct,,,resolve_sec_exhibits,sha256:3dc688ec915b95e2b15d41c4b0ced711e2a26cc6cd163aa9648ee1b1876286da
5dffd66d6d22cb70,ups_2024_q4,UPS,"United Parcel Service, Inc.",2024 Q4,2024-12-31,sec_exhibit,sec_edgar,https://data.sec.gov/submissions/CIK0000000000.json,https://data.sec.gov/submissions/CIK0000000000.json,data.sec.gov,.json,,0.50,SEC EDGAR metadata provider always available,metadata_only,false,user_authorized_project_assessment_public_direct,,,resolve_sec_exhibits,sha256:8ff18a2d485ee77b465a89ebe32c093853ee187a966d85fc4f628fdff0ff7060
c8f60fc17cde0d4b,fdx_2024_q4,FDX,FedEx Corporation,2024 Q4,2024-12-31,sec_exhibit,sec_edgar,https://data.sec.gov/submissions/CIK0000000000.json,https://data.sec.gov/submissions/CIK0000000000.json,data.sec.gov,.json,,0.50,SEC EDGAR metadata provider always available,metadata_only,false,user_authorized_project_assessment_public_direct,,,resolve_sec_exhibits,sha256:d49febfff1fb5f718a3eb16c810da0d352b54723504340bd6a50a0b58488c649
1f626ae3fcd6faac,dal_2024_q4,DAL,"Delta Air Lines, Inc.",2024 Q4,2024-12-31,sec_exhibit,sec_edgar,https://data.sec.gov/submissions/CIK0000000000.json,https://data.sec.gov/submissions/CIK0000000000.json,data.sec.gov,.json,,0.50,SEC EDGAR metadata provider always available,metadata_only,false,user_authorized_project_assessment_public_direct,,,resolve_sec_exhibits,sha256:cfe7f489c6e7046b09fb7294af33b42045df6b95dad87e33f8b05a005e815e41
7353e0c8a1d83004,unp_2024_q4,UNP,Union Pacific Corporation,2024 Q4,2024-12-31,sec_exhibit,sec_edgar,https://data.sec.gov/submissions/CIK0000000000.json,https://data.sec.gov/submissions/CIK0000000000.json,data.sec.gov,.json,,0.50,SEC EDGAR metadata provider always available,metadata_only,false,user_authorized_project_assessment_public_direct,,,resolve_sec_exhibits,sha256:7186240802f4af35e9ee0e1f48c6c6801824e9e5b6efe2a0815ce6891ba9fbce
ec5bd968a075c1ea,nsc_2024_q4,NSC,Norfolk Southern Corporation,2024 Q4,2024-12-31,sec_exhibit,sec_edgar,https://data.sec.gov/submissions/CIK0000000000.json,https://data.sec.gov/submissions/CIK0000000000.json,data.sec.gov,.json,,0.50,SEC EDGAR metadata provider always available,metadata_only,false,user_authorized_project_assessment_public_direct,,,resolve_sec_exhibits,sha256:1da48035123c95b75e3dd39a98f00c3c13961857489f8ccfebec9bc9a849f607
ab2c5e77d9dc4cad,hd_2024_q4,HD,"The Home Depot, Inc.",2024 Q4,2024-12-31,sec_exhibit,sec_edgar,https://data.sec.gov/submissions/CIK0000000000.json,https://data.sec.gov/submissions/CIK0000000000.json,data.sec.gov,.json,,0.50,SEC EDGAR metadata provider always available,metadata_only,false,user_authorized_project_assessment_public_direct,,,resolve_sec_exhibits,sha256:65e73a597f16fa03b25a18b09efc9e51d4c1faf0aa288e2cfd148c229b2e49bf
a89d196c6ead66ba,low_2024_q4,LOW,"Lowe's Companies, Inc.",2024 Q4,2024-12-31,sec_exhibit,sec_edgar,https://data.sec.gov/submissions/CIK0000000000.json,https://data.sec.gov/submissions/CIK0000000000.json,data.sec.gov,.json,,0.50,SEC EDGAR metadata provider always available,metadata_only,false,user_authorized_project_assessment_public_direct,,,resolve_sec_exhibits,sha256:aeccc53cc2e4eaeb85d5866fd24920be939c97cbb82789ffc8fbedd5bf3d3880
4818f6c71e3643ce,tgt_2024_q4,TGT,Target Corporation,2024 Q4,2024-12-31,sec_exhibit,sec_edgar,https://data.sec.gov/submissions/CIK0000000000.json,https://data.sec.gov/submissions/CIK0000000000.json,data.sec.gov,.json,,0.50,SEC EDGAR metadata provider always available,metadata_only,false,user_authorized_project_assessment_public_direct,,,resolve_sec_exhibits,sha256:4ae79507fea780da61b66ee550130938eabb8c64060bcd6e8332e713fb34ce61
10ba11d6e8de8702,kr_2024_q4,KR,The Kroger Co.,2024 Q4,2024-12-31,sec_exhibit,sec_edgar,https://data.sec.gov/submissions/CIK0000000000.json,https://data.sec.gov/submissions/CIK0000000000.json,data.sec.gov,.json,,0.50,SEC EDGAR metadata provider always available,metadata_only,false,user_authorized_project_assessment_public_direct,,,resolve_sec_exhibits,sha256:735918688ef92f776d6f943d5e610710ca6ae7d4501b07b1001eb9a29fe18a53
72f88bd002df0c95,dg_2024_q4,DG,Dollar General Corporation,2024 Q4,2024-12-31,sec_exhibit,sec_edgar,https://data.sec.gov/submissions/CIK0000000000.json,https://data.sec.gov/submissions/CIK0000000000.json,data.sec.gov,.json,,0.50,SEC EDGAR metadata provider always available,metadata_only,false,user_authorized_project_assessment_public_direct,,,resolve_sec_exhibits,sha256:a1565dc7f9e9b3f62cc4913b7d030e696f05cfbd1eca25af6d7dcea1268b2c89
baf52f631bd7e9bb,mcd_2024_q4,MCD,McDonald's Corporation,2024 Q4,2024-12-31,sec_exhibit,sec_edgar,https://data.sec.gov/submissions/CIK0000000000.json,https://data.sec.gov/submissions/CIK0000000000.json,data.sec.gov,.json,,0.50,SEC EDGAR metadata provider always available,metadata_only,false,user_authorized_project_assessment_public_direct,,,resolve_sec_exhibits,sha256:39b070b7ca89a7106060d2bb3012f53ffb06689fbc6a83c16ec435f986ab2eb1
508129e03a9d9885,yum_2024_q4,YUM,"Yum! Brands, Inc.",2024 Q4,2024-12-31,sec_exhibit,sec_edgar,https://data.sec.gov/submissions/CIK0000000000.json,https://data.sec.gov/submissions/CIK0000000000.json,data.sec.gov,.json,,0.50,SEC EDGAR metadata provider always available,metadata_only,false,user_authorized_project_assessment_public_direct,,,resolve_sec_exhibits,sha256:9fb8b1c0dcfb4bc4546791b64ce98580e3213fc1b0b1022307d73c6f15231146
4599e0cc32b81bd2,nke_2024_q4,NKE,"NIKE, Inc.",2024 Q4,2024-12-31,sec_exhibit,sec_edgar,https://data.sec.gov/submissions/CIK0000000000.json,https://data.sec.gov/submissions/CIK0000000000.json,data.sec.gov,.json,,0.50,SEC EDGAR metadata provider always available,metadata_only,false,user_authorized_project_assessment_public_direct,,,resolve_sec_exhibits,sha256:7bb33b24471007781656597a671e36142daa29480ddc8b00d3da45c9757e4442
1edf48cbeb007f86,dis_2024_q4,DIS,The Walt Disney Company,2024 Q4,2024-12-31,sec_exhibit,sec_edgar,https://data.sec.gov/submissions/CIK0000000000.json,https://data.sec.gov/submissions/CIK0000000000.json,data.sec.gov,.json,,0.50,SEC EDGAR metadata provider always available,metadata_only,false,user_authorized_project_assessment_public_direct,,,resolve_sec_exhibits,sha256:25fe1a1d8df96b745ab5902dc9f77f091f772f53f325261580e68c63be7e4e50
c2e817021bb7ad9c,ko_2024_q4,KO,The Coca-Cola Company,2024 Q4,2024-12-31,sec_exhibit,sec_edgar,https://data.sec.gov/submissions/CIK0000000000.json,https://data.sec.gov/submissions/CIK0000000000.json,data.sec.gov,.json,,0.50,SEC EDGAR metadata provider always available,metadata_only,false,user_authorized_project_assessment_public_direct,,,resolve_sec_exhibits,sha256:bdeb0b6589e116af78be0afdbd592b2dcb70de54a6def8e00d1b150d4cff0a5f
7b857161d9b6edc1,pg_2024_q4,PG,The Procter & Gamble Company,2024 Q4,2024-12-31,sec_exhibit,sec_edgar,https://data.sec.gov/submissions/CIK0000000000.json,https://data.sec.gov/submissions/CIK0000000000.json,data.sec.gov,.json,,0.50,SEC EDGAR metadata provider always available,metadata_only,false,user_authorized_project_assessment_public_direct,,,resolve_sec_exhibits,sha256:a3890c563fbced0d761505830ffb76928446081600ee82d68d918b7b23c6a26a
38e724aedfe42036,cl_2024_q4,CL,Colgate-Palmolive Company,2024 Q4,2024-12-31,sec_exhibit,sec_edgar,https://data.sec.gov/submissions/CIK0000000000.json,https://data.sec.gov/submissions/CIK0000000000.json,data.sec.gov,.json,,0.50,SEC EDGAR metadata provider always available,metadata_only,false,user_authorized_project_assessment_public_direct,,,resolve_sec_exhibits,sha256:e6f49186c0b99cfeff431aa156b5edcd045ddead95dfbca911002b63a55a29c0
fa177cfdfb3a8bd0,el_2024_q4,EL,The Estee Lauder Companies Inc.,2024 Q4,2024-12-31,sec_exhibit,sec_edgar,https://data.sec.gov/submissions/CIK0000000000.json,https://data.sec.gov/submissions/CIK0000000000.json,data.sec.gov,.json,,0.50,SEC EDGAR metadata provider always available,metadata_only,false,user_authorized_project_assessment_public_direct,,,resolve_sec_exhibits,sha256:92fbfcf515c253fcc4b9a6e8b533fd67e41ebb5ce5458ffba4b07cccd99fb7bc
970b684250b2de87,gis_2024_q4,GIS,"General Mills, Inc.",2024 Q4,2024-12-31,sec_exhibit,sec_edgar,https://data.sec.gov/submissions/CIK0000000000.json,https://data.sec.gov/submissions/CIK0000000000.json,data.sec.gov,.json,,0.50,SEC EDGAR metadata provider always available,metadata_only,false,user_authorized_project_assessment_public_direct,,,resolve_sec_exhibits,sha256:5509847edefce3ae03807e50ee477bb0b70a8e3628101ec8ba0eff516c86b919
a7b240269e44c477,hsy_2024_q4,HSY,The Hershey Company,2024 Q4,2024-12-31,sec_exhibit,sec_edgar,https://data.sec.gov/submissions/CIK0000000000.json,https://data.sec.gov/submissions/CIK0000000000.json,data.sec.gov,.json,,0.50,SEC EDGAR metadata provider always available,metadata_only,false,user_authorized_project_assessment_public_direct,,,resolve_sec_exhibits,sha256:af3825abb74bb9ffbf0625f1e080b2beb6afe399986145c7787c751bc4607c25
03cf45bfd3f4cb05,t_2024_q4,T,AT&T Inc.,2024 Q4,2024-12-31,sec_exhibit,sec_edgar,https://data.sec.gov/submissions/CIK0000000000.json,https://data.sec.gov/submissions/CIK0000000000.json,data.sec.gov,.json,,0.50,SEC EDGAR metadata provider always available,metadata_only,false,user_authorized_project_assessment_public_direct,,,resolve_sec_exhibits,sha256:aaa3745ff3fce9fffc7f34cf48d0dffad85731a53c66755fd17c7ad125a7d49f
66f8c125aad23022,vz_2024_q4,VZ,Verizon Communications Inc.,2024 Q4,2024-12-31,sec_exhibit,sec_edgar,https://data.sec.gov/submissions/CIK0000000000.json,https://data.sec.gov/submissions/CIK0000000000.json,data.sec.gov,.json,,0.50,SEC EDGAR metadata provider always available,metadata_only,false,user_authorized_project_assessment_public_direct,,,resolve_sec_exhibits,sha256:e8ba9f708e326de50c37443a57618928fc10f1c19b866508855d56a3467dc003
283bd8bfc4d0742e,ibm_2024_q4,IBM,International Business Machines Corporation,2024 Q4,2024-12-31,sec_exhibit,sec_edgar,https://data.sec.gov/submissions/CIK0000000000.json,https://data.sec.gov/submissions/CIK0000000000.json,data.sec.gov,.json,,0.50,SEC EDGAR metadata provider always available,metadata_only,false,user_authorized_project_assessment_public_direct,,,resolve_sec_exhibits,sha256:74aa6e06125babf2d1b1c9d4724c7722612826564569e1fcaab81e7d531254ca
9a6675f9f5738ffe,orcl_2024_q4,ORCL,Oracle Corporation,2024 Q4,2024-12-31,sec_exhibit,sec_edgar,https://data.sec.gov/submissions/CIK0000000000.json,https://data.sec.gov/submissions/CIK0000000000.json,data.sec.gov,.json,,0.50,SEC EDGAR metadata provider always available,metadata_only,false,user_authorized_project_assessment_public_direct,,,resolve_sec_exhibits,sha256:d32f3296d10cb20eae70cfda892fd44b4a9564b933f39902b36debb0e3a39ab6
430e2077a2824ad2,crm_2024_q4,CRM,"Salesforce, Inc.",2024 Q4,2024-12-31,sec_exhibit,sec_edgar,https://data.sec.gov/submissions/CIK0000000000.json,https://data.sec.gov/submissions/CIK0000000000.json,data.sec.gov,.json,,0.50,SEC EDGAR metadata provider always available,metadata_only,false,user_authorized_project_assessment_public_direct,,,resolve_sec_exhibits,sha256:88c4f6209f5a370b789ab76a5505a8b747da61bdc02cd53b95cf68a2fa40f8f2
8ae9e78277e8fbf5,now_2024_q4,NOW,"ServiceNow, Inc.",2024 Q4,2024-12-31,sec_exhibit,sec_edgar,https://data.sec.gov/submissions/CIK0000000000.json,https://data.sec.gov/submissions/CIK0000000000.json,data.sec.gov,.json,,0.50,SEC EDGAR metadata provider always available,metadata_only,false,user_authorized_project_assessment_public_direct,,,resolve_sec_exhibits,sha256:70a3def4119c594b4b2f01061494271ad992177a609ee7638250780397b21cc0
965f27ecc7b90ab5,acn_2024_q4,ACN,Accenture plc,2024 Q4,2024-12-31,sec_exhibit,sec_edgar,https://data.sec.gov/submissions/CIK0000000000.json,https://data.sec.gov/submissions/CIK0000000000.json,data.sec.gov,.json,,0.50,SEC EDGAR metadata provider always available,metadata_only,false,user_authorized_project_assessment_public_direct,,,resolve_sec_exhibits,sha256:856dc1529a74026daf1b5d3fe8179e35344cc894e56234f10d3eb2a0777a8d6e
2f3f4b4a3cb2d394,dell_2024_q4,DELL,Dell Technologies Inc.,2024 Q4,2024-12-31,sec_exhibit,sec_edgar,https://data.sec.gov/submissions/CIK0000000000.json,https://data.sec.gov/submissions/CIK0000000000.json,data.sec.gov,.json,,0.50,SEC EDGAR metadata provider always available,metadata_only,false,user_authorized_project_assessment_public_direct,,,resolve_sec_exhibits,sha256:f31aa44b27bb5e076640cf1e4abc03679344552c4dfbedb05c897f0fa33fcf7e
a89a7e7ed8943f34,hpq_2024_q4,HPQ,HP Inc.,2024 Q4,2024-12-31,sec_exhibit,sec_edgar,https://data.sec.gov/submissions/CIK0000000000.json,https://data.sec.gov/submissions/CIK0000000000.json,data.sec.gov,.json,,0.50,SEC EDGAR metadata provider always available,metadata_only,false,user_authorized_project_assessment_public_direct,,,resolve_sec_exhibits,sha256:486d77d402b2d481a276ae7d28109a7297a4c912cc43eab19c679c2e35ea1c93
ee1adbc8e6b35b2b,net_2024_q4,NET,"Cloudflare, Inc.",2024 Q4,2024-12-31,sec_exhibit,sec_edgar,https://data.sec.gov/submissions/CIK0000000000.json,https://data.sec.gov/submissions/CIK0000000000.json,data.sec.gov,.json,,0.50,SEC EDGAR metadata provider always available,metadata_only,false,user_authorized_project_assessment_public_direct,,,resolve_sec_exhibits,sha256:8917f6949a90a4dcb76bec3ddbd23e1d0f41069944f0c278c30d5da81760b151
7cf2bc69a9a102c6,snow_2024_q4,SNOW,Snowflake Inc.,2024 Q4,2024-12-31,sec_exhibit,sec_edgar,https://data.sec.gov/submissions/CIK0000000000.json,https://data.sec.gov/submissions/CIK0000000000.json,data.sec.gov,.json,,0.50,SEC EDGAR metadata provider always available,metadata_only,false,user_authorized_project_assessment_public_direct,,,resolve_sec_exhibits,sha256:7f0fbce00577d71a38dc1831234adadf5ff38447c4ed3a69788a36780adc1a5a
62fffa6613b9d16f,jpm_2023_q4,JPM,JPMorgan Chase & Co.,2023 Q4,2023-12-31,sec_exhibit,sec_edgar,https://data.sec.gov/submissions/CIK0000000000.json,https://data.sec.gov/submissions/CIK0000000000.json,data.sec.gov,.json,,0.50,SEC EDGAR metadata provider always available,metadata_only,false,user_authorized_project_assessment_public_direct,,,resolve_sec_exhibits,sha256:3872a989ab2be979129a81b517c2d0a2fa9eea4402543806bb34c90ef54843f8
3a8066b2934bb481,bac_2023_q4,BAC,Bank of America Corporation,2023 Q4,2023-12-31,sec_exhibit,sec_edgar,https://data.sec.gov/submissions/CIK0000000000.json,https://data.sec.gov/submissions/CIK0000000000.json,data.sec.gov,.json,,0.50,SEC EDGAR metadata provider always available,metadata_only,false,user_authorized_project_assessment_public_direct,,,resolve_sec_exhibits,sha256:6e35286fd3065fb97320e0a98ffe10feed7379b278235b0719a7b7df5f53285a
6250cb1e1f8b94c7,c_2023_q4,C,Citigroup Inc.,2023 Q4,2023-12-31,sec_exhibit,sec_edgar,https://data.sec.gov/submissions/CIK0000000000.json,https://data.sec.gov/submissions/CIK0000000000.json,data.sec.gov,.json,,0.50,SEC EDGAR metadata provider always available,metadata_only,false,user_authorized_project_assessment_public_direct,,,resolve_sec_exhibits,sha256:691df47354e6ed1d8c67d3b82cb07745721a06e13968f369c3283d02d8558c3f
ffcdc0616e660d10,wfc_2023_q4,WFC,Wells Fargo & Company,2023 Q4,2023-12-31,sec_exhibit,sec_edgar,https://data.sec.gov/submissions/CIK0000000000.json,https://data.sec.gov/submissions/CIK0000000000.json,data.sec.gov,.json,,0.50,SEC EDGAR metadata provider always available,metadata_only,false,user_authorized_project_assessment_public_direct,,,resolve_sec_exhibits,sha256:210457661935d4b39b9a4a36cfa6ca124ff98ca9dab460f4fd1528e9d7c5a13a
5dc7e4f4d9ea70a7,gs_2023_q4,GS,"The Goldman Sachs Group, Inc.",2023 Q4,2023-12-31,sec_exhibit,sec_edgar,https://data.sec.gov/submissions/CIK0000000000.json,https://data.sec.gov/submissions/CIK0000000000.json,data.sec.gov,.json,,0.50,SEC EDGAR metadata provider always available,metadata_only,false,user_authorized_project_assessment_public_direct,,,resolve_sec_exhibits,sha256:c3bad773bbfbb371ecdb890c95fe7687f70572d29520d5cffd9a1affcb12293e
7f26d66908a72700,ms_2023_q4,MS,Morgan Stanley,2023 Q4,2023-12-31,sec_exhibit,sec_edgar,https://data.sec.gov/submissions/CIK0000000000.json,https://data.sec.gov/submissions/CIK0000000000.json,data.sec.gov,.json,,0.50,SEC EDGAR metadata provider always available,metadata_only,false,user_authorized_project_assessment_public_direct,,,resolve_sec_exhibits,sha256:dfcda11554965be4b14d48761becb62e85588577795a5a713e11ec743075917f
bcdee1fa58cdf096,bk_2023_q4,BK,The Bank of New York Mellon Corporation,2023 Q4,2023-12-31,sec_exhibit,sec_edgar,https://data.sec.gov/submissions/CIK0000000000.json,https://data.sec.gov/submissions/CIK0000000000.json,data.sec.gov,.json,,0.50,SEC EDGAR metadata provider always available,metadata_only,false,user_authorized_project_assessment_public_direct,,,resolve_sec_exhibits,sha256:29400bdfadcad3fe95e9fd40c47c376fae7d7d05913e371cc3ebe4b93073a2da
4692faddb0d0c49f,stt_2023_q4,STT,State Street Corporation,2023 Q4,2023-12-31,sec_exhibit,sec_edgar,https://data.sec.gov/submissions/CIK0000000000.json,https://data.sec.gov/submissions/CIK0000000000.json,data.sec.gov,.json,,0.50,SEC EDGAR metadata provider always available,metadata_only,false,user_authorized_project_assessment_public_direct,,,resolve_sec_exhibits,sha256:6b758a39cffebc555481f789d6a0af89741a6f675d25eaa7be47231238b83740
4e62b6003a223bae,usb_2023_q4,USB,U.S. Bancorp,2023 Q4,2023-12-31,sec_exhibit,sec_edgar,https://data.sec.gov/submissions/CIK0000000000.json,https://data.sec.gov/submissions/CIK0000000000.json,data.sec.gov,.json,,0.50,SEC EDGAR metadata provider always available,metadata_only,false,user_authorized_project_assessment_public_direct,,,resolve_sec_exhibits,sha256:7cc3cb55b0d10ce5f887f00bc2195ad16921ebe9cc8e3cbdc090ba17d8fe15d5
c100475369e65fff,pnc_2023_q4,PNC,"The PNC Financial Services Group, Inc.",2023 Q4,2023-12-31,sec_exhibit,sec_edgar,https://data.sec.gov/submissions/CIK0000000000.json,https://data.sec.gov/submissions/CIK0000000000.json,data.sec.gov,.json,,0.50,SEC EDGAR metadata provider always available,metadata_only,false,user_authorized_project_assessment_public_direct,,,resolve_sec_exhibits,sha256:c4e9c469016de25be855d46a72280728e9ff777267964a88fe8e424e53009c4f
5c809bc976f885e3,tfc_2023_q4,TFC,Truist Financial Corporation,2023 Q4,2023-12-31,sec_exhibit,sec_edgar,https://data.sec.gov/submissions/CIK0000000000.json,https://data.sec.gov/submissions/CIK0000000000.json,data.sec.gov,.json,,0.50,SEC EDGAR metadata provider always available,metadata_only,false,user_authorized_project_assessment_public_direct,,,resolve_sec_exhibits,sha256:9523395ce183805fe47b6c6802db3e1b14af1883cae835f9d18c3b068f26504b
7f81c7e662bc1e2d,cof_2023_q4,COF,Capital One Financial Corporation,2023 Q4,2023-12-31,sec_exhibit,sec_edgar,https://data.sec.gov/submissions/CIK0000000000.json,https://data.sec.gov/submissions/CIK0000000000.json,data.sec.gov,.json,,0.50,SEC EDGAR metadata provider always available,metadata_only,false,user_authorized_project_assessment_public_direct,,,resolve_sec_exhibits,sha256:6b7ed621fba62d1261e1f45706fddd980c799a39d2bdb4c6e0acc02dc0c462d4
72011ddebb380124,axp_2023_q4,AXP,American Express Company,2023 Q4,2023-12-31,sec_exhibit,sec_edgar,https://data.sec.gov/submissions/CIK0000000000.json,https://data.sec.gov/submissions/CIK0000000000.json,data.sec.gov,.json,,0.50,SEC EDGAR metadata provider always available,metadata_only,false,user_authorized_project_assessment_public_direct,,,resolve_sec_exhibits,sha256:e09bc07424d03c792f94bdb09861d97a91604b8f4fdf6899d4896ecf9e91823b
b19df3c54be3cea4,v_2023_q4,V,Visa Inc.,2023 Q4,2023-12-31,sec_exhibit,sec_edgar,https://data.sec.gov/submissions/CIK0000000000.json,https://data.sec.gov/submissions/CIK0000000000.json,data.sec.gov,.json,,0.50,SEC EDGAR metadata provider always available,metadata_only,false,user_authorized_project_assessment_public_direct,,,resolve_sec_exhibits,sha256:4c53f27674867af785041e317acb098d2f3eb623d8ac19123f87c2c391a3cdc9
8a37477281d51bd9,ma_2023_q4,MA,Mastercard Incorporated,2023 Q4,2023-12-31,sec_exhibit,sec_edgar,https://data.sec.gov/submissions/CIK0000000000.json,https://data.sec.gov/submissions/CIK0000000000.json,data.sec.gov,.json,,0.50,SEC EDGAR metadata provider always available,metadata_only,false,user_authorized_project_assessment_public_direct,,,resolve_sec_exhibits,sha256:44349d3cc2304802bfd2ff07156377d3e2ec0094d86ac7acc558408f399adf4a
362027fc887d93ef,fis_2023_q4,FIS,"Fidelity National Information Services, Inc.",2023 Q4,2023-12-31,sec_exhibit,sec_edgar,https://data.sec.gov/submissions/CIK0000000000.json,https://data.sec.gov/submissions/CIK0000000000.json,data.sec.gov,.json,,0.50,SEC EDGAR metadata provider always available,metadata_only,false,user_authorized_project_assessment_public_direct,,,resolve_sec_exhibits,sha256:eb319db67116d6aedebdcba95d00d7531d027499401025bd17137375edfd65ad
75f8dbe87c3cf28b,gpn_2023_q4,GPN,Global Payments Inc.,2023 Q4,2023-12-31,sec_exhibit,sec_edgar,https://data.sec.gov/submissions/CIK0000000000.json,https://data.sec.gov/submissions/CIK0000000000.json,data.sec.gov,.json,,0.50,SEC EDGAR metadata provider always available,metadata_only,false,user_authorized_project_assessment_public_direct,,,resolve_sec_exhibits,sha256:c2dce241640ffb1017f54fbbbaad2b45a752ff873db2cf29d58865943283a06c
8d23787a71d006a7,blk_2023_q4,BLK,"BlackRock, Inc.",2023 Q4,2023-12-31,sec_exhibit,sec_edgar,https://data.sec.gov/submissions/CIK0000000000.json,https://data.sec.gov/submissions/CIK0000000000.json,data.sec.gov,.json,,0.50,SEC EDGAR metadata provider always available,metadata_only,false,user_authorized_project_assessment_public_direct,,,resolve_sec_exhibits,sha256:fb0c9b65efdcf92b5ed56b9f5ac929bfdf571315b6e667da453ef936cf45ad91
65ca59822e52343f,bx_2023_q4,BX,Blackstone Inc.,2023 Q4,2023-12-31,sec_exhibit,sec_edgar,https://data.sec.gov/submissions/CIK0000000000.json,https://data.sec.gov/submissions/CIK0000000000.json,data.sec.gov,.json,,0.50,SEC EDGAR metadata provider always available,metadata_only,false,user_authorized_project_assessment_public_direct,,,resolve_sec_exhibits,sha256:382d21f9b2432afc019680d4805919582800f1c523556e9a5d092e327e85fd14
585fa841165bb3ec,schw_2023_q4,SCHW,The Charles Schwab Corporation,2023 Q4,2023-12-31,sec_exhibit,sec_edgar,https://data.sec.gov/submissions/CIK0000000000.json,https://data.sec.gov/submissions/CIK0000000000.json,data.sec.gov,.json,,0.50,SEC EDGAR metadata provider always available,metadata_only,false,user_authorized_project_assessment_public_direct,,,resolve_sec_exhibits,sha256:12b8fd3c2a273cfd03e9a39011bb607e329d0469f02ee226a556d3e76260795a
41df009c24fa88d8,ice_2023_q4,ICE,"Intercontinental Exchange, Inc.",2023 Q4,2023-12-31,sec_exhibit,sec_edgar,https://data.sec.gov/submissions/CIK0000000000.json,https://data.sec.gov/submissions/CIK0000000000.json,data.sec.gov,.json,,0.50,SEC EDGAR metadata provider always available,metadata_only,false,user_authorized_project_assessment_public_direct,,,resolve_sec_exhibits,sha256:1d53bb7b8ccc890d3c72c406193ef2c3886d6f181293192948519a0e01090f53
4183c0a65bc1fda3,spgi_2023_q4,SPGI,S&P Global Inc.,2023 Q4,2023-12-31,sec_exhibit,sec_edgar,https://data.sec.gov/submissions/CIK0000000000.json,https://data.sec.gov/submissions/CIK0000000000.json,data.sec.gov,.json,,0.50,SEC EDGAR metadata provider always available,metadata_only,false,user_authorized_project_assessment_public_direct,,,resolve_sec_exhibits,sha256:6a67aba2cf0c7e407cc3a8cbc3bfcac005da254d13065043c9b4fe74aa5b67e5
0934b43b3bae71bf,mco_2023_q4,MCO,Moody's Corporation,2023 Q4,2023-12-31,sec_exhibit,sec_edgar,https://data.sec.gov/submissions/CIK0000000000.json,https://data.sec.gov/submissions/CIK0000000000.json,data.sec.gov,.json,,0.50,SEC EDGAR metadata provider always available,metadata_only,false,user_authorized_project_assessment_public_direct,,,resolve_sec_exhibits,sha256:3af9493201b368cf834751075fa080a225e79568edf4062297ba0ba0f4c0a75f
d8efd97b7d8418f6,aon_2023_q4,AON,Aon plc,2023 Q4,2023-12-31,sec_exhibit,sec_edgar,https://data.sec.gov/submissions/CIK0000000000.json,https://data.sec.gov/submissions/CIK0000000000.json,data.sec.gov,.json,,0.50,SEC EDGAR metadata provider always available,metadata_only,false,user_authorized_project_assessment_public_direct,,,resolve_sec_exhibits,sha256:56dfb968c613153b572d18009621ae943282ccfd703843e1568d68939aff16da
76d3e281b71f9455,aig_2023_q4,AIG,"American International Group, Inc.",2023 Q4,2023-12-31,sec_exhibit,sec_edgar,https://data.sec.gov/submissions/CIK0000000000.json,https://data.sec.gov/submissions/CIK0000000000.json,data.sec.gov,.json,,0.50,SEC EDGAR metadata provider always available,metadata_only,false,user_authorized_project_assessment_public_direct,,,resolve_sec_exhibits,sha256:7e51ecf4bf73fa130f51f11f9a39c25cd50d906adc4fb7f634ce4b3abc7c7960
30d519f3291d7bec,met_2023_q4,MET,"MetLife, Inc.",2023 Q4,2023-12-31,sec_exhibit,sec_edgar,https://data.sec.gov/submissions/CIK0000000000.json,https://data.sec.gov/submissions/CIK0000000000.json,data.sec.gov,.json,,0.50,SEC EDGAR metadata provider always available,metadata_only,false,user_authorized_project_assessment_public_direct,,,resolve_sec_exhibits,sha256:9c87bba5d1d1d47f07257d203efe0c032944e2d157b69722b508dd3b003252f4
3501b97031db1806,pru_2023_q4,PRU,"Prudential Financial, Inc.",2023 Q4,2023-12-31,sec_exhibit,sec_edgar,https://data.sec.gov/submissions/CIK0000000000.json,https://data.sec.gov/submissions/CIK0000000000.json,data.sec.gov,.json,,0.50,SEC EDGAR metadata provider always available,metadata_only,false,user_authorized_project_assessment_public_direct,,,resolve_sec_exhibits,sha256:ac5bbcc531c5aa36c292bc367985f915acb12d93036415981e6fb99ee19f597d
91b3874867dd2e7e,trv_2023_q4,TRV,"The Travelers Companies, Inc.",2023 Q4,2023-12-31,sec_exhibit,sec_edgar,https://data.sec.gov/submissions/CIK0000000000.json,https://data.sec.gov/submissions/CIK0000000000.json,data.sec.gov,.json,,0.50,SEC EDGAR metadata provider always available,metadata_only,false,user_authorized_project_assessment_public_direct,,,resolve_sec_exhibits,sha256:5fbd10a478bbbaf77e966a7ca15fc854e87da79e22446fd1c2fc2a8bf8b34e40
0b208ba1e0d801f8,cb_2023_q4,CB,Chubb Limited,2023 Q4,2023-12-31,sec_exhibit,sec_edgar,https://data.sec.gov/submissions/CIK0000000000.json,https://data.sec.gov/submissions/CIK0000000000.json,data.sec.gov,.json,,0.50,SEC EDGAR metadata provider always available,metadata_only,false,user_authorized_project_assessment_public_direct,,,resolve_sec_exhibits,sha256:af111e9dca115bbd9526b86e568a57ec115f544176ba17043727f9555e0bd299
b61f07bb12ca6725,jnj_2023_q4,JNJ,Johnson & Johnson,2023 Q4,2023-12-31,sec_exhibit,sec_edgar,https://data.sec.gov/submissions/CIK0000000000.json,https://data.sec.gov/submissions/CIK0000000000.json,data.sec.gov,.json,,0.50,SEC EDGAR metadata provider always available,metadata_only,false,user_authorized_project_assessment_public_direct,,,resolve_sec_exhibits,sha256:88ad3aff8c9b072e5c639f444e59f2de018eec39d063f2124d054637ebaadf14
65f214c2b7e6af0b,lly_2023_q4,LLY,Eli Lilly and Company,2023 Q4,2023-12-31,sec_exhibit,sec_edgar,https://data.sec.gov/submissions/CIK0000000000.json,https://data.sec.gov/submissions/CIK0000000000.json,data.sec.gov,.json,,0.50,SEC EDGAR metadata provider always available,metadata_only,false,user_authorized_project_assessment_public_direct,,,resolve_sec_exhibits,sha256:0c90823e5b49bc414a561c6e69788829477b60d7b693672aa040a94d081e616b
ec1bb8167a4b6354,mrk_2023_q4,MRK,"Merck & Co., Inc.",2023 Q4,2023-12-31,sec_exhibit,sec_edgar,https://data.sec.gov/submissions/CIK0000000000.json,https://data.sec.gov/submissions/CIK0000000000.json,data.sec.gov,.json,,0.50,SEC EDGAR metadata provider always available,metadata_only,false,user_authorized_project_assessment_public_direct,,,resolve_sec_exhibits,sha256:8629afde7a27e1c8876ad7c02db6d23bd658cd641153ce98486d0c36548ca293
eb467bf4a3176591,pfe_2023_q4,PFE,Pfizer Inc.,2023 Q4,2023-12-31,sec_exhibit,sec_edgar,https://data.sec.gov/submissions/CIK0000000000.json,https://data.sec.gov/submissions/CIK0000000000.json,data.sec.gov,.json,,0.50,SEC EDGAR metadata provider always available,metadata_only,false,user_authorized_project_assessment_public_direct,,,resolve_sec_exhibits,sha256:88ad0c67873c0c8f233e5a3cc78076b53d26c4d3473bad279deda08e0002ff50
fc3de1abb6cfe006,unh_2023_q4,UNH,UnitedHealth Group Incorporated,2023 Q4,2023-12-31,sec_exhibit,sec_edgar,https://data.sec.gov/submissions/CIK0000000000.json,https://data.sec.gov/submissions/CIK0000000000.json,data.sec.gov,.json,,0.50,SEC EDGAR metadata provider always available,metadata_only,false,user_authorized_project_assessment_public_direct,,,resolve_sec_exhibits,sha256:16dda3b1dc2a741a4078d3e62db686d40009decc08ae0755f087252b746d8a92
7937bafe5d1c2ff4,cvs_2023_q4,CVS,CVS Health Corporation,2023 Q4,2023-12-31,sec_exhibit,sec_edgar,https://data.sec.gov/submissions/CIK0000000000.json,https://data.sec.gov/submissions/CIK0000000000.json,data.sec.gov,.json,,0.50,SEC EDGAR metadata provider always available,metadata_only,false,user_authorized_project_assessment_public_direct,,,resolve_sec_exhibits,sha256:527155e917e54e4cfff14167bf75222875629b5cc504e48802ed03005543ce0a
194fa12691985a4b,abt_2023_q4,ABT,Abbott Laboratories,2023 Q4,2023-12-31,sec_exhibit,sec_edgar,https://data.sec.gov/submissions/CIK0000000000.json,https://data.sec.gov/submissions/CIK0000000000.json,data.sec.gov,.json,,0.50,SEC EDGAR metadata provider always available,metadata_only,false,user_authorized_project_assessment_public_direct,,,resolve_sec_exhibits,sha256:fa6ecf32c02ab966ace318e5fefa6bff945ff38d4f0239de910902ec2a52b38b
9e6a76aa208b50ad,bmy_2023_q4,BMY,Bristol Myers Squibb Company,2023 Q4,2023-12-31,sec_exhibit,sec_edgar,https://data.sec.gov/submissions/CIK0000000000.json,https://data.sec.gov/submissions/CIK0000000000.json,data.sec.gov,.json,,0.50,SEC EDGAR metadata provider always available,metadata_only,false,user_authorized_project_assessment_public_direct,,,resolve_sec_exhibits,sha256:d8aba7702189b9754aeb2ed28f24f3b7219e7abebd5f30a657d2743d65ec80e6
2bbe4cdb0ac19830,mdt_2023_q4,MDT,Medtronic plc,2023 Q4,2023-12-31,sec_exhibit,sec_edgar,https://data.sec.gov/submissions/CIK0000000000.json,https://data.sec.gov/submissions/CIK0000000000.json,data.sec.gov,.json,,0.50,SEC EDGAR metadata provider always available,metadata_only,false,user_authorized_project_assessment_public_direct,,,resolve_sec_exhibits,sha256:f1dedc714a680ab022a7a035b977ddf2b1bfa5763c4339ff453090d7251b6c85
80259e403cf7a44e,tmo_2023_q4,TMO,Thermo Fisher Scientific Inc.,2023 Q4,2023-12-31,sec_exhibit,sec_edgar,https://data.sec.gov/submissions/CIK0000000000.json,https://data.sec.gov/submissions/CIK0000000000.json,data.sec.gov,.json,,0.50,SEC EDGAR metadata provider always available,metadata_only,false,user_authorized_project_assessment_public_direct,,,resolve_sec_exhibits,sha256:16b846bc23615d9fb4eaded42d3bdfb552e45f38fc4dedfbfbf74b46bfa582b2
5697d3a1f6176e9f,dhr_2023_q4,DHR,Danaher Corporation,2023 Q4,2023-12-31,sec_exhibit,sec_edgar,https://data.sec.gov/submissions/CIK0000000000.json,https://data.sec.gov/submissions/CIK0000000000.json,data.sec.gov,.json,,0.50,SEC EDGAR metadata provider always available,metadata_only,false,user_authorized_project_assessment_public_direct,,,resolve_sec_exhibits,sha256:da11917723c9189ea3ec546060316a1a5f6eb0ad7ec762f18bf0ff21ae676d08
62d3ec11961a925b,bdx_2023_q4,BDX,"Becton, Dickinson and Company",2023 Q4,2023-12-31,sec_exhibit,sec_edgar,https://data.sec.gov/submissions/CIK0000000000.json,https://data.sec.gov/submissions/CIK0000000000.json,data.sec.gov,.json,,0.50,SEC EDGAR metadata provider always available,metadata_only,false,user_authorized_project_assessment_public_direct,,,resolve_sec_exhibits,sha256:1cbaa7c202f200455b1d12b3b92c6a28240a5214c92982edff21607402b7de25
4d8c90c5396d5718,ci_2023_q4,CI,The Cigna Group,2023 Q4,2023-12-31,sec_exhibit,sec_edgar,https://data.sec.gov/submissions/CIK0000000000.json,https://data.sec.gov/submissions/CIK0000000000.json,data.sec.gov,.json,,0.50,SEC EDGAR metadata provider always available,metadata_only,false,user_authorized_project_assessment_public_direct,,,resolve_sec_exhibits,sha256:954d0e63fc32ddf7c8e1f2d740bacea08f072f27bab4b1da7224d52bc5382936
6e3028cd9ab31446,hca_2023_q4,HCA,"HCA Healthcare, Inc.",2023 Q4,2023-12-31,sec_exhibit,sec_edgar,https://data.sec.gov/submissions/CIK0000000000.json,https://data.sec.gov/submissions/CIK0000000000.json,data.sec.gov,.json,,0.50,SEC EDGAR metadata provider always available,metadata_only,false,user_authorized_project_assessment_public_direct,,,resolve_sec_exhibits,sha256:3a4a3dcf5d9e3213f40c3f241bf6dfb19e5860180739ffcf49fcf0289e6d1643
515de7b007b5d8c6,syk_2023_q4,SYK,Stryker Corporation,2023 Q4,2023-12-31,sec_exhibit,sec_edgar,https://data.sec.gov/submissions/CIK0000000000.json,https://data.sec.gov/submissions/CIK0000000000.json,data.sec.gov,.json,,0.50,SEC EDGAR metadata provider always available,metadata_only,false,user_authorized_project_assessment_public_direct,,,resolve_sec_exhibits,sha256:e520637caf71adf7c4b4b1bcce7e242014db052960d5f68122a9a712a45d6d7a
5a515e6657818114,xom_2023_q4,XOM,Exxon Mobil Corporation,2023 Q4,2023-12-31,sec_exhibit,sec_edgar,https://data.sec.gov/submissions/CIK0000000000.json,https://data.sec.gov/submissions/CIK0000000000.json,data.sec.gov,.json,,0.50,SEC EDGAR metadata provider always available,metadata_only,false,user_authorized_project_assessment_public_direct,,,resolve_sec_exhibits,sha256:8535b9e672b8d6e40cd338c102a332ec265613ed10a8efa989896d7bb2ef6aa9
c3341c972c3fc6e2,cvx_2023_q4,CVX,Chevron Corporation,2023 Q4,2023-12-31,sec_exhibit,sec_edgar,https://data.sec.gov/submissions/CIK0000000000.json,https://data.sec.gov/submissions/CIK0000000000.json,data.sec.gov,.json,,0.50,SEC EDGAR metadata provider always available,metadata_only,false,user_authorized_project_assessment_public_direct,,,resolve_sec_exhibits,sha256:a3346e15670ce96578338e390fb7c19241b961a7ea721c34f771b839a8f6ff0d
051306e817a4f935,cop_2023_q4,COP,ConocoPhillips,2023 Q4,2023-12-31,sec_exhibit,sec_edgar,https://data.sec.gov/submissions/CIK0000000000.json,https://data.sec.gov/submissions/CIK0000000000.json,data.sec.gov,.json,,0.50,SEC EDGAR metadata provider always available,metadata_only,false,user_authorized_project_assessment_public_direct,,,resolve_sec_exhibits,sha256:97cada934503bbf517233b1e7dd7c6a7568268cb3190d91470a4376ae6c69195
7e4777b791d01ff6,slb_2023_q4,SLB,SLB,2023 Q4,2023-12-31,sec_exhibit,sec_edgar,https://data.sec.gov/submissions/CIK0000000000.json,https://data.sec.gov/submissions/CIK0000000000.json,data.sec.gov,.json,,0.50,SEC EDGAR metadata provider always available,metadata_only,false,user_authorized_project_assessment_public_direct,,,resolve_sec_exhibits,sha256:62a2f66f007a1d0c8b0f6b57728020f0703d7953795f6c743d61c05e8e09bfc8
e4f23f3b3b115fb7,hal_2023_q4,HAL,Halliburton Company,2023 Q4,2023-12-31,sec_exhibit,sec_edgar,https://data.sec.gov/submissions/CIK0000000000.json,https://data.sec.gov/submissions/CIK0000000000.json,data.sec.gov,.json,,0.50,SEC EDGAR metadata provider always available,metadata_only,false,user_authorized_project_assessment_public_direct,,,resolve_sec_exhibits,sha256:8fbde08f5c99904aa37d59c6aef8e0bbfa908fe0f8bb98364236a0d783cc9eb5
d73ec77d086e073c,eog_2023_q4,EOG,"EOG Resources, Inc.",2023 Q4,2023-12-31,sec_exhibit,sec_edgar,https://data.sec.gov/submissions/CIK0000000000.json,https://data.sec.gov/submissions/CIK0000000000.json,data.sec.gov,.json,,0.50,SEC EDGAR metadata provider always available,metadata_only,false,user_authorized_project_assessment_public_direct,,,resolve_sec_exhibits,sha256:4f37eea4fd849b8547ee48733c30109e123737f2b3a6aa18261d4f290e3c1060
f339372b657cff27,oxy_2023_q4,OXY,Occidental Petroleum Corporation,2023 Q4,2023-12-31,sec_exhibit,sec_edgar,https://data.sec.gov/submissions/CIK0000000000.json,https://data.sec.gov/submissions/CIK0000000000.json,data.sec.gov,.json,,0.50,SEC EDGAR metadata provider always available,metadata_only,false,user_authorized_project_assessment_public_direct,,,resolve_sec_exhibits,sha256:0dd08a2972deb1dd1f86d3e71f189d850ea23ed6d94fa1af832c3031cc0b81e3
3272d1d74dc6853a,mpc_2023_q4,MPC,Marathon Petroleum Corporation,2023 Q4,2023-12-31,sec_exhibit,sec_edgar,https://data.sec.gov/submissions/CIK0000000000.json,https://data.sec.gov/submissions/CIK0000000000.json,data.sec.gov,.json,,0.50,SEC EDGAR metadata provider always available,metadata_only,false,user_authorized_project_assessment_public_direct,,,resolve_sec_exhibits,sha256:4fa5a8dd94ebe4f316cfc9f5d0857222f71eccd50bce83d7cbc647a156a41645
0644cd2b9e720aed,psx_2023_q4,PSX,Phillips 66,2023 Q4,2023-12-31,sec_exhibit,sec_edgar,https://data.sec.gov/submissions/CIK0000000000.json,https://data.sec.gov/submissions/CIK0000000000.json,data.sec.gov,.json,,0.50,SEC EDGAR metadata provider always available,metadata_only,false,user_authorized_project_assessment_public_direct,,,resolve_sec_exhibits,sha256:78c7891c9c50b1dddfb4c4ae93ae14b58d56706f99803911cb6a22e9168133aa
281bcbf7391137b6,vlo_2023_q4,VLO,Valero Energy Corporation,2023 Q4,2023-12-31,sec_exhibit,sec_edgar,https://data.sec.gov/submissions/CIK0000000000.json,https://data.sec.gov/submissions/CIK0000000000.json,data.sec.gov,.json,,0.50,SEC EDGAR metadata provider always available,metadata_only,false,user_authorized_project_assessment_public_direct,,,resolve_sec_exhibits,sha256:a98426e2ff8096b04dee27e18b9e5f62bc1e990ec81158d6412e7de69046066e
7e5b7f88eb86f966,ba_2023_q4,BA,The Boeing Company,2023 Q4,2023-12-31,sec_exhibit,sec_edgar,https://data.sec.gov/submissions/CIK0000000000.json,https://data.sec.gov/submissions/CIK0000000000.json,data.sec.gov,.json,,0.50,SEC EDGAR metadata provider always available,metadata_only,false,user_authorized_project_assessment_public_direct,,,resolve_sec_exhibits,sha256:d241a2f2abff26babd1fe0cccabe18f36982c787db7f08f35dbdc3c8d927abea
74cf67d2d6a76d5b,rtx_2023_q4,RTX,RTX Corporation,2023 Q4,2023-12-31,sec_exhibit,sec_edgar,https://data.sec.gov/submissions/CIK0000000000.json,https://data.sec.gov/submissions/CIK0000000000.json,data.sec.gov,.json,,0.50,SEC EDGAR metadata provider always available,metadata_only,false,user_authorized_project_assessment_public_direct,,,resolve_sec_exhibits,sha256:5bdf7f2c25fadad0b4a3ccfa293c644f899d30aeb0d65aa0baaca299c7e3ceef
f1d5c79727a82ce1,lmt_2023_q4,LMT,Lockheed Martin Corporation,2023 Q4,2023-12-31,sec_exhibit,sec_edgar,https://data.sec.gov/submissions/CIK0000000000.json,https://data.sec.gov/submissions/CIK0000000000.json,data.sec.gov,.json,,0.50,SEC EDGAR metadata provider always available,metadata_only,false,user_authorized_project_assessment_public_direct,,,resolve_sec_exhibits,sha256:b0c62c0189bd62096d5ea597bf8d1dd7a027a1c9f529a38e96ddeeed8c9c2ab4
7a0c0f5b0e5daada,noc_2023_q4,NOC,Northrop Grumman Corporation,2023 Q4,2023-12-31,sec_exhibit,sec_edgar,https://data.sec.gov/submissions/CIK0000000000.json,https://data.sec.gov/submissions/CIK0000000000.json,data.sec.gov,.json,,0.50,SEC EDGAR metadata provider always available,metadata_only,false,user_authorized_project_assessment_public_direct,,,resolve_sec_exhibits,sha256:ddbe0a8a25a478581d52c07c291d41323beec6d4cdf7d69c2f1601947468079a
dd34ea8ad22e11c2,gd_2023_q4,GD,General Dynamics Corporation,2023 Q4,2023-12-31,sec_exhibit,sec_edgar,https://data.sec.gov/submissions/CIK0000000000.json,https://data.sec.gov/submissions/CIK0000000000.json,data.sec.gov,.json,,0.50,SEC EDGAR metadata provider always available,metadata_only,false,user_authorized_project_assessment_public_direct,,,resolve_sec_exhibits,sha256:6ef3c1677add8b6ad85227631ca80ee7098846cb67478de4ec803cbb386beca6
d61b803ba94be16a,cat_2023_q4,CAT,Caterpillar Inc.,2023 Q4,2023-12-31,sec_exhibit,sec_edgar,https://data.sec.gov/submissions/CIK0000000000.json,https://data.sec.gov/submissions/CIK0000000000.json,data.sec.gov,.json,,0.50,SEC EDGAR metadata provider always available,metadata_only,false,user_authorized_project_assessment_public_direct,,,resolve_sec_exhibits,sha256:f8d65e0cbdf6895c6b934992b5b0c5d603553fb7bd39f4bb90f59b2214913af3
713b1a27cfa01e83,de_2023_q4,DE,Deere & Company,2023 Q4,2023-12-31,sec_exhibit,sec_edgar,https://data.sec.gov/submissions/CIK0000000000.json,https://data.sec.gov/submissions/CIK0000000000.json,data.sec.gov,.json,,0.50,SEC EDGAR metadata provider always available,metadata_only,false,user_authorized_project_assessment_public_direct,,,resolve_sec_exhibits,sha256:431b458cadd18a347d780b4dda563d02b80393392859d5a43c8df8e33240b9ef
21803d475240b29c,ge_2023_q4,GE,GE Aerospace,2023 Q4,2023-12-31,sec_exhibit,sec_edgar,https://data.sec.gov/submissions/CIK0000000000.json,https://data.sec.gov/submissions/CIK0000000000.json,data.sec.gov,.json,,0.50,SEC EDGAR metadata provider always available,metadata_only,false,user_authorized_project_assessment_public_direct,,,resolve_sec_exhibits,sha256:e6e94cab9e25e14b83455146a472d34cef8351943752b1cce00302e6b1b8b868
849ac6dce7c86c5d,etn_2023_q4,ETN,Eaton Corporation plc,2023 Q4,2023-12-31,sec_exhibit,sec_edgar,https://data.sec.gov/submissions/CIK0000000000.json,https://data.sec.gov/submissions/CIK0000000000.json,data.sec.gov,.json,,0.50,SEC EDGAR metadata provider always available,metadata_only,false,user_authorized_project_assessment_public_direct,,,resolve_sec_exhibits,sha256:32319fefac0cef66857dc206a34897348e3bc9b56b58bcb8ffeda1e7f78f5d59
1f0e31fe26ac0abe,emr_2023_q4,EMR,Emerson Electric Co.,2023 Q4,2023-12-31,sec_exhibit,sec_edgar,https://data.sec.gov/submissions/CIK0000000000.json,https://data.sec.gov/submissions/CIK0000000000.json,data.sec.gov,.json,,0.50,SEC EDGAR metadata provider always available,metadata_only,false,user_authorized_project_assessment_public_direct,,,resolve_sec_exhibits,sha256:c959ffb54cbdff86f87cbde2fa4cb3d76ab1a1f9f9459a5d32faa250ec4fa13f
804603a5b0766b28,mmm_2023_q4,MMM,3M Company,2023 Q4,2023-12-31,sec_exhibit,sec_edgar,https://data.sec.gov/submissions/CIK0000000000.json,https://data.sec.gov/submissions/CIK0000000000.json,data.sec.gov,.json,,0.50,SEC EDGAR metadata provider always available,metadata_only,false,user_authorized_project_assessment_public_direct,,,resolve_sec_exhibits,sha256:370e70e3a8d1d95d451ed4acd16338923f49a9d8e6b7024fba9077426ad04e03
cd2966a4ffc46d3f,itw_2023_q4,ITW,Illinois Tool Works Inc.,2023 Q4,2023-12-31,sec_exhibit,sec_edgar,https://data.sec.gov/submissions/CIK0000000000.json,https://data.sec.gov/submissions/CIK0000000000.json,data.sec.gov,.json,,0.50,SEC EDGAR metadata provider always available,metadata_only,false,user_authorized_project_assessment_public_direct,,,resolve_sec_exhibits,sha256:3d40cbf04f9ae56c227bb4288512f051f90bab00d62623f19c32ed1c2e2c067c
eceeadc6ea1e29a5,ph_2023_q4,PH,Parker-Hannifin Corporation,2023 Q4,2023-12-31,sec_exhibit,sec_edgar,https://data.sec.gov/submissions/CIK0000000000.json,https://data.sec.gov/submissions/CIK0000000000.json,data.sec.gov,.json,,0.50,SEC EDGAR metadata provider always available,metadata_only,false,user_authorized_project_assessment_public_direct,,,resolve_sec_exhibits,sha256:1954f958ec02d3257106c29e9504a0d9d1bd7a05430a38f98aab8d1f885f4bcf
0a54798a8d9cf821,carr_2023_q4,CARR,Carrier Global Corporation,2023 Q4,2023-12-31,sec_exhibit,sec_edgar,https://data.sec.gov/submissions/CIK0000000000.json,https://data.sec.gov/submissions/CIK0000000000.json,data.sec.gov,.json,,0.50,SEC EDGAR metadata provider always available,metadata_only,false,user_authorized_project_assessment_public_direct,,,resolve_sec_exhibits,sha256:03106fa3ea1cf5a5f7bd6480c4f50c8f61196d113449be5950392ca3aa6ad994
792b8fb940ecd744,otis_2023_q4,OTIS,Otis Worldwide Corporation,2023 Q4,2023-12-31,sec_exhibit,sec_edgar,https://data.sec.gov/submissions/CIK0000000000.json,https://data.sec.gov/submissions/CIK0000000000.json,data.sec.gov,.json,,0.50,SEC EDGAR metadata provider always available,metadata_only,false,user_authorized_project_assessment_public_direct,,,resolve_sec_exhibits,sha256:a1565e8863810387788889392fb8edd71a3f4951cfcfb7ea0673901c8fcf43fa
158bfc4c1138abaf,ups_2023_q4,UPS,"United Parcel Service, Inc.",2023 Q4,2023-12-31,sec_exhibit,sec_edgar,https://data.sec.gov/submissions/CIK0000000000.json,https://data.sec.gov/submissions/CIK0000000000.json,data.sec.gov,.json,,0.50,SEC EDGAR metadata provider always available,metadata_only,false,user_authorized_project_assessment_public_direct,,,resolve_sec_exhibits,sha256:30e1237e67fef57dd71c563708e93fde585eb43305b0ea531bda4ca8f5deef56
204e81d9bf886da8,fdx_2023_q4,FDX,FedEx Corporation,2023 Q4,2023-12-31,sec_exhibit,sec_edgar,https://data.sec.gov/submissions/CIK0000000000.json,https://data.sec.gov/submissions/CIK0000000000.json,data.sec.gov,.json,,0.50,SEC EDGAR metadata provider always available,metadata_only,false,user_authorized_project_assessment_public_direct,,,resolve_sec_exhibits,sha256:282e458af6adea2769fd568b49090bcc4bf806457ab0f799fc12c16539e3bc74
edd8305180512156,dal_2023_q4,DAL,"Delta Air Lines, Inc.",2023 Q4,2023-12-31,sec_exhibit,sec_edgar,https://data.sec.gov/submissions/CIK0000000000.json,https://data.sec.gov/submissions/CIK0000000000.json,data.sec.gov,.json,,0.50,SEC EDGAR metadata provider always available,metadata_only,false,user_authorized_project_assessment_public_direct,,,resolve_sec_exhibits,sha256:a7517cd43cc338adaceabba67c0d196fbc8bb9c50f71ce6a4707bcaab11d90c8
fb0f1c37c61307fa,unp_2023_q4,UNP,Union Pacific Corporation,2023 Q4,2023-12-31,sec_exhibit,sec_edgar,https://data.sec.gov/submissions/CIK0000000000.json,https://data.sec.gov/submissions/CIK0000000000.json,data.sec.gov,.json,,0.50,SEC EDGAR metadata provider always available,metadata_only,false,user_authorized_project_assessment_public_direct,,,resolve_sec_exhibits,sha256:66a505b9a8aba0f1475a7f215e1d8f8a2c880d707a37b590246e010243dabbec
41c0352f09785291,nsc_2023_q4,NSC,Norfolk Southern Corporation,2023 Q4,2023-12-31,sec_exhibit,sec_edgar,https://data.sec.gov/submissions/CIK0000000000.json,https://data.sec.gov/submissions/CIK0000000000.json,data.sec.gov,.json,,0.50,SEC EDGAR metadata provider always available,metadata_only,false,user_authorized_project_assessment_public_direct,,,resolve_sec_exhibits,sha256:bb47303c32776d7d4d14ab94766a52f16b959cdc2ca3be49d9fdb5e65dfe0447
2d9935e1e0800dca,hd_2023_q4,HD,"The Home Depot, Inc.",2023 Q4,2023-12-31,sec_exhibit,sec_edgar,https://data.sec.gov/submissions/CIK0000000000.json,https://data.sec.gov/submissions/CIK0000000000.json,data.sec.gov,.json,,0.50,SEC EDGAR metadata provider always available,metadata_only,false,user_authorized_project_assessment_public_direct,,,resolve_sec_exhibits,sha256:e83c82024ba9457438e0d0b714322b3d81f84c82b4d7f171366393c027c89e91
b94d05ea4c77ddcc,low_2023_q4,LOW,"Lowe's Companies, Inc.",2023 Q4,2023-12-31,sec_exhibit,sec_edgar,https://data.sec.gov/submissions/CIK0000000000.json,https://data.sec.gov/submissions/CIK0000000000.json,data.sec.gov,.json,,0.50,SEC EDGAR metadata provider always available,metadata_only,false,user_authorized_project_assessment_public_direct,,,resolve_sec_exhibits,sha256:d62f23033f19756fa28ae0758915aaf547c2dec0910b22db40505a54b44650f0
259b5c25065048d3,tgt_2023_q4,TGT,Target Corporation,2023 Q4,2023-12-31,sec_exhibit,sec_edgar,https://data.sec.gov/submissions/CIK0000000000.json,https://data.sec.gov/submissions/CIK0000000000.json,data.sec.gov,.json,,0.50,SEC EDGAR metadata provider always available,metadata_only,false,user_authorized_project_assessment_public_direct,,,resolve_sec_exhibits,sha256:1f77054cc7ba132f3e3752432abbb40133715e10d75d36ecc3d3a914201373ab
be4ca7d2e0f5dff2,kr_2023_q4,KR,The Kroger Co.,2023 Q4,2023-12-31,sec_exhibit,sec_edgar,https://data.sec.gov/submissions/CIK0000000000.json,https://data.sec.gov/submissions/CIK0000000000.json,data.sec.gov,.json,,0.50,SEC EDGAR metadata provider always available,metadata_only,false,user_authorized_project_assessment_public_direct,,,resolve_sec_exhibits,sha256:47e6caffd72692b61427a59d59b1561080eb328d248602fed7ca6af1943cd680
bc6ef67380bafd54,dg_2023_q4,DG,Dollar General Corporation,2023 Q4,2023-12-31,sec_exhibit,sec_edgar,https://data.sec.gov/submissions/CIK0000000000.json,https://data.sec.gov/submissions/CIK0000000000.json,data.sec.gov,.json,,0.50,SEC EDGAR metadata provider always available,metadata_only,false,user_authorized_project_assessment_public_direct,,,resolve_sec_exhibits,sha256:a2fd0beb508a39b1b51aed356d333a7d238efe12b60c3e05feac40100b245758
54bc58efa8892125,mcd_2023_q4,MCD,McDonald's Corporation,2023 Q4,2023-12-31,sec_exhibit,sec_edgar,https://data.sec.gov/submissions/CIK0000000000.json,https://data.sec.gov/submissions/CIK0000000000.json,data.sec.gov,.json,,0.50,SEC EDGAR metadata provider always available,metadata_only,false,user_authorized_project_assessment_public_direct,,,resolve_sec_exhibits,sha256:c1a6de07906d26411842765679e0b7e4c3ac7c7e49a1bae656b72cc4ab167b7b
cc634f72adebe8ed,yum_2023_q4,YUM,"Yum! Brands, Inc.",2023 Q4,2023-12-31,sec_exhibit,sec_edgar,https://data.sec.gov/submissions/CIK0000000000.json,https://data.sec.gov/submissions/CIK0000000000.json,data.sec.gov,.json,,0.50,SEC EDGAR metadata provider always available,metadata_only,false,user_authorized_project_assessment_public_direct,,,resolve_sec_exhibits,sha256:69a7576ca15c63c6ee38e0546f85808744d54e7da8f82c02ef0232faf5548a97
091ac38498a40f0b,nke_2023_q4,NKE,"NIKE, Inc.",2023 Q4,2023-12-31,sec_exhibit,sec_edgar,https://data.sec.gov/submissions/CIK0000000000.json,https://data.sec.gov/submissions/CIK0000000000.json,data.sec.gov,.json,,0.50,SEC EDGAR metadata provider always available,metadata_only,false,user_authorized_project_assessment_public_direct,,,resolve_sec_exhibits,sha256:90704a0d5034ddf97987d0bf6140212dd3ccced1ea24bc6877ae0207bc5a9a86
6d9a81a48356298e,dis_2023_q4,DIS,The Walt Disney Company,2023 Q4,2023-12-31,sec_exhibit,sec_edgar,https://data.sec.gov/submissions/CIK0000000000.json,https://data.sec.gov/submissions/CIK0000000000.json,data.sec.gov,.json,,0.50,SEC EDGAR metadata provider always available,metadata_only,false,user_authorized_project_assessment_public_direct,,,resolve_sec_exhibits,sha256:78384b743c1047a8d20cb3b862783c94af0a94eec7f8adf83e5f1fac0297949a
27c4d2eed0730a30,ko_2023_q4,KO,The Coca-Cola Company,2023 Q4,2023-12-31,sec_exhibit,sec_edgar,https://data.sec.gov/submissions/CIK0000000000.json,https://data.sec.gov/submissions/CIK0000000000.json,data.sec.gov,.json,,0.50,SEC EDGAR metadata provider always available,metadata_only,false,user_authorized_project_assessment_public_direct,,,resolve_sec_exhibits,sha256:e64925be3708d0e8ba51462f7ba219fb0c8dd388fe7b1de7092239e9ad715b92
1f066481db2ae3be,pg_2023_q4,PG,The Procter & Gamble Company,2023 Q4,2023-12-31,sec_exhibit,sec_edgar,https://data.sec.gov/submissions/CIK0000000000.json,https://data.sec.gov/submissions/CIK0000000000.json,data.sec.gov,.json,,0.50,SEC EDGAR metadata provider always available,metadata_only,false,user_authorized_project_assessment_public_direct,,,resolve_sec_exhibits,sha256:b751f61cf4fe38aa35f12b6538f2b5505c51e0c37cb1fbcfeaa74100e9cb9ba3
5f02991e5b350c63,cl_2023_q4,CL,Colgate-Palmolive Company,2023 Q4,2023-12-31,sec_exhibit,sec_edgar,https://data.sec.gov/submissions/CIK0000000000.json,https://data.sec.gov/submissions/CIK0000000000.json,data.sec.gov,.json,,0.50,SEC EDGAR metadata provider always available,metadata_only,false,user_authorized_project_assessment_public_direct,,,resolve_sec_exhibits,sha256:c805ce4d5f6d6e5180a962502a2f0c79cd30bfb5d90ed3a485a997c07805c7f5
38bacce1bc406944,el_2023_q4,EL,The Estee Lauder Companies Inc.,2023 Q4,2023-12-31,sec_exhibit,sec_edgar,https://data.sec.gov/submissions/CIK0000000000.json,https://data.sec.gov/submissions/CIK0000000000.json,data.sec.gov,.json,,0.50,SEC EDGAR metadata provider always available,metadata_only,false,user_authorized_project_assessment_public_direct,,,resolve_sec_exhibits,sha256:73bdb4b4e514957311696693874f5dfff3c1fd7958ac07efed581450c85de47c
12066eec34602964,gis_2023_q4,GIS,"General Mills, Inc.",2023 Q4,2023-12-31,sec_exhibit,sec_edgar,https://data.sec.gov/submissions/CIK0000000000.json,https://data.sec.gov/submissions/CIK0000000000.json,data.sec.gov,.json,,0.50,SEC EDGAR metadata provider always available,metadata_only,false,user_authorized_project_assessment_public_direct,,,resolve_sec_exhibits,sha256:1e0843b657284ad09c8e90a5e5c077545a94e33ca48cd93db9218fbdbad007c7
67edf68f6806eb2f,hsy_2023_q4,HSY,The Hershey Company,2023 Q4,2023-12-31,sec_exhibit,sec_edgar,https://data.sec.gov/submissions/CIK0000000000.json,https://data.sec.gov/submissions/CIK0000000000.json,data.sec.gov,.json,,0.50,SEC EDGAR metadata provider always available,metadata_only,false,user_authorized_project_assessment_public_direct,,,resolve_sec_exhibits,sha256:181fe7be144822e8a11db883af9f569ae7948aa70da022f54ca4e317e21d192f
06e079341024b15c,t_2023_q4,T,AT&T Inc.,2023 Q4,2023-12-31,sec_exhibit,sec_edgar,https://data.sec.gov/submissions/CIK0000000000.json,https://data.sec.gov/submissions/CIK0000000000.json,data.sec.gov,.json,,0.50,SEC EDGAR metadata provider always available,metadata_only,false,user_authorized_project_assessment_public_direct,,,resolve_sec_exhibits,sha256:8830b7645c5c23b02050665a68f5d6aad12a0d4e1a860fb7a1d216b237689a04
81e314cc2d2bac51,vz_2023_q4,VZ,Verizon Communications Inc.,2023 Q4,2023-12-31,sec_exhibit,sec_edgar,https://data.sec.gov/submissions/CIK0000000000.json,https://data.sec.gov/submissions/CIK0000000000.json,data.sec.gov,.json,,0.50,SEC EDGAR metadata provider always available,metadata_only,false,user_authorized_project_assessment_public_direct,,,resolve_sec_exhibits,sha256:8cad11ca2d3dbc032b2d1865e91895a716fb33c6057c049a1a0804d4f1b53b25
a423f9e167a4b352,ibm_2023_q4,IBM,International Business Machines Corporation,2023 Q4,2023-12-31,sec_exhibit,sec_edgar,https://data.sec.gov/submissions/CIK0000000000.json,https://data.sec.gov/submissions/CIK0000000000.json,data.sec.gov,.json,,0.50,SEC EDGAR metadata provider always available,metadata_only,false,user_authorized_project_assessment_public_direct,,,resolve_sec_exhibits,sha256:4108163fd5c8a7a938212886f0ca651f1da4b0d39ff46053dca8b5a1886af3df
e6eb4ef3be2cfca6,orcl_2023_q4,ORCL,Oracle Corporation,2023 Q4,2023-12-31,sec_exhibit,sec_edgar,https://data.sec.gov/submissions/CIK0000000000.json,https://data.sec.gov/submissions/CIK0000000000.json,data.sec.gov,.json,,0.50,SEC EDGAR metadata provider always available,metadata_only,false,user_authorized_project_assessment_public_direct,,,resolve_sec_exhibits,sha256:2c4cc8a0075d37ef05f1557623135dcc1db67972ceeccfe67880b6d92cf1d14b
3fb0482775c43ae4,crm_2023_q4,CRM,"Salesforce, Inc.",2023 Q4,2023-12-31,sec_exhibit,sec_edgar,https://data.sec.gov/submissions/CIK0000000000.json,https://data.sec.gov/submissions/CIK0000000000.json,data.sec.gov,.json,,0.50,SEC EDGAR metadata provider always available,metadata_only,false,user_authorized_project_assessment_public_direct,,,resolve_sec_exhibits,sha256:1e4f605296902bba5e007e5db559ad9de673c235bcedabf1ad53ddc6a55aaad4
dde176549a4580ef,now_2023_q4,NOW,"ServiceNow, Inc.",2023 Q4,2023-12-31,sec_exhibit,sec_edgar,https://data.sec.gov/submissions/CIK0000000000.json,https://data.sec.gov/submissions/CIK0000000000.json,data.sec.gov,.json,,0.50,SEC EDGAR metadata provider always available,metadata_only,false,user_authorized_project_assessment_public_direct,,,resolve_sec_exhibits,sha256:63bb9f5f03c61125bdc280b21fb89cb1a344b78c3ab1d0a08db24497591a36e4
165da536df02cd36,acn_2023_q4,ACN,Accenture plc,2023 Q4,2023-12-31,sec_exhibit,sec_edgar,https://data.sec.gov/submissions/CIK0000000000.json,https://data.sec.gov/submissions/CIK0000000000.json,data.sec.gov,.json,,0.50,SEC EDGAR metadata provider always available,metadata_only,false,user_authorized_project_assessment_public_direct,,,resolve_sec_exhibits,sha256:ed941d3ca7a82d4aa27cc7e007ceecc424ee547d880ccaac2dadd15886e8c046
d36aa62b7b90963b,dell_2023_q4,DELL,Dell Technologies Inc.,2023 Q4,2023-12-31,sec_exhibit,sec_edgar,https://data.sec.gov/submissions/CIK0000000000.json,https://data.sec.gov/submissions/CIK0000000000.json,data.sec.gov,.json,,0.50,SEC EDGAR metadata provider always available,metadata_only,false,user_authorized_project_assessment_public_direct,,,resolve_sec_exhibits,sha256:322bb4219c42303cff5f6c2223d0d9582bfd1b13804a0c2c8261f73724ed031f
251409601c29ada8,hpq_2023_q4,HPQ,HP Inc.,2023 Q4,2023-12-31,sec_exhibit,sec_edgar,https://data.sec.gov/submissions/CIK0000000000.json,https://data.sec.gov/submissions/CIK0000000000.json,data.sec.gov,.json,,0.50,SEC EDGAR metadata provider always available,metadata_only,false,user_authorized_project_assessment_public_direct,,,resolve_sec_exhibits,sha256:0d663d11ab5ff91f3fa44ee7f39198834bff3b10645f9c1012569a68099b123f
c640c2c68bd42772,net_2023_q4,NET,"Cloudflare, Inc.",2023 Q4,2023-12-31,sec_exhibit,sec_edgar,https://data.sec.gov/submissions/CIK0000000000.json,https://data.sec.gov/submissions/CIK0000000000.json,data.sec.gov,.json,,0.50,SEC EDGAR metadata provider always available,metadata_only,false,user_authorized_project_assessment_public_direct,,,resolve_sec_exhibits,sha256:5477918449272c800c6f15776f7939762385077d6467f820a40a4a8d38d70f25
f46cbad77245b8d5,snow_2023_q4,SNOW,Snowflake Inc.,2023 Q4,2023-12-31,sec_exhibit,sec_edgar,https://data.sec.gov/submissions/CIK0000000000.json,https://data.sec.gov/submissions/CIK0000000000.json,data.sec.gov,.json,,0.50,SEC EDGAR metadata provider always available,metadata_only,false,user_authorized_project_assessment_public_direct,,,resolve_sec_exhibits,sha256:e444d4f58f8cb7cd49eabcc055e90e3da9ab2c173146d96d1dbcfd0aa4b77b63
7285087fa98da169,jpm_2022_q4,JPM,JPMorgan Chase & Co.,2022 Q4,2022-12-31,sec_exhibit,sec_edgar,https://data.sec.gov/submissions/CIK0000000000.json,https://data.sec.gov/submissions/CIK0000000000.json,data.sec.gov,.json,,0.50,SEC EDGAR metadata provider always available,metadata_only,false,user_authorized_project_assessment_public_direct,,,resolve_sec_exhibits,sha256:b110e469c8cf2b18c0fa849810287d396f371af66eef82bb02b790e7b84a30bc
63ff255dced6350d,bac_2022_q4,BAC,Bank of America Corporation,2022 Q4,2022-12-31,sec_exhibit,sec_edgar,https://data.sec.gov/submissions/CIK0000000000.json,https://data.sec.gov/submissions/CIK0000000000.json,data.sec.gov,.json,,0.50,SEC EDGAR metadata provider always available,metadata_only,false,user_authorized_project_assessment_public_direct,,,resolve_sec_exhibits,sha256:f7a54bcebad88694b71d846a9dc1d17cee30877747d89aef1fe05e14650370ff
428f6f8d3668f10e,c_2022_q4,C,Citigroup Inc.,2022 Q4,2022-12-31,sec_exhibit,sec_edgar,https://data.sec.gov/submissions/CIK0000000000.json,https://data.sec.gov/submissions/CIK0000000000.json,data.sec.gov,.json,,0.50,SEC EDGAR metadata provider always available,metadata_only,false,user_authorized_project_assessment_public_direct,,,resolve_sec_exhibits,sha256:3aaa362fab38a5a0f0d3c8d4491469cef5063ee9961695024fbf54c7c6174710
aa0f239b871526ed,wfc_2022_q4,WFC,Wells Fargo & Company,2022 Q4,2022-12-31,sec_exhibit,sec_edgar,https://data.sec.gov/submissions/CIK0000000000.json,https://data.sec.gov/submissions/CIK0000000000.json,data.sec.gov,.json,,0.50,SEC EDGAR metadata provider always available,metadata_only,false,user_authorized_project_assessment_public_direct,,,resolve_sec_exhibits,sha256:e5e1fdde10c0d13857af26ec0de120052e34526cc2809148d1a77a8d4e68d69f
dce734a49ff65921,gs_2022_q4,GS,"The Goldman Sachs Group, Inc.",2022 Q4,2022-12-31,sec_exhibit,sec_edgar,https://data.sec.gov/submissions/CIK0000000000.json,https://data.sec.gov/submissions/CIK0000000000.json,data.sec.gov,.json,,0.50,SEC EDGAR metadata provider always available,metadata_only,false,user_authorized_project_assessment_public_direct,,,resolve_sec_exhibits,sha256:6c9f75a0aac96ea0fefae8eec3265afd5b2c805b91194da2503c1d40dc7a3c37
99d0e574c10515bc,ms_2022_q4,MS,Morgan Stanley,2022 Q4,2022-12-31,sec_exhibit,sec_edgar,https://data.sec.gov/submissions/CIK0000000000.json,https://data.sec.gov/submissions/CIK0000000000.json,data.sec.gov,.json,,0.50,SEC EDGAR metadata provider always available,metadata_only,false,user_authorized_project_assessment_public_direct,,,resolve_sec_exhibits,sha256:7c4341e2184994a455e163ce9e3a6c149f592697071191627d4dbbf2e5e0f6ca
4a3dcedf9afb458a,bk_2022_q4,BK,The Bank of New York Mellon Corporation,2022 Q4,2022-12-31,sec_exhibit,sec_edgar,https://data.sec.gov/submissions/CIK0000000000.json,https://data.sec.gov/submissions/CIK0000000000.json,data.sec.gov,.json,,0.50,SEC EDGAR metadata provider always available,metadata_only,false,user_authorized_project_assessment_public_direct,,,resolve_sec_exhibits,sha256:56f0189d9edfe3bcd530f60ebc7aacac02db7758ee8bb61b16848eb8fccc842a
181a26fbd3a5f268,stt_2022_q4,STT,State Street Corporation,2022 Q4,2022-12-31,sec_exhibit,sec_edgar,https://data.sec.gov/submissions/CIK0000000000.json,https://data.sec.gov/submissions/CIK0000000000.json,data.sec.gov,.json,,0.50,SEC EDGAR metadata provider always available,metadata_only,false,user_authorized_project_assessment_public_direct,,,resolve_sec_exhibits,sha256:46defb5b9b3e418b4a26cdec5b8d1aa0df1f29a85ace265a8b16031304770d44
b497cce087135960,usb_2022_q4,USB,U.S. Bancorp,2022 Q4,2022-12-31,sec_exhibit,sec_edgar,https://data.sec.gov/submissions/CIK0000000000.json,https://data.sec.gov/submissions/CIK0000000000.json,data.sec.gov,.json,,0.50,SEC EDGAR metadata provider always available,metadata_only,false,user_authorized_project_assessment_public_direct,,,resolve_sec_exhibits,sha256:746376cde7f06e0172989cc23a64205b07b48a9c303d8efedf0407b4703cdb2b
5272e1d8fff347f0,pnc_2022_q4,PNC,"The PNC Financial Services Group, Inc.",2022 Q4,2022-12-31,sec_exhibit,sec_edgar,https://data.sec.gov/submissions/CIK0000000000.json,https://data.sec.gov/submissions/CIK0000000000.json,data.sec.gov,.json,,0.50,SEC EDGAR metadata provider always available,metadata_only,false,user_authorized_project_assessment_public_direct,,,resolve_sec_exhibits,sha256:a9f383a9aeacea0ffd7d1483d57d94ee0b6256b43d89cbb8a5881feca624e3e2
790c926d5f5abd61,tfc_2022_q4,TFC,Truist Financial Corporation,2022 Q4,2022-12-31,sec_exhibit,sec_edgar,https://data.sec.gov/submissions/CIK0000000000.json,https://data.sec.gov/submissions/CIK0000000000.json,data.sec.gov,.json,,0.50,SEC EDGAR metadata provider always available,metadata_only,false,user_authorized_project_assessment_public_direct,,,resolve_sec_exhibits,sha256:3394df5400f1ef79c9b406c2c6226fe7051d737cb0d3fe4bc0e326a9d2b68e17
de36558ebd14a22a,cof_2022_q4,COF,Capital One Financial Corporation,2022 Q4,2022-12-31,sec_exhibit,sec_edgar,https://data.sec.gov/submissions/CIK0000000000.json,https://data.sec.gov/submissions/CIK0000000000.json,data.sec.gov,.json,,0.50,SEC EDGAR metadata provider always available,metadata_only,false,user_authorized_project_assessment_public_direct,,,resolve_sec_exhibits,sha256:f6f9b5b48229c344aad860802f447a55958a9e8ca97eafe311096e1ba1ec2e79
fdd8ab2b9f3915ab,axp_2022_q4,AXP,American Express Company,2022 Q4,2022-12-31,sec_exhibit,sec_edgar,https://data.sec.gov/submissions/CIK0000000000.json,https://data.sec.gov/submissions/CIK0000000000.json,data.sec.gov,.json,,0.50,SEC EDGAR metadata provider always available,metadata_only,false,user_authorized_project_assessment_public_direct,,,resolve_sec_exhibits,sha256:f992fdb98c020c805bc0830d4faf8247046cb0739adc3e4a6feb8323ec38d049
86e6b3d7ad0bfc56,v_2022_q4,V,Visa Inc.,2022 Q4,2022-12-31,sec_exhibit,sec_edgar,https://data.sec.gov/submissions/CIK0000000000.json,https://data.sec.gov/submissions/CIK0000000000.json,data.sec.gov,.json,,0.50,SEC EDGAR metadata provider always available,metadata_only,false,user_authorized_project_assessment_public_direct,,,resolve_sec_exhibits,sha256:4e27272a7e12f5db25440f587af153caac9f0561f6819164037280bfd7979dfc
95408fbf1dd44f49,ma_2022_q4,MA,Mastercard Incorporated,2022 Q4,2022-12-31,sec_exhibit,sec_edgar,https://data.sec.gov/submissions/CIK0000000000.json,https://data.sec.gov/submissions/CIK0000000000.json,data.sec.gov,.json,,0.50,SEC EDGAR metadata provider always available,metadata_only,false,user_authorized_project_assessment_public_direct,,,resolve_sec_exhibits,sha256:9581c4aef57cc93d70f3e9a3eaa78fa52d7003739f15ddbb74de7807e9a4bf74
df7ea7fe8b0d616c,fis_2022_q4,FIS,"Fidelity National Information Services, Inc.",2022 Q4,2022-12-31,sec_exhibit,sec_edgar,https://data.sec.gov/submissions/CIK0000000000.json,https://data.sec.gov/submissions/CIK0000000000.json,data.sec.gov,.json,,0.50,SEC EDGAR metadata provider always available,metadata_only,false,user_authorized_project_assessment_public_direct,,,resolve_sec_exhibits,sha256:d8b584b0bbe16896a3a69f236504ebf136bc3f82815859bbf43378038d891ae3
1a84da436c5708fd,gpn_2022_q4,GPN,Global Payments Inc.,2022 Q4,2022-12-31,sec_exhibit,sec_edgar,https://data.sec.gov/submissions/CIK0000000000.json,https://data.sec.gov/submissions/CIK0000000000.json,data.sec.gov,.json,,0.50,SEC EDGAR metadata provider always available,metadata_only,false,user_authorized_project_assessment_public_direct,,,resolve_sec_exhibits,sha256:63c2ee6eefb804a99c2d368ff4f1866f3e2ca8f6f26b57b567947651c888e5f5
40cdc76055dc5e45,blk_2022_q4,BLK,"BlackRock, Inc.",2022 Q4,2022-12-31,sec_exhibit,sec_edgar,https://data.sec.gov/submissions/CIK0000000000.json,https://data.sec.gov/submissions/CIK0000000000.json,data.sec.gov,.json,,0.50,SEC EDGAR metadata provider always available,metadata_only,false,user_authorized_project_assessment_public_direct,,,resolve_sec_exhibits,sha256:51f8b66be5ee493a709f21e9480d069d43f9302800cd5d0adad59c539107a11c
95539e3a048903a6,bx_2022_q4,BX,Blackstone Inc.,2022 Q4,2022-12-31,sec_exhibit,sec_edgar,https://data.sec.gov/submissions/CIK0000000000.json,https://data.sec.gov/submissions/CIK0000000000.json,data.sec.gov,.json,,0.50,SEC EDGAR metadata provider always available,metadata_only,false,user_authorized_project_assessment_public_direct,,,resolve_sec_exhibits,sha256:0ab887c2c3812e8e73e9218c300733153f323c9afaf4aca23b79b0d2fe3387ab
355635cb6bfd5837,schw_2022_q4,SCHW,The Charles Schwab Corporation,2022 Q4,2022-12-31,sec_exhibit,sec_edgar,https://data.sec.gov/submissions/CIK0000000000.json,https://data.sec.gov/submissions/CIK0000000000.json,data.sec.gov,.json,,0.50,SEC EDGAR metadata provider always available,metadata_only,false,user_authorized_project_assessment_public_direct,,,resolve_sec_exhibits,sha256:88a3a914c46322d1a6d5fd056f5c4f97bbf74b2ee624e99016d2fe7e6f49a2db
0120ae7c36b726be,ice_2022_q4,ICE,"Intercontinental Exchange, Inc.",2022 Q4,2022-12-31,sec_exhibit,sec_edgar,https://data.sec.gov/submissions/CIK0000000000.json,https://data.sec.gov/submissions/CIK0000000000.json,data.sec.gov,.json,,0.50,SEC EDGAR metadata provider always available,metadata_only,false,user_authorized_project_assessment_public_direct,,,resolve_sec_exhibits,sha256:53f392a93e5bb6c4cea5e65435a6c87282e8b0c5dd505133af280856a12be777
d97e3278774f0ba5,spgi_2022_q4,SPGI,S&P Global Inc.,2022 Q4,2022-12-31,sec_exhibit,sec_edgar,https://data.sec.gov/submissions/CIK0000000000.json,https://data.sec.gov/submissions/CIK0000000000.json,data.sec.gov,.json,,0.50,SEC EDGAR metadata provider always available,metadata_only,false,user_authorized_project_assessment_public_direct,,,resolve_sec_exhibits,sha256:fd4479401a066fb446049f375d3c35ea683e047af8ee089252fdedb89b60f217
c86a3a088e69b5ed,mco_2022_q4,MCO,Moody's Corporation,2022 Q4,2022-12-31,sec_exhibit,sec_edgar,https://data.sec.gov/submissions/CIK0000000000.json,https://data.sec.gov/submissions/CIK0000000000.json,data.sec.gov,.json,,0.50,SEC EDGAR metadata provider always available,metadata_only,false,user_authorized_project_assessment_public_direct,,,resolve_sec_exhibits,sha256:d9d94c6de6c3eb05df2ef644ad4ad7ccae5c22b2d28af007a6b6cf76cbbcdd5e
9e04fb2e6d053349,aon_2022_q4,AON,Aon plc,2022 Q4,2022-12-31,sec_exhibit,sec_edgar,https://data.sec.gov/submissions/CIK0000000000.json,https://data.sec.gov/submissions/CIK0000000000.json,data.sec.gov,.json,,0.50,SEC EDGAR metadata provider always available,metadata_only,false,user_authorized_project_assessment_public_direct,,,resolve_sec_exhibits,sha256:fd550e016dc0824fddfae5860a06a48ac643bdcb2e8c5abe136787492903b06c
73deb8e5c08a1d5c,aig_2022_q4,AIG,"American International Group, Inc.",2022 Q4,2022-12-31,sec_exhibit,sec_edgar,https://data.sec.gov/submissions/CIK0000000000.json,https://data.sec.gov/submissions/CIK0000000000.json,data.sec.gov,.json,,0.50,SEC EDGAR metadata provider always available,metadata_only,false,user_authorized_project_assessment_public_direct,,,resolve_sec_exhibits,sha256:5e0455a8cb254eca9f7ac7f66a5e6199986fbe0d7ebed6f36ac454a2d92e887c
0d8668e28b199199,met_2022_q4,MET,"MetLife, Inc.",2022 Q4,2022-12-31,sec_exhibit,sec_edgar,https://data.sec.gov/submissions/CIK0000000000.json,https://data.sec.gov/submissions/CIK0000000000.json,data.sec.gov,.json,,0.50,SEC EDGAR metadata provider always available,metadata_only,false,user_authorized_project_assessment_public_direct,,,resolve_sec_exhibits,sha256:051fba36c1e2b9f5c8df06c788faa7b4db0612890d85c093bd8d180b9cdebc15
d7792412ce4fff33,pru_2022_q4,PRU,"Prudential Financial, Inc.",2022 Q4,2022-12-31,sec_exhibit,sec_edgar,https://data.sec.gov/submissions/CIK0000000000.json,https://data.sec.gov/submissions/CIK0000000000.json,data.sec.gov,.json,,0.50,SEC EDGAR metadata provider always available,metadata_only,false,user_authorized_project_assessment_public_direct,,,resolve_sec_exhibits,sha256:f114bb4b8fca13ec75774071ddf9893a1f4030c76d43d960136653f8d817d897
8d6a709a223ea975,trv_2022_q4,TRV,"The Travelers Companies, Inc.",2022 Q4,2022-12-31,sec_exhibit,sec_edgar,https://data.sec.gov/submissions/CIK0000000000.json,https://data.sec.gov/submissions/CIK0000000000.json,data.sec.gov,.json,,0.50,SEC EDGAR metadata provider always available,metadata_only,false,user_authorized_project_assessment_public_direct,,,resolve_sec_exhibits,sha256:70220958be229e9e2a86c98f0271fc85ee93f6ad6ae2d98d8ea20c32c4fdd5b7
8e5ec5564819118a,cb_2022_q4,CB,Chubb Limited,2022 Q4,2022-12-31,sec_exhibit,sec_edgar,https://data.sec.gov/submissions/CIK0000000000.json,https://data.sec.gov/submissions/CIK0000000000.json,data.sec.gov,.json,,0.50,SEC EDGAR metadata provider always available,metadata_only,false,user_authorized_project_assessment_public_direct,,,resolve_sec_exhibits,sha256:a7d7575e92adf9cfde7769667fe202539bc1bed0c09454b7fa9994d904dc1b6a
1e8dfd4a68a7f56a,jnj_2022_q4,JNJ,Johnson & Johnson,2022 Q4,2022-12-31,sec_exhibit,sec_edgar,https://data.sec.gov/submissions/CIK0000000000.json,https://data.sec.gov/submissions/CIK0000000000.json,data.sec.gov,.json,,0.50,SEC EDGAR metadata provider always available,metadata_only,false,user_authorized_project_assessment_public_direct,,,resolve_sec_exhibits,sha256:97aa2d552bab03711446f16c6790241a93ce7979359c9d79b5f325db57a37208
b26ca882d762a4eb,lly_2022_q4,LLY,Eli Lilly and Company,2022 Q4,2022-12-31,sec_exhibit,sec_edgar,https://data.sec.gov/submissions/CIK0000000000.json,https://data.sec.gov/submissions/CIK0000000000.json,data.sec.gov,.json,,0.50,SEC EDGAR metadata provider always available,metadata_only,false,user_authorized_project_assessment_public_direct,,,resolve_sec_exhibits,sha256:0028e68e32efd0d782d134ca99d7f84617525247040a1f7264a983a9c3236e41
0cd5788b9b131a08,mrk_2022_q4,MRK,"Merck & Co., Inc.",2022 Q4,2022-12-31,sec_exhibit,sec_edgar,https://data.sec.gov/submissions/CIK0000000000.json,https://data.sec.gov/submissions/CIK0000000000.json,data.sec.gov,.json,,0.50,SEC EDGAR metadata provider always available,metadata_only,false,user_authorized_project_assessment_public_direct,,,resolve_sec_exhibits,sha256:c0c57385e87a6e19340cca4bf9902a54ea006ffa2c98b7852bb4c3459e100f2e
49cc1f154f650b7e,pfe_2022_q4,PFE,Pfizer Inc.,2022 Q4,2022-12-31,sec_exhibit,sec_edgar,https://data.sec.gov/submissions/CIK0000000000.json,https://data.sec.gov/submissions/CIK0000000000.json,data.sec.gov,.json,,0.50,SEC EDGAR metadata provider always available,metadata_only,false,user_authorized_project_assessment_public_direct,,,resolve_sec_exhibits,sha256:d3462e429e7eff840a92e5ff5b44c826f0d8949afbf5e43be45dd8a8f37f9e1c
ad4ca578a7d8d416,unh_2022_q4,UNH,UnitedHealth Group Incorporated,2022 Q4,2022-12-31,sec_exhibit,sec_edgar,https://data.sec.gov/submissions/CIK0000000000.json,https://data.sec.gov/submissions/CIK0000000000.json,data.sec.gov,.json,,0.50,SEC EDGAR metadata provider always available,metadata_only,false,user_authorized_project_assessment_public_direct,,,resolve_sec_exhibits,sha256:c166cbcd62a60cefcb0e2669e2698cdab5632f9ad917abd141ce517e01133be6
2d5198edc2522fbf,cvs_2022_q4,CVS,CVS Health Corporation,2022 Q4,2022-12-31,sec_exhibit,sec_edgar,https://data.sec.gov/submissions/CIK0000000000.json,https://data.sec.gov/submissions/CIK0000000000.json,data.sec.gov,.json,,0.50,SEC EDGAR metadata provider always available,metadata_only,false,user_authorized_project_assessment_public_direct,,,resolve_sec_exhibits,sha256:a8624662a1a321baf2d9ec630c1928d1660a169acef47e16ce4d4912fbabefe8
a676290f3a5f8d96,abt_2022_q4,ABT,Abbott Laboratories,2022 Q4,2022-12-31,sec_exhibit,sec_edgar,https://data.sec.gov/submissions/CIK0000000000.json,https://data.sec.gov/submissions/CIK0000000000.json,data.sec.gov,.json,,0.50,SEC EDGAR metadata provider always available,metadata_only,false,user_authorized_project_assessment_public_direct,,,resolve_sec_exhibits,sha256:c8450f966eff63bd494cbc7920e6829f71fdb1ee12e917ffdc2fc124c32ca5cb
0c61471cd890717d,bmy_2022_q4,BMY,Bristol Myers Squibb Company,2022 Q4,2022-12-31,sec_exhibit,sec_edgar,https://data.sec.gov/submissions/CIK0000000000.json,https://data.sec.gov/submissions/CIK0000000000.json,data.sec.gov,.json,,0.50,SEC EDGAR metadata provider always available,metadata_only,false,user_authorized_project_assessment_public_direct,,,resolve_sec_exhibits,sha256:d0f9f9460ab8c265ce08a66cc5606e4aa56615fb93083e8f24e7ddd92b932efe
66486821e1c237d2,mdt_2022_q4,MDT,Medtronic plc,2022 Q4,2022-12-31,sec_exhibit,sec_edgar,https://data.sec.gov/submissions/CIK0000000000.json,https://data.sec.gov/submissions/CIK0000000000.json,data.sec.gov,.json,,0.50,SEC EDGAR metadata provider always available,metadata_only,false,user_authorized_project_assessment_public_direct,,,resolve_sec_exhibits,sha256:c602b4999314c326dcc9b1484017f02410707b59e2339ec8b0170ac03da67961
19b012ff53832502,tmo_2022_q4,TMO,Thermo Fisher Scientific Inc.,2022 Q4,2022-12-31,sec_exhibit,sec_edgar,https://data.sec.gov/submissions/CIK0000000000.json,https://data.sec.gov/submissions/CIK0000000000.json,data.sec.gov,.json,,0.50,SEC EDGAR metadata provider always available,metadata_only,false,user_authorized_project_assessment_public_direct,,,resolve_sec_exhibits,sha256:6ae8b48b97de8ae680b679339604f37da375823c2cf8a1180013cb6027276dee
f0f92034dc62b577,dhr_2022_q4,DHR,Danaher Corporation,2022 Q4,2022-12-31,sec_exhibit,sec_edgar,https://data.sec.gov/submissions/CIK0000000000.json,https://data.sec.gov/submissions/CIK0000000000.json,data.sec.gov,.json,,0.50,SEC EDGAR metadata provider always available,metadata_only,false,user_authorized_project_assessment_public_direct,,,resolve_sec_exhibits,sha256:392d83310eee92cf941ca34f66a5ffa5eb6741c25b07ca6733647c434d61c535
86800e80e0c124b7,bdx_2022_q4,BDX,"Becton, Dickinson and Company",2022 Q4,2022-12-31,sec_exhibit,sec_edgar,https://data.sec.gov/submissions/CIK0000000000.json,https://data.sec.gov/submissions/CIK0000000000.json,data.sec.gov,.json,,0.50,SEC EDGAR metadata provider always available,metadata_only,false,user_authorized_project_assessment_public_direct,,,resolve_sec_exhibits,sha256:fa01021755093864f65876585f260dae52593ecdb3eb70eda94557469cdbc44d
efe7019ba53ebe45,ci_2022_q4,CI,The Cigna Group,2022 Q4,2022-12-31,sec_exhibit,sec_edgar,https://data.sec.gov/submissions/CIK0000000000.json,https://data.sec.gov/submissions/CIK0000000000.json,data.sec.gov,.json,,0.50,SEC EDGAR metadata provider always available,metadata_only,false,user_authorized_project_assessment_public_direct,,,resolve_sec_exhibits,sha256:011f4281a922b2ad08d6857e9c8b2e2b038316010bc27c535c0c91ef1a513a49
457702661aba3d16,hca_2022_q4,HCA,"HCA Healthcare, Inc.",2022 Q4,2022-12-31,sec_exhibit,sec_edgar,https://data.sec.gov/submissions/CIK0000000000.json,https://data.sec.gov/submissions/CIK0000000000.json,data.sec.gov,.json,,0.50,SEC EDGAR metadata provider always available,metadata_only,false,user_authorized_project_assessment_public_direct,,,resolve_sec_exhibits,sha256:266607c4d93bc17ccc91bc606d7db7d55ad960de41dd3fd15266472b7c24b498
dcdbb14e04517de5,syk_2022_q4,SYK,Stryker Corporation,2022 Q4,2022-12-31,sec_exhibit,sec_edgar,https://data.sec.gov/submissions/CIK0000000000.json,https://data.sec.gov/submissions/CIK0000000000.json,data.sec.gov,.json,,0.50,SEC EDGAR metadata provider always available,metadata_only,false,user_authorized_project_assessment_public_direct,,,resolve_sec_exhibits,sha256:65ebe808428851478f9ceb7501fea4a329a05eb35d61591d5d0a847aba356107
1ae77ed40bb72df6,xom_2022_q4,XOM,Exxon Mobil Corporation,2022 Q4,2022-12-31,sec_exhibit,sec_edgar,https://data.sec.gov/submissions/CIK0000000000.json,https://data.sec.gov/submissions/CIK0000000000.json,data.sec.gov,.json,,0.50,SEC EDGAR metadata provider always available,metadata_only,false,user_authorized_project_assessment_public_direct,,,resolve_sec_exhibits,sha256:5b6bb3b9b63e3492f5124ec04a1141a7e1a744dbd79bbf303da1aa65ec5433ee
a4419c3e95f2d2e7,cvx_2022_q4,CVX,Chevron Corporation,2022 Q4,2022-12-31,sec_exhibit,sec_edgar,https://data.sec.gov/submissions/CIK0000000000.json,https://data.sec.gov/submissions/CIK0000000000.json,data.sec.gov,.json,,0.50,SEC EDGAR metadata provider always available,metadata_only,false,user_authorized_project_assessment_public_direct,,,resolve_sec_exhibits,sha256:f51e67bf6a115b6b970a2ac95378ce747c8850d371cfb9667e046a86ffc45a91
a4e2fdd0f568e62d,cop_2022_q4,COP,ConocoPhillips,2022 Q4,2022-12-31,sec_exhibit,sec_edgar,https://data.sec.gov/submissions/CIK0000000000.json,https://data.sec.gov/submissions/CIK0000000000.json,data.sec.gov,.json,,0.50,SEC EDGAR metadata provider always available,metadata_only,false,user_authorized_project_assessment_public_direct,,,resolve_sec_exhibits,sha256:7ade1bb99b33f9c6dccc8801a0f0079460b1917bf5948b955d282b785267b635
69d9cea8bd3286ad,slb_2022_q4,SLB,SLB,2022 Q4,2022-12-31,sec_exhibit,sec_edgar,https://data.sec.gov/submissions/CIK0000000000.json,https://data.sec.gov/submissions/CIK0000000000.json,data.sec.gov,.json,,0.50,SEC EDGAR metadata provider always available,metadata_only,false,user_authorized_project_assessment_public_direct,,,resolve_sec_exhibits,sha256:9683bda294c6cbde38b4afd484b4907e5002ac297e6c904906bcc80782856039
ef073a8e7acbc64b,hal_2022_q4,HAL,Halliburton Company,2022 Q4,2022-12-31,sec_exhibit,sec_edgar,https://data.sec.gov/submissions/CIK0000000000.json,https://data.sec.gov/submissions/CIK0000000000.json,data.sec.gov,.json,,0.50,SEC EDGAR metadata provider always available,metadata_only,false,user_authorized_project_assessment_public_direct,,,resolve_sec_exhibits,sha256:732ca0d20a661575f104e91f704f0801806a9ca7d63b70ab876b3e99fcd64493
f8352e9047053445,eog_2022_q4,EOG,"EOG Resources, Inc.",2022 Q4,2022-12-31,sec_exhibit,sec_edgar,https://data.sec.gov/submissions/CIK0000000000.json,https://data.sec.gov/submissions/CIK0000000000.json,data.sec.gov,.json,,0.50,SEC EDGAR metadata provider always available,metadata_only,false,user_authorized_project_assessment_public_direct,,,resolve_sec_exhibits,sha256:255e5bb01d07bdf2214d371a5bc18e7629d1a55a59852d8cae8af03312a2963a
da2fc95a6279ebaf,oxy_2022_q4,OXY,Occidental Petroleum Corporation,2022 Q4,2022-12-31,sec_exhibit,sec_edgar,https://data.sec.gov/submissions/CIK0000000000.json,https://data.sec.gov/submissions/CIK0000000000.json,data.sec.gov,.json,,0.50,SEC EDGAR metadata provider always available,metadata_only,false,user_authorized_project_assessment_public_direct,,,resolve_sec_exhibits,sha256:50760963b22edc93234b07562179938ee9607e09f31808a6adf120217dfc82dd
fa68adc5f02df051,mpc_2022_q4,MPC,Marathon Petroleum Corporation,2022 Q4,2022-12-31,sec_exhibit,sec_edgar,https://data.sec.gov/submissions/CIK0000000000.json,https://data.sec.gov/submissions/CIK0000000000.json,data.sec.gov,.json,,0.50,SEC EDGAR metadata provider always available,metadata_only,false,user_authorized_project_assessment_public_direct,,,resolve_sec_exhibits,sha256:c398b68d8b096b7c2f6570dac0dc58a78554fc111b1b91527bac973cfd03e1eb
03b1540d101527be,psx_2022_q4,PSX,Phillips 66,2022 Q4,2022-12-31,sec_exhibit,sec_edgar,https://data.sec.gov/submissions/CIK0000000000.json,https://data.sec.gov/submissions/CIK0000000000.json,data.sec.gov,.json,,0.50,SEC EDGAR metadata provider always available,metadata_only,false,user_authorized_project_assessment_public_direct,,,resolve_sec_exhibits,sha256:67db66f705d5de3d553fb2f6bf6a5ec2506d246bfcb9365ffe425bd5606fb312
9ab7c8d8a6998a31,vlo_2022_q4,VLO,Valero Energy Corporation,2022 Q4,2022-12-31,sec_exhibit,sec_edgar,https://data.sec.gov/submissions/CIK0000000000.json,https://data.sec.gov/submissions/CIK0000000000.json,data.sec.gov,.json,,0.50,SEC EDGAR metadata provider always available,metadata_only,false,user_authorized_project_assessment_public_direct,,,resolve_sec_exhibits,sha256:d863f1bacd76168d95d4c9def1f49f263a266bcb84bca441b5be7cd2ace3ecde
08b8e3a972921b92,ba_2022_q4,BA,The Boeing Company,2022 Q4,2022-12-31,sec_exhibit,sec_edgar,https://data.sec.gov/submissions/CIK0000000000.json,https://data.sec.gov/submissions/CIK0000000000.json,data.sec.gov,.json,,0.50,SEC EDGAR metadata provider always available,metadata_only,false,user_authorized_project_assessment_public_direct,,,resolve_sec_exhibits,sha256:2ff07e94c1b458ac7135254447939313c77d1a89e7a4db3c2b2733d11dd4ad03
cb9d862cd9fe0c31,rtx_2022_q4,RTX,RTX Corporation,2022 Q4,2022-12-31,sec_exhibit,sec_edgar,https://data.sec.gov/submissions/CIK0000000000.json,https://data.sec.gov/submissions/CIK0000000000.json,data.sec.gov,.json,,0.50,SEC EDGAR metadata provider always available,metadata_only,false,user_authorized_project_assessment_public_direct,,,resolve_sec_exhibits,sha256:be13f408365cd8170582203f6dec8d45143b49915f14f1378e2eb5d674f45721
94c588909f5adcc1,lmt_2022_q4,LMT,Lockheed Martin Corporation,2022 Q4,2022-12-31,sec_exhibit,sec_edgar,https://data.sec.gov/submissions/CIK0000000000.json,https://data.sec.gov/submissions/CIK0000000000.json,data.sec.gov,.json,,0.50,SEC EDGAR metadata provider always available,metadata_only,false,user_authorized_project_assessment_public_direct,,,resolve_sec_exhibits,sha256:37df689534bea33ce0d16feec0687e948e88cb3621018edbf813b9fcd86f6d37
d69e5ba5af14f2de,noc_2022_q4,NOC,Northrop Grumman Corporation,2022 Q4,2022-12-31,sec_exhibit,sec_edgar,https://data.sec.gov/submissions/CIK0000000000.json,https://data.sec.gov/submissions/CIK0000000000.json,data.sec.gov,.json,,0.50,SEC EDGAR metadata provider always available,metadata_only,false,user_authorized_project_assessment_public_direct,,,resolve_sec_exhibits,sha256:2a7addcdb89ffa3f7a361f4e7d0ec08317a8b4f6b2680b41c3d8d50525c4cc8d
2a541bac81958d4b,gd_2022_q4,GD,General Dynamics Corporation,2022 Q4,2022-12-31,sec_exhibit,sec_edgar,https://data.sec.gov/submissions/CIK0000000000.json,https://data.sec.gov/submissions/CIK0000000000.json,data.sec.gov,.json,,0.50,SEC EDGAR metadata provider always available,metadata_only,false,user_authorized_project_assessment_public_direct,,,resolve_sec_exhibits,sha256:6e94c9685e86458681d41717ec1814d22e24573edbf62d95f112eed964de596e
49b769c1df825f62,cat_2022_q4,CAT,Caterpillar Inc.,2022 Q4,2022-12-31,sec_exhibit,sec_edgar,https://data.sec.gov/submissions/CIK0000000000.json,https://data.sec.gov/submissions/CIK0000000000.json,data.sec.gov,.json,,0.50,SEC EDGAR metadata provider always available,metadata_only,false,user_authorized_project_assessment_public_direct,,,resolve_sec_exhibits,sha256:cf5a67597540fa098b17105609cc0c9af0489c15e1c1dfa1738439d5bcdc342e
aa1f2913e71027ec,de_2022_q4,DE,Deere & Company,2022 Q4,2022-12-31,sec_exhibit,sec_edgar,https://data.sec.gov/submissions/CIK0000000000.json,https://data.sec.gov/submissions/CIK0000000000.json,data.sec.gov,.json,,0.50,SEC EDGAR metadata provider always available,metadata_only,false,user_authorized_project_assessment_public_direct,,,resolve_sec_exhibits,sha256:0d65470df74e1c513a24ca372eb777a82f3d29e70839dd3d6cfdcf939e2fd091
47caa3dff01776fe,ge_2022_q4,GE,GE Aerospace,2022 Q4,2022-12-31,sec_exhibit,sec_edgar,https://data.sec.gov/submissions/CIK0000000000.json,https://data.sec.gov/submissions/CIK0000000000.json,data.sec.gov,.json,,0.50,SEC EDGAR metadata provider always available,metadata_only,false,user_authorized_project_assessment_public_direct,,,resolve_sec_exhibits,sha256:0eb0b47366af16a742199146aa10779cc5ddcecf5ef22b46cbf17a902fa10d78
75abd593b5617a5d,etn_2022_q4,ETN,Eaton Corporation plc,2022 Q4,2022-12-31,sec_exhibit,sec_edgar,https://data.sec.gov/submissions/CIK0000000000.json,https://data.sec.gov/submissions/CIK0000000000.json,data.sec.gov,.json,,0.50,SEC EDGAR metadata provider always available,metadata_only,false,user_authorized_project_assessment_public_direct,,,resolve_sec_exhibits,sha256:a6b87f2e907acfc9615af3b11cd53a2f5e851e4f045989c93e5a909e2d91108e
094715371ffa9883,emr_2022_q4,EMR,Emerson Electric Co.,2022 Q4,2022-12-31,sec_exhibit,sec_edgar,https://data.sec.gov/submissions/CIK0000000000.json,https://data.sec.gov/submissions/CIK0000000000.json,data.sec.gov,.json,,0.50,SEC EDGAR metadata provider always available,metadata_only,false,user_authorized_project_assessment_public_direct,,,resolve_sec_exhibits,sha256:809692bc8194d7fce4b8016e0fa826bf5ba061356cbf7ac1a79b46514c0d5356
9d8c0125acbd3bc3,mmm_2022_q4,MMM,3M Company,2022 Q4,2022-12-31,sec_exhibit,sec_edgar,https://data.sec.gov/submissions/CIK0000000000.json,https://data.sec.gov/submissions/CIK0000000000.json,data.sec.gov,.json,,0.50,SEC EDGAR metadata provider always available,metadata_only,false,user_authorized_project_assessment_public_direct,,,resolve_sec_exhibits,sha256:f54e8e6e019e3c3fe8b73f6858e731e561c1ed49c75e4b3764905e86a170f6fa
b78eb85d0c0d6efe,itw_2022_q4,ITW,Illinois Tool Works Inc.,2022 Q4,2022-12-31,sec_exhibit,sec_edgar,https://data.sec.gov/submissions/CIK0000000000.json,https://data.sec.gov/submissions/CIK0000000000.json,data.sec.gov,.json,,0.50,SEC EDGAR metadata provider always available,metadata_only,false,user_authorized_project_assessment_public_direct,,,resolve_sec_exhibits,sha256:88885adbe3c0d54fba13749db9eb38175cc1456d9ed2b7524714897fadb49954
8672e836de415050,ph_2022_q4,PH,Parker-Hannifin Corporation,2022 Q4,2022-12-31,sec_exhibit,sec_edgar,https://data.sec.gov/submissions/CIK0000000000.json,https://data.sec.gov/submissions/CIK0000000000.json,data.sec.gov,.json,,0.50,SEC EDGAR metadata provider always available,metadata_only,false,user_authorized_project_assessment_public_direct,,,resolve_sec_exhibits,sha256:e2adbc7b47543b809606af0c0ec2d09d860502dcca04714be64a7a1ce9a1863f
12d3131b04d7bfbe,carr_2022_q4,CARR,Carrier Global Corporation,2022 Q4,2022-12-31,sec_exhibit,sec_edgar,https://data.sec.gov/submissions/CIK0000000000.json,https://data.sec.gov/submissions/CIK0000000000.json,data.sec.gov,.json,,0.50,SEC EDGAR metadata provider always available,metadata_only,false,user_authorized_project_assessment_public_direct,,,resolve_sec_exhibits,sha256:5adc95f1b47364424523937cdeae3d44cf05567bba872751ae620f6d4433e491
83cc6c6d66af97b7,otis_2022_q4,OTIS,Otis Worldwide Corporation,2022 Q4,2022-12-31,sec_exhibit,sec_edgar,https://data.sec.gov/submissions/CIK0000000000.json,https://data.sec.gov/submissions/CIK0000000000.json,data.sec.gov,.json,,0.50,SEC EDGAR metadata provider always available,metadata_only,false,user_authorized_project_assessment_public_direct,,,resolve_sec_exhibits,sha256:c978881ff0f7a5dfc8ee80e6ced1bc90d56d0b8e7256a7c62199913c4c057327
9ac95e3c6c219f02,ups_2022_q4,UPS,"United Parcel Service, Inc.",2022 Q4,2022-12-31,sec_exhibit,sec_edgar,https://data.sec.gov/submissions/CIK0000000000.json,https://data.sec.gov/submissions/CIK0000000000.json,data.sec.gov,.json,,0.50,SEC EDGAR metadata provider always available,metadata_only,false,user_authorized_project_assessment_public_direct,,,resolve_sec_exhibits,sha256:c00aed4c9f53cb984d0847c3da263ba4bcb6ca134ada28d5622393af4ff5a89b
4b618bbc3449184e,fdx_2022_q4,FDX,FedEx Corporation,2022 Q4,2022-12-31,sec_exhibit,sec_edgar,https://data.sec.gov/submissions/CIK0000000000.json,https://data.sec.gov/submissions/CIK0000000000.json,data.sec.gov,.json,,0.50,SEC EDGAR metadata provider always available,metadata_only,false,user_authorized_project_assessment_public_direct,,,resolve_sec_exhibits,sha256:b64d28ee79302ec64feefe447e1426db82bdde1b1de3efb4eff465bd398b7e4c
591c408085447dee,dal_2022_q4,DAL,"Delta Air Lines, Inc.",2022 Q4,2022-12-31,sec_exhibit,sec_edgar,https://data.sec.gov/submissions/CIK0000000000.json,https://data.sec.gov/submissions/CIK0000000000.json,data.sec.gov,.json,,0.50,SEC EDGAR metadata provider always available,metadata_only,false,user_authorized_project_assessment_public_direct,,,resolve_sec_exhibits,sha256:119e2ea3cc1fd537d4ffd37469049b56deeb633050d1398086d52c029780acf1
c2d6d4e086326553,unp_2022_q4,UNP,Union Pacific Corporation,2022 Q4,2022-12-31,sec_exhibit,sec_edgar,https://data.sec.gov/submissions/CIK0000000000.json,https://data.sec.gov/submissions/CIK0000000000.json,data.sec.gov,.json,,0.50,SEC EDGAR metadata provider always available,metadata_only,false,user_authorized_project_assessment_public_direct,,,resolve_sec_exhibits,sha256:be97d45b389bdb57d5c406e3bb5914e0b418a61c71651c9af892388f02087a70
8f3ee3582130ff49,nsc_2022_q4,NSC,Norfolk Southern Corporation,2022 Q4,2022-12-31,sec_exhibit,sec_edgar,https://data.sec.gov/submissions/CIK0000000000.json,https://data.sec.gov/submissions/CIK0000000000.json,data.sec.gov,.json,,0.50,SEC EDGAR metadata provider always available,metadata_only,false,user_authorized_project_assessment_public_direct,,,resolve_sec_exhibits,sha256:7279c9a0ab2b7282e29451cdb455be81ed127a012712feebd625b4264808a27c
3212261ad2d4f691,hd_2022_q4,HD,"The Home Depot, Inc.",2022 Q4,2022-12-31,sec_exhibit,sec_edgar,https://data.sec.gov/submissions/CIK0000000000.json,https://data.sec.gov/submissions/CIK0000000000.json,data.sec.gov,.json,,0.50,SEC EDGAR metadata provider always available,metadata_only,false,user_authorized_project_assessment_public_direct,,,resolve_sec_exhibits,sha256:9a3366cc1c28eb52655d5431702ed27eac6f13387359d5f1967836ad6a63fe23
345ea9a2bb0d75db,low_2022_q4,LOW,"Lowe's Companies, Inc.",2022 Q4,2022-12-31,sec_exhibit,sec_edgar,https://data.sec.gov/submissions/CIK0000000000.json,https://data.sec.gov/submissions/CIK0000000000.json,data.sec.gov,.json,,0.50,SEC EDGAR metadata provider always available,metadata_only,false,user_authorized_project_assessment_public_direct,,,resolve_sec_exhibits,sha256:e84b46fd835f93abd95ec43ba83cc58e7d25641621c80cbd1e81acdf5f52dcc3
0a2ad44ac1d8393f,tgt_2022_q4,TGT,Target Corporation,2022 Q4,2022-12-31,sec_exhibit,sec_edgar,https://data.sec.gov/submissions/CIK0000000000.json,https://data.sec.gov/submissions/CIK0000000000.json,data.sec.gov,.json,,0.50,SEC EDGAR metadata provider always available,metadata_only,false,user_authorized_project_assessment_public_direct,,,resolve_sec_exhibits,sha256:0ff7f958922175f0364f4d41ad8e0b48581988e22dd214c09200b24fb9707bd5
45b73c1f72f6b2ec,kr_2022_q4,KR,The Kroger Co.,2022 Q4,2022-12-31,sec_exhibit,sec_edgar,https://data.sec.gov/submissions/CIK0000000000.json,https://data.sec.gov/submissions/CIK0000000000.json,data.sec.gov,.json,,0.50,SEC EDGAR metadata provider always available,metadata_only,false,user_authorized_project_assessment_public_direct,,,resolve_sec_exhibits,sha256:552fa15dcdb10c102d574127a8e1a03fd004280f7af9a73c603318d7637bd450
a74124d2c69f0791,dg_2022_q4,DG,Dollar General Corporation,2022 Q4,2022-12-31,sec_exhibit,sec_edgar,https://data.sec.gov/submissions/CIK0000000000.json,https://data.sec.gov/submissions/CIK0000000000.json,data.sec.gov,.json,,0.50,SEC EDGAR metadata provider always available,metadata_only,false,user_authorized_project_assessment_public_direct,,,resolve_sec_exhibits,sha256:519e7b86a03846c1bfad7bd15a97b0cd334cba73eecc34655ac9c3406754d04b
bc8beccdeff8245f,mcd_2022_q4,MCD,McDonald's Corporation,2022 Q4,2022-12-31,sec_exhibit,sec_edgar,https://data.sec.gov/submissions/CIK0000000000.json,https://data.sec.gov/submissions/CIK0000000000.json,data.sec.gov,.json,,0.50,SEC EDGAR metadata provider always available,metadata_only,false,user_authorized_project_assessment_public_direct,,,resolve_sec_exhibits,sha256:613f5de8c91c7e4bca8c80003b9e580d329c13528dab2398d2bdc778f3dc49de
eff621a0bffd455c,yum_2022_q4,YUM,"Yum! Brands, Inc.",2022 Q4,2022-12-31,sec_exhibit,sec_edgar,https://data.sec.gov/submissions/CIK0000000000.json,https://data.sec.gov/submissions/CIK0000000000.json,data.sec.gov,.json,,0.50,SEC EDGAR metadata provider always available,metadata_only,false,user_authorized_project_assessment_public_direct,,,resolve_sec_exhibits,sha256:e9df038e89c2aa5d4932a0ca0fa30c0a7616d922bb9455e18f54877d81956d73
b19ee06842979572,nke_2022_q4,NKE,"NIKE, Inc.",2022 Q4,2022-12-31,sec_exhibit,sec_edgar,https://data.sec.gov/submissions/CIK0000000000.json,https://data.sec.gov/submissions/CIK0000000000.json,data.sec.gov,.json,,0.50,SEC EDGAR metadata provider always available,metadata_only,false,user_authorized_project_assessment_public_direct,,,resolve_sec_exhibits,sha256:805ce5be922696b0a167847d6875109e2a34bbbcd00c54daa69ce4ced85c9a10
233c821a532cb240,dis_2022_q4,DIS,The Walt Disney Company,2022 Q4,2022-12-31,sec_exhibit,sec_edgar,https://data.sec.gov/submissions/CIK0000000000.json,https://data.sec.gov/submissions/CIK0000000000.json,data.sec.gov,.json,,0.50,SEC EDGAR metadata provider always available,metadata_only,false,user_authorized_project_assessment_public_direct,,,resolve_sec_exhibits,sha256:463155eb41f2782f33cdae98b1b112a4f674aa141bfb90b9e9f2f75eb72cb1ce
5f9fe40140510212,ko_2022_q4,KO,The Coca-Cola Company,2022 Q4,2022-12-31,sec_exhibit,sec_edgar,https://data.sec.gov/submissions/CIK0000000000.json,https://data.sec.gov/submissions/CIK0000000000.json,data.sec.gov,.json,,0.50,SEC EDGAR metadata provider always available,metadata_only,false,user_authorized_project_assessment_public_direct,,,resolve_sec_exhibits,sha256:52bc77bb490e898ad94a3684594c4613575ab77f1c158d5786de0d015ed0adea
6e2061423402fa20,pg_2022_q4,PG,The Procter & Gamble Company,2022 Q4,2022-12-31,sec_exhibit,sec_edgar,https://data.sec.gov/submissions/CIK0000000000.json,https://data.sec.gov/submissions/CIK0000000000.json,data.sec.gov,.json,,0.50,SEC EDGAR metadata provider always available,metadata_only,false,user_authorized_project_assessment_public_direct,,,resolve_sec_exhibits,sha256:a7e3dddfcf767890b854d688def84c323e66e578d477717b65faa64e6fff6625
9972426b16df0cc9,cl_2022_q4,CL,Colgate-Palmolive Company,2022 Q4,2022-12-31,sec_exhibit,sec_edgar,https://data.sec.gov/submissions/CIK0000000000.json,https://data.sec.gov/submissions/CIK0000000000.json,data.sec.gov,.json,,0.50,SEC EDGAR metadata provider always available,metadata_only,false,user_authorized_project_assessment_public_direct,,,resolve_sec_exhibits,sha256:20109ddee3743fc57b60173d4ee0c159d3eede6efef5b2daca3d939112db414c
1ece1b7997abdfc4,el_2022_q4,EL,The Estee Lauder Companies Inc.,2022 Q4,2022-12-31,sec_exhibit,sec_edgar,https://data.sec.gov/submissions/CIK0000000000.json,https://data.sec.gov/submissions/CIK0000000000.json,data.sec.gov,.json,,0.50,SEC EDGAR metadata provider always available,metadata_only,false,user_authorized_project_assessment_public_direct,,,resolve_sec_exhibits,sha256:3eb572fc8cb9577e2812ac96884e0f79342df69aed6344306f9e86e906f57715
10a2cc40be4100c3,gis_2022_q4,GIS,"General Mills, Inc.",2022 Q4,2022-12-31,sec_exhibit,sec_edgar,https://data.sec.gov/submissions/CIK0000000000.json,https://data.sec.gov/submissions/CIK0000000000.json,data.sec.gov,.json,,0.50,SEC EDGAR metadata provider always available,metadata_only,false,user_authorized_project_assessment_public_direct,,,resolve_sec_exhibits,sha256:01f47bbb7f70ceed18f29b34e1c8f6b5ea88e97b400c0c63c9bc91e04ea71cd2
a07452ad65386f21,hsy_2022_q4,HSY,The Hershey Company,2022 Q4,2022-12-31,sec_exhibit,sec_edgar,https://data.sec.gov/submissions/CIK0000000000.json,https://data.sec.gov/submissions/CIK0000000000.json,data.sec.gov,.json,,0.50,SEC EDGAR metadata provider always available,metadata_only,false,user_authorized_project_assessment_public_direct,,,resolve_sec_exhibits,sha256:c956c31552c73f639d2544b91ab2a7b91230c5270d78d4275c7a933d0bc9186f
6696e03063b4364a,t_2022_q4,T,AT&T Inc.,2022 Q4,2022-12-31,sec_exhibit,sec_edgar,https://data.sec.gov/submissions/CIK0000000000.json,https://data.sec.gov/submissions/CIK0000000000.json,data.sec.gov,.json,,0.50,SEC EDGAR metadata provider always available,metadata_only,false,user_authorized_project_assessment_public_direct,,,resolve_sec_exhibits,sha256:4a5f0e961a985479b873cb80d7388ba72c5422bafcb20d551019a6d63e74bafb
a9985cc7b534a81a,vz_2022_q4,VZ,Verizon Communications Inc.,2022 Q4,2022-12-31,sec_exhibit,sec_edgar,https://data.sec.gov/submissions/CIK0000000000.json,https://data.sec.gov/submissions/CIK0000000000.json,data.sec.gov,.json,,0.50,SEC EDGAR metadata provider always available,metadata_only,false,user_authorized_project_assessment_public_direct,,,resolve_sec_exhibits,sha256:c88dd4bf54408f81e179a562d024367d5eba8b9802512f9d2a1e1abb565e5c32
12ab0585e65cb9a8,ibm_2022_q4,IBM,International Business Machines Corporation,2022 Q4,2022-12-31,sec_exhibit,sec_edgar,https://data.sec.gov/submissions/CIK0000000000.json,https://data.sec.gov/submissions/CIK0000000000.json,data.sec.gov,.json,,0.50,SEC EDGAR metadata provider always available,metadata_only,false,user_authorized_project_assessment_public_direct,,,resolve_sec_exhibits,sha256:03edf4f5cabd7fff52839abd38ade5c367c2d76472df7dc3dd3735c166c76dd4
25813c8f0daef762,orcl_2022_q4,ORCL,Oracle Corporation,2022 Q4,2022-12-31,sec_exhibit,sec_edgar,https://data.sec.gov/submissions/CIK0000000000.json,https://data.sec.gov/submissions/CIK0000000000.json,data.sec.gov,.json,,0.50,SEC EDGAR metadata provider always available,metadata_only,false,user_authorized_project_assessment_public_direct,,,resolve_sec_exhibits,sha256:92aeb8704f7aafd3ff32fd53507f42603a95ac796ad93c6adaec02a70a51ef70
e808f6ae3c29ab3a,crm_2022_q4,CRM,"Salesforce, Inc.",2022 Q4,2022-12-31,sec_exhibit,sec_edgar,https://data.sec.gov/submissions/CIK0000000000.json,https://data.sec.gov/submissions/CIK0000000000.json,data.sec.gov,.json,,0.50,SEC EDGAR metadata provider always available,metadata_only,false,user_authorized_project_assessment_public_direct,,,resolve_sec_exhibits,sha256:33a3d8adf21cde28694c10c671dcb7bd012285f71539c01cdd191ecb52170f40
4cc6431c3250a1a2,now_2022_q4,NOW,"ServiceNow, Inc.",2022 Q4,2022-12-31,sec_exhibit,sec_edgar,https://data.sec.gov/submissions/CIK0000000000.json,https://data.sec.gov/submissions/CIK0000000000.json,data.sec.gov,.json,,0.50,SEC EDGAR metadata provider always available,metadata_only,false,user_authorized_project_assessment_public_direct,,,resolve_sec_exhibits,sha256:cd81296a6c8848eed7e41dc84de1ed7158f969094ad3113daeae8389f634c53c
392d2dcad3e02ffe,acn_2022_q4,ACN,Accenture plc,2022 Q4,2022-12-31,sec_exhibit,sec_edgar,https://data.sec.gov/submissions/CIK0000000000.json,https://data.sec.gov/submissions/CIK0000000000.json,data.sec.gov,.json,,0.50,SEC EDGAR metadata provider always available,metadata_only,false,user_authorized_project_assessment_public_direct,,,resolve_sec_exhibits,sha256:eca25c3e652420f00eb12d2cb3369a07437c6e6c6792dba90cebb70a04a784db
1e66610aad858bbf,dell_2022_q4,DELL,Dell Technologies Inc.,2022 Q4,2022-12-31,sec_exhibit,sec_edgar,https://data.sec.gov/submissions/CIK0000000000.json,https://data.sec.gov/submissions/CIK0000000000.json,data.sec.gov,.json,,0.50,SEC EDGAR metadata provider always available,metadata_only,false,user_authorized_project_assessment_public_direct,,,resolve_sec_exhibits,sha256:03ba20eaee70594e1c477939c3859c154ca23d3c7dd5d79f6b5263b381803b64
23b2777aba390c96,hpq_2022_q4,HPQ,HP Inc.,2022 Q4,2022-12-31,sec_exhibit,sec_edgar,https://data.sec.gov/submissions/CIK0000000000.json,https://data.sec.gov/submissions/CIK0000000000.json,data.sec.gov,.json,,0.50,SEC EDGAR metadata provider always available,metadata_only,false,user_authorized_project_assessment_public_direct,,,resolve_sec_exhibits,sha256:6cb3c1c419e66e3997d44493ad4fa2c88ad335368cb23b81d8b7e88abb5ac906
44b01145221a6491,net_2022_q4,NET,"Cloudflare, Inc.",2022 Q4,2022-12-31,sec_exhibit,sec_edgar,https://data.sec.gov/submissions/CIK0000000000.json,https://data.sec.gov/submissions/CIK0000000000.json,data.sec.gov,.json,,0.50,SEC EDGAR metadata provider always available,metadata_only,false,user_authorized_project_assessment_public_direct,,,resolve_sec_exhibits,sha256:d865a6cf63d007386ecc1ca93c8558d04bd1d929412b6e9d500029a16587daca
bebed47a1adea6fd,snow_2022_q4,SNOW,Snowflake Inc.,2022 Q4,2022-12-31,sec_exhibit,sec_edgar,https://data.sec.gov/submissions/CIK0000000000.json,https://data.sec.gov/submissions/CIK0000000000.json,data.sec.gov,.json,,0.50,SEC EDGAR metadata provider always available,metadata_only,false,user_authorized_project_assessment_public_direct,,,resolve_sec_exhibits,sha256:a0bf8839588b2d5104e789024b6f0ba5e3247852339e8814931bee9a55398b59
4ed8e71ba61aa71c,jpm_2021_q4,JPM,JPMorgan Chase & Co.,2021 Q4,2021-12-31,sec_exhibit,sec_edgar,https://data.sec.gov/submissions/CIK0000000000.json,https://data.sec.gov/submissions/CIK0000000000.json,data.sec.gov,.json,,0.50,SEC EDGAR metadata provider always available,metadata_only,false,user_authorized_project_assessment_public_direct,,,resolve_sec_exhibits,sha256:17d1f955fd7b181d6b2faf26f217d1c9b698caae1f2bef60e8729b3f1fcaea13
3710866f80d3fed7,bac_2021_q4,BAC,Bank of America Corporation,2021 Q4,2021-12-31,sec_exhibit,sec_edgar,https://data.sec.gov/submissions/CIK0000000000.json,https://data.sec.gov/submissions/CIK0000000000.json,data.sec.gov,.json,,0.50,SEC EDGAR metadata provider always available,metadata_only,false,user_authorized_project_assessment_public_direct,,,resolve_sec_exhibits,sha256:799f9812c64bacb245ace6e321f708369f5b87aecb40e9fe6c30ed0515f106e8
59db6e86232d0fa9,c_2021_q4,C,Citigroup Inc.,2021 Q4,2021-12-31,sec_exhibit,sec_edgar,https://data.sec.gov/submissions/CIK0000000000.json,https://data.sec.gov/submissions/CIK0000000000.json,data.sec.gov,.json,,0.50,SEC EDGAR metadata provider always available,metadata_only,false,user_authorized_project_assessment_public_direct,,,resolve_sec_exhibits,sha256:cd38f17005b96eed72f484736c7d811221ac9eba59628c840e932920c6fc86d3
158c37f90bc20c95,wfc_2021_q4,WFC,Wells Fargo & Company,2021 Q4,2021-12-31,sec_exhibit,sec_edgar,https://data.sec.gov/submissions/CIK0000000000.json,https://data.sec.gov/submissions/CIK0000000000.json,data.sec.gov,.json,,0.50,SEC EDGAR metadata provider always available,metadata_only,false,user_authorized_project_assessment_public_direct,,,resolve_sec_exhibits,sha256:2d9256a1b5473e969b13f19b87f928c9562d453318453aab129c3bf6827ff8be
aef7eee9ac38a8b3,gs_2021_q4,GS,"The Goldman Sachs Group, Inc.",2021 Q4,2021-12-31,sec_exhibit,sec_edgar,https://data.sec.gov/submissions/CIK0000000000.json,https://data.sec.gov/submissions/CIK0000000000.json,data.sec.gov,.json,,0.50,SEC EDGAR metadata provider always available,metadata_only,false,user_authorized_project_assessment_public_direct,,,resolve_sec_exhibits,sha256:4966ed5789e150ab4973a125eca767c604c31b46622287f316d87ef99fbc115b
d84f5587abb5a94c,ms_2021_q4,MS,Morgan Stanley,2021 Q4,2021-12-31,sec_exhibit,sec_edgar,https://data.sec.gov/submissions/CIK0000000000.json,https://data.sec.gov/submissions/CIK0000000000.json,data.sec.gov,.json,,0.50,SEC EDGAR metadata provider always available,metadata_only,false,user_authorized_project_assessment_public_direct,,,resolve_sec_exhibits,sha256:6b2fe1eb28cc20c273ba9e7f0b6fd52e94d0b52d9936aad01420a28038f8679d
3e657baa8f0f8ea8,bk_2021_q4,BK,The Bank of New York Mellon Corporation,2021 Q4,2021-12-31,sec_exhibit,sec_edgar,https://data.sec.gov/submissions/CIK0000000000.json,https://data.sec.gov/submissions/CIK0000000000.json,data.sec.gov,.json,,0.50,SEC EDGAR metadata provider always available,metadata_only,false,user_authorized_project_assessment_public_direct,,,resolve_sec_exhibits,sha256:f821f2a3d1568d1de89a16b4a636aa0b45275bc88adfc70285f9e609fdc7e5b9
b843579c149d6556,stt_2021_q4,STT,State Street Corporation,2021 Q4,2021-12-31,sec_exhibit,sec_edgar,https://data.sec.gov/submissions/CIK0000000000.json,https://data.sec.gov/submissions/CIK0000000000.json,data.sec.gov,.json,,0.50,SEC EDGAR metadata provider always available,metadata_only,false,user_authorized_project_assessment_public_direct,,,resolve_sec_exhibits,sha256:023b6795b2400ec084398a62f0f353806ef92fec980c191248affc4f84a32d68
3f09b5326e9d68c1,usb_2021_q4,USB,U.S. Bancorp,2021 Q4,2021-12-31,sec_exhibit,sec_edgar,https://data.sec.gov/submissions/CIK0000000000.json,https://data.sec.gov/submissions/CIK0000000000.json,data.sec.gov,.json,,0.50,SEC EDGAR metadata provider always available,metadata_only,false,user_authorized_project_assessment_public_direct,,,resolve_sec_exhibits,sha256:b4f3d88a70d04bd4a98092a8f469460edc95647e0dc38427bd234474d4384698
afb20287377a3a92,pnc_2021_q4,PNC,"The PNC Financial Services Group, Inc.",2021 Q4,2021-12-31,sec_exhibit,sec_edgar,https://data.sec.gov/submissions/CIK0000000000.json,https://data.sec.gov/submissions/CIK0000000000.json,data.sec.gov,.json,,0.50,SEC EDGAR metadata provider always available,metadata_only,false,user_authorized_project_assessment_public_direct,,,resolve_sec_exhibits,sha256:f94db586f37a625ccb3aa0fa30991641b7dc5af9ba0e76bbccf37fc2c7b82797
70d12149a607f1b9,tfc_2021_q4,TFC,Truist Financial Corporation,2021 Q4,2021-12-31,sec_exhibit,sec_edgar,https://data.sec.gov/submissions/CIK0000000000.json,https://data.sec.gov/submissions/CIK0000000000.json,data.sec.gov,.json,,0.50,SEC EDGAR metadata provider always available,metadata_only,false,user_authorized_project_assessment_public_direct,,,resolve_sec_exhibits,sha256:255660ce5ecf2909049b581b15f0fa88adf903d62136b5b37b7339017292bf54
c12f138e03d413ec,cof_2021_q4,COF,Capital One Financial Corporation,2021 Q4,2021-12-31,sec_exhibit,sec_edgar,https://data.sec.gov/submissions/CIK0000000000.json,https://data.sec.gov/submissions/CIK0000000000.json,data.sec.gov,.json,,0.50,SEC EDGAR metadata provider always available,metadata_only,false,user_authorized_project_assessment_public_direct,,,resolve_sec_exhibits,sha256:a3f768105914f3ff3fa7ab343277ae8ffd4027cf8bab0673f5447a859cb8f317
a533d3027ee65e9e,axp_2021_q4,AXP,American Express Company,2021 Q4,2021-12-31,sec_exhibit,sec_edgar,https://data.sec.gov/submissions/CIK0000000000.json,https://data.sec.gov/submissions/CIK0000000000.json,data.sec.gov,.json,,0.50,SEC EDGAR metadata provider always available,metadata_only,false,user_authorized_project_assessment_public_direct,,,resolve_sec_exhibits,sha256:75ef41213668bcc342440b318448f8c822568bbc825605cdb60d39b13b519f68
aee2fd20e88f2f28,v_2021_q4,V,Visa Inc.,2021 Q4,2021-12-31,sec_exhibit,sec_edgar,https://data.sec.gov/submissions/CIK0000000000.json,https://data.sec.gov/submissions/CIK0000000000.json,data.sec.gov,.json,,0.50,SEC EDGAR metadata provider always available,metadata_only,false,user_authorized_project_assessment_public_direct,,,resolve_sec_exhibits,sha256:02e5d2146ee91e055b4784bf627a445ee9ff966280fa1296cb351bce2e2a9e71
b830db284d1f24aa,ma_2021_q4,MA,Mastercard Incorporated,2021 Q4,2021-12-31,sec_exhibit,sec_edgar,https://data.sec.gov/submissions/CIK0000000000.json,https://data.sec.gov/submissions/CIK0000000000.json,data.sec.gov,.json,,0.50,SEC EDGAR metadata provider always available,metadata_only,false,user_authorized_project_assessment_public_direct,,,resolve_sec_exhibits,sha256:74c722388ce593ac4e4ba3c96c48b47f5691a6e7a1ed05154a1249939bdf541e
afae8ac397317f94,fis_2021_q4,FIS,"Fidelity National Information Services, Inc.",2021 Q4,2021-12-31,sec_exhibit,sec_edgar,https://data.sec.gov/submissions/CIK0000000000.json,https://data.sec.gov/submissions/CIK0000000000.json,data.sec.gov,.json,,0.50,SEC EDGAR metadata provider always available,metadata_only,false,user_authorized_project_assessment_public_direct,,,resolve_sec_exhibits,sha256:c4317d9dcd2a24d26e955a9407d9afa3021e6fb6fc1e94d23e85d4c296a995e3
d114b865c5c01323,gpn_2021_q4,GPN,Global Payments Inc.,2021 Q4,2021-12-31,sec_exhibit,sec_edgar,https://data.sec.gov/submissions/CIK0000000000.json,https://data.sec.gov/submissions/CIK0000000000.json,data.sec.gov,.json,,0.50,SEC EDGAR metadata provider always available,metadata_only,false,user_authorized_project_assessment_public_direct,,,resolve_sec_exhibits,sha256:cd3b316ffdde97329e7c9e8560154e195e2ec0b1cab555598568a81610a38875
32fa94c5d4235cc2,blk_2021_q4,BLK,"BlackRock, Inc.",2021 Q4,2021-12-31,sec_exhibit,sec_edgar,https://data.sec.gov/submissions/CIK0000000000.json,https://data.sec.gov/submissions/CIK0000000000.json,data.sec.gov,.json,,0.50,SEC EDGAR metadata provider always available,metadata_only,false,user_authorized_project_assessment_public_direct,,,resolve_sec_exhibits,sha256:a6dfc549f4413f030ba4ab853a8698653bd64b2a62a1fcb7e284927154f26b88
b131f6348fc6dedb,bx_2021_q4,BX,Blackstone Inc.,2021 Q4,2021-12-31,sec_exhibit,sec_edgar,https://data.sec.gov/submissions/CIK0000000000.json,https://data.sec.gov/submissions/CIK0000000000.json,data.sec.gov,.json,,0.50,SEC EDGAR metadata provider always available,metadata_only,false,user_authorized_project_assessment_public_direct,,,resolve_sec_exhibits,sha256:66c8827871229fee9d01267621b96cdb68a845377ae279cfb0dadddf9fb41202
10e2725a5938cc14,schw_2021_q4,SCHW,The Charles Schwab Corporation,2021 Q4,2021-12-31,sec_exhibit,sec_edgar,https://data.sec.gov/submissions/CIK0000000000.json,https://data.sec.gov/submissions/CIK0000000000.json,data.sec.gov,.json,,0.50,SEC EDGAR metadata provider always available,metadata_only,false,user_authorized_project_assessment_public_direct,,,resolve_sec_exhibits,sha256:134436bc31201f0d1dffa0557e9883b2f49f56e717ac5b01cfa89c4a098ba000
37f132d2364eccc6,ice_2021_q4,ICE,"Intercontinental Exchange, Inc.",2021 Q4,2021-12-31,sec_exhibit,sec_edgar,https://data.sec.gov/submissions/CIK0000000000.json,https://data.sec.gov/submissions/CIK0000000000.json,data.sec.gov,.json,,0.50,SEC EDGAR metadata provider always available,metadata_only,false,user_authorized_project_assessment_public_direct,,,resolve_sec_exhibits,sha256:21c17e62b92b1b2cab32f9c9138e442e65f9db46f8aed4d245bf21d6f74c3d4b
170f9f9a29619438,spgi_2021_q4,SPGI,S&P Global Inc.,2021 Q4,2021-12-31,sec_exhibit,sec_edgar,https://data.sec.gov/submissions/CIK0000000000.json,https://data.sec.gov/submissions/CIK0000000000.json,data.sec.gov,.json,,0.50,SEC EDGAR metadata provider always available,metadata_only,false,user_authorized_project_assessment_public_direct,,,resolve_sec_exhibits,sha256:92d483be46b6af6543bc063b4d5b58b4fcf0ca82820e37e2c2c7c05483ba875e
6cfc391102764814,mco_2021_q4,MCO,Moody's Corporation,2021 Q4,2021-12-31,sec_exhibit,sec_edgar,https://data.sec.gov/submissions/CIK0000000000.json,https://data.sec.gov/submissions/CIK0000000000.json,data.sec.gov,.json,,0.50,SEC EDGAR metadata provider always available,metadata_only,false,user_authorized_project_assessment_public_direct,,,resolve_sec_exhibits,sha256:c754a786009d3e6b7c59e98034a1297450eac3551bb8e4c08972167f1c39635f
cede904421428378,aon_2021_q4,AON,Aon plc,2021 Q4,2021-12-31,sec_exhibit,sec_edgar,https://data.sec.gov/submissions/CIK0000000000.json,https://data.sec.gov/submissions/CIK0000000000.json,data.sec.gov,.json,,0.50,SEC EDGAR metadata provider always available,metadata_only,false,user_authorized_project_assessment_public_direct,,,resolve_sec_exhibits,sha256:18963f9b44d20173cea52d2e55cc179653179b383d6152911a880957105a7ddd
c3fd03c0697ae091,aig_2021_q4,AIG,"American International Group, Inc.",2021 Q4,2021-12-31,sec_exhibit,sec_edgar,https://data.sec.gov/submissions/CIK0000000000.json,https://data.sec.gov/submissions/CIK0000000000.json,data.sec.gov,.json,,0.50,SEC EDGAR metadata provider always available,metadata_only,false,user_authorized_project_assessment_public_direct,,,resolve_sec_exhibits,sha256:861b39def44e18a7997fd263ee65290c3e64e266f1d35ebc40dfd2cf509f638f
9dfb0237c8f89091,met_2021_q4,MET,"MetLife, Inc.",2021 Q4,2021-12-31,sec_exhibit,sec_edgar,https://data.sec.gov/submissions/CIK0000000000.json,https://data.sec.gov/submissions/CIK0000000000.json,data.sec.gov,.json,,0.50,SEC EDGAR metadata provider always available,metadata_only,false,user_authorized_project_assessment_public_direct,,,resolve_sec_exhibits,sha256:ee848f14762404efbd6e0354272654655f536164e5957ad7b5ce6e7b9fa2a68a
b314c9c36995e5df,pru_2021_q4,PRU,"Prudential Financial, Inc.",2021 Q4,2021-12-31,sec_exhibit,sec_edgar,https://data.sec.gov/submissions/CIK0000000000.json,https://data.sec.gov/submissions/CIK0000000000.json,data.sec.gov,.json,,0.50,SEC EDGAR metadata provider always available,metadata_only,false,user_authorized_project_assessment_public_direct,,,resolve_sec_exhibits,sha256:efb4b3931da84b2b313d42fb9703ec9cf6c64753131082b6aedc14875c4fdb07
fef805f94f5d44ab,trv_2021_q4,TRV,"The Travelers Companies, Inc.",2021 Q4,2021-12-31,sec_exhibit,sec_edgar,https://data.sec.gov/submissions/CIK0000000000.json,https://data.sec.gov/submissions/CIK0000000000.json,data.sec.gov,.json,,0.50,SEC EDGAR metadata provider always available,metadata_only,false,user_authorized_project_assessment_public_direct,,,resolve_sec_exhibits,sha256:ca720b6d3e22291f147de7eb041c57b5e776b4c52cacd05e3a7cdd356e2a3b3f
02ec1a0bf64b7846,cb_2021_q4,CB,Chubb Limited,2021 Q4,2021-12-31,sec_exhibit,sec_edgar,https://data.sec.gov/submissions/CIK0000000000.json,https://data.sec.gov/submissions/CIK0000000000.json,data.sec.gov,.json,,0.50,SEC EDGAR metadata provider always available,metadata_only,false,user_authorized_project_assessment_public_direct,,,resolve_sec_exhibits,sha256:f4e35d4656ff6ba74a02a152c9511e5f47cc4b388bdd13b58115d2c674b0acea
db4327f231cc62c9,jnj_2021_q4,JNJ,Johnson & Johnson,2021 Q4,2021-12-31,sec_exhibit,sec_edgar,https://data.sec.gov/submissions/CIK0000000000.json,https://data.sec.gov/submissions/CIK0000000000.json,data.sec.gov,.json,,0.50,SEC EDGAR metadata provider always available,metadata_only,false,user_authorized_project_assessment_public_direct,,,resolve_sec_exhibits,sha256:190ca18eec80b4ee7819caafbbb2f8396e13779436d495119f0df3a3f9055219
cf1418c2cb27b770,lly_2021_q4,LLY,Eli Lilly and Company,2021 Q4,2021-12-31,sec_exhibit,sec_edgar,https://data.sec.gov/submissions/CIK0000000000.json,https://data.sec.gov/submissions/CIK0000000000.json,data.sec.gov,.json,,0.50,SEC EDGAR metadata provider always available,metadata_only,false,user_authorized_project_assessment_public_direct,,,resolve_sec_exhibits,sha256:c95885c3ca46f95acd6272da5eaad6ed92e54d984967d60ae4b8da9ff176a885
0323347df879dd31,mrk_2021_q4,MRK,"Merck & Co., Inc.",2021 Q4,2021-12-31,sec_exhibit,sec_edgar,https://data.sec.gov/submissions/CIK0000000000.json,https://data.sec.gov/submissions/CIK0000000000.json,data.sec.gov,.json,,0.50,SEC EDGAR metadata provider always available,metadata_only,false,user_authorized_project_assessment_public_direct,,,resolve_sec_exhibits,sha256:cb40369f632db2250eea81ef2e9e85daf97b6daad3b0ffeb46b7805649da6b95
0989fddfc48666ee,pfe_2021_q4,PFE,Pfizer Inc.,2021 Q4,2021-12-31,sec_exhibit,sec_edgar,https://data.sec.gov/submissions/CIK0000000000.json,https://data.sec.gov/submissions/CIK0000000000.json,data.sec.gov,.json,,0.50,SEC EDGAR metadata provider always available,metadata_only,false,user_authorized_project_assessment_public_direct,,,resolve_sec_exhibits,sha256:3e254ae1741420677f18954c941cfb40e4dbb932b5cb547a5ecdb646b61b16c3
4b1c8af9caf06124,unh_2021_q4,UNH,UnitedHealth Group Incorporated,2021 Q4,2021-12-31,sec_exhibit,sec_edgar,https://data.sec.gov/submissions/CIK0000000000.json,https://data.sec.gov/submissions/CIK0000000000.json,data.sec.gov,.json,,0.50,SEC EDGAR metadata provider always available,metadata_only,false,user_authorized_project_assessment_public_direct,,,resolve_sec_exhibits,sha256:5436b784d5886020b4f8932d8d84dc870c920a05e1a055f65d19247f1f3af594
6ea242dde30f7589,cvs_2021_q4,CVS,CVS Health Corporation,2021 Q4,2021-12-31,sec_exhibit,sec_edgar,https://data.sec.gov/submissions/CIK0000000000.json,https://data.sec.gov/submissions/CIK0000000000.json,data.sec.gov,.json,,0.50,SEC EDGAR metadata provider always available,metadata_only,false,user_authorized_project_assessment_public_direct,,,resolve_sec_exhibits,sha256:4f16f9044764db8f227812a75b0a146d9ed4687312497077fbbcbddc48d00edd
6616cc22bcd0e3bd,abt_2021_q4,ABT,Abbott Laboratories,2021 Q4,2021-12-31,sec_exhibit,sec_edgar,https://data.sec.gov/submissions/CIK0000000000.json,https://data.sec.gov/submissions/CIK0000000000.json,data.sec.gov,.json,,0.50,SEC EDGAR metadata provider always available,metadata_only,false,user_authorized_project_assessment_public_direct,,,resolve_sec_exhibits,sha256:28f40aceb2d70679e13ef9e1b4e63695eb8cb208c633d3b757da0d9c76a917ce
a63a2b3f1055c5e6,bmy_2021_q4,BMY,Bristol Myers Squibb Company,2021 Q4,2021-12-31,sec_exhibit,sec_edgar,https://data.sec.gov/submissions/CIK0000000000.json,https://data.sec.gov/submissions/CIK0000000000.json,data.sec.gov,.json,,0.50,SEC EDGAR metadata provider always available,metadata_only,false,user_authorized_project_assessment_public_direct,,,resolve_sec_exhibits,sha256:0b7cdb77c2502469909675895a524112503b457b992e0be44cd848478a60dcab
c4d954cb4fb185f0,mdt_2021_q4,MDT,Medtronic plc,2021 Q4,2021-12-31,sec_exhibit,sec_edgar,https://data.sec.gov/submissions/CIK0000000000.json,https://data.sec.gov/submissions/CIK0000000000.json,data.sec.gov,.json,,0.50,SEC EDGAR metadata provider always available,metadata_only,false,user_authorized_project_assessment_public_direct,,,resolve_sec_exhibits,sha256:da9e2b9bdd436b34af587ab30a5f6794266ab4a4a98a5dea17dda5c1beb2b743
2741c8d051c2f2c3,tmo_2021_q4,TMO,Thermo Fisher Scientific Inc.,2021 Q4,2021-12-31,sec_exhibit,sec_edgar,https://data.sec.gov/submissions/CIK0000000000.json,https://data.sec.gov/submissions/CIK0000000000.json,data.sec.gov,.json,,0.50,SEC EDGAR metadata provider always available,metadata_only,false,user_authorized_project_assessment_public_direct,,,resolve_sec_exhibits,sha256:5dc51946cbe68572ade4f6ef809bb4cd26a0b4ae744b46a086f766cf2e1db9da
9043df3c217499a0,dhr_2021_q4,DHR,Danaher Corporation,2021 Q4,2021-12-31,sec_exhibit,sec_edgar,https://data.sec.gov/submissions/CIK0000000000.json,https://data.sec.gov/submissions/CIK0000000000.json,data.sec.gov,.json,,0.50,SEC EDGAR metadata provider always available,metadata_only,false,user_authorized_project_assessment_public_direct,,,resolve_sec_exhibits,sha256:79b6729cbdbcb03646c20c4771c13a4fbd1637b38622232a7db5d539b0517c82
761524312700dfec,bdx_2021_q4,BDX,"Becton, Dickinson and Company",2021 Q4,2021-12-31,sec_exhibit,sec_edgar,https://data.sec.gov/submissions/CIK0000000000.json,https://data.sec.gov/submissions/CIK0000000000.json,data.sec.gov,.json,,0.50,SEC EDGAR metadata provider always available,metadata_only,false,user_authorized_project_assessment_public_direct,,,resolve_sec_exhibits,sha256:6ef66958eb846dc0f0dccfe9aa4067dbd828e922d7accf4a641afb22bb9f711b
1d48009fb411a130,ci_2021_q4,CI,The Cigna Group,2021 Q4,2021-12-31,sec_exhibit,sec_edgar,https://data.sec.gov/submissions/CIK0000000000.json,https://data.sec.gov/submissions/CIK0000000000.json,data.sec.gov,.json,,0.50,SEC EDGAR metadata provider always available,metadata_only,false,user_authorized_project_assessment_public_direct,,,resolve_sec_exhibits,sha256:2869a4d4bb7c048023562ae77ea86d02d035d01bed85bc66175fe9fa205cd490
c1af85b1a5e21aeb,hca_2021_q4,HCA,"HCA Healthcare, Inc.",2021 Q4,2021-12-31,sec_exhibit,sec_edgar,https://data.sec.gov/submissions/CIK0000000000.json,https://data.sec.gov/submissions/CIK0000000000.json,data.sec.gov,.json,,0.50,SEC EDGAR metadata provider always available,metadata_only,false,user_authorized_project_assessment_public_direct,,,resolve_sec_exhibits,sha256:896efdd831e05b8c15db1210d895fe5b8162d65529e47def033e054037b9a782
fb6222ecf0a23a64,syk_2021_q4,SYK,Stryker Corporation,2021 Q4,2021-12-31,sec_exhibit,sec_edgar,https://data.sec.gov/submissions/CIK0000000000.json,https://data.sec.gov/submissions/CIK0000000000.json,data.sec.gov,.json,,0.50,SEC EDGAR metadata provider always available,metadata_only,false,user_authorized_project_assessment_public_direct,,,resolve_sec_exhibits,sha256:a49d18259015518f3f9d6251fc029dfbb8314b9627959ba7b0f05ea2c302fcbf
e85c85f0473e96b9,xom_2021_q4,XOM,Exxon Mobil Corporation,2021 Q4,2021-12-31,sec_exhibit,sec_edgar,https://data.sec.gov/submissions/CIK0000000000.json,https://data.sec.gov/submissions/CIK0000000000.json,data.sec.gov,.json,,0.50,SEC EDGAR metadata provider always available,metadata_only,false,user_authorized_project_assessment_public_direct,,,resolve_sec_exhibits,sha256:a5353514b41d8fe4751886e58db6970bd06641f8a80e8da9f3a5de3446bbf55c
00498bec52a004c0,cvx_2021_q4,CVX,Chevron Corporation,2021 Q4,2021-12-31,sec_exhibit,sec_edgar,https://data.sec.gov/submissions/CIK0000000000.json,https://data.sec.gov/submissions/CIK0000000000.json,data.sec.gov,.json,,0.50,SEC EDGAR metadata provider always available,metadata_only,false,user_authorized_project_assessment_public_direct,,,resolve_sec_exhibits,sha256:67eb2c5938cd32267cf26f56cb17e15df063c43d6291965c15f9c53a957c9794
893d27a979ae1b3f,cop_2021_q4,COP,ConocoPhillips,2021 Q4,2021-12-31,sec_exhibit,sec_edgar,https://data.sec.gov/submissions/CIK0000000000.json,https://data.sec.gov/submissions/CIK0000000000.json,data.sec.gov,.json,,0.50,SEC EDGAR metadata provider always available,metadata_only,false,user_authorized_project_assessment_public_direct,,,resolve_sec_exhibits,sha256:b51547827b176dd0ed6d8838badda2f78d8baeef8b8b4f60db76588794ea9ba2
f67c5d3f59e9a437,slb_2021_q4,SLB,SLB,2021 Q4,2021-12-31,sec_exhibit,sec_edgar,https://data.sec.gov/submissions/CIK0000000000.json,https://data.sec.gov/submissions/CIK0000000000.json,data.sec.gov,.json,,0.50,SEC EDGAR metadata provider always available,metadata_only,false,user_authorized_project_assessment_public_direct,,,resolve_sec_exhibits,sha256:53142754e99fc37661b9d3c53cae32b3dce8e626d22fe555a2283312998d512a
62fb4849685f5eae,hal_2021_q4,HAL,Halliburton Company,2021 Q4,2021-12-31,sec_exhibit,sec_edgar,https://data.sec.gov/submissions/CIK0000000000.json,https://data.sec.gov/submissions/CIK0000000000.json,data.sec.gov,.json,,0.50,SEC EDGAR metadata provider always available,metadata_only,false,user_authorized_project_assessment_public_direct,,,resolve_sec_exhibits,sha256:3caa683bb6e766b45a8b5f7343d295eda04787e938323bb16deadc668a9c1cca
52978c61644a6e6e,eog_2021_q4,EOG,"EOG Resources, Inc.",2021 Q4,2021-12-31,sec_exhibit,sec_edgar,https://data.sec.gov/submissions/CIK0000000000.json,https://data.sec.gov/submissions/CIK0000000000.json,data.sec.gov,.json,,0.50,SEC EDGAR metadata provider always available,metadata_only,false,user_authorized_project_assessment_public_direct,,,resolve_sec_exhibits,sha256:ebe5fb95d986f29dc3ff0a3a64e80cbfccddb554adb91f19499dbb2ec338240b
cf4da6fcf541de30,oxy_2021_q4,OXY,Occidental Petroleum Corporation,2021 Q4,2021-12-31,sec_exhibit,sec_edgar,https://data.sec.gov/submissions/CIK0000000000.json,https://data.sec.gov/submissions/CIK0000000000.json,data.sec.gov,.json,,0.50,SEC EDGAR metadata provider always available,metadata_only,false,user_authorized_project_assessment_public_direct,,,resolve_sec_exhibits,sha256:d2f159326c3544b51499c040cf7444f2f997614a25d634419c6fee539990b4d3
41a54fb56b7605a3,mpc_2021_q4,MPC,Marathon Petroleum Corporation,2021 Q4,2021-12-31,sec_exhibit,sec_edgar,https://data.sec.gov/submissions/CIK0000000000.json,https://data.sec.gov/submissions/CIK0000000000.json,data.sec.gov,.json,,0.50,SEC EDGAR metadata provider always available,metadata_only,false,user_authorized_project_assessment_public_direct,,,resolve_sec_exhibits,sha256:a2db7fdcf4010cb66ae21bfdc65f35bf47e6f4150eb84dbdfd2e12d9531379b0
06beb48686a0f828,psx_2021_q4,PSX,Phillips 66,2021 Q4,2021-12-31,sec_exhibit,sec_edgar,https://data.sec.gov/submissions/CIK0000000000.json,https://data.sec.gov/submissions/CIK0000000000.json,data.sec.gov,.json,,0.50,SEC EDGAR metadata provider always available,metadata_only,false,user_authorized_project_assessment_public_direct,,,resolve_sec_exhibits,sha256:c86187215d1e029a0fe20bb5bc4b45c4d6b16a9bb883c1050e8e43098a9805d1
5d7f2154e2b3ca2d,vlo_2021_q4,VLO,Valero Energy Corporation,2021 Q4,2021-12-31,sec_exhibit,sec_edgar,https://data.sec.gov/submissions/CIK0000000000.json,https://data.sec.gov/submissions/CIK0000000000.json,data.sec.gov,.json,,0.50,SEC EDGAR metadata provider always available,metadata_only,false,user_authorized_project_assessment_public_direct,,,resolve_sec_exhibits,sha256:05220c6cef3c58df430120803f130ceb8165c0d36a193e140b9ab33f03bc8059
a1f7f058e70b40fe,ba_2021_q4,BA,The Boeing Company,2021 Q4,2021-12-31,sec_exhibit,sec_edgar,https://data.sec.gov/submissions/CIK0000000000.json,https://data.sec.gov/submissions/CIK0000000000.json,data.sec.gov,.json,,0.50,SEC EDGAR metadata provider always available,metadata_only,false,user_authorized_project_assessment_public_direct,,,resolve_sec_exhibits,sha256:7a054143e4637ae391297eaab814c25cd0cec627a383d1c09561fe0816907794
4ff18247211467ba,rtx_2021_q4,RTX,RTX Corporation,2021 Q4,2021-12-31,sec_exhibit,sec_edgar,https://data.sec.gov/submissions/CIK0000000000.json,https://data.sec.gov/submissions/CIK0000000000.json,data.sec.gov,.json,,0.50,SEC EDGAR metadata provider always available,metadata_only,false,user_authorized_project_assessment_public_direct,,,resolve_sec_exhibits,sha256:f70b47e80186a1ad55ddd6b1f80ac6090bc0c8709d0b246b85d4385ea1f996a5
0a46e53e7f37385c,lmt_2021_q4,LMT,Lockheed Martin Corporation,2021 Q4,2021-12-31,sec_exhibit,sec_edgar,https://data.sec.gov/submissions/CIK0000000000.json,https://data.sec.gov/submissions/CIK0000000000.json,data.sec.gov,.json,,0.50,SEC EDGAR metadata provider always available,metadata_only,false,user_authorized_project_assessment_public_direct,,,resolve_sec_exhibits,sha256:5770a01e341dcfba50bd36e12b7a5bcc7ce89226b41b0830a1ae7afabb910a26
1adabe72d2a36336,noc_2021_q4,NOC,Northrop Grumman Corporation,2021 Q4,2021-12-31,sec_exhibit,sec_edgar,https://data.sec.gov/submissions/CIK0000000000.json,https://data.sec.gov/submissions/CIK0000000000.json,data.sec.gov,.json,,0.50,SEC EDGAR metadata provider always available,metadata_only,false,user_authorized_project_assessment_public_direct,,,resolve_sec_exhibits,sha256:b4d3e4e7e96ae0340961ec16627a20508b093f056a627f5edc81f8d75ca9d4d2
70c65c8524e3f492,gd_2021_q4,GD,General Dynamics Corporation,2021 Q4,2021-12-31,sec_exhibit,sec_edgar,https://data.sec.gov/submissions/CIK0000000000.json,https://data.sec.gov/submissions/CIK0000000000.json,data.sec.gov,.json,,0.50,SEC EDGAR metadata provider always available,metadata_only,false,user_authorized_project_assessment_public_direct,,,resolve_sec_exhibits,sha256:b4b4fbbaf926a7fc76d861663c896d096736c8ec48b9357581e874c00c3b266d
85a68bfda9f5be12,cat_2021_q4,CAT,Caterpillar Inc.,2021 Q4,2021-12-31,sec_exhibit,sec_edgar,https://data.sec.gov/submissions/CIK0000000000.json,https://data.sec.gov/submissions/CIK0000000000.json,data.sec.gov,.json,,0.50,SEC EDGAR metadata provider always available,metadata_only,false,user_authorized_project_assessment_public_direct,,,resolve_sec_exhibits,sha256:9988a12bd9eddb8a0a7c284029b1cd3940a13e75cf1462195469f98f7384b9cb
23a54a19f5071782,de_2021_q4,DE,Deere & Company,2021 Q4,2021-12-31,sec_exhibit,sec_edgar,https://data.sec.gov/submissions/CIK0000000000.json,https://data.sec.gov/submissions/CIK0000000000.json,data.sec.gov,.json,,0.50,SEC EDGAR metadata provider always available,metadata_only,false,user_authorized_project_assessment_public_direct,,,resolve_sec_exhibits,sha256:878a347ffef86443e25d7e93dfad4a7f30c2a0a12a1835741050aa0b374d1de7
51c55bee0620f937,ge_2021_q4,GE,GE Aerospace,2021 Q4,2021-12-31,sec_exhibit,sec_edgar,https://data.sec.gov/submissions/CIK0000000000.json,https://data.sec.gov/submissions/CIK0000000000.json,data.sec.gov,.json,,0.50,SEC EDGAR metadata provider always available,metadata_only,false,user_authorized_project_assessment_public_direct,,,resolve_sec_exhibits,sha256:24fcea002733ff5de0ae735728ba68d30eae6bbd5ec149bad7104194e64990d9
3333e32072b4daa4,etn_2021_q4,ETN,Eaton Corporation plc,2021 Q4,2021-12-31,sec_exhibit,sec_edgar,https://data.sec.gov/submissions/CIK0000000000.json,https://data.sec.gov/submissions/CIK0000000000.json,data.sec.gov,.json,,0.50,SEC EDGAR metadata provider always available,metadata_only,false,user_authorized_project_assessment_public_direct,,,resolve_sec_exhibits,sha256:6124d44c1ceb72d4027ed5311c77ffcdec5820b5b9554be31bfd1af60eb0cdf7
5dd3874ff825ea1a,emr_2021_q4,EMR,Emerson Electric Co.,2021 Q4,2021-12-31,sec_exhibit,sec_edgar,https://data.sec.gov/submissions/CIK0000000000.json,https://data.sec.gov/submissions/CIK0000000000.json,data.sec.gov,.json,,0.50,SEC EDGAR metadata provider always available,metadata_only,false,user_authorized_project_assessment_public_direct,,,resolve_sec_exhibits,sha256:d16970fb999cab1d4446b34ed636f81b12bc3674918cca5b8bb12145539ed769
2fa4c1d57b5769de,mmm_2021_q4,MMM,3M Company,2021 Q4,2021-12-31,sec_exhibit,sec_edgar,https://data.sec.gov/submissions/CIK0000000000.json,https://data.sec.gov/submissions/CIK0000000000.json,data.sec.gov,.json,,0.50,SEC EDGAR metadata provider always available,metadata_only,false,user_authorized_project_assessment_public_direct,,,resolve_sec_exhibits,sha256:f6a2a96fa10d0a366be3da6e4c28a27744667f1d97c435884dd22fc182a56e2a
d7a542118941e2a6,itw_2021_q4,ITW,Illinois Tool Works Inc.,2021 Q4,2021-12-31,sec_exhibit,sec_edgar,https://data.sec.gov/submissions/CIK0000000000.json,https://data.sec.gov/submissions/CIK0000000000.json,data.sec.gov,.json,,0.50,SEC EDGAR metadata provider always available,metadata_only,false,user_authorized_project_assessment_public_direct,,,resolve_sec_exhibits,sha256:ad8e5ca18fcefc14cbb9842d8f89f1c3c2a40008a31a75054cfa5915e46963e8
ccdc313599246910,ph_2021_q4,PH,Parker-Hannifin Corporation,2021 Q4,2021-12-31,sec_exhibit,sec_edgar,https://data.sec.gov/submissions/CIK0000000000.json,https://data.sec.gov/submissions/CIK0000000000.json,data.sec.gov,.json,,0.50,SEC EDGAR metadata provider always available,metadata_only,false,user_authorized_project_assessment_public_direct,,,resolve_sec_exhibits,sha256:1181ee9d65356f91a5be5c724bcf6000252ea502b63d7fce27abe0fd83ec1aaa
28650c93ce306ce6,carr_2021_q4,CARR,Carrier Global Corporation,2021 Q4,2021-12-31,sec_exhibit,sec_edgar,https://data.sec.gov/submissions/CIK0000000000.json,https://data.sec.gov/submissions/CIK0000000000.json,data.sec.gov,.json,,0.50,SEC EDGAR metadata provider always available,metadata_only,false,user_authorized_project_assessment_public_direct,,,resolve_sec_exhibits,sha256:fcd8aec8cc5b98d3b7dc4efba0744fac779148859dd255986796c7d98f6b6d52
d42d9f13c5c0b8ec,otis_2021_q4,OTIS,Otis Worldwide Corporation,2021 Q4,2021-12-31,sec_exhibit,sec_edgar,https://data.sec.gov/submissions/CIK0000000000.json,https://data.sec.gov/submissions/CIK0000000000.json,data.sec.gov,.json,,0.50,SEC EDGAR metadata provider always available,metadata_only,false,user_authorized_project_assessment_public_direct,,,resolve_sec_exhibits,sha256:3e1a81e157d8d4c81e7cc3eb7dc6ea5aa72eec86b89cbd69520630ad1b57e917
bd4ccc72afdb8edf,ups_2021_q4,UPS,"United Parcel Service, Inc.",2021 Q4,2021-12-31,sec_exhibit,sec_edgar,https://data.sec.gov/submissions/CIK0000000000.json,https://data.sec.gov/submissions/CIK0000000000.json,data.sec.gov,.json,,0.50,SEC EDGAR metadata provider always available,metadata_only,false,user_authorized_project_assessment_public_direct,,,resolve_sec_exhibits,sha256:4b502c7272a778669437be84e9691649fb8cb6b9c61e97d994722475edf9d9a0
79b95a40d52db3c0,fdx_2021_q4,FDX,FedEx Corporation,2021 Q4,2021-12-31,sec_exhibit,sec_edgar,https://data.sec.gov/submissions/CIK0000000000.json,https://data.sec.gov/submissions/CIK0000000000.json,data.sec.gov,.json,,0.50,SEC EDGAR metadata provider always available,metadata_only,false,user_authorized_project_assessment_public_direct,,,resolve_sec_exhibits,sha256:41ddd4a057a2b96dd0894fa62ac91e61bbc4d754a08d9f0a1b824cc16c3b1461
39b50c0fc227bdcd,dal_2021_q4,DAL,"Delta Air Lines, Inc.",2021 Q4,2021-12-31,sec_exhibit,sec_edgar,https://data.sec.gov/submissions/CIK0000000000.json,https://data.sec.gov/submissions/CIK0000000000.json,data.sec.gov,.json,,0.50,SEC EDGAR metadata provider always available,metadata_only,false,user_authorized_project_assessment_public_direct,,,resolve_sec_exhibits,sha256:5309a540a051a9940e17613980abc858fc12ce9ac6fba462fd37dc209043f4fa
c1812a11242c3275,unp_2021_q4,UNP,Union Pacific Corporation,2021 Q4,2021-12-31,sec_exhibit,sec_edgar,https://data.sec.gov/submissions/CIK0000000000.json,https://data.sec.gov/submissions/CIK0000000000.json,data.sec.gov,.json,,0.50,SEC EDGAR metadata provider always available,metadata_only,false,user_authorized_project_assessment_public_direct,,,resolve_sec_exhibits,sha256:561db06448240e522030452c62de8ba9335d82a047fd72cc6229624145ae1b51
e8b8ebfdedaca751,nsc_2021_q4,NSC,Norfolk Southern Corporation,2021 Q4,2021-12-31,sec_exhibit,sec_edgar,https://data.sec.gov/submissions/CIK0000000000.json,https://data.sec.gov/submissions/CIK0000000000.json,data.sec.gov,.json,,0.50,SEC EDGAR metadata provider always available,metadata_only,false,user_authorized_project_assessment_public_direct,,,resolve_sec_exhibits,sha256:d8d42f0c95f74469cac69316f83ed2383b6fcc33015bd2b71f7bba249b2c0a5e
d2c23cf8d16ebc84,hd_2021_q4,HD,"The Home Depot, Inc.",2021 Q4,2021-12-31,sec_exhibit,sec_edgar,https://data.sec.gov/submissions/CIK0000000000.json,https://data.sec.gov/submissions/CIK0000000000.json,data.sec.gov,.json,,0.50,SEC EDGAR metadata provider always available,metadata_only,false,user_authorized_project_assessment_public_direct,,,resolve_sec_exhibits,sha256:e608875cf27e40c36cb07fe808266178e2b05f2f3f7f5dfde70b4540092735d6
a5e7e64b43930c99,low_2021_q4,LOW,"Lowe's Companies, Inc.",2021 Q4,2021-12-31,sec_exhibit,sec_edgar,https://data.sec.gov/submissions/CIK0000000000.json,https://data.sec.gov/submissions/CIK0000000000.json,data.sec.gov,.json,,0.50,SEC EDGAR metadata provider always available,metadata_only,false,user_authorized_project_assessment_public_direct,,,resolve_sec_exhibits,sha256:fab9abc4f197b69d8ff72b590b1779cd194abd552f7ac832e5cfd0d105c948f4
92fd1a79f95e9a08,tgt_2021_q4,TGT,Target Corporation,2021 Q4,2021-12-31,sec_exhibit,sec_edgar,https://data.sec.gov/submissions/CIK0000000000.json,https://data.sec.gov/submissions/CIK0000000000.json,data.sec.gov,.json,,0.50,SEC EDGAR metadata provider always available,metadata_only,false,user_authorized_project_assessment_public_direct,,,resolve_sec_exhibits,sha256:3922f4f99af61d78a283f3108e45a2492472721a92dd4225373ae6a2079e9ba4
86839aa72ce87930,kr_2021_q4,KR,The Kroger Co.,2021 Q4,2021-12-31,sec_exhibit,sec_edgar,https://data.sec.gov/submissions/CIK0000000000.json,https://data.sec.gov/submissions/CIK0000000000.json,data.sec.gov,.json,,0.50,SEC EDGAR metadata provider always available,metadata_only,false,user_authorized_project_assessment_public_direct,,,resolve_sec_exhibits,sha256:ba46a6b9fe3a2468b9bdc8e7cd1f940e066199a7cf0d2370bdf9be7a6a255c1a
b3a43ed86e2aa93f,dg_2021_q4,DG,Dollar General Corporation,2021 Q4,2021-12-31,sec_exhibit,sec_edgar,https://data.sec.gov/submissions/CIK0000000000.json,https://data.sec.gov/submissions/CIK0000000000.json,data.sec.gov,.json,,0.50,SEC EDGAR metadata provider always available,metadata_only,false,user_authorized_project_assessment_public_direct,,,resolve_sec_exhibits,sha256:111758f8995943eb786dc50237bc2f360e6fe0bb2d441e703290330df2bc0425
f27943e0f001ee5a,mcd_2021_q4,MCD,McDonald's Corporation,2021 Q4,2021-12-31,sec_exhibit,sec_edgar,https://data.sec.gov/submissions/CIK0000000000.json,https://data.sec.gov/submissions/CIK0000000000.json,data.sec.gov,.json,,0.50,SEC EDGAR metadata provider always available,metadata_only,false,user_authorized_project_assessment_public_direct,,,resolve_sec_exhibits,sha256:c4f2f8e3b003fa97e34ed845e978f7b537f0a74d0c3aed15f0b85705d1525fa6
67cd587b9ac71bac,yum_2021_q4,YUM,"Yum! Brands, Inc.",2021 Q4,2021-12-31,sec_exhibit,sec_edgar,https://data.sec.gov/submissions/CIK0000000000.json,https://data.sec.gov/submissions/CIK0000000000.json,data.sec.gov,.json,,0.50,SEC EDGAR metadata provider always available,metadata_only,false,user_authorized_project_assessment_public_direct,,,resolve_sec_exhibits,sha256:978d891617f66cdfd67586b5daba6ffe6825c4d55d5f62dc1cd450a269d2f71a
da0b3dad639d8486,nke_2021_q4,NKE,"NIKE, Inc.",2021 Q4,2021-12-31,sec_exhibit,sec_edgar,https://data.sec.gov/submissions/CIK0000000000.json,https://data.sec.gov/submissions/CIK0000000000.json,data.sec.gov,.json,,0.50,SEC EDGAR metadata provider always available,metadata_only,false,user_authorized_project_assessment_public_direct,,,resolve_sec_exhibits,sha256:a5a44b55bb48713b2d8edba3fd6ed270755c57b8fbeb27bd654ef4816bdc2294
4c93b560f1bb2b22,dis_2021_q4,DIS,The Walt Disney Company,2021 Q4,2021-12-31,sec_exhibit,sec_edgar,https://data.sec.gov/submissions/CIK0000000000.json,https://data.sec.gov/submissions/CIK0000000000.json,data.sec.gov,.json,,0.50,SEC EDGAR metadata provider always available,metadata_only,false,user_authorized_project_assessment_public_direct,,,resolve_sec_exhibits,sha256:69aa2a96f85fc7bf951d7daa5a202c84868bc458ed66189030b7bbb138ebb03b
bbfc5901eb14972b,ko_2021_q4,KO,The Coca-Cola Company,2021 Q4,2021-12-31,sec_exhibit,sec_edgar,https://data.sec.gov/submissions/CIK0000000000.json,https://data.sec.gov/submissions/CIK0000000000.json,data.sec.gov,.json,,0.50,SEC EDGAR metadata provider always available,metadata_only,false,user_authorized_project_assessment_public_direct,,,resolve_sec_exhibits,sha256:53a28f0cef97b9fc7df35fedd0acbe163527324b694eef1cc2d529d55ba16386
26f84ba966b7449d,pg_2021_q4,PG,The Procter & Gamble Company,2021 Q4,2021-12-31,sec_exhibit,sec_edgar,https://data.sec.gov/submissions/CIK0000000000.json,https://data.sec.gov/submissions/CIK0000000000.json,data.sec.gov,.json,,0.50,SEC EDGAR metadata provider always available,metadata_only,false,user_authorized_project_assessment_public_direct,,,resolve_sec_exhibits,sha256:4f3f1da4c855cd1c26496a8e9982e9345d571649e1a9ac46bedfe909b23a1738
4086829ef2757b34,cl_2021_q4,CL,Colgate-Palmolive Company,2021 Q4,2021-12-31,sec_exhibit,sec_edgar,https://data.sec.gov/submissions/CIK0000000000.json,https://data.sec.gov/submissions/CIK0000000000.json,data.sec.gov,.json,,0.50,SEC EDGAR metadata provider always available,metadata_only,false,user_authorized_project_assessment_public_direct,,,resolve_sec_exhibits,sha256:6e6022e655e65cbe4f096e499e8fd96140bd456402d68153b9352c7e3ae9e279
53a3651c3bee97d0,el_2021_q4,EL,The Estee Lauder Companies Inc.,2021 Q4,2021-12-31,sec_exhibit,sec_edgar,https://data.sec.gov/submissions/CIK0000000000.json,https://data.sec.gov/submissions/CIK0000000000.json,data.sec.gov,.json,,0.50,SEC EDGAR metadata provider always available,metadata_only,false,user_authorized_project_assessment_public_direct,,,resolve_sec_exhibits,sha256:8ac2b865e3837d7bb5e35af85aed17dcd7335973c5e7e6b02cf40f39c6a6e704
af3cc8e9ad6caaf8,gis_2021_q4,GIS,"General Mills, Inc.",2021 Q4,2021-12-31,sec_exhibit,sec_edgar,https://data.sec.gov/submissions/CIK0000000000.json,https://data.sec.gov/submissions/CIK0000000000.json,data.sec.gov,.json,,0.50,SEC EDGAR metadata provider always available,metadata_only,false,user_authorized_project_assessment_public_direct,,,resolve_sec_exhibits,sha256:f88dc8ac88b3f351e0a6030f1afde73c5e9b83f98bf3284922dff10a161273ba
f7926b9aef57901e,hsy_2021_q4,HSY,The Hershey Company,2021 Q4,2021-12-31,sec_exhibit,sec_edgar,https://data.sec.gov/submissions/CIK0000000000.json,https://data.sec.gov/submissions/CIK0000000000.json,data.sec.gov,.json,,0.50,SEC EDGAR metadata provider always available,metadata_only,false,user_authorized_project_assessment_public_direct,,,resolve_sec_exhibits,sha256:c5d96f7fc46b7e32d0fc0ea23e60ee5b518b31ec5ad8de608fbbdbe5c3ecdfd7
2bca2af0c7ce378b,t_2021_q4,T,AT&T Inc.,2021 Q4,2021-12-31,sec_exhibit,sec_edgar,https://data.sec.gov/submissions/CIK0000000000.json,https://data.sec.gov/submissions/CIK0000000000.json,data.sec.gov,.json,,0.50,SEC EDGAR metadata provider always available,metadata_only,false,user_authorized_project_assessment_public_direct,,,resolve_sec_exhibits,sha256:b0b6b0eadfc75f98490eeb52c222542f7629a0acd033c4e9eccd3aff3f998fc5
3de6dbd8a2fb3b49,vz_2021_q4,VZ,Verizon Communications Inc.,2021 Q4,2021-12-31,sec_exhibit,sec_edgar,https://data.sec.gov/submissions/CIK0000000000.json,https://data.sec.gov/submissions/CIK0000000000.json,data.sec.gov,.json,,0.50,SEC EDGAR metadata provider always available,metadata_only,false,user_authorized_project_assessment_public_direct,,,resolve_sec_exhibits,sha256:2e0cb6db0e3dec520c31f0b7118fd3fef44124f50d457e53e3b7d82d21ee55e1
3e01839be95b632e,ibm_2021_q4,IBM,International Business Machines Corporation,2021 Q4,2021-12-31,sec_exhibit,sec_edgar,https://data.sec.gov/submissions/CIK0000000000.json,https://data.sec.gov/submissions/CIK0000000000.json,data.sec.gov,.json,,0.50,SEC EDGAR metadata provider always available,metadata_only,false,user_authorized_project_assessment_public_direct,,,resolve_sec_exhibits,sha256:406f2adef6b915c469b8c39203a6ec2788072bbae97833365c625b0f78a6d47f
d04760c31636e45d,orcl_2021_q4,ORCL,Oracle Corporation,2021 Q4,2021-12-31,sec_exhibit,sec_edgar,https://data.sec.gov/submissions/CIK0000000000.json,https://data.sec.gov/submissions/CIK0000000000.json,data.sec.gov,.json,,0.50,SEC EDGAR metadata provider always available,metadata_only,false,user_authorized_project_assessment_public_direct,,,resolve_sec_exhibits,sha256:b3acaa25ff978cb9e785cffe19321f7501a0cc8394248721736382b70684af45
3264d5128a29975f,crm_2021_q4,CRM,"Salesforce, Inc.",2021 Q4,2021-12-31,sec_exhibit,sec_edgar,https://data.sec.gov/submissions/CIK0000000000.json,https://data.sec.gov/submissions/CIK0000000000.json,data.sec.gov,.json,,0.50,SEC EDGAR metadata provider always available,metadata_only,false,user_authorized_project_assessment_public_direct,,,resolve_sec_exhibits,sha256:8393a6bd9a5ac9798a8043a3f9fe1fa5302da5666e93ffadeab291005cb7896f
0b12d58e0fa9148e,now_2021_q4,NOW,"ServiceNow, Inc.",2021 Q4,2021-12-31,sec_exhibit,sec_edgar,https://data.sec.gov/submissions/CIK0000000000.json,https://data.sec.gov/submissions/CIK0000000000.json,data.sec.gov,.json,,0.50,SEC EDGAR metadata provider always available,metadata_only,false,user_authorized_project_assessment_public_direct,,,resolve_sec_exhibits,sha256:5831d2e39d1bdf33c2608429eedd34e9d3c52389946f79c09a0a48500e9e6d96
b97d45b349d8b50a,acn_2021_q4,ACN,Accenture plc,2021 Q4,2021-12-31,sec_exhibit,sec_edgar,https://data.sec.gov/submissions/CIK0000000000.json,https://data.sec.gov/submissions/CIK0000000000.json,data.sec.gov,.json,,0.50,SEC EDGAR metadata provider always available,metadata_only,false,user_authorized_project_assessment_public_direct,,,resolve_sec_exhibits,sha256:f144dde677aef39e8aedf0825dd8c319de69df3e9f76b607846b2f457fb11856
273ae31fca9fe0b7,dell_2021_q4,DELL,Dell Technologies Inc.,2021 Q4,2021-12-31,sec_exhibit,sec_edgar,https://data.sec.gov/submissions/CIK0000000000.json,https://data.sec.gov/submissions/CIK0000000000.json,data.sec.gov,.json,,0.50,SEC EDGAR metadata provider always available,metadata_only,false,user_authorized_project_assessment_public_direct,,,resolve_sec_exhibits,sha256:b7975cb59bcbea90fd5787ddd28c8933441b6335226cd9b9c2389022d3f440dd
a86e0101f24456a8,hpq_2021_q4,HPQ,HP Inc.,2021 Q4,2021-12-31,sec_exhibit,sec_edgar,https://data.sec.gov/submissions/CIK0000000000.json,https://data.sec.gov/submissions/CIK0000000000.json,data.sec.gov,.json,,0.50,SEC EDGAR metadata provider always available,metadata_only,false,user_authorized_project_assessment_public_direct,,,resolve_sec_exhibits,sha256:ad34da7721dc0204964450e0900436c5938ce0110818d897deae0d2657c20367
6ef9e6176fde079e,net_2021_q4,NET,"Cloudflare, Inc.",2021 Q4,2021-12-31,sec_exhibit,sec_edgar,https://data.sec.gov/submissions/CIK0000000000.json,https://data.sec.gov/submissions/CIK0000000000.json,data.sec.gov,.json,,0.50,SEC EDGAR metadata provider always available,metadata_only,false,user_authorized_project_assessment_public_direct,,,resolve_sec_exhibits,sha256:71fcf7bbcdd19168e31c214355479ab746d4e07e8291f8a9c4b44e70651f7d0a
53baea4fe836d46a,snow_2021_q4,SNOW,Snowflake Inc.,2021 Q4,2021-12-31,sec_exhibit,sec_edgar,https://data.sec.gov/submissions/CIK0000000000.json,https://data.sec.gov/submissions/CIK0000000000.json,data.sec.gov,.json,,0.50,SEC EDGAR metadata provider always available,metadata_only,false,user_authorized_project_assessment_public_direct,,,resolve_sec_exhibits,sha256:b9d99d57f3c8ca369aa1d0bb42debce6001f93a6676438a4a6071b78e5f5ee5c
