registry_id,case_id,ticker_symbol,company_name,fiscal_year,fiscal_quarter,source_type,source_url,source_domain,availability,rights_status,raw_download_allowed,blocked_reason,manual_action,acquisition_method,discovered_timestamp,provenance_hash,notes
jpm_2026_q1_company_ir_1,jpm_2026_q1,JPM,JPMorgan Chase & Co.,2026,Q1,company_ir,https://www.jpmorganchase.com/ir,jpmorganchase.com,unknown,metadata_only,false,source_terms_and_robots_not_reviewed,Review official IR source terms and robots policy before any raw transcript use.,rights_aware_metadata_discovery,2026-05-24T00:33:59+00:00,sha256:0f2f4cfdb9c29d8ab95239b49af9686f7b3e065312c71e3175efbf818510f2c8,Preferred transcript source when terms allow; this row does not assert transcript availability.
jpm_2026_q1_webcast_provider_2,jpm_2026_q1,JPM,JPMorgan Chase & Co.,2026,Q1,webcast_provider,https://www.jpmorganchase.com/ir,jpmorganchase.com,unknown,metadata_only,false,webcast_terms_not_reviewed,"Open from company IR, verify replay access and storage terms, and avoid session-restricted media.",rights_aware_metadata_discovery,2026-05-24T00:33:59+00:00,sha256:c725a4407d94140df5bcb3fee54ff4fc6aaf658eccd2ee17d2f1c4f4c3e05ae4,"Audio/webcast replay candidate only; support layer, not canonical transcript."
jpm_2026_q1_sec_edgar_3,jpm_2026_q1,JPM,JPMorgan Chase & Co.,2026,Q1,sec_edgar,sec-edgar://CIK_LOOKUP_REQUIRED/JPM/2026/Q1,sec-edgar,unknown,metadata_only,false,sec_metadata_only_no_raw_filing_body,Optional later SEC metadata fetch with descriptive User-Agent and <=10 rps rate limit.,rights_aware_metadata_discovery,2026-05-24T00:33:59+00:00,sha256:3f259d16e957de3fe5f27e56e996c52deb104f8bb613960e7b79528216d8778f,"SEC may identify event timing, 8-K references, releases, and exhibit metadata; transcripts are not guaranteed."
jpm_2026_q1_youtube_metadata_only_4,jpm_2026_q1,JPM,JPMorgan Chase & Co.,2026,Q1,youtube_metadata_only,https://www.youtube.com/results?search_query=JPM+JPMorgan+Chase+%26+Co.+earnings+call+2026+Q1,youtube.com,unknown,metadata_only,false,youtube_media_download_blocked_without_authorization,Use YouTube links as metadata references only unless explicit authorization exists.,rights_aware_metadata_discovery,2026-05-24T00:33:59+00:00,sha256:83805dc20e774b8e2e551b6bd948116b7625108af1acc28c946de57753363818,No YouTube audio or video acquisition is performed.
jpm_2026_q1_earnings_platform_5,jpm_2026_q1,JPM,JPMorgan Chase & Co.,2026,Q1,earnings_platform,licensed-vendor://blocked/JPM/2026/Q1,licensed-vendor,blocked,blocked,false,licensed_vendor_without_license_config,Register license configuration before any vendor raw content use.,rights_aware_metadata_discovery,2026-05-24T00:33:59+00:00,sha256:6fe7409c3f7161f5c40ea271cd7fdbdd327c2a5315c472955ce6b71faba6a7e8,Vendor raw transcript access is blocked by default.
wmt_2026_q1_company_ir_1,wmt_2026_q1,WMT,Walmart Inc.,2026,Q1,company_ir,https://stock.walmart.com/,stock.walmart.com,unknown,metadata_only,false,source_terms_and_robots_not_reviewed,Review official IR source terms and robots policy before any raw transcript use.,rights_aware_metadata_discovery,2026-05-24T00:33:59+00:00,sha256:79570eb01440bbc4e8c3880a99bae23076046682b500ea00c91d9397a81cd052,Preferred transcript source when terms allow; this row does not assert transcript availability.
wmt_2026_q1_webcast_provider_2,wmt_2026_q1,WMT,Walmart Inc.,2026,Q1,webcast_provider,https://stock.walmart.com/,stock.walmart.com,unknown,metadata_only,false,webcast_terms_not_reviewed,"Open from company IR, verify replay access and storage terms, and avoid session-restricted media.",rights_aware_metadata_discovery,2026-05-24T00:33:59+00:00,sha256:0fa40d32c93289e77ad04caa6f591741f5f8b17f44863c9e93fa3f65b2424904,"Audio/webcast replay candidate only; support layer, not canonical transcript."
wmt_2026_q1_sec_edgar_3,wmt_2026_q1,WMT,Walmart Inc.,2026,Q1,sec_edgar,sec-edgar://CIK_LOOKUP_REQUIRED/WMT/2026/Q1,sec-edgar,unknown,metadata_only,false,sec_metadata_only_no_raw_filing_body,Optional later SEC metadata fetch with descriptive User-Agent and <=10 rps rate limit.,rights_aware_metadata_discovery,2026-05-24T00:33:59+00:00,sha256:099a55f0f5e51674c96fc105425d254daaaf345602509a6eea0200dc2170983f,"SEC may identify event timing, 8-K references, releases, and exhibit metadata; transcripts are not guaranteed."
wmt_2026_q1_youtube_metadata_only_4,wmt_2026_q1,WMT,Walmart Inc.,2026,Q1,youtube_metadata_only,https://www.youtube.com/results?search_query=WMT+Walmart+Inc.+earnings+call+2026+Q1,youtube.com,unknown,metadata_only,false,youtube_media_download_blocked_without_authorization,Use YouTube links as metadata references only unless explicit authorization exists.,rights_aware_metadata_discovery,2026-05-24T00:33:59+00:00,sha256:6010ba04b61796bf82201b3104f43be63c1bdc53bf565df4860c89951e965cc3,No YouTube audio or video acquisition is performed.
wmt_2026_q1_earnings_platform_5,wmt_2026_q1,WMT,Walmart Inc.,2026,Q1,earnings_platform,licensed-vendor://blocked/WMT/2026/Q1,licensed-vendor,blocked,blocked,false,licensed_vendor_without_license_config,Register license configuration before any vendor raw content use.,rights_aware_metadata_discovery,2026-05-24T00:33:59+00:00,sha256:fe74c0a419becc5616c4d10027b535f392bf7e71acbe7d1d62f721ae012783bc,Vendor raw transcript access is blocked by default.
hd_2026_q1_company_ir_1,hd_2026_q1,HD,"The Home Depot, Inc.",2026,Q1,company_ir,https://ir.homedepot.com/,ir.homedepot.com,unknown,metadata_only,false,source_terms_and_robots_not_reviewed,Review official IR source terms and robots policy before any raw transcript use.,rights_aware_metadata_discovery,2026-05-24T00:33:59+00:00,sha256:79167447f275a5e4d68e4a15fc34fcfe6e280c054eef4b4cfde5d4334ba220d6,Preferred transcript source when terms allow; this row does not assert transcript availability.
hd_2026_q1_webcast_provider_2,hd_2026_q1,HD,"The Home Depot, Inc.",2026,Q1,webcast_provider,https://ir.homedepot.com/,ir.homedepot.com,unknown,metadata_only,false,webcast_terms_not_reviewed,"Open from company IR, verify replay access and storage terms, and avoid session-restricted media.",rights_aware_metadata_discovery,2026-05-24T00:33:59+00:00,sha256:17b6f9b06d55774dbc215f2e84c35504da04f954dd79676e99482b9e1f98d590,"Audio/webcast replay candidate only; support layer, not canonical transcript."
hd_2026_q1_sec_edgar_3,hd_2026_q1,HD,"The Home Depot, Inc.",2026,Q1,sec_edgar,sec-edgar://CIK_LOOKUP_REQUIRED/HD/2026/Q1,sec-edgar,unknown,metadata_only,false,sec_metadata_only_no_raw_filing_body,Optional later SEC metadata fetch with descriptive User-Agent and <=10 rps rate limit.,rights_aware_metadata_discovery,2026-05-24T00:33:59+00:00,sha256:69ffd5ca25da4bc5738db8fb75dea2dd0a4d22fda1cb4e568c8d01b39324ca09,"SEC may identify event timing, 8-K references, releases, and exhibit metadata; transcripts are not guaranteed."
hd_2026_q1_youtube_metadata_only_4,hd_2026_q1,HD,"The Home Depot, Inc.",2026,Q1,youtube_metadata_only,https://www.youtube.com/results?search_query=HD+The+Home+Depot%2C+Inc.+earnings+call+2026+Q1,youtube.com,unknown,metadata_only,false,youtube_media_download_blocked_without_authorization,Use YouTube links as metadata references only unless explicit authorization exists.,rights_aware_metadata_discovery,2026-05-24T00:33:59+00:00,sha256:b9a1f6f12ca6009d745da722d89a06d2ae9ec91e7fdb6d5f7110fa49813811a1,No YouTube audio or video acquisition is performed.
hd_2026_q1_earnings_platform_5,hd_2026_q1,HD,"The Home Depot, Inc.",2026,Q1,earnings_platform,licensed-vendor://blocked/HD/2026/Q1,licensed-vendor,blocked,blocked,false,licensed_vendor_without_license_config,Register license configuration before any vendor raw content use.,rights_aware_metadata_discovery,2026-05-24T00:33:59+00:00,sha256:deacafe19e7bab6d1f67d9e874510f00263db234901f91fffeb915ed34aa525f,Vendor raw transcript access is blocked by default.
jnj_2026_q1_company_ir_1,jnj_2026_q1,JNJ,Johnson & Johnson,2026,Q1,company_ir,https://www.investor.jnj.com/,investor.jnj.com,unknown,metadata_only,false,source_terms_and_robots_not_reviewed,Review official IR source terms and robots policy before any raw transcript use.,rights_aware_metadata_discovery,2026-05-24T00:33:59+00:00,sha256:ac6069f478969ac329116a63d97244e05747fa3b06415d5a8a45d475fd6c76e3,Preferred transcript source when terms allow; this row does not assert transcript availability.
jnj_2026_q1_webcast_provider_2,jnj_2026_q1,JNJ,Johnson & Johnson,2026,Q1,webcast_provider,https://www.investor.jnj.com/,investor.jnj.com,unknown,metadata_only,false,webcast_terms_not_reviewed,"Open from company IR, verify replay access and storage terms, and avoid session-restricted media.",rights_aware_metadata_discovery,2026-05-24T00:33:59+00:00,sha256:c43901b3f2054f8eb025b45e5a6a9abcc2415f381d337878a8ecd9b321da6bd4,"Audio/webcast replay candidate only; support layer, not canonical transcript."
jnj_2026_q1_sec_edgar_3,jnj_2026_q1,JNJ,Johnson & Johnson,2026,Q1,sec_edgar,sec-edgar://CIK_LOOKUP_REQUIRED/JNJ/2026/Q1,sec-edgar,unknown,metadata_only,false,sec_metadata_only_no_raw_filing_body,Optional later SEC metadata fetch with descriptive User-Agent and <=10 rps rate limit.,rights_aware_metadata_discovery,2026-05-24T00:33:59+00:00,sha256:9c3671a287d5d8fb3eb868bb894d52819724ef6a09b556be32df2b4b8737f5c8,"SEC may identify event timing, 8-K references, releases, and exhibit metadata; transcripts are not guaranteed."
jnj_2026_q1_youtube_metadata_only_4,jnj_2026_q1,JNJ,Johnson & Johnson,2026,Q1,youtube_metadata_only,https://www.youtube.com/results?search_query=JNJ+Johnson+%26+Johnson+earnings+call+2026+Q1,youtube.com,unknown,metadata_only,false,youtube_media_download_blocked_without_authorization,Use YouTube links as metadata references only unless explicit authorization exists.,rights_aware_metadata_discovery,2026-05-24T00:33:59+00:00,sha256:3614668bfeb8dba8e8fbc2e6c942d877767ef674b763cd7105f142bc6f31cb64,No YouTube audio or video acquisition is performed.
jnj_2026_q1_earnings_platform_5,jnj_2026_q1,JNJ,Johnson & Johnson,2026,Q1,earnings_platform,licensed-vendor://blocked/JNJ/2026/Q1,licensed-vendor,blocked,blocked,false,licensed_vendor_without_license_config,Register license configuration before any vendor raw content use.,rights_aware_metadata_discovery,2026-05-24T00:33:59+00:00,sha256:3f8e3573edf47d9b41a5632aa9f67ce4261de2af751e9fa927f0006ebf83f176,Vendor raw transcript access is blocked by default.
xom_2026_q1_company_ir_1,xom_2026_q1,XOM,Exxon Mobil Corporation,2026,Q1,company_ir,https://corporate.exxonmobil.com/investors,corporate.exxonmobil.com,unknown,metadata_only,false,source_terms_and_robots_not_reviewed,Review official IR source terms and robots policy before any raw transcript use.,rights_aware_metadata_discovery,2026-05-24T00:33:59+00:00,sha256:6e8629985926052d3cc8707e439e63f64c26f4c626e0129dd680eab4ff911d49,Preferred transcript source when terms allow; this row does not assert transcript availability.
xom_2026_q1_webcast_provider_2,xom_2026_q1,XOM,Exxon Mobil Corporation,2026,Q1,webcast_provider,https://corporate.exxonmobil.com/investors,corporate.exxonmobil.com,unknown,metadata_only,false,webcast_terms_not_reviewed,"Open from company IR, verify replay access and storage terms, and avoid session-restricted media.",rights_aware_metadata_discovery,2026-05-24T00:33:59+00:00,sha256:7f3b9e477154d07b51d67e715040307963391ab5d24c246cff64b90c0a77db4e,"Audio/webcast replay candidate only; support layer, not canonical transcript."
xom_2026_q1_sec_edgar_3,xom_2026_q1,XOM,Exxon Mobil Corporation,2026,Q1,sec_edgar,sec-edgar://CIK_LOOKUP_REQUIRED/XOM/2026/Q1,sec-edgar,unknown,metadata_only,false,sec_metadata_only_no_raw_filing_body,Optional later SEC metadata fetch with descriptive User-Agent and <=10 rps rate limit.,rights_aware_metadata_discovery,2026-05-24T00:33:59+00:00,sha256:8dc06c1216e5597fbac89735fa109948a590865417abc5ade3d1b9187a9317de,"SEC may identify event timing, 8-K references, releases, and exhibit metadata; transcripts are not guaranteed."
xom_2026_q1_youtube_metadata_only_4,xom_2026_q1,XOM,Exxon Mobil Corporation,2026,Q1,youtube_metadata_only,https://www.youtube.com/results?search_query=XOM+Exxon+Mobil+Corporation+earnings+call+2026+Q1,youtube.com,unknown,metadata_only,false,youtube_media_download_blocked_without_authorization,Use YouTube links as metadata references only unless explicit authorization exists.,rights_aware_metadata_discovery,2026-05-24T00:33:59+00:00,sha256:ced189f58c0ca7f515f498cd126dde8869dbbbbd8acbca9969c650baf08c51b8,No YouTube audio or video acquisition is performed.
xom_2026_q1_earnings_platform_5,xom_2026_q1,XOM,Exxon Mobil Corporation,2026,Q1,earnings_platform,licensed-vendor://blocked/XOM/2026/Q1,licensed-vendor,blocked,blocked,false,licensed_vendor_without_license_config,Register license configuration before any vendor raw content use.,rights_aware_metadata_discovery,2026-05-24T00:33:59+00:00,sha256:dde6147aed2ed9a4285f03885154aa706a04e612630ef14d73886642f93646a4,Vendor raw transcript access is blocked by default.
bac_2026_q1_company_ir_1,bac_2026_q1,BAC,Bank of America Corporation,2026,Q1,company_ir,https://investor.bankofamerica.com/,investor.bankofamerica.com,unknown,metadata_only,false,source_terms_and_robots_not_reviewed,Review official IR source terms and robots policy before any raw transcript use.,rights_aware_metadata_discovery,2026-05-24T00:33:59+00:00,sha256:5aed9d45c960f4d575cd82b713a1d23e5dde1eb16bd31fa2b60fcefc669fff07,Preferred transcript source when terms allow; this row does not assert transcript availability.
bac_2026_q1_webcast_provider_2,bac_2026_q1,BAC,Bank of America Corporation,2026,Q1,webcast_provider,https://investor.bankofamerica.com/,investor.bankofamerica.com,unknown,metadata_only,false,webcast_terms_not_reviewed,"Open from company IR, verify replay access and storage terms, and avoid session-restricted media.",rights_aware_metadata_discovery,2026-05-24T00:33:59+00:00,sha256:2560cf0e8c5f31a7215b50c3ef8a85d2437da6cf2d6cf61ff33e8b036aaa5b6c,"Audio/webcast replay candidate only; support layer, not canonical transcript."
bac_2026_q1_sec_edgar_3,bac_2026_q1,BAC,Bank of America Corporation,2026,Q1,sec_edgar,sec-edgar://CIK_LOOKUP_REQUIRED/BAC/2026/Q1,sec-edgar,unknown,metadata_only,false,sec_metadata_only_no_raw_filing_body,Optional later SEC metadata fetch with descriptive User-Agent and <=10 rps rate limit.,rights_aware_metadata_discovery,2026-05-24T00:33:59+00:00,sha256:6fad29b6c09cdcf3670b7494e8a33cc6d2c44c5f59f5b213e5c0f163ce302831,"SEC may identify event timing, 8-K references, releases, and exhibit metadata; transcripts are not guaranteed."
bac_2026_q1_youtube_metadata_only_4,bac_2026_q1,BAC,Bank of America Corporation,2026,Q1,youtube_metadata_only,https://www.youtube.com/results?search_query=BAC+Bank+of+America+Corporation+earnings+call+2026+Q1,youtube.com,unknown,metadata_only,false,youtube_media_download_blocked_without_authorization,Use YouTube links as metadata references only unless explicit authorization exists.,rights_aware_metadata_discovery,2026-05-24T00:33:59+00:00,sha256:2d90902352a549bf1d2c0d6caf442e463715462636b6fb555255d69ab9a2d761,No YouTube audio or video acquisition is performed.
bac_2026_q1_earnings_platform_5,bac_2026_q1,BAC,Bank of America Corporation,2026,Q1,earnings_platform,licensed-vendor://blocked/BAC/2026/Q1,licensed-vendor,blocked,blocked,false,licensed_vendor_without_license_config,Register license configuration before any vendor raw content use.,rights_aware_metadata_discovery,2026-05-24T00:33:59+00:00,sha256:f8cb14faa7f23fe9281a5ca74fa4487e87dc5e684b5c080228c26e05675bf725,Vendor raw transcript access is blocked by default.
gs_2026_q1_company_ir_1,gs_2026_q1,GS,"The Goldman Sachs Group, Inc.",2026,Q1,company_ir,https://www.goldmansachs.com/investor-relations/,goldmansachs.com,unknown,metadata_only,false,source_terms_and_robots_not_reviewed,Review official IR source terms and robots policy before any raw transcript use.,rights_aware_metadata_discovery,2026-05-24T00:33:59+00:00,sha256:c2922dcdba8f3ab9637bd9a0a0f426f1621f8b8a46c285a955bdd999334d9b71,Preferred transcript source when terms allow; this row does not assert transcript availability.
gs_2026_q1_webcast_provider_2,gs_2026_q1,GS,"The Goldman Sachs Group, Inc.",2026,Q1,webcast_provider,https://www.goldmansachs.com/investor-relations/,goldmansachs.com,unknown,metadata_only,false,webcast_terms_not_reviewed,"Open from company IR, verify replay access and storage terms, and avoid session-restricted media.",rights_aware_metadata_discovery,2026-05-24T00:33:59+00:00,sha256:e2e9f25ad71ef0ff66884128e3d0bc158e9f536a03e64db689b678f1ee01a4ea,"Audio/webcast replay candidate only; support layer, not canonical transcript."
gs_2026_q1_sec_edgar_3,gs_2026_q1,GS,"The Goldman Sachs Group, Inc.",2026,Q1,sec_edgar,sec-edgar://CIK_LOOKUP_REQUIRED/GS/2026/Q1,sec-edgar,unknown,metadata_only,false,sec_metadata_only_no_raw_filing_body,Optional later SEC metadata fetch with descriptive User-Agent and <=10 rps rate limit.,rights_aware_metadata_discovery,2026-05-24T00:33:59+00:00,sha256:2f52c6bc395c3355a150a582ef21aeeeee1c1f605e486a0d549832de077154fe,"SEC may identify event timing, 8-K references, releases, and exhibit metadata; transcripts are not guaranteed."
gs_2026_q1_youtube_metadata_only_4,gs_2026_q1,GS,"The Goldman Sachs Group, Inc.",2026,Q1,youtube_metadata_only,https://www.youtube.com/results?search_query=GS+The+Goldman+Sachs+Group%2C+Inc.+earnings+call+2026+Q1,youtube.com,unknown,metadata_only,false,youtube_media_download_blocked_without_authorization,Use YouTube links as metadata references only unless explicit authorization exists.,rights_aware_metadata_discovery,2026-05-24T00:33:59+00:00,sha256:743e475426a6e8067fc60278edbc448dce7edf6a5e74e3f2c73bf50dee3d5326,No YouTube audio or video acquisition is performed.
gs_2026_q1_earnings_platform_5,gs_2026_q1,GS,"The Goldman Sachs Group, Inc.",2026,Q1,earnings_platform,licensed-vendor://blocked/GS/2026/Q1,licensed-vendor,blocked,blocked,false,licensed_vendor_without_license_config,Register license configuration before any vendor raw content use.,rights_aware_metadata_discovery,2026-05-24T00:33:59+00:00,sha256:d6776a99ad11738191638edaa88afdc229d958e41dacf6563d94edacd17d87c0,Vendor raw transcript access is blocked by default.
ms_2026_q1_company_ir_1,ms_2026_q1,MS,Morgan Stanley,2026,Q1,company_ir,https://www.morganstanley.com/about-us-ir,morganstanley.com,unknown,metadata_only,false,source_terms_and_robots_not_reviewed,Review official IR source terms and robots policy before any raw transcript use.,rights_aware_metadata_discovery,2026-05-24T00:33:59+00:00,sha256:dcf3d61429b1a8636cf2e00b382a77b71e333049c9d29297888dc433cf012da2,Preferred transcript source when terms allow; this row does not assert transcript availability.
ms_2026_q1_webcast_provider_2,ms_2026_q1,MS,Morgan Stanley,2026,Q1,webcast_provider,https://www.morganstanley.com/about-us-ir,morganstanley.com,unknown,metadata_only,false,webcast_terms_not_reviewed,"Open from company IR, verify replay access and storage terms, and avoid session-restricted media.",rights_aware_metadata_discovery,2026-05-24T00:33:59+00:00,sha256:10eaa66bd2cceca0f1652697290db65edf954c6d31a4c8c46496eb0c947378b9,"Audio/webcast replay candidate only; support layer, not canonical transcript."
ms_2026_q1_sec_edgar_3,ms_2026_q1,MS,Morgan Stanley,2026,Q1,sec_edgar,sec-edgar://CIK_LOOKUP_REQUIRED/MS/2026/Q1,sec-edgar,unknown,metadata_only,false,sec_metadata_only_no_raw_filing_body,Optional later SEC metadata fetch with descriptive User-Agent and <=10 rps rate limit.,rights_aware_metadata_discovery,2026-05-24T00:33:59+00:00,sha256:04f69a87b9cb3170d2eda3c114564663ee8c12c88e014a626a81f59c4a83867f,"SEC may identify event timing, 8-K references, releases, and exhibit metadata; transcripts are not guaranteed."
ms_2026_q1_youtube_metadata_only_4,ms_2026_q1,MS,Morgan Stanley,2026,Q1,youtube_metadata_only,https://www.youtube.com/results?search_query=MS+Morgan+Stanley+earnings+call+2026+Q1,youtube.com,unknown,metadata_only,false,youtube_media_download_blocked_without_authorization,Use YouTube links as metadata references only unless explicit authorization exists.,rights_aware_metadata_discovery,2026-05-24T00:33:59+00:00,sha256:f787d660ddb929b3d0da935f5c39b844052cb95fafda9c1777fe6d51264662c9,No YouTube audio or video acquisition is performed.
ms_2026_q1_earnings_platform_5,ms_2026_q1,MS,Morgan Stanley,2026,Q1,earnings_platform,licensed-vendor://blocked/MS/2026/Q1,licensed-vendor,blocked,blocked,false,licensed_vendor_without_license_config,Register license configuration before any vendor raw content use.,rights_aware_metadata_discovery,2026-05-24T00:33:59+00:00,sha256:595b5561761d873ffd55d09d5b93bdb67a09d3ec2b47dafc0e827c1fdccb8d13,Vendor raw transcript access is blocked by default.
blk_2026_q1_company_ir_1,blk_2026_q1,BLK,"BlackRock, Inc.",2026,Q1,company_ir,https://ir.blackrock.com/,ir.blackrock.com,unknown,metadata_only,false,source_terms_and_robots_not_reviewed,Review official IR source terms and robots policy before any raw transcript use.,rights_aware_metadata_discovery,2026-05-24T00:33:59+00:00,sha256:23b4e0eb48cde18121f4ca5543d13c69d0727b746d1d9ea7c2e00a591db2fc60,Preferred transcript source when terms allow; this row does not assert transcript availability.
blk_2026_q1_webcast_provider_2,blk_2026_q1,BLK,"BlackRock, Inc.",2026,Q1,webcast_provider,https://ir.blackrock.com/,ir.blackrock.com,unknown,metadata_only,false,webcast_terms_not_reviewed,"Open from company IR, verify replay access and storage terms, and avoid session-restricted media.",rights_aware_metadata_discovery,2026-05-24T00:33:59+00:00,sha256:07243261f27fe5e37699192366cf24792c23ae785a999eddd88ad1a812a621a5,"Audio/webcast replay candidate only; support layer, not canonical transcript."
blk_2026_q1_sec_edgar_3,blk_2026_q1,BLK,"BlackRock, Inc.",2026,Q1,sec_edgar,sec-edgar://CIK_LOOKUP_REQUIRED/BLK/2026/Q1,sec-edgar,unknown,metadata_only,false,sec_metadata_only_no_raw_filing_body,Optional later SEC metadata fetch with descriptive User-Agent and <=10 rps rate limit.,rights_aware_metadata_discovery,2026-05-24T00:33:59+00:00,sha256:69cb8c70d8a8e00256f8e5353375c6b5afe62b41f33345bcc071aaa3528ba9c4,"SEC may identify event timing, 8-K references, releases, and exhibit metadata; transcripts are not guaranteed."
blk_2026_q1_youtube_metadata_only_4,blk_2026_q1,BLK,"BlackRock, Inc.",2026,Q1,youtube_metadata_only,https://www.youtube.com/results?search_query=BLK+BlackRock%2C+Inc.+earnings+call+2026+Q1,youtube.com,unknown,metadata_only,false,youtube_media_download_blocked_without_authorization,Use YouTube links as metadata references only unless explicit authorization exists.,rights_aware_metadata_discovery,2026-05-24T00:33:59+00:00,sha256:f6683ab730745e17b9256f31fc185440069a1674fd387e24af195b296fbe8922,No YouTube audio or video acquisition is performed.
blk_2026_q1_earnings_platform_5,blk_2026_q1,BLK,"BlackRock, Inc.",2026,Q1,earnings_platform,licensed-vendor://blocked/BLK/2026/Q1,licensed-vendor,blocked,blocked,false,licensed_vendor_without_license_config,Register license configuration before any vendor raw content use.,rights_aware_metadata_discovery,2026-05-24T00:33:59+00:00,sha256:d4b02b7f070ada7c3ee2ea27103108878fcf392dfe4586aece37c8a1f59941f8,Vendor raw transcript access is blocked by default.
axp_2026_q1_company_ir_1,axp_2026_q1,AXP,American Express Company,2026,Q1,company_ir,https://ir.americanexpress.com/,ir.americanexpress.com,unknown,metadata_only,false,source_terms_and_robots_not_reviewed,Review official IR source terms and robots policy before any raw transcript use.,rights_aware_metadata_discovery,2026-05-24T00:33:59+00:00,sha256:99bc74916e255452c962cfc8518aa735b844a8797c035be9267eef10eee16c0f,Preferred transcript source when terms allow; this row does not assert transcript availability.
axp_2026_q1_webcast_provider_2,axp_2026_q1,AXP,American Express Company,2026,Q1,webcast_provider,https://ir.americanexpress.com/,ir.americanexpress.com,unknown,metadata_only,false,webcast_terms_not_reviewed,"Open from company IR, verify replay access and storage terms, and avoid session-restricted media.",rights_aware_metadata_discovery,2026-05-24T00:33:59+00:00,sha256:c68a519f043714556f434de35eca6ae9dfec40a2bfefb2f7a5efc8853f579847,"Audio/webcast replay candidate only; support layer, not canonical transcript."
axp_2026_q1_sec_edgar_3,axp_2026_q1,AXP,American Express Company,2026,Q1,sec_edgar,sec-edgar://CIK_LOOKUP_REQUIRED/AXP/2026/Q1,sec-edgar,unknown,metadata_only,false,sec_metadata_only_no_raw_filing_body,Optional later SEC metadata fetch with descriptive User-Agent and <=10 rps rate limit.,rights_aware_metadata_discovery,2026-05-24T00:33:59+00:00,sha256:de8dfd158dcc985b2ca5d349e319e8dc83ecf37e357c97e4d1abeace952a816f,"SEC may identify event timing, 8-K references, releases, and exhibit metadata; transcripts are not guaranteed."
axp_2026_q1_youtube_metadata_only_4,axp_2026_q1,AXP,American Express Company,2026,Q1,youtube_metadata_only,https://www.youtube.com/results?search_query=AXP+American+Express+Company+earnings+call+2026+Q1,youtube.com,unknown,metadata_only,false,youtube_media_download_blocked_without_authorization,Use YouTube links as metadata references only unless explicit authorization exists.,rights_aware_metadata_discovery,2026-05-24T00:33:59+00:00,sha256:c539e834ae25aa19ffd124a82f697b29d7105755c5526160c3cce6d398453cc0,No YouTube audio or video acquisition is performed.
axp_2026_q1_earnings_platform_5,axp_2026_q1,AXP,American Express Company,2026,Q1,earnings_platform,licensed-vendor://blocked/AXP/2026/Q1,licensed-vendor,blocked,blocked,false,licensed_vendor_without_license_config,Register license configuration before any vendor raw content use.,rights_aware_metadata_discovery,2026-05-24T00:33:59+00:00,sha256:f60b692b4cf4870ae68d0537d61218b87810d6424cf23361dc9d89b8e56dc807,Vendor raw transcript access is blocked by default.
ibm_2026_q1_company_ir_1,ibm_2026_q1,IBM,International Business Machines Corporation,2026,Q1,company_ir,https://www.ibm.com/investor,ibm.com,unknown,metadata_only,false,source_terms_and_robots_not_reviewed,Review official IR source terms and robots policy before any raw transcript use.,rights_aware_metadata_discovery,2026-05-24T00:33:59+00:00,sha256:420807eea4ad9413bd27aa6c807430193337ddb0f09e68d446c54a0b2d4eed9b,Preferred transcript source when terms allow; this row does not assert transcript availability.
ibm_2026_q1_webcast_provider_2,ibm_2026_q1,IBM,International Business Machines Corporation,2026,Q1,webcast_provider,https://www.ibm.com/investor,ibm.com,unknown,metadata_only,false,webcast_terms_not_reviewed,"Open from company IR, verify replay access and storage terms, and avoid session-restricted media.",rights_aware_metadata_discovery,2026-05-24T00:33:59+00:00,sha256:8dea1370f0899d6ee0b9b7a05976a9285439d431b789e953a1c11dbf22ea36dc,"Audio/webcast replay candidate only; support layer, not canonical transcript."
ibm_2026_q1_sec_edgar_3,ibm_2026_q1,IBM,International Business Machines Corporation,2026,Q1,sec_edgar,sec-edgar://CIK_LOOKUP_REQUIRED/IBM/2026/Q1,sec-edgar,unknown,metadata_only,false,sec_metadata_only_no_raw_filing_body,Optional later SEC metadata fetch with descriptive User-Agent and <=10 rps rate limit.,rights_aware_metadata_discovery,2026-05-24T00:33:59+00:00,sha256:2f1f960192fbf56792aa19faaa256f9b2c91eb0aead0dd2d24a333fadde1dd35,"SEC may identify event timing, 8-K references, releases, and exhibit metadata; transcripts are not guaranteed."
ibm_2026_q1_youtube_metadata_only_4,ibm_2026_q1,IBM,International Business Machines Corporation,2026,Q1,youtube_metadata_only,https://www.youtube.com/results?search_query=IBM+International+Business+Machines+Corporation+earnings+call+2026+Q1,youtube.com,unknown,metadata_only,false,youtube_media_download_blocked_without_authorization,Use YouTube links as metadata references only unless explicit authorization exists.,rights_aware_metadata_discovery,2026-05-24T00:33:59+00:00,sha256:2a16e6668bd2e331fd2fed85183e2cf7060a974e6b6c4986b5edc01b90b451a7,No YouTube audio or video acquisition is performed.
ibm_2026_q1_earnings_platform_5,ibm_2026_q1,IBM,International Business Machines Corporation,2026,Q1,earnings_platform,licensed-vendor://blocked/IBM/2026/Q1,licensed-vendor,blocked,blocked,false,licensed_vendor_without_license_config,Register license configuration before any vendor raw content use.,rights_aware_metadata_discovery,2026-05-24T00:33:59+00:00,sha256:ecec7feac059b73000597ccf7e460c2b3be9d62c1ed5cf6643a4d07c08a5c7e4,Vendor raw transcript access is blocked by default.
lly_2026_q1_company_ir_1,lly_2026_q1,LLY,Eli Lilly and Company,2026,Q1,company_ir,https://investor.lilly.com/,investor.lilly.com,unknown,metadata_only,false,source_terms_and_robots_not_reviewed,Review official IR source terms and robots policy before any raw transcript use.,rights_aware_metadata_discovery,2026-05-24T00:33:59+00:00,sha256:79cb3f4228d1ca29456a97b0758f7582d7f0f0ce2096f1f82baad4bc3d8d5257,Preferred transcript source when terms allow; this row does not assert transcript availability.
lly_2026_q1_webcast_provider_2,lly_2026_q1,LLY,Eli Lilly and Company,2026,Q1,webcast_provider,https://investor.lilly.com/,investor.lilly.com,unknown,metadata_only,false,webcast_terms_not_reviewed,"Open from company IR, verify replay access and storage terms, and avoid session-restricted media.",rights_aware_metadata_discovery,2026-05-24T00:33:59+00:00,sha256:1f5be7914822695b6a71ec4c5aa582ee20dc6fc0bde73cc29277acfa81f3e67a,"Audio/webcast replay candidate only; support layer, not canonical transcript."
lly_2026_q1_sec_edgar_3,lly_2026_q1,LLY,Eli Lilly and Company,2026,Q1,sec_edgar,sec-edgar://CIK_LOOKUP_REQUIRED/LLY/2026/Q1,sec-edgar,unknown,metadata_only,false,sec_metadata_only_no_raw_filing_body,Optional later SEC metadata fetch with descriptive User-Agent and <=10 rps rate limit.,rights_aware_metadata_discovery,2026-05-24T00:33:59+00:00,sha256:ad7145befbeaa32b68f08b80a66d79810403f468bf5259cdb3d0028cf4f41b0b,"SEC may identify event timing, 8-K references, releases, and exhibit metadata; transcripts are not guaranteed."
lly_2026_q1_youtube_metadata_only_4,lly_2026_q1,LLY,Eli Lilly and Company,2026,Q1,youtube_metadata_only,https://www.youtube.com/results?search_query=LLY+Eli+Lilly+and+Company+earnings+call+2026+Q1,youtube.com,unknown,metadata_only,false,youtube_media_download_blocked_without_authorization,Use YouTube links as metadata references only unless explicit authorization exists.,rights_aware_metadata_discovery,2026-05-24T00:33:59+00:00,sha256:cf7f7328778c9fcd5b8cda158ff7fdf299170b2ed92c51f3d6886273ffa42a01,No YouTube audio or video acquisition is performed.
lly_2026_q1_earnings_platform_5,lly_2026_q1,LLY,Eli Lilly and Company,2026,Q1,earnings_platform,licensed-vendor://blocked/LLY/2026/Q1,licensed-vendor,blocked,blocked,false,licensed_vendor_without_license_config,Register license configuration before any vendor raw content use.,rights_aware_metadata_discovery,2026-05-24T00:33:59+00:00,sha256:9d34bf590852b29f4f66905fefd05895c5b1e4781f4123395079ef8c6421d78c,Vendor raw transcript access is blocked by default.
mrk_2026_q1_company_ir_1,mrk_2026_q1,MRK,"Merck & Co., Inc.",2026,Q1,company_ir,https://www.merck.com/investor-relations/,merck.com,unknown,metadata_only,false,source_terms_and_robots_not_reviewed,Review official IR source terms and robots policy before any raw transcript use.,rights_aware_metadata_discovery,2026-05-24T00:33:59+00:00,sha256:fdf84e9d45b3c376ed117ca279f57399ae4618059bd088247d6a068ab5aa8f3a,Preferred transcript source when terms allow; this row does not assert transcript availability.
mrk_2026_q1_webcast_provider_2,mrk_2026_q1,MRK,"Merck & Co., Inc.",2026,Q1,webcast_provider,https://www.merck.com/investor-relations/,merck.com,unknown,metadata_only,false,webcast_terms_not_reviewed,"Open from company IR, verify replay access and storage terms, and avoid session-restricted media.",rights_aware_metadata_discovery,2026-05-24T00:33:59+00:00,sha256:8e6b416b70bdc455bb620b556e4ee6e594ffa2ef1d5a0e728de27a3e8c4e64bd,"Audio/webcast replay candidate only; support layer, not canonical transcript."
mrk_2026_q1_sec_edgar_3,mrk_2026_q1,MRK,"Merck & Co., Inc.",2026,Q1,sec_edgar,sec-edgar://CIK_LOOKUP_REQUIRED/MRK/2026/Q1,sec-edgar,unknown,metadata_only,false,sec_metadata_only_no_raw_filing_body,Optional later SEC metadata fetch with descriptive User-Agent and <=10 rps rate limit.,rights_aware_metadata_discovery,2026-05-24T00:33:59+00:00,sha256:94b0b1ec43eb28c89597576e92afcd4f998324ae6c324f34917995d7aec03b45,"SEC may identify event timing, 8-K references, releases, and exhibit metadata; transcripts are not guaranteed."
mrk_2026_q1_youtube_metadata_only_4,mrk_2026_q1,MRK,"Merck & Co., Inc.",2026,Q1,youtube_metadata_only,https://www.youtube.com/results?search_query=MRK+Merck+%26+Co.%2C+Inc.+earnings+call+2026+Q1,youtube.com,unknown,metadata_only,false,youtube_media_download_blocked_without_authorization,Use YouTube links as metadata references only unless explicit authorization exists.,rights_aware_metadata_discovery,2026-05-24T00:33:59+00:00,sha256:d52b9bc6bc99568cec4d69b3737467f3933821fb16bfee8260f5ae67afb381d1,No YouTube audio or video acquisition is performed.
mrk_2026_q1_earnings_platform_5,mrk_2026_q1,MRK,"Merck & Co., Inc.",2026,Q1,earnings_platform,licensed-vendor://blocked/MRK/2026/Q1,licensed-vendor,blocked,blocked,false,licensed_vendor_without_license_config,Register license configuration before any vendor raw content use.,rights_aware_metadata_discovery,2026-05-24T00:33:59+00:00,sha256:0527f0d8499545c0c982c5f0700c374af543d6961b44adfc4bb42e390127b47c,Vendor raw transcript access is blocked by default.
pfe_2026_q1_company_ir_1,pfe_2026_q1,PFE,Pfizer Inc.,2026,Q1,company_ir,https://investors.pfizer.com/,investors.pfizer.com,unknown,metadata_only,false,source_terms_and_robots_not_reviewed,Review official IR source terms and robots policy before any raw transcript use.,rights_aware_metadata_discovery,2026-05-24T00:33:59+00:00,sha256:ec3042f1abef4369634441526c281a6f229adc3841e03a58962b16a1011cbd1c,Preferred transcript source when terms allow; this row does not assert transcript availability.
pfe_2026_q1_webcast_provider_2,pfe_2026_q1,PFE,Pfizer Inc.,2026,Q1,webcast_provider,https://investors.pfizer.com/,investors.pfizer.com,unknown,metadata_only,false,webcast_terms_not_reviewed,"Open from company IR, verify replay access and storage terms, and avoid session-restricted media.",rights_aware_metadata_discovery,2026-05-24T00:33:59+00:00,sha256:3a7a1da9515373dda12c77532116ea0abd621c5ee77ff2a993f5ffa1b77a96a9,"Audio/webcast replay candidate only; support layer, not canonical transcript."
pfe_2026_q1_sec_edgar_3,pfe_2026_q1,PFE,Pfizer Inc.,2026,Q1,sec_edgar,sec-edgar://CIK_LOOKUP_REQUIRED/PFE/2026/Q1,sec-edgar,unknown,metadata_only,false,sec_metadata_only_no_raw_filing_body,Optional later SEC metadata fetch with descriptive User-Agent and <=10 rps rate limit.,rights_aware_metadata_discovery,2026-05-24T00:33:59+00:00,sha256:4f170951d6442d8c8b0ea7d6f0d2f42541d92e052d8fdb47c2e644efeb836b4c,"SEC may identify event timing, 8-K references, releases, and exhibit metadata; transcripts are not guaranteed."
pfe_2026_q1_youtube_metadata_only_4,pfe_2026_q1,PFE,Pfizer Inc.,2026,Q1,youtube_metadata_only,https://www.youtube.com/results?search_query=PFE+Pfizer+Inc.+earnings+call+2026+Q1,youtube.com,unknown,metadata_only,false,youtube_media_download_blocked_without_authorization,Use YouTube links as metadata references only unless explicit authorization exists.,rights_aware_metadata_discovery,2026-05-24T00:33:59+00:00,sha256:e51bd24c78da48d2c94594ccde44381369dc93227006161ad7f892addee76dc9,No YouTube audio or video acquisition is performed.
pfe_2026_q1_earnings_platform_5,pfe_2026_q1,PFE,Pfizer Inc.,2026,Q1,earnings_platform,licensed-vendor://blocked/PFE/2026/Q1,licensed-vendor,blocked,blocked,false,licensed_vendor_without_license_config,Register license configuration before any vendor raw content use.,rights_aware_metadata_discovery,2026-05-24T00:33:59+00:00,sha256:fb652e66f1884292960b3e1dc766d4d92c08556e7a886fcddffd020da8adfc04,Vendor raw transcript access is blocked by default.
unh_2026_q1_company_ir_1,unh_2026_q1,UNH,UnitedHealth Group Incorporated,2026,Q1,company_ir,https://www.unitedhealthgroup.com/investors.html,unitedhealthgroup.com,unknown,metadata_only,false,source_terms_and_robots_not_reviewed,Review official IR source terms and robots policy before any raw transcript use.,rights_aware_metadata_discovery,2026-05-24T00:33:59+00:00,sha256:f9a834d95ab0c662015491afa8e7546b0af3aa2fab8912b6d69460a583cd6f2f,Preferred transcript source when terms allow; this row does not assert transcript availability.
unh_2026_q1_webcast_provider_2,unh_2026_q1,UNH,UnitedHealth Group Incorporated,2026,Q1,webcast_provider,https://www.unitedhealthgroup.com/investors.html,unitedhealthgroup.com,unknown,metadata_only,false,webcast_terms_not_reviewed,"Open from company IR, verify replay access and storage terms, and avoid session-restricted media.",rights_aware_metadata_discovery,2026-05-24T00:33:59+00:00,sha256:f3345cf314bfd146c765a78c3096472776f0302564b7617d7dfe0899d511af6b,"Audio/webcast replay candidate only; support layer, not canonical transcript."
unh_2026_q1_sec_edgar_3,unh_2026_q1,UNH,UnitedHealth Group Incorporated,2026,Q1,sec_edgar,sec-edgar://CIK_LOOKUP_REQUIRED/UNH/2026/Q1,sec-edgar,unknown,metadata_only,false,sec_metadata_only_no_raw_filing_body,Optional later SEC metadata fetch with descriptive User-Agent and <=10 rps rate limit.,rights_aware_metadata_discovery,2026-05-24T00:33:59+00:00,sha256:05162fbd97e0fc465b961d6557f471c35bb64efba9c7db7964f75bacad2ac0d4,"SEC may identify event timing, 8-K references, releases, and exhibit metadata; transcripts are not guaranteed."
unh_2026_q1_youtube_metadata_only_4,unh_2026_q1,UNH,UnitedHealth Group Incorporated,2026,Q1,youtube_metadata_only,https://www.youtube.com/results?search_query=UNH+UnitedHealth+Group+Incorporated+earnings+call+2026+Q1,youtube.com,unknown,metadata_only,false,youtube_media_download_blocked_without_authorization,Use YouTube links as metadata references only unless explicit authorization exists.,rights_aware_metadata_discovery,2026-05-24T00:33:59+00:00,sha256:69c3708fa0d3c2e682fd07dcc8a4243df4992f9b02c9b91d67b3454c9ba7694f,No YouTube audio or video acquisition is performed.
unh_2026_q1_earnings_platform_5,unh_2026_q1,UNH,UnitedHealth Group Incorporated,2026,Q1,earnings_platform,licensed-vendor://blocked/UNH/2026/Q1,licensed-vendor,blocked,blocked,false,licensed_vendor_without_license_config,Register license configuration before any vendor raw content use.,rights_aware_metadata_discovery,2026-05-24T00:33:59+00:00,sha256:5e0017e406c0bc2c2638753c8165926dfa5bcd928412405c0e29a4d763ffc756,Vendor raw transcript access is blocked by default.
cvs_2026_q1_company_ir_1,cvs_2026_q1,CVS,CVS Health Corporation,2026,Q1,company_ir,https://investors.cvshealth.com/,investors.cvshealth.com,unknown,metadata_only,false,source_terms_and_robots_not_reviewed,Review official IR source terms and robots policy before any raw transcript use.,rights_aware_metadata_discovery,2026-05-24T00:33:59+00:00,sha256:b9728e40510ae5f5462f609ba421ab0ca54b8bddcbdbb6941d258b21345f39fd,Preferred transcript source when terms allow; this row does not assert transcript availability.
cvs_2026_q1_webcast_provider_2,cvs_2026_q1,CVS,CVS Health Corporation,2026,Q1,webcast_provider,https://investors.cvshealth.com/,investors.cvshealth.com,unknown,metadata_only,false,webcast_terms_not_reviewed,"Open from company IR, verify replay access and storage terms, and avoid session-restricted media.",rights_aware_metadata_discovery,2026-05-24T00:33:59+00:00,sha256:0f89f585a1308d05bccb0d820d2933ce3bb80eac2f2a3ae4d03d37fb727c7f2e,"Audio/webcast replay candidate only; support layer, not canonical transcript."
cvs_2026_q1_sec_edgar_3,cvs_2026_q1,CVS,CVS Health Corporation,2026,Q1,sec_edgar,sec-edgar://CIK_LOOKUP_REQUIRED/CVS/2026/Q1,sec-edgar,unknown,metadata_only,false,sec_metadata_only_no_raw_filing_body,Optional later SEC metadata fetch with descriptive User-Agent and <=10 rps rate limit.,rights_aware_metadata_discovery,2026-05-24T00:33:59+00:00,sha256:e3ea5c45a92b647f08515b335f9f628abd3b186b8cd70fa7ae245f5e55bf647a,"SEC may identify event timing, 8-K references, releases, and exhibit metadata; transcripts are not guaranteed."
cvs_2026_q1_youtube_metadata_only_4,cvs_2026_q1,CVS,CVS Health Corporation,2026,Q1,youtube_metadata_only,https://www.youtube.com/results?search_query=CVS+CVS+Health+Corporation+earnings+call+2026+Q1,youtube.com,unknown,metadata_only,false,youtube_media_download_blocked_without_authorization,Use YouTube links as metadata references only unless explicit authorization exists.,rights_aware_metadata_discovery,2026-05-24T00:33:59+00:00,sha256:afba5b2b827dad1c7c5e54b50720d90322ee851a72dafc349d456c867a7e2096,No YouTube audio or video acquisition is performed.
cvs_2026_q1_earnings_platform_5,cvs_2026_q1,CVS,CVS Health Corporation,2026,Q1,earnings_platform,licensed-vendor://blocked/CVS/2026/Q1,licensed-vendor,blocked,blocked,false,licensed_vendor_without_license_config,Register license configuration before any vendor raw content use.,rights_aware_metadata_discovery,2026-05-24T00:33:59+00:00,sha256:708d6b0e84ae485bd148fb2fef1ed35446ec49059eeb8956edbba5e085e85954,Vendor raw transcript access is blocked by default.
ba_2026_q1_company_ir_1,ba_2026_q1,BA,The Boeing Company,2026,Q1,company_ir,https://investors.boeing.com/,investors.boeing.com,unknown,metadata_only,false,source_terms_and_robots_not_reviewed,Review official IR source terms and robots policy before any raw transcript use.,rights_aware_metadata_discovery,2026-05-24T00:33:59+00:00,sha256:30457d30e7739881ee4b6bd50236f8e3d408a928e638d16c8ef7fd72a364b00a,Preferred transcript source when terms allow; this row does not assert transcript availability.
ba_2026_q1_webcast_provider_2,ba_2026_q1,BA,The Boeing Company,2026,Q1,webcast_provider,https://investors.boeing.com/,investors.boeing.com,unknown,metadata_only,false,webcast_terms_not_reviewed,"Open from company IR, verify replay access and storage terms, and avoid session-restricted media.",rights_aware_metadata_discovery,2026-05-24T00:33:59+00:00,sha256:b1f9a9ca4c00c835e269d770f4a8c17f99b35551c4fe0c0590f3328556bb1fa4,"Audio/webcast replay candidate only; support layer, not canonical transcript."
ba_2026_q1_sec_edgar_3,ba_2026_q1,BA,The Boeing Company,2026,Q1,sec_edgar,sec-edgar://CIK_LOOKUP_REQUIRED/BA/2026/Q1,sec-edgar,unknown,metadata_only,false,sec_metadata_only_no_raw_filing_body,Optional later SEC metadata fetch with descriptive User-Agent and <=10 rps rate limit.,rights_aware_metadata_discovery,2026-05-24T00:33:59+00:00,sha256:6c93141ee7e3a2faba2f0bb8bd46a86900123e72765456971367f3cf23a2d15b,"SEC may identify event timing, 8-K references, releases, and exhibit metadata; transcripts are not guaranteed."
ba_2026_q1_youtube_metadata_only_4,ba_2026_q1,BA,The Boeing Company,2026,Q1,youtube_metadata_only,https://www.youtube.com/results?search_query=BA+The+Boeing+Company+earnings+call+2026+Q1,youtube.com,unknown,metadata_only,false,youtube_media_download_blocked_without_authorization,Use YouTube links as metadata references only unless explicit authorization exists.,rights_aware_metadata_discovery,2026-05-24T00:33:59+00:00,sha256:28190fdd7e2a9564f9b8c23bf2fed081deeca773ed37f05e5c678909c57d481a,No YouTube audio or video acquisition is performed.
ba_2026_q1_earnings_platform_5,ba_2026_q1,BA,The Boeing Company,2026,Q1,earnings_platform,licensed-vendor://blocked/BA/2026/Q1,licensed-vendor,blocked,blocked,false,licensed_vendor_without_license_config,Register license configuration before any vendor raw content use.,rights_aware_metadata_discovery,2026-05-24T00:33:59+00:00,sha256:40187cd59a2f9decab5cbd0e9da6a3f2c7c323be5e9259e4f62ea00d1794eb65,Vendor raw transcript access is blocked by default.
cat_2026_q1_company_ir_1,cat_2026_q1,CAT,Caterpillar Inc.,2026,Q1,company_ir,https://investors.caterpillar.com/,investors.caterpillar.com,unknown,metadata_only,false,source_terms_and_robots_not_reviewed,Review official IR source terms and robots policy before any raw transcript use.,rights_aware_metadata_discovery,2026-05-24T00:33:59+00:00,sha256:05cc769d6210a5fc880de565c0f05835af1a5088dc9f9cca714ec44c202d2f75,Preferred transcript source when terms allow; this row does not assert transcript availability.
cat_2026_q1_webcast_provider_2,cat_2026_q1,CAT,Caterpillar Inc.,2026,Q1,webcast_provider,https://investors.caterpillar.com/,investors.caterpillar.com,unknown,metadata_only,false,webcast_terms_not_reviewed,"Open from company IR, verify replay access and storage terms, and avoid session-restricted media.",rights_aware_metadata_discovery,2026-05-24T00:33:59+00:00,sha256:22dcce090af6b46f46693e7de4446f3b67824d9d65c89a19b344443e75840e73,"Audio/webcast replay candidate only; support layer, not canonical transcript."
cat_2026_q1_sec_edgar_3,cat_2026_q1,CAT,Caterpillar Inc.,2026,Q1,sec_edgar,sec-edgar://CIK_LOOKUP_REQUIRED/CAT/2026/Q1,sec-edgar,unknown,metadata_only,false,sec_metadata_only_no_raw_filing_body,Optional later SEC metadata fetch with descriptive User-Agent and <=10 rps rate limit.,rights_aware_metadata_discovery,2026-05-24T00:33:59+00:00,sha256:736dc4d4fdf931ffda8dcef9c85187e5a95f2e567281be1eac6494001f68ba51,"SEC may identify event timing, 8-K references, releases, and exhibit metadata; transcripts are not guaranteed."
cat_2026_q1_youtube_metadata_only_4,cat_2026_q1,CAT,Caterpillar Inc.,2026,Q1,youtube_metadata_only,https://www.youtube.com/results?search_query=CAT+Caterpillar+Inc.+earnings+call+2026+Q1,youtube.com,unknown,metadata_only,false,youtube_media_download_blocked_without_authorization,Use YouTube links as metadata references only unless explicit authorization exists.,rights_aware_metadata_discovery,2026-05-24T00:33:59+00:00,sha256:a61ded5ef1a7400af3e74eff81d13eeab761564c40000fcdfd14d6c1f481d1da,No YouTube audio or video acquisition is performed.
cat_2026_q1_earnings_platform_5,cat_2026_q1,CAT,Caterpillar Inc.,2026,Q1,earnings_platform,licensed-vendor://blocked/CAT/2026/Q1,licensed-vendor,blocked,blocked,false,licensed_vendor_without_license_config,Register license configuration before any vendor raw content use.,rights_aware_metadata_discovery,2026-05-24T00:33:59+00:00,sha256:e9873b4ecc5e01e7bc61bcc76097e954b832f5d2150fef6b2ac3c6a22874f9aa,Vendor raw transcript access is blocked by default.
de_2026_q1_company_ir_1,de_2026_q1,DE,Deere & Company,2026,Q1,company_ir,https://investor.deere.com/,investor.deere.com,unknown,metadata_only,false,source_terms_and_robots_not_reviewed,Review official IR source terms and robots policy before any raw transcript use.,rights_aware_metadata_discovery,2026-05-24T00:33:59+00:00,sha256:68153bf642d41caa9b8f772b8cfec21c6906cd2e54f80c1b749b5fd65d3265f6,Preferred transcript source when terms allow; this row does not assert transcript availability.
de_2026_q1_webcast_provider_2,de_2026_q1,DE,Deere & Company,2026,Q1,webcast_provider,https://investor.deere.com/,investor.deere.com,unknown,metadata_only,false,webcast_terms_not_reviewed,"Open from company IR, verify replay access and storage terms, and avoid session-restricted media.",rights_aware_metadata_discovery,2026-05-24T00:33:59+00:00,sha256:9ad36f545a2905eed5643bfe90aad61c8f3f362e5ab81d1400225e8cecae909d,"Audio/webcast replay candidate only; support layer, not canonical transcript."
de_2026_q1_sec_edgar_3,de_2026_q1,DE,Deere & Company,2026,Q1,sec_edgar,sec-edgar://CIK_LOOKUP_REQUIRED/DE/2026/Q1,sec-edgar,unknown,metadata_only,false,sec_metadata_only_no_raw_filing_body,Optional later SEC metadata fetch with descriptive User-Agent and <=10 rps rate limit.,rights_aware_metadata_discovery,2026-05-24T00:33:59+00:00,sha256:4a6a5610ef4cbca36704a8f7d6548881ac0661a0a841363396e2775028ba3f30,"SEC may identify event timing, 8-K references, releases, and exhibit metadata; transcripts are not guaranteed."
de_2026_q1_youtube_metadata_only_4,de_2026_q1,DE,Deere & Company,2026,Q1,youtube_metadata_only,https://www.youtube.com/results?search_query=DE+Deere+%26+Company+earnings+call+2026+Q1,youtube.com,unknown,metadata_only,false,youtube_media_download_blocked_without_authorization,Use YouTube links as metadata references only unless explicit authorization exists.,rights_aware_metadata_discovery,2026-05-24T00:33:59+00:00,sha256:8209b5ed4e41cebd2226802b168dd325c0b678f6b76c7adaf6e185f9be404a5d,No YouTube audio or video acquisition is performed.
de_2026_q1_earnings_platform_5,de_2026_q1,DE,Deere & Company,2026,Q1,earnings_platform,licensed-vendor://blocked/DE/2026/Q1,licensed-vendor,blocked,blocked,false,licensed_vendor_without_license_config,Register license configuration before any vendor raw content use.,rights_aware_metadata_discovery,2026-05-24T00:33:59+00:00,sha256:8fb6c4b3ddb603cf118c1bddba028112cd1ad0fa8c0d57aadb9fbf38df6f31a3,Vendor raw transcript access is blocked by default.
ge_2026_q1_company_ir_1,ge_2026_q1,GE,GE Aerospace,2026,Q1,company_ir,https://www.geaerospace.com/investors,geaerospace.com,unknown,metadata_only,false,source_terms_and_robots_not_reviewed,Review official IR source terms and robots policy before any raw transcript use.,rights_aware_metadata_discovery,2026-05-24T00:33:59+00:00,sha256:6a18737ddafe3ac3900610ff25b0afe5d8b0e43efc7c5bea038d928f03507cf0,Preferred transcript source when terms allow; this row does not assert transcript availability.
ge_2026_q1_webcast_provider_2,ge_2026_q1,GE,GE Aerospace,2026,Q1,webcast_provider,https://www.geaerospace.com/investors,geaerospace.com,unknown,metadata_only,false,webcast_terms_not_reviewed,"Open from company IR, verify replay access and storage terms, and avoid session-restricted media.",rights_aware_metadata_discovery,2026-05-24T00:33:59+00:00,sha256:281d879f12222e5b26676df5688d5f34b5f24ab37ac4d37c9be6639e7eef5039,"Audio/webcast replay candidate only; support layer, not canonical transcript."
ge_2026_q1_sec_edgar_3,ge_2026_q1,GE,GE Aerospace,2026,Q1,sec_edgar,sec-edgar://CIK_LOOKUP_REQUIRED/GE/2026/Q1,sec-edgar,unknown,metadata_only,false,sec_metadata_only_no_raw_filing_body,Optional later SEC metadata fetch with descriptive User-Agent and <=10 rps rate limit.,rights_aware_metadata_discovery,2026-05-24T00:33:59+00:00,sha256:96282792244186608f9719f6ae761411982b084c05190d5a2ab2a708ba8f0296,"SEC may identify event timing, 8-K references, releases, and exhibit metadata; transcripts are not guaranteed."
ge_2026_q1_youtube_metadata_only_4,ge_2026_q1,GE,GE Aerospace,2026,Q1,youtube_metadata_only,https://www.youtube.com/results?search_query=GE+GE+Aerospace+earnings+call+2026+Q1,youtube.com,unknown,metadata_only,false,youtube_media_download_blocked_without_authorization,Use YouTube links as metadata references only unless explicit authorization exists.,rights_aware_metadata_discovery,2026-05-24T00:33:59+00:00,sha256:54806a9573c54d02ffa319622744ce4f607e44461abd4038d89ec9b24da2dc8c,No YouTube audio or video acquisition is performed.
ge_2026_q1_earnings_platform_5,ge_2026_q1,GE,GE Aerospace,2026,Q1,earnings_platform,licensed-vendor://blocked/GE/2026/Q1,licensed-vendor,blocked,blocked,false,licensed_vendor_without_license_config,Register license configuration before any vendor raw content use.,rights_aware_metadata_discovery,2026-05-24T00:33:59+00:00,sha256:65381b8a5b9b2593d92c342a34605b587c946376c7c2114bd8dce5c6ed8fdff9,Vendor raw transcript access is blocked by default.
ko_2026_q1_company_ir_1,ko_2026_q1,KO,The Coca-Cola Company,2026,Q1,company_ir,https://investors.coca-colacompany.com/,investors.coca-colacompany.com,unknown,metadata_only,false,source_terms_and_robots_not_reviewed,Review official IR source terms and robots policy before any raw transcript use.,rights_aware_metadata_discovery,2026-05-24T00:33:59+00:00,sha256:10fa174ca8da8421a8268d74c2cb7f22e7a89f6b39d44c69d44ca6634f8e98eb,Preferred transcript source when terms allow; this row does not assert transcript availability.
ko_2026_q1_webcast_provider_2,ko_2026_q1,KO,The Coca-Cola Company,2026,Q1,webcast_provider,https://investors.coca-colacompany.com/,investors.coca-colacompany.com,unknown,metadata_only,false,webcast_terms_not_reviewed,"Open from company IR, verify replay access and storage terms, and avoid session-restricted media.",rights_aware_metadata_discovery,2026-05-24T00:33:59+00:00,sha256:312fb2b292702392b9696bc5defc38c81a71e7709d7ceebaade3266b3b5a0d8b,"Audio/webcast replay candidate only; support layer, not canonical transcript."
ko_2026_q1_sec_edgar_3,ko_2026_q1,KO,The Coca-Cola Company,2026,Q1,sec_edgar,sec-edgar://CIK_LOOKUP_REQUIRED/KO/2026/Q1,sec-edgar,unknown,metadata_only,false,sec_metadata_only_no_raw_filing_body,Optional later SEC metadata fetch with descriptive User-Agent and <=10 rps rate limit.,rights_aware_metadata_discovery,2026-05-24T00:33:59+00:00,sha256:f3e5e423c0ec4b438638c43fd3a9f72d09b0974f475965f52fdea0e9b271b203,"SEC may identify event timing, 8-K references, releases, and exhibit metadata; transcripts are not guaranteed."
ko_2026_q1_youtube_metadata_only_4,ko_2026_q1,KO,The Coca-Cola Company,2026,Q1,youtube_metadata_only,https://www.youtube.com/results?search_query=KO+The+Coca-Cola+Company+earnings+call+2026+Q1,youtube.com,unknown,metadata_only,false,youtube_media_download_blocked_without_authorization,Use YouTube links as metadata references only unless explicit authorization exists.,rights_aware_metadata_discovery,2026-05-24T00:33:59+00:00,sha256:26b3a62ca5625ade8e763740c4a2e4b4e772c6df287627383042ffc2102e3efa,No YouTube audio or video acquisition is performed.
ko_2026_q1_earnings_platform_5,ko_2026_q1,KO,The Coca-Cola Company,2026,Q1,earnings_platform,licensed-vendor://blocked/KO/2026/Q1,licensed-vendor,blocked,blocked,false,licensed_vendor_without_license_config,Register license configuration before any vendor raw content use.,rights_aware_metadata_discovery,2026-05-24T00:33:59+00:00,sha256:aedbff6cb9749b860c8c424724a0eb0b5dd2d6f532b4c18d86f1af9f5b51a09a,Vendor raw transcript access is blocked by default.
mcd_2026_q1_company_ir_1,mcd_2026_q1,MCD,McDonald's Corporation,2026,Q1,company_ir,https://corporate.mcdonalds.com/corpmcd/investors.html,corporate.mcdonalds.com,unknown,metadata_only,false,source_terms_and_robots_not_reviewed,Review official IR source terms and robots policy before any raw transcript use.,rights_aware_metadata_discovery,2026-05-24T00:33:59+00:00,sha256:c433b4e1fc6e6af71bdd116969993a3df685a4b3e4979fc023eefe929f7965af,Preferred transcript source when terms allow; this row does not assert transcript availability.
mcd_2026_q1_webcast_provider_2,mcd_2026_q1,MCD,McDonald's Corporation,2026,Q1,webcast_provider,https://corporate.mcdonalds.com/corpmcd/investors.html,corporate.mcdonalds.com,unknown,metadata_only,false,webcast_terms_not_reviewed,"Open from company IR, verify replay access and storage terms, and avoid session-restricted media.",rights_aware_metadata_discovery,2026-05-24T00:33:59+00:00,sha256:afee9fd8affe529bfa3e75f3b4a1769ffbb818a6d39103e33b594f0082f32075,"Audio/webcast replay candidate only; support layer, not canonical transcript."
mcd_2026_q1_sec_edgar_3,mcd_2026_q1,MCD,McDonald's Corporation,2026,Q1,sec_edgar,sec-edgar://CIK_LOOKUP_REQUIRED/MCD/2026/Q1,sec-edgar,unknown,metadata_only,false,sec_metadata_only_no_raw_filing_body,Optional later SEC metadata fetch with descriptive User-Agent and <=10 rps rate limit.,rights_aware_metadata_discovery,2026-05-24T00:33:59+00:00,sha256:b90ac32bf9cd5080f3b20ce4fb6eee3dcd603ad503643b5a9f6bf7e734bdf32c,"SEC may identify event timing, 8-K references, releases, and exhibit metadata; transcripts are not guaranteed."
mcd_2026_q1_youtube_metadata_only_4,mcd_2026_q1,MCD,McDonald's Corporation,2026,Q1,youtube_metadata_only,https://www.youtube.com/results?search_query=MCD+McDonald%27s+Corporation+earnings+call+2026+Q1,youtube.com,unknown,metadata_only,false,youtube_media_download_blocked_without_authorization,Use YouTube links as metadata references only unless explicit authorization exists.,rights_aware_metadata_discovery,2026-05-24T00:33:59+00:00,sha256:b5f14ca460cf2ac9a5dd4044befa19432d0c335a4aa9533833ea3fac14d003a6,No YouTube audio or video acquisition is performed.
mcd_2026_q1_earnings_platform_5,mcd_2026_q1,MCD,McDonald's Corporation,2026,Q1,earnings_platform,licensed-vendor://blocked/MCD/2026/Q1,licensed-vendor,blocked,blocked,false,licensed_vendor_without_license_config,Register license configuration before any vendor raw content use.,rights_aware_metadata_discovery,2026-05-24T00:33:59+00:00,sha256:b8381f20b490d4b66b60934cd565f1fe95bde3afeb3e090084991981506b71ec,Vendor raw transcript access is blocked by default.
nke_2026_q1_company_ir_1,nke_2026_q1,NKE,"NIKE, Inc.",2026,Q1,company_ir,https://investors.nike.com/,investors.nike.com,unknown,metadata_only,false,source_terms_and_robots_not_reviewed,Review official IR source terms and robots policy before any raw transcript use.,rights_aware_metadata_discovery,2026-05-24T00:33:59+00:00,sha256:0c22f85b4ae8f24822dc880cc2a06aa1967c863e885dbfc1af085e01d777d816,Preferred transcript source when terms allow; this row does not assert transcript availability.
nke_2026_q1_webcast_provider_2,nke_2026_q1,NKE,"NIKE, Inc.",2026,Q1,webcast_provider,https://investors.nike.com/,investors.nike.com,unknown,metadata_only,false,webcast_terms_not_reviewed,"Open from company IR, verify replay access and storage terms, and avoid session-restricted media.",rights_aware_metadata_discovery,2026-05-24T00:33:59+00:00,sha256:4be092dcea22d1d2e56e734ec7ed86160bfd6525a1b6e8cffb95731efcbebf3d,"Audio/webcast replay candidate only; support layer, not canonical transcript."
nke_2026_q1_sec_edgar_3,nke_2026_q1,NKE,"NIKE, Inc.",2026,Q1,sec_edgar,sec-edgar://CIK_LOOKUP_REQUIRED/NKE/2026/Q1,sec-edgar,unknown,metadata_only,false,sec_metadata_only_no_raw_filing_body,Optional later SEC metadata fetch with descriptive User-Agent and <=10 rps rate limit.,rights_aware_metadata_discovery,2026-05-24T00:33:59+00:00,sha256:be26e53f95b94307a432d0da6ad8fc386312280b66b8a74128aff12787b0f3c9,"SEC may identify event timing, 8-K references, releases, and exhibit metadata; transcripts are not guaranteed."
nke_2026_q1_youtube_metadata_only_4,nke_2026_q1,NKE,"NIKE, Inc.",2026,Q1,youtube_metadata_only,https://www.youtube.com/results?search_query=NKE+NIKE%2C+Inc.+earnings+call+2026+Q1,youtube.com,unknown,metadata_only,false,youtube_media_download_blocked_without_authorization,Use YouTube links as metadata references only unless explicit authorization exists.,rights_aware_metadata_discovery,2026-05-24T00:33:59+00:00,sha256:73945eda8701d649847e2f8800fc66640a2e426c7a32e9d281aeda0b7a18c752,No YouTube audio or video acquisition is performed.
nke_2026_q1_earnings_platform_5,nke_2026_q1,NKE,"NIKE, Inc.",2026,Q1,earnings_platform,licensed-vendor://blocked/NKE/2026/Q1,licensed-vendor,blocked,blocked,false,licensed_vendor_without_license_config,Register license configuration before any vendor raw content use.,rights_aware_metadata_discovery,2026-05-24T00:33:59+00:00,sha256:03f959a2000ef834f557fcbac9888f282589a999b7e891acc9f9a32eade32697,Vendor raw transcript access is blocked by default.
dis_2026_q1_company_ir_1,dis_2026_q1,DIS,The Walt Disney Company,2026,Q1,company_ir,https://thewaltdisneycompany.com/investor-relations/,thewaltdisneycompany.com,unknown,metadata_only,false,source_terms_and_robots_not_reviewed,Review official IR source terms and robots policy before any raw transcript use.,rights_aware_metadata_discovery,2026-05-24T00:33:59+00:00,sha256:69ccf1419d31a1763efe263099ec9fb8096f874e10f3fd4f59f9141295de315a,Preferred transcript source when terms allow; this row does not assert transcript availability.
dis_2026_q1_webcast_provider_2,dis_2026_q1,DIS,The Walt Disney Company,2026,Q1,webcast_provider,https://thewaltdisneycompany.com/investor-relations/,thewaltdisneycompany.com,unknown,metadata_only,false,webcast_terms_not_reviewed,"Open from company IR, verify replay access and storage terms, and avoid session-restricted media.",rights_aware_metadata_discovery,2026-05-24T00:33:59+00:00,sha256:10560cc755ad057f32e315558a1abaf0887c9b77a9e87db2a23a6cf70b0a65db,"Audio/webcast replay candidate only; support layer, not canonical transcript."
dis_2026_q1_sec_edgar_3,dis_2026_q1,DIS,The Walt Disney Company,2026,Q1,sec_edgar,sec-edgar://CIK_LOOKUP_REQUIRED/DIS/2026/Q1,sec-edgar,unknown,metadata_only,false,sec_metadata_only_no_raw_filing_body,Optional later SEC metadata fetch with descriptive User-Agent and <=10 rps rate limit.,rights_aware_metadata_discovery,2026-05-24T00:33:59+00:00,sha256:5513691c4587f874186b7a44a1c9ff23999fcd081c197385978a4c830e22a600,"SEC may identify event timing, 8-K references, releases, and exhibit metadata; transcripts are not guaranteed."
dis_2026_q1_youtube_metadata_only_4,dis_2026_q1,DIS,The Walt Disney Company,2026,Q1,youtube_metadata_only,https://www.youtube.com/results?search_query=DIS+The+Walt+Disney+Company+earnings+call+2026+Q1,youtube.com,unknown,metadata_only,false,youtube_media_download_blocked_without_authorization,Use YouTube links as metadata references only unless explicit authorization exists.,rights_aware_metadata_discovery,2026-05-24T00:33:59+00:00,sha256:878025865970bbd1906d0004e5f622dd24fbe457fcd3199fc73b410e610ea400,No YouTube audio or video acquisition is performed.
dis_2026_q1_earnings_platform_5,dis_2026_q1,DIS,The Walt Disney Company,2026,Q1,earnings_platform,licensed-vendor://blocked/DIS/2026/Q1,licensed-vendor,blocked,blocked,false,licensed_vendor_without_license_config,Register license configuration before any vendor raw content use.,rights_aware_metadata_discovery,2026-05-24T00:33:59+00:00,sha256:5d6815b944df556863da3dc19e29157c9cc8d33c7614db377a78ce0fae4557b7,Vendor raw transcript access is blocked by default.
t_2026_q1_company_ir_1,t_2026_q1,T,AT&T Inc.,2026,Q1,company_ir,https://investors.att.com/,investors.att.com,unknown,metadata_only,false,source_terms_and_robots_not_reviewed,Review official IR source terms and robots policy before any raw transcript use.,rights_aware_metadata_discovery,2026-05-24T00:33:59+00:00,sha256:fb6fd598b4c50f1fb84aef118f1ce77df65ff7c7408fa66bf7596b4129ca510c,Preferred transcript source when terms allow; this row does not assert transcript availability.
t_2026_q1_webcast_provider_2,t_2026_q1,T,AT&T Inc.,2026,Q1,webcast_provider,https://investors.att.com/,investors.att.com,unknown,metadata_only,false,webcast_terms_not_reviewed,"Open from company IR, verify replay access and storage terms, and avoid session-restricted media.",rights_aware_metadata_discovery,2026-05-24T00:33:59+00:00,sha256:45ab684974013fdeeb764c24c35672b0e2f7537f6c3cf75ccdccbbc04a82e8df,"Audio/webcast replay candidate only; support layer, not canonical transcript."
t_2026_q1_sec_edgar_3,t_2026_q1,T,AT&T Inc.,2026,Q1,sec_edgar,sec-edgar://CIK_LOOKUP_REQUIRED/T/2026/Q1,sec-edgar,unknown,metadata_only,false,sec_metadata_only_no_raw_filing_body,Optional later SEC metadata fetch with descriptive User-Agent and <=10 rps rate limit.,rights_aware_metadata_discovery,2026-05-24T00:33:59+00:00,sha256:e3984db845083fd3e127e4e60beda9d28a744dac10025f63f937b35357872f3c,"SEC may identify event timing, 8-K references, releases, and exhibit metadata; transcripts are not guaranteed."
t_2026_q1_youtube_metadata_only_4,t_2026_q1,T,AT&T Inc.,2026,Q1,youtube_metadata_only,https://www.youtube.com/results?search_query=T+AT%26T+Inc.+earnings+call+2026+Q1,youtube.com,unknown,metadata_only,false,youtube_media_download_blocked_without_authorization,Use YouTube links as metadata references only unless explicit authorization exists.,rights_aware_metadata_discovery,2026-05-24T00:33:59+00:00,sha256:11959dbecb344e8bdf87e46b04263e5f97bf43f4c3099f42891bb90a3d2ccc25,No YouTube audio or video acquisition is performed.
t_2026_q1_earnings_platform_5,t_2026_q1,T,AT&T Inc.,2026,Q1,earnings_platform,licensed-vendor://blocked/T/2026/Q1,licensed-vendor,blocked,blocked,false,licensed_vendor_without_license_config,Register license configuration before any vendor raw content use.,rights_aware_metadata_discovery,2026-05-24T00:33:59+00:00,sha256:3b483c715f0947621b7c454508b00e5801086f0a7fc186a31e60f42a45c89231,Vendor raw transcript access is blocked by default.
low_2026_q1_company_ir_1,low_2026_q1,LOW,"Lowe's Companies, Inc.",2026,Q1,company_ir,https://corporate.lowes.com/investors,corporate.lowes.com,unknown,metadata_only,false,source_terms_and_robots_not_reviewed,Review official IR source terms and robots policy before any raw transcript use.,rights_aware_metadata_discovery,2026-05-24T00:33:59+00:00,sha256:9f866029a747ef02b508e3dcba34fe78527e153040784d3007114689c70b922f,Preferred transcript source when terms allow; this row does not assert transcript availability.
low_2026_q1_webcast_provider_2,low_2026_q1,LOW,"Lowe's Companies, Inc.",2026,Q1,webcast_provider,https://corporate.lowes.com/investors,corporate.lowes.com,unknown,metadata_only,false,webcast_terms_not_reviewed,"Open from company IR, verify replay access and storage terms, and avoid session-restricted media.",rights_aware_metadata_discovery,2026-05-24T00:33:59+00:00,sha256:45086ab4b2b09fa37be11d0f7cc3ffb03512531cd6e93c7c4bc10748a405fa09,"Audio/webcast replay candidate only; support layer, not canonical transcript."
low_2026_q1_sec_edgar_3,low_2026_q1,LOW,"Lowe's Companies, Inc.",2026,Q1,sec_edgar,sec-edgar://CIK_LOOKUP_REQUIRED/LOW/2026/Q1,sec-edgar,unknown,metadata_only,false,sec_metadata_only_no_raw_filing_body,Optional later SEC metadata fetch with descriptive User-Agent and <=10 rps rate limit.,rights_aware_metadata_discovery,2026-05-24T00:33:59+00:00,sha256:3d8096db028dca175eb24272fc122761c5ec3df451b4ab8888bf2cf7836a3ca7,"SEC may identify event timing, 8-K references, releases, and exhibit metadata; transcripts are not guaranteed."
low_2026_q1_youtube_metadata_only_4,low_2026_q1,LOW,"Lowe's Companies, Inc.",2026,Q1,youtube_metadata_only,https://www.youtube.com/results?search_query=LOW+Lowe%27s+Companies%2C+Inc.+earnings+call+2026+Q1,youtube.com,unknown,metadata_only,false,youtube_media_download_blocked_without_authorization,Use YouTube links as metadata references only unless explicit authorization exists.,rights_aware_metadata_discovery,2026-05-24T00:33:59+00:00,sha256:f6cefbebb93f6c5353722f664a28a534f1208d47168c9c8235aaa8b8382b45cd,No YouTube audio or video acquisition is performed.
low_2026_q1_earnings_platform_5,low_2026_q1,LOW,"Lowe's Companies, Inc.",2026,Q1,earnings_platform,licensed-vendor://blocked/LOW/2026/Q1,licensed-vendor,blocked,blocked,false,licensed_vendor_without_license_config,Register license configuration before any vendor raw content use.,rights_aware_metadata_discovery,2026-05-24T00:33:59+00:00,sha256:fb087dc1591dffa72e3f62a203b794a3013053d34fcd87e59634e17065de9695,Vendor raw transcript access is blocked by default.
ups_2026_q1_company_ir_1,ups_2026_q1,UPS,"United Parcel Service, Inc.",2026,Q1,company_ir,https://investors.ups.com/,investors.ups.com,unknown,metadata_only,false,source_terms_and_robots_not_reviewed,Review official IR source terms and robots policy before any raw transcript use.,rights_aware_metadata_discovery,2026-05-24T00:33:59+00:00,sha256:cd204984633eb6099bd5aeb0eb3aa635abf1aa487dccfdca81302fce111ddb8a,Preferred transcript source when terms allow; this row does not assert transcript availability.
ups_2026_q1_webcast_provider_2,ups_2026_q1,UPS,"United Parcel Service, Inc.",2026,Q1,webcast_provider,https://investors.ups.com/,investors.ups.com,unknown,metadata_only,false,webcast_terms_not_reviewed,"Open from company IR, verify replay access and storage terms, and avoid session-restricted media.",rights_aware_metadata_discovery,2026-05-24T00:33:59+00:00,sha256:20a452bf600f6a144dab8cfc179040a58258d527072b8d6c2b9ab558a6e6e13f,"Audio/webcast replay candidate only; support layer, not canonical transcript."
ups_2026_q1_sec_edgar_3,ups_2026_q1,UPS,"United Parcel Service, Inc.",2026,Q1,sec_edgar,sec-edgar://CIK_LOOKUP_REQUIRED/UPS/2026/Q1,sec-edgar,unknown,metadata_only,false,sec_metadata_only_no_raw_filing_body,Optional later SEC metadata fetch with descriptive User-Agent and <=10 rps rate limit.,rights_aware_metadata_discovery,2026-05-24T00:33:59+00:00,sha256:16c38a965776dbfe55c4c35671d33d5e01bdb1641b2b2575a35866b2add9d378,"SEC may identify event timing, 8-K references, releases, and exhibit metadata; transcripts are not guaranteed."
ups_2026_q1_youtube_metadata_only_4,ups_2026_q1,UPS,"United Parcel Service, Inc.",2026,Q1,youtube_metadata_only,https://www.youtube.com/results?search_query=UPS+United+Parcel+Service%2C+Inc.+earnings+call+2026+Q1,youtube.com,unknown,metadata_only,false,youtube_media_download_blocked_without_authorization,Use YouTube links as metadata references only unless explicit authorization exists.,rights_aware_metadata_discovery,2026-05-24T00:33:59+00:00,sha256:3d74c28640bb76ac22aec55963d74e01999f254a15f68596b9b955676065aaaa,No YouTube audio or video acquisition is performed.
ups_2026_q1_earnings_platform_5,ups_2026_q1,UPS,"United Parcel Service, Inc.",2026,Q1,earnings_platform,licensed-vendor://blocked/UPS/2026/Q1,licensed-vendor,blocked,blocked,false,licensed_vendor_without_license_config,Register license configuration before any vendor raw content use.,rights_aware_metadata_discovery,2026-05-24T00:33:59+00:00,sha256:6ae38b451042f72c289bd7c2f4327b37ea99726a89589519e3e65c1ea87886ed,Vendor raw transcript access is blocked by default.
rtx_2026_q1_company_ir_1,rtx_2026_q1,RTX,RTX Corporation,2026,Q1,company_ir,https://investors.rtx.com/,investors.rtx.com,unknown,metadata_only,false,source_terms_and_robots_not_reviewed,Review official IR source terms and robots policy before any raw transcript use.,rights_aware_metadata_discovery,2026-05-24T00:33:59+00:00,sha256:7066e00ea156037c202a8f25076da93daba552e7a7119ceed79053027463dd03,Preferred transcript source when terms allow; this row does not assert transcript availability.
rtx_2026_q1_webcast_provider_2,rtx_2026_q1,RTX,RTX Corporation,2026,Q1,webcast_provider,https://investors.rtx.com/,investors.rtx.com,unknown,metadata_only,false,webcast_terms_not_reviewed,"Open from company IR, verify replay access and storage terms, and avoid session-restricted media.",rights_aware_metadata_discovery,2026-05-24T00:33:59+00:00,sha256:6cdacd5fc470ad431d77b469231e3ded2757136533db980b2354284038ca9b78,"Audio/webcast replay candidate only; support layer, not canonical transcript."
rtx_2026_q1_sec_edgar_3,rtx_2026_q1,RTX,RTX Corporation,2026,Q1,sec_edgar,sec-edgar://CIK_LOOKUP_REQUIRED/RTX/2026/Q1,sec-edgar,unknown,metadata_only,false,sec_metadata_only_no_raw_filing_body,Optional later SEC metadata fetch with descriptive User-Agent and <=10 rps rate limit.,rights_aware_metadata_discovery,2026-05-24T00:33:59+00:00,sha256:90e2bdab5c47961b31f3f99abf9e4e9069db9f63560e1489387dd23367ab9962,"SEC may identify event timing, 8-K references, releases, and exhibit metadata; transcripts are not guaranteed."
rtx_2026_q1_youtube_metadata_only_4,rtx_2026_q1,RTX,RTX Corporation,2026,Q1,youtube_metadata_only,https://www.youtube.com/results?search_query=RTX+RTX+Corporation+earnings+call+2026+Q1,youtube.com,unknown,metadata_only,false,youtube_media_download_blocked_without_authorization,Use YouTube links as metadata references only unless explicit authorization exists.,rights_aware_metadata_discovery,2026-05-24T00:33:59+00:00,sha256:778e2c8885d262caa9ae337425cb0e93db09662729d9910e82ff44c7cd4bb602,No YouTube audio or video acquisition is performed.
rtx_2026_q1_earnings_platform_5,rtx_2026_q1,RTX,RTX Corporation,2026,Q1,earnings_platform,licensed-vendor://blocked/RTX/2026/Q1,licensed-vendor,blocked,blocked,false,licensed_vendor_without_license_config,Register license configuration before any vendor raw content use.,rights_aware_metadata_discovery,2026-05-24T00:33:59+00:00,sha256:afee1f4bf6a76768f74c8a9f02d4bd130899b247992c163611bf3bd6b5604b8f,Vendor raw transcript access is blocked by default.
lmt_2026_q1_company_ir_1,lmt_2026_q1,LMT,Lockheed Martin Corporation,2026,Q1,company_ir,https://investors.lockheedmartin.com/,investors.lockheedmartin.com,unknown,metadata_only,false,source_terms_and_robots_not_reviewed,Review official IR source terms and robots policy before any raw transcript use.,rights_aware_metadata_discovery,2026-05-24T00:33:59+00:00,sha256:385c1c5f50fdc7a8e1f18bb5a6651f20b988fc7cc9502bf305424e97c917f1b6,Preferred transcript source when terms allow; this row does not assert transcript availability.
lmt_2026_q1_webcast_provider_2,lmt_2026_q1,LMT,Lockheed Martin Corporation,2026,Q1,webcast_provider,https://investors.lockheedmartin.com/,investors.lockheedmartin.com,unknown,metadata_only,false,webcast_terms_not_reviewed,"Open from company IR, verify replay access and storage terms, and avoid session-restricted media.",rights_aware_metadata_discovery,2026-05-24T00:33:59+00:00,sha256:25324ffb9c183d8f3c20b1ab1a092dd653b0bd6055dcd8d005454f8a2da9a481,"Audio/webcast replay candidate only; support layer, not canonical transcript."
lmt_2026_q1_sec_edgar_3,lmt_2026_q1,LMT,Lockheed Martin Corporation,2026,Q1,sec_edgar,sec-edgar://CIK_LOOKUP_REQUIRED/LMT/2026/Q1,sec-edgar,unknown,metadata_only,false,sec_metadata_only_no_raw_filing_body,Optional later SEC metadata fetch with descriptive User-Agent and <=10 rps rate limit.,rights_aware_metadata_discovery,2026-05-24T00:33:59+00:00,sha256:a1b1d25cf6adf2d32c8b920889213350b95d9e19e097e16b483708f8aa4e834e,"SEC may identify event timing, 8-K references, releases, and exhibit metadata; transcripts are not guaranteed."
lmt_2026_q1_youtube_metadata_only_4,lmt_2026_q1,LMT,Lockheed Martin Corporation,2026,Q1,youtube_metadata_only,https://www.youtube.com/results?search_query=LMT+Lockheed+Martin+Corporation+earnings+call+2026+Q1,youtube.com,unknown,metadata_only,false,youtube_media_download_blocked_without_authorization,Use YouTube links as metadata references only unless explicit authorization exists.,rights_aware_metadata_discovery,2026-05-24T00:33:59+00:00,sha256:06db017be0ea67d94c61b9cc9b9c2da396debd399bfd8c6b173463078ab8daea,No YouTube audio or video acquisition is performed.
lmt_2026_q1_earnings_platform_5,lmt_2026_q1,LMT,Lockheed Martin Corporation,2026,Q1,earnings_platform,licensed-vendor://blocked/LMT/2026/Q1,licensed-vendor,blocked,blocked,false,licensed_vendor_without_license_config,Register license configuration before any vendor raw content use.,rights_aware_metadata_discovery,2026-05-24T00:33:59+00:00,sha256:bc22f3ad0811515c84fd9025e18d63aaa478caa1ed12de5cf4e7af7d566ab0a5,Vendor raw transcript access is blocked by default.
noc_2026_q1_company_ir_1,noc_2026_q1,NOC,Northrop Grumman Corporation,2026,Q1,company_ir,https://investor.northropgrumman.com/,investor.northropgrumman.com,unknown,metadata_only,false,source_terms_and_robots_not_reviewed,Review official IR source terms and robots policy before any raw transcript use.,rights_aware_metadata_discovery,2026-05-24T00:33:59+00:00,sha256:6f0ca27c13f3a69b9424a6e6df58cacd9298fd95d132b495e5ecbeae30f64a39,Preferred transcript source when terms allow; this row does not assert transcript availability.
noc_2026_q1_webcast_provider_2,noc_2026_q1,NOC,Northrop Grumman Corporation,2026,Q1,webcast_provider,https://investor.northropgrumman.com/,investor.northropgrumman.com,unknown,metadata_only,false,webcast_terms_not_reviewed,"Open from company IR, verify replay access and storage terms, and avoid session-restricted media.",rights_aware_metadata_discovery,2026-05-24T00:33:59+00:00,sha256:a901b48a23a15ac163201ff6a7d1117ea9a1be7e4e346998454ad08d698aab66,"Audio/webcast replay candidate only; support layer, not canonical transcript."
noc_2026_q1_sec_edgar_3,noc_2026_q1,NOC,Northrop Grumman Corporation,2026,Q1,sec_edgar,sec-edgar://CIK_LOOKUP_REQUIRED/NOC/2026/Q1,sec-edgar,unknown,metadata_only,false,sec_metadata_only_no_raw_filing_body,Optional later SEC metadata fetch with descriptive User-Agent and <=10 rps rate limit.,rights_aware_metadata_discovery,2026-05-24T00:33:59+00:00,sha256:2ff9a3e6d0143b4adde9a98861102199d41cdff3a21e9e57ea95f6382d399054,"SEC may identify event timing, 8-K references, releases, and exhibit metadata; transcripts are not guaranteed."
noc_2026_q1_youtube_metadata_only_4,noc_2026_q1,NOC,Northrop Grumman Corporation,2026,Q1,youtube_metadata_only,https://www.youtube.com/results?search_query=NOC+Northrop+Grumman+Corporation+earnings+call+2026+Q1,youtube.com,unknown,metadata_only,false,youtube_media_download_blocked_without_authorization,Use YouTube links as metadata references only unless explicit authorization exists.,rights_aware_metadata_discovery,2026-05-24T00:33:59+00:00,sha256:3d1ea6c3e37b99e57621b50253980420fd06a5f1b549ee216e2ea2469b2cd217,No YouTube audio or video acquisition is performed.
noc_2026_q1_earnings_platform_5,noc_2026_q1,NOC,Northrop Grumman Corporation,2026,Q1,earnings_platform,licensed-vendor://blocked/NOC/2026/Q1,licensed-vendor,blocked,blocked,false,licensed_vendor_without_license_config,Register license configuration before any vendor raw content use.,rights_aware_metadata_discovery,2026-05-24T00:33:59+00:00,sha256:0b603cf3a40cc6da0baa9142d27bd85dd82c83f106240d910383ee222c3376b6,Vendor raw transcript access is blocked by default.
cvx_2026_q1_company_ir_1,cvx_2026_q1,CVX,Chevron Corporation,2026,Q1,company_ir,https://www.chevron.com/investors,chevron.com,unknown,metadata_only,false,source_terms_and_robots_not_reviewed,Review official IR source terms and robots policy before any raw transcript use.,rights_aware_metadata_discovery,2026-05-24T00:33:59+00:00,sha256:1abcc4c6c7fcbfddc3f864c4eb97b8c87bf2f7b87787732640648f7388f86a42,Preferred transcript source when terms allow; this row does not assert transcript availability.
cvx_2026_q1_webcast_provider_2,cvx_2026_q1,CVX,Chevron Corporation,2026,Q1,webcast_provider,https://www.chevron.com/investors,chevron.com,unknown,metadata_only,false,webcast_terms_not_reviewed,"Open from company IR, verify replay access and storage terms, and avoid session-restricted media.",rights_aware_metadata_discovery,2026-05-24T00:33:59+00:00,sha256:a95bc60145f3e1c8b19ea27bcfcfea2e68855b2468ad6e9706fb8a3d21eb12b3,"Audio/webcast replay candidate only; support layer, not canonical transcript."
cvx_2026_q1_sec_edgar_3,cvx_2026_q1,CVX,Chevron Corporation,2026,Q1,sec_edgar,sec-edgar://CIK_LOOKUP_REQUIRED/CVX/2026/Q1,sec-edgar,unknown,metadata_only,false,sec_metadata_only_no_raw_filing_body,Optional later SEC metadata fetch with descriptive User-Agent and <=10 rps rate limit.,rights_aware_metadata_discovery,2026-05-24T00:33:59+00:00,sha256:5a65f383f2560e0b83e34822d6a0071c101a2ad23721e8039447a0f66cdc9f00,"SEC may identify event timing, 8-K references, releases, and exhibit metadata; transcripts are not guaranteed."
cvx_2026_q1_youtube_metadata_only_4,cvx_2026_q1,CVX,Chevron Corporation,2026,Q1,youtube_metadata_only,https://www.youtube.com/results?search_query=CVX+Chevron+Corporation+earnings+call+2026+Q1,youtube.com,unknown,metadata_only,false,youtube_media_download_blocked_without_authorization,Use YouTube links as metadata references only unless explicit authorization exists.,rights_aware_metadata_discovery,2026-05-24T00:33:59+00:00,sha256:12f0899cd682075b35e020171d8767b492046c51c2794f824b252af0d8438895,No YouTube audio or video acquisition is performed.
cvx_2026_q1_earnings_platform_5,cvx_2026_q1,CVX,Chevron Corporation,2026,Q1,earnings_platform,licensed-vendor://blocked/CVX/2026/Q1,licensed-vendor,blocked,blocked,false,licensed_vendor_without_license_config,Register license configuration before any vendor raw content use.,rights_aware_metadata_discovery,2026-05-24T00:33:59+00:00,sha256:09297967acd8af6b1a1375f5e0dd53d861c78cf42146f1f9f5eaec5cc909d5b5,Vendor raw transcript access is blocked by default.
cop_2026_q1_company_ir_1,cop_2026_q1,COP,ConocoPhillips,2026,Q1,company_ir,https://www.conocophillips.com/investor/,conocophillips.com,unknown,metadata_only,false,source_terms_and_robots_not_reviewed,Review official IR source terms and robots policy before any raw transcript use.,rights_aware_metadata_discovery,2026-05-24T00:33:59+00:00,sha256:bf7bdd1a8981ac9f31b91ac43c902e157a55fd4a00e6511af630b36e50c8764d,Preferred transcript source when terms allow; this row does not assert transcript availability.
cop_2026_q1_webcast_provider_2,cop_2026_q1,COP,ConocoPhillips,2026,Q1,webcast_provider,https://www.conocophillips.com/investor/,conocophillips.com,unknown,metadata_only,false,webcast_terms_not_reviewed,"Open from company IR, verify replay access and storage terms, and avoid session-restricted media.",rights_aware_metadata_discovery,2026-05-24T00:33:59+00:00,sha256:98ac3b90875e2d14837f500e818219fb644dec2c7f10eba209caa0e3203ee4d1,"Audio/webcast replay candidate only; support layer, not canonical transcript."
cop_2026_q1_sec_edgar_3,cop_2026_q1,COP,ConocoPhillips,2026,Q1,sec_edgar,sec-edgar://CIK_LOOKUP_REQUIRED/COP/2026/Q1,sec-edgar,unknown,metadata_only,false,sec_metadata_only_no_raw_filing_body,Optional later SEC metadata fetch with descriptive User-Agent and <=10 rps rate limit.,rights_aware_metadata_discovery,2026-05-24T00:33:59+00:00,sha256:e961fd4a021d307edaa34afe8b3e9f4f7c3132dfd63edb83a0183ad98f2b5ac5,"SEC may identify event timing, 8-K references, releases, and exhibit metadata; transcripts are not guaranteed."
cop_2026_q1_youtube_metadata_only_4,cop_2026_q1,COP,ConocoPhillips,2026,Q1,youtube_metadata_only,https://www.youtube.com/results?search_query=COP+ConocoPhillips+earnings+call+2026+Q1,youtube.com,unknown,metadata_only,false,youtube_media_download_blocked_without_authorization,Use YouTube links as metadata references only unless explicit authorization exists.,rights_aware_metadata_discovery,2026-05-24T00:33:59+00:00,sha256:c7a5276139ab2fd69d559e8efeb6d990cb3d3c48e0712c07c399315192dfbb3d,No YouTube audio or video acquisition is performed.
cop_2026_q1_earnings_platform_5,cop_2026_q1,COP,ConocoPhillips,2026,Q1,earnings_platform,licensed-vendor://blocked/COP/2026/Q1,licensed-vendor,blocked,blocked,false,licensed_vendor_without_license_config,Register license configuration before any vendor raw content use.,rights_aware_metadata_discovery,2026-05-24T00:33:59+00:00,sha256:a8468e3d56b2daf313a037c4c1b342c45cb472ebd7f8e2bafd84dc223c430b6f,Vendor raw transcript access is blocked by default.
slb_2026_q1_company_ir_1,slb_2026_q1,SLB,SLB,2026,Q1,company_ir,https://investorcenter.slb.com/,investorcenter.slb.com,unknown,metadata_only,false,source_terms_and_robots_not_reviewed,Review official IR source terms and robots policy before any raw transcript use.,rights_aware_metadata_discovery,2026-05-24T00:33:59+00:00,sha256:79c9ccb82a05df5d993eefa231bd8360a6a00e8a2888a8fb4f25d96b19fb6bd7,Preferred transcript source when terms allow; this row does not assert transcript availability.
slb_2026_q1_webcast_provider_2,slb_2026_q1,SLB,SLB,2026,Q1,webcast_provider,https://investorcenter.slb.com/,investorcenter.slb.com,unknown,metadata_only,false,webcast_terms_not_reviewed,"Open from company IR, verify replay access and storage terms, and avoid session-restricted media.",rights_aware_metadata_discovery,2026-05-24T00:33:59+00:00,sha256:35287c695d37fb171f8fed87da3c1cc00bf0f57ca92797576055f74eb4447980,"Audio/webcast replay candidate only; support layer, not canonical transcript."
slb_2026_q1_sec_edgar_3,slb_2026_q1,SLB,SLB,2026,Q1,sec_edgar,sec-edgar://CIK_LOOKUP_REQUIRED/SLB/2026/Q1,sec-edgar,unknown,metadata_only,false,sec_metadata_only_no_raw_filing_body,Optional later SEC metadata fetch with descriptive User-Agent and <=10 rps rate limit.,rights_aware_metadata_discovery,2026-05-24T00:33:59+00:00,sha256:a668ae0e85383fd6fdec62148a2d510aea3e6571d246ef63715af339bc58810b,"SEC may identify event timing, 8-K references, releases, and exhibit metadata; transcripts are not guaranteed."
slb_2026_q1_youtube_metadata_only_4,slb_2026_q1,SLB,SLB,2026,Q1,youtube_metadata_only,https://www.youtube.com/results?search_query=SLB+SLB+earnings+call+2026+Q1,youtube.com,unknown,metadata_only,false,youtube_media_download_blocked_without_authorization,Use YouTube links as metadata references only unless explicit authorization exists.,rights_aware_metadata_discovery,2026-05-24T00:33:59+00:00,sha256:0410acebfe2d7a3ab02679add0a46953d4b6dae1532bebd9116ac8eb03a8f18f,No YouTube audio or video acquisition is performed.
slb_2026_q1_earnings_platform_5,slb_2026_q1,SLB,SLB,2026,Q1,earnings_platform,licensed-vendor://blocked/SLB/2026/Q1,licensed-vendor,blocked,blocked,false,licensed_vendor_without_license_config,Register license configuration before any vendor raw content use.,rights_aware_metadata_discovery,2026-05-24T00:33:59+00:00,sha256:3b28c2be7b50c787c0f4e2069baa0799bc5271deda8be4605b8983c77bb2bb1f,Vendor raw transcript access is blocked by default.
hal_2026_q1_company_ir_1,hal_2026_q1,HAL,Halliburton Company,2026,Q1,company_ir,https://ir.halliburton.com/,ir.halliburton.com,unknown,metadata_only,false,source_terms_and_robots_not_reviewed,Review official IR source terms and robots policy before any raw transcript use.,rights_aware_metadata_discovery,2026-05-24T00:33:59+00:00,sha256:bf66072bb42e55d8d1df0a58291341c8cc3b40f14a9b46f7047856fdcf9c4d9e,Preferred transcript source when terms allow; this row does not assert transcript availability.
hal_2026_q1_webcast_provider_2,hal_2026_q1,HAL,Halliburton Company,2026,Q1,webcast_provider,https://ir.halliburton.com/,ir.halliburton.com,unknown,metadata_only,false,webcast_terms_not_reviewed,"Open from company IR, verify replay access and storage terms, and avoid session-restricted media.",rights_aware_metadata_discovery,2026-05-24T00:33:59+00:00,sha256:2829f5773373481312ee1a47f21821feb94dcd067f18b852720ff721541e87e6,"Audio/webcast replay candidate only; support layer, not canonical transcript."
hal_2026_q1_sec_edgar_3,hal_2026_q1,HAL,Halliburton Company,2026,Q1,sec_edgar,sec-edgar://CIK_LOOKUP_REQUIRED/HAL/2026/Q1,sec-edgar,unknown,metadata_only,false,sec_metadata_only_no_raw_filing_body,Optional later SEC metadata fetch with descriptive User-Agent and <=10 rps rate limit.,rights_aware_metadata_discovery,2026-05-24T00:33:59+00:00,sha256:e48f28bd0ce090a3b5a0c48ec4a51bb763fb0bdb9f1bd8d0bd2e0c90ab41d372,"SEC may identify event timing, 8-K references, releases, and exhibit metadata; transcripts are not guaranteed."
hal_2026_q1_youtube_metadata_only_4,hal_2026_q1,HAL,Halliburton Company,2026,Q1,youtube_metadata_only,https://www.youtube.com/results?search_query=HAL+Halliburton+Company+earnings+call+2026+Q1,youtube.com,unknown,metadata_only,false,youtube_media_download_blocked_without_authorization,Use YouTube links as metadata references only unless explicit authorization exists.,rights_aware_metadata_discovery,2026-05-24T00:33:59+00:00,sha256:8c457cebf790d710319fbdfc2e73b5e59f1bcb5855a93e8be0c1f8cdb28355d9,No YouTube audio or video acquisition is performed.
hal_2026_q1_earnings_platform_5,hal_2026_q1,HAL,Halliburton Company,2026,Q1,earnings_platform,licensed-vendor://blocked/HAL/2026/Q1,licensed-vendor,blocked,blocked,false,licensed_vendor_without_license_config,Register license configuration before any vendor raw content use.,rights_aware_metadata_discovery,2026-05-24T00:33:59+00:00,sha256:a7e6f128503db2d7d6326f07e6ccfa2f25b05cf80fe1101ed09e3d5a9ecb05fa,Vendor raw transcript access is blocked by default.
pg_2026_q1_company_ir_1,pg_2026_q1,PG,The Procter & Gamble Company,2026,Q1,company_ir,https://www.pginvestor.com/,pginvestor.com,unknown,metadata_only,false,source_terms_and_robots_not_reviewed,Review official IR source terms and robots policy before any raw transcript use.,rights_aware_metadata_discovery,2026-05-24T00:33:59+00:00,sha256:5e3fec2330b97d42c69a3ea18e739b53d47d3b97118d5d9f58ddce538a30ce2d,Preferred transcript source when terms allow; this row does not assert transcript availability.
pg_2026_q1_webcast_provider_2,pg_2026_q1,PG,The Procter & Gamble Company,2026,Q1,webcast_provider,https://www.pginvestor.com/,pginvestor.com,unknown,metadata_only,false,webcast_terms_not_reviewed,"Open from company IR, verify replay access and storage terms, and avoid session-restricted media.",rights_aware_metadata_discovery,2026-05-24T00:33:59+00:00,sha256:7ce9545d1c5c651ead6927837b647d17cc7123cf169cd0d08ac96eb54077789c,"Audio/webcast replay candidate only; support layer, not canonical transcript."
pg_2026_q1_sec_edgar_3,pg_2026_q1,PG,The Procter & Gamble Company,2026,Q1,sec_edgar,sec-edgar://CIK_LOOKUP_REQUIRED/PG/2026/Q1,sec-edgar,unknown,metadata_only,false,sec_metadata_only_no_raw_filing_body,Optional later SEC metadata fetch with descriptive User-Agent and <=10 rps rate limit.,rights_aware_metadata_discovery,2026-05-24T00:33:59+00:00,sha256:a02b6dbe122a8bcc4a660bc41254eef4e3accf0a89c5aa68603b8edcdde0b42a,"SEC may identify event timing, 8-K references, releases, and exhibit metadata; transcripts are not guaranteed."
pg_2026_q1_youtube_metadata_only_4,pg_2026_q1,PG,The Procter & Gamble Company,2026,Q1,youtube_metadata_only,https://www.youtube.com/results?search_query=PG+The+Procter+%26+Gamble+Company+earnings+call+2026+Q1,youtube.com,unknown,metadata_only,false,youtube_media_download_blocked_without_authorization,Use YouTube links as metadata references only unless explicit authorization exists.,rights_aware_metadata_discovery,2026-05-24T00:33:59+00:00,sha256:2512e076b7101eb46d9f916527f3a4fc156f171c2d5e4c05a4d013d60a34c221,No YouTube audio or video acquisition is performed.
pg_2026_q1_earnings_platform_5,pg_2026_q1,PG,The Procter & Gamble Company,2026,Q1,earnings_platform,licensed-vendor://blocked/PG/2026/Q1,licensed-vendor,blocked,blocked,false,licensed_vendor_without_license_config,Register license configuration before any vendor raw content use.,rights_aware_metadata_discovery,2026-05-24T00:33:59+00:00,sha256:44174f64c7716e000b468bd140b9f1583618dca0339cbf49d9ebbc39d5351e81,Vendor raw transcript access is blocked by default.
cl_2026_q1_company_ir_1,cl_2026_q1,CL,Colgate-Palmolive Company,2026,Q1,company_ir,https://investor.colgatepalmolive.com/,investor.colgatepalmolive.com,unknown,metadata_only,false,source_terms_and_robots_not_reviewed,Review official IR source terms and robots policy before any raw transcript use.,rights_aware_metadata_discovery,2026-05-24T00:33:59+00:00,sha256:f2c39982e6243208e2b2c4fe530817b06cad949b91242f6c63a70adcb9e2db11,Preferred transcript source when terms allow; this row does not assert transcript availability.
cl_2026_q1_webcast_provider_2,cl_2026_q1,CL,Colgate-Palmolive Company,2026,Q1,webcast_provider,https://investor.colgatepalmolive.com/,investor.colgatepalmolive.com,unknown,metadata_only,false,webcast_terms_not_reviewed,"Open from company IR, verify replay access and storage terms, and avoid session-restricted media.",rights_aware_metadata_discovery,2026-05-24T00:33:59+00:00,sha256:d93256ec7a50d91a0ef4a12a5224e942242d34008b6901db082714872d9ddcc8,"Audio/webcast replay candidate only; support layer, not canonical transcript."
cl_2026_q1_sec_edgar_3,cl_2026_q1,CL,Colgate-Palmolive Company,2026,Q1,sec_edgar,sec-edgar://CIK_LOOKUP_REQUIRED/CL/2026/Q1,sec-edgar,unknown,metadata_only,false,sec_metadata_only_no_raw_filing_body,Optional later SEC metadata fetch with descriptive User-Agent and <=10 rps rate limit.,rights_aware_metadata_discovery,2026-05-24T00:33:59+00:00,sha256:56907a27c40bd68f0a158ab31f3936fa537346c3605e42dc77abf1510e38f1fd,"SEC may identify event timing, 8-K references, releases, and exhibit metadata; transcripts are not guaranteed."
cl_2026_q1_youtube_metadata_only_4,cl_2026_q1,CL,Colgate-Palmolive Company,2026,Q1,youtube_metadata_only,https://www.youtube.com/results?search_query=CL+Colgate-Palmolive+Company+earnings+call+2026+Q1,youtube.com,unknown,metadata_only,false,youtube_media_download_blocked_without_authorization,Use YouTube links as metadata references only unless explicit authorization exists.,rights_aware_metadata_discovery,2026-05-24T00:33:59+00:00,sha256:4ac894be9672c992891f0761359aa08ecf57fb6dc05db29d0425c9e0be04299c,No YouTube audio or video acquisition is performed.
cl_2026_q1_earnings_platform_5,cl_2026_q1,CL,Colgate-Palmolive Company,2026,Q1,earnings_platform,licensed-vendor://blocked/CL/2026/Q1,licensed-vendor,blocked,blocked,false,licensed_vendor_without_license_config,Register license configuration before any vendor raw content use.,rights_aware_metadata_discovery,2026-05-24T00:33:59+00:00,sha256:e7768784e10ada2b4d7f1813b39755290c76413ff6435d67cd270754e8da23b6,Vendor raw transcript access is blocked by default.
kmb_2026_q1_company_ir_1,kmb_2026_q1,KMB,Kimberly-Clark Corporation,2026,Q1,company_ir,https://investor.kimberly-clark.com/,investor.kimberly-clark.com,unknown,metadata_only,false,source_terms_and_robots_not_reviewed,Review official IR source terms and robots policy before any raw transcript use.,rights_aware_metadata_discovery,2026-05-24T00:33:59+00:00,sha256:57e4f0331621e04bcd143ee96eccaa27e5d5ff5ffb03f0380d1fe16f171621b3,Preferred transcript source when terms allow; this row does not assert transcript availability.
kmb_2026_q1_webcast_provider_2,kmb_2026_q1,KMB,Kimberly-Clark Corporation,2026,Q1,webcast_provider,https://investor.kimberly-clark.com/,investor.kimberly-clark.com,unknown,metadata_only,false,webcast_terms_not_reviewed,"Open from company IR, verify replay access and storage terms, and avoid session-restricted media.",rights_aware_metadata_discovery,2026-05-24T00:33:59+00:00,sha256:cc1144a82e57df4bb628bd6c2991a88abc908c0436d6327645acb0940cb7ba7b,"Audio/webcast replay candidate only; support layer, not canonical transcript."
kmb_2026_q1_sec_edgar_3,kmb_2026_q1,KMB,Kimberly-Clark Corporation,2026,Q1,sec_edgar,sec-edgar://CIK_LOOKUP_REQUIRED/KMB/2026/Q1,sec-edgar,unknown,metadata_only,false,sec_metadata_only_no_raw_filing_body,Optional later SEC metadata fetch with descriptive User-Agent and <=10 rps rate limit.,rights_aware_metadata_discovery,2026-05-24T00:33:59+00:00,sha256:33e076aae86a65196e43b81cda49e87da723ed3955f97dc631867bb09d564306,"SEC may identify event timing, 8-K references, releases, and exhibit metadata; transcripts are not guaranteed."
kmb_2026_q1_youtube_metadata_only_4,kmb_2026_q1,KMB,Kimberly-Clark Corporation,2026,Q1,youtube_metadata_only,https://www.youtube.com/results?search_query=KMB+Kimberly-Clark+Corporation+earnings+call+2026+Q1,youtube.com,unknown,metadata_only,false,youtube_media_download_blocked_without_authorization,Use YouTube links as metadata references only unless explicit authorization exists.,rights_aware_metadata_discovery,2026-05-24T00:33:59+00:00,sha256:428125842cc8761fab5d971b251f260b4c36c127c7b63627e1b6e701b838576f,No YouTube audio or video acquisition is performed.
kmb_2026_q1_earnings_platform_5,kmb_2026_q1,KMB,Kimberly-Clark Corporation,2026,Q1,earnings_platform,licensed-vendor://blocked/KMB/2026/Q1,licensed-vendor,blocked,blocked,false,licensed_vendor_without_license_config,Register license configuration before any vendor raw content use.,rights_aware_metadata_discovery,2026-05-24T00:33:59+00:00,sha256:745041aa72686b619bb652a771880a818b838434e656107a9fb5928ec350c825,Vendor raw transcript access is blocked by default.
fdx_2026_q1_company_ir_1,fdx_2026_q1,FDX,FedEx Corporation,2026,Q1,company_ir,https://investors.fedex.com/,investors.fedex.com,unknown,metadata_only,false,source_terms_and_robots_not_reviewed,Review official IR source terms and robots policy before any raw transcript use.,rights_aware_metadata_discovery,2026-05-24T00:33:59+00:00,sha256:d1572b184664b50cff29d64c6a2fc0ca75ec0d4f60f0b758cc169c6879bd9429,Preferred transcript source when terms allow; this row does not assert transcript availability.
fdx_2026_q1_webcast_provider_2,fdx_2026_q1,FDX,FedEx Corporation,2026,Q1,webcast_provider,https://investors.fedex.com/,investors.fedex.com,unknown,metadata_only,false,webcast_terms_not_reviewed,"Open from company IR, verify replay access and storage terms, and avoid session-restricted media.",rights_aware_metadata_discovery,2026-05-24T00:33:59+00:00,sha256:e52f38b9ba65722094cbeabc73626053698c8a881d25c6c95b8384b196b363d9,"Audio/webcast replay candidate only; support layer, not canonical transcript."
fdx_2026_q1_sec_edgar_3,fdx_2026_q1,FDX,FedEx Corporation,2026,Q1,sec_edgar,sec-edgar://CIK_LOOKUP_REQUIRED/FDX/2026/Q1,sec-edgar,unknown,metadata_only,false,sec_metadata_only_no_raw_filing_body,Optional later SEC metadata fetch with descriptive User-Agent and <=10 rps rate limit.,rights_aware_metadata_discovery,2026-05-24T00:33:59+00:00,sha256:0916923ca6e93cb5b3c533c5ed94deb78a432f4634dbd0454c58f6730c0d50ba,"SEC may identify event timing, 8-K references, releases, and exhibit metadata; transcripts are not guaranteed."
fdx_2026_q1_youtube_metadata_only_4,fdx_2026_q1,FDX,FedEx Corporation,2026,Q1,youtube_metadata_only,https://www.youtube.com/results?search_query=FDX+FedEx+Corporation+earnings+call+2026+Q1,youtube.com,unknown,metadata_only,false,youtube_media_download_blocked_without_authorization,Use YouTube links as metadata references only unless explicit authorization exists.,rights_aware_metadata_discovery,2026-05-24T00:33:59+00:00,sha256:71be8fffcc53846c2a1c78513ba1051f3c0d019f35a5e5cb54d159e8ca6b4591,No YouTube audio or video acquisition is performed.
fdx_2026_q1_earnings_platform_5,fdx_2026_q1,FDX,FedEx Corporation,2026,Q1,earnings_platform,licensed-vendor://blocked/FDX/2026/Q1,licensed-vendor,blocked,blocked,false,licensed_vendor_without_license_config,Register license configuration before any vendor raw content use.,rights_aware_metadata_discovery,2026-05-24T00:33:59+00:00,sha256:7d5985199b79c3b6058088fde46b417ef61795a7b5acefa50556d81251009cfd,Vendor raw transcript access is blocked by default.
dal_2026_q1_company_ir_1,dal_2026_q1,DAL,"Delta Air Lines, Inc.",2026,Q1,company_ir,https://ir.delta.com/,ir.delta.com,unknown,metadata_only,false,source_terms_and_robots_not_reviewed,Review official IR source terms and robots policy before any raw transcript use.,rights_aware_metadata_discovery,2026-05-24T00:33:59+00:00,sha256:8b65020c1389200b10f7c6a6e8ee780cc2fc3e86e2b4ab0a8665f471aa55b7a4,Preferred transcript source when terms allow; this row does not assert transcript availability.
dal_2026_q1_webcast_provider_2,dal_2026_q1,DAL,"Delta Air Lines, Inc.",2026,Q1,webcast_provider,https://ir.delta.com/,ir.delta.com,unknown,metadata_only,false,webcast_terms_not_reviewed,"Open from company IR, verify replay access and storage terms, and avoid session-restricted media.",rights_aware_metadata_discovery,2026-05-24T00:33:59+00:00,sha256:a8b3380ba079acceb8f0a14d3954eea8e683626886f6f24e226f1d33b84d2a10,"Audio/webcast replay candidate only; support layer, not canonical transcript."
dal_2026_q1_sec_edgar_3,dal_2026_q1,DAL,"Delta Air Lines, Inc.",2026,Q1,sec_edgar,sec-edgar://CIK_LOOKUP_REQUIRED/DAL/2026/Q1,sec-edgar,unknown,metadata_only,false,sec_metadata_only_no_raw_filing_body,Optional later SEC metadata fetch with descriptive User-Agent and <=10 rps rate limit.,rights_aware_metadata_discovery,2026-05-24T00:33:59+00:00,sha256:2b0b0cf94e10dac2938de966e0b124353a6f14042462700caab47a49edbd80f1,"SEC may identify event timing, 8-K references, releases, and exhibit metadata; transcripts are not guaranteed."
dal_2026_q1_youtube_metadata_only_4,dal_2026_q1,DAL,"Delta Air Lines, Inc.",2026,Q1,youtube_metadata_only,https://www.youtube.com/results?search_query=DAL+Delta+Air+Lines%2C+Inc.+earnings+call+2026+Q1,youtube.com,unknown,metadata_only,false,youtube_media_download_blocked_without_authorization,Use YouTube links as metadata references only unless explicit authorization exists.,rights_aware_metadata_discovery,2026-05-24T00:33:59+00:00,sha256:850ed4803161e1b220706c89112a4fb72472ae2748934a0625da0b165bebb8f3,No YouTube audio or video acquisition is performed.
dal_2026_q1_earnings_platform_5,dal_2026_q1,DAL,"Delta Air Lines, Inc.",2026,Q1,earnings_platform,licensed-vendor://blocked/DAL/2026/Q1,licensed-vendor,blocked,blocked,false,licensed_vendor_without_license_config,Register license configuration before any vendor raw content use.,rights_aware_metadata_discovery,2026-05-24T00:33:59+00:00,sha256:8b8f1b031bbaa21bacc7ab9dc63d3876ee443688eae5b4ecd75a6b4dfdf8f712,Vendor raw transcript access is blocked by default.
spgi_2026_q1_company_ir_1,spgi_2026_q1,SPGI,S&P Global Inc.,2026,Q1,company_ir,https://investor.spglobal.com/,investor.spglobal.com,unknown,metadata_only,false,source_terms_and_robots_not_reviewed,Review official IR source terms and robots policy before any raw transcript use.,rights_aware_metadata_discovery,2026-05-24T00:33:59+00:00,sha256:74ab424d1747396f6a597df9f854bc6697a8e17ebed58bbb584e0a00321f95c8,Preferred transcript source when terms allow; this row does not assert transcript availability.
spgi_2026_q1_webcast_provider_2,spgi_2026_q1,SPGI,S&P Global Inc.,2026,Q1,webcast_provider,https://investor.spglobal.com/,investor.spglobal.com,unknown,metadata_only,false,webcast_terms_not_reviewed,"Open from company IR, verify replay access and storage terms, and avoid session-restricted media.",rights_aware_metadata_discovery,2026-05-24T00:33:59+00:00,sha256:042bb41a0f9258f8c1ac2162e6b6f3ecbdbc478aa901d806576a0ee8334a6903,"Audio/webcast replay candidate only; support layer, not canonical transcript."
spgi_2026_q1_sec_edgar_3,spgi_2026_q1,SPGI,S&P Global Inc.,2026,Q1,sec_edgar,sec-edgar://CIK_LOOKUP_REQUIRED/SPGI/2026/Q1,sec-edgar,unknown,metadata_only,false,sec_metadata_only_no_raw_filing_body,Optional later SEC metadata fetch with descriptive User-Agent and <=10 rps rate limit.,rights_aware_metadata_discovery,2026-05-24T00:33:59+00:00,sha256:f97f2a953a1e066c0fafc3acd7f9a2b36bb5cded948a24cc8caf0d1d0afdd9fc,"SEC may identify event timing, 8-K references, releases, and exhibit metadata; transcripts are not guaranteed."
spgi_2026_q1_youtube_metadata_only_4,spgi_2026_q1,SPGI,S&P Global Inc.,2026,Q1,youtube_metadata_only,https://www.youtube.com/results?search_query=SPGI+S%26P+Global+Inc.+earnings+call+2026+Q1,youtube.com,unknown,metadata_only,false,youtube_media_download_blocked_without_authorization,Use YouTube links as metadata references only unless explicit authorization exists.,rights_aware_metadata_discovery,2026-05-24T00:33:59+00:00,sha256:543a5bdc10fe42faa1c439a528b5449eb14ba417e882f84577a1ddfe9bdf90d4,No YouTube audio or video acquisition is performed.
spgi_2026_q1_earnings_platform_5,spgi_2026_q1,SPGI,S&P Global Inc.,2026,Q1,earnings_platform,licensed-vendor://blocked/SPGI/2026/Q1,licensed-vendor,blocked,blocked,false,licensed_vendor_without_license_config,Register license configuration before any vendor raw content use.,rights_aware_metadata_discovery,2026-05-24T00:33:59+00:00,sha256:b56d95507e2170c13ebfa96fc0af506a89a7c0b40cd9396269717e007777b236,Vendor raw transcript access is blocked by default.
mco_2026_q1_company_ir_1,mco_2026_q1,MCO,Moody's Corporation,2026,Q1,company_ir,https://ir.moodys.com/,ir.moodys.com,unknown,metadata_only,false,source_terms_and_robots_not_reviewed,Review official IR source terms and robots policy before any raw transcript use.,rights_aware_metadata_discovery,2026-05-24T00:33:59+00:00,sha256:017ea4b74166a27336b997287cdf64757bc287d8cb82f2a10b2f0624e57819cb,Preferred transcript source when terms allow; this row does not assert transcript availability.
mco_2026_q1_webcast_provider_2,mco_2026_q1,MCO,Moody's Corporation,2026,Q1,webcast_provider,https://ir.moodys.com/,ir.moodys.com,unknown,metadata_only,false,webcast_terms_not_reviewed,"Open from company IR, verify replay access and storage terms, and avoid session-restricted media.",rights_aware_metadata_discovery,2026-05-24T00:33:59+00:00,sha256:36060b270c8e122d3c3195011d852153ad3526759cda73e38cbd420fa942cb8d,"Audio/webcast replay candidate only; support layer, not canonical transcript."
mco_2026_q1_sec_edgar_3,mco_2026_q1,MCO,Moody's Corporation,2026,Q1,sec_edgar,sec-edgar://CIK_LOOKUP_REQUIRED/MCO/2026/Q1,sec-edgar,unknown,metadata_only,false,sec_metadata_only_no_raw_filing_body,Optional later SEC metadata fetch with descriptive User-Agent and <=10 rps rate limit.,rights_aware_metadata_discovery,2026-05-24T00:33:59+00:00,sha256:96f32f7cc8eb2ecaf6219ab9ec34195a6a630a5bfd4a437dfbe5fd52cf9f6002,"SEC may identify event timing, 8-K references, releases, and exhibit metadata; transcripts are not guaranteed."
mco_2026_q1_youtube_metadata_only_4,mco_2026_q1,MCO,Moody's Corporation,2026,Q1,youtube_metadata_only,https://www.youtube.com/results?search_query=MCO+Moody%27s+Corporation+earnings+call+2026+Q1,youtube.com,unknown,metadata_only,false,youtube_media_download_blocked_without_authorization,Use YouTube links as metadata references only unless explicit authorization exists.,rights_aware_metadata_discovery,2026-05-24T00:33:59+00:00,sha256:ff6da552c8760c5049c490ebc347aee53e4408202d914d13eeb5c80cc71304a9,No YouTube audio or video acquisition is performed.
mco_2026_q1_earnings_platform_5,mco_2026_q1,MCO,Moody's Corporation,2026,Q1,earnings_platform,licensed-vendor://blocked/MCO/2026/Q1,licensed-vendor,blocked,blocked,false,licensed_vendor_without_license_config,Register license configuration before any vendor raw content use.,rights_aware_metadata_discovery,2026-05-24T00:33:59+00:00,sha256:0b1b5d05602e5cfd4cbd26c196307747fd851b6323bcd139079ac9319da12104,Vendor raw transcript access is blocked by default.
ice_2026_q1_company_ir_1,ice_2026_q1,ICE,"Intercontinental Exchange, Inc.",2026,Q1,company_ir,https://ir.theice.com/,ir.theice.com,unknown,metadata_only,false,source_terms_and_robots_not_reviewed,Review official IR source terms and robots policy before any raw transcript use.,rights_aware_metadata_discovery,2026-05-24T00:33:59+00:00,sha256:096a43ef0ff00fc7d3302b947b658e029ff09a53e1ec29221a1c3babb223763e,Preferred transcript source when terms allow; this row does not assert transcript availability.
ice_2026_q1_webcast_provider_2,ice_2026_q1,ICE,"Intercontinental Exchange, Inc.",2026,Q1,webcast_provider,https://ir.theice.com/,ir.theice.com,unknown,metadata_only,false,webcast_terms_not_reviewed,"Open from company IR, verify replay access and storage terms, and avoid session-restricted media.",rights_aware_metadata_discovery,2026-05-24T00:33:59+00:00,sha256:182d9e361c8384126bf25ce5e799443e1abeae4025c6a4d05ebe6c7c3411a009,"Audio/webcast replay candidate only; support layer, not canonical transcript."
ice_2026_q1_sec_edgar_3,ice_2026_q1,ICE,"Intercontinental Exchange, Inc.",2026,Q1,sec_edgar,sec-edgar://CIK_LOOKUP_REQUIRED/ICE/2026/Q1,sec-edgar,unknown,metadata_only,false,sec_metadata_only_no_raw_filing_body,Optional later SEC metadata fetch with descriptive User-Agent and <=10 rps rate limit.,rights_aware_metadata_discovery,2026-05-24T00:33:59+00:00,sha256:8ce7c1e7f485ef729f471768d6c2fa3bb758dd3bd2b2c27beec39e7e92b5da98,"SEC may identify event timing, 8-K references, releases, and exhibit metadata; transcripts are not guaranteed."
ice_2026_q1_youtube_metadata_only_4,ice_2026_q1,ICE,"Intercontinental Exchange, Inc.",2026,Q1,youtube_metadata_only,https://www.youtube.com/results?search_query=ICE+Intercontinental+Exchange%2C+Inc.+earnings+call+2026+Q1,youtube.com,unknown,metadata_only,false,youtube_media_download_blocked_without_authorization,Use YouTube links as metadata references only unless explicit authorization exists.,rights_aware_metadata_discovery,2026-05-24T00:33:59+00:00,sha256:c6c666895ea6a0edb22974631cdee9cf37d081a88162d8a722fb7e994f127204,No YouTube audio or video acquisition is performed.
ice_2026_q1_earnings_platform_5,ice_2026_q1,ICE,"Intercontinental Exchange, Inc.",2026,Q1,earnings_platform,licensed-vendor://blocked/ICE/2026/Q1,licensed-vendor,blocked,blocked,false,licensed_vendor_without_license_config,Register license configuration before any vendor raw content use.,rights_aware_metadata_discovery,2026-05-24T00:33:59+00:00,sha256:44b116278b67a785ec01cc9d1f427d7e9de78afd39653df0fac6126bc558bb72,Vendor raw transcript access is blocked by default.
schw_2026_q1_company_ir_1,schw_2026_q1,SCHW,The Charles Schwab Corporation,2026,Q1,company_ir,https://www.aboutschwab.com/investor-relations,aboutschwab.com,unknown,metadata_only,false,source_terms_and_robots_not_reviewed,Review official IR source terms and robots policy before any raw transcript use.,rights_aware_metadata_discovery,2026-05-24T00:33:59+00:00,sha256:e2ee3236df1cf48a02b2592b78df1996298c5a4dc6a042697ccf8f2d04aba525,Preferred transcript source when terms allow; this row does not assert transcript availability.
schw_2026_q1_webcast_provider_2,schw_2026_q1,SCHW,The Charles Schwab Corporation,2026,Q1,webcast_provider,https://www.aboutschwab.com/investor-relations,aboutschwab.com,unknown,metadata_only,false,webcast_terms_not_reviewed,"Open from company IR, verify replay access and storage terms, and avoid session-restricted media.",rights_aware_metadata_discovery,2026-05-24T00:33:59+00:00,sha256:96ad4098e862b2ba52bfdd6e9957aa45928edb417c0a1176b3c3b65a426a5232,"Audio/webcast replay candidate only; support layer, not canonical transcript."
schw_2026_q1_sec_edgar_3,schw_2026_q1,SCHW,The Charles Schwab Corporation,2026,Q1,sec_edgar,sec-edgar://CIK_LOOKUP_REQUIRED/SCHW/2026/Q1,sec-edgar,unknown,metadata_only,false,sec_metadata_only_no_raw_filing_body,Optional later SEC metadata fetch with descriptive User-Agent and <=10 rps rate limit.,rights_aware_metadata_discovery,2026-05-24T00:33:59+00:00,sha256:7ce3b67c4d3150693ccb8be82eb6ce9be1ea8babc7aa18b4ba7d6e5eac387e79,"SEC may identify event timing, 8-K references, releases, and exhibit metadata; transcripts are not guaranteed."
schw_2026_q1_youtube_metadata_only_4,schw_2026_q1,SCHW,The Charles Schwab Corporation,2026,Q1,youtube_metadata_only,https://www.youtube.com/results?search_query=SCHW+The+Charles+Schwab+Corporation+earnings+call+2026+Q1,youtube.com,unknown,metadata_only,false,youtube_media_download_blocked_without_authorization,Use YouTube links as metadata references only unless explicit authorization exists.,rights_aware_metadata_discovery,2026-05-24T00:33:59+00:00,sha256:c827e34d68dab9d484e8eb02e6946fbaf2479b684dcd0c9779f79069a289479a,No YouTube audio or video acquisition is performed.
schw_2026_q1_earnings_platform_5,schw_2026_q1,SCHW,The Charles Schwab Corporation,2026,Q1,earnings_platform,licensed-vendor://blocked/SCHW/2026/Q1,licensed-vendor,blocked,blocked,false,licensed_vendor_without_license_config,Register license configuration before any vendor raw content use.,rights_aware_metadata_discovery,2026-05-24T00:33:59+00:00,sha256:ddafa93231139577fb4d849a9ac94a5246111c188e370d5ee8d634b1a6492a5f,Vendor raw transcript access is blocked by default.
mmc_2026_q1_company_ir_1,mmc_2026_q1,MMC,"Marsh & McLennan Companies, Inc.",2026,Q1,company_ir,https://ir.mmc.com/,ir.mmc.com,unknown,metadata_only,false,source_terms_and_robots_not_reviewed,Review official IR source terms and robots policy before any raw transcript use.,rights_aware_metadata_discovery,2026-05-24T00:33:59+00:00,sha256:2d4785999f3111050582079848164e075d5e1ab2a42a20f56217066e62ffabd8,Preferred transcript source when terms allow; this row does not assert transcript availability.
mmc_2026_q1_webcast_provider_2,mmc_2026_q1,MMC,"Marsh & McLennan Companies, Inc.",2026,Q1,webcast_provider,https://ir.mmc.com/,ir.mmc.com,unknown,metadata_only,false,webcast_terms_not_reviewed,"Open from company IR, verify replay access and storage terms, and avoid session-restricted media.",rights_aware_metadata_discovery,2026-05-24T00:33:59+00:00,sha256:49d06341078229f97b31d280d51ec0d3eb15c9be2e12ad32d18be9523ea8f29c,"Audio/webcast replay candidate only; support layer, not canonical transcript."
mmc_2026_q1_sec_edgar_3,mmc_2026_q1,MMC,"Marsh & McLennan Companies, Inc.",2026,Q1,sec_edgar,sec-edgar://CIK_LOOKUP_REQUIRED/MMC/2026/Q1,sec-edgar,unknown,metadata_only,false,sec_metadata_only_no_raw_filing_body,Optional later SEC metadata fetch with descriptive User-Agent and <=10 rps rate limit.,rights_aware_metadata_discovery,2026-05-24T00:33:59+00:00,sha256:9de9b01c79509df877aa3b03eac1ebd9f2fbfebfca33edd895181c7b61be4527,"SEC may identify event timing, 8-K references, releases, and exhibit metadata; transcripts are not guaranteed."
mmc_2026_q1_youtube_metadata_only_4,mmc_2026_q1,MMC,"Marsh & McLennan Companies, Inc.",2026,Q1,youtube_metadata_only,https://www.youtube.com/results?search_query=MMC+Marsh+%26+McLennan+Companies%2C+Inc.+earnings+call+2026+Q1,youtube.com,unknown,metadata_only,false,youtube_media_download_blocked_without_authorization,Use YouTube links as metadata references only unless explicit authorization exists.,rights_aware_metadata_discovery,2026-05-24T00:33:59+00:00,sha256:d3978ef3fbab9a65d8e16e0543ab3e849dd9a11e546e3cf94e8558bcbda7ef48,No YouTube audio or video acquisition is performed.
mmc_2026_q1_earnings_platform_5,mmc_2026_q1,MMC,"Marsh & McLennan Companies, Inc.",2026,Q1,earnings_platform,licensed-vendor://blocked/MMC/2026/Q1,licensed-vendor,blocked,blocked,false,licensed_vendor_without_license_config,Register license configuration before any vendor raw content use.,rights_aware_metadata_discovery,2026-05-24T00:33:59+00:00,sha256:7e68d6f77d2eb44745503d941e36ea09b9c9362931db01c36f966da072e3c85d,Vendor raw transcript access is blocked by default.
aon_2026_q1_company_ir_1,aon_2026_q1,AON,Aon plc,2026,Q1,company_ir,https://ir.aon.com/,ir.aon.com,unknown,metadata_only,false,source_terms_and_robots_not_reviewed,Review official IR source terms and robots policy before any raw transcript use.,rights_aware_metadata_discovery,2026-05-24T00:33:59+00:00,sha256:d1a2567cb315c4c5498a4bc037e9b50c9db21bf838a303332b16f2caf4660ece,Preferred transcript source when terms allow; this row does not assert transcript availability.
aon_2026_q1_webcast_provider_2,aon_2026_q1,AON,Aon plc,2026,Q1,webcast_provider,https://ir.aon.com/,ir.aon.com,unknown,metadata_only,false,webcast_terms_not_reviewed,"Open from company IR, verify replay access and storage terms, and avoid session-restricted media.",rights_aware_metadata_discovery,2026-05-24T00:33:59+00:00,sha256:fd288744c917d0fcd87ae4ee1172c87e7d0b4a2899196b8076642b339ac42c31,"Audio/webcast replay candidate only; support layer, not canonical transcript."
aon_2026_q1_sec_edgar_3,aon_2026_q1,AON,Aon plc,2026,Q1,sec_edgar,sec-edgar://CIK_LOOKUP_REQUIRED/AON/2026/Q1,sec-edgar,unknown,metadata_only,false,sec_metadata_only_no_raw_filing_body,Optional later SEC metadata fetch with descriptive User-Agent and <=10 rps rate limit.,rights_aware_metadata_discovery,2026-05-24T00:33:59+00:00,sha256:090d7823b7580416cfff20c58231d389c88ac78b9873b430d7334ec85eb79de8,"SEC may identify event timing, 8-K references, releases, and exhibit metadata; transcripts are not guaranteed."
aon_2026_q1_youtube_metadata_only_4,aon_2026_q1,AON,Aon plc,2026,Q1,youtube_metadata_only,https://www.youtube.com/results?search_query=AON+Aon+plc+earnings+call+2026+Q1,youtube.com,unknown,metadata_only,false,youtube_media_download_blocked_without_authorization,Use YouTube links as metadata references only unless explicit authorization exists.,rights_aware_metadata_discovery,2026-05-24T00:33:59+00:00,sha256:695bf278de307998394bd0bfd411d3296cf8404219e8e1daa5993116f03fb5a5,No YouTube audio or video acquisition is performed.
aon_2026_q1_earnings_platform_5,aon_2026_q1,AON,Aon plc,2026,Q1,earnings_platform,licensed-vendor://blocked/AON/2026/Q1,licensed-vendor,blocked,blocked,false,licensed_vendor_without_license_config,Register license configuration before any vendor raw content use.,rights_aware_metadata_discovery,2026-05-24T00:33:59+00:00,sha256:7a3b3dacbaacfb785f47f0ab38cfd352eca567e663177f1901d11879c3450d2f,Vendor raw transcript access is blocked by default.
abt_2026_q1_company_ir_1,abt_2026_q1,ABT,Abbott Laboratories,2026,Q1,company_ir,https://www.abbottinvestor.com/,abbottinvestor.com,unknown,metadata_only,false,source_terms_and_robots_not_reviewed,Review official IR source terms and robots policy before any raw transcript use.,rights_aware_metadata_discovery,2026-05-24T00:33:59+00:00,sha256:e982cbf7ec2baea80b2c6aea43c268be5e64c438c35006f045093db484f38074,Preferred transcript source when terms allow; this row does not assert transcript availability.
abt_2026_q1_webcast_provider_2,abt_2026_q1,ABT,Abbott Laboratories,2026,Q1,webcast_provider,https://www.abbottinvestor.com/,abbottinvestor.com,unknown,metadata_only,false,webcast_terms_not_reviewed,"Open from company IR, verify replay access and storage terms, and avoid session-restricted media.",rights_aware_metadata_discovery,2026-05-24T00:33:59+00:00,sha256:0f663f0fa128848bd5b3546fdd94f8b562774c75b250b538d071c15a6cf09126,"Audio/webcast replay candidate only; support layer, not canonical transcript."
abt_2026_q1_sec_edgar_3,abt_2026_q1,ABT,Abbott Laboratories,2026,Q1,sec_edgar,sec-edgar://CIK_LOOKUP_REQUIRED/ABT/2026/Q1,sec-edgar,unknown,metadata_only,false,sec_metadata_only_no_raw_filing_body,Optional later SEC metadata fetch with descriptive User-Agent and <=10 rps rate limit.,rights_aware_metadata_discovery,2026-05-24T00:33:59+00:00,sha256:b2d44352953db7e4165fe931df7e3fad490524ae98dd16495d0f486729204a35,"SEC may identify event timing, 8-K references, releases, and exhibit metadata; transcripts are not guaranteed."
abt_2026_q1_youtube_metadata_only_4,abt_2026_q1,ABT,Abbott Laboratories,2026,Q1,youtube_metadata_only,https://www.youtube.com/results?search_query=ABT+Abbott+Laboratories+earnings+call+2026+Q1,youtube.com,unknown,metadata_only,false,youtube_media_download_blocked_without_authorization,Use YouTube links as metadata references only unless explicit authorization exists.,rights_aware_metadata_discovery,2026-05-24T00:33:59+00:00,sha256:f3b80068955015c84b54d65a11d52f55878fad00a1a8050e663061dfeffb6c04,No YouTube audio or video acquisition is performed.
abt_2026_q1_earnings_platform_5,abt_2026_q1,ABT,Abbott Laboratories,2026,Q1,earnings_platform,licensed-vendor://blocked/ABT/2026/Q1,licensed-vendor,blocked,blocked,false,licensed_vendor_without_license_config,Register license configuration before any vendor raw content use.,rights_aware_metadata_discovery,2026-05-24T00:33:59+00:00,sha256:b3747b4c85a862ae9746cc0b334689d30bad5e8cc0522a04b9ec6985a57010fc,Vendor raw transcript access is blocked by default.
bmy_2026_q1_company_ir_1,bmy_2026_q1,BMY,Bristol Myers Squibb Company,2026,Q1,company_ir,https://investor.bms.com/,investor.bms.com,unknown,metadata_only,false,source_terms_and_robots_not_reviewed,Review official IR source terms and robots policy before any raw transcript use.,rights_aware_metadata_discovery,2026-05-24T00:33:59+00:00,sha256:f4021e370a77634b4a31266d57c05dbf32f8c0f3557de3b4ec61acdee0426a9a,Preferred transcript source when terms allow; this row does not assert transcript availability.
bmy_2026_q1_webcast_provider_2,bmy_2026_q1,BMY,Bristol Myers Squibb Company,2026,Q1,webcast_provider,https://investor.bms.com/,investor.bms.com,unknown,metadata_only,false,webcast_terms_not_reviewed,"Open from company IR, verify replay access and storage terms, and avoid session-restricted media.",rights_aware_metadata_discovery,2026-05-24T00:33:59+00:00,sha256:b4b6d3008ee943020b507a89f9952d06aac26c422ec4aeed5706d5ef5b6c2744,"Audio/webcast replay candidate only; support layer, not canonical transcript."
bmy_2026_q1_sec_edgar_3,bmy_2026_q1,BMY,Bristol Myers Squibb Company,2026,Q1,sec_edgar,sec-edgar://CIK_LOOKUP_REQUIRED/BMY/2026/Q1,sec-edgar,unknown,metadata_only,false,sec_metadata_only_no_raw_filing_body,Optional later SEC metadata fetch with descriptive User-Agent and <=10 rps rate limit.,rights_aware_metadata_discovery,2026-05-24T00:33:59+00:00,sha256:f7cb3fd603935b4b4a447cf27ee4beca857da23dc78673eff06043427d42efd1,"SEC may identify event timing, 8-K references, releases, and exhibit metadata; transcripts are not guaranteed."
bmy_2026_q1_youtube_metadata_only_4,bmy_2026_q1,BMY,Bristol Myers Squibb Company,2026,Q1,youtube_metadata_only,https://www.youtube.com/results?search_query=BMY+Bristol+Myers+Squibb+Company+earnings+call+2026+Q1,youtube.com,unknown,metadata_only,false,youtube_media_download_blocked_without_authorization,Use YouTube links as metadata references only unless explicit authorization exists.,rights_aware_metadata_discovery,2026-05-24T00:33:59+00:00,sha256:10d88149b73930b2ea592ab3f7d85efa0a9b4273b6cf6d7c29d5c6e3f9acf7e4,No YouTube audio or video acquisition is performed.
bmy_2026_q1_earnings_platform_5,bmy_2026_q1,BMY,Bristol Myers Squibb Company,2026,Q1,earnings_platform,licensed-vendor://blocked/BMY/2026/Q1,licensed-vendor,blocked,blocked,false,licensed_vendor_without_license_config,Register license configuration before any vendor raw content use.,rights_aware_metadata_discovery,2026-05-24T00:33:59+00:00,sha256:162e1d8248abd26f73f602f9e6878d063413a707abef0b61ff04b470a37940c7,Vendor raw transcript access is blocked by default.
mdt_2026_q1_company_ir_1,mdt_2026_q1,MDT,Medtronic plc,2026,Q1,company_ir,https://investorrelations.medtronic.com/,investorrelations.medtronic.com,unknown,metadata_only,false,source_terms_and_robots_not_reviewed,Review official IR source terms and robots policy before any raw transcript use.,rights_aware_metadata_discovery,2026-05-24T00:33:59+00:00,sha256:3f9acda6ab014a83197fd26ac4a567cc3ef1e3a6e6b734b2d964669d4cdfbe84,Preferred transcript source when terms allow; this row does not assert transcript availability.
mdt_2026_q1_webcast_provider_2,mdt_2026_q1,MDT,Medtronic plc,2026,Q1,webcast_provider,https://investorrelations.medtronic.com/,investorrelations.medtronic.com,unknown,metadata_only,false,webcast_terms_not_reviewed,"Open from company IR, verify replay access and storage terms, and avoid session-restricted media.",rights_aware_metadata_discovery,2026-05-24T00:33:59+00:00,sha256:569708b0af41aa0565d73ab581c77738637c341e8bd0bf378963eae8e1f85d0d,"Audio/webcast replay candidate only; support layer, not canonical transcript."
mdt_2026_q1_sec_edgar_3,mdt_2026_q1,MDT,Medtronic plc,2026,Q1,sec_edgar,sec-edgar://CIK_LOOKUP_REQUIRED/MDT/2026/Q1,sec-edgar,unknown,metadata_only,false,sec_metadata_only_no_raw_filing_body,Optional later SEC metadata fetch with descriptive User-Agent and <=10 rps rate limit.,rights_aware_metadata_discovery,2026-05-24T00:33:59+00:00,sha256:a8c4854b383ce213dab138c624bbb8884fbe811db603025f9065cd7bf50597a7,"SEC may identify event timing, 8-K references, releases, and exhibit metadata; transcripts are not guaranteed."
mdt_2026_q1_youtube_metadata_only_4,mdt_2026_q1,MDT,Medtronic plc,2026,Q1,youtube_metadata_only,https://www.youtube.com/results?search_query=MDT+Medtronic+plc+earnings+call+2026+Q1,youtube.com,unknown,metadata_only,false,youtube_media_download_blocked_without_authorization,Use YouTube links as metadata references only unless explicit authorization exists.,rights_aware_metadata_discovery,2026-05-24T00:33:59+00:00,sha256:969190299fd9cd768891586aa72c9c8a8383a861508ee417c004328ec1a92f7a,No YouTube audio or video acquisition is performed.
mdt_2026_q1_earnings_platform_5,mdt_2026_q1,MDT,Medtronic plc,2026,Q1,earnings_platform,licensed-vendor://blocked/MDT/2026/Q1,licensed-vendor,blocked,blocked,false,licensed_vendor_without_license_config,Register license configuration before any vendor raw content use.,rights_aware_metadata_discovery,2026-05-24T00:33:59+00:00,sha256:dba26c4f7f73b029d823c8f642721a53947593d4c2f8b8537acad3db189b56b9,Vendor raw transcript access is blocked by default.
tmo_2026_q1_company_ir_1,tmo_2026_q1,TMO,Thermo Fisher Scientific Inc.,2026,Q1,company_ir,https://ir.thermofisher.com/,ir.thermofisher.com,unknown,metadata_only,false,source_terms_and_robots_not_reviewed,Review official IR source terms and robots policy before any raw transcript use.,rights_aware_metadata_discovery,2026-05-24T00:33:59+00:00,sha256:92aa135aff3e3ba3a887742ad6db37ebf4eeeb57a98a8da107dfd8bbb7a5c86f,Preferred transcript source when terms allow; this row does not assert transcript availability.
tmo_2026_q1_webcast_provider_2,tmo_2026_q1,TMO,Thermo Fisher Scientific Inc.,2026,Q1,webcast_provider,https://ir.thermofisher.com/,ir.thermofisher.com,unknown,metadata_only,false,webcast_terms_not_reviewed,"Open from company IR, verify replay access and storage terms, and avoid session-restricted media.",rights_aware_metadata_discovery,2026-05-24T00:33:59+00:00,sha256:54d0cbd5cf7d93529bd816493387ec2aa660d23ac6bae2d909507717f633d390,"Audio/webcast replay candidate only; support layer, not canonical transcript."
tmo_2026_q1_sec_edgar_3,tmo_2026_q1,TMO,Thermo Fisher Scientific Inc.,2026,Q1,sec_edgar,sec-edgar://CIK_LOOKUP_REQUIRED/TMO/2026/Q1,sec-edgar,unknown,metadata_only,false,sec_metadata_only_no_raw_filing_body,Optional later SEC metadata fetch with descriptive User-Agent and <=10 rps rate limit.,rights_aware_metadata_discovery,2026-05-24T00:33:59+00:00,sha256:25aebfd864d1f4d13924d63ae5c438baeb5f83799572ebef375fd4056797be8d,"SEC may identify event timing, 8-K references, releases, and exhibit metadata; transcripts are not guaranteed."
tmo_2026_q1_youtube_metadata_only_4,tmo_2026_q1,TMO,Thermo Fisher Scientific Inc.,2026,Q1,youtube_metadata_only,https://www.youtube.com/results?search_query=TMO+Thermo+Fisher+Scientific+Inc.+earnings+call+2026+Q1,youtube.com,unknown,metadata_only,false,youtube_media_download_blocked_without_authorization,Use YouTube links as metadata references only unless explicit authorization exists.,rights_aware_metadata_discovery,2026-05-24T00:33:59+00:00,sha256:0abd88b23857751146944a6e41290833b592166970cf7ae3531c519ab215390d,No YouTube audio or video acquisition is performed.
tmo_2026_q1_earnings_platform_5,tmo_2026_q1,TMO,Thermo Fisher Scientific Inc.,2026,Q1,earnings_platform,licensed-vendor://blocked/TMO/2026/Q1,licensed-vendor,blocked,blocked,false,licensed_vendor_without_license_config,Register license configuration before any vendor raw content use.,rights_aware_metadata_discovery,2026-05-24T00:33:59+00:00,sha256:2b88a32238a779cf9f3ab218f0a4f62c85f5df69497eddd625e39f4e285cf22c,Vendor raw transcript access is blocked by default.
dhr_2026_q1_company_ir_1,dhr_2026_q1,DHR,Danaher Corporation,2026,Q1,company_ir,https://investors.danaher.com/,investors.danaher.com,unknown,metadata_only,false,source_terms_and_robots_not_reviewed,Review official IR source terms and robots policy before any raw transcript use.,rights_aware_metadata_discovery,2026-05-24T00:33:59+00:00,sha256:a88bc8b28d2ac33666e406fa24836a5321ab7edef708a084e680d104b92eaf66,Preferred transcript source when terms allow; this row does not assert transcript availability.
dhr_2026_q1_webcast_provider_2,dhr_2026_q1,DHR,Danaher Corporation,2026,Q1,webcast_provider,https://investors.danaher.com/,investors.danaher.com,unknown,metadata_only,false,webcast_terms_not_reviewed,"Open from company IR, verify replay access and storage terms, and avoid session-restricted media.",rights_aware_metadata_discovery,2026-05-24T00:33:59+00:00,sha256:61976080f6d40d843189b88dff336fdce0840d76c3c5959902813267447d6707,"Audio/webcast replay candidate only; support layer, not canonical transcript."
dhr_2026_q1_sec_edgar_3,dhr_2026_q1,DHR,Danaher Corporation,2026,Q1,sec_edgar,sec-edgar://CIK_LOOKUP_REQUIRED/DHR/2026/Q1,sec-edgar,unknown,metadata_only,false,sec_metadata_only_no_raw_filing_body,Optional later SEC metadata fetch with descriptive User-Agent and <=10 rps rate limit.,rights_aware_metadata_discovery,2026-05-24T00:33:59+00:00,sha256:a2b01493fea515ba2bf0f1e269d92317952d96d278e763f4f523c31a959f7353,"SEC may identify event timing, 8-K references, releases, and exhibit metadata; transcripts are not guaranteed."
dhr_2026_q1_youtube_metadata_only_4,dhr_2026_q1,DHR,Danaher Corporation,2026,Q1,youtube_metadata_only,https://www.youtube.com/results?search_query=DHR+Danaher+Corporation+earnings+call+2026+Q1,youtube.com,unknown,metadata_only,false,youtube_media_download_blocked_without_authorization,Use YouTube links as metadata references only unless explicit authorization exists.,rights_aware_metadata_discovery,2026-05-24T00:33:59+00:00,sha256:051d98196a6581660db1e830647acff1b276d8c50491525378e2004dbdfaebe5,No YouTube audio or video acquisition is performed.
dhr_2026_q1_earnings_platform_5,dhr_2026_q1,DHR,Danaher Corporation,2026,Q1,earnings_platform,licensed-vendor://blocked/DHR/2026/Q1,licensed-vendor,blocked,blocked,false,licensed_vendor_without_license_config,Register license configuration before any vendor raw content use.,rights_aware_metadata_discovery,2026-05-24T00:33:59+00:00,sha256:ecaa369e1210069eef0e414005347739f94aac061a252611987a55006191dd23,Vendor raw transcript access is blocked by default.
el_2026_q1_company_ir_1,el_2026_q1,EL,The Estee Lauder Companies Inc.,2026,Q1,company_ir,https://www.elcompanies.com/en/investors,elcompanies.com,unknown,metadata_only,false,source_terms_and_robots_not_reviewed,Review official IR source terms and robots policy before any raw transcript use.,rights_aware_metadata_discovery,2026-05-24T00:33:59+00:00,sha256:2d260ae1fd44ab794d4432ba2c5e6902070f8dfa381b5562d608f8dad262fe22,Preferred transcript source when terms allow; this row does not assert transcript availability.
el_2026_q1_webcast_provider_2,el_2026_q1,EL,The Estee Lauder Companies Inc.,2026,Q1,webcast_provider,https://www.elcompanies.com/en/investors,elcompanies.com,unknown,metadata_only,false,webcast_terms_not_reviewed,"Open from company IR, verify replay access and storage terms, and avoid session-restricted media.",rights_aware_metadata_discovery,2026-05-24T00:33:59+00:00,sha256:0ee3329116377c468c63379dcc8073729a901262a9e69f6fdc5e5889b8b024de,"Audio/webcast replay candidate only; support layer, not canonical transcript."
el_2026_q1_sec_edgar_3,el_2026_q1,EL,The Estee Lauder Companies Inc.,2026,Q1,sec_edgar,sec-edgar://CIK_LOOKUP_REQUIRED/EL/2026/Q1,sec-edgar,unknown,metadata_only,false,sec_metadata_only_no_raw_filing_body,Optional later SEC metadata fetch with descriptive User-Agent and <=10 rps rate limit.,rights_aware_metadata_discovery,2026-05-24T00:33:59+00:00,sha256:67cbf105c3db9fe39e86cb1e279e8b07aadc005c7dead05fc8879d6d39beede1,"SEC may identify event timing, 8-K references, releases, and exhibit metadata; transcripts are not guaranteed."
el_2026_q1_youtube_metadata_only_4,el_2026_q1,EL,The Estee Lauder Companies Inc.,2026,Q1,youtube_metadata_only,https://www.youtube.com/results?search_query=EL+The+Estee+Lauder+Companies+Inc.+earnings+call+2026+Q1,youtube.com,unknown,metadata_only,false,youtube_media_download_blocked_without_authorization,Use YouTube links as metadata references only unless explicit authorization exists.,rights_aware_metadata_discovery,2026-05-24T00:33:59+00:00,sha256:6d2ee3e318725a44a8c945a945328bb723ff409f3e1d6a9a5fc651347e422fd4,No YouTube audio or video acquisition is performed.
el_2026_q1_earnings_platform_5,el_2026_q1,EL,The Estee Lauder Companies Inc.,2026,Q1,earnings_platform,licensed-vendor://blocked/EL/2026/Q1,licensed-vendor,blocked,blocked,false,licensed_vendor_without_license_config,Register license configuration before any vendor raw content use.,rights_aware_metadata_discovery,2026-05-24T00:33:59+00:00,sha256:589cd333d03d5451aee91c9c516d3c969f61525a172f7e3e0380704aeafef570,Vendor raw transcript access is blocked by default.
jpm_2025_q4_company_ir_1,jpm_2025_q4,JPM,JPMorgan Chase & Co.,2025,Q4,company_ir,https://www.jpmorganchase.com/ir,jpmorganchase.com,unknown,metadata_only,false,source_terms_and_robots_not_reviewed,Review official IR source terms and robots policy before any raw transcript use.,rights_aware_metadata_discovery,2026-05-24T00:33:59+00:00,sha256:263b90f26cbcbf94c0ad61b9b6ea0c149cb7dbfec1041fd46a3f7f9ae53517f6,Preferred transcript source when terms allow; this row does not assert transcript availability.
jpm_2025_q4_webcast_provider_2,jpm_2025_q4,JPM,JPMorgan Chase & Co.,2025,Q4,webcast_provider,https://www.jpmorganchase.com/ir,jpmorganchase.com,unknown,metadata_only,false,webcast_terms_not_reviewed,"Open from company IR, verify replay access and storage terms, and avoid session-restricted media.",rights_aware_metadata_discovery,2026-05-24T00:33:59+00:00,sha256:5923c412081bdc3101f12a4fc3501ad820ba8239c1102ab6213bbd456c9177f4,"Audio/webcast replay candidate only; support layer, not canonical transcript."
jpm_2025_q4_sec_edgar_3,jpm_2025_q4,JPM,JPMorgan Chase & Co.,2025,Q4,sec_edgar,sec-edgar://CIK_LOOKUP_REQUIRED/JPM/2025/Q4,sec-edgar,unknown,metadata_only,false,sec_metadata_only_no_raw_filing_body,Optional later SEC metadata fetch with descriptive User-Agent and <=10 rps rate limit.,rights_aware_metadata_discovery,2026-05-24T00:33:59+00:00,sha256:67ae88245078915b5b14de3a59f9dcbcdd74199638a851b735c9e02ce5147cb3,"SEC may identify event timing, 8-K references, releases, and exhibit metadata; transcripts are not guaranteed."
jpm_2025_q4_youtube_metadata_only_4,jpm_2025_q4,JPM,JPMorgan Chase & Co.,2025,Q4,youtube_metadata_only,https://www.youtube.com/results?search_query=JPM+JPMorgan+Chase+%26+Co.+earnings+call+2025+Q4,youtube.com,unknown,metadata_only,false,youtube_media_download_blocked_without_authorization,Use YouTube links as metadata references only unless explicit authorization exists.,rights_aware_metadata_discovery,2026-05-24T00:33:59+00:00,sha256:25d8571c618b2cc93b96e956c6fa49fc8987a0a0239113935189437f8be5d629,No YouTube audio or video acquisition is performed.
jpm_2025_q4_earnings_platform_5,jpm_2025_q4,JPM,JPMorgan Chase & Co.,2025,Q4,earnings_platform,licensed-vendor://blocked/JPM/2025/Q4,licensed-vendor,blocked,blocked,false,licensed_vendor_without_license_config,Register license configuration before any vendor raw content use.,rights_aware_metadata_discovery,2026-05-24T00:33:59+00:00,sha256:c167552b76d3a6c95e37a079f6ea5ee906f93825b0a8ca909613c361b8c7f4f5,Vendor raw transcript access is blocked by default.
wmt_2025_q4_company_ir_1,wmt_2025_q4,WMT,Walmart Inc.,2025,Q4,company_ir,https://stock.walmart.com/,stock.walmart.com,unknown,metadata_only,false,source_terms_and_robots_not_reviewed,Review official IR source terms and robots policy before any raw transcript use.,rights_aware_metadata_discovery,2026-05-24T00:33:59+00:00,sha256:87a6c78b275213dd29deac91cdb8974b38f65aa9a276d8bb5668df91be29fdfe,Preferred transcript source when terms allow; this row does not assert transcript availability.
wmt_2025_q4_webcast_provider_2,wmt_2025_q4,WMT,Walmart Inc.,2025,Q4,webcast_provider,https://stock.walmart.com/,stock.walmart.com,unknown,metadata_only,false,webcast_terms_not_reviewed,"Open from company IR, verify replay access and storage terms, and avoid session-restricted media.",rights_aware_metadata_discovery,2026-05-24T00:33:59+00:00,sha256:d28ea42712fe09844ab7d399a315de3d5ae5a57070e175949e94ffc0c2bc150b,"Audio/webcast replay candidate only; support layer, not canonical transcript."
wmt_2025_q4_sec_edgar_3,wmt_2025_q4,WMT,Walmart Inc.,2025,Q4,sec_edgar,sec-edgar://CIK_LOOKUP_REQUIRED/WMT/2025/Q4,sec-edgar,unknown,metadata_only,false,sec_metadata_only_no_raw_filing_body,Optional later SEC metadata fetch with descriptive User-Agent and <=10 rps rate limit.,rights_aware_metadata_discovery,2026-05-24T00:33:59+00:00,sha256:4f364b5f8ae0eec08bc9f596294b9553d1e124ea4527b5760781c8b031b8c1eb,"SEC may identify event timing, 8-K references, releases, and exhibit metadata; transcripts are not guaranteed."
wmt_2025_q4_youtube_metadata_only_4,wmt_2025_q4,WMT,Walmart Inc.,2025,Q4,youtube_metadata_only,https://www.youtube.com/results?search_query=WMT+Walmart+Inc.+earnings+call+2025+Q4,youtube.com,unknown,metadata_only,false,youtube_media_download_blocked_without_authorization,Use YouTube links as metadata references only unless explicit authorization exists.,rights_aware_metadata_discovery,2026-05-24T00:33:59+00:00,sha256:bb9e76c2f1c70e87b7d21d09a2a50256dc0cbbc0c6d92943c9cbd57d8f76dbd4,No YouTube audio or video acquisition is performed.
wmt_2025_q4_earnings_platform_5,wmt_2025_q4,WMT,Walmart Inc.,2025,Q4,earnings_platform,licensed-vendor://blocked/WMT/2025/Q4,licensed-vendor,blocked,blocked,false,licensed_vendor_without_license_config,Register license configuration before any vendor raw content use.,rights_aware_metadata_discovery,2026-05-24T00:33:59+00:00,sha256:761707c081207c37fe2655543f0ea5fe092495de93ad4f254aea70d6cb3ee024,Vendor raw transcript access is blocked by default.
hd_2025_q4_company_ir_1,hd_2025_q4,HD,"The Home Depot, Inc.",2025,Q4,company_ir,https://ir.homedepot.com/,ir.homedepot.com,unknown,metadata_only,false,source_terms_and_robots_not_reviewed,Review official IR source terms and robots policy before any raw transcript use.,rights_aware_metadata_discovery,2026-05-24T00:33:59+00:00,sha256:1f21f52b9d1711f01a1a572ebbd12a044193a1b9c4ac3047db5720fb0439b04c,Preferred transcript source when terms allow; this row does not assert transcript availability.
hd_2025_q4_webcast_provider_2,hd_2025_q4,HD,"The Home Depot, Inc.",2025,Q4,webcast_provider,https://ir.homedepot.com/,ir.homedepot.com,unknown,metadata_only,false,webcast_terms_not_reviewed,"Open from company IR, verify replay access and storage terms, and avoid session-restricted media.",rights_aware_metadata_discovery,2026-05-24T00:33:59+00:00,sha256:b00a707d96ec8e7b78440349e21b7e88102c1174248846c87947ea8b828bac8d,"Audio/webcast replay candidate only; support layer, not canonical transcript."
hd_2025_q4_sec_edgar_3,hd_2025_q4,HD,"The Home Depot, Inc.",2025,Q4,sec_edgar,sec-edgar://CIK_LOOKUP_REQUIRED/HD/2025/Q4,sec-edgar,unknown,metadata_only,false,sec_metadata_only_no_raw_filing_body,Optional later SEC metadata fetch with descriptive User-Agent and <=10 rps rate limit.,rights_aware_metadata_discovery,2026-05-24T00:33:59+00:00,sha256:5be2e63e578c7afc1d84c6171f1f12698b9a838d0308ceeb42523f354c15dc3f,"SEC may identify event timing, 8-K references, releases, and exhibit metadata; transcripts are not guaranteed."
hd_2025_q4_youtube_metadata_only_4,hd_2025_q4,HD,"The Home Depot, Inc.",2025,Q4,youtube_metadata_only,https://www.youtube.com/results?search_query=HD+The+Home+Depot%2C+Inc.+earnings+call+2025+Q4,youtube.com,unknown,metadata_only,false,youtube_media_download_blocked_without_authorization,Use YouTube links as metadata references only unless explicit authorization exists.,rights_aware_metadata_discovery,2026-05-24T00:33:59+00:00,sha256:9493e9996b4c6a877261f5a08d72dfd12cb000c6d73f265a29712781cce71492,No YouTube audio or video acquisition is performed.
hd_2025_q4_earnings_platform_5,hd_2025_q4,HD,"The Home Depot, Inc.",2025,Q4,earnings_platform,licensed-vendor://blocked/HD/2025/Q4,licensed-vendor,blocked,blocked,false,licensed_vendor_without_license_config,Register license configuration before any vendor raw content use.,rights_aware_metadata_discovery,2026-05-24T00:33:59+00:00,sha256:ee68b88b74fcc06284b5b9d0ef5666d2e05649652da9fbebf0f21d05daf6f50e,Vendor raw transcript access is blocked by default.
jnj_2025_q4_company_ir_1,jnj_2025_q4,JNJ,Johnson & Johnson,2025,Q4,company_ir,https://www.investor.jnj.com/,investor.jnj.com,unknown,metadata_only,false,source_terms_and_robots_not_reviewed,Review official IR source terms and robots policy before any raw transcript use.,rights_aware_metadata_discovery,2026-05-24T00:33:59+00:00,sha256:30c2762f906b591b7f5dc4918f363947ae36e5d8dfb23de08253a68ade9053be,Preferred transcript source when terms allow; this row does not assert transcript availability.
jnj_2025_q4_webcast_provider_2,jnj_2025_q4,JNJ,Johnson & Johnson,2025,Q4,webcast_provider,https://www.investor.jnj.com/,investor.jnj.com,unknown,metadata_only,false,webcast_terms_not_reviewed,"Open from company IR, verify replay access and storage terms, and avoid session-restricted media.",rights_aware_metadata_discovery,2026-05-24T00:33:59+00:00,sha256:2bd4882ff4785a5a8495b5bf52f054296344ba50610a9a565dbc4dff9c803688,"Audio/webcast replay candidate only; support layer, not canonical transcript."
jnj_2025_q4_sec_edgar_3,jnj_2025_q4,JNJ,Johnson & Johnson,2025,Q4,sec_edgar,sec-edgar://CIK_LOOKUP_REQUIRED/JNJ/2025/Q4,sec-edgar,unknown,metadata_only,false,sec_metadata_only_no_raw_filing_body,Optional later SEC metadata fetch with descriptive User-Agent and <=10 rps rate limit.,rights_aware_metadata_discovery,2026-05-24T00:33:59+00:00,sha256:4d7067a86c10ff063deac6f5302c2c4e9b5a8526fd909d4019de899265039c4e,"SEC may identify event timing, 8-K references, releases, and exhibit metadata; transcripts are not guaranteed."
jnj_2025_q4_youtube_metadata_only_4,jnj_2025_q4,JNJ,Johnson & Johnson,2025,Q4,youtube_metadata_only,https://www.youtube.com/results?search_query=JNJ+Johnson+%26+Johnson+earnings+call+2025+Q4,youtube.com,unknown,metadata_only,false,youtube_media_download_blocked_without_authorization,Use YouTube links as metadata references only unless explicit authorization exists.,rights_aware_metadata_discovery,2026-05-24T00:33:59+00:00,sha256:d249184fd3cf4ab07be1bb41ae0be6f28053fa76ad30b2a52c41456bb340362b,No YouTube audio or video acquisition is performed.
jnj_2025_q4_earnings_platform_5,jnj_2025_q4,JNJ,Johnson & Johnson,2025,Q4,earnings_platform,licensed-vendor://blocked/JNJ/2025/Q4,licensed-vendor,blocked,blocked,false,licensed_vendor_without_license_config,Register license configuration before any vendor raw content use.,rights_aware_metadata_discovery,2026-05-24T00:33:59+00:00,sha256:409dd9081cbabbd8e54184993c431d08b472371855d1c7c1f9db00e2fec4fc3e,Vendor raw transcript access is blocked by default.
xom_2025_q4_company_ir_1,xom_2025_q4,XOM,Exxon Mobil Corporation,2025,Q4,company_ir,https://corporate.exxonmobil.com/investors,corporate.exxonmobil.com,unknown,metadata_only,false,source_terms_and_robots_not_reviewed,Review official IR source terms and robots policy before any raw transcript use.,rights_aware_metadata_discovery,2026-05-24T00:33:59+00:00,sha256:363c5bfbc6cbad356dce232d189f1d7f2a473e9cec1e378d47bc87b9814e48cb,Preferred transcript source when terms allow; this row does not assert transcript availability.
xom_2025_q4_webcast_provider_2,xom_2025_q4,XOM,Exxon Mobil Corporation,2025,Q4,webcast_provider,https://corporate.exxonmobil.com/investors,corporate.exxonmobil.com,unknown,metadata_only,false,webcast_terms_not_reviewed,"Open from company IR, verify replay access and storage terms, and avoid session-restricted media.",rights_aware_metadata_discovery,2026-05-24T00:33:59+00:00,sha256:f25a38df928c6f4cd21fa8ecb0adf81ae2841438db5b405af874cf5f6519dc1c,"Audio/webcast replay candidate only; support layer, not canonical transcript."
xom_2025_q4_sec_edgar_3,xom_2025_q4,XOM,Exxon Mobil Corporation,2025,Q4,sec_edgar,sec-edgar://CIK_LOOKUP_REQUIRED/XOM/2025/Q4,sec-edgar,unknown,metadata_only,false,sec_metadata_only_no_raw_filing_body,Optional later SEC metadata fetch with descriptive User-Agent and <=10 rps rate limit.,rights_aware_metadata_discovery,2026-05-24T00:33:59+00:00,sha256:42cd208ed5191364d98968387f7b661e141f9a23f03ee0b160a3491db290049b,"SEC may identify event timing, 8-K references, releases, and exhibit metadata; transcripts are not guaranteed."
xom_2025_q4_youtube_metadata_only_4,xom_2025_q4,XOM,Exxon Mobil Corporation,2025,Q4,youtube_metadata_only,https://www.youtube.com/results?search_query=XOM+Exxon+Mobil+Corporation+earnings+call+2025+Q4,youtube.com,unknown,metadata_only,false,youtube_media_download_blocked_without_authorization,Use YouTube links as metadata references only unless explicit authorization exists.,rights_aware_metadata_discovery,2026-05-24T00:33:59+00:00,sha256:6703d70b96e7101ec852e54ecdb3b51eb3648a9d5211d469335a588b7753adfe,No YouTube audio or video acquisition is performed.
xom_2025_q4_earnings_platform_5,xom_2025_q4,XOM,Exxon Mobil Corporation,2025,Q4,earnings_platform,licensed-vendor://blocked/XOM/2025/Q4,licensed-vendor,blocked,blocked,false,licensed_vendor_without_license_config,Register license configuration before any vendor raw content use.,rights_aware_metadata_discovery,2026-05-24T00:33:59+00:00,sha256:22a209ad0b4bfe599f870c1a54ca2d07523bbcef44f117835c1879e874c664c8,Vendor raw transcript access is blocked by default.
bac_2025_q4_company_ir_1,bac_2025_q4,BAC,Bank of America Corporation,2025,Q4,company_ir,https://investor.bankofamerica.com/,investor.bankofamerica.com,unknown,metadata_only,false,source_terms_and_robots_not_reviewed,Review official IR source terms and robots policy before any raw transcript use.,rights_aware_metadata_discovery,2026-05-24T00:33:59+00:00,sha256:2517ebe1b5f69c0650df13f574e670a014fb59402c37c1f92392208190466fc4,Preferred transcript source when terms allow; this row does not assert transcript availability.
bac_2025_q4_webcast_provider_2,bac_2025_q4,BAC,Bank of America Corporation,2025,Q4,webcast_provider,https://investor.bankofamerica.com/,investor.bankofamerica.com,unknown,metadata_only,false,webcast_terms_not_reviewed,"Open from company IR, verify replay access and storage terms, and avoid session-restricted media.",rights_aware_metadata_discovery,2026-05-24T00:33:59+00:00,sha256:d213b6f14d2d38a72d609be9e01a63facbefb2e55fd129bf9d47c3e35435ec1c,"Audio/webcast replay candidate only; support layer, not canonical transcript."
bac_2025_q4_sec_edgar_3,bac_2025_q4,BAC,Bank of America Corporation,2025,Q4,sec_edgar,sec-edgar://CIK_LOOKUP_REQUIRED/BAC/2025/Q4,sec-edgar,unknown,metadata_only,false,sec_metadata_only_no_raw_filing_body,Optional later SEC metadata fetch with descriptive User-Agent and <=10 rps rate limit.,rights_aware_metadata_discovery,2026-05-24T00:33:59+00:00,sha256:3b5bbf7e8bf2e278623a2595b339717d768aecf518360c58c5169f42526af232,"SEC may identify event timing, 8-K references, releases, and exhibit metadata; transcripts are not guaranteed."
bac_2025_q4_youtube_metadata_only_4,bac_2025_q4,BAC,Bank of America Corporation,2025,Q4,youtube_metadata_only,https://www.youtube.com/results?search_query=BAC+Bank+of+America+Corporation+earnings+call+2025+Q4,youtube.com,unknown,metadata_only,false,youtube_media_download_blocked_without_authorization,Use YouTube links as metadata references only unless explicit authorization exists.,rights_aware_metadata_discovery,2026-05-24T00:33:59+00:00,sha256:f0ec13d6bddaceff7f8c816397c6a533e6b9fdafb36d5db0b613a20a3f2f900d,No YouTube audio or video acquisition is performed.
bac_2025_q4_earnings_platform_5,bac_2025_q4,BAC,Bank of America Corporation,2025,Q4,earnings_platform,licensed-vendor://blocked/BAC/2025/Q4,licensed-vendor,blocked,blocked,false,licensed_vendor_without_license_config,Register license configuration before any vendor raw content use.,rights_aware_metadata_discovery,2026-05-24T00:33:59+00:00,sha256:089e2b84783f5515c7b434a57f0ff291d6cfe148b14494464b3d29ab74136da0,Vendor raw transcript access is blocked by default.
gs_2025_q4_company_ir_1,gs_2025_q4,GS,"The Goldman Sachs Group, Inc.",2025,Q4,company_ir,https://www.goldmansachs.com/investor-relations/,goldmansachs.com,unknown,metadata_only,false,source_terms_and_robots_not_reviewed,Review official IR source terms and robots policy before any raw transcript use.,rights_aware_metadata_discovery,2026-05-24T00:33:59+00:00,sha256:a8972e30783350e9250ab322d8580aa8f07d156a349dec86bba0ecf7b779ec3e,Preferred transcript source when terms allow; this row does not assert transcript availability.
gs_2025_q4_webcast_provider_2,gs_2025_q4,GS,"The Goldman Sachs Group, Inc.",2025,Q4,webcast_provider,https://www.goldmansachs.com/investor-relations/,goldmansachs.com,unknown,metadata_only,false,webcast_terms_not_reviewed,"Open from company IR, verify replay access and storage terms, and avoid session-restricted media.",rights_aware_metadata_discovery,2026-05-24T00:33:59+00:00,sha256:97eb9f9dc65d9469b69be53de07de205dad7e1f8cb301eee50009a2182616342,"Audio/webcast replay candidate only; support layer, not canonical transcript."
gs_2025_q4_sec_edgar_3,gs_2025_q4,GS,"The Goldman Sachs Group, Inc.",2025,Q4,sec_edgar,sec-edgar://CIK_LOOKUP_REQUIRED/GS/2025/Q4,sec-edgar,unknown,metadata_only,false,sec_metadata_only_no_raw_filing_body,Optional later SEC metadata fetch with descriptive User-Agent and <=10 rps rate limit.,rights_aware_metadata_discovery,2026-05-24T00:33:59+00:00,sha256:100da7e0fcb2baf83fe1a2b1bad4a9ce895eb8184978d111d251de43f1af933c,"SEC may identify event timing, 8-K references, releases, and exhibit metadata; transcripts are not guaranteed."
gs_2025_q4_youtube_metadata_only_4,gs_2025_q4,GS,"The Goldman Sachs Group, Inc.",2025,Q4,youtube_metadata_only,https://www.youtube.com/results?search_query=GS+The+Goldman+Sachs+Group%2C+Inc.+earnings+call+2025+Q4,youtube.com,unknown,metadata_only,false,youtube_media_download_blocked_without_authorization,Use YouTube links as metadata references only unless explicit authorization exists.,rights_aware_metadata_discovery,2026-05-24T00:33:59+00:00,sha256:6020cd9fead78ef56150f7938e594cb89fc86127e4b9052ab4881d01fd1f84c0,No YouTube audio or video acquisition is performed.
gs_2025_q4_earnings_platform_5,gs_2025_q4,GS,"The Goldman Sachs Group, Inc.",2025,Q4,earnings_platform,licensed-vendor://blocked/GS/2025/Q4,licensed-vendor,blocked,blocked,false,licensed_vendor_without_license_config,Register license configuration before any vendor raw content use.,rights_aware_metadata_discovery,2026-05-24T00:33:59+00:00,sha256:3dd246bae44315ac6a53fdb6831e75b517c82009aa7c6692b6243a6300d3f373,Vendor raw transcript access is blocked by default.
ms_2025_q4_company_ir_1,ms_2025_q4,MS,Morgan Stanley,2025,Q4,company_ir,https://www.morganstanley.com/about-us-ir,morganstanley.com,unknown,metadata_only,false,source_terms_and_robots_not_reviewed,Review official IR source terms and robots policy before any raw transcript use.,rights_aware_metadata_discovery,2026-05-24T00:33:59+00:00,sha256:f0b767000d703a9f840534bd3bfce2b0b907c1f18eb29b4d3baffc02b363e8f1,Preferred transcript source when terms allow; this row does not assert transcript availability.
ms_2025_q4_webcast_provider_2,ms_2025_q4,MS,Morgan Stanley,2025,Q4,webcast_provider,https://www.morganstanley.com/about-us-ir,morganstanley.com,unknown,metadata_only,false,webcast_terms_not_reviewed,"Open from company IR, verify replay access and storage terms, and avoid session-restricted media.",rights_aware_metadata_discovery,2026-05-24T00:33:59+00:00,sha256:ba6b5649b7446b5a22b465c451072710384666fd301a582dd8095e31376db835,"Audio/webcast replay candidate only; support layer, not canonical transcript."
ms_2025_q4_sec_edgar_3,ms_2025_q4,MS,Morgan Stanley,2025,Q4,sec_edgar,sec-edgar://CIK_LOOKUP_REQUIRED/MS/2025/Q4,sec-edgar,unknown,metadata_only,false,sec_metadata_only_no_raw_filing_body,Optional later SEC metadata fetch with descriptive User-Agent and <=10 rps rate limit.,rights_aware_metadata_discovery,2026-05-24T00:33:59+00:00,sha256:442c11b96dde321c2c5e340d8292644815513a4479cf1dbd3a2bf549ccb459f1,"SEC may identify event timing, 8-K references, releases, and exhibit metadata; transcripts are not guaranteed."
ms_2025_q4_youtube_metadata_only_4,ms_2025_q4,MS,Morgan Stanley,2025,Q4,youtube_metadata_only,https://www.youtube.com/results?search_query=MS+Morgan+Stanley+earnings+call+2025+Q4,youtube.com,unknown,metadata_only,false,youtube_media_download_blocked_without_authorization,Use YouTube links as metadata references only unless explicit authorization exists.,rights_aware_metadata_discovery,2026-05-24T00:33:59+00:00,sha256:7f8ac090d90fc5423a6f4086b12b4ae17d5b02d3ff08b097c66632e393865f78,No YouTube audio or video acquisition is performed.
ms_2025_q4_earnings_platform_5,ms_2025_q4,MS,Morgan Stanley,2025,Q4,earnings_platform,licensed-vendor://blocked/MS/2025/Q4,licensed-vendor,blocked,blocked,false,licensed_vendor_without_license_config,Register license configuration before any vendor raw content use.,rights_aware_metadata_discovery,2026-05-24T00:33:59+00:00,sha256:8550ae941cd62662486bcb79e0f7674386fcead7a54aa44c632613d5a4c25027,Vendor raw transcript access is blocked by default.
blk_2025_q4_company_ir_1,blk_2025_q4,BLK,"BlackRock, Inc.",2025,Q4,company_ir,https://ir.blackrock.com/,ir.blackrock.com,unknown,metadata_only,false,source_terms_and_robots_not_reviewed,Review official IR source terms and robots policy before any raw transcript use.,rights_aware_metadata_discovery,2026-05-24T00:33:59+00:00,sha256:2f614fe0a7feb9e236bd9522da06aac31943dfe3d12738eefd0ec09d5542e7dd,Preferred transcript source when terms allow; this row does not assert transcript availability.
blk_2025_q4_webcast_provider_2,blk_2025_q4,BLK,"BlackRock, Inc.",2025,Q4,webcast_provider,https://ir.blackrock.com/,ir.blackrock.com,unknown,metadata_only,false,webcast_terms_not_reviewed,"Open from company IR, verify replay access and storage terms, and avoid session-restricted media.",rights_aware_metadata_discovery,2026-05-24T00:33:59+00:00,sha256:369e95e8e2e6f3f46038891a2f764dac23516a719786b324465a31abbfb03203,"Audio/webcast replay candidate only; support layer, not canonical transcript."
blk_2025_q4_sec_edgar_3,blk_2025_q4,BLK,"BlackRock, Inc.",2025,Q4,sec_edgar,sec-edgar://CIK_LOOKUP_REQUIRED/BLK/2025/Q4,sec-edgar,unknown,metadata_only,false,sec_metadata_only_no_raw_filing_body,Optional later SEC metadata fetch with descriptive User-Agent and <=10 rps rate limit.,rights_aware_metadata_discovery,2026-05-24T00:33:59+00:00,sha256:f850ad8ad751edebb99c9b922f54ffd0080e00ee7644920262c81ffcea57c991,"SEC may identify event timing, 8-K references, releases, and exhibit metadata; transcripts are not guaranteed."
blk_2025_q4_youtube_metadata_only_4,blk_2025_q4,BLK,"BlackRock, Inc.",2025,Q4,youtube_metadata_only,https://www.youtube.com/results?search_query=BLK+BlackRock%2C+Inc.+earnings+call+2025+Q4,youtube.com,unknown,metadata_only,false,youtube_media_download_blocked_without_authorization,Use YouTube links as metadata references only unless explicit authorization exists.,rights_aware_metadata_discovery,2026-05-24T00:33:59+00:00,sha256:2baf67b34c453a092e8e065f8139feea998cc419c03332d46034188610cd452e,No YouTube audio or video acquisition is performed.
blk_2025_q4_earnings_platform_5,blk_2025_q4,BLK,"BlackRock, Inc.",2025,Q4,earnings_platform,licensed-vendor://blocked/BLK/2025/Q4,licensed-vendor,blocked,blocked,false,licensed_vendor_without_license_config,Register license configuration before any vendor raw content use.,rights_aware_metadata_discovery,2026-05-24T00:33:59+00:00,sha256:466b99a661ccd8752ba868de4bb944af1a2741331b24539ddfdd8bdff9f5409d,Vendor raw transcript access is blocked by default.
axp_2025_q4_company_ir_1,axp_2025_q4,AXP,American Express Company,2025,Q4,company_ir,https://ir.americanexpress.com/,ir.americanexpress.com,unknown,metadata_only,false,source_terms_and_robots_not_reviewed,Review official IR source terms and robots policy before any raw transcript use.,rights_aware_metadata_discovery,2026-05-24T00:33:59+00:00,sha256:aa1da89b49036922d603b8c99b1fbab489458b8903dce798cca71d48f514462a,Preferred transcript source when terms allow; this row does not assert transcript availability.
axp_2025_q4_webcast_provider_2,axp_2025_q4,AXP,American Express Company,2025,Q4,webcast_provider,https://ir.americanexpress.com/,ir.americanexpress.com,unknown,metadata_only,false,webcast_terms_not_reviewed,"Open from company IR, verify replay access and storage terms, and avoid session-restricted media.",rights_aware_metadata_discovery,2026-05-24T00:33:59+00:00,sha256:508633a74145dfe8996aa606df0c13582e2545da8e3ffd4d0009b3eee90cb432,"Audio/webcast replay candidate only; support layer, not canonical transcript."
axp_2025_q4_sec_edgar_3,axp_2025_q4,AXP,American Express Company,2025,Q4,sec_edgar,sec-edgar://CIK_LOOKUP_REQUIRED/AXP/2025/Q4,sec-edgar,unknown,metadata_only,false,sec_metadata_only_no_raw_filing_body,Optional later SEC metadata fetch with descriptive User-Agent and <=10 rps rate limit.,rights_aware_metadata_discovery,2026-05-24T00:33:59+00:00,sha256:1b86f8f491ff6ba285e258086a8929630b9cec76fb10015328531638b624ebc9,"SEC may identify event timing, 8-K references, releases, and exhibit metadata; transcripts are not guaranteed."
axp_2025_q4_youtube_metadata_only_4,axp_2025_q4,AXP,American Express Company,2025,Q4,youtube_metadata_only,https://www.youtube.com/results?search_query=AXP+American+Express+Company+earnings+call+2025+Q4,youtube.com,unknown,metadata_only,false,youtube_media_download_blocked_without_authorization,Use YouTube links as metadata references only unless explicit authorization exists.,rights_aware_metadata_discovery,2026-05-24T00:33:59+00:00,sha256:968d7046c9c0f650c8b0b037df545b1a8318cfbc2def3676ae5184d0726db0ee,No YouTube audio or video acquisition is performed.
axp_2025_q4_earnings_platform_5,axp_2025_q4,AXP,American Express Company,2025,Q4,earnings_platform,licensed-vendor://blocked/AXP/2025/Q4,licensed-vendor,blocked,blocked,false,licensed_vendor_without_license_config,Register license configuration before any vendor raw content use.,rights_aware_metadata_discovery,2026-05-24T00:33:59+00:00,sha256:47f267ec135e5fe8a948dbb35baf38c98354d8b6feb469746ecd9d2469eec953,Vendor raw transcript access is blocked by default.
ibm_2025_q4_company_ir_1,ibm_2025_q4,IBM,International Business Machines Corporation,2025,Q4,company_ir,https://www.ibm.com/investor,ibm.com,unknown,metadata_only,false,source_terms_and_robots_not_reviewed,Review official IR source terms and robots policy before any raw transcript use.,rights_aware_metadata_discovery,2026-05-24T00:33:59+00:00,sha256:75b52300a7422497346a926afa251e01e0258f8f95de0fe7b5a288efcd712c93,Preferred transcript source when terms allow; this row does not assert transcript availability.
ibm_2025_q4_webcast_provider_2,ibm_2025_q4,IBM,International Business Machines Corporation,2025,Q4,webcast_provider,https://www.ibm.com/investor,ibm.com,unknown,metadata_only,false,webcast_terms_not_reviewed,"Open from company IR, verify replay access and storage terms, and avoid session-restricted media.",rights_aware_metadata_discovery,2026-05-24T00:33:59+00:00,sha256:1cba5856e6a482796a6ef799737b7d58c7f0bedb5498b41f8ae5a92233451b40,"Audio/webcast replay candidate only; support layer, not canonical transcript."
ibm_2025_q4_sec_edgar_3,ibm_2025_q4,IBM,International Business Machines Corporation,2025,Q4,sec_edgar,sec-edgar://CIK_LOOKUP_REQUIRED/IBM/2025/Q4,sec-edgar,unknown,metadata_only,false,sec_metadata_only_no_raw_filing_body,Optional later SEC metadata fetch with descriptive User-Agent and <=10 rps rate limit.,rights_aware_metadata_discovery,2026-05-24T00:33:59+00:00,sha256:874bd51e5dc1bb9cd4b09e7e534a057a071750d7e90ba0ec157b12a505b81b85,"SEC may identify event timing, 8-K references, releases, and exhibit metadata; transcripts are not guaranteed."
ibm_2025_q4_youtube_metadata_only_4,ibm_2025_q4,IBM,International Business Machines Corporation,2025,Q4,youtube_metadata_only,https://www.youtube.com/results?search_query=IBM+International+Business+Machines+Corporation+earnings+call+2025+Q4,youtube.com,unknown,metadata_only,false,youtube_media_download_blocked_without_authorization,Use YouTube links as metadata references only unless explicit authorization exists.,rights_aware_metadata_discovery,2026-05-24T00:33:59+00:00,sha256:0234d169432aa52358f766fa725160ef049ea8ea6f3be9b286aa89c266c8ad7f,No YouTube audio or video acquisition is performed.
ibm_2025_q4_earnings_platform_5,ibm_2025_q4,IBM,International Business Machines Corporation,2025,Q4,earnings_platform,licensed-vendor://blocked/IBM/2025/Q4,licensed-vendor,blocked,blocked,false,licensed_vendor_without_license_config,Register license configuration before any vendor raw content use.,rights_aware_metadata_discovery,2026-05-24T00:33:59+00:00,sha256:54ee6f39a13b94ed1ef3337cbfc0aaea426de9a885b1d2df6639cf554ea08fd9,Vendor raw transcript access is blocked by default.
lly_2025_q4_company_ir_1,lly_2025_q4,LLY,Eli Lilly and Company,2025,Q4,company_ir,https://investor.lilly.com/,investor.lilly.com,unknown,metadata_only,false,source_terms_and_robots_not_reviewed,Review official IR source terms and robots policy before any raw transcript use.,rights_aware_metadata_discovery,2026-05-24T00:33:59+00:00,sha256:e6c839850a3723302b0f0d5e7c7a76d64f06aabba2404fb39334fb49723b6e4c,Preferred transcript source when terms allow; this row does not assert transcript availability.
lly_2025_q4_webcast_provider_2,lly_2025_q4,LLY,Eli Lilly and Company,2025,Q4,webcast_provider,https://investor.lilly.com/,investor.lilly.com,unknown,metadata_only,false,webcast_terms_not_reviewed,"Open from company IR, verify replay access and storage terms, and avoid session-restricted media.",rights_aware_metadata_discovery,2026-05-24T00:33:59+00:00,sha256:e6ac2ce4e8ebfe944405276f5e2c010368c6466d8e3d00f1e3f05b353301d930,"Audio/webcast replay candidate only; support layer, not canonical transcript."
lly_2025_q4_sec_edgar_3,lly_2025_q4,LLY,Eli Lilly and Company,2025,Q4,sec_edgar,sec-edgar://CIK_LOOKUP_REQUIRED/LLY/2025/Q4,sec-edgar,unknown,metadata_only,false,sec_metadata_only_no_raw_filing_body,Optional later SEC metadata fetch with descriptive User-Agent and <=10 rps rate limit.,rights_aware_metadata_discovery,2026-05-24T00:33:59+00:00,sha256:ffa3c4c50e0ff9cb45209512f716de2413e94668a493691eeb1d9ea7e86b26a0,"SEC may identify event timing, 8-K references, releases, and exhibit metadata; transcripts are not guaranteed."
lly_2025_q4_youtube_metadata_only_4,lly_2025_q4,LLY,Eli Lilly and Company,2025,Q4,youtube_metadata_only,https://www.youtube.com/results?search_query=LLY+Eli+Lilly+and+Company+earnings+call+2025+Q4,youtube.com,unknown,metadata_only,false,youtube_media_download_blocked_without_authorization,Use YouTube links as metadata references only unless explicit authorization exists.,rights_aware_metadata_discovery,2026-05-24T00:33:59+00:00,sha256:1a4ac2388a0fd37803f6319e5f4105007783a6b3f3725b4f4b5e0e77afb91649,No YouTube audio or video acquisition is performed.
lly_2025_q4_earnings_platform_5,lly_2025_q4,LLY,Eli Lilly and Company,2025,Q4,earnings_platform,licensed-vendor://blocked/LLY/2025/Q4,licensed-vendor,blocked,blocked,false,licensed_vendor_without_license_config,Register license configuration before any vendor raw content use.,rights_aware_metadata_discovery,2026-05-24T00:33:59+00:00,sha256:24cbaa0a2b45c7ad8fff57c29edc5f9e06237cea8ef375e369668674547bdb4b,Vendor raw transcript access is blocked by default.
mrk_2025_q4_company_ir_1,mrk_2025_q4,MRK,"Merck & Co., Inc.",2025,Q4,company_ir,https://www.merck.com/investor-relations/,merck.com,unknown,metadata_only,false,source_terms_and_robots_not_reviewed,Review official IR source terms and robots policy before any raw transcript use.,rights_aware_metadata_discovery,2026-05-24T00:33:59+00:00,sha256:4582286fd86c8e9b1fbe559d6de36092777f9ae1fcb2991bb44be8587f80ea3d,Preferred transcript source when terms allow; this row does not assert transcript availability.
mrk_2025_q4_webcast_provider_2,mrk_2025_q4,MRK,"Merck & Co., Inc.",2025,Q4,webcast_provider,https://www.merck.com/investor-relations/,merck.com,unknown,metadata_only,false,webcast_terms_not_reviewed,"Open from company IR, verify replay access and storage terms, and avoid session-restricted media.",rights_aware_metadata_discovery,2026-05-24T00:33:59+00:00,sha256:8ff28a278ee143461b7c796798ca3b1b380841821193947d67aae9bc50d6cc18,"Audio/webcast replay candidate only; support layer, not canonical transcript."
mrk_2025_q4_sec_edgar_3,mrk_2025_q4,MRK,"Merck & Co., Inc.",2025,Q4,sec_edgar,sec-edgar://CIK_LOOKUP_REQUIRED/MRK/2025/Q4,sec-edgar,unknown,metadata_only,false,sec_metadata_only_no_raw_filing_body,Optional later SEC metadata fetch with descriptive User-Agent and <=10 rps rate limit.,rights_aware_metadata_discovery,2026-05-24T00:33:59+00:00,sha256:1b758e3a5394afa63a7f3baaf03b582719e3c439c12bf8935eec6ed22403ea34,"SEC may identify event timing, 8-K references, releases, and exhibit metadata; transcripts are not guaranteed."
mrk_2025_q4_youtube_metadata_only_4,mrk_2025_q4,MRK,"Merck & Co., Inc.",2025,Q4,youtube_metadata_only,https://www.youtube.com/results?search_query=MRK+Merck+%26+Co.%2C+Inc.+earnings+call+2025+Q4,youtube.com,unknown,metadata_only,false,youtube_media_download_blocked_without_authorization,Use YouTube links as metadata references only unless explicit authorization exists.,rights_aware_metadata_discovery,2026-05-24T00:33:59+00:00,sha256:d5978456fc6ca478dc9d023fde4fa9bad9c1b1c730070dce2ebdaf2640d66a15,No YouTube audio or video acquisition is performed.
mrk_2025_q4_earnings_platform_5,mrk_2025_q4,MRK,"Merck & Co., Inc.",2025,Q4,earnings_platform,licensed-vendor://blocked/MRK/2025/Q4,licensed-vendor,blocked,blocked,false,licensed_vendor_without_license_config,Register license configuration before any vendor raw content use.,rights_aware_metadata_discovery,2026-05-24T00:33:59+00:00,sha256:94bbcae95928f0175a726afc1b7985ccf3b228d93433ac550f8a9c9d0408093d,Vendor raw transcript access is blocked by default.
pfe_2025_q4_company_ir_1,pfe_2025_q4,PFE,Pfizer Inc.,2025,Q4,company_ir,https://investors.pfizer.com/,investors.pfizer.com,unknown,metadata_only,false,source_terms_and_robots_not_reviewed,Review official IR source terms and robots policy before any raw transcript use.,rights_aware_metadata_discovery,2026-05-24T00:33:59+00:00,sha256:c2cf7c31c4138bec70d9b045882971e6d26b08ea5a17f01a2d5bbeac409392e8,Preferred transcript source when terms allow; this row does not assert transcript availability.
pfe_2025_q4_webcast_provider_2,pfe_2025_q4,PFE,Pfizer Inc.,2025,Q4,webcast_provider,https://investors.pfizer.com/,investors.pfizer.com,unknown,metadata_only,false,webcast_terms_not_reviewed,"Open from company IR, verify replay access and storage terms, and avoid session-restricted media.",rights_aware_metadata_discovery,2026-05-24T00:33:59+00:00,sha256:4cb906913baca723d85e9cb9cf51f7d0e59400e0d7fb80b7741c7df2c799a9d6,"Audio/webcast replay candidate only; support layer, not canonical transcript."
pfe_2025_q4_sec_edgar_3,pfe_2025_q4,PFE,Pfizer Inc.,2025,Q4,sec_edgar,sec-edgar://CIK_LOOKUP_REQUIRED/PFE/2025/Q4,sec-edgar,unknown,metadata_only,false,sec_metadata_only_no_raw_filing_body,Optional later SEC metadata fetch with descriptive User-Agent and <=10 rps rate limit.,rights_aware_metadata_discovery,2026-05-24T00:33:59+00:00,sha256:0376c78990edd56000e91238df69378ba6e42f47e744f597eed8af95b87e4fd6,"SEC may identify event timing, 8-K references, releases, and exhibit metadata; transcripts are not guaranteed."
pfe_2025_q4_youtube_metadata_only_4,pfe_2025_q4,PFE,Pfizer Inc.,2025,Q4,youtube_metadata_only,https://www.youtube.com/results?search_query=PFE+Pfizer+Inc.+earnings+call+2025+Q4,youtube.com,unknown,metadata_only,false,youtube_media_download_blocked_without_authorization,Use YouTube links as metadata references only unless explicit authorization exists.,rights_aware_metadata_discovery,2026-05-24T00:33:59+00:00,sha256:13be598bf1ac18cb70618dc4d462b9398743db64cce7c07cb26c34223fb1a7ea,No YouTube audio or video acquisition is performed.
pfe_2025_q4_earnings_platform_5,pfe_2025_q4,PFE,Pfizer Inc.,2025,Q4,earnings_platform,licensed-vendor://blocked/PFE/2025/Q4,licensed-vendor,blocked,blocked,false,licensed_vendor_without_license_config,Register license configuration before any vendor raw content use.,rights_aware_metadata_discovery,2026-05-24T00:33:59+00:00,sha256:6eec0b312e70b6a27b18523711a9bb18e11fdcaacb8ac068ac4cafebc98f646c,Vendor raw transcript access is blocked by default.
unh_2025_q4_company_ir_1,unh_2025_q4,UNH,UnitedHealth Group Incorporated,2025,Q4,company_ir,https://www.unitedhealthgroup.com/investors.html,unitedhealthgroup.com,unknown,metadata_only,false,source_terms_and_robots_not_reviewed,Review official IR source terms and robots policy before any raw transcript use.,rights_aware_metadata_discovery,2026-05-24T00:33:59+00:00,sha256:27f88e218f33259d789b259503b06137a0d984f11333f384e2c2db367478aad7,Preferred transcript source when terms allow; this row does not assert transcript availability.
unh_2025_q4_webcast_provider_2,unh_2025_q4,UNH,UnitedHealth Group Incorporated,2025,Q4,webcast_provider,https://www.unitedhealthgroup.com/investors.html,unitedhealthgroup.com,unknown,metadata_only,false,webcast_terms_not_reviewed,"Open from company IR, verify replay access and storage terms, and avoid session-restricted media.",rights_aware_metadata_discovery,2026-05-24T00:33:59+00:00,sha256:81e64b92a99c1e7a0e12480157cf3f88371c760203abccb8161fcdc7ff5581a9,"Audio/webcast replay candidate only; support layer, not canonical transcript."
unh_2025_q4_sec_edgar_3,unh_2025_q4,UNH,UnitedHealth Group Incorporated,2025,Q4,sec_edgar,sec-edgar://CIK_LOOKUP_REQUIRED/UNH/2025/Q4,sec-edgar,unknown,metadata_only,false,sec_metadata_only_no_raw_filing_body,Optional later SEC metadata fetch with descriptive User-Agent and <=10 rps rate limit.,rights_aware_metadata_discovery,2026-05-24T00:33:59+00:00,sha256:5452ac071456961e1f402d3535f800fc9e1892ceb591240bd594913c729ffe94,"SEC may identify event timing, 8-K references, releases, and exhibit metadata; transcripts are not guaranteed."
unh_2025_q4_youtube_metadata_only_4,unh_2025_q4,UNH,UnitedHealth Group Incorporated,2025,Q4,youtube_metadata_only,https://www.youtube.com/results?search_query=UNH+UnitedHealth+Group+Incorporated+earnings+call+2025+Q4,youtube.com,unknown,metadata_only,false,youtube_media_download_blocked_without_authorization,Use YouTube links as metadata references only unless explicit authorization exists.,rights_aware_metadata_discovery,2026-05-24T00:33:59+00:00,sha256:a005cc393b2af4b69a5b73d3e907b21f77c0033ca4e09f4ac3d6e1c41c309aea,No YouTube audio or video acquisition is performed.
unh_2025_q4_earnings_platform_5,unh_2025_q4,UNH,UnitedHealth Group Incorporated,2025,Q4,earnings_platform,licensed-vendor://blocked/UNH/2025/Q4,licensed-vendor,blocked,blocked,false,licensed_vendor_without_license_config,Register license configuration before any vendor raw content use.,rights_aware_metadata_discovery,2026-05-24T00:33:59+00:00,sha256:4ff9618769466507877c27936459565b05c96f4f78d7249800c0872c4c3f2a4b,Vendor raw transcript access is blocked by default.
cvs_2025_q4_company_ir_1,cvs_2025_q4,CVS,CVS Health Corporation,2025,Q4,company_ir,https://investors.cvshealth.com/,investors.cvshealth.com,unknown,metadata_only,false,source_terms_and_robots_not_reviewed,Review official IR source terms and robots policy before any raw transcript use.,rights_aware_metadata_discovery,2026-05-24T00:33:59+00:00,sha256:7377e0fbb69ec6609da5f344bd1a0e6e95852265bc0b23ef11ae73442a438a9d,Preferred transcript source when terms allow; this row does not assert transcript availability.
cvs_2025_q4_webcast_provider_2,cvs_2025_q4,CVS,CVS Health Corporation,2025,Q4,webcast_provider,https://investors.cvshealth.com/,investors.cvshealth.com,unknown,metadata_only,false,webcast_terms_not_reviewed,"Open from company IR, verify replay access and storage terms, and avoid session-restricted media.",rights_aware_metadata_discovery,2026-05-24T00:33:59+00:00,sha256:706c491db0c8a2f3c0047c5f41cf1ea19c277ad24eec8060a5a331be53baf309,"Audio/webcast replay candidate only; support layer, not canonical transcript."
cvs_2025_q4_sec_edgar_3,cvs_2025_q4,CVS,CVS Health Corporation,2025,Q4,sec_edgar,sec-edgar://CIK_LOOKUP_REQUIRED/CVS/2025/Q4,sec-edgar,unknown,metadata_only,false,sec_metadata_only_no_raw_filing_body,Optional later SEC metadata fetch with descriptive User-Agent and <=10 rps rate limit.,rights_aware_metadata_discovery,2026-05-24T00:33:59+00:00,sha256:92d261e603f8070458a32e780cb633b1eb44d1e5fb131e1e34c622b9a9bb4955,"SEC may identify event timing, 8-K references, releases, and exhibit metadata; transcripts are not guaranteed."
cvs_2025_q4_youtube_metadata_only_4,cvs_2025_q4,CVS,CVS Health Corporation,2025,Q4,youtube_metadata_only,https://www.youtube.com/results?search_query=CVS+CVS+Health+Corporation+earnings+call+2025+Q4,youtube.com,unknown,metadata_only,false,youtube_media_download_blocked_without_authorization,Use YouTube links as metadata references only unless explicit authorization exists.,rights_aware_metadata_discovery,2026-05-24T00:33:59+00:00,sha256:a365b333438ba73c5a099216da91f427c9545a00d120a83fdb24d5047aa67c48,No YouTube audio or video acquisition is performed.
cvs_2025_q4_earnings_platform_5,cvs_2025_q4,CVS,CVS Health Corporation,2025,Q4,earnings_platform,licensed-vendor://blocked/CVS/2025/Q4,licensed-vendor,blocked,blocked,false,licensed_vendor_without_license_config,Register license configuration before any vendor raw content use.,rights_aware_metadata_discovery,2026-05-24T00:33:59+00:00,sha256:e9cdc722eb18730335060219ad62631f56a0b96ac6ba6658c02527379e2ce184,Vendor raw transcript access is blocked by default.
ba_2025_q4_company_ir_1,ba_2025_q4,BA,The Boeing Company,2025,Q4,company_ir,https://investors.boeing.com/,investors.boeing.com,unknown,metadata_only,false,source_terms_and_robots_not_reviewed,Review official IR source terms and robots policy before any raw transcript use.,rights_aware_metadata_discovery,2026-05-24T00:33:59+00:00,sha256:272fe694a6a14a74696f044aef7eb1127f4d90cf76a8fa6eff4281fa37371829,Preferred transcript source when terms allow; this row does not assert transcript availability.
ba_2025_q4_webcast_provider_2,ba_2025_q4,BA,The Boeing Company,2025,Q4,webcast_provider,https://investors.boeing.com/,investors.boeing.com,unknown,metadata_only,false,webcast_terms_not_reviewed,"Open from company IR, verify replay access and storage terms, and avoid session-restricted media.",rights_aware_metadata_discovery,2026-05-24T00:33:59+00:00,sha256:b48f8f7d0a5bac74f51753f21c1629f8bba4ecf37f721a3227c40edc153bb5a3,"Audio/webcast replay candidate only; support layer, not canonical transcript."
ba_2025_q4_sec_edgar_3,ba_2025_q4,BA,The Boeing Company,2025,Q4,sec_edgar,sec-edgar://CIK_LOOKUP_REQUIRED/BA/2025/Q4,sec-edgar,unknown,metadata_only,false,sec_metadata_only_no_raw_filing_body,Optional later SEC metadata fetch with descriptive User-Agent and <=10 rps rate limit.,rights_aware_metadata_discovery,2026-05-24T00:33:59+00:00,sha256:d6477f178b796761e9a871837b4de310dcd68d35ac5ab760fce6adfc66d601ed,"SEC may identify event timing, 8-K references, releases, and exhibit metadata; transcripts are not guaranteed."
ba_2025_q4_youtube_metadata_only_4,ba_2025_q4,BA,The Boeing Company,2025,Q4,youtube_metadata_only,https://www.youtube.com/results?search_query=BA+The+Boeing+Company+earnings+call+2025+Q4,youtube.com,unknown,metadata_only,false,youtube_media_download_blocked_without_authorization,Use YouTube links as metadata references only unless explicit authorization exists.,rights_aware_metadata_discovery,2026-05-24T00:33:59+00:00,sha256:f1eddd1c5fce14df3faaeab3df40a469a51465cc1de26cce6c179dfe2b13c6f9,No YouTube audio or video acquisition is performed.
ba_2025_q4_earnings_platform_5,ba_2025_q4,BA,The Boeing Company,2025,Q4,earnings_platform,licensed-vendor://blocked/BA/2025/Q4,licensed-vendor,blocked,blocked,false,licensed_vendor_without_license_config,Register license configuration before any vendor raw content use.,rights_aware_metadata_discovery,2026-05-24T00:33:59+00:00,sha256:8a9ba2397e55e3bbac0c0d6914fb19865b13c7ffc4919199cec700b0a72c1c3e,Vendor raw transcript access is blocked by default.
cat_2025_q4_company_ir_1,cat_2025_q4,CAT,Caterpillar Inc.,2025,Q4,company_ir,https://investors.caterpillar.com/,investors.caterpillar.com,unknown,metadata_only,false,source_terms_and_robots_not_reviewed,Review official IR source terms and robots policy before any raw transcript use.,rights_aware_metadata_discovery,2026-05-24T00:33:59+00:00,sha256:52fc19a0622dc201596e749197f9b91434dac0707ad01be0f717e113cd61e63f,Preferred transcript source when terms allow; this row does not assert transcript availability.
cat_2025_q4_webcast_provider_2,cat_2025_q4,CAT,Caterpillar Inc.,2025,Q4,webcast_provider,https://investors.caterpillar.com/,investors.caterpillar.com,unknown,metadata_only,false,webcast_terms_not_reviewed,"Open from company IR, verify replay access and storage terms, and avoid session-restricted media.",rights_aware_metadata_discovery,2026-05-24T00:33:59+00:00,sha256:329df5eeef135aeadc7a9f97ec347ecd18ea7e656268e83b10968ed0cab3e795,"Audio/webcast replay candidate only; support layer, not canonical transcript."
cat_2025_q4_sec_edgar_3,cat_2025_q4,CAT,Caterpillar Inc.,2025,Q4,sec_edgar,sec-edgar://CIK_LOOKUP_REQUIRED/CAT/2025/Q4,sec-edgar,unknown,metadata_only,false,sec_metadata_only_no_raw_filing_body,Optional later SEC metadata fetch with descriptive User-Agent and <=10 rps rate limit.,rights_aware_metadata_discovery,2026-05-24T00:33:59+00:00,sha256:2edcfd77d32e2c41ba00a1e933f5018d0471fdeb140f61b256b0b7340cf22111,"SEC may identify event timing, 8-K references, releases, and exhibit metadata; transcripts are not guaranteed."
cat_2025_q4_youtube_metadata_only_4,cat_2025_q4,CAT,Caterpillar Inc.,2025,Q4,youtube_metadata_only,https://www.youtube.com/results?search_query=CAT+Caterpillar+Inc.+earnings+call+2025+Q4,youtube.com,unknown,metadata_only,false,youtube_media_download_blocked_without_authorization,Use YouTube links as metadata references only unless explicit authorization exists.,rights_aware_metadata_discovery,2026-05-24T00:33:59+00:00,sha256:c826e6ff5dd6c74223e3bece65127ec1534b6d8b067bb9a4650586c8656d65d9,No YouTube audio or video acquisition is performed.
cat_2025_q4_earnings_platform_5,cat_2025_q4,CAT,Caterpillar Inc.,2025,Q4,earnings_platform,licensed-vendor://blocked/CAT/2025/Q4,licensed-vendor,blocked,blocked,false,licensed_vendor_without_license_config,Register license configuration before any vendor raw content use.,rights_aware_metadata_discovery,2026-05-24T00:33:59+00:00,sha256:04bcaaf8a78ade167353b3518335d53958b5ffd01c5a80bdef2e4b35076faeaa,Vendor raw transcript access is blocked by default.
de_2025_q4_company_ir_1,de_2025_q4,DE,Deere & Company,2025,Q4,company_ir,https://investor.deere.com/,investor.deere.com,unknown,metadata_only,false,source_terms_and_robots_not_reviewed,Review official IR source terms and robots policy before any raw transcript use.,rights_aware_metadata_discovery,2026-05-24T00:33:59+00:00,sha256:396adaf386b4b53ec30cebbf36680b3b08d969d14f95e9e733c823278fa97bac,Preferred transcript source when terms allow; this row does not assert transcript availability.
de_2025_q4_webcast_provider_2,de_2025_q4,DE,Deere & Company,2025,Q4,webcast_provider,https://investor.deere.com/,investor.deere.com,unknown,metadata_only,false,webcast_terms_not_reviewed,"Open from company IR, verify replay access and storage terms, and avoid session-restricted media.",rights_aware_metadata_discovery,2026-05-24T00:33:59+00:00,sha256:74c677320f4819d21517a5ad5aae826312f55ded13449fda3515636a79ef2999,"Audio/webcast replay candidate only; support layer, not canonical transcript."
de_2025_q4_sec_edgar_3,de_2025_q4,DE,Deere & Company,2025,Q4,sec_edgar,sec-edgar://CIK_LOOKUP_REQUIRED/DE/2025/Q4,sec-edgar,unknown,metadata_only,false,sec_metadata_only_no_raw_filing_body,Optional later SEC metadata fetch with descriptive User-Agent and <=10 rps rate limit.,rights_aware_metadata_discovery,2026-05-24T00:33:59+00:00,sha256:5165ce01186040a27669a54b4e3f2db8a9f58f882d99757e73bc25f094971527,"SEC may identify event timing, 8-K references, releases, and exhibit metadata; transcripts are not guaranteed."
de_2025_q4_youtube_metadata_only_4,de_2025_q4,DE,Deere & Company,2025,Q4,youtube_metadata_only,https://www.youtube.com/results?search_query=DE+Deere+%26+Company+earnings+call+2025+Q4,youtube.com,unknown,metadata_only,false,youtube_media_download_blocked_without_authorization,Use YouTube links as metadata references only unless explicit authorization exists.,rights_aware_metadata_discovery,2026-05-24T00:33:59+00:00,sha256:73e715183860e00010996ea27ba6904075e5264a759ba169f9a9576ca5f22de5,No YouTube audio or video acquisition is performed.
de_2025_q4_earnings_platform_5,de_2025_q4,DE,Deere & Company,2025,Q4,earnings_platform,licensed-vendor://blocked/DE/2025/Q4,licensed-vendor,blocked,blocked,false,licensed_vendor_without_license_config,Register license configuration before any vendor raw content use.,rights_aware_metadata_discovery,2026-05-24T00:33:59+00:00,sha256:a337c34df66a032a009bd1d07b02c1c7c29f25295c2bc6101070df53840ebbaa,Vendor raw transcript access is blocked by default.
ge_2025_q4_company_ir_1,ge_2025_q4,GE,GE Aerospace,2025,Q4,company_ir,https://www.geaerospace.com/investors,geaerospace.com,unknown,metadata_only,false,source_terms_and_robots_not_reviewed,Review official IR source terms and robots policy before any raw transcript use.,rights_aware_metadata_discovery,2026-05-24T00:33:59+00:00,sha256:17ebac03ed523cf56091e1c3f63d6ce2c4192788bbc1c519c0c560f32faaf0c7,Preferred transcript source when terms allow; this row does not assert transcript availability.
ge_2025_q4_webcast_provider_2,ge_2025_q4,GE,GE Aerospace,2025,Q4,webcast_provider,https://www.geaerospace.com/investors,geaerospace.com,unknown,metadata_only,false,webcast_terms_not_reviewed,"Open from company IR, verify replay access and storage terms, and avoid session-restricted media.",rights_aware_metadata_discovery,2026-05-24T00:33:59+00:00,sha256:ddf0423547be5f133688513946295a3b3c1a870bad49bbb3cc5d29149329767a,"Audio/webcast replay candidate only; support layer, not canonical transcript."
ge_2025_q4_sec_edgar_3,ge_2025_q4,GE,GE Aerospace,2025,Q4,sec_edgar,sec-edgar://CIK_LOOKUP_REQUIRED/GE/2025/Q4,sec-edgar,unknown,metadata_only,false,sec_metadata_only_no_raw_filing_body,Optional later SEC metadata fetch with descriptive User-Agent and <=10 rps rate limit.,rights_aware_metadata_discovery,2026-05-24T00:33:59+00:00,sha256:651ef8c776b75d9e167ad4463bb4740496627db6319143d5551cd7f149cafa02,"SEC may identify event timing, 8-K references, releases, and exhibit metadata; transcripts are not guaranteed."
ge_2025_q4_youtube_metadata_only_4,ge_2025_q4,GE,GE Aerospace,2025,Q4,youtube_metadata_only,https://www.youtube.com/results?search_query=GE+GE+Aerospace+earnings+call+2025+Q4,youtube.com,unknown,metadata_only,false,youtube_media_download_blocked_without_authorization,Use YouTube links as metadata references only unless explicit authorization exists.,rights_aware_metadata_discovery,2026-05-24T00:33:59+00:00,sha256:0579413bc5895f11233b6e3238c4abb7479bd7e0c37552732a8866586e880c99,No YouTube audio or video acquisition is performed.
ge_2025_q4_earnings_platform_5,ge_2025_q4,GE,GE Aerospace,2025,Q4,earnings_platform,licensed-vendor://blocked/GE/2025/Q4,licensed-vendor,blocked,blocked,false,licensed_vendor_without_license_config,Register license configuration before any vendor raw content use.,rights_aware_metadata_discovery,2026-05-24T00:33:59+00:00,sha256:5f860cfae645dfac56f46908b9214d750c78d36acc80cb1ba8a294834f97a35e,Vendor raw transcript access is blocked by default.
ko_2025_q4_company_ir_1,ko_2025_q4,KO,The Coca-Cola Company,2025,Q4,company_ir,https://investors.coca-colacompany.com/,investors.coca-colacompany.com,unknown,metadata_only,false,source_terms_and_robots_not_reviewed,Review official IR source terms and robots policy before any raw transcript use.,rights_aware_metadata_discovery,2026-05-24T00:33:59+00:00,sha256:5fb007784fb7a33afa934c1700bb7cc02492878bef0306765fd50e467fa4d599,Preferred transcript source when terms allow; this row does not assert transcript availability.
ko_2025_q4_webcast_provider_2,ko_2025_q4,KO,The Coca-Cola Company,2025,Q4,webcast_provider,https://investors.coca-colacompany.com/,investors.coca-colacompany.com,unknown,metadata_only,false,webcast_terms_not_reviewed,"Open from company IR, verify replay access and storage terms, and avoid session-restricted media.",rights_aware_metadata_discovery,2026-05-24T00:33:59+00:00,sha256:be383bbcac4e2af32f08be5d8de5e3aa5c25e0444056a8b8e43c935c09441274,"Audio/webcast replay candidate only; support layer, not canonical transcript."
ko_2025_q4_sec_edgar_3,ko_2025_q4,KO,The Coca-Cola Company,2025,Q4,sec_edgar,sec-edgar://CIK_LOOKUP_REQUIRED/KO/2025/Q4,sec-edgar,unknown,metadata_only,false,sec_metadata_only_no_raw_filing_body,Optional later SEC metadata fetch with descriptive User-Agent and <=10 rps rate limit.,rights_aware_metadata_discovery,2026-05-24T00:33:59+00:00,sha256:e75259921b5a6630a8fbeb9b77fd54d46ff5577967c9a6e9b5c7f439c314071a,"SEC may identify event timing, 8-K references, releases, and exhibit metadata; transcripts are not guaranteed."
ko_2025_q4_youtube_metadata_only_4,ko_2025_q4,KO,The Coca-Cola Company,2025,Q4,youtube_metadata_only,https://www.youtube.com/results?search_query=KO+The+Coca-Cola+Company+earnings+call+2025+Q4,youtube.com,unknown,metadata_only,false,youtube_media_download_blocked_without_authorization,Use YouTube links as metadata references only unless explicit authorization exists.,rights_aware_metadata_discovery,2026-05-24T00:33:59+00:00,sha256:23c0aa70956db1681237b6e7cb3b8e92d25d95f9050d8bfef47a71b623fdef3e,No YouTube audio or video acquisition is performed.
ko_2025_q4_earnings_platform_5,ko_2025_q4,KO,The Coca-Cola Company,2025,Q4,earnings_platform,licensed-vendor://blocked/KO/2025/Q4,licensed-vendor,blocked,blocked,false,licensed_vendor_without_license_config,Register license configuration before any vendor raw content use.,rights_aware_metadata_discovery,2026-05-24T00:33:59+00:00,sha256:d2c82fb958733b6172b83b83dfd5516ec65a56d96dd2f17ce71f8ef1c3e6de54,Vendor raw transcript access is blocked by default.
mcd_2025_q4_company_ir_1,mcd_2025_q4,MCD,McDonald's Corporation,2025,Q4,company_ir,https://corporate.mcdonalds.com/corpmcd/investors.html,corporate.mcdonalds.com,unknown,metadata_only,false,source_terms_and_robots_not_reviewed,Review official IR source terms and robots policy before any raw transcript use.,rights_aware_metadata_discovery,2026-05-24T00:33:59+00:00,sha256:e31f21bf7c93f9c61ae4c358521b4fd7abebbcea368cda5ad5950353554a1a92,Preferred transcript source when terms allow; this row does not assert transcript availability.
mcd_2025_q4_webcast_provider_2,mcd_2025_q4,MCD,McDonald's Corporation,2025,Q4,webcast_provider,https://corporate.mcdonalds.com/corpmcd/investors.html,corporate.mcdonalds.com,unknown,metadata_only,false,webcast_terms_not_reviewed,"Open from company IR, verify replay access and storage terms, and avoid session-restricted media.",rights_aware_metadata_discovery,2026-05-24T00:33:59+00:00,sha256:24e6534e9bf9f9851fafefe83aa0a50178b9065d296974e9b9fbb1e937a4baa3,"Audio/webcast replay candidate only; support layer, not canonical transcript."
mcd_2025_q4_sec_edgar_3,mcd_2025_q4,MCD,McDonald's Corporation,2025,Q4,sec_edgar,sec-edgar://CIK_LOOKUP_REQUIRED/MCD/2025/Q4,sec-edgar,unknown,metadata_only,false,sec_metadata_only_no_raw_filing_body,Optional later SEC metadata fetch with descriptive User-Agent and <=10 rps rate limit.,rights_aware_metadata_discovery,2026-05-24T00:33:59+00:00,sha256:ca8ae6bf20bb5aa11ce54648a38a86cf9c424b19bf8c7ca0f39592664f4c8b03,"SEC may identify event timing, 8-K references, releases, and exhibit metadata; transcripts are not guaranteed."
mcd_2025_q4_youtube_metadata_only_4,mcd_2025_q4,MCD,McDonald's Corporation,2025,Q4,youtube_metadata_only,https://www.youtube.com/results?search_query=MCD+McDonald%27s+Corporation+earnings+call+2025+Q4,youtube.com,unknown,metadata_only,false,youtube_media_download_blocked_without_authorization,Use YouTube links as metadata references only unless explicit authorization exists.,rights_aware_metadata_discovery,2026-05-24T00:33:59+00:00,sha256:74a3de4eae8763933e999a8c12e44c0fcd4de2bc7bae43b1b307eb1421cbb31b,No YouTube audio or video acquisition is performed.
mcd_2025_q4_earnings_platform_5,mcd_2025_q4,MCD,McDonald's Corporation,2025,Q4,earnings_platform,licensed-vendor://blocked/MCD/2025/Q4,licensed-vendor,blocked,blocked,false,licensed_vendor_without_license_config,Register license configuration before any vendor raw content use.,rights_aware_metadata_discovery,2026-05-24T00:33:59+00:00,sha256:1d60032e769d2b461ea859a996bd2364db54900d5eab8afb7ef2df57304eb3f4,Vendor raw transcript access is blocked by default.
nke_2025_q4_company_ir_1,nke_2025_q4,NKE,"NIKE, Inc.",2025,Q4,company_ir,https://investors.nike.com/,investors.nike.com,unknown,metadata_only,false,source_terms_and_robots_not_reviewed,Review official IR source terms and robots policy before any raw transcript use.,rights_aware_metadata_discovery,2026-05-24T00:33:59+00:00,sha256:433db506da78968adec06529048531e1c266985c17897653161fef3eeb181653,Preferred transcript source when terms allow; this row does not assert transcript availability.
nke_2025_q4_webcast_provider_2,nke_2025_q4,NKE,"NIKE, Inc.",2025,Q4,webcast_provider,https://investors.nike.com/,investors.nike.com,unknown,metadata_only,false,webcast_terms_not_reviewed,"Open from company IR, verify replay access and storage terms, and avoid session-restricted media.",rights_aware_metadata_discovery,2026-05-24T00:33:59+00:00,sha256:c418042bcf5acfaeb633fdf9545bd6a770c5cc1beceea52f068cfe3b9e30728b,"Audio/webcast replay candidate only; support layer, not canonical transcript."
nke_2025_q4_sec_edgar_3,nke_2025_q4,NKE,"NIKE, Inc.",2025,Q4,sec_edgar,sec-edgar://CIK_LOOKUP_REQUIRED/NKE/2025/Q4,sec-edgar,unknown,metadata_only,false,sec_metadata_only_no_raw_filing_body,Optional later SEC metadata fetch with descriptive User-Agent and <=10 rps rate limit.,rights_aware_metadata_discovery,2026-05-24T00:33:59+00:00,sha256:d87b2d7d378e5d51725ab173afde15e9acbba21084a1017fbabcdec11867fb66,"SEC may identify event timing, 8-K references, releases, and exhibit metadata; transcripts are not guaranteed."
nke_2025_q4_youtube_metadata_only_4,nke_2025_q4,NKE,"NIKE, Inc.",2025,Q4,youtube_metadata_only,https://www.youtube.com/results?search_query=NKE+NIKE%2C+Inc.+earnings+call+2025+Q4,youtube.com,unknown,metadata_only,false,youtube_media_download_blocked_without_authorization,Use YouTube links as metadata references only unless explicit authorization exists.,rights_aware_metadata_discovery,2026-05-24T00:33:59+00:00,sha256:6b0deecf13faefabf14c019c7f5125d13a3966ae11c1c160e0bdc3491013499e,No YouTube audio or video acquisition is performed.
nke_2025_q4_earnings_platform_5,nke_2025_q4,NKE,"NIKE, Inc.",2025,Q4,earnings_platform,licensed-vendor://blocked/NKE/2025/Q4,licensed-vendor,blocked,blocked,false,licensed_vendor_without_license_config,Register license configuration before any vendor raw content use.,rights_aware_metadata_discovery,2026-05-24T00:33:59+00:00,sha256:137764ecfc422d91e964782f02ef597d6ac135a3a08dab274612f44cd4d37e96,Vendor raw transcript access is blocked by default.
dis_2025_q4_company_ir_1,dis_2025_q4,DIS,The Walt Disney Company,2025,Q4,company_ir,https://thewaltdisneycompany.com/investor-relations/,thewaltdisneycompany.com,unknown,metadata_only,false,source_terms_and_robots_not_reviewed,Review official IR source terms and robots policy before any raw transcript use.,rights_aware_metadata_discovery,2026-05-24T00:33:59+00:00,sha256:0f34d409c377140f64fa1a880763d43ef4b6eecbb38a2aafbcd16057c501a517,Preferred transcript source when terms allow; this row does not assert transcript availability.
dis_2025_q4_webcast_provider_2,dis_2025_q4,DIS,The Walt Disney Company,2025,Q4,webcast_provider,https://thewaltdisneycompany.com/investor-relations/,thewaltdisneycompany.com,unknown,metadata_only,false,webcast_terms_not_reviewed,"Open from company IR, verify replay access and storage terms, and avoid session-restricted media.",rights_aware_metadata_discovery,2026-05-24T00:33:59+00:00,sha256:f0b2defac382287ff0a1a42b1543c512edd185a4da1d7ae25ff2312200c9a4c5,"Audio/webcast replay candidate only; support layer, not canonical transcript."
dis_2025_q4_sec_edgar_3,dis_2025_q4,DIS,The Walt Disney Company,2025,Q4,sec_edgar,sec-edgar://CIK_LOOKUP_REQUIRED/DIS/2025/Q4,sec-edgar,unknown,metadata_only,false,sec_metadata_only_no_raw_filing_body,Optional later SEC metadata fetch with descriptive User-Agent and <=10 rps rate limit.,rights_aware_metadata_discovery,2026-05-24T00:33:59+00:00,sha256:580782b6ce1c1c30b92f99022d3a25fefad02fe4d7124346fa64a6d351b89210,"SEC may identify event timing, 8-K references, releases, and exhibit metadata; transcripts are not guaranteed."
dis_2025_q4_youtube_metadata_only_4,dis_2025_q4,DIS,The Walt Disney Company,2025,Q4,youtube_metadata_only,https://www.youtube.com/results?search_query=DIS+The+Walt+Disney+Company+earnings+call+2025+Q4,youtube.com,unknown,metadata_only,false,youtube_media_download_blocked_without_authorization,Use YouTube links as metadata references only unless explicit authorization exists.,rights_aware_metadata_discovery,2026-05-24T00:33:59+00:00,sha256:48e11a1754978ef104b6e64ddb1c9ec79bb2721f59b5fc479555622a07c77385,No YouTube audio or video acquisition is performed.
dis_2025_q4_earnings_platform_5,dis_2025_q4,DIS,The Walt Disney Company,2025,Q4,earnings_platform,licensed-vendor://blocked/DIS/2025/Q4,licensed-vendor,blocked,blocked,false,licensed_vendor_without_license_config,Register license configuration before any vendor raw content use.,rights_aware_metadata_discovery,2026-05-24T00:33:59+00:00,sha256:af7ea5df3f30798220b8f6a945a864f925c840115702fad94aaa4cffb9ab7d04,Vendor raw transcript access is blocked by default.
t_2025_q4_company_ir_1,t_2025_q4,T,AT&T Inc.,2025,Q4,company_ir,https://investors.att.com/,investors.att.com,unknown,metadata_only,false,source_terms_and_robots_not_reviewed,Review official IR source terms and robots policy before any raw transcript use.,rights_aware_metadata_discovery,2026-05-24T00:33:59+00:00,sha256:b6e6e31f45fff3806d293699057f0c9eeb15c799266c9f9900a46f1a20e42d95,Preferred transcript source when terms allow; this row does not assert transcript availability.
t_2025_q4_webcast_provider_2,t_2025_q4,T,AT&T Inc.,2025,Q4,webcast_provider,https://investors.att.com/,investors.att.com,unknown,metadata_only,false,webcast_terms_not_reviewed,"Open from company IR, verify replay access and storage terms, and avoid session-restricted media.",rights_aware_metadata_discovery,2026-05-24T00:33:59+00:00,sha256:30eaf4560c1b1c0f880a9100bbfa2843ae22aec1cbc61498c64e25682d6e9ad7,"Audio/webcast replay candidate only; support layer, not canonical transcript."
t_2025_q4_sec_edgar_3,t_2025_q4,T,AT&T Inc.,2025,Q4,sec_edgar,sec-edgar://CIK_LOOKUP_REQUIRED/T/2025/Q4,sec-edgar,unknown,metadata_only,false,sec_metadata_only_no_raw_filing_body,Optional later SEC metadata fetch with descriptive User-Agent and <=10 rps rate limit.,rights_aware_metadata_discovery,2026-05-24T00:33:59+00:00,sha256:20d2aafd2c84680c96cf09daa2763f3561210efb5342bfa609821edd5dd444cf,"SEC may identify event timing, 8-K references, releases, and exhibit metadata; transcripts are not guaranteed."
t_2025_q4_youtube_metadata_only_4,t_2025_q4,T,AT&T Inc.,2025,Q4,youtube_metadata_only,https://www.youtube.com/results?search_query=T+AT%26T+Inc.+earnings+call+2025+Q4,youtube.com,unknown,metadata_only,false,youtube_media_download_blocked_without_authorization,Use YouTube links as metadata references only unless explicit authorization exists.,rights_aware_metadata_discovery,2026-05-24T00:33:59+00:00,sha256:cb990ea3bb1e35b5b697722afa21bd8cc64b315d31372742f352d5272789ccc8,No YouTube audio or video acquisition is performed.
t_2025_q4_earnings_platform_5,t_2025_q4,T,AT&T Inc.,2025,Q4,earnings_platform,licensed-vendor://blocked/T/2025/Q4,licensed-vendor,blocked,blocked,false,licensed_vendor_without_license_config,Register license configuration before any vendor raw content use.,rights_aware_metadata_discovery,2026-05-24T00:33:59+00:00,sha256:ba3012919e9c7040067521219a6c1814330a8925880ee2de4103e369c690308d,Vendor raw transcript access is blocked by default.
low_2025_q4_company_ir_1,low_2025_q4,LOW,"Lowe's Companies, Inc.",2025,Q4,company_ir,https://corporate.lowes.com/investors,corporate.lowes.com,unknown,metadata_only,false,source_terms_and_robots_not_reviewed,Review official IR source terms and robots policy before any raw transcript use.,rights_aware_metadata_discovery,2026-05-24T00:33:59+00:00,sha256:8899999ed59fd27040fff74b3223ed407069de0c44f481673316a9aaa8636af2,Preferred transcript source when terms allow; this row does not assert transcript availability.
low_2025_q4_webcast_provider_2,low_2025_q4,LOW,"Lowe's Companies, Inc.",2025,Q4,webcast_provider,https://corporate.lowes.com/investors,corporate.lowes.com,unknown,metadata_only,false,webcast_terms_not_reviewed,"Open from company IR, verify replay access and storage terms, and avoid session-restricted media.",rights_aware_metadata_discovery,2026-05-24T00:33:59+00:00,sha256:e1a11cc387e3551d709f8a336d60fbdfad73bff8040ad79036435ef181cfeba2,"Audio/webcast replay candidate only; support layer, not canonical transcript."
low_2025_q4_sec_edgar_3,low_2025_q4,LOW,"Lowe's Companies, Inc.",2025,Q4,sec_edgar,sec-edgar://CIK_LOOKUP_REQUIRED/LOW/2025/Q4,sec-edgar,unknown,metadata_only,false,sec_metadata_only_no_raw_filing_body,Optional later SEC metadata fetch with descriptive User-Agent and <=10 rps rate limit.,rights_aware_metadata_discovery,2026-05-24T00:33:59+00:00,sha256:77372428b5989dc590ce96c5fc5ca640c5b46f1a78b260aae37b995414be3cc2,"SEC may identify event timing, 8-K references, releases, and exhibit metadata; transcripts are not guaranteed."
low_2025_q4_youtube_metadata_only_4,low_2025_q4,LOW,"Lowe's Companies, Inc.",2025,Q4,youtube_metadata_only,https://www.youtube.com/results?search_query=LOW+Lowe%27s+Companies%2C+Inc.+earnings+call+2025+Q4,youtube.com,unknown,metadata_only,false,youtube_media_download_blocked_without_authorization,Use YouTube links as metadata references only unless explicit authorization exists.,rights_aware_metadata_discovery,2026-05-24T00:33:59+00:00,sha256:9f033af0396c0596650695e286ee023b38d1a7e1253383a8e72cb3e0e67e51b3,No YouTube audio or video acquisition is performed.
low_2025_q4_earnings_platform_5,low_2025_q4,LOW,"Lowe's Companies, Inc.",2025,Q4,earnings_platform,licensed-vendor://blocked/LOW/2025/Q4,licensed-vendor,blocked,blocked,false,licensed_vendor_without_license_config,Register license configuration before any vendor raw content use.,rights_aware_metadata_discovery,2026-05-24T00:33:59+00:00,sha256:9c6dac0319810c426576b72cf144d6f3f1e1b2c6597449aec509063710e9aa81,Vendor raw transcript access is blocked by default.
ups_2025_q4_company_ir_1,ups_2025_q4,UPS,"United Parcel Service, Inc.",2025,Q4,company_ir,https://investors.ups.com/,investors.ups.com,unknown,metadata_only,false,source_terms_and_robots_not_reviewed,Review official IR source terms and robots policy before any raw transcript use.,rights_aware_metadata_discovery,2026-05-24T00:33:59+00:00,sha256:466e79c1f17d6d477214f7178455581e26472dd5b886ebfc6cd742b456c843f3,Preferred transcript source when terms allow; this row does not assert transcript availability.
ups_2025_q4_webcast_provider_2,ups_2025_q4,UPS,"United Parcel Service, Inc.",2025,Q4,webcast_provider,https://investors.ups.com/,investors.ups.com,unknown,metadata_only,false,webcast_terms_not_reviewed,"Open from company IR, verify replay access and storage terms, and avoid session-restricted media.",rights_aware_metadata_discovery,2026-05-24T00:33:59+00:00,sha256:a34fc659a062acf9cf0d13130969c85d650b433d8ee06afa98bcbb1e0616788e,"Audio/webcast replay candidate only; support layer, not canonical transcript."
ups_2025_q4_sec_edgar_3,ups_2025_q4,UPS,"United Parcel Service, Inc.",2025,Q4,sec_edgar,sec-edgar://CIK_LOOKUP_REQUIRED/UPS/2025/Q4,sec-edgar,unknown,metadata_only,false,sec_metadata_only_no_raw_filing_body,Optional later SEC metadata fetch with descriptive User-Agent and <=10 rps rate limit.,rights_aware_metadata_discovery,2026-05-24T00:33:59+00:00,sha256:2a7173e0e33ddbfe0970310813febdfc92f13647dcb359baa915454ebbe2dd3a,"SEC may identify event timing, 8-K references, releases, and exhibit metadata; transcripts are not guaranteed."
ups_2025_q4_youtube_metadata_only_4,ups_2025_q4,UPS,"United Parcel Service, Inc.",2025,Q4,youtube_metadata_only,https://www.youtube.com/results?search_query=UPS+United+Parcel+Service%2C+Inc.+earnings+call+2025+Q4,youtube.com,unknown,metadata_only,false,youtube_media_download_blocked_without_authorization,Use YouTube links as metadata references only unless explicit authorization exists.,rights_aware_metadata_discovery,2026-05-24T00:33:59+00:00,sha256:982d53ac3f1cbb1c901f7de481305d9d37ae9d4011da2b3c3267829321d5d063,No YouTube audio or video acquisition is performed.
ups_2025_q4_earnings_platform_5,ups_2025_q4,UPS,"United Parcel Service, Inc.",2025,Q4,earnings_platform,licensed-vendor://blocked/UPS/2025/Q4,licensed-vendor,blocked,blocked,false,licensed_vendor_without_license_config,Register license configuration before any vendor raw content use.,rights_aware_metadata_discovery,2026-05-24T00:33:59+00:00,sha256:06c41926a36e93e0d1eae967f77928da267dadc08ab53c0ba9fd76ed8e2eac6e,Vendor raw transcript access is blocked by default.
rtx_2025_q4_company_ir_1,rtx_2025_q4,RTX,RTX Corporation,2025,Q4,company_ir,https://investors.rtx.com/,investors.rtx.com,unknown,metadata_only,false,source_terms_and_robots_not_reviewed,Review official IR source terms and robots policy before any raw transcript use.,rights_aware_metadata_discovery,2026-05-24T00:33:59+00:00,sha256:eb17dff1150f164c2cd45091f2d0c9a1dcd657f645ec6557eb0b50e1047ba370,Preferred transcript source when terms allow; this row does not assert transcript availability.
rtx_2025_q4_webcast_provider_2,rtx_2025_q4,RTX,RTX Corporation,2025,Q4,webcast_provider,https://investors.rtx.com/,investors.rtx.com,unknown,metadata_only,false,webcast_terms_not_reviewed,"Open from company IR, verify replay access and storage terms, and avoid session-restricted media.",rights_aware_metadata_discovery,2026-05-24T00:33:59+00:00,sha256:fdc7a1e89ceb59c81b2fb171ee3424b9dbc996dfe9f40d3ab3b2b7fe8b0184f3,"Audio/webcast replay candidate only; support layer, not canonical transcript."
rtx_2025_q4_sec_edgar_3,rtx_2025_q4,RTX,RTX Corporation,2025,Q4,sec_edgar,sec-edgar://CIK_LOOKUP_REQUIRED/RTX/2025/Q4,sec-edgar,unknown,metadata_only,false,sec_metadata_only_no_raw_filing_body,Optional later SEC metadata fetch with descriptive User-Agent and <=10 rps rate limit.,rights_aware_metadata_discovery,2026-05-24T00:33:59+00:00,sha256:f4924c24a7d585c16a6613be8f6779c1cb24bbe84d6c842f16944f3bd0c45914,"SEC may identify event timing, 8-K references, releases, and exhibit metadata; transcripts are not guaranteed."
rtx_2025_q4_youtube_metadata_only_4,rtx_2025_q4,RTX,RTX Corporation,2025,Q4,youtube_metadata_only,https://www.youtube.com/results?search_query=RTX+RTX+Corporation+earnings+call+2025+Q4,youtube.com,unknown,metadata_only,false,youtube_media_download_blocked_without_authorization,Use YouTube links as metadata references only unless explicit authorization exists.,rights_aware_metadata_discovery,2026-05-24T00:33:59+00:00,sha256:7c36681a21093e70c6c96519f4784fba7faa2aa377009c4c7f074e9a3b0cb67f,No YouTube audio or video acquisition is performed.
rtx_2025_q4_earnings_platform_5,rtx_2025_q4,RTX,RTX Corporation,2025,Q4,earnings_platform,licensed-vendor://blocked/RTX/2025/Q4,licensed-vendor,blocked,blocked,false,licensed_vendor_without_license_config,Register license configuration before any vendor raw content use.,rights_aware_metadata_discovery,2026-05-24T00:33:59+00:00,sha256:daebc5239e78209f578877c348c43c92f7ccd52d16b6486d79882b16e9b2a824,Vendor raw transcript access is blocked by default.
lmt_2025_q4_company_ir_1,lmt_2025_q4,LMT,Lockheed Martin Corporation,2025,Q4,company_ir,https://investors.lockheedmartin.com/,investors.lockheedmartin.com,unknown,metadata_only,false,source_terms_and_robots_not_reviewed,Review official IR source terms and robots policy before any raw transcript use.,rights_aware_metadata_discovery,2026-05-24T00:33:59+00:00,sha256:07c408fc886a3380c5e8165e67bdb30983b35fc475b9fa7db4cc050519c97b5d,Preferred transcript source when terms allow; this row does not assert transcript availability.
lmt_2025_q4_webcast_provider_2,lmt_2025_q4,LMT,Lockheed Martin Corporation,2025,Q4,webcast_provider,https://investors.lockheedmartin.com/,investors.lockheedmartin.com,unknown,metadata_only,false,webcast_terms_not_reviewed,"Open from company IR, verify replay access and storage terms, and avoid session-restricted media.",rights_aware_metadata_discovery,2026-05-24T00:33:59+00:00,sha256:532abc2d7f1510ae8290bc097c054634aa48a6d7102a67defb98b4d3326ba7b5,"Audio/webcast replay candidate only; support layer, not canonical transcript."
lmt_2025_q4_sec_edgar_3,lmt_2025_q4,LMT,Lockheed Martin Corporation,2025,Q4,sec_edgar,sec-edgar://CIK_LOOKUP_REQUIRED/LMT/2025/Q4,sec-edgar,unknown,metadata_only,false,sec_metadata_only_no_raw_filing_body,Optional later SEC metadata fetch with descriptive User-Agent and <=10 rps rate limit.,rights_aware_metadata_discovery,2026-05-24T00:33:59+00:00,sha256:20246e27629d0144d1d6dafa4bd25015778dedb0e00395834fcf7422a977a629,"SEC may identify event timing, 8-K references, releases, and exhibit metadata; transcripts are not guaranteed."
lmt_2025_q4_youtube_metadata_only_4,lmt_2025_q4,LMT,Lockheed Martin Corporation,2025,Q4,youtube_metadata_only,https://www.youtube.com/results?search_query=LMT+Lockheed+Martin+Corporation+earnings+call+2025+Q4,youtube.com,unknown,metadata_only,false,youtube_media_download_blocked_without_authorization,Use YouTube links as metadata references only unless explicit authorization exists.,rights_aware_metadata_discovery,2026-05-24T00:33:59+00:00,sha256:dd06985c840dbc7bb0036221c911f5b76684bc7f0f9d4ede5878a9e7d1fdc046,No YouTube audio or video acquisition is performed.
lmt_2025_q4_earnings_platform_5,lmt_2025_q4,LMT,Lockheed Martin Corporation,2025,Q4,earnings_platform,licensed-vendor://blocked/LMT/2025/Q4,licensed-vendor,blocked,blocked,false,licensed_vendor_without_license_config,Register license configuration before any vendor raw content use.,rights_aware_metadata_discovery,2026-05-24T00:33:59+00:00,sha256:fc8c5f8041b72285374b6fe0db5b27f5252418e020424e446f681a72d43d93a9,Vendor raw transcript access is blocked by default.
noc_2025_q4_company_ir_1,noc_2025_q4,NOC,Northrop Grumman Corporation,2025,Q4,company_ir,https://investor.northropgrumman.com/,investor.northropgrumman.com,unknown,metadata_only,false,source_terms_and_robots_not_reviewed,Review official IR source terms and robots policy before any raw transcript use.,rights_aware_metadata_discovery,2026-05-24T00:33:59+00:00,sha256:0e4cc1000388860c15777f461b60d7a31dcebd5d1f49d97ee81445012898204f,Preferred transcript source when terms allow; this row does not assert transcript availability.
noc_2025_q4_webcast_provider_2,noc_2025_q4,NOC,Northrop Grumman Corporation,2025,Q4,webcast_provider,https://investor.northropgrumman.com/,investor.northropgrumman.com,unknown,metadata_only,false,webcast_terms_not_reviewed,"Open from company IR, verify replay access and storage terms, and avoid session-restricted media.",rights_aware_metadata_discovery,2026-05-24T00:33:59+00:00,sha256:699c46c9f749baef7f00ec488809dda051d5a4c47751b1dc4ea6d3fc04fba5ec,"Audio/webcast replay candidate only; support layer, not canonical transcript."
noc_2025_q4_sec_edgar_3,noc_2025_q4,NOC,Northrop Grumman Corporation,2025,Q4,sec_edgar,sec-edgar://CIK_LOOKUP_REQUIRED/NOC/2025/Q4,sec-edgar,unknown,metadata_only,false,sec_metadata_only_no_raw_filing_body,Optional later SEC metadata fetch with descriptive User-Agent and <=10 rps rate limit.,rights_aware_metadata_discovery,2026-05-24T00:33:59+00:00,sha256:6ac2e3139ddfc0b62c832cc0c48d3ad60d73176c537fb18b17b29b873a1a0225,"SEC may identify event timing, 8-K references, releases, and exhibit metadata; transcripts are not guaranteed."
noc_2025_q4_youtube_metadata_only_4,noc_2025_q4,NOC,Northrop Grumman Corporation,2025,Q4,youtube_metadata_only,https://www.youtube.com/results?search_query=NOC+Northrop+Grumman+Corporation+earnings+call+2025+Q4,youtube.com,unknown,metadata_only,false,youtube_media_download_blocked_without_authorization,Use YouTube links as metadata references only unless explicit authorization exists.,rights_aware_metadata_discovery,2026-05-24T00:33:59+00:00,sha256:e27667dcc40f8cca9ddce2f4599d31a0c47e96db5346fc043f1cef15befcf902,No YouTube audio or video acquisition is performed.
noc_2025_q4_earnings_platform_5,noc_2025_q4,NOC,Northrop Grumman Corporation,2025,Q4,earnings_platform,licensed-vendor://blocked/NOC/2025/Q4,licensed-vendor,blocked,blocked,false,licensed_vendor_without_license_config,Register license configuration before any vendor raw content use.,rights_aware_metadata_discovery,2026-05-24T00:33:59+00:00,sha256:35e4aad60bdaa978f0ed6dfb2075e50844141a7c4eddf97bf663268d511f1781,Vendor raw transcript access is blocked by default.
cvx_2025_q4_company_ir_1,cvx_2025_q4,CVX,Chevron Corporation,2025,Q4,company_ir,https://www.chevron.com/investors,chevron.com,unknown,metadata_only,false,source_terms_and_robots_not_reviewed,Review official IR source terms and robots policy before any raw transcript use.,rights_aware_metadata_discovery,2026-05-24T00:33:59+00:00,sha256:a9cd6762c477f4d0086e5a4580981c044f3178725b26ac9fc67c563f265a06b7,Preferred transcript source when terms allow; this row does not assert transcript availability.
cvx_2025_q4_webcast_provider_2,cvx_2025_q4,CVX,Chevron Corporation,2025,Q4,webcast_provider,https://www.chevron.com/investors,chevron.com,unknown,metadata_only,false,webcast_terms_not_reviewed,"Open from company IR, verify replay access and storage terms, and avoid session-restricted media.",rights_aware_metadata_discovery,2026-05-24T00:33:59+00:00,sha256:80e5e06609f6d820f1dc42f34f0a547980f2141edcf0e234a95554b34bb340fc,"Audio/webcast replay candidate only; support layer, not canonical transcript."
cvx_2025_q4_sec_edgar_3,cvx_2025_q4,CVX,Chevron Corporation,2025,Q4,sec_edgar,sec-edgar://CIK_LOOKUP_REQUIRED/CVX/2025/Q4,sec-edgar,unknown,metadata_only,false,sec_metadata_only_no_raw_filing_body,Optional later SEC metadata fetch with descriptive User-Agent and <=10 rps rate limit.,rights_aware_metadata_discovery,2026-05-24T00:33:59+00:00,sha256:7ef0f36771b57d0c184d65aa10c8dd54b767c208a8a965e2eb7f1ad9adb58e81,"SEC may identify event timing, 8-K references, releases, and exhibit metadata; transcripts are not guaranteed."
cvx_2025_q4_youtube_metadata_only_4,cvx_2025_q4,CVX,Chevron Corporation,2025,Q4,youtube_metadata_only,https://www.youtube.com/results?search_query=CVX+Chevron+Corporation+earnings+call+2025+Q4,youtube.com,unknown,metadata_only,false,youtube_media_download_blocked_without_authorization,Use YouTube links as metadata references only unless explicit authorization exists.,rights_aware_metadata_discovery,2026-05-24T00:33:59+00:00,sha256:e3a3d39cb747dec253dec5993dcf10f404521bbcfe8c0152670c54cc82d60f70,No YouTube audio or video acquisition is performed.
cvx_2025_q4_earnings_platform_5,cvx_2025_q4,CVX,Chevron Corporation,2025,Q4,earnings_platform,licensed-vendor://blocked/CVX/2025/Q4,licensed-vendor,blocked,blocked,false,licensed_vendor_without_license_config,Register license configuration before any vendor raw content use.,rights_aware_metadata_discovery,2026-05-24T00:33:59+00:00,sha256:1435659d59f951f600daa4d29fad738d25d50b7214d6c34a11440fd1db0704ce,Vendor raw transcript access is blocked by default.
cop_2025_q4_company_ir_1,cop_2025_q4,COP,ConocoPhillips,2025,Q4,company_ir,https://www.conocophillips.com/investor/,conocophillips.com,unknown,metadata_only,false,source_terms_and_robots_not_reviewed,Review official IR source terms and robots policy before any raw transcript use.,rights_aware_metadata_discovery,2026-05-24T00:33:59+00:00,sha256:99758bb894a735ac187887876420de10413408920e2cfee82c4762c7f09952ff,Preferred transcript source when terms allow; this row does not assert transcript availability.
cop_2025_q4_webcast_provider_2,cop_2025_q4,COP,ConocoPhillips,2025,Q4,webcast_provider,https://www.conocophillips.com/investor/,conocophillips.com,unknown,metadata_only,false,webcast_terms_not_reviewed,"Open from company IR, verify replay access and storage terms, and avoid session-restricted media.",rights_aware_metadata_discovery,2026-05-24T00:33:59+00:00,sha256:41e62b60f8c8e006ee5f919868aa3e0bf072a9305c507b073d6f0e33f44abb81,"Audio/webcast replay candidate only; support layer, not canonical transcript."
cop_2025_q4_sec_edgar_3,cop_2025_q4,COP,ConocoPhillips,2025,Q4,sec_edgar,sec-edgar://CIK_LOOKUP_REQUIRED/COP/2025/Q4,sec-edgar,unknown,metadata_only,false,sec_metadata_only_no_raw_filing_body,Optional later SEC metadata fetch with descriptive User-Agent and <=10 rps rate limit.,rights_aware_metadata_discovery,2026-05-24T00:33:59+00:00,sha256:a1b4e0a01e7ca21bc7d8eb31da65c37ab8b05445e754e3113366d17691c4ef3e,"SEC may identify event timing, 8-K references, releases, and exhibit metadata; transcripts are not guaranteed."
cop_2025_q4_youtube_metadata_only_4,cop_2025_q4,COP,ConocoPhillips,2025,Q4,youtube_metadata_only,https://www.youtube.com/results?search_query=COP+ConocoPhillips+earnings+call+2025+Q4,youtube.com,unknown,metadata_only,false,youtube_media_download_blocked_without_authorization,Use YouTube links as metadata references only unless explicit authorization exists.,rights_aware_metadata_discovery,2026-05-24T00:33:59+00:00,sha256:a74ce363c7cb1fbdb394cbe7d49aa1bf0c6a86eda656d8421c4622bec27617b4,No YouTube audio or video acquisition is performed.
cop_2025_q4_earnings_platform_5,cop_2025_q4,COP,ConocoPhillips,2025,Q4,earnings_platform,licensed-vendor://blocked/COP/2025/Q4,licensed-vendor,blocked,blocked,false,licensed_vendor_without_license_config,Register license configuration before any vendor raw content use.,rights_aware_metadata_discovery,2026-05-24T00:33:59+00:00,sha256:564e2e5c1510655a6684f914cd75bd1ecd997efed4a2d4dbd0e3cf6968edb922,Vendor raw transcript access is blocked by default.
slb_2025_q4_company_ir_1,slb_2025_q4,SLB,SLB,2025,Q4,company_ir,https://investorcenter.slb.com/,investorcenter.slb.com,unknown,metadata_only,false,source_terms_and_robots_not_reviewed,Review official IR source terms and robots policy before any raw transcript use.,rights_aware_metadata_discovery,2026-05-24T00:33:59+00:00,sha256:e2e2dfd3d369d588e0510560580f89963abfe8b8e3ea9e798cf6a5e8d03af850,Preferred transcript source when terms allow; this row does not assert transcript availability.
slb_2025_q4_webcast_provider_2,slb_2025_q4,SLB,SLB,2025,Q4,webcast_provider,https://investorcenter.slb.com/,investorcenter.slb.com,unknown,metadata_only,false,webcast_terms_not_reviewed,"Open from company IR, verify replay access and storage terms, and avoid session-restricted media.",rights_aware_metadata_discovery,2026-05-24T00:33:59+00:00,sha256:ff33977abfd05e4266d0a0f36dea61854aa48ea79a1cc47115fc793c0e6c6c8c,"Audio/webcast replay candidate only; support layer, not canonical transcript."
slb_2025_q4_sec_edgar_3,slb_2025_q4,SLB,SLB,2025,Q4,sec_edgar,sec-edgar://CIK_LOOKUP_REQUIRED/SLB/2025/Q4,sec-edgar,unknown,metadata_only,false,sec_metadata_only_no_raw_filing_body,Optional later SEC metadata fetch with descriptive User-Agent and <=10 rps rate limit.,rights_aware_metadata_discovery,2026-05-24T00:33:59+00:00,sha256:ead9db0852ae984fc75f11a1a7a29edc48afbea1d4760dcf43bde52601c338aa,"SEC may identify event timing, 8-K references, releases, and exhibit metadata; transcripts are not guaranteed."
slb_2025_q4_youtube_metadata_only_4,slb_2025_q4,SLB,SLB,2025,Q4,youtube_metadata_only,https://www.youtube.com/results?search_query=SLB+SLB+earnings+call+2025+Q4,youtube.com,unknown,metadata_only,false,youtube_media_download_blocked_without_authorization,Use YouTube links as metadata references only unless explicit authorization exists.,rights_aware_metadata_discovery,2026-05-24T00:33:59+00:00,sha256:e811888b2cf85a0f79407e6bd1473e4532f7bbe0a7b1d0f848a739f7da6caf06,No YouTube audio or video acquisition is performed.
slb_2025_q4_earnings_platform_5,slb_2025_q4,SLB,SLB,2025,Q4,earnings_platform,licensed-vendor://blocked/SLB/2025/Q4,licensed-vendor,blocked,blocked,false,licensed_vendor_without_license_config,Register license configuration before any vendor raw content use.,rights_aware_metadata_discovery,2026-05-24T00:33:59+00:00,sha256:be5824fe4a6eca63323ee15def01ac0504226eb3b6cc80f8def69686aae106f6,Vendor raw transcript access is blocked by default.
hal_2025_q4_company_ir_1,hal_2025_q4,HAL,Halliburton Company,2025,Q4,company_ir,https://ir.halliburton.com/,ir.halliburton.com,unknown,metadata_only,false,source_terms_and_robots_not_reviewed,Review official IR source terms and robots policy before any raw transcript use.,rights_aware_metadata_discovery,2026-05-24T00:33:59+00:00,sha256:4ccd4454262423a625078ecb495c4b40814871f8f9b47a50f1ac36bde8a3d851,Preferred transcript source when terms allow; this row does not assert transcript availability.
hal_2025_q4_webcast_provider_2,hal_2025_q4,HAL,Halliburton Company,2025,Q4,webcast_provider,https://ir.halliburton.com/,ir.halliburton.com,unknown,metadata_only,false,webcast_terms_not_reviewed,"Open from company IR, verify replay access and storage terms, and avoid session-restricted media.",rights_aware_metadata_discovery,2026-05-24T00:33:59+00:00,sha256:91286573ec8783e2b419b134d1a8f2efb69c6c4252fcedc016ff3b5a388b703a,"Audio/webcast replay candidate only; support layer, not canonical transcript."
hal_2025_q4_sec_edgar_3,hal_2025_q4,HAL,Halliburton Company,2025,Q4,sec_edgar,sec-edgar://CIK_LOOKUP_REQUIRED/HAL/2025/Q4,sec-edgar,unknown,metadata_only,false,sec_metadata_only_no_raw_filing_body,Optional later SEC metadata fetch with descriptive User-Agent and <=10 rps rate limit.,rights_aware_metadata_discovery,2026-05-24T00:33:59+00:00,sha256:29b6a40922dc97265c88c7d502cb6e05202a61dfe6bfb3903d94e5a85cfa217f,"SEC may identify event timing, 8-K references, releases, and exhibit metadata; transcripts are not guaranteed."
hal_2025_q4_youtube_metadata_only_4,hal_2025_q4,HAL,Halliburton Company,2025,Q4,youtube_metadata_only,https://www.youtube.com/results?search_query=HAL+Halliburton+Company+earnings+call+2025+Q4,youtube.com,unknown,metadata_only,false,youtube_media_download_blocked_without_authorization,Use YouTube links as metadata references only unless explicit authorization exists.,rights_aware_metadata_discovery,2026-05-24T00:33:59+00:00,sha256:22984c76b80c183c1c9b1e59292096373c14ae9df69441c62ed13424910e621e,No YouTube audio or video acquisition is performed.
hal_2025_q4_earnings_platform_5,hal_2025_q4,HAL,Halliburton Company,2025,Q4,earnings_platform,licensed-vendor://blocked/HAL/2025/Q4,licensed-vendor,blocked,blocked,false,licensed_vendor_without_license_config,Register license configuration before any vendor raw content use.,rights_aware_metadata_discovery,2026-05-24T00:33:59+00:00,sha256:f13bcd44a94eac1d4614f7af6b6728f888e7f0b0fbb64cc3644e6d10ec4f7fe7,Vendor raw transcript access is blocked by default.
pg_2025_q4_company_ir_1,pg_2025_q4,PG,The Procter & Gamble Company,2025,Q4,company_ir,https://www.pginvestor.com/,pginvestor.com,unknown,metadata_only,false,source_terms_and_robots_not_reviewed,Review official IR source terms and robots policy before any raw transcript use.,rights_aware_metadata_discovery,2026-05-24T00:33:59+00:00,sha256:2bb83c446121099b7cfc7937397c3e45122a8264acf5ec4e9ba58165c522e964,Preferred transcript source when terms allow; this row does not assert transcript availability.
pg_2025_q4_webcast_provider_2,pg_2025_q4,PG,The Procter & Gamble Company,2025,Q4,webcast_provider,https://www.pginvestor.com/,pginvestor.com,unknown,metadata_only,false,webcast_terms_not_reviewed,"Open from company IR, verify replay access and storage terms, and avoid session-restricted media.",rights_aware_metadata_discovery,2026-05-24T00:33:59+00:00,sha256:98bee0ee580297a66c5acde7f07a8d141067df8fca96b0ed97eaac4271161900,"Audio/webcast replay candidate only; support layer, not canonical transcript."
pg_2025_q4_sec_edgar_3,pg_2025_q4,PG,The Procter & Gamble Company,2025,Q4,sec_edgar,sec-edgar://CIK_LOOKUP_REQUIRED/PG/2025/Q4,sec-edgar,unknown,metadata_only,false,sec_metadata_only_no_raw_filing_body,Optional later SEC metadata fetch with descriptive User-Agent and <=10 rps rate limit.,rights_aware_metadata_discovery,2026-05-24T00:33:59+00:00,sha256:d369bc821705df866a0955eaa17385d76d326260faef73824a117cb6b3303888,"SEC may identify event timing, 8-K references, releases, and exhibit metadata; transcripts are not guaranteed."
pg_2025_q4_youtube_metadata_only_4,pg_2025_q4,PG,The Procter & Gamble Company,2025,Q4,youtube_metadata_only,https://www.youtube.com/results?search_query=PG+The+Procter+%26+Gamble+Company+earnings+call+2025+Q4,youtube.com,unknown,metadata_only,false,youtube_media_download_blocked_without_authorization,Use YouTube links as metadata references only unless explicit authorization exists.,rights_aware_metadata_discovery,2026-05-24T00:33:59+00:00,sha256:991134a82f6e494e6edfd292316760977ab0babbc9e421d57f6c06af9f7d4c47,No YouTube audio or video acquisition is performed.
pg_2025_q4_earnings_platform_5,pg_2025_q4,PG,The Procter & Gamble Company,2025,Q4,earnings_platform,licensed-vendor://blocked/PG/2025/Q4,licensed-vendor,blocked,blocked,false,licensed_vendor_without_license_config,Register license configuration before any vendor raw content use.,rights_aware_metadata_discovery,2026-05-24T00:33:59+00:00,sha256:438a253eadac09863f1e0ab2ed7aa00bdc9a2b4e2ff4cf3244897718b8a95c68,Vendor raw transcript access is blocked by default.
cl_2025_q4_company_ir_1,cl_2025_q4,CL,Colgate-Palmolive Company,2025,Q4,company_ir,https://investor.colgatepalmolive.com/,investor.colgatepalmolive.com,unknown,metadata_only,false,source_terms_and_robots_not_reviewed,Review official IR source terms and robots policy before any raw transcript use.,rights_aware_metadata_discovery,2026-05-24T00:33:59+00:00,sha256:55cf362571bcfa5c34ec300ac005c35b9627ebc7fc0b42892e84fe19fb62a84e,Preferred transcript source when terms allow; this row does not assert transcript availability.
cl_2025_q4_webcast_provider_2,cl_2025_q4,CL,Colgate-Palmolive Company,2025,Q4,webcast_provider,https://investor.colgatepalmolive.com/,investor.colgatepalmolive.com,unknown,metadata_only,false,webcast_terms_not_reviewed,"Open from company IR, verify replay access and storage terms, and avoid session-restricted media.",rights_aware_metadata_discovery,2026-05-24T00:33:59+00:00,sha256:9b1bf19a2083a68e3d7cf6c7d31f143dfbce6390ee50475c32cb89eba85ec493,"Audio/webcast replay candidate only; support layer, not canonical transcript."
cl_2025_q4_sec_edgar_3,cl_2025_q4,CL,Colgate-Palmolive Company,2025,Q4,sec_edgar,sec-edgar://CIK_LOOKUP_REQUIRED/CL/2025/Q4,sec-edgar,unknown,metadata_only,false,sec_metadata_only_no_raw_filing_body,Optional later SEC metadata fetch with descriptive User-Agent and <=10 rps rate limit.,rights_aware_metadata_discovery,2026-05-24T00:33:59+00:00,sha256:fc1de3f64734cbfbec7e96863a6301681eedef27803af2e4de28056d24099bb4,"SEC may identify event timing, 8-K references, releases, and exhibit metadata; transcripts are not guaranteed."
cl_2025_q4_youtube_metadata_only_4,cl_2025_q4,CL,Colgate-Palmolive Company,2025,Q4,youtube_metadata_only,https://www.youtube.com/results?search_query=CL+Colgate-Palmolive+Company+earnings+call+2025+Q4,youtube.com,unknown,metadata_only,false,youtube_media_download_blocked_without_authorization,Use YouTube links as metadata references only unless explicit authorization exists.,rights_aware_metadata_discovery,2026-05-24T00:33:59+00:00,sha256:96d64a594519763a140d4dda616189e294eb660326c7977c327859fe1220bb37,No YouTube audio or video acquisition is performed.
cl_2025_q4_earnings_platform_5,cl_2025_q4,CL,Colgate-Palmolive Company,2025,Q4,earnings_platform,licensed-vendor://blocked/CL/2025/Q4,licensed-vendor,blocked,blocked,false,licensed_vendor_without_license_config,Register license configuration before any vendor raw content use.,rights_aware_metadata_discovery,2026-05-24T00:33:59+00:00,sha256:8964a6442601d50f774c173a69161a5182dcdecae3f24f19fcd2465c00da5018,Vendor raw transcript access is blocked by default.
kmb_2025_q4_company_ir_1,kmb_2025_q4,KMB,Kimberly-Clark Corporation,2025,Q4,company_ir,https://investor.kimberly-clark.com/,investor.kimberly-clark.com,unknown,metadata_only,false,source_terms_and_robots_not_reviewed,Review official IR source terms and robots policy before any raw transcript use.,rights_aware_metadata_discovery,2026-05-24T00:33:59+00:00,sha256:6cd9cddec4cb79835d1604c13643c5c73272e3008882bc732cf405a7137edf6b,Preferred transcript source when terms allow; this row does not assert transcript availability.
kmb_2025_q4_webcast_provider_2,kmb_2025_q4,KMB,Kimberly-Clark Corporation,2025,Q4,webcast_provider,https://investor.kimberly-clark.com/,investor.kimberly-clark.com,unknown,metadata_only,false,webcast_terms_not_reviewed,"Open from company IR, verify replay access and storage terms, and avoid session-restricted media.",rights_aware_metadata_discovery,2026-05-24T00:33:59+00:00,sha256:c92d73b5348ab4178adfe9177602e65063cda67e8c225d3c79ca683481229251,"Audio/webcast replay candidate only; support layer, not canonical transcript."
kmb_2025_q4_sec_edgar_3,kmb_2025_q4,KMB,Kimberly-Clark Corporation,2025,Q4,sec_edgar,sec-edgar://CIK_LOOKUP_REQUIRED/KMB/2025/Q4,sec-edgar,unknown,metadata_only,false,sec_metadata_only_no_raw_filing_body,Optional later SEC metadata fetch with descriptive User-Agent and <=10 rps rate limit.,rights_aware_metadata_discovery,2026-05-24T00:33:59+00:00,sha256:51b94b5136075dca684845fc0565355efbf86626f2208bab206cab55a7f9858f,"SEC may identify event timing, 8-K references, releases, and exhibit metadata; transcripts are not guaranteed."
kmb_2025_q4_youtube_metadata_only_4,kmb_2025_q4,KMB,Kimberly-Clark Corporation,2025,Q4,youtube_metadata_only,https://www.youtube.com/results?search_query=KMB+Kimberly-Clark+Corporation+earnings+call+2025+Q4,youtube.com,unknown,metadata_only,false,youtube_media_download_blocked_without_authorization,Use YouTube links as metadata references only unless explicit authorization exists.,rights_aware_metadata_discovery,2026-05-24T00:33:59+00:00,sha256:49c2f2ef3060bc8ea21cae1df74b8de86829fee0a93387f41f3b71dd08b22ce6,No YouTube audio or video acquisition is performed.
kmb_2025_q4_earnings_platform_5,kmb_2025_q4,KMB,Kimberly-Clark Corporation,2025,Q4,earnings_platform,licensed-vendor://blocked/KMB/2025/Q4,licensed-vendor,blocked,blocked,false,licensed_vendor_without_license_config,Register license configuration before any vendor raw content use.,rights_aware_metadata_discovery,2026-05-24T00:33:59+00:00,sha256:4667528f8d96233c50fbd4e76e6c676f8c3e81c12ae9d211f0d343b19697c34f,Vendor raw transcript access is blocked by default.
fdx_2025_q4_company_ir_1,fdx_2025_q4,FDX,FedEx Corporation,2025,Q4,company_ir,https://investors.fedex.com/,investors.fedex.com,unknown,metadata_only,false,source_terms_and_robots_not_reviewed,Review official IR source terms and robots policy before any raw transcript use.,rights_aware_metadata_discovery,2026-05-24T00:33:59+00:00,sha256:1bbab9cd92f30e3e1f90a010da5d032d6f32f2e1b1ba2671647c95f2c825c84f,Preferred transcript source when terms allow; this row does not assert transcript availability.
fdx_2025_q4_webcast_provider_2,fdx_2025_q4,FDX,FedEx Corporation,2025,Q4,webcast_provider,https://investors.fedex.com/,investors.fedex.com,unknown,metadata_only,false,webcast_terms_not_reviewed,"Open from company IR, verify replay access and storage terms, and avoid session-restricted media.",rights_aware_metadata_discovery,2026-05-24T00:33:59+00:00,sha256:eb36ea18c07aaad8bbe42f2996fad8d5ad52ab063185f67cf5a64f5e83f17138,"Audio/webcast replay candidate only; support layer, not canonical transcript."
fdx_2025_q4_sec_edgar_3,fdx_2025_q4,FDX,FedEx Corporation,2025,Q4,sec_edgar,sec-edgar://CIK_LOOKUP_REQUIRED/FDX/2025/Q4,sec-edgar,unknown,metadata_only,false,sec_metadata_only_no_raw_filing_body,Optional later SEC metadata fetch with descriptive User-Agent and <=10 rps rate limit.,rights_aware_metadata_discovery,2026-05-24T00:33:59+00:00,sha256:713901724cf9ebfbc4d259c60042ac9ebebb6874d0cf4390fc07a1e6c2254529,"SEC may identify event timing, 8-K references, releases, and exhibit metadata; transcripts are not guaranteed."
fdx_2025_q4_youtube_metadata_only_4,fdx_2025_q4,FDX,FedEx Corporation,2025,Q4,youtube_metadata_only,https://www.youtube.com/results?search_query=FDX+FedEx+Corporation+earnings+call+2025+Q4,youtube.com,unknown,metadata_only,false,youtube_media_download_blocked_without_authorization,Use YouTube links as metadata references only unless explicit authorization exists.,rights_aware_metadata_discovery,2026-05-24T00:33:59+00:00,sha256:56a3190fdec12d9bc294a31cecbcb6604f7f0b6954ddea74200e259d0c80269f,No YouTube audio or video acquisition is performed.
fdx_2025_q4_earnings_platform_5,fdx_2025_q4,FDX,FedEx Corporation,2025,Q4,earnings_platform,licensed-vendor://blocked/FDX/2025/Q4,licensed-vendor,blocked,blocked,false,licensed_vendor_without_license_config,Register license configuration before any vendor raw content use.,rights_aware_metadata_discovery,2026-05-24T00:33:59+00:00,sha256:2673fe47b4d583876424c217e6429d63ce444e2cd5bfceab63ec0f20d16bcdaa,Vendor raw transcript access is blocked by default.
dal_2025_q4_company_ir_1,dal_2025_q4,DAL,"Delta Air Lines, Inc.",2025,Q4,company_ir,https://ir.delta.com/,ir.delta.com,unknown,metadata_only,false,source_terms_and_robots_not_reviewed,Review official IR source terms and robots policy before any raw transcript use.,rights_aware_metadata_discovery,2026-05-24T00:33:59+00:00,sha256:c17cd2c8e88c99def5900c5ecb27f3929e85bc9b4f3d2bdf1e41d430bc8cfc3c,Preferred transcript source when terms allow; this row does not assert transcript availability.
dal_2025_q4_webcast_provider_2,dal_2025_q4,DAL,"Delta Air Lines, Inc.",2025,Q4,webcast_provider,https://ir.delta.com/,ir.delta.com,unknown,metadata_only,false,webcast_terms_not_reviewed,"Open from company IR, verify replay access and storage terms, and avoid session-restricted media.",rights_aware_metadata_discovery,2026-05-24T00:33:59+00:00,sha256:9e615a8a291c4161f72e5454d139c0f69c5e87f9162dbaf9b66b4cbd2d40fdb3,"Audio/webcast replay candidate only; support layer, not canonical transcript."
dal_2025_q4_sec_edgar_3,dal_2025_q4,DAL,"Delta Air Lines, Inc.",2025,Q4,sec_edgar,sec-edgar://CIK_LOOKUP_REQUIRED/DAL/2025/Q4,sec-edgar,unknown,metadata_only,false,sec_metadata_only_no_raw_filing_body,Optional later SEC metadata fetch with descriptive User-Agent and <=10 rps rate limit.,rights_aware_metadata_discovery,2026-05-24T00:33:59+00:00,sha256:da631bb15c9faf35e40ad837fb83ae67d2e22edf65e1e0368c32e2725acf61a5,"SEC may identify event timing, 8-K references, releases, and exhibit metadata; transcripts are not guaranteed."
dal_2025_q4_youtube_metadata_only_4,dal_2025_q4,DAL,"Delta Air Lines, Inc.",2025,Q4,youtube_metadata_only,https://www.youtube.com/results?search_query=DAL+Delta+Air+Lines%2C+Inc.+earnings+call+2025+Q4,youtube.com,unknown,metadata_only,false,youtube_media_download_blocked_without_authorization,Use YouTube links as metadata references only unless explicit authorization exists.,rights_aware_metadata_discovery,2026-05-24T00:33:59+00:00,sha256:b0faffed9a15eec42d93da05969bfac6375d90be876d20f743857f9164fc2d73,No YouTube audio or video acquisition is performed.
dal_2025_q4_earnings_platform_5,dal_2025_q4,DAL,"Delta Air Lines, Inc.",2025,Q4,earnings_platform,licensed-vendor://blocked/DAL/2025/Q4,licensed-vendor,blocked,blocked,false,licensed_vendor_without_license_config,Register license configuration before any vendor raw content use.,rights_aware_metadata_discovery,2026-05-24T00:33:59+00:00,sha256:c5bb17b36855f9e42ca5f1506e4d05ec39e071a68d1c57f0ef0873bf35db598e,Vendor raw transcript access is blocked by default.
spgi_2025_q4_company_ir_1,spgi_2025_q4,SPGI,S&P Global Inc.,2025,Q4,company_ir,https://investor.spglobal.com/,investor.spglobal.com,unknown,metadata_only,false,source_terms_and_robots_not_reviewed,Review official IR source terms and robots policy before any raw transcript use.,rights_aware_metadata_discovery,2026-05-24T00:33:59+00:00,sha256:2476fe6853ed9205e9ce0779be169234cfdd61859b8b6d529af509bec0becdd4,Preferred transcript source when terms allow; this row does not assert transcript availability.
spgi_2025_q4_webcast_provider_2,spgi_2025_q4,SPGI,S&P Global Inc.,2025,Q4,webcast_provider,https://investor.spglobal.com/,investor.spglobal.com,unknown,metadata_only,false,webcast_terms_not_reviewed,"Open from company IR, verify replay access and storage terms, and avoid session-restricted media.",rights_aware_metadata_discovery,2026-05-24T00:33:59+00:00,sha256:cfa48734810b39ba753759688619e3403cc5a5046bcf63629aab52d29ee430eb,"Audio/webcast replay candidate only; support layer, not canonical transcript."
spgi_2025_q4_sec_edgar_3,spgi_2025_q4,SPGI,S&P Global Inc.,2025,Q4,sec_edgar,sec-edgar://CIK_LOOKUP_REQUIRED/SPGI/2025/Q4,sec-edgar,unknown,metadata_only,false,sec_metadata_only_no_raw_filing_body,Optional later SEC metadata fetch with descriptive User-Agent and <=10 rps rate limit.,rights_aware_metadata_discovery,2026-05-24T00:33:59+00:00,sha256:153efa4d968f4288f62a95e06a337b693cc4da6017871b0bf97e24d7ec3609d2,"SEC may identify event timing, 8-K references, releases, and exhibit metadata; transcripts are not guaranteed."
spgi_2025_q4_youtube_metadata_only_4,spgi_2025_q4,SPGI,S&P Global Inc.,2025,Q4,youtube_metadata_only,https://www.youtube.com/results?search_query=SPGI+S%26P+Global+Inc.+earnings+call+2025+Q4,youtube.com,unknown,metadata_only,false,youtube_media_download_blocked_without_authorization,Use YouTube links as metadata references only unless explicit authorization exists.,rights_aware_metadata_discovery,2026-05-24T00:33:59+00:00,sha256:8f55934717481357b512371bf904236553ab5587c8dc072186e9fc516729d09e,No YouTube audio or video acquisition is performed.
spgi_2025_q4_earnings_platform_5,spgi_2025_q4,SPGI,S&P Global Inc.,2025,Q4,earnings_platform,licensed-vendor://blocked/SPGI/2025/Q4,licensed-vendor,blocked,blocked,false,licensed_vendor_without_license_config,Register license configuration before any vendor raw content use.,rights_aware_metadata_discovery,2026-05-24T00:33:59+00:00,sha256:f9283432229e319faf8a46e395a4eadbda254b995c78d1aeae884d5cf795f488,Vendor raw transcript access is blocked by default.
mco_2025_q4_company_ir_1,mco_2025_q4,MCO,Moody's Corporation,2025,Q4,company_ir,https://ir.moodys.com/,ir.moodys.com,unknown,metadata_only,false,source_terms_and_robots_not_reviewed,Review official IR source terms and robots policy before any raw transcript use.,rights_aware_metadata_discovery,2026-05-24T00:33:59+00:00,sha256:083f75ac616215fc3edd5d0f1446a1b4d445f06feb9025d30e6de8a7fc5e7ba9,Preferred transcript source when terms allow; this row does not assert transcript availability.
mco_2025_q4_webcast_provider_2,mco_2025_q4,MCO,Moody's Corporation,2025,Q4,webcast_provider,https://ir.moodys.com/,ir.moodys.com,unknown,metadata_only,false,webcast_terms_not_reviewed,"Open from company IR, verify replay access and storage terms, and avoid session-restricted media.",rights_aware_metadata_discovery,2026-05-24T00:33:59+00:00,sha256:5abbe65b53f9b0adcc141b87202802853283e3b778c128bfc033c706f2715576,"Audio/webcast replay candidate only; support layer, not canonical transcript."
mco_2025_q4_sec_edgar_3,mco_2025_q4,MCO,Moody's Corporation,2025,Q4,sec_edgar,sec-edgar://CIK_LOOKUP_REQUIRED/MCO/2025/Q4,sec-edgar,unknown,metadata_only,false,sec_metadata_only_no_raw_filing_body,Optional later SEC metadata fetch with descriptive User-Agent and <=10 rps rate limit.,rights_aware_metadata_discovery,2026-05-24T00:33:59+00:00,sha256:a362e318debb13fd5ea1181086e2a92527dc5a05aae4a2951e39145341740cc1,"SEC may identify event timing, 8-K references, releases, and exhibit metadata; transcripts are not guaranteed."
mco_2025_q4_youtube_metadata_only_4,mco_2025_q4,MCO,Moody's Corporation,2025,Q4,youtube_metadata_only,https://www.youtube.com/results?search_query=MCO+Moody%27s+Corporation+earnings+call+2025+Q4,youtube.com,unknown,metadata_only,false,youtube_media_download_blocked_without_authorization,Use YouTube links as metadata references only unless explicit authorization exists.,rights_aware_metadata_discovery,2026-05-24T00:33:59+00:00,sha256:01e3cb537ce5848b8855c08eda4090de21fd134720d41b6dfa32576028833434,No YouTube audio or video acquisition is performed.
mco_2025_q4_earnings_platform_5,mco_2025_q4,MCO,Moody's Corporation,2025,Q4,earnings_platform,licensed-vendor://blocked/MCO/2025/Q4,licensed-vendor,blocked,blocked,false,licensed_vendor_without_license_config,Register license configuration before any vendor raw content use.,rights_aware_metadata_discovery,2026-05-24T00:33:59+00:00,sha256:d3406c5826c3190c74b1c5f61dd64dfcccfdece317df4ffe4ca352a8746f0061,Vendor raw transcript access is blocked by default.
ice_2025_q4_company_ir_1,ice_2025_q4,ICE,"Intercontinental Exchange, Inc.",2025,Q4,company_ir,https://ir.theice.com/,ir.theice.com,unknown,metadata_only,false,source_terms_and_robots_not_reviewed,Review official IR source terms and robots policy before any raw transcript use.,rights_aware_metadata_discovery,2026-05-24T00:33:59+00:00,sha256:2689ab050998284d474daf7babd6a93f0e86b0edc188e247f5ec084a7af1c627,Preferred transcript source when terms allow; this row does not assert transcript availability.
ice_2025_q4_webcast_provider_2,ice_2025_q4,ICE,"Intercontinental Exchange, Inc.",2025,Q4,webcast_provider,https://ir.theice.com/,ir.theice.com,unknown,metadata_only,false,webcast_terms_not_reviewed,"Open from company IR, verify replay access and storage terms, and avoid session-restricted media.",rights_aware_metadata_discovery,2026-05-24T00:33:59+00:00,sha256:9e3df45e2d08f4ed9b4f86fffc1034801a9d9cd19b3b4f702ec1b4faa2e63931,"Audio/webcast replay candidate only; support layer, not canonical transcript."
ice_2025_q4_sec_edgar_3,ice_2025_q4,ICE,"Intercontinental Exchange, Inc.",2025,Q4,sec_edgar,sec-edgar://CIK_LOOKUP_REQUIRED/ICE/2025/Q4,sec-edgar,unknown,metadata_only,false,sec_metadata_only_no_raw_filing_body,Optional later SEC metadata fetch with descriptive User-Agent and <=10 rps rate limit.,rights_aware_metadata_discovery,2026-05-24T00:33:59+00:00,sha256:c39564235dd9821063965ec4ca9afe4335580ea6d10611709210eb0cf1b66d9a,"SEC may identify event timing, 8-K references, releases, and exhibit metadata; transcripts are not guaranteed."
ice_2025_q4_youtube_metadata_only_4,ice_2025_q4,ICE,"Intercontinental Exchange, Inc.",2025,Q4,youtube_metadata_only,https://www.youtube.com/results?search_query=ICE+Intercontinental+Exchange%2C+Inc.+earnings+call+2025+Q4,youtube.com,unknown,metadata_only,false,youtube_media_download_blocked_without_authorization,Use YouTube links as metadata references only unless explicit authorization exists.,rights_aware_metadata_discovery,2026-05-24T00:33:59+00:00,sha256:b3106783eb6dd821ffb3d5abbce16a11b4ada010648affbc59afec03ea0ce549,No YouTube audio or video acquisition is performed.
ice_2025_q4_earnings_platform_5,ice_2025_q4,ICE,"Intercontinental Exchange, Inc.",2025,Q4,earnings_platform,licensed-vendor://blocked/ICE/2025/Q4,licensed-vendor,blocked,blocked,false,licensed_vendor_without_license_config,Register license configuration before any vendor raw content use.,rights_aware_metadata_discovery,2026-05-24T00:33:59+00:00,sha256:ff4ccffcf5fd66b78aac7e4e80ce3b3e177bfb8d943887c78f3c9833dfd2760d,Vendor raw transcript access is blocked by default.
schw_2025_q4_company_ir_1,schw_2025_q4,SCHW,The Charles Schwab Corporation,2025,Q4,company_ir,https://www.aboutschwab.com/investor-relations,aboutschwab.com,unknown,metadata_only,false,source_terms_and_robots_not_reviewed,Review official IR source terms and robots policy before any raw transcript use.,rights_aware_metadata_discovery,2026-05-24T00:33:59+00:00,sha256:6d36ff5cdc89abdd89bfe641d89d41743990834baca17cbdf0bb2f419672b8a3,Preferred transcript source when terms allow; this row does not assert transcript availability.
schw_2025_q4_webcast_provider_2,schw_2025_q4,SCHW,The Charles Schwab Corporation,2025,Q4,webcast_provider,https://www.aboutschwab.com/investor-relations,aboutschwab.com,unknown,metadata_only,false,webcast_terms_not_reviewed,"Open from company IR, verify replay access and storage terms, and avoid session-restricted media.",rights_aware_metadata_discovery,2026-05-24T00:33:59+00:00,sha256:110cb958aa4ccd62ebb9419de98498e6970beba79ddd79e78eae7b9ad905636a,"Audio/webcast replay candidate only; support layer, not canonical transcript."
schw_2025_q4_sec_edgar_3,schw_2025_q4,SCHW,The Charles Schwab Corporation,2025,Q4,sec_edgar,sec-edgar://CIK_LOOKUP_REQUIRED/SCHW/2025/Q4,sec-edgar,unknown,metadata_only,false,sec_metadata_only_no_raw_filing_body,Optional later SEC metadata fetch with descriptive User-Agent and <=10 rps rate limit.,rights_aware_metadata_discovery,2026-05-24T00:33:59+00:00,sha256:17506ea92d1be73c991b177c56740dd08627e44ba4865151ceea3a9fa4434993,"SEC may identify event timing, 8-K references, releases, and exhibit metadata; transcripts are not guaranteed."
schw_2025_q4_youtube_metadata_only_4,schw_2025_q4,SCHW,The Charles Schwab Corporation,2025,Q4,youtube_metadata_only,https://www.youtube.com/results?search_query=SCHW+The+Charles+Schwab+Corporation+earnings+call+2025+Q4,youtube.com,unknown,metadata_only,false,youtube_media_download_blocked_without_authorization,Use YouTube links as metadata references only unless explicit authorization exists.,rights_aware_metadata_discovery,2026-05-24T00:33:59+00:00,sha256:85ed459877f5bc82ff3103860765ddbeef8d36d4d80215004392fa1cb3a932f2,No YouTube audio or video acquisition is performed.
schw_2025_q4_earnings_platform_5,schw_2025_q4,SCHW,The Charles Schwab Corporation,2025,Q4,earnings_platform,licensed-vendor://blocked/SCHW/2025/Q4,licensed-vendor,blocked,blocked,false,licensed_vendor_without_license_config,Register license configuration before any vendor raw content use.,rights_aware_metadata_discovery,2026-05-24T00:33:59+00:00,sha256:309e5faf739a663277984c917cd8ebeb33ddaef967b7c41361d9c122c7e13e3e,Vendor raw transcript access is blocked by default.
mmc_2025_q4_company_ir_1,mmc_2025_q4,MMC,"Marsh & McLennan Companies, Inc.",2025,Q4,company_ir,https://ir.mmc.com/,ir.mmc.com,unknown,metadata_only,false,source_terms_and_robots_not_reviewed,Review official IR source terms and robots policy before any raw transcript use.,rights_aware_metadata_discovery,2026-05-24T00:33:59+00:00,sha256:ec667c6fcbecaf05d553ea561cc89a6aa44680deddfb83e4176b607f1bf16be8,Preferred transcript source when terms allow; this row does not assert transcript availability.
mmc_2025_q4_webcast_provider_2,mmc_2025_q4,MMC,"Marsh & McLennan Companies, Inc.",2025,Q4,webcast_provider,https://ir.mmc.com/,ir.mmc.com,unknown,metadata_only,false,webcast_terms_not_reviewed,"Open from company IR, verify replay access and storage terms, and avoid session-restricted media.",rights_aware_metadata_discovery,2026-05-24T00:33:59+00:00,sha256:a95707e2b1b22168970ba74249a262e3fa0c3137a1743d161103a25353606f2d,"Audio/webcast replay candidate only; support layer, not canonical transcript."
mmc_2025_q4_sec_edgar_3,mmc_2025_q4,MMC,"Marsh & McLennan Companies, Inc.",2025,Q4,sec_edgar,sec-edgar://CIK_LOOKUP_REQUIRED/MMC/2025/Q4,sec-edgar,unknown,metadata_only,false,sec_metadata_only_no_raw_filing_body,Optional later SEC metadata fetch with descriptive User-Agent and <=10 rps rate limit.,rights_aware_metadata_discovery,2026-05-24T00:33:59+00:00,sha256:ffe909acc565bcb7cc7eed486ceec13400de61353e7dc1aa8d2175a82f9780a8,"SEC may identify event timing, 8-K references, releases, and exhibit metadata; transcripts are not guaranteed."
mmc_2025_q4_youtube_metadata_only_4,mmc_2025_q4,MMC,"Marsh & McLennan Companies, Inc.",2025,Q4,youtube_metadata_only,https://www.youtube.com/results?search_query=MMC+Marsh+%26+McLennan+Companies%2C+Inc.+earnings+call+2025+Q4,youtube.com,unknown,metadata_only,false,youtube_media_download_blocked_without_authorization,Use YouTube links as metadata references only unless explicit authorization exists.,rights_aware_metadata_discovery,2026-05-24T00:33:59+00:00,sha256:3bd4a2c88f8b8b8b4a33ce3ef3117225f59dfde6ef35f6bf396c1107af755913,No YouTube audio or video acquisition is performed.
mmc_2025_q4_earnings_platform_5,mmc_2025_q4,MMC,"Marsh & McLennan Companies, Inc.",2025,Q4,earnings_platform,licensed-vendor://blocked/MMC/2025/Q4,licensed-vendor,blocked,blocked,false,licensed_vendor_without_license_config,Register license configuration before any vendor raw content use.,rights_aware_metadata_discovery,2026-05-24T00:33:59+00:00,sha256:76ad0af20a5eeeef578232db902b1e28e6df0542e8cd6029986b864e128f2f6e,Vendor raw transcript access is blocked by default.
aon_2025_q4_company_ir_1,aon_2025_q4,AON,Aon plc,2025,Q4,company_ir,https://ir.aon.com/,ir.aon.com,unknown,metadata_only,false,source_terms_and_robots_not_reviewed,Review official IR source terms and robots policy before any raw transcript use.,rights_aware_metadata_discovery,2026-05-24T00:33:59+00:00,sha256:f856eeb3db5c44ef16767096eeda6f880c55b3d1c9b65c12b1e496c928735663,Preferred transcript source when terms allow; this row does not assert transcript availability.
aon_2025_q4_webcast_provider_2,aon_2025_q4,AON,Aon plc,2025,Q4,webcast_provider,https://ir.aon.com/,ir.aon.com,unknown,metadata_only,false,webcast_terms_not_reviewed,"Open from company IR, verify replay access and storage terms, and avoid session-restricted media.",rights_aware_metadata_discovery,2026-05-24T00:33:59+00:00,sha256:60e0ef8d619f5b871dfd43be3e424b6db1b115159a495f4b790f59d66d8c6b5b,"Audio/webcast replay candidate only; support layer, not canonical transcript."
aon_2025_q4_sec_edgar_3,aon_2025_q4,AON,Aon plc,2025,Q4,sec_edgar,sec-edgar://CIK_LOOKUP_REQUIRED/AON/2025/Q4,sec-edgar,unknown,metadata_only,false,sec_metadata_only_no_raw_filing_body,Optional later SEC metadata fetch with descriptive User-Agent and <=10 rps rate limit.,rights_aware_metadata_discovery,2026-05-24T00:33:59+00:00,sha256:4612896cd9dcdef193d4a2de03ed8f2c70d8c59513eddfe857317c351c8f692e,"SEC may identify event timing, 8-K references, releases, and exhibit metadata; transcripts are not guaranteed."
aon_2025_q4_youtube_metadata_only_4,aon_2025_q4,AON,Aon plc,2025,Q4,youtube_metadata_only,https://www.youtube.com/results?search_query=AON+Aon+plc+earnings+call+2025+Q4,youtube.com,unknown,metadata_only,false,youtube_media_download_blocked_without_authorization,Use YouTube links as metadata references only unless explicit authorization exists.,rights_aware_metadata_discovery,2026-05-24T00:33:59+00:00,sha256:810f954034f6d5929aa84428d72c69cc5755568b4b8560716a24feca5f1de3d4,No YouTube audio or video acquisition is performed.
aon_2025_q4_earnings_platform_5,aon_2025_q4,AON,Aon plc,2025,Q4,earnings_platform,licensed-vendor://blocked/AON/2025/Q4,licensed-vendor,blocked,blocked,false,licensed_vendor_without_license_config,Register license configuration before any vendor raw content use.,rights_aware_metadata_discovery,2026-05-24T00:33:59+00:00,sha256:05c7098bf02465ab06970677dc164bfdad245521348ea62ebf19173188327f4a,Vendor raw transcript access is blocked by default.
abt_2025_q4_company_ir_1,abt_2025_q4,ABT,Abbott Laboratories,2025,Q4,company_ir,https://www.abbottinvestor.com/,abbottinvestor.com,unknown,metadata_only,false,source_terms_and_robots_not_reviewed,Review official IR source terms and robots policy before any raw transcript use.,rights_aware_metadata_discovery,2026-05-24T00:33:59+00:00,sha256:d657d862d14925b1c680b88bc82b89391eafa48425fd9fcc261e4fceef89f47e,Preferred transcript source when terms allow; this row does not assert transcript availability.
abt_2025_q4_webcast_provider_2,abt_2025_q4,ABT,Abbott Laboratories,2025,Q4,webcast_provider,https://www.abbottinvestor.com/,abbottinvestor.com,unknown,metadata_only,false,webcast_terms_not_reviewed,"Open from company IR, verify replay access and storage terms, and avoid session-restricted media.",rights_aware_metadata_discovery,2026-05-24T00:33:59+00:00,sha256:8828b601b9eaa6c5126393eb65a5d716d0a0e19f1ee6c808e79dd975742abd0e,"Audio/webcast replay candidate only; support layer, not canonical transcript."
abt_2025_q4_sec_edgar_3,abt_2025_q4,ABT,Abbott Laboratories,2025,Q4,sec_edgar,sec-edgar://CIK_LOOKUP_REQUIRED/ABT/2025/Q4,sec-edgar,unknown,metadata_only,false,sec_metadata_only_no_raw_filing_body,Optional later SEC metadata fetch with descriptive User-Agent and <=10 rps rate limit.,rights_aware_metadata_discovery,2026-05-24T00:33:59+00:00,sha256:936e193ed878a3702aedc6f8aced4ff6bc8fb8b1cd7c6f6e93cdce407f60fd2b,"SEC may identify event timing, 8-K references, releases, and exhibit metadata; transcripts are not guaranteed."
abt_2025_q4_youtube_metadata_only_4,abt_2025_q4,ABT,Abbott Laboratories,2025,Q4,youtube_metadata_only,https://www.youtube.com/results?search_query=ABT+Abbott+Laboratories+earnings+call+2025+Q4,youtube.com,unknown,metadata_only,false,youtube_media_download_blocked_without_authorization,Use YouTube links as metadata references only unless explicit authorization exists.,rights_aware_metadata_discovery,2026-05-24T00:33:59+00:00,sha256:a3aad3f6f9d656df227809bbb99617ae28b445276a4664700839e2ff3f5a92c1,No YouTube audio or video acquisition is performed.
abt_2025_q4_earnings_platform_5,abt_2025_q4,ABT,Abbott Laboratories,2025,Q4,earnings_platform,licensed-vendor://blocked/ABT/2025/Q4,licensed-vendor,blocked,blocked,false,licensed_vendor_without_license_config,Register license configuration before any vendor raw content use.,rights_aware_metadata_discovery,2026-05-24T00:33:59+00:00,sha256:f9a8dd360f5ddaeb42b8a70c6882949961fa431179d193adf60e6f61c9ddef0e,Vendor raw transcript access is blocked by default.
bmy_2025_q4_company_ir_1,bmy_2025_q4,BMY,Bristol Myers Squibb Company,2025,Q4,company_ir,https://investor.bms.com/,investor.bms.com,unknown,metadata_only,false,source_terms_and_robots_not_reviewed,Review official IR source terms and robots policy before any raw transcript use.,rights_aware_metadata_discovery,2026-05-24T00:33:59+00:00,sha256:20225ebde57e4018789637d7fc0bb6edbab9d16dda58b159957eb8d14c78c19e,Preferred transcript source when terms allow; this row does not assert transcript availability.
bmy_2025_q4_webcast_provider_2,bmy_2025_q4,BMY,Bristol Myers Squibb Company,2025,Q4,webcast_provider,https://investor.bms.com/,investor.bms.com,unknown,metadata_only,false,webcast_terms_not_reviewed,"Open from company IR, verify replay access and storage terms, and avoid session-restricted media.",rights_aware_metadata_discovery,2026-05-24T00:33:59+00:00,sha256:c92488a044baaf4a18cdb87e40339ebecc7e93ed61c8e161b79c7ede590ad5cf,"Audio/webcast replay candidate only; support layer, not canonical transcript."
bmy_2025_q4_sec_edgar_3,bmy_2025_q4,BMY,Bristol Myers Squibb Company,2025,Q4,sec_edgar,sec-edgar://CIK_LOOKUP_REQUIRED/BMY/2025/Q4,sec-edgar,unknown,metadata_only,false,sec_metadata_only_no_raw_filing_body,Optional later SEC metadata fetch with descriptive User-Agent and <=10 rps rate limit.,rights_aware_metadata_discovery,2026-05-24T00:33:59+00:00,sha256:f433ef8e91545004d59e1e23fc472a1951bbdb4bb4205a266d5fa6dbaf5597b3,"SEC may identify event timing, 8-K references, releases, and exhibit metadata; transcripts are not guaranteed."
bmy_2025_q4_youtube_metadata_only_4,bmy_2025_q4,BMY,Bristol Myers Squibb Company,2025,Q4,youtube_metadata_only,https://www.youtube.com/results?search_query=BMY+Bristol+Myers+Squibb+Company+earnings+call+2025+Q4,youtube.com,unknown,metadata_only,false,youtube_media_download_blocked_without_authorization,Use YouTube links as metadata references only unless explicit authorization exists.,rights_aware_metadata_discovery,2026-05-24T00:33:59+00:00,sha256:ae735f8316fa250c298f39db9a0476e6ebb8a5ba430aa121cddc401ecc98617f,No YouTube audio or video acquisition is performed.
bmy_2025_q4_earnings_platform_5,bmy_2025_q4,BMY,Bristol Myers Squibb Company,2025,Q4,earnings_platform,licensed-vendor://blocked/BMY/2025/Q4,licensed-vendor,blocked,blocked,false,licensed_vendor_without_license_config,Register license configuration before any vendor raw content use.,rights_aware_metadata_discovery,2026-05-24T00:33:59+00:00,sha256:18119f6cda1b47d3ede5aa1cdf595b2c5617d20cfbdc700d6938135b9524bd16,Vendor raw transcript access is blocked by default.
mdt_2025_q4_company_ir_1,mdt_2025_q4,MDT,Medtronic plc,2025,Q4,company_ir,https://investorrelations.medtronic.com/,investorrelations.medtronic.com,unknown,metadata_only,false,source_terms_and_robots_not_reviewed,Review official IR source terms and robots policy before any raw transcript use.,rights_aware_metadata_discovery,2026-05-24T00:33:59+00:00,sha256:96c73bea2093f1bcfb790736558151ce6e06eabee4e458a7256fcbce5503c69f,Preferred transcript source when terms allow; this row does not assert transcript availability.
mdt_2025_q4_webcast_provider_2,mdt_2025_q4,MDT,Medtronic plc,2025,Q4,webcast_provider,https://investorrelations.medtronic.com/,investorrelations.medtronic.com,unknown,metadata_only,false,webcast_terms_not_reviewed,"Open from company IR, verify replay access and storage terms, and avoid session-restricted media.",rights_aware_metadata_discovery,2026-05-24T00:33:59+00:00,sha256:b37f39129ea3fdf2085173f0c8d96515f2db86c7e47830bb3c14e8fc547ea511,"Audio/webcast replay candidate only; support layer, not canonical transcript."
mdt_2025_q4_sec_edgar_3,mdt_2025_q4,MDT,Medtronic plc,2025,Q4,sec_edgar,sec-edgar://CIK_LOOKUP_REQUIRED/MDT/2025/Q4,sec-edgar,unknown,metadata_only,false,sec_metadata_only_no_raw_filing_body,Optional later SEC metadata fetch with descriptive User-Agent and <=10 rps rate limit.,rights_aware_metadata_discovery,2026-05-24T00:33:59+00:00,sha256:0bdcac8162a359c206fc3d98bd0b1b9f81ac111d431e73fd69aed3dac8ea7559,"SEC may identify event timing, 8-K references, releases, and exhibit metadata; transcripts are not guaranteed."
mdt_2025_q4_youtube_metadata_only_4,mdt_2025_q4,MDT,Medtronic plc,2025,Q4,youtube_metadata_only,https://www.youtube.com/results?search_query=MDT+Medtronic+plc+earnings+call+2025+Q4,youtube.com,unknown,metadata_only,false,youtube_media_download_blocked_without_authorization,Use YouTube links as metadata references only unless explicit authorization exists.,rights_aware_metadata_discovery,2026-05-24T00:33:59+00:00,sha256:b5f19733f8630fe85f3ac9a7653dd44219904c6aa474892fa709b200cd0d1780,No YouTube audio or video acquisition is performed.
mdt_2025_q4_earnings_platform_5,mdt_2025_q4,MDT,Medtronic plc,2025,Q4,earnings_platform,licensed-vendor://blocked/MDT/2025/Q4,licensed-vendor,blocked,blocked,false,licensed_vendor_without_license_config,Register license configuration before any vendor raw content use.,rights_aware_metadata_discovery,2026-05-24T00:33:59+00:00,sha256:71dde656c14660b592d050186d771d71fef358126b9ed1a095c88474c23f6c0e,Vendor raw transcript access is blocked by default.
tmo_2025_q4_company_ir_1,tmo_2025_q4,TMO,Thermo Fisher Scientific Inc.,2025,Q4,company_ir,https://ir.thermofisher.com/,ir.thermofisher.com,unknown,metadata_only,false,source_terms_and_robots_not_reviewed,Review official IR source terms and robots policy before any raw transcript use.,rights_aware_metadata_discovery,2026-05-24T00:33:59+00:00,sha256:061eff98706789a4d942dc51b6191d9e46f5908ece8b6ef2cb3019caca7926b5,Preferred transcript source when terms allow; this row does not assert transcript availability.
tmo_2025_q4_webcast_provider_2,tmo_2025_q4,TMO,Thermo Fisher Scientific Inc.,2025,Q4,webcast_provider,https://ir.thermofisher.com/,ir.thermofisher.com,unknown,metadata_only,false,webcast_terms_not_reviewed,"Open from company IR, verify replay access and storage terms, and avoid session-restricted media.",rights_aware_metadata_discovery,2026-05-24T00:33:59+00:00,sha256:1f2193882d96fb65ab543c9d11ef5b468369e47060ff7f7d8336cc5e5ce91117,"Audio/webcast replay candidate only; support layer, not canonical transcript."
tmo_2025_q4_sec_edgar_3,tmo_2025_q4,TMO,Thermo Fisher Scientific Inc.,2025,Q4,sec_edgar,sec-edgar://CIK_LOOKUP_REQUIRED/TMO/2025/Q4,sec-edgar,unknown,metadata_only,false,sec_metadata_only_no_raw_filing_body,Optional later SEC metadata fetch with descriptive User-Agent and <=10 rps rate limit.,rights_aware_metadata_discovery,2026-05-24T00:33:59+00:00,sha256:4c12e3ea837759add237bb051ae12be8f73e90b9b7983eaadf23886820071a67,"SEC may identify event timing, 8-K references, releases, and exhibit metadata; transcripts are not guaranteed."
tmo_2025_q4_youtube_metadata_only_4,tmo_2025_q4,TMO,Thermo Fisher Scientific Inc.,2025,Q4,youtube_metadata_only,https://www.youtube.com/results?search_query=TMO+Thermo+Fisher+Scientific+Inc.+earnings+call+2025+Q4,youtube.com,unknown,metadata_only,false,youtube_media_download_blocked_without_authorization,Use YouTube links as metadata references only unless explicit authorization exists.,rights_aware_metadata_discovery,2026-05-24T00:33:59+00:00,sha256:6235dba1a8bdd1219faa2ab5730daf8472e1f8093d9a81fab7ca7ea61d37da4e,No YouTube audio or video acquisition is performed.
tmo_2025_q4_earnings_platform_5,tmo_2025_q4,TMO,Thermo Fisher Scientific Inc.,2025,Q4,earnings_platform,licensed-vendor://blocked/TMO/2025/Q4,licensed-vendor,blocked,blocked,false,licensed_vendor_without_license_config,Register license configuration before any vendor raw content use.,rights_aware_metadata_discovery,2026-05-24T00:33:59+00:00,sha256:f3b2283a0b0aa70fc8600d770d08d75ee705a4d45a414cec8f96f8cffd61cd3a,Vendor raw transcript access is blocked by default.
