case_id,ticker,company_name,source_type,asset_type,source_url,source_domain,rights_status,blocked_reason,download_allowed,commit_allowed,training_allowed,eval_allowed,license_config_ref,authorization_ref,provenance_hash,notes
jpm_2025_q4,JPM,JPMorgan Chase & Co.,official_ir,transcript,https://www.jpmorganchase.com/ir,www.jpmorganchase.com,metadata_only,metadata_only_no_raw_download,false,false,false,false,,,sha256:46a829ee5ded030b337982f4b23ea41e7b60ae6f8457e793003d467558ea2363,"Review official IR source terms, robots policy, and event identity before permitted acquisition."
jpm_2025_q4,JPM,JPMorgan Chase & Co.,sec_edgar,metadata,sec-edgar://metadata-first/JPM/2025/Q4,sec.gov,metadata_only,sec_metadata_only,false,false,false,false,,,sha256:9753f5af354985c3472db97177e2fadb0b278450119e272fac479af214e92a0d,Use SEC metadata-first discovery with descriptive User-Agent and <=10 requests/sec.
jpm_2025_q4,JPM,JPMorgan Chase & Co.,youtube,video,https://www.youtube.com/results?search_query=JPM+2025+Q4+earnings+call,www.youtube.com,metadata_only,youtube_media_blocked,false,false,false,false,,,sha256:ba716c9e14d0da24ab0a4acc6213b0ecfe7567976dfc79e94d4ac9817ac0ce99,Keep YouTube as metadata/link reference only unless explicit written authorization exists.
jpm_2025_q4,JPM,JPMorgan Chase & Co.,vendor,transcript,licensed-vendor://blocked/JPM/2025/Q4,licensed-vendor,license_required,vendor_license_missing,false,false,false,false,,,sha256:6aee91218ba73a054e5dfc84248493269c7041ca2be27ee48d7ac59416009c57,Register license_config_ref before any vendor raw content use.
bac_2025_q4,BAC,Bank of America Corporation,official_ir,transcript,https://investor.bankofamerica.com/,investor.bankofamerica.com,metadata_only,metadata_only_no_raw_download,false,false,false,false,,,sha256:d0c57a734f1c1bce5fa358e564c69e295e19b2f11ac0aac181369d8ad6159223,"Review official IR source terms, robots policy, and event identity before permitted acquisition."
bac_2025_q4,BAC,Bank of America Corporation,sec_edgar,metadata,sec-edgar://metadata-first/BAC/2025/Q4,sec.gov,metadata_only,sec_metadata_only,false,false,false,false,,,sha256:de148ead5f0673e14125d60190599f795a6a1300ce96b5f2b9778011379ccab1,Use SEC metadata-first discovery with descriptive User-Agent and <=10 requests/sec.
bac_2025_q4,BAC,Bank of America Corporation,youtube,video,https://www.youtube.com/results?search_query=BAC+2025+Q4+earnings+call,www.youtube.com,metadata_only,youtube_media_blocked,false,false,false,false,,,sha256:9d94714c8c9e87bd6c27c822257507a92b3e7f26c611d57ec043de09f03a7085,Keep YouTube as metadata/link reference only unless explicit written authorization exists.
bac_2025_q4,BAC,Bank of America Corporation,vendor,transcript,licensed-vendor://blocked/BAC/2025/Q4,licensed-vendor,license_required,vendor_license_missing,false,false,false,false,,,sha256:75ed6a40a49e46e848bcff62d758af03db2db0cfcfde3aefd50d46f524bed78f,Register license_config_ref before any vendor raw content use.
c_2025_q4,C,Citigroup Inc.,official_ir,transcript,https://www.citigroup.com/global/investors,www.citigroup.com,metadata_only,metadata_only_no_raw_download,false,false,false,false,,,sha256:229941adf0ed3cb835e1da00d2b75838d09f50b5b1669587ad6b6cd918f87a61,"Review official IR source terms, robots policy, and event identity before permitted acquisition."
c_2025_q4,C,Citigroup Inc.,sec_edgar,metadata,sec-edgar://metadata-first/C/2025/Q4,sec.gov,metadata_only,sec_metadata_only,false,false,false,false,,,sha256:ac7071afb55cf0371c356fc4bfaa7f7fe8593157454b07b6b119a51d4315c1f4,Use SEC metadata-first discovery with descriptive User-Agent and <=10 requests/sec.
c_2025_q4,C,Citigroup Inc.,youtube,video,https://www.youtube.com/results?search_query=C+2025+Q4+earnings+call,www.youtube.com,metadata_only,youtube_media_blocked,false,false,false,false,,,sha256:3bfe75dbf6cf44e318a298382dd31b68e0e7e2df8b1b69fd8641448343ab51f5,Keep YouTube as metadata/link reference only unless explicit written authorization exists.
c_2025_q4,C,Citigroup Inc.,vendor,transcript,licensed-vendor://blocked/C/2025/Q4,licensed-vendor,license_required,vendor_license_missing,false,false,false,false,,,sha256:b2c2c488936002b4604b1760724d5f6f766414d7f29b411f0dfd6ca9b5fe280d,Register license_config_ref before any vendor raw content use.
wfc_2025_q4,WFC,Wells Fargo & Company,official_ir,transcript,https://www.wellsfargo.com/about/investor-relations/,www.wellsfargo.com,metadata_only,metadata_only_no_raw_download,false,false,false,false,,,sha256:45da66ee405a4528da52d9eef91a235ec45741f7cf8ec7810046517bb702f640,"Review official IR source terms, robots policy, and event identity before permitted acquisition."
wfc_2025_q4,WFC,Wells Fargo & Company,sec_edgar,metadata,sec-edgar://metadata-first/WFC/2025/Q4,sec.gov,metadata_only,sec_metadata_only,false,false,false,false,,,sha256:4d8bfabc2651f6a781d1cf5087aa279a272862ffc4c99348bad9680f40a69cb1,Use SEC metadata-first discovery with descriptive User-Agent and <=10 requests/sec.
wfc_2025_q4,WFC,Wells Fargo & Company,youtube,video,https://www.youtube.com/results?search_query=WFC+2025+Q4+earnings+call,www.youtube.com,metadata_only,youtube_media_blocked,false,false,false,false,,,sha256:3e6afdbb81bda9f22dd54f66260d72fee9482d423c5b7615bfd9cdef7f828505,Keep YouTube as metadata/link reference only unless explicit written authorization exists.
wfc_2025_q4,WFC,Wells Fargo & Company,vendor,transcript,licensed-vendor://blocked/WFC/2025/Q4,licensed-vendor,license_required,vendor_license_missing,false,false,false,false,,,sha256:56995bb3069d6d8660a32ef384efe24fb108dce0eaced2902929c0dfcfa22fd1,Register license_config_ref before any vendor raw content use.
gs_2025_q4,GS,"The Goldman Sachs Group, Inc.",official_ir,transcript,https://www.goldmansachs.com/investor-relations/,www.goldmansachs.com,metadata_only,metadata_only_no_raw_download,false,false,false,false,,,sha256:112ec5143468521a37b8a0559d79583ebebf85d1f7d5fee4f7c9f669645a1a64,"Review official IR source terms, robots policy, and event identity before permitted acquisition."
gs_2025_q4,GS,"The Goldman Sachs Group, Inc.",sec_edgar,metadata,sec-edgar://metadata-first/GS/2025/Q4,sec.gov,metadata_only,sec_metadata_only,false,false,false,false,,,sha256:1ac8ad38409df8f4a0e58757d84f6cab7aed1411f50d0a17b7790424323d8947,Use SEC metadata-first discovery with descriptive User-Agent and <=10 requests/sec.
gs_2025_q4,GS,"The Goldman Sachs Group, Inc.",youtube,video,https://www.youtube.com/results?search_query=GS+2025+Q4+earnings+call,www.youtube.com,metadata_only,youtube_media_blocked,false,false,false,false,,,sha256:f20221a816669239ed1c19b0ca914c8f07166fec5f7b54e540c23c409c560e8f,Keep YouTube as metadata/link reference only unless explicit written authorization exists.
gs_2025_q4,GS,"The Goldman Sachs Group, Inc.",vendor,transcript,licensed-vendor://blocked/GS/2025/Q4,licensed-vendor,license_required,vendor_license_missing,false,false,false,false,,,sha256:f9a32e5b8a735c455c4fadac791b5e1da84171aebd6b06ae0291d4b62c6684d4,Register license_config_ref before any vendor raw content use.
ms_2025_q4,MS,Morgan Stanley,official_ir,transcript,https://www.morganstanley.com/about-us-ir,www.morganstanley.com,metadata_only,metadata_only_no_raw_download,false,false,false,false,,,sha256:09b3d99c50607a5c0cff3ad1fb955b804e9afd36855b86f7e0e4201225a93e6a,"Review official IR source terms, robots policy, and event identity before permitted acquisition."
ms_2025_q4,MS,Morgan Stanley,sec_edgar,metadata,sec-edgar://metadata-first/MS/2025/Q4,sec.gov,metadata_only,sec_metadata_only,false,false,false,false,,,sha256:14da3014c1c471c11905a874e592f3d3b50015912d54039376fbe67ff175aef4,Use SEC metadata-first discovery with descriptive User-Agent and <=10 requests/sec.
ms_2025_q4,MS,Morgan Stanley,youtube,video,https://www.youtube.com/results?search_query=MS+2025+Q4+earnings+call,www.youtube.com,metadata_only,youtube_media_blocked,false,false,false,false,,,sha256:7a2165e0c9be9749058e9afc26b84a0a8798816655c2832bd640df3f77b66c65,Keep YouTube as metadata/link reference only unless explicit written authorization exists.
ms_2025_q4,MS,Morgan Stanley,vendor,transcript,licensed-vendor://blocked/MS/2025/Q4,licensed-vendor,license_required,vendor_license_missing,false,false,false,false,,,sha256:f4b8dc7800189cc8048be011174f1c5c64150e9c7b04c33a436f20f9c00d8612,Register license_config_ref before any vendor raw content use.
bk_2025_q4,BK,The Bank of New York Mellon Corporation,official_ir,transcript,https://www.bny.com/corporate/global/en/investor-relations.html,www.bny.com,metadata_only,metadata_only_no_raw_download,false,false,false,false,,,sha256:bf12558a6edd225a75dd5dc8333214ea156dc29dc1745a88260041b4247ffd9e,"Review official IR source terms, robots policy, and event identity before permitted acquisition."
bk_2025_q4,BK,The Bank of New York Mellon Corporation,sec_edgar,metadata,sec-edgar://metadata-first/BK/2025/Q4,sec.gov,metadata_only,sec_metadata_only,false,false,false,false,,,sha256:fa9df1996b462764f99c9d712c9a908d28ad8f2da85d9981d1140fff49a9b686,Use SEC metadata-first discovery with descriptive User-Agent and <=10 requests/sec.
bk_2025_q4,BK,The Bank of New York Mellon Corporation,youtube,video,https://www.youtube.com/results?search_query=BK+2025+Q4+earnings+call,www.youtube.com,metadata_only,youtube_media_blocked,false,false,false,false,,,sha256:69883cb53f2e65a0d1733f19cf27083f7e9fb84962bce8a155b195c438c76357,Keep YouTube as metadata/link reference only unless explicit written authorization exists.
bk_2025_q4,BK,The Bank of New York Mellon Corporation,vendor,transcript,licensed-vendor://blocked/BK/2025/Q4,licensed-vendor,license_required,vendor_license_missing,false,false,false,false,,,sha256:6ac23602bd218dbfebb0e046ac61604e5adca83b9e0531167be4b619bef46469,Register license_config_ref before any vendor raw content use.
stt_2025_q4,STT,State Street Corporation,official_ir,transcript,https://investors.statestreet.com/,investors.statestreet.com,metadata_only,metadata_only_no_raw_download,false,false,false,false,,,sha256:533c8b200dedd03bfcde3b6edbb06dfd9bda0919e7f477ec5fecad9e784fc94c,"Review official IR source terms, robots policy, and event identity before permitted acquisition."
stt_2025_q4,STT,State Street Corporation,sec_edgar,metadata,sec-edgar://metadata-first/STT/2025/Q4,sec.gov,metadata_only,sec_metadata_only,false,false,false,false,,,sha256:57fe3fb2df9a157023307edd45fbfaad4e027179d1db63df3656137b58e78d21,Use SEC metadata-first discovery with descriptive User-Agent and <=10 requests/sec.
stt_2025_q4,STT,State Street Corporation,youtube,video,https://www.youtube.com/results?search_query=STT+2025+Q4+earnings+call,www.youtube.com,metadata_only,youtube_media_blocked,false,false,false,false,,,sha256:a15e4e130b6d32667f40c4d8d2cc94311c72c1c3a003cb79c3e32505248ec500,Keep YouTube as metadata/link reference only unless explicit written authorization exists.
stt_2025_q4,STT,State Street Corporation,vendor,transcript,licensed-vendor://blocked/STT/2025/Q4,licensed-vendor,license_required,vendor_license_missing,false,false,false,false,,,sha256:8f5ea43cbf4b4f38a589011f00a84cf9614700d54bff2b0c4d268139af2b9b46,Register license_config_ref before any vendor raw content use.
usb_2025_q4,USB,U.S. Bancorp,official_ir,transcript,https://ir.usbank.com/,ir.usbank.com,metadata_only,metadata_only_no_raw_download,false,false,false,false,,,sha256:fd23f686192c7999d2115ad93d0abc27259d379da862d0c0a0b80ba4962b396a,"Review official IR source terms, robots policy, and event identity before permitted acquisition."
usb_2025_q4,USB,U.S. Bancorp,sec_edgar,metadata,sec-edgar://metadata-first/USB/2025/Q4,sec.gov,metadata_only,sec_metadata_only,false,false,false,false,,,sha256:800d9b78ac65f2a2c8d0e7d15099584ba7b38f7e71b7495a74216a9d9370d760,Use SEC metadata-first discovery with descriptive User-Agent and <=10 requests/sec.
usb_2025_q4,USB,U.S. Bancorp,youtube,video,https://www.youtube.com/results?search_query=USB+2025+Q4+earnings+call,www.youtube.com,metadata_only,youtube_media_blocked,false,false,false,false,,,sha256:2a57f6b8ca48bc70dd8284317d90616ddf983b0f719b40a10427609b70f1156c,Keep YouTube as metadata/link reference only unless explicit written authorization exists.
usb_2025_q4,USB,U.S. Bancorp,vendor,transcript,licensed-vendor://blocked/USB/2025/Q4,licensed-vendor,license_required,vendor_license_missing,false,false,false,false,,,sha256:fa430d52ea9cebc3ad1e87be5c156dbed11c60eb78a162ef17b1f90e640bda33,Register license_config_ref before any vendor raw content use.
pnc_2025_q4,PNC,"The PNC Financial Services Group, Inc.",official_ir,transcript,https://investor.pnc.com/,investor.pnc.com,metadata_only,metadata_only_no_raw_download,false,false,false,false,,,sha256:b131ec52e5c6b9623351b281346af3b6aa5262aac5783091b9407ec7d2470150,"Review official IR source terms, robots policy, and event identity before permitted acquisition."
pnc_2025_q4,PNC,"The PNC Financial Services Group, Inc.",sec_edgar,metadata,sec-edgar://metadata-first/PNC/2025/Q4,sec.gov,metadata_only,sec_metadata_only,false,false,false,false,,,sha256:dddfa612fb948ef81fd40e8b2c639d92b9d696969145d05d1183445b3604cffa,Use SEC metadata-first discovery with descriptive User-Agent and <=10 requests/sec.
pnc_2025_q4,PNC,"The PNC Financial Services Group, Inc.",youtube,video,https://www.youtube.com/results?search_query=PNC+2025+Q4+earnings+call,www.youtube.com,metadata_only,youtube_media_blocked,false,false,false,false,,,sha256:f01f1e12d1b8c06053c575d4abd6bddc5027dc024f56d66b2ca485191466fffe,Keep YouTube as metadata/link reference only unless explicit written authorization exists.
pnc_2025_q4,PNC,"The PNC Financial Services Group, Inc.",vendor,transcript,licensed-vendor://blocked/PNC/2025/Q4,licensed-vendor,license_required,vendor_license_missing,false,false,false,false,,,sha256:62cf6137b9bf7acba5e9c17219199c657af0a90a391077d8d6e7a69a68d9ecdb,Register license_config_ref before any vendor raw content use.
tfc_2025_q4,TFC,Truist Financial Corporation,official_ir,transcript,https://ir.truist.com/,ir.truist.com,metadata_only,metadata_only_no_raw_download,false,false,false,false,,,sha256:9d0b1b4a59d9b37c6fd21fa23a22f46201870384b8ad2275dc70e3a076c09a9b,"Review official IR source terms, robots policy, and event identity before permitted acquisition."
tfc_2025_q4,TFC,Truist Financial Corporation,sec_edgar,metadata,sec-edgar://metadata-first/TFC/2025/Q4,sec.gov,metadata_only,sec_metadata_only,false,false,false,false,,,sha256:ab71f77e535e07822e1a0212b49f2f0b3177dcae783ae0d846cb8554585f77ae,Use SEC metadata-first discovery with descriptive User-Agent and <=10 requests/sec.
tfc_2025_q4,TFC,Truist Financial Corporation,youtube,video,https://www.youtube.com/results?search_query=TFC+2025+Q4+earnings+call,www.youtube.com,metadata_only,youtube_media_blocked,false,false,false,false,,,sha256:28406c496576cb381f3101cb530fbfd10c9942601043b9194ebb87bba2287f84,Keep YouTube as metadata/link reference only unless explicit written authorization exists.
tfc_2025_q4,TFC,Truist Financial Corporation,vendor,transcript,licensed-vendor://blocked/TFC/2025/Q4,licensed-vendor,license_required,vendor_license_missing,false,false,false,false,,,sha256:75973680b4f09ecb468f3017ed9b719e1163aeea68a359515e385d42ac2056b1,Register license_config_ref before any vendor raw content use.
cof_2025_q4,COF,Capital One Financial Corporation,official_ir,transcript,https://investor.capitalone.com/,investor.capitalone.com,metadata_only,metadata_only_no_raw_download,false,false,false,false,,,sha256:c43005ef817983decf9013bbdc5c75b5736e3a094ee69147cd0a697049d5815e,"Review official IR source terms, robots policy, and event identity before permitted acquisition."
cof_2025_q4,COF,Capital One Financial Corporation,sec_edgar,metadata,sec-edgar://metadata-first/COF/2025/Q4,sec.gov,metadata_only,sec_metadata_only,false,false,false,false,,,sha256:45edd0bba2e5d6b3f11ff2f47e16b1f8e94b9c4f5c3c1f9d536b856c3ae95601,Use SEC metadata-first discovery with descriptive User-Agent and <=10 requests/sec.
cof_2025_q4,COF,Capital One Financial Corporation,youtube,video,https://www.youtube.com/results?search_query=COF+2025+Q4+earnings+call,www.youtube.com,metadata_only,youtube_media_blocked,false,false,false,false,,,sha256:c6255112c38b3fca2c30ec754fe839eee86fc0b55b585c8f3e1ed2b5a2194423,Keep YouTube as metadata/link reference only unless explicit written authorization exists.
cof_2025_q4,COF,Capital One Financial Corporation,vendor,transcript,licensed-vendor://blocked/COF/2025/Q4,licensed-vendor,license_required,vendor_license_missing,false,false,false,false,,,sha256:1ef4558c738aa0c7c10eb3a023cd20ca259d5025c8fc2a272fa40958123a9597,Register license_config_ref before any vendor raw content use.
axp_2025_q4,AXP,American Express Company,official_ir,transcript,https://ir.americanexpress.com/,ir.americanexpress.com,metadata_only,metadata_only_no_raw_download,false,false,false,false,,,sha256:3a52ef89f535cb853a9cf02097a439aa8d55164ed66ab2ea68be496ef5b8ae21,"Review official IR source terms, robots policy, and event identity before permitted acquisition."
axp_2025_q4,AXP,American Express Company,sec_edgar,metadata,sec-edgar://metadata-first/AXP/2025/Q4,sec.gov,metadata_only,sec_metadata_only,false,false,false,false,,,sha256:a4dad70ad3630b8efeb65c69c63ffbde168a278171c0d1dfbbfff6d1ff68363e,Use SEC metadata-first discovery with descriptive User-Agent and <=10 requests/sec.
axp_2025_q4,AXP,American Express Company,youtube,video,https://www.youtube.com/results?search_query=AXP+2025+Q4+earnings+call,www.youtube.com,metadata_only,youtube_media_blocked,false,false,false,false,,,sha256:9472600d5fd6e7c1eefe203691291aa0041563b9b13555d57edf684c77aa4f6e,Keep YouTube as metadata/link reference only unless explicit written authorization exists.
axp_2025_q4,AXP,American Express Company,vendor,transcript,licensed-vendor://blocked/AXP/2025/Q4,licensed-vendor,license_required,vendor_license_missing,false,false,false,false,,,sha256:4f00112c621d4039d898082c879b2fe19142d7c314ebc386eef5d971e97d1e2b,Register license_config_ref before any vendor raw content use.
v_2025_q4,V,Visa Inc.,official_ir,transcript,https://investor.visa.com/,investor.visa.com,metadata_only,metadata_only_no_raw_download,false,false,false,false,,,sha256:7c8799b1199dea5ae89aae8588292af1ffa017c4fb0a5a9bed2a814c54c20e90,"Review official IR source terms, robots policy, and event identity before permitted acquisition."
v_2025_q4,V,Visa Inc.,sec_edgar,metadata,sec-edgar://metadata-first/V/2025/Q4,sec.gov,metadata_only,sec_metadata_only,false,false,false,false,,,sha256:48390ae1b300163a81cacb85789158ec90bd1bc6f8e76abc9be2b5b6503aae93,Use SEC metadata-first discovery with descriptive User-Agent and <=10 requests/sec.
v_2025_q4,V,Visa Inc.,youtube,video,https://www.youtube.com/results?search_query=V+2025+Q4+earnings+call,www.youtube.com,metadata_only,youtube_media_blocked,false,false,false,false,,,sha256:6481bdfbd36b1204e6d6e4b6740647da44a880a0cd2d70cb47e10ffde99ecf30,Keep YouTube as metadata/link reference only unless explicit written authorization exists.
v_2025_q4,V,Visa Inc.,vendor,transcript,licensed-vendor://blocked/V/2025/Q4,licensed-vendor,license_required,vendor_license_missing,false,false,false,false,,,sha256:0b9c376e04f2e073b4a0577d04784f6990b7c623a4e4641eb20f2b85a8eef2a1,Register license_config_ref before any vendor raw content use.
ma_2025_q4,MA,Mastercard Incorporated,official_ir,transcript,https://investor.mastercard.com/,investor.mastercard.com,metadata_only,metadata_only_no_raw_download,false,false,false,false,,,sha256:f214c32741ea0281b5b5403e171c97a748d19b45b5075266a8b44dfddf5a10cd,"Review official IR source terms, robots policy, and event identity before permitted acquisition."
ma_2025_q4,MA,Mastercard Incorporated,sec_edgar,metadata,sec-edgar://metadata-first/MA/2025/Q4,sec.gov,metadata_only,sec_metadata_only,false,false,false,false,,,sha256:be7dc3606167a8a6ed45437beaca3261e578c9b47738b14a429dc00f9071395b,Use SEC metadata-first discovery with descriptive User-Agent and <=10 requests/sec.
ma_2025_q4,MA,Mastercard Incorporated,youtube,video,https://www.youtube.com/results?search_query=MA+2025+Q4+earnings+call,www.youtube.com,metadata_only,youtube_media_blocked,false,false,false,false,,,sha256:529040c82f8e50f4d2caafbe5d2843322a2c0331e335cf89fddc44c663c57a85,Keep YouTube as metadata/link reference only unless explicit written authorization exists.
ma_2025_q4,MA,Mastercard Incorporated,vendor,transcript,licensed-vendor://blocked/MA/2025/Q4,licensed-vendor,license_required,vendor_license_missing,false,false,false,false,,,sha256:b9b863514f35446cc745cec85f34104261bbe2b12de4537b18cfcb4eb9be2051,Register license_config_ref before any vendor raw content use.
fis_2025_q4,FIS,"Fidelity National Information Services, Inc.",official_ir,transcript,https://investor.fisglobal.com/,investor.fisglobal.com,metadata_only,metadata_only_no_raw_download,false,false,false,false,,,sha256:c1cfa67b946b946cc722101b9970a655cfd31785e7c158101fc5d58db6312edd,"Review official IR source terms, robots policy, and event identity before permitted acquisition."
fis_2025_q4,FIS,"Fidelity National Information Services, Inc.",sec_edgar,metadata,sec-edgar://metadata-first/FIS/2025/Q4,sec.gov,metadata_only,sec_metadata_only,false,false,false,false,,,sha256:6ead25c92d79c5dd59732290d7cff875a5a548ef6e89fdd5c71876748f23f3ad,Use SEC metadata-first discovery with descriptive User-Agent and <=10 requests/sec.
fis_2025_q4,FIS,"Fidelity National Information Services, Inc.",youtube,video,https://www.youtube.com/results?search_query=FIS+2025+Q4+earnings+call,www.youtube.com,metadata_only,youtube_media_blocked,false,false,false,false,,,sha256:b50d0cba2368067bf2a07fe812ddc567f845ad64c9c3f6e95e54a6982d36eb07,Keep YouTube as metadata/link reference only unless explicit written authorization exists.
fis_2025_q4,FIS,"Fidelity National Information Services, Inc.",vendor,transcript,licensed-vendor://blocked/FIS/2025/Q4,licensed-vendor,license_required,vendor_license_missing,false,false,false,false,,,sha256:4e7bd14060aa51c9db64b5c58541b7b65aff23db1fc5eb5e80ef76659bef5fd2,Register license_config_ref before any vendor raw content use.
gpn_2025_q4,GPN,Global Payments Inc.,official_ir,transcript,https://investors.globalpayments.com/,investors.globalpayments.com,metadata_only,metadata_only_no_raw_download,false,false,false,false,,,sha256:b5de43974c24280eef74d5729181bbaa8e58809b000881defb85587cda9f28f1,"Review official IR source terms, robots policy, and event identity before permitted acquisition."
gpn_2025_q4,GPN,Global Payments Inc.,sec_edgar,metadata,sec-edgar://metadata-first/GPN/2025/Q4,sec.gov,metadata_only,sec_metadata_only,false,false,false,false,,,sha256:e3f4d8df16d29170d7c2177e3cdefbb7ab1a1496cf57cc9bdb52474ec25a1845,Use SEC metadata-first discovery with descriptive User-Agent and <=10 requests/sec.
gpn_2025_q4,GPN,Global Payments Inc.,youtube,video,https://www.youtube.com/results?search_query=GPN+2025+Q4+earnings+call,www.youtube.com,metadata_only,youtube_media_blocked,false,false,false,false,,,sha256:008f30a21ad5ecb635d5c276b49a123adb6738971ffed6779371cb37f6704678,Keep YouTube as metadata/link reference only unless explicit written authorization exists.
gpn_2025_q4,GPN,Global Payments Inc.,vendor,transcript,licensed-vendor://blocked/GPN/2025/Q4,licensed-vendor,license_required,vendor_license_missing,false,false,false,false,,,sha256:75927aa7f62a0720e8fc1e14114a0c0639d5c8376f8a0d745b7ba5fb88d9a35d,Register license_config_ref before any vendor raw content use.
blk_2025_q4,BLK,"BlackRock, Inc.",official_ir,transcript,https://ir.blackrock.com/,ir.blackrock.com,metadata_only,metadata_only_no_raw_download,false,false,false,false,,,sha256:d900e444a9205a0346d36aeaa2bffcd86efddfc2efc33860a575dead9eea70a6,"Review official IR source terms, robots policy, and event identity before permitted acquisition."
blk_2025_q4,BLK,"BlackRock, Inc.",sec_edgar,metadata,sec-edgar://metadata-first/BLK/2025/Q4,sec.gov,metadata_only,sec_metadata_only,false,false,false,false,,,sha256:53705db3d57ca4845c9b97776a1214a02e421f1943045479453aefbad656603f,Use SEC metadata-first discovery with descriptive User-Agent and <=10 requests/sec.
blk_2025_q4,BLK,"BlackRock, Inc.",youtube,video,https://www.youtube.com/results?search_query=BLK+2025+Q4+earnings+call,www.youtube.com,metadata_only,youtube_media_blocked,false,false,false,false,,,sha256:af8cb892ffd80b597bcb51d3ec2821133046254ec0ed91668be2bb189f7559dd,Keep YouTube as metadata/link reference only unless explicit written authorization exists.
blk_2025_q4,BLK,"BlackRock, Inc.",vendor,transcript,licensed-vendor://blocked/BLK/2025/Q4,licensed-vendor,license_required,vendor_license_missing,false,false,false,false,,,sha256:2b1f8177b5937b34750f4d7134ba09a6a25a76c53f860c980b7b10e49d0fc086,Register license_config_ref before any vendor raw content use.
bx_2025_q4,BX,Blackstone Inc.,official_ir,transcript,https://ir.blackstone.com/,ir.blackstone.com,metadata_only,metadata_only_no_raw_download,false,false,false,false,,,sha256:535a75b11c1a6e8222f874ce4058836cc9c2b9afcbae9ed9ed638b6c404c9b6e,"Review official IR source terms, robots policy, and event identity before permitted acquisition."
bx_2025_q4,BX,Blackstone Inc.,sec_edgar,metadata,sec-edgar://metadata-first/BX/2025/Q4,sec.gov,metadata_only,sec_metadata_only,false,false,false,false,,,sha256:b53ba5810bf38519941582c91cb7247b3cbabf4b60d39b5a3896748cafecc005,Use SEC metadata-first discovery with descriptive User-Agent and <=10 requests/sec.
bx_2025_q4,BX,Blackstone Inc.,youtube,video,https://www.youtube.com/results?search_query=BX+2025+Q4+earnings+call,www.youtube.com,metadata_only,youtube_media_blocked,false,false,false,false,,,sha256:119a7274460f3bdc761cccf2c6c0ab56b7cd19651ddc91a0f16f099a22949b40,Keep YouTube as metadata/link reference only unless explicit written authorization exists.
bx_2025_q4,BX,Blackstone Inc.,vendor,transcript,licensed-vendor://blocked/BX/2025/Q4,licensed-vendor,license_required,vendor_license_missing,false,false,false,false,,,sha256:ff47a29607a7b34fa902e56e3f74c3bc08b1e1551800793e9da2996501bbf0bd,Register license_config_ref before any vendor raw content use.
schw_2025_q4,SCHW,The Charles Schwab Corporation,official_ir,transcript,https://www.aboutschwab.com/investor-relations,www.aboutschwab.com,metadata_only,metadata_only_no_raw_download,false,false,false,false,,,sha256:9e101d6a688c5d92cdfd6895340dadf0a7519b0195e4545f799e98964daa8589,"Review official IR source terms, robots policy, and event identity before permitted acquisition."
schw_2025_q4,SCHW,The Charles Schwab Corporation,sec_edgar,metadata,sec-edgar://metadata-first/SCHW/2025/Q4,sec.gov,metadata_only,sec_metadata_only,false,false,false,false,,,sha256:d27d9ac055c7a9c30879692546da4d60a9761ad57216f9d0ef6b7539bab70536,Use SEC metadata-first discovery with descriptive User-Agent and <=10 requests/sec.
schw_2025_q4,SCHW,The Charles Schwab Corporation,youtube,video,https://www.youtube.com/results?search_query=SCHW+2025+Q4+earnings+call,www.youtube.com,metadata_only,youtube_media_blocked,false,false,false,false,,,sha256:e994b395e0c088552373654c10db4c7d7818c36982358d7751e13227bf9e100f,Keep YouTube as metadata/link reference only unless explicit written authorization exists.
schw_2025_q4,SCHW,The Charles Schwab Corporation,vendor,transcript,licensed-vendor://blocked/SCHW/2025/Q4,licensed-vendor,license_required,vendor_license_missing,false,false,false,false,,,sha256:f8df2baf9421cc375e4931f85ebb0a49d6136b9f76bc8f0db36d27f0afec2517,Register license_config_ref before any vendor raw content use.
ice_2025_q4,ICE,"Intercontinental Exchange, Inc.",official_ir,transcript,https://ir.theice.com/,ir.theice.com,metadata_only,metadata_only_no_raw_download,false,false,false,false,,,sha256:b7400618090c891d81904e8a5568913caeae3d4884a7ba42c6d5e268dc43f8a8,"Review official IR source terms, robots policy, and event identity before permitted acquisition."
ice_2025_q4,ICE,"Intercontinental Exchange, Inc.",sec_edgar,metadata,sec-edgar://metadata-first/ICE/2025/Q4,sec.gov,metadata_only,sec_metadata_only,false,false,false,false,,,sha256:fb007c9192419bc054d337fe66901bf84904099d77dffbd3fa31a7f4ee5f1fe5,Use SEC metadata-first discovery with descriptive User-Agent and <=10 requests/sec.
ice_2025_q4,ICE,"Intercontinental Exchange, Inc.",youtube,video,https://www.youtube.com/results?search_query=ICE+2025+Q4+earnings+call,www.youtube.com,metadata_only,youtube_media_blocked,false,false,false,false,,,sha256:89b3be5823df804b195aa0f8f5b8db3f1818eae1688fc71f1c84e446f5eb84d1,Keep YouTube as metadata/link reference only unless explicit written authorization exists.
ice_2025_q4,ICE,"Intercontinental Exchange, Inc.",vendor,transcript,licensed-vendor://blocked/ICE/2025/Q4,licensed-vendor,license_required,vendor_license_missing,false,false,false,false,,,sha256:f7d1cccf2f188edb1ae26c4053960bb006a9fb3bde5a04954ae92c27c2f99383,Register license_config_ref before any vendor raw content use.
spgi_2025_q4,SPGI,S&P Global Inc.,official_ir,transcript,https://investor.spglobal.com/,investor.spglobal.com,metadata_only,metadata_only_no_raw_download,false,false,false,false,,,sha256:fc67c2b0158ac2fdbc2c3271fdc13e7fbd77034a80b4d53f8809ecfd857cfd62,"Review official IR source terms, robots policy, and event identity before permitted acquisition."
spgi_2025_q4,SPGI,S&P Global Inc.,sec_edgar,metadata,sec-edgar://metadata-first/SPGI/2025/Q4,sec.gov,metadata_only,sec_metadata_only,false,false,false,false,,,sha256:a68a3a8528d1ffc28d758fb3900e308ca721ad8c75d7f833ae4ce23eef8d3590,Use SEC metadata-first discovery with descriptive User-Agent and <=10 requests/sec.
spgi_2025_q4,SPGI,S&P Global Inc.,youtube,video,https://www.youtube.com/results?search_query=SPGI+2025+Q4+earnings+call,www.youtube.com,metadata_only,youtube_media_blocked,false,false,false,false,,,sha256:051d5357705e0d93a6f2bfc12bc3ca8cf47810c8a364e71497894035011b72b2,Keep YouTube as metadata/link reference only unless explicit written authorization exists.
spgi_2025_q4,SPGI,S&P Global Inc.,vendor,transcript,licensed-vendor://blocked/SPGI/2025/Q4,licensed-vendor,license_required,vendor_license_missing,false,false,false,false,,,sha256:c6e32f6dfa5b65e43027892e3d994374b4225c439310bd25533626fb771d26c9,Register license_config_ref before any vendor raw content use.
mco_2025_q4,MCO,Moody's Corporation,official_ir,transcript,https://ir.moodys.com/,ir.moodys.com,metadata_only,metadata_only_no_raw_download,false,false,false,false,,,sha256:5c1da1e533eea64baad4afb3eb72626c16e859e28ed306fd3e22fda17866d21a,"Review official IR source terms, robots policy, and event identity before permitted acquisition."
mco_2025_q4,MCO,Moody's Corporation,sec_edgar,metadata,sec-edgar://metadata-first/MCO/2025/Q4,sec.gov,metadata_only,sec_metadata_only,false,false,false,false,,,sha256:f4664ac57e38bfbe3d20f99e4d01f70d1e988b8c6bd1cfdec609f0e6ca74a86e,Use SEC metadata-first discovery with descriptive User-Agent and <=10 requests/sec.
mco_2025_q4,MCO,Moody's Corporation,youtube,video,https://www.youtube.com/results?search_query=MCO+2025+Q4+earnings+call,www.youtube.com,metadata_only,youtube_media_blocked,false,false,false,false,,,sha256:2caeeaf76661e9c61342d74195c2d62db1cada53de07aed94f94bca79b583d12,Keep YouTube as metadata/link reference only unless explicit written authorization exists.
mco_2025_q4,MCO,Moody's Corporation,vendor,transcript,licensed-vendor://blocked/MCO/2025/Q4,licensed-vendor,license_required,vendor_license_missing,false,false,false,false,,,sha256:cbf2d57fc90582b93d19eb5bab518b07ebc06f2592fe501f4f4fc643ac368928,Register license_config_ref before any vendor raw content use.
aon_2025_q4,AON,Aon plc,official_ir,transcript,https://investors.aon.com/,investors.aon.com,metadata_only,metadata_only_no_raw_download,false,false,false,false,,,sha256:6ccca2cda0eaf29f2ce77297d9e56e1b460d8442fb1e8f613dca9e309eefa296,"Review official IR source terms, robots policy, and event identity before permitted acquisition."
aon_2025_q4,AON,Aon plc,sec_edgar,metadata,sec-edgar://metadata-first/AON/2025/Q4,sec.gov,metadata_only,sec_metadata_only,false,false,false,false,,,sha256:70a55d08dc4fa7ad4a3dfda1208b63fceac2134598ae02ad8cdf816dd6b0bbc4,Use SEC metadata-first discovery with descriptive User-Agent and <=10 requests/sec.
aon_2025_q4,AON,Aon plc,youtube,video,https://www.youtube.com/results?search_query=AON+2025+Q4+earnings+call,www.youtube.com,metadata_only,youtube_media_blocked,false,false,false,false,,,sha256:636ae8e6b4f59c3dbc4061aec838ed493f7ce18f2a6dfc4df00ab4a184bd4313,Keep YouTube as metadata/link reference only unless explicit written authorization exists.
aon_2025_q4,AON,Aon plc,vendor,transcript,licensed-vendor://blocked/AON/2025/Q4,licensed-vendor,license_required,vendor_license_missing,false,false,false,false,,,sha256:d933b794159cd5cf01dcfd04887af097fea020bf646dd56d6b6c6e0118958083,Register license_config_ref before any vendor raw content use.
aig_2025_q4,AIG,"American International Group, Inc.",official_ir,transcript,https://www.aig.com/investor-relations,www.aig.com,metadata_only,metadata_only_no_raw_download,false,false,false,false,,,sha256:b45639b1f2975fadbdb15d93336934d0be4cf0ce2a4d5aad2a90d33855bad0e8,"Review official IR source terms, robots policy, and event identity before permitted acquisition."
aig_2025_q4,AIG,"American International Group, Inc.",sec_edgar,metadata,sec-edgar://metadata-first/AIG/2025/Q4,sec.gov,metadata_only,sec_metadata_only,false,false,false,false,,,sha256:e70ec3b74357d4fd034da9b1af3f886e0dcab6b05cc354e5da0a46002ee2b2d2,Use SEC metadata-first discovery with descriptive User-Agent and <=10 requests/sec.
aig_2025_q4,AIG,"American International Group, Inc.",youtube,video,https://www.youtube.com/results?search_query=AIG+2025+Q4+earnings+call,www.youtube.com,metadata_only,youtube_media_blocked,false,false,false,false,,,sha256:8b7b80a8a243ceea405e8218667b294e53f2b6eeacc9e6d77baaa52da38cf5e8,Keep YouTube as metadata/link reference only unless explicit written authorization exists.
aig_2025_q4,AIG,"American International Group, Inc.",vendor,transcript,licensed-vendor://blocked/AIG/2025/Q4,licensed-vendor,license_required,vendor_license_missing,false,false,false,false,,,sha256:be96d1575dbadc1ddd7d24798c36f09925fd52c5e713f93278cd114ba43dcc7b,Register license_config_ref before any vendor raw content use.
met_2025_q4,MET,"MetLife, Inc.",official_ir,transcript,https://investor.metlife.com/,investor.metlife.com,metadata_only,metadata_only_no_raw_download,false,false,false,false,,,sha256:03784a2f7b277176276de41ddbf019683cc2239c1adde3db60eb0b55d53b1496,"Review official IR source terms, robots policy, and event identity before permitted acquisition."
met_2025_q4,MET,"MetLife, Inc.",sec_edgar,metadata,sec-edgar://metadata-first/MET/2025/Q4,sec.gov,metadata_only,sec_metadata_only,false,false,false,false,,,sha256:cf60170308d9a4aea7f297e16246c460c6f9baa680790314de9d9599b2d5e3ec,Use SEC metadata-first discovery with descriptive User-Agent and <=10 requests/sec.
met_2025_q4,MET,"MetLife, Inc.",youtube,video,https://www.youtube.com/results?search_query=MET+2025+Q4+earnings+call,www.youtube.com,metadata_only,youtube_media_blocked,false,false,false,false,,,sha256:80089e969b98b0c02ea64897f118c508b1a8518424813a0fc0432527e4d55bac,Keep YouTube as metadata/link reference only unless explicit written authorization exists.
met_2025_q4,MET,"MetLife, Inc.",vendor,transcript,licensed-vendor://blocked/MET/2025/Q4,licensed-vendor,license_required,vendor_license_missing,false,false,false,false,,,sha256:dcf416886dd60e2fc91c4921e43f354bbe3622e02ceda0add0dacf012ecb5ad5,Register license_config_ref before any vendor raw content use.
pru_2025_q4,PRU,"Prudential Financial, Inc.",official_ir,transcript,https://www.investor.prudential.com/,www.investor.prudential.com,metadata_only,metadata_only_no_raw_download,false,false,false,false,,,sha256:882f4aec46183a65d8ababe2285bff7263bfe2f96300aec6b9ebe0ecc2a168fb,"Review official IR source terms, robots policy, and event identity before permitted acquisition."
pru_2025_q4,PRU,"Prudential Financial, Inc.",sec_edgar,metadata,sec-edgar://metadata-first/PRU/2025/Q4,sec.gov,metadata_only,sec_metadata_only,false,false,false,false,,,sha256:ded52fe52757478a9e12c0b5743eeb79c639cebcfee185f45f6e44bf9576c9ef,Use SEC metadata-first discovery with descriptive User-Agent and <=10 requests/sec.
pru_2025_q4,PRU,"Prudential Financial, Inc.",youtube,video,https://www.youtube.com/results?search_query=PRU+2025+Q4+earnings+call,www.youtube.com,metadata_only,youtube_media_blocked,false,false,false,false,,,sha256:c1ce8fec6b6fd57dba0e26248ed16dddd106a74416a0d440082516e1d79da3b5,Keep YouTube as metadata/link reference only unless explicit written authorization exists.
pru_2025_q4,PRU,"Prudential Financial, Inc.",vendor,transcript,licensed-vendor://blocked/PRU/2025/Q4,licensed-vendor,license_required,vendor_license_missing,false,false,false,false,,,sha256:a4779b770a2d52e6e968d502b2d27e19fb925d433c6705feac55c3bd756b5663,Register license_config_ref before any vendor raw content use.
trv_2025_q4,TRV,"The Travelers Companies, Inc.",official_ir,transcript,https://investor.travelers.com/,investor.travelers.com,metadata_only,metadata_only_no_raw_download,false,false,false,false,,,sha256:3307f0aa85c4c7028b37246267a486a09d56999f199dfccc7759c5ed49f4c393,"Review official IR source terms, robots policy, and event identity before permitted acquisition."
trv_2025_q4,TRV,"The Travelers Companies, Inc.",sec_edgar,metadata,sec-edgar://metadata-first/TRV/2025/Q4,sec.gov,metadata_only,sec_metadata_only,false,false,false,false,,,sha256:f1026ca603000cccea613f37fc872591960d4cefa0987e1fc093542e731e2572,Use SEC metadata-first discovery with descriptive User-Agent and <=10 requests/sec.
trv_2025_q4,TRV,"The Travelers Companies, Inc.",youtube,video,https://www.youtube.com/results?search_query=TRV+2025+Q4+earnings+call,www.youtube.com,metadata_only,youtube_media_blocked,false,false,false,false,,,sha256:779d5d0741dccaf5fc24c84fc50ac7b7af0651a690693bc379a3f3a8eaebfc81,Keep YouTube as metadata/link reference only unless explicit written authorization exists.
trv_2025_q4,TRV,"The Travelers Companies, Inc.",vendor,transcript,licensed-vendor://blocked/TRV/2025/Q4,licensed-vendor,license_required,vendor_license_missing,false,false,false,false,,,sha256:4c687b4c647abbb8beeb022a6a482a97981ad1ea503138665a2748f749866885,Register license_config_ref before any vendor raw content use.
cb_2025_q4,CB,Chubb Limited,official_ir,transcript,https://investors.chubb.com/,investors.chubb.com,metadata_only,metadata_only_no_raw_download,false,false,false,false,,,sha256:e091f129d2dafc4b172ad2f73dd479596b2d25d73737787044f4011780bf7d58,"Review official IR source terms, robots policy, and event identity before permitted acquisition."
cb_2025_q4,CB,Chubb Limited,sec_edgar,metadata,sec-edgar://metadata-first/CB/2025/Q4,sec.gov,metadata_only,sec_metadata_only,false,false,false,false,,,sha256:2165b19b04e89da4ca0d18e0811830fe01b35d6ab66fdf6ee7cb557c02943f0a,Use SEC metadata-first discovery with descriptive User-Agent and <=10 requests/sec.
cb_2025_q4,CB,Chubb Limited,youtube,video,https://www.youtube.com/results?search_query=CB+2025+Q4+earnings+call,www.youtube.com,metadata_only,youtube_media_blocked,false,false,false,false,,,sha256:1496cdbf04064143623205f00e16e9b93a72a0c2155cd459beb945534af7239c,Keep YouTube as metadata/link reference only unless explicit written authorization exists.
cb_2025_q4,CB,Chubb Limited,vendor,transcript,licensed-vendor://blocked/CB/2025/Q4,licensed-vendor,license_required,vendor_license_missing,false,false,false,false,,,sha256:5fd1a6be15e04cbeb01e8ac1e75c7adad3ba5e129e1fc9a9c9588eed01271500,Register license_config_ref before any vendor raw content use.
jnj_2025_q4,JNJ,Johnson & Johnson,official_ir,transcript,https://www.investor.jnj.com/,www.investor.jnj.com,metadata_only,metadata_only_no_raw_download,false,false,false,false,,,sha256:e55edfa46d8dbccc4f4b51738c2a353b01a45524c3a68f29f5d8b22780b2b4d4,"Review official IR source terms, robots policy, and event identity before permitted acquisition."
jnj_2025_q4,JNJ,Johnson & Johnson,sec_edgar,metadata,sec-edgar://metadata-first/JNJ/2025/Q4,sec.gov,metadata_only,sec_metadata_only,false,false,false,false,,,sha256:9942a3a7eb46aad6674c213868e57bd733b13a99f5d8c36ea0c7a31d367287df,Use SEC metadata-first discovery with descriptive User-Agent and <=10 requests/sec.
jnj_2025_q4,JNJ,Johnson & Johnson,youtube,video,https://www.youtube.com/results?search_query=JNJ+2025+Q4+earnings+call,www.youtube.com,metadata_only,youtube_media_blocked,false,false,false,false,,,sha256:babd93c888fd243f3d789a77813d8dcdbb8e28001dabd77896fb102942b1e320,Keep YouTube as metadata/link reference only unless explicit written authorization exists.
jnj_2025_q4,JNJ,Johnson & Johnson,vendor,transcript,licensed-vendor://blocked/JNJ/2025/Q4,licensed-vendor,license_required,vendor_license_missing,false,false,false,false,,,sha256:15c6fab9b081fa5b591b9d26afb630813bc9c2ea1eca353bc170ceeaeea47c70,Register license_config_ref before any vendor raw content use.
lly_2025_q4,LLY,Eli Lilly and Company,official_ir,transcript,https://investor.lilly.com/,investor.lilly.com,metadata_only,metadata_only_no_raw_download,false,false,false,false,,,sha256:fa74e8b2931f662cee4531b5df663f021422b7a3fe8f5e09ca03f4bba896ef06,"Review official IR source terms, robots policy, and event identity before permitted acquisition."
lly_2025_q4,LLY,Eli Lilly and Company,sec_edgar,metadata,sec-edgar://metadata-first/LLY/2025/Q4,sec.gov,metadata_only,sec_metadata_only,false,false,false,false,,,sha256:e0e0353bd808fdf087bbac7405170361a0d6ea15cbb8025f2ce88266132c5d70,Use SEC metadata-first discovery with descriptive User-Agent and <=10 requests/sec.
lly_2025_q4,LLY,Eli Lilly and Company,youtube,video,https://www.youtube.com/results?search_query=LLY+2025+Q4+earnings+call,www.youtube.com,metadata_only,youtube_media_blocked,false,false,false,false,,,sha256:ca4d71bf77b11b0de2fe9a180fd256bebf791d53b7eb63677e5347bd6ab15f54,Keep YouTube as metadata/link reference only unless explicit written authorization exists.
lly_2025_q4,LLY,Eli Lilly and Company,vendor,transcript,licensed-vendor://blocked/LLY/2025/Q4,licensed-vendor,license_required,vendor_license_missing,false,false,false,false,,,sha256:365cc088634fe0dec7dc3951c9ed8ceb97f5437c45846b07bd64a23c709ee170,Register license_config_ref before any vendor raw content use.
mrk_2025_q4,MRK,"Merck & Co., Inc.",official_ir,transcript,https://www.merck.com/investor-relations/,www.merck.com,metadata_only,metadata_only_no_raw_download,false,false,false,false,,,sha256:e25d489a5e9db58e6591c41237bcba10e5126111efd46a2f5ff293cf7883d2ca,"Review official IR source terms, robots policy, and event identity before permitted acquisition."
mrk_2025_q4,MRK,"Merck & Co., Inc.",sec_edgar,metadata,sec-edgar://metadata-first/MRK/2025/Q4,sec.gov,metadata_only,sec_metadata_only,false,false,false,false,,,sha256:1193b01135d5a73ad15fc3d70240080d2202d338b08a08832a19db9ea60252e5,Use SEC metadata-first discovery with descriptive User-Agent and <=10 requests/sec.
mrk_2025_q4,MRK,"Merck & Co., Inc.",youtube,video,https://www.youtube.com/results?search_query=MRK+2025+Q4+earnings+call,www.youtube.com,metadata_only,youtube_media_blocked,false,false,false,false,,,sha256:252e0c596775ed8d3ed18cb1b598ed81ff0998818dbfbb5a4ec10c804e1393db,Keep YouTube as metadata/link reference only unless explicit written authorization exists.
mrk_2025_q4,MRK,"Merck & Co., Inc.",vendor,transcript,licensed-vendor://blocked/MRK/2025/Q4,licensed-vendor,license_required,vendor_license_missing,false,false,false,false,,,sha256:a2a74b280743c459e3f86895b4bad12ed2636de555a17b15a1c80ad8e48f2ee1,Register license_config_ref before any vendor raw content use.
pfe_2025_q4,PFE,Pfizer Inc.,official_ir,transcript,https://investors.pfizer.com/,investors.pfizer.com,metadata_only,metadata_only_no_raw_download,false,false,false,false,,,sha256:8be6be250d17075209e62be517f4d93a092e2fe54f568a1129e78f8df86b116d,"Review official IR source terms, robots policy, and event identity before permitted acquisition."
pfe_2025_q4,PFE,Pfizer Inc.,sec_edgar,metadata,sec-edgar://metadata-first/PFE/2025/Q4,sec.gov,metadata_only,sec_metadata_only,false,false,false,false,,,sha256:8a44183b7603d9bdaa7cb36200b2782b31a85fc10130ce30019f43df8f16a72b,Use SEC metadata-first discovery with descriptive User-Agent and <=10 requests/sec.
pfe_2025_q4,PFE,Pfizer Inc.,youtube,video,https://www.youtube.com/results?search_query=PFE+2025+Q4+earnings+call,www.youtube.com,metadata_only,youtube_media_blocked,false,false,false,false,,,sha256:dd2814cc33836fb8a52ddc2efe5a0381c9a548f6e007bf545e21d14a036826e2,Keep YouTube as metadata/link reference only unless explicit written authorization exists.
pfe_2025_q4,PFE,Pfizer Inc.,vendor,transcript,licensed-vendor://blocked/PFE/2025/Q4,licensed-vendor,license_required,vendor_license_missing,false,false,false,false,,,sha256:b5e8226c8535902572ca2eaeaf31749a3ee6beb6969359394fc5d0812ab9b041,Register license_config_ref before any vendor raw content use.
unh_2025_q4,UNH,UnitedHealth Group Incorporated,official_ir,transcript,https://www.unitedhealthgroup.com/investors.html,www.unitedhealthgroup.com,metadata_only,metadata_only_no_raw_download,false,false,false,false,,,sha256:08a6067a65fccd2cb80addc335415c5b2a92b6e20e29ccdca6df6ce5b19e60a0,"Review official IR source terms, robots policy, and event identity before permitted acquisition."
unh_2025_q4,UNH,UnitedHealth Group Incorporated,sec_edgar,metadata,sec-edgar://metadata-first/UNH/2025/Q4,sec.gov,metadata_only,sec_metadata_only,false,false,false,false,,,sha256:3b2859993b31d8e9b543f89c837f0d01d2a3864da6696f4caf6d14698640d3c2,Use SEC metadata-first discovery with descriptive User-Agent and <=10 requests/sec.
unh_2025_q4,UNH,UnitedHealth Group Incorporated,youtube,video,https://www.youtube.com/results?search_query=UNH+2025+Q4+earnings+call,www.youtube.com,metadata_only,youtube_media_blocked,false,false,false,false,,,sha256:78a4788d9cc72d83e894a60174dfd1789ad04309e0ea18fd002c55a3996e73e4,Keep YouTube as metadata/link reference only unless explicit written authorization exists.
unh_2025_q4,UNH,UnitedHealth Group Incorporated,vendor,transcript,licensed-vendor://blocked/UNH/2025/Q4,licensed-vendor,license_required,vendor_license_missing,false,false,false,false,,,sha256:d7edb8f6b17e14e6fb4ddc8c440f7d57067fc76876554ae9c88e801ea7275861,Register license_config_ref before any vendor raw content use.
cvs_2025_q4,CVS,CVS Health Corporation,official_ir,transcript,https://investors.cvshealth.com/,investors.cvshealth.com,metadata_only,metadata_only_no_raw_download,false,false,false,false,,,sha256:b845d5fc5b5ac34abfc771192acda8167e00936c720e3e9b953a41affd3b0ada,"Review official IR source terms, robots policy, and event identity before permitted acquisition."
cvs_2025_q4,CVS,CVS Health Corporation,sec_edgar,metadata,sec-edgar://metadata-first/CVS/2025/Q4,sec.gov,metadata_only,sec_metadata_only,false,false,false,false,,,sha256:5ac24f089872c5cc1f6b8aaaa58da5c4d5b3b68a9c572acf5d64272a96765b43,Use SEC metadata-first discovery with descriptive User-Agent and <=10 requests/sec.
cvs_2025_q4,CVS,CVS Health Corporation,youtube,video,https://www.youtube.com/results?search_query=CVS+2025+Q4+earnings+call,www.youtube.com,metadata_only,youtube_media_blocked,false,false,false,false,,,sha256:7fbda1249231b6c4d97ff480d26ec3fe42a216ff316c8001f458f9f7ba6d6faa,Keep YouTube as metadata/link reference only unless explicit written authorization exists.
cvs_2025_q4,CVS,CVS Health Corporation,vendor,transcript,licensed-vendor://blocked/CVS/2025/Q4,licensed-vendor,license_required,vendor_license_missing,false,false,false,false,,,sha256:c7e36385fb1cd0bfc133a49d7ad8634317477d13f3957f5d3419ca1787bd5d78,Register license_config_ref before any vendor raw content use.
abt_2025_q4,ABT,Abbott Laboratories,official_ir,transcript,https://www.abbottinvestor.com/,www.abbottinvestor.com,metadata_only,metadata_only_no_raw_download,false,false,false,false,,,sha256:e980f6c6062a811b9beaa7fe0bed285438cf90db03fbeed312346f9ac3ae03fd,"Review official IR source terms, robots policy, and event identity before permitted acquisition."
abt_2025_q4,ABT,Abbott Laboratories,sec_edgar,metadata,sec-edgar://metadata-first/ABT/2025/Q4,sec.gov,metadata_only,sec_metadata_only,false,false,false,false,,,sha256:63718319b48003666ebf9b9b6e59970cd1eda25572cd6fbff6d995ce9ef7cc0c,Use SEC metadata-first discovery with descriptive User-Agent and <=10 requests/sec.
abt_2025_q4,ABT,Abbott Laboratories,youtube,video,https://www.youtube.com/results?search_query=ABT+2025+Q4+earnings+call,www.youtube.com,metadata_only,youtube_media_blocked,false,false,false,false,,,sha256:00e6b9f1394506ea7302d72d4de9b8249a2ec3c15ae15bcc41478dae67b5d74b,Keep YouTube as metadata/link reference only unless explicit written authorization exists.
abt_2025_q4,ABT,Abbott Laboratories,vendor,transcript,licensed-vendor://blocked/ABT/2025/Q4,licensed-vendor,license_required,vendor_license_missing,false,false,false,false,,,sha256:69de84a36218082126e92da3bdda9c1d07c006e8d772ea8a7a20fd577ec5f40f,Register license_config_ref before any vendor raw content use.
bmy_2025_q4,BMY,Bristol Myers Squibb Company,official_ir,transcript,https://investors.bms.com/,investors.bms.com,metadata_only,metadata_only_no_raw_download,false,false,false,false,,,sha256:473fbeff31343ed4818682a81d351cacd017b1210c50940f5211fe191747a678,"Review official IR source terms, robots policy, and event identity before permitted acquisition."
bmy_2025_q4,BMY,Bristol Myers Squibb Company,sec_edgar,metadata,sec-edgar://metadata-first/BMY/2025/Q4,sec.gov,metadata_only,sec_metadata_only,false,false,false,false,,,sha256:828308d5d83bcee36a7325fcca91181aa40c9785e20be3471ec05e7be14757a9,Use SEC metadata-first discovery with descriptive User-Agent and <=10 requests/sec.
bmy_2025_q4,BMY,Bristol Myers Squibb Company,youtube,video,https://www.youtube.com/results?search_query=BMY+2025+Q4+earnings+call,www.youtube.com,metadata_only,youtube_media_blocked,false,false,false,false,,,sha256:ee3ba30a82d055b31e281894829e3b25f6818f742f5245423e1fc5157b3da7d5,Keep YouTube as metadata/link reference only unless explicit written authorization exists.
bmy_2025_q4,BMY,Bristol Myers Squibb Company,vendor,transcript,licensed-vendor://blocked/BMY/2025/Q4,licensed-vendor,license_required,vendor_license_missing,false,false,false,false,,,sha256:3b9c6f447456ab15dd9e0998a7c7c4d674ef75ef4365de201dbdea710453e219,Register license_config_ref before any vendor raw content use.
mdt_2025_q4,MDT,Medtronic plc,official_ir,transcript,https://investorrelations.medtronic.com/,investorrelations.medtronic.com,metadata_only,metadata_only_no_raw_download,false,false,false,false,,,sha256:e3fa2ce1bec919c66a50fa303ff1522cc9403c3badfc87bdf99740a5e62129be,"Review official IR source terms, robots policy, and event identity before permitted acquisition."
mdt_2025_q4,MDT,Medtronic plc,sec_edgar,metadata,sec-edgar://metadata-first/MDT/2025/Q4,sec.gov,metadata_only,sec_metadata_only,false,false,false,false,,,sha256:b22a7b640664aa7c4786f42ffe9a4643e1fcd5541004478dd48ed0d6c19f6005,Use SEC metadata-first discovery with descriptive User-Agent and <=10 requests/sec.
mdt_2025_q4,MDT,Medtronic plc,youtube,video,https://www.youtube.com/results?search_query=MDT+2025+Q4+earnings+call,www.youtube.com,metadata_only,youtube_media_blocked,false,false,false,false,,,sha256:c85929f000d00cd09e1ab626236ff77d6222b0e9f0a08e7dbeffce852f45e1a1,Keep YouTube as metadata/link reference only unless explicit written authorization exists.
mdt_2025_q4,MDT,Medtronic plc,vendor,transcript,licensed-vendor://blocked/MDT/2025/Q4,licensed-vendor,license_required,vendor_license_missing,false,false,false,false,,,sha256:2cef54592021bcf5bb4bc25b0e6caa1b6e01592cca8bc5d27bfb5640d63913bb,Register license_config_ref before any vendor raw content use.
tmo_2025_q4,TMO,Thermo Fisher Scientific Inc.,official_ir,transcript,https://ir.thermofisher.com/,ir.thermofisher.com,metadata_only,metadata_only_no_raw_download,false,false,false,false,,,sha256:a78b6cd815c90fb69087c247f13fe0f9920d4be62bf7581b8d22b9639e42dfe2,"Review official IR source terms, robots policy, and event identity before permitted acquisition."
tmo_2025_q4,TMO,Thermo Fisher Scientific Inc.,sec_edgar,metadata,sec-edgar://metadata-first/TMO/2025/Q4,sec.gov,metadata_only,sec_metadata_only,false,false,false,false,,,sha256:545395f581587c3654dfc21907efbaf1e02bf85cc3e6cb74d54052e8381f42ba,Use SEC metadata-first discovery with descriptive User-Agent and <=10 requests/sec.
tmo_2025_q4,TMO,Thermo Fisher Scientific Inc.,youtube,video,https://www.youtube.com/results?search_query=TMO+2025+Q4+earnings+call,www.youtube.com,metadata_only,youtube_media_blocked,false,false,false,false,,,sha256:d8f71e5a4bb8d1e679bd38c87e3069be13189e6fa7d9b11de458e237563c1b8a,Keep YouTube as metadata/link reference only unless explicit written authorization exists.
tmo_2025_q4,TMO,Thermo Fisher Scientific Inc.,vendor,transcript,licensed-vendor://blocked/TMO/2025/Q4,licensed-vendor,license_required,vendor_license_missing,false,false,false,false,,,sha256:2f098b6a87b49bdc73cd7cc6926f42b9c3edbc11767d6ac4d76521c105f4d412,Register license_config_ref before any vendor raw content use.
dhr_2025_q4,DHR,Danaher Corporation,official_ir,transcript,https://investors.danaher.com/,investors.danaher.com,metadata_only,metadata_only_no_raw_download,false,false,false,false,,,sha256:dceff548435c1a058c0adf42f87378c9e9faec86989823851207c52916ec4027,"Review official IR source terms, robots policy, and event identity before permitted acquisition."
dhr_2025_q4,DHR,Danaher Corporation,sec_edgar,metadata,sec-edgar://metadata-first/DHR/2025/Q4,sec.gov,metadata_only,sec_metadata_only,false,false,false,false,,,sha256:c2540ed1fea064feb6aad8e72025d01d9e84f214aa58266fc6968a845fe16094,Use SEC metadata-first discovery with descriptive User-Agent and <=10 requests/sec.
dhr_2025_q4,DHR,Danaher Corporation,youtube,video,https://www.youtube.com/results?search_query=DHR+2025+Q4+earnings+call,www.youtube.com,metadata_only,youtube_media_blocked,false,false,false,false,,,sha256:d9057b1159223630e1a15be9ad89edb8180f6d1d0682c035444c2ddd4792d978,Keep YouTube as metadata/link reference only unless explicit written authorization exists.
dhr_2025_q4,DHR,Danaher Corporation,vendor,transcript,licensed-vendor://blocked/DHR/2025/Q4,licensed-vendor,license_required,vendor_license_missing,false,false,false,false,,,sha256:bf4de8c5b61e5e25766f8fca8f0932fdfc926835eda0c2110621ed1a2166341f,Register license_config_ref before any vendor raw content use.
bdx_2025_q4,BDX,"Becton, Dickinson and Company",official_ir,transcript,https://investors.bd.com/,investors.bd.com,metadata_only,metadata_only_no_raw_download,false,false,false,false,,,sha256:bb46dc6b22a74f00015101db6444d330bd2c1e759eb2524f1b0defa0dee9e41d,"Review official IR source terms, robots policy, and event identity before permitted acquisition."
bdx_2025_q4,BDX,"Becton, Dickinson and Company",sec_edgar,metadata,sec-edgar://metadata-first/BDX/2025/Q4,sec.gov,metadata_only,sec_metadata_only,false,false,false,false,,,sha256:b7344a5cb7751ddef99885399e9094ca4cf9128465458a1e68e0aebe0834a365,Use SEC metadata-first discovery with descriptive User-Agent and <=10 requests/sec.
bdx_2025_q4,BDX,"Becton, Dickinson and Company",youtube,video,https://www.youtube.com/results?search_query=BDX+2025+Q4+earnings+call,www.youtube.com,metadata_only,youtube_media_blocked,false,false,false,false,,,sha256:fa3f6650f49518a0ac730257b6deefc237345ec9a98c249223a38efc1dcffe52,Keep YouTube as metadata/link reference only unless explicit written authorization exists.
bdx_2025_q4,BDX,"Becton, Dickinson and Company",vendor,transcript,licensed-vendor://blocked/BDX/2025/Q4,licensed-vendor,license_required,vendor_license_missing,false,false,false,false,,,sha256:1c581b0f50d955b5f18b3695e6bee5ffddc6cac160f62754c6115e94f08aa77b,Register license_config_ref before any vendor raw content use.
ci_2025_q4,CI,The Cigna Group,official_ir,transcript,https://investors.thecignagroup.com/,investors.thecignagroup.com,metadata_only,metadata_only_no_raw_download,false,false,false,false,,,sha256:1759deb29dfccd453d0bab247077d7108233a75ee367be2d52b0d4cf13eae2b6,"Review official IR source terms, robots policy, and event identity before permitted acquisition."
ci_2025_q4,CI,The Cigna Group,sec_edgar,metadata,sec-edgar://metadata-first/CI/2025/Q4,sec.gov,metadata_only,sec_metadata_only,false,false,false,false,,,sha256:1c34b7bec6ea699df81ab43b816bed46adaf19aef430b8060574accd0e1c167e,Use SEC metadata-first discovery with descriptive User-Agent and <=10 requests/sec.
ci_2025_q4,CI,The Cigna Group,youtube,video,https://www.youtube.com/results?search_query=CI+2025+Q4+earnings+call,www.youtube.com,metadata_only,youtube_media_blocked,false,false,false,false,,,sha256:97800c552e49da989c4d595b62f207347edd47f3ed9bbfd780c3f75f06305290,Keep YouTube as metadata/link reference only unless explicit written authorization exists.
ci_2025_q4,CI,The Cigna Group,vendor,transcript,licensed-vendor://blocked/CI/2025/Q4,licensed-vendor,license_required,vendor_license_missing,false,false,false,false,,,sha256:938424b3bc7c584ca9bea9744729627460a935085ac3ea7d80a9d02befa7195d,Register license_config_ref before any vendor raw content use.
hca_2025_q4,HCA,"HCA Healthcare, Inc.",official_ir,transcript,https://investor.hcahealthcare.com/,investor.hcahealthcare.com,metadata_only,metadata_only_no_raw_download,false,false,false,false,,,sha256:a91fb8f9638f817d0ec744fdb45c66f25dc76086466ca3d91281199270ad8ad1,"Review official IR source terms, robots policy, and event identity before permitted acquisition."
hca_2025_q4,HCA,"HCA Healthcare, Inc.",sec_edgar,metadata,sec-edgar://metadata-first/HCA/2025/Q4,sec.gov,metadata_only,sec_metadata_only,false,false,false,false,,,sha256:3e37d8252dfa86e140e6a0a79133cf538da6716aa7bbe62282c0717af604836f,Use SEC metadata-first discovery with descriptive User-Agent and <=10 requests/sec.
hca_2025_q4,HCA,"HCA Healthcare, Inc.",youtube,video,https://www.youtube.com/results?search_query=HCA+2025+Q4+earnings+call,www.youtube.com,metadata_only,youtube_media_blocked,false,false,false,false,,,sha256:ec414ccccdfac64feffee27cc2b4ccf3b2da035f8e843ef51dbf804263165efa,Keep YouTube as metadata/link reference only unless explicit written authorization exists.
hca_2025_q4,HCA,"HCA Healthcare, Inc.",vendor,transcript,licensed-vendor://blocked/HCA/2025/Q4,licensed-vendor,license_required,vendor_license_missing,false,false,false,false,,,sha256:b5248737e1338e76d28c46d724366090f9c9052311e836035cd54e23538e7fea,Register license_config_ref before any vendor raw content use.
syk_2025_q4,SYK,Stryker Corporation,official_ir,transcript,https://investors.stryker.com/,investors.stryker.com,metadata_only,metadata_only_no_raw_download,false,false,false,false,,,sha256:3533e14dbd68087638efc1f0dbe278d75a5b82f536e1982a68e3b3fbdefd2ec6,"Review official IR source terms, robots policy, and event identity before permitted acquisition."
syk_2025_q4,SYK,Stryker Corporation,sec_edgar,metadata,sec-edgar://metadata-first/SYK/2025/Q4,sec.gov,metadata_only,sec_metadata_only,false,false,false,false,,,sha256:2fddd7fc87779f8a6cb759dca74baf497efdabc857d487820d7b5dbee54f0c99,Use SEC metadata-first discovery with descriptive User-Agent and <=10 requests/sec.
syk_2025_q4,SYK,Stryker Corporation,youtube,video,https://www.youtube.com/results?search_query=SYK+2025+Q4+earnings+call,www.youtube.com,metadata_only,youtube_media_blocked,false,false,false,false,,,sha256:bb3e033549897cd5bb4f01d949ba09afa5980a393697ee1376b21886958091e9,Keep YouTube as metadata/link reference only unless explicit written authorization exists.
syk_2025_q4,SYK,Stryker Corporation,vendor,transcript,licensed-vendor://blocked/SYK/2025/Q4,licensed-vendor,license_required,vendor_license_missing,false,false,false,false,,,sha256:79bdd2e01440dbf4699c55c45f0b3d532865ce6aff8077902202f147cc13aba2,Register license_config_ref before any vendor raw content use.
xom_2025_q4,XOM,Exxon Mobil Corporation,official_ir,transcript,https://corporate.exxonmobil.com/investors,corporate.exxonmobil.com,metadata_only,metadata_only_no_raw_download,false,false,false,false,,,sha256:2fa0714e2b021c2eeca49abb6a60c85b6a0460743fcdee5a5c472208ed5ead3e,"Review official IR source terms, robots policy, and event identity before permitted acquisition."
xom_2025_q4,XOM,Exxon Mobil Corporation,sec_edgar,metadata,sec-edgar://metadata-first/XOM/2025/Q4,sec.gov,metadata_only,sec_metadata_only,false,false,false,false,,,sha256:3dfc45a1c24002f85255c2108e12688fd5a32c607605ad734b0729202f40f8e5,Use SEC metadata-first discovery with descriptive User-Agent and <=10 requests/sec.
xom_2025_q4,XOM,Exxon Mobil Corporation,youtube,video,https://www.youtube.com/results?search_query=XOM+2025+Q4+earnings+call,www.youtube.com,metadata_only,youtube_media_blocked,false,false,false,false,,,sha256:82bb2feb3e142aed0d5ed91e143e549f0330953ca1236b2c06c3f65032dd04e2,Keep YouTube as metadata/link reference only unless explicit written authorization exists.
xom_2025_q4,XOM,Exxon Mobil Corporation,vendor,transcript,licensed-vendor://blocked/XOM/2025/Q4,licensed-vendor,license_required,vendor_license_missing,false,false,false,false,,,sha256:bb5def7806c35beda3c5194a0543ab828ae4dad2e907c103791c0281329c1756,Register license_config_ref before any vendor raw content use.
cvx_2025_q4,CVX,Chevron Corporation,official_ir,transcript,https://www.chevron.com/investors,www.chevron.com,metadata_only,metadata_only_no_raw_download,false,false,false,false,,,sha256:b9571a2fc29f3a30bcedd4ce1cb695e41c966bbdf4bcbb53fa50b9dfa1c195dc,"Review official IR source terms, robots policy, and event identity before permitted acquisition."
cvx_2025_q4,CVX,Chevron Corporation,sec_edgar,metadata,sec-edgar://metadata-first/CVX/2025/Q4,sec.gov,metadata_only,sec_metadata_only,false,false,false,false,,,sha256:9a4cb1bdf031bc6c95ec21b8b21d4ebf528af61d3f8d1e2c4e37274fc4cdfd46,Use SEC metadata-first discovery with descriptive User-Agent and <=10 requests/sec.
cvx_2025_q4,CVX,Chevron Corporation,youtube,video,https://www.youtube.com/results?search_query=CVX+2025+Q4+earnings+call,www.youtube.com,metadata_only,youtube_media_blocked,false,false,false,false,,,sha256:f41e2fa7a618a67b59bd39adafb6e18a3d577470857b359eeb66c7eb10bd760c,Keep YouTube as metadata/link reference only unless explicit written authorization exists.
cvx_2025_q4,CVX,Chevron Corporation,vendor,transcript,licensed-vendor://blocked/CVX/2025/Q4,licensed-vendor,license_required,vendor_license_missing,false,false,false,false,,,sha256:8af4509c0b9c732bde40e8cf51be4f539690b5f1d411cff33a6226994ecaa47b,Register license_config_ref before any vendor raw content use.
cop_2025_q4,COP,ConocoPhillips,official_ir,transcript,https://www.conocophillips.com/investor-relations/,www.conocophillips.com,metadata_only,metadata_only_no_raw_download,false,false,false,false,,,sha256:54a44c514ad3b73921e14db0c532a0d7b7b45596657657158116c76240b459a4,"Review official IR source terms, robots policy, and event identity before permitted acquisition."
cop_2025_q4,COP,ConocoPhillips,sec_edgar,metadata,sec-edgar://metadata-first/COP/2025/Q4,sec.gov,metadata_only,sec_metadata_only,false,false,false,false,,,sha256:d99004652bc3c97a41b3aa0fab6018085efc34af16d4556010e7004dadc83750,Use SEC metadata-first discovery with descriptive User-Agent and <=10 requests/sec.
cop_2025_q4,COP,ConocoPhillips,youtube,video,https://www.youtube.com/results?search_query=COP+2025+Q4+earnings+call,www.youtube.com,metadata_only,youtube_media_blocked,false,false,false,false,,,sha256:884adde32dc0209aa15ba0f302f2b45b5fdbd3267b7e3319f0f6fbfa62e75e42,Keep YouTube as metadata/link reference only unless explicit written authorization exists.
cop_2025_q4,COP,ConocoPhillips,vendor,transcript,licensed-vendor://blocked/COP/2025/Q4,licensed-vendor,license_required,vendor_license_missing,false,false,false,false,,,sha256:e2a5c439fc44ca1119c945f86bc1497046c752d640e3f7eb91a671c9ea311c32,Register license_config_ref before any vendor raw content use.
slb_2025_q4,SLB,SLB,official_ir,transcript,https://investorcenter.slb.com/,investorcenter.slb.com,metadata_only,metadata_only_no_raw_download,false,false,false,false,,,sha256:4b13d5899511f6ea02179cbf08c638a11efce5557ff18665d3f91fc16dc4b55f,"Review official IR source terms, robots policy, and event identity before permitted acquisition."
slb_2025_q4,SLB,SLB,sec_edgar,metadata,sec-edgar://metadata-first/SLB/2025/Q4,sec.gov,metadata_only,sec_metadata_only,false,false,false,false,,,sha256:b3b5af750b1971eff1624cf53521277aad6f83e60a5de1a075fb0e2ed55bd7c0,Use SEC metadata-first discovery with descriptive User-Agent and <=10 requests/sec.
slb_2025_q4,SLB,SLB,youtube,video,https://www.youtube.com/results?search_query=SLB+2025+Q4+earnings+call,www.youtube.com,metadata_only,youtube_media_blocked,false,false,false,false,,,sha256:29877e48c9656a871523e1337a031ccd70eb4d04cba98fea0f10d02ce5068d70,Keep YouTube as metadata/link reference only unless explicit written authorization exists.
slb_2025_q4,SLB,SLB,vendor,transcript,licensed-vendor://blocked/SLB/2025/Q4,licensed-vendor,license_required,vendor_license_missing,false,false,false,false,,,sha256:eef739913a59c55c64506ee916996fc88536043fa3dc3f43ba165845fe4c4820,Register license_config_ref before any vendor raw content use.
hal_2025_q4,HAL,Halliburton Company,official_ir,transcript,https://ir.halliburton.com/,ir.halliburton.com,metadata_only,metadata_only_no_raw_download,false,false,false,false,,,sha256:f9b43199b9d3a2adf3b6dc05e90a90faca11f065a10ae122d8e8c340ef1d0080,"Review official IR source terms, robots policy, and event identity before permitted acquisition."
hal_2025_q4,HAL,Halliburton Company,sec_edgar,metadata,sec-edgar://metadata-first/HAL/2025/Q4,sec.gov,metadata_only,sec_metadata_only,false,false,false,false,,,sha256:b073dde48d75c96a331a7723e931012eba4e45277ce652751452cbb625273772,Use SEC metadata-first discovery with descriptive User-Agent and <=10 requests/sec.
hal_2025_q4,HAL,Halliburton Company,youtube,video,https://www.youtube.com/results?search_query=HAL+2025+Q4+earnings+call,www.youtube.com,metadata_only,youtube_media_blocked,false,false,false,false,,,sha256:8ae669c0b1e027b0bd055513ad4c0609303307419941aa24644b3eaaa3b4a28e,Keep YouTube as metadata/link reference only unless explicit written authorization exists.
hal_2025_q4,HAL,Halliburton Company,vendor,transcript,licensed-vendor://blocked/HAL/2025/Q4,licensed-vendor,license_required,vendor_license_missing,false,false,false,false,,,sha256:ed25221c92f906d6686c5cf7dd3ecbe903aa7e9c46e7963bef97fdce572c58fa,Register license_config_ref before any vendor raw content use.
eog_2025_q4,EOG,"EOG Resources, Inc.",official_ir,transcript,https://investors.eogresources.com/,investors.eogresources.com,metadata_only,metadata_only_no_raw_download,false,false,false,false,,,sha256:d5991381bc3d3cdabb574ac3eaec3d29306dbd6621ab105af5582abbb64ee0ba,"Review official IR source terms, robots policy, and event identity before permitted acquisition."
eog_2025_q4,EOG,"EOG Resources, Inc.",sec_edgar,metadata,sec-edgar://metadata-first/EOG/2025/Q4,sec.gov,metadata_only,sec_metadata_only,false,false,false,false,,,sha256:79d6bd67c85ee94494e47aad005ad4a0af48e5845e416f213c56fe851a566cac,Use SEC metadata-first discovery with descriptive User-Agent and <=10 requests/sec.
eog_2025_q4,EOG,"EOG Resources, Inc.",youtube,video,https://www.youtube.com/results?search_query=EOG+2025+Q4+earnings+call,www.youtube.com,metadata_only,youtube_media_blocked,false,false,false,false,,,sha256:d81224f16888bb94adc46db3640460e2e2f68e9583a201b81bbb9396981af3fb,Keep YouTube as metadata/link reference only unless explicit written authorization exists.
eog_2025_q4,EOG,"EOG Resources, Inc.",vendor,transcript,licensed-vendor://blocked/EOG/2025/Q4,licensed-vendor,license_required,vendor_license_missing,false,false,false,false,,,sha256:e806603e78c19608150d427699b719067c33f77ab1be6bd8f812898615ba7b3e,Register license_config_ref before any vendor raw content use.
oxy_2025_q4,OXY,Occidental Petroleum Corporation,official_ir,transcript,https://www.oxy.com/investors/,www.oxy.com,metadata_only,metadata_only_no_raw_download,false,false,false,false,,,sha256:3d6556ea09e416ef23d2cd695d4754bb3d845dafe0e4e508ca572b0b232e6ec5,"Review official IR source terms, robots policy, and event identity before permitted acquisition."
oxy_2025_q4,OXY,Occidental Petroleum Corporation,sec_edgar,metadata,sec-edgar://metadata-first/OXY/2025/Q4,sec.gov,metadata_only,sec_metadata_only,false,false,false,false,,,sha256:02e3fd9275a019c96bea8ed5f4dd84809c39eb9ebf65d899426ce1ea03719176,Use SEC metadata-first discovery with descriptive User-Agent and <=10 requests/sec.
oxy_2025_q4,OXY,Occidental Petroleum Corporation,youtube,video,https://www.youtube.com/results?search_query=OXY+2025+Q4+earnings+call,www.youtube.com,metadata_only,youtube_media_blocked,false,false,false,false,,,sha256:e9ef6339b0e6ab95ed571d0cfeb291dcfbae291a67c3be2bd8a0dd426ac09e51,Keep YouTube as metadata/link reference only unless explicit written authorization exists.
oxy_2025_q4,OXY,Occidental Petroleum Corporation,vendor,transcript,licensed-vendor://blocked/OXY/2025/Q4,licensed-vendor,license_required,vendor_license_missing,false,false,false,false,,,sha256:ca3e88ddd83e0bbb1395e40ceb0596944544508c70f78fe2394b0267abddfab9,Register license_config_ref before any vendor raw content use.
mpc_2025_q4,MPC,Marathon Petroleum Corporation,official_ir,transcript,https://www.marathonpetroleum.com/Investors/,www.marathonpetroleum.com,metadata_only,metadata_only_no_raw_download,false,false,false,false,,,sha256:d6f21a37f345553c70220af8bbe6fbe331eaf34a6ae2ee875361920735f0a63c,"Review official IR source terms, robots policy, and event identity before permitted acquisition."
mpc_2025_q4,MPC,Marathon Petroleum Corporation,sec_edgar,metadata,sec-edgar://metadata-first/MPC/2025/Q4,sec.gov,metadata_only,sec_metadata_only,false,false,false,false,,,sha256:52288387b78d62332910833680f4cf5a941be644a021fa6214255dbadd0cc29f,Use SEC metadata-first discovery with descriptive User-Agent and <=10 requests/sec.
mpc_2025_q4,MPC,Marathon Petroleum Corporation,youtube,video,https://www.youtube.com/results?search_query=MPC+2025+Q4+earnings+call,www.youtube.com,metadata_only,youtube_media_blocked,false,false,false,false,,,sha256:40cc22cb61eef66ad196a9f4bb44ba10a26e0fdcc30ebb17975f191f5ea41ae9,Keep YouTube as metadata/link reference only unless explicit written authorization exists.
mpc_2025_q4,MPC,Marathon Petroleum Corporation,vendor,transcript,licensed-vendor://blocked/MPC/2025/Q4,licensed-vendor,license_required,vendor_license_missing,false,false,false,false,,,sha256:192b24b69717534c897aef0e8d217849886c830d116b849a183dde434e66fd57,Register license_config_ref before any vendor raw content use.
psx_2025_q4,PSX,Phillips 66,official_ir,transcript,https://investor.phillips66.com/,investor.phillips66.com,metadata_only,metadata_only_no_raw_download,false,false,false,false,,,sha256:733b85776f2119fc61d273a7c1ca63e554a2953ef80a6b5d851d9b8b3863aa59,"Review official IR source terms, robots policy, and event identity before permitted acquisition."
psx_2025_q4,PSX,Phillips 66,sec_edgar,metadata,sec-edgar://metadata-first/PSX/2025/Q4,sec.gov,metadata_only,sec_metadata_only,false,false,false,false,,,sha256:e1d6acdf8acb4b11a48a45a514328deb1093438881d0cd2c2ff6f31c802e26b5,Use SEC metadata-first discovery with descriptive User-Agent and <=10 requests/sec.
psx_2025_q4,PSX,Phillips 66,youtube,video,https://www.youtube.com/results?search_query=PSX+2025+Q4+earnings+call,www.youtube.com,metadata_only,youtube_media_blocked,false,false,false,false,,,sha256:4e5b72c56eb9b5aa6ce1a2f06265f12a8088f97766aa941db84a015ec6e74f32,Keep YouTube as metadata/link reference only unless explicit written authorization exists.
psx_2025_q4,PSX,Phillips 66,vendor,transcript,licensed-vendor://blocked/PSX/2025/Q4,licensed-vendor,license_required,vendor_license_missing,false,false,false,false,,,sha256:db630533903ef0138828182082042e1290d6240e7c8f1337c79de4aa0e95d8ed,Register license_config_ref before any vendor raw content use.
vlo_2025_q4,VLO,Valero Energy Corporation,official_ir,transcript,https://investorvalero.com/,investorvalero.com,metadata_only,metadata_only_no_raw_download,false,false,false,false,,,sha256:be22b4bc44970cb6baa3b5f3f88fc519eb60385120af8b97e9ee5eea59cf78ad,"Review official IR source terms, robots policy, and event identity before permitted acquisition."
vlo_2025_q4,VLO,Valero Energy Corporation,sec_edgar,metadata,sec-edgar://metadata-first/VLO/2025/Q4,sec.gov,metadata_only,sec_metadata_only,false,false,false,false,,,sha256:9156befe02ca49672db7d8300c42031399ba12432315a6fb2aff7249cb4b2a3f,Use SEC metadata-first discovery with descriptive User-Agent and <=10 requests/sec.
vlo_2025_q4,VLO,Valero Energy Corporation,youtube,video,https://www.youtube.com/results?search_query=VLO+2025+Q4+earnings+call,www.youtube.com,metadata_only,youtube_media_blocked,false,false,false,false,,,sha256:8e94e5af9810392e840deac081f56fc9db00d7fec04d4e34b660483537484c2f,Keep YouTube as metadata/link reference only unless explicit written authorization exists.
vlo_2025_q4,VLO,Valero Energy Corporation,vendor,transcript,licensed-vendor://blocked/VLO/2025/Q4,licensed-vendor,license_required,vendor_license_missing,false,false,false,false,,,sha256:513b647455e6a774b10b83b09ab0742676ae537926457b7a01418610ad0ce0ad,Register license_config_ref before any vendor raw content use.
ba_2025_q4,BA,The Boeing Company,official_ir,transcript,https://investors.boeing.com/,investors.boeing.com,metadata_only,metadata_only_no_raw_download,false,false,false,false,,,sha256:7937c125d05169f36dcf974aa385ad8438840049e5d34755d3f8860227e03e3d,"Review official IR source terms, robots policy, and event identity before permitted acquisition."
ba_2025_q4,BA,The Boeing Company,sec_edgar,metadata,sec-edgar://metadata-first/BA/2025/Q4,sec.gov,metadata_only,sec_metadata_only,false,false,false,false,,,sha256:93a17a5aa7f843911a0dc48cddcc0c68bed97c475dffc21d4172e82bacbab937,Use SEC metadata-first discovery with descriptive User-Agent and <=10 requests/sec.
ba_2025_q4,BA,The Boeing Company,youtube,video,https://www.youtube.com/results?search_query=BA+2025+Q4+earnings+call,www.youtube.com,metadata_only,youtube_media_blocked,false,false,false,false,,,sha256:96646b2d9e9579bf11f8126a3b7b05fd240d5ff543c26ec2f3c71b514a5667c9,Keep YouTube as metadata/link reference only unless explicit written authorization exists.
ba_2025_q4,BA,The Boeing Company,vendor,transcript,licensed-vendor://blocked/BA/2025/Q4,licensed-vendor,license_required,vendor_license_missing,false,false,false,false,,,sha256:80b880c83c8d5e76fa0361d87aa19718d1d6fd9c2024a2cbbbc6fef7e70a5197,Register license_config_ref before any vendor raw content use.
rtx_2025_q4,RTX,RTX Corporation,official_ir,transcript,https://www.rtx.com/investors,www.rtx.com,metadata_only,metadata_only_no_raw_download,false,false,false,false,,,sha256:4b91a25b73ae558dfeeb868d81781e963ef840da1f00c9ab13e7ece5089a217c,"Review official IR source terms, robots policy, and event identity before permitted acquisition."
rtx_2025_q4,RTX,RTX Corporation,sec_edgar,metadata,sec-edgar://metadata-first/RTX/2025/Q4,sec.gov,metadata_only,sec_metadata_only,false,false,false,false,,,sha256:ed21b40eb93d8efb2a9a6878bff649da65ab68fcd27877dc8109a63ad97deb07,Use SEC metadata-first discovery with descriptive User-Agent and <=10 requests/sec.
rtx_2025_q4,RTX,RTX Corporation,youtube,video,https://www.youtube.com/results?search_query=RTX+2025+Q4+earnings+call,www.youtube.com,metadata_only,youtube_media_blocked,false,false,false,false,,,sha256:386e3e53c3018631830b219fb3816b58339e9c6ab130f7df2b3305ed620a2690,Keep YouTube as metadata/link reference only unless explicit written authorization exists.
rtx_2025_q4,RTX,RTX Corporation,vendor,transcript,licensed-vendor://blocked/RTX/2025/Q4,licensed-vendor,license_required,vendor_license_missing,false,false,false,false,,,sha256:374ed4eb44c9677006c691c06f7bac7437084d84e66e1ec016fff7bfcfad603a,Register license_config_ref before any vendor raw content use.
lmt_2025_q4,LMT,Lockheed Martin Corporation,official_ir,transcript,https://investors.lockheedmartin.com/,investors.lockheedmartin.com,metadata_only,metadata_only_no_raw_download,false,false,false,false,,,sha256:aada06a660ab31ed3fe59794bcd0919c04bffcfdf4e928e35622e9163bcb191c,"Review official IR source terms, robots policy, and event identity before permitted acquisition."
lmt_2025_q4,LMT,Lockheed Martin Corporation,sec_edgar,metadata,sec-edgar://metadata-first/LMT/2025/Q4,sec.gov,metadata_only,sec_metadata_only,false,false,false,false,,,sha256:399c14aa612f680af46be04d8644f6a34b51bd82446cfb84f9fae98941f529b8,Use SEC metadata-first discovery with descriptive User-Agent and <=10 requests/sec.
lmt_2025_q4,LMT,Lockheed Martin Corporation,youtube,video,https://www.youtube.com/results?search_query=LMT+2025+Q4+earnings+call,www.youtube.com,metadata_only,youtube_media_blocked,false,false,false,false,,,sha256:cc5b83452704388142d96d4a1e4708cfddf34998d4d83330e82d4b3d96bd1ac0,Keep YouTube as metadata/link reference only unless explicit written authorization exists.
lmt_2025_q4,LMT,Lockheed Martin Corporation,vendor,transcript,licensed-vendor://blocked/LMT/2025/Q4,licensed-vendor,license_required,vendor_license_missing,false,false,false,false,,,sha256:09a921e21a8ec2faf014e4bd9bcda300a223cc3e76f0602fd3778fe4a07f97fb,Register license_config_ref before any vendor raw content use.
noc_2025_q4,NOC,Northrop Grumman Corporation,official_ir,transcript,https://investor.northropgrumman.com/,investor.northropgrumman.com,metadata_only,metadata_only_no_raw_download,false,false,false,false,,,sha256:51da1c2baf198e3362c402d91661b96e85fc811bc136314ca7e7a07a5c20a8ae,"Review official IR source terms, robots policy, and event identity before permitted acquisition."
noc_2025_q4,NOC,Northrop Grumman Corporation,sec_edgar,metadata,sec-edgar://metadata-first/NOC/2025/Q4,sec.gov,metadata_only,sec_metadata_only,false,false,false,false,,,sha256:c74187aa801a6d87b269118bba0ad679458c20d123cee4111387b21307aac677,Use SEC metadata-first discovery with descriptive User-Agent and <=10 requests/sec.
noc_2025_q4,NOC,Northrop Grumman Corporation,youtube,video,https://www.youtube.com/results?search_query=NOC+2025+Q4+earnings+call,www.youtube.com,metadata_only,youtube_media_blocked,false,false,false,false,,,sha256:f488df83c6b02a9c2837f22db99f6f79bb1050884e9b34de68061cf2888f1f8c,Keep YouTube as metadata/link reference only unless explicit written authorization exists.
noc_2025_q4,NOC,Northrop Grumman Corporation,vendor,transcript,licensed-vendor://blocked/NOC/2025/Q4,licensed-vendor,license_required,vendor_license_missing,false,false,false,false,,,sha256:da765a7a6bf7f298a10b6fbbb5d3c4bfd231db565e9a97ef59111dcecad3cf0f,Register license_config_ref before any vendor raw content use.
gd_2025_q4,GD,General Dynamics Corporation,official_ir,transcript,https://investorrelations.gd.com/,investorrelations.gd.com,metadata_only,metadata_only_no_raw_download,false,false,false,false,,,sha256:a835b03ae0ad1f3bd7e701c18a9f041610eaa18e44cc667d9ac6e6c1c63d1a30,"Review official IR source terms, robots policy, and event identity before permitted acquisition."
gd_2025_q4,GD,General Dynamics Corporation,sec_edgar,metadata,sec-edgar://metadata-first/GD/2025/Q4,sec.gov,metadata_only,sec_metadata_only,false,false,false,false,,,sha256:535bf7cb93c20e76d34e1b32a2af012fb4679aeca73423dd38da9596012ee34d,Use SEC metadata-first discovery with descriptive User-Agent and <=10 requests/sec.
gd_2025_q4,GD,General Dynamics Corporation,youtube,video,https://www.youtube.com/results?search_query=GD+2025+Q4+earnings+call,www.youtube.com,metadata_only,youtube_media_blocked,false,false,false,false,,,sha256:07614eee0847876770c8f8393b30d8403d8b29c1d0a344539b55ca466907cccb,Keep YouTube as metadata/link reference only unless explicit written authorization exists.
gd_2025_q4,GD,General Dynamics Corporation,vendor,transcript,licensed-vendor://blocked/GD/2025/Q4,licensed-vendor,license_required,vendor_license_missing,false,false,false,false,,,sha256:76ed50bf4610c7e08923bfef355e24161366df5001f3691a9a66798964b9c1ee,Register license_config_ref before any vendor raw content use.
cat_2025_q4,CAT,Caterpillar Inc.,official_ir,transcript,https://investors.caterpillar.com/,investors.caterpillar.com,metadata_only,metadata_only_no_raw_download,false,false,false,false,,,sha256:528e34b08923d9e0664e1bd0cbbb368efa36b96da51297642ace7492d12637b2,"Review official IR source terms, robots policy, and event identity before permitted acquisition."
cat_2025_q4,CAT,Caterpillar Inc.,sec_edgar,metadata,sec-edgar://metadata-first/CAT/2025/Q4,sec.gov,metadata_only,sec_metadata_only,false,false,false,false,,,sha256:05120d30f130833b86d8dc4e12d22b78d81600723cdb74a4072610591112b0f6,Use SEC metadata-first discovery with descriptive User-Agent and <=10 requests/sec.
cat_2025_q4,CAT,Caterpillar Inc.,youtube,video,https://www.youtube.com/results?search_query=CAT+2025+Q4+earnings+call,www.youtube.com,metadata_only,youtube_media_blocked,false,false,false,false,,,sha256:8a2d47aef19753965d8c62e6e5b1c4488c1e214e1722f9f36699a0e6d1a16820,Keep YouTube as metadata/link reference only unless explicit written authorization exists.
cat_2025_q4,CAT,Caterpillar Inc.,vendor,transcript,licensed-vendor://blocked/CAT/2025/Q4,licensed-vendor,license_required,vendor_license_missing,false,false,false,false,,,sha256:25c7d20b067d555cf8329a518d44d823f94e4a7a903256dd86e25c8caaafb72c,Register license_config_ref before any vendor raw content use.
de_2025_q4,DE,Deere & Company,official_ir,transcript,https://investor.deere.com/,investor.deere.com,metadata_only,metadata_only_no_raw_download,false,false,false,false,,,sha256:3326e83f450cf48b36fa369bda91db63a34bd620ddb114183d2be9cf4e081d30,"Review official IR source terms, robots policy, and event identity before permitted acquisition."
de_2025_q4,DE,Deere & Company,sec_edgar,metadata,sec-edgar://metadata-first/DE/2025/Q4,sec.gov,metadata_only,sec_metadata_only,false,false,false,false,,,sha256:1472d6fa3c2963b3c7d9fc92854e0d27019e398fbe27ad11d22b8f2d559ca67a,Use SEC metadata-first discovery with descriptive User-Agent and <=10 requests/sec.
de_2025_q4,DE,Deere & Company,youtube,video,https://www.youtube.com/results?search_query=DE+2025+Q4+earnings+call,www.youtube.com,metadata_only,youtube_media_blocked,false,false,false,false,,,sha256:7efa9764d4f2782c9ba82706b886aae246abefa6a3f80c9fd450dcd159f38082,Keep YouTube as metadata/link reference only unless explicit written authorization exists.
de_2025_q4,DE,Deere & Company,vendor,transcript,licensed-vendor://blocked/DE/2025/Q4,licensed-vendor,license_required,vendor_license_missing,false,false,false,false,,,sha256:96f08e964259880f6aa80addc514c5449169a91844c36d62047d421df8ef0f35,Register license_config_ref before any vendor raw content use.
ge_2025_q4,GE,GE Aerospace,official_ir,transcript,https://www.geaerospace.com/investors,www.geaerospace.com,metadata_only,metadata_only_no_raw_download,false,false,false,false,,,sha256:affd0bebd19ab68b9ad11710f54852d6af1e7690982785f164c3d279f8ee783d,"Review official IR source terms, robots policy, and event identity before permitted acquisition."
ge_2025_q4,GE,GE Aerospace,sec_edgar,metadata,sec-edgar://metadata-first/GE/2025/Q4,sec.gov,metadata_only,sec_metadata_only,false,false,false,false,,,sha256:fc5960bb98c73448dcd0ffcad6f5bba601793637fb7c29e27b8766f519e4b095,Use SEC metadata-first discovery with descriptive User-Agent and <=10 requests/sec.
ge_2025_q4,GE,GE Aerospace,youtube,video,https://www.youtube.com/results?search_query=GE+2025+Q4+earnings+call,www.youtube.com,metadata_only,youtube_media_blocked,false,false,false,false,,,sha256:344a18bd4e3b31019847dafa6195d678ba6bcba0bb2679143eae68db41da2b8e,Keep YouTube as metadata/link reference only unless explicit written authorization exists.
ge_2025_q4,GE,GE Aerospace,vendor,transcript,licensed-vendor://blocked/GE/2025/Q4,licensed-vendor,license_required,vendor_license_missing,false,false,false,false,,,sha256:4c36ec01bfa7b5b10bde29c496a6b8999a2aad4e384ca3bd08344e245dfa1142,Register license_config_ref before any vendor raw content use.
etn_2025_q4,ETN,Eaton Corporation plc,official_ir,transcript,https://www.eaton.com/us/en-us/company/investor-relations.html,www.eaton.com,metadata_only,metadata_only_no_raw_download,false,false,false,false,,,sha256:b32ae89bb18e67b86f83485d1b1ffcac70a045844ae2977ee1a414f56c97940b,"Review official IR source terms, robots policy, and event identity before permitted acquisition."
etn_2025_q4,ETN,Eaton Corporation plc,sec_edgar,metadata,sec-edgar://metadata-first/ETN/2025/Q4,sec.gov,metadata_only,sec_metadata_only,false,false,false,false,,,sha256:0f0222be4f84744d9e1961e2068e018d831e60fe354d9ba4239e43fb6677f5da,Use SEC metadata-first discovery with descriptive User-Agent and <=10 requests/sec.
etn_2025_q4,ETN,Eaton Corporation plc,youtube,video,https://www.youtube.com/results?search_query=ETN+2025+Q4+earnings+call,www.youtube.com,metadata_only,youtube_media_blocked,false,false,false,false,,,sha256:4830a08853231a97d4ea86c8cfb3e5d474205f2dfcc75b9be82e4baadf2f7723,Keep YouTube as metadata/link reference only unless explicit written authorization exists.
etn_2025_q4,ETN,Eaton Corporation plc,vendor,transcript,licensed-vendor://blocked/ETN/2025/Q4,licensed-vendor,license_required,vendor_license_missing,false,false,false,false,,,sha256:2095d17f7973a6f45a2725fcd5c7231eee87dd2ec5d5a058b89e2238fce0e958,Register license_config_ref before any vendor raw content use.
emr_2025_q4,EMR,Emerson Electric Co.,official_ir,transcript,https://www.emerson.com/en-us/investors,www.emerson.com,metadata_only,metadata_only_no_raw_download,false,false,false,false,,,sha256:afe74a35b589e9967364667beb72e80e835bce6b27e104af44ea761274ed596e,"Review official IR source terms, robots policy, and event identity before permitted acquisition."
emr_2025_q4,EMR,Emerson Electric Co.,sec_edgar,metadata,sec-edgar://metadata-first/EMR/2025/Q4,sec.gov,metadata_only,sec_metadata_only,false,false,false,false,,,sha256:2138b170af3a2503bc567731a69f9d20bc509b61f63148e0e11958d5ec3e3fdb,Use SEC metadata-first discovery with descriptive User-Agent and <=10 requests/sec.
emr_2025_q4,EMR,Emerson Electric Co.,youtube,video,https://www.youtube.com/results?search_query=EMR+2025+Q4+earnings+call,www.youtube.com,metadata_only,youtube_media_blocked,false,false,false,false,,,sha256:5c4ba7b2b47f72b6c80777d79815906f2306d95ab7f9fba3c5fbe566c8761af7,Keep YouTube as metadata/link reference only unless explicit written authorization exists.
emr_2025_q4,EMR,Emerson Electric Co.,vendor,transcript,licensed-vendor://blocked/EMR/2025/Q4,licensed-vendor,license_required,vendor_license_missing,false,false,false,false,,,sha256:adb68782e38aa8da00f1ba10f6f3c45c950a9496a8d9d0b17dbd55acb3639bc8,Register license_config_ref before any vendor raw content use.
mmm_2025_q4,MMM,3M Company,official_ir,transcript,https://investors.3m.com/,investors.3m.com,metadata_only,metadata_only_no_raw_download,false,false,false,false,,,sha256:7bb967d2155401fe83fd46e3651e8ee0cecbcd310c62835621a91c3f6ea53157,"Review official IR source terms, robots policy, and event identity before permitted acquisition."
mmm_2025_q4,MMM,3M Company,sec_edgar,metadata,sec-edgar://metadata-first/MMM/2025/Q4,sec.gov,metadata_only,sec_metadata_only,false,false,false,false,,,sha256:f562992ad2bb28e2178a215aee8fbc599514e496b2a807f6fb1b9cd82ae8be43,Use SEC metadata-first discovery with descriptive User-Agent and <=10 requests/sec.
mmm_2025_q4,MMM,3M Company,youtube,video,https://www.youtube.com/results?search_query=MMM+2025+Q4+earnings+call,www.youtube.com,metadata_only,youtube_media_blocked,false,false,false,false,,,sha256:77328c3a1135ed360e4ef62385e0045e3c9da9790e6176f331ddadd2f905f299,Keep YouTube as metadata/link reference only unless explicit written authorization exists.
mmm_2025_q4,MMM,3M Company,vendor,transcript,licensed-vendor://blocked/MMM/2025/Q4,licensed-vendor,license_required,vendor_license_missing,false,false,false,false,,,sha256:6726e14b707daeaa41df459220a2a59538bd61ca25a042d67ba938cca72f7783,Register license_config_ref before any vendor raw content use.
itw_2025_q4,ITW,Illinois Tool Works Inc.,official_ir,transcript,https://investor.itw.com/,investor.itw.com,metadata_only,metadata_only_no_raw_download,false,false,false,false,,,sha256:18370896664c23a4d1115ff457fe11d7b3003ace3485ac8f3115b3d2d2b8b7fc,"Review official IR source terms, robots policy, and event identity before permitted acquisition."
itw_2025_q4,ITW,Illinois Tool Works Inc.,sec_edgar,metadata,sec-edgar://metadata-first/ITW/2025/Q4,sec.gov,metadata_only,sec_metadata_only,false,false,false,false,,,sha256:2a5a6ff0267638a75cf89836f2c4367b9e9d549ba07d21eac4768a4c386acfb6,Use SEC metadata-first discovery with descriptive User-Agent and <=10 requests/sec.
itw_2025_q4,ITW,Illinois Tool Works Inc.,youtube,video,https://www.youtube.com/results?search_query=ITW+2025+Q4+earnings+call,www.youtube.com,metadata_only,youtube_media_blocked,false,false,false,false,,,sha256:ca9c9712c15c8bd5fc74d9f68916184f1cd740e0f3b44e971289a1f5fd32c1a9,Keep YouTube as metadata/link reference only unless explicit written authorization exists.
itw_2025_q4,ITW,Illinois Tool Works Inc.,vendor,transcript,licensed-vendor://blocked/ITW/2025/Q4,licensed-vendor,license_required,vendor_license_missing,false,false,false,false,,,sha256:dbc0f572394985f58b06f01aa91230871c31ef0310db1f63221952aa9181de06,Register license_config_ref before any vendor raw content use.
ph_2025_q4,PH,Parker-Hannifin Corporation,official_ir,transcript,https://investors.parker.com/,investors.parker.com,metadata_only,metadata_only_no_raw_download,false,false,false,false,,,sha256:baae966d7f08075de91662e4733ad6149963b15f06c5ef8e680efd0f1747f535,"Review official IR source terms, robots policy, and event identity before permitted acquisition."
ph_2025_q4,PH,Parker-Hannifin Corporation,sec_edgar,metadata,sec-edgar://metadata-first/PH/2025/Q4,sec.gov,metadata_only,sec_metadata_only,false,false,false,false,,,sha256:50cfff34fffdbfb44b3c4debfdb1239e938a6d0403646b1c8f9b3960f8c1c866,Use SEC metadata-first discovery with descriptive User-Agent and <=10 requests/sec.
ph_2025_q4,PH,Parker-Hannifin Corporation,youtube,video,https://www.youtube.com/results?search_query=PH+2025+Q4+earnings+call,www.youtube.com,metadata_only,youtube_media_blocked,false,false,false,false,,,sha256:a75b47c82b84968d67ac09d29fdadbee5010ae3929b8f57ae90ba6c5a85cd7df,Keep YouTube as metadata/link reference only unless explicit written authorization exists.
ph_2025_q4,PH,Parker-Hannifin Corporation,vendor,transcript,licensed-vendor://blocked/PH/2025/Q4,licensed-vendor,license_required,vendor_license_missing,false,false,false,false,,,sha256:9c6b21910e6aa41f881636d9bd529b8f2f3100d6b41de25d8107c1847af6d93b,Register license_config_ref before any vendor raw content use.
carr_2025_q4,CARR,Carrier Global Corporation,official_ir,transcript,https://ir.carrier.com/,ir.carrier.com,metadata_only,metadata_only_no_raw_download,false,false,false,false,,,sha256:92a8a23b030f2f3396847084def700b07c8ad044ea238c4b8a7ad724ebbc9f8a,"Review official IR source terms, robots policy, and event identity before permitted acquisition."
carr_2025_q4,CARR,Carrier Global Corporation,sec_edgar,metadata,sec-edgar://metadata-first/CARR/2025/Q4,sec.gov,metadata_only,sec_metadata_only,false,false,false,false,,,sha256:4571340c48465d5b71fdc796d3fb39909eaec925e43deaad7740148b87d43272,Use SEC metadata-first discovery with descriptive User-Agent and <=10 requests/sec.
carr_2025_q4,CARR,Carrier Global Corporation,youtube,video,https://www.youtube.com/results?search_query=CARR+2025+Q4+earnings+call,www.youtube.com,metadata_only,youtube_media_blocked,false,false,false,false,,,sha256:6dffabba160919c4e10d899c3c1ad08fb5b9048b2f602223418cbba5c31fba8a,Keep YouTube as metadata/link reference only unless explicit written authorization exists.
carr_2025_q4,CARR,Carrier Global Corporation,vendor,transcript,licensed-vendor://blocked/CARR/2025/Q4,licensed-vendor,license_required,vendor_license_missing,false,false,false,false,,,sha256:3c4c7dd4f0760c4882f00ed13aa7345c5454894762f99d99ebcc397170a7834d,Register license_config_ref before any vendor raw content use.
otis_2025_q4,OTIS,Otis Worldwide Corporation,official_ir,transcript,https://www.otis.com/en/us/investors,www.otis.com,metadata_only,metadata_only_no_raw_download,false,false,false,false,,,sha256:914e9cb4ca5375551b748aad29f613846e9ed3dae3600c3c05b207fd828e800c,"Review official IR source terms, robots policy, and event identity before permitted acquisition."
otis_2025_q4,OTIS,Otis Worldwide Corporation,sec_edgar,metadata,sec-edgar://metadata-first/OTIS/2025/Q4,sec.gov,metadata_only,sec_metadata_only,false,false,false,false,,,sha256:1f58d16cc036a9ffeb29560a04771bf838d1e7ffe6cab14677fda443c8578225,Use SEC metadata-first discovery with descriptive User-Agent and <=10 requests/sec.
otis_2025_q4,OTIS,Otis Worldwide Corporation,youtube,video,https://www.youtube.com/results?search_query=OTIS+2025+Q4+earnings+call,www.youtube.com,metadata_only,youtube_media_blocked,false,false,false,false,,,sha256:b27494de3476c55a75697d492e15ee1467d0d02f3ca9a3de352920ad10609c5d,Keep YouTube as metadata/link reference only unless explicit written authorization exists.
otis_2025_q4,OTIS,Otis Worldwide Corporation,vendor,transcript,licensed-vendor://blocked/OTIS/2025/Q4,licensed-vendor,license_required,vendor_license_missing,false,false,false,false,,,sha256:67b6ba91076adc1f29ffce53acde95be4ea04a74b1c34e8190606122c1fc875a,Register license_config_ref before any vendor raw content use.
ups_2025_q4,UPS,"United Parcel Service, Inc.",official_ir,transcript,https://investors.ups.com/,investors.ups.com,metadata_only,metadata_only_no_raw_download,false,false,false,false,,,sha256:c22367fbbe3b23021d13a8b9efd5f4c7caf0655e6ea4076b47a6f121d1df1322,"Review official IR source terms, robots policy, and event identity before permitted acquisition."
ups_2025_q4,UPS,"United Parcel Service, Inc.",sec_edgar,metadata,sec-edgar://metadata-first/UPS/2025/Q4,sec.gov,metadata_only,sec_metadata_only,false,false,false,false,,,sha256:a54b1729f66abf66b173429ba084c295b0878fd9b9083a79cd22de91b447b6e3,Use SEC metadata-first discovery with descriptive User-Agent and <=10 requests/sec.
ups_2025_q4,UPS,"United Parcel Service, Inc.",youtube,video,https://www.youtube.com/results?search_query=UPS+2025+Q4+earnings+call,www.youtube.com,metadata_only,youtube_media_blocked,false,false,false,false,,,sha256:c472f981ba0138736179000fd1662a20cde17fa47ce7190eb59e3d30f34131dc,Keep YouTube as metadata/link reference only unless explicit written authorization exists.
ups_2025_q4,UPS,"United Parcel Service, Inc.",vendor,transcript,licensed-vendor://blocked/UPS/2025/Q4,licensed-vendor,license_required,vendor_license_missing,false,false,false,false,,,sha256:d40830d1c1f05237213fc6e581a703b774169734775709128a31dca1039d69aa,Register license_config_ref before any vendor raw content use.
fdx_2025_q4,FDX,FedEx Corporation,official_ir,transcript,https://investors.fedex.com/,investors.fedex.com,metadata_only,metadata_only_no_raw_download,false,false,false,false,,,sha256:44d77e74f1ea9aaab37bda3dd9b582d2aa7a799c51e5ad802a597728f7c1d601,"Review official IR source terms, robots policy, and event identity before permitted acquisition."
fdx_2025_q4,FDX,FedEx Corporation,sec_edgar,metadata,sec-edgar://metadata-first/FDX/2025/Q4,sec.gov,metadata_only,sec_metadata_only,false,false,false,false,,,sha256:c1fa4cf64ad2ac269c888d57dae6ffe059c9b81e62b05f4176edcced83cb60da,Use SEC metadata-first discovery with descriptive User-Agent and <=10 requests/sec.
fdx_2025_q4,FDX,FedEx Corporation,youtube,video,https://www.youtube.com/results?search_query=FDX+2025+Q4+earnings+call,www.youtube.com,metadata_only,youtube_media_blocked,false,false,false,false,,,sha256:d946785c3900793f9c8f1a862443dc303487cf43885b22fe5f2729c9f78ce2db,Keep YouTube as metadata/link reference only unless explicit written authorization exists.
fdx_2025_q4,FDX,FedEx Corporation,vendor,transcript,licensed-vendor://blocked/FDX/2025/Q4,licensed-vendor,license_required,vendor_license_missing,false,false,false,false,,,sha256:f43330f4b4a77b2d07f136145415f21a3129c8faef7d2f9193fbef67749e51cb,Register license_config_ref before any vendor raw content use.
dal_2025_q4,DAL,"Delta Air Lines, Inc.",official_ir,transcript,https://ir.delta.com/,ir.delta.com,metadata_only,metadata_only_no_raw_download,false,false,false,false,,,sha256:c520af219181b20da5adeb19022f224013f62bec35d68079a5401408329f6290,"Review official IR source terms, robots policy, and event identity before permitted acquisition."
dal_2025_q4,DAL,"Delta Air Lines, Inc.",sec_edgar,metadata,sec-edgar://metadata-first/DAL/2025/Q4,sec.gov,metadata_only,sec_metadata_only,false,false,false,false,,,sha256:ed490e8c25f9e295058c321a8de16fb583872d7c4d06c525a02d3f968a2c18d2,Use SEC metadata-first discovery with descriptive User-Agent and <=10 requests/sec.
dal_2025_q4,DAL,"Delta Air Lines, Inc.",youtube,video,https://www.youtube.com/results?search_query=DAL+2025+Q4+earnings+call,www.youtube.com,metadata_only,youtube_media_blocked,false,false,false,false,,,sha256:af74520151f21b4033fd1711cb3c6914ff764c067057cbcc83aeab5f3b4342d1,Keep YouTube as metadata/link reference only unless explicit written authorization exists.
dal_2025_q4,DAL,"Delta Air Lines, Inc.",vendor,transcript,licensed-vendor://blocked/DAL/2025/Q4,licensed-vendor,license_required,vendor_license_missing,false,false,false,false,,,sha256:b4d4c02738d7baf6ec9b41eafb125eea17524edaba97c264026fd4440da3c03d,Register license_config_ref before any vendor raw content use.
unp_2025_q4,UNP,Union Pacific Corporation,official_ir,transcript,https://investor.unionpacific.com/,investor.unionpacific.com,metadata_only,metadata_only_no_raw_download,false,false,false,false,,,sha256:6a466fa465c09bc53eba562b762247952e1e83cee4b45c645e26ba7196d05d8d,"Review official IR source terms, robots policy, and event identity before permitted acquisition."
unp_2025_q4,UNP,Union Pacific Corporation,sec_edgar,metadata,sec-edgar://metadata-first/UNP/2025/Q4,sec.gov,metadata_only,sec_metadata_only,false,false,false,false,,,sha256:6d75d868786a8122a66ca4ad649e696060ebaaa687c1348d2fd1be9e6b4b8d24,Use SEC metadata-first discovery with descriptive User-Agent and <=10 requests/sec.
unp_2025_q4,UNP,Union Pacific Corporation,youtube,video,https://www.youtube.com/results?search_query=UNP+2025+Q4+earnings+call,www.youtube.com,metadata_only,youtube_media_blocked,false,false,false,false,,,sha256:7876cdee1a50c80a3b8a26ac886430f6c833a12dd667b38e31631f9f13a563cf,Keep YouTube as metadata/link reference only unless explicit written authorization exists.
unp_2025_q4,UNP,Union Pacific Corporation,vendor,transcript,licensed-vendor://blocked/UNP/2025/Q4,licensed-vendor,license_required,vendor_license_missing,false,false,false,false,,,sha256:ca6595e03fb79c3ed0d927c31fd81c3f3d94ae25a64586d93f8ff12998cb4b73,Register license_config_ref before any vendor raw content use.
nsc_2025_q4,NSC,Norfolk Southern Corporation,official_ir,transcript,https://norfolksouthern.investorroom.com/,norfolksouthern.investorroom.com,metadata_only,metadata_only_no_raw_download,false,false,false,false,,,sha256:008340b9f15dbbfc0d7dcf1cb8acb955ca8e1e11a39ba9db5ff149015cd33b3c,"Review official IR source terms, robots policy, and event identity before permitted acquisition."
nsc_2025_q4,NSC,Norfolk Southern Corporation,sec_edgar,metadata,sec-edgar://metadata-first/NSC/2025/Q4,sec.gov,metadata_only,sec_metadata_only,false,false,false,false,,,sha256:dc1dba78c4a9daeacd10410f0565e62e8bbfb97c43871268bb4447d616bd16ad,Use SEC metadata-first discovery with descriptive User-Agent and <=10 requests/sec.
nsc_2025_q4,NSC,Norfolk Southern Corporation,youtube,video,https://www.youtube.com/results?search_query=NSC+2025+Q4+earnings+call,www.youtube.com,metadata_only,youtube_media_blocked,false,false,false,false,,,sha256:c4d2ec215106417ce4a180eefa989237f74ffc7960759a4571ace70b5cd58beb,Keep YouTube as metadata/link reference only unless explicit written authorization exists.
nsc_2025_q4,NSC,Norfolk Southern Corporation,vendor,transcript,licensed-vendor://blocked/NSC/2025/Q4,licensed-vendor,license_required,vendor_license_missing,false,false,false,false,,,sha256:f808ebcf710b55f4b718dc77bfd550df47138b61494ad576083b2419c9fb5f5f,Register license_config_ref before any vendor raw content use.
hd_2025_q4,HD,"The Home Depot, Inc.",official_ir,transcript,https://ir.homedepot.com/,ir.homedepot.com,metadata_only,metadata_only_no_raw_download,false,false,false,false,,,sha256:bf0ed886772cb4e17d83d23d9c324ea5dbfd6fb89afc585edbda083a07e8da6f,"Review official IR source terms, robots policy, and event identity before permitted acquisition."
hd_2025_q4,HD,"The Home Depot, Inc.",sec_edgar,metadata,sec-edgar://metadata-first/HD/2025/Q4,sec.gov,metadata_only,sec_metadata_only,false,false,false,false,,,sha256:503374eb9716aeb2e2d9f69707e79c40b86c0f85e8ea498fe8df8393926daa87,Use SEC metadata-first discovery with descriptive User-Agent and <=10 requests/sec.
hd_2025_q4,HD,"The Home Depot, Inc.",youtube,video,https://www.youtube.com/results?search_query=HD+2025+Q4+earnings+call,www.youtube.com,metadata_only,youtube_media_blocked,false,false,false,false,,,sha256:896832e1ca28bd292b6ed15a69be0be5feaf37f68e16024979fd8043c2b4613c,Keep YouTube as metadata/link reference only unless explicit written authorization exists.
hd_2025_q4,HD,"The Home Depot, Inc.",vendor,transcript,licensed-vendor://blocked/HD/2025/Q4,licensed-vendor,license_required,vendor_license_missing,false,false,false,false,,,sha256:859d1e0d7d60b387861977dd4064f7922a1015a61048ce42b795d90016fc34f7,Register license_config_ref before any vendor raw content use.
low_2025_q4,LOW,"Lowe's Companies, Inc.",official_ir,transcript,https://corporate.lowes.com/investors,corporate.lowes.com,metadata_only,metadata_only_no_raw_download,false,false,false,false,,,sha256:a4e50965b57538f5d34c5a5795817b00c6155eb42fb61bded2c056ce18ad9d03,"Review official IR source terms, robots policy, and event identity before permitted acquisition."
low_2025_q4,LOW,"Lowe's Companies, Inc.",sec_edgar,metadata,sec-edgar://metadata-first/LOW/2025/Q4,sec.gov,metadata_only,sec_metadata_only,false,false,false,false,,,sha256:9cf7ba954f798222d8e65f4f67078543cb38259ab691f4ec59f01bf8ec605f8c,Use SEC metadata-first discovery with descriptive User-Agent and <=10 requests/sec.
low_2025_q4,LOW,"Lowe's Companies, Inc.",youtube,video,https://www.youtube.com/results?search_query=LOW+2025+Q4+earnings+call,www.youtube.com,metadata_only,youtube_media_blocked,false,false,false,false,,,sha256:9cd068b8dab4f54fda0b18ee936b649b66b9ba3434351a81f2fac270b49c290c,Keep YouTube as metadata/link reference only unless explicit written authorization exists.
low_2025_q4,LOW,"Lowe's Companies, Inc.",vendor,transcript,licensed-vendor://blocked/LOW/2025/Q4,licensed-vendor,license_required,vendor_license_missing,false,false,false,false,,,sha256:9a31a1a217f4b8fbcc779f1df56d071d249b4362e6b91c42ed81a057e7aaf300,Register license_config_ref before any vendor raw content use.
tgt_2025_q4,TGT,Target Corporation,official_ir,transcript,https://investors.target.com/,investors.target.com,metadata_only,metadata_only_no_raw_download,false,false,false,false,,,sha256:588314a57e8b9c59b2a3159651a5004c0a82bdda75d31f391374d37821bc525f,"Review official IR source terms, robots policy, and event identity before permitted acquisition."
tgt_2025_q4,TGT,Target Corporation,sec_edgar,metadata,sec-edgar://metadata-first/TGT/2025/Q4,sec.gov,metadata_only,sec_metadata_only,false,false,false,false,,,sha256:6893783dd8c882f2aba1d0fb38b9017b777efa0bdfddb5b44b82ba92c5d8a7a7,Use SEC metadata-first discovery with descriptive User-Agent and <=10 requests/sec.
tgt_2025_q4,TGT,Target Corporation,youtube,video,https://www.youtube.com/results?search_query=TGT+2025+Q4+earnings+call,www.youtube.com,metadata_only,youtube_media_blocked,false,false,false,false,,,sha256:b50ccb5f022033f5492a1b833ffa4ff468e1fd027adf453a760267a2252fa0a7,Keep YouTube as metadata/link reference only unless explicit written authorization exists.
tgt_2025_q4,TGT,Target Corporation,vendor,transcript,licensed-vendor://blocked/TGT/2025/Q4,licensed-vendor,license_required,vendor_license_missing,false,false,false,false,,,sha256:cc3a8a930a740717ebcddc136d2f642212e28e4416a692aaf2703f6bebf4fe02,Register license_config_ref before any vendor raw content use.
kr_2025_q4,KR,The Kroger Co.,official_ir,transcript,https://ir.kroger.com/,ir.kroger.com,metadata_only,metadata_only_no_raw_download,false,false,false,false,,,sha256:aae297839a11443a8e35e94e93e52a3fc97faa4e1909ebae5c5d022b4cbe318e,"Review official IR source terms, robots policy, and event identity before permitted acquisition."
kr_2025_q4,KR,The Kroger Co.,sec_edgar,metadata,sec-edgar://metadata-first/KR/2025/Q4,sec.gov,metadata_only,sec_metadata_only,false,false,false,false,,,sha256:b1505bfc44779aea16e9b4f524aacf8c35903652c818f85abc01729eaeb83d7c,Use SEC metadata-first discovery with descriptive User-Agent and <=10 requests/sec.
kr_2025_q4,KR,The Kroger Co.,youtube,video,https://www.youtube.com/results?search_query=KR+2025+Q4+earnings+call,www.youtube.com,metadata_only,youtube_media_blocked,false,false,false,false,,,sha256:0ad6b56bbd0bee5a7f053535b7b66b8e15be87b3b0397336f7b44d6c3d02a710,Keep YouTube as metadata/link reference only unless explicit written authorization exists.
kr_2025_q4,KR,The Kroger Co.,vendor,transcript,licensed-vendor://blocked/KR/2025/Q4,licensed-vendor,license_required,vendor_license_missing,false,false,false,false,,,sha256:3ce15417ea3c5afadc28acb154c11e0675388b0fdabd0434af8b867a8a83149f,Register license_config_ref before any vendor raw content use.
dg_2025_q4,DG,Dollar General Corporation,official_ir,transcript,https://investor.dollargeneral.com/,investor.dollargeneral.com,metadata_only,metadata_only_no_raw_download,false,false,false,false,,,sha256:905042e37827ca86b45d5caea72cf99b0894a7f8cd95383b06a7f8d809d8c4db,"Review official IR source terms, robots policy, and event identity before permitted acquisition."
dg_2025_q4,DG,Dollar General Corporation,sec_edgar,metadata,sec-edgar://metadata-first/DG/2025/Q4,sec.gov,metadata_only,sec_metadata_only,false,false,false,false,,,sha256:93778d33b7ae59af5b22b33f1478d7f30e270d3a979ddc2721f92056c7e7df31,Use SEC metadata-first discovery with descriptive User-Agent and <=10 requests/sec.
dg_2025_q4,DG,Dollar General Corporation,youtube,video,https://www.youtube.com/results?search_query=DG+2025+Q4+earnings+call,www.youtube.com,metadata_only,youtube_media_blocked,false,false,false,false,,,sha256:647baebceac9139e00a6efe96b82d14f95afdd7b41b409ad3845f8ed3e49e1f4,Keep YouTube as metadata/link reference only unless explicit written authorization exists.
dg_2025_q4,DG,Dollar General Corporation,vendor,transcript,licensed-vendor://blocked/DG/2025/Q4,licensed-vendor,license_required,vendor_license_missing,false,false,false,false,,,sha256:937101fe71b63a518ff5731dcd14a246d8bae3f1eeef90ddd1180c23e93101b7,Register license_config_ref before any vendor raw content use.
mcd_2025_q4,MCD,McDonald's Corporation,official_ir,transcript,https://corporate.mcdonalds.com/corpmcd/investors.html,corporate.mcdonalds.com,metadata_only,metadata_only_no_raw_download,false,false,false,false,,,sha256:d800828cc82d077d3ff0af982861e008f9363c9107a9a55eb21bfd4ad6263ac3,"Review official IR source terms, robots policy, and event identity before permitted acquisition."
mcd_2025_q4,MCD,McDonald's Corporation,sec_edgar,metadata,sec-edgar://metadata-first/MCD/2025/Q4,sec.gov,metadata_only,sec_metadata_only,false,false,false,false,,,sha256:b4509c37cf5b91ccf0280f4549ea0eaa216575b9d1b063577254ddcaf4d3ee88,Use SEC metadata-first discovery with descriptive User-Agent and <=10 requests/sec.
mcd_2025_q4,MCD,McDonald's Corporation,youtube,video,https://www.youtube.com/results?search_query=MCD+2025+Q4+earnings+call,www.youtube.com,metadata_only,youtube_media_blocked,false,false,false,false,,,sha256:beeec769789b73a364756ed58afe706bd035c589881073cd55185836512e3906,Keep YouTube as metadata/link reference only unless explicit written authorization exists.
mcd_2025_q4,MCD,McDonald's Corporation,vendor,transcript,licensed-vendor://blocked/MCD/2025/Q4,licensed-vendor,license_required,vendor_license_missing,false,false,false,false,,,sha256:9fb99891bff868942b5c7ec800a2c74b75b94978cfb1df3f23aa8772fd710059,Register license_config_ref before any vendor raw content use.
yum_2025_q4,YUM,"Yum! Brands, Inc.",official_ir,transcript,https://investors.yum.com/,investors.yum.com,metadata_only,metadata_only_no_raw_download,false,false,false,false,,,sha256:8b115f4c79ff7d71603889c295795ff8c461dd9207407303c8eb277a6c1b758d,"Review official IR source terms, robots policy, and event identity before permitted acquisition."
yum_2025_q4,YUM,"Yum! Brands, Inc.",sec_edgar,metadata,sec-edgar://metadata-first/YUM/2025/Q4,sec.gov,metadata_only,sec_metadata_only,false,false,false,false,,,sha256:078f63352ab17df678954d088fa038dc247c0afd4189a8b15846c17d129d8e8c,Use SEC metadata-first discovery with descriptive User-Agent and <=10 requests/sec.
yum_2025_q4,YUM,"Yum! Brands, Inc.",youtube,video,https://www.youtube.com/results?search_query=YUM+2025+Q4+earnings+call,www.youtube.com,metadata_only,youtube_media_blocked,false,false,false,false,,,sha256:b91916112b7a483683e02f8a3581c001deaecab8dd4ec32a76aa8d32b377fe94,Keep YouTube as metadata/link reference only unless explicit written authorization exists.
yum_2025_q4,YUM,"Yum! Brands, Inc.",vendor,transcript,licensed-vendor://blocked/YUM/2025/Q4,licensed-vendor,license_required,vendor_license_missing,false,false,false,false,,,sha256:8a633148c6c92b799d4788107aeae1993b5f5af561ead3c85616f6023e08e862,Register license_config_ref before any vendor raw content use.
nke_2025_q4,NKE,"NIKE, Inc.",official_ir,transcript,https://investors.nike.com/,investors.nike.com,metadata_only,metadata_only_no_raw_download,false,false,false,false,,,sha256:798ba74524a695fb1f7335a09ddd32b020ac6385dde5aed073c41c41ee9438e9,"Review official IR source terms, robots policy, and event identity before permitted acquisition."
nke_2025_q4,NKE,"NIKE, Inc.",sec_edgar,metadata,sec-edgar://metadata-first/NKE/2025/Q4,sec.gov,metadata_only,sec_metadata_only,false,false,false,false,,,sha256:293bcf96a63809473e7614c5f7651c0f2b88386eaa56447d7888af3ee234d708,Use SEC metadata-first discovery with descriptive User-Agent and <=10 requests/sec.
nke_2025_q4,NKE,"NIKE, Inc.",youtube,video,https://www.youtube.com/results?search_query=NKE+2025+Q4+earnings+call,www.youtube.com,metadata_only,youtube_media_blocked,false,false,false,false,,,sha256:98aeed0d6b3e82176906f42c6f98ea68a2e030a10ce4c419fcf32313a013fee8,Keep YouTube as metadata/link reference only unless explicit written authorization exists.
nke_2025_q4,NKE,"NIKE, Inc.",vendor,transcript,licensed-vendor://blocked/NKE/2025/Q4,licensed-vendor,license_required,vendor_license_missing,false,false,false,false,,,sha256:05470b7043bb68b9d52a62ed906f63839bc0283b9acbdadd91c04901140ef59d,Register license_config_ref before any vendor raw content use.
dis_2025_q4,DIS,The Walt Disney Company,official_ir,transcript,https://thewaltdisneycompany.com/investor-relations/,thewaltdisneycompany.com,metadata_only,metadata_only_no_raw_download,false,false,false,false,,,sha256:57b57d685aaa06aea72489c4511aacc3560004b39d74f1f715e30b78ddf2db45,"Review official IR source terms, robots policy, and event identity before permitted acquisition."
dis_2025_q4,DIS,The Walt Disney Company,sec_edgar,metadata,sec-edgar://metadata-first/DIS/2025/Q4,sec.gov,metadata_only,sec_metadata_only,false,false,false,false,,,sha256:2c578aae80fc3fa9a6549f7999eda41446ad447618718398d03e2e2a992be311,Use SEC metadata-first discovery with descriptive User-Agent and <=10 requests/sec.
dis_2025_q4,DIS,The Walt Disney Company,youtube,video,https://www.youtube.com/results?search_query=DIS+2025+Q4+earnings+call,www.youtube.com,metadata_only,youtube_media_blocked,false,false,false,false,,,sha256:fda9af011da6f971db6f1b9b8c5cd666d50d4d6fa165d6308714e9f693849e65,Keep YouTube as metadata/link reference only unless explicit written authorization exists.
dis_2025_q4,DIS,The Walt Disney Company,vendor,transcript,licensed-vendor://blocked/DIS/2025/Q4,licensed-vendor,license_required,vendor_license_missing,false,false,false,false,,,sha256:2bc53226faa69ab3d07190f908aae3fab6f086791c233ad1695c5325e0807fa1,Register license_config_ref before any vendor raw content use.
ko_2025_q4,KO,The Coca-Cola Company,official_ir,transcript,https://investors.coca-colacompany.com/,investors.coca-colacompany.com,metadata_only,metadata_only_no_raw_download,false,false,false,false,,,sha256:e97be3745a9508c1b642fc3cb2fa9c4426bf5ce372dd9af0b1cd1d0269bb3da4,"Review official IR source terms, robots policy, and event identity before permitted acquisition."
ko_2025_q4,KO,The Coca-Cola Company,sec_edgar,metadata,sec-edgar://metadata-first/KO/2025/Q4,sec.gov,metadata_only,sec_metadata_only,false,false,false,false,,,sha256:d4bf2c92c4973967063ee921bb060693c8a10cc70b45e89d2161640740d2fa3d,Use SEC metadata-first discovery with descriptive User-Agent and <=10 requests/sec.
ko_2025_q4,KO,The Coca-Cola Company,youtube,video,https://www.youtube.com/results?search_query=KO+2025+Q4+earnings+call,www.youtube.com,metadata_only,youtube_media_blocked,false,false,false,false,,,sha256:9e827f750db4acd2edd19cd7e92657a386fc7fa805a2abfe0b5bcebca52d5be4,Keep YouTube as metadata/link reference only unless explicit written authorization exists.
ko_2025_q4,KO,The Coca-Cola Company,vendor,transcript,licensed-vendor://blocked/KO/2025/Q4,licensed-vendor,license_required,vendor_license_missing,false,false,false,false,,,sha256:6651dfd80f87c7dfa98f437a2b3ede50db89914c235a4583ee595197ad15c828,Register license_config_ref before any vendor raw content use.
pg_2025_q4,PG,The Procter & Gamble Company,official_ir,transcript,https://www.pginvestor.com/,www.pginvestor.com,metadata_only,metadata_only_no_raw_download,false,false,false,false,,,sha256:21d6750a02670f6231de217a64882d6e8e25c396177e4283686e95586a5c41a9,"Review official IR source terms, robots policy, and event identity before permitted acquisition."
pg_2025_q4,PG,The Procter & Gamble Company,sec_edgar,metadata,sec-edgar://metadata-first/PG/2025/Q4,sec.gov,metadata_only,sec_metadata_only,false,false,false,false,,,sha256:7fe5fc9a08b97b72dc32e44ee24ca05e3224a2b25ee1dac2217c46791d81db5e,Use SEC metadata-first discovery with descriptive User-Agent and <=10 requests/sec.
pg_2025_q4,PG,The Procter & Gamble Company,youtube,video,https://www.youtube.com/results?search_query=PG+2025+Q4+earnings+call,www.youtube.com,metadata_only,youtube_media_blocked,false,false,false,false,,,sha256:eba77d80824be747caea3025c394fdcf2675da4f9e3a423499eabea671633367,Keep YouTube as metadata/link reference only unless explicit written authorization exists.
pg_2025_q4,PG,The Procter & Gamble Company,vendor,transcript,licensed-vendor://blocked/PG/2025/Q4,licensed-vendor,license_required,vendor_license_missing,false,false,false,false,,,sha256:2fb7ec33085e06c27f57c28300f837a6350debf78dffdab7f4065c97e892156c,Register license_config_ref before any vendor raw content use.
cl_2025_q4,CL,Colgate-Palmolive Company,official_ir,transcript,https://investor.colgatepalmolive.com/,investor.colgatepalmolive.com,metadata_only,metadata_only_no_raw_download,false,false,false,false,,,sha256:2095930fe237d87b4670b3b0675c5f11dca719f97a7c6bdcdcdd8fe3ce46ba38,"Review official IR source terms, robots policy, and event identity before permitted acquisition."
cl_2025_q4,CL,Colgate-Palmolive Company,sec_edgar,metadata,sec-edgar://metadata-first/CL/2025/Q4,sec.gov,metadata_only,sec_metadata_only,false,false,false,false,,,sha256:7d45a4f628c88a119d66b046da67a3c8df212f8f587e88b40abfcfb054e27a41,Use SEC metadata-first discovery with descriptive User-Agent and <=10 requests/sec.
cl_2025_q4,CL,Colgate-Palmolive Company,youtube,video,https://www.youtube.com/results?search_query=CL+2025+Q4+earnings+call,www.youtube.com,metadata_only,youtube_media_blocked,false,false,false,false,,,sha256:a5faf605295c70da317e91ac4c41c79d5336e46ff749dacbbee01c65a40d62a5,Keep YouTube as metadata/link reference only unless explicit written authorization exists.
cl_2025_q4,CL,Colgate-Palmolive Company,vendor,transcript,licensed-vendor://blocked/CL/2025/Q4,licensed-vendor,license_required,vendor_license_missing,false,false,false,false,,,sha256:9d7230b956cecc33ba70f5814bef1e9782daca3c28bf14e97d5067ac4969a555,Register license_config_ref before any vendor raw content use.
el_2025_q4,EL,The Estee Lauder Companies Inc.,official_ir,transcript,https://ir.elcompanies.com/,ir.elcompanies.com,metadata_only,metadata_only_no_raw_download,false,false,false,false,,,sha256:678a4e244829dd063c97034792f013e6bda1b818657a8b7b104469ef4a2f25e0,"Review official IR source terms, robots policy, and event identity before permitted acquisition."
el_2025_q4,EL,The Estee Lauder Companies Inc.,sec_edgar,metadata,sec-edgar://metadata-first/EL/2025/Q4,sec.gov,metadata_only,sec_metadata_only,false,false,false,false,,,sha256:fd6ebf7ab2d3613020f25dd3377ec743cb8e5aac359d3accee4152c378ba89f2,Use SEC metadata-first discovery with descriptive User-Agent and <=10 requests/sec.
el_2025_q4,EL,The Estee Lauder Companies Inc.,youtube,video,https://www.youtube.com/results?search_query=EL+2025+Q4+earnings+call,www.youtube.com,metadata_only,youtube_media_blocked,false,false,false,false,,,sha256:30fea06b6d28d2cf5e3ce0449ae17504e746ca70b72f0ebc4380de392aeec436,Keep YouTube as metadata/link reference only unless explicit written authorization exists.
el_2025_q4,EL,The Estee Lauder Companies Inc.,vendor,transcript,licensed-vendor://blocked/EL/2025/Q4,licensed-vendor,license_required,vendor_license_missing,false,false,false,false,,,sha256:9d16cc319faa0be122876d3b3cdb89da86fd9e7e07aadcf048cefb7ea54535c0,Register license_config_ref before any vendor raw content use.
gis_2025_q4,GIS,"General Mills, Inc.",official_ir,transcript,https://investors.generalmills.com/,investors.generalmills.com,metadata_only,metadata_only_no_raw_download,false,false,false,false,,,sha256:282a8ad51a8f584c2a59acd04f6d97c36fcb1fdeaaf3c6aaf026dc1033e7b3d6,"Review official IR source terms, robots policy, and event identity before permitted acquisition."
gis_2025_q4,GIS,"General Mills, Inc.",sec_edgar,metadata,sec-edgar://metadata-first/GIS/2025/Q4,sec.gov,metadata_only,sec_metadata_only,false,false,false,false,,,sha256:bd97c1301565bfab2595bfe4b674afd3dab92936fde10ae5fcbeb4d70fee4c08,Use SEC metadata-first discovery with descriptive User-Agent and <=10 requests/sec.
gis_2025_q4,GIS,"General Mills, Inc.",youtube,video,https://www.youtube.com/results?search_query=GIS+2025+Q4+earnings+call,www.youtube.com,metadata_only,youtube_media_blocked,false,false,false,false,,,sha256:56e600223fb6a895e44df7d6fab9ca3778ff60b50ebfb7a829e0345d08226ee6,Keep YouTube as metadata/link reference only unless explicit written authorization exists.
gis_2025_q4,GIS,"General Mills, Inc.",vendor,transcript,licensed-vendor://blocked/GIS/2025/Q4,licensed-vendor,license_required,vendor_license_missing,false,false,false,false,,,sha256:30014e8383c1997b76c45450aed5b09f980473b43b4094796ba14f3d267211ae,Register license_config_ref before any vendor raw content use.
hsy_2025_q4,HSY,The Hershey Company,official_ir,transcript,https://www.thehersheycompany.com/en_us/investors.html,www.thehersheycompany.com,metadata_only,metadata_only_no_raw_download,false,false,false,false,,,sha256:523dafa84f3e30ed4552cc63d4af3ca989034fb70f268ad49429597ad0df61ff,"Review official IR source terms, robots policy, and event identity before permitted acquisition."
hsy_2025_q4,HSY,The Hershey Company,sec_edgar,metadata,sec-edgar://metadata-first/HSY/2025/Q4,sec.gov,metadata_only,sec_metadata_only,false,false,false,false,,,sha256:22ba543e87d9990ee94888352388a6a52ed85bd4da254f58fd3c97b2964d95b4,Use SEC metadata-first discovery with descriptive User-Agent and <=10 requests/sec.
hsy_2025_q4,HSY,The Hershey Company,youtube,video,https://www.youtube.com/results?search_query=HSY+2025+Q4+earnings+call,www.youtube.com,metadata_only,youtube_media_blocked,false,false,false,false,,,sha256:7a843123d3a8ae4eb37386a10c70a2c3dc94765d1a535dece362a149236cb104,Keep YouTube as metadata/link reference only unless explicit written authorization exists.
hsy_2025_q4,HSY,The Hershey Company,vendor,transcript,licensed-vendor://blocked/HSY/2025/Q4,licensed-vendor,license_required,vendor_license_missing,false,false,false,false,,,sha256:d129284ca61a091209eba50e75e280a6a8fc3487b20309c9a22f2fa8ac706bf9,Register license_config_ref before any vendor raw content use.
t_2025_q4,T,AT&T Inc.,official_ir,transcript,https://investors.att.com/,investors.att.com,metadata_only,metadata_only_no_raw_download,false,false,false,false,,,sha256:e3a201b969da5453a1f90e27034ab8050d66701561ec0bbe7c615f28fd8cc97e,"Review official IR source terms, robots policy, and event identity before permitted acquisition."
t_2025_q4,T,AT&T Inc.,sec_edgar,metadata,sec-edgar://metadata-first/T/2025/Q4,sec.gov,metadata_only,sec_metadata_only,false,false,false,false,,,sha256:2c2ff25fd6278c1c39631ac14b102c52a7580c3eb0f91f6e2be3935e15743ae7,Use SEC metadata-first discovery with descriptive User-Agent and <=10 requests/sec.
t_2025_q4,T,AT&T Inc.,youtube,video,https://www.youtube.com/results?search_query=T+2025+Q4+earnings+call,www.youtube.com,metadata_only,youtube_media_blocked,false,false,false,false,,,sha256:594d12d44bd923775b1f1b36ca6e69fb79932ede8716c080248fe48605928992,Keep YouTube as metadata/link reference only unless explicit written authorization exists.
t_2025_q4,T,AT&T Inc.,vendor,transcript,licensed-vendor://blocked/T/2025/Q4,licensed-vendor,license_required,vendor_license_missing,false,false,false,false,,,sha256:d80752aabb831bc7104099b36fbbb03a15989345d4d91a70a18a07dfcb772c88,Register license_config_ref before any vendor raw content use.
vz_2025_q4,VZ,Verizon Communications Inc.,official_ir,transcript,https://www.verizon.com/about/investors,www.verizon.com,metadata_only,metadata_only_no_raw_download,false,false,false,false,,,sha256:9ed9c41f2959b7f2fac009f72229d5edb5a4f40e74b4cd359d1c018c5826e010,"Review official IR source terms, robots policy, and event identity before permitted acquisition."
vz_2025_q4,VZ,Verizon Communications Inc.,sec_edgar,metadata,sec-edgar://metadata-first/VZ/2025/Q4,sec.gov,metadata_only,sec_metadata_only,false,false,false,false,,,sha256:3c7a0acaa911afe7a9821d8e86e55673cb237506d76f0a3bb373f8dd6c84c5f7,Use SEC metadata-first discovery with descriptive User-Agent and <=10 requests/sec.
vz_2025_q4,VZ,Verizon Communications Inc.,youtube,video,https://www.youtube.com/results?search_query=VZ+2025+Q4+earnings+call,www.youtube.com,metadata_only,youtube_media_blocked,false,false,false,false,,,sha256:2c403741de20b65aed02ebd2292839d68beea90d0d044c41da27acc45ac2dbaa,Keep YouTube as metadata/link reference only unless explicit written authorization exists.
vz_2025_q4,VZ,Verizon Communications Inc.,vendor,transcript,licensed-vendor://blocked/VZ/2025/Q4,licensed-vendor,license_required,vendor_license_missing,false,false,false,false,,,sha256:db8dc961ec819bca1561df6a7db1793fcd0c2782c7f48e49bb1d8360d8a71e7a,Register license_config_ref before any vendor raw content use.
ibm_2025_q4,IBM,International Business Machines Corporation,official_ir,transcript,https://www.ibm.com/investor,www.ibm.com,metadata_only,metadata_only_no_raw_download,false,false,false,false,,,sha256:cf867aa14e10f8d92b0d961b1d596fe61633d803429267f3dbaab4f57ef370f0,"Review official IR source terms, robots policy, and event identity before permitted acquisition."
ibm_2025_q4,IBM,International Business Machines Corporation,sec_edgar,metadata,sec-edgar://metadata-first/IBM/2025/Q4,sec.gov,metadata_only,sec_metadata_only,false,false,false,false,,,sha256:d064bf8f14fb81f5ddae8eb549db1a0de206dabacb589167310ce6302d925aec,Use SEC metadata-first discovery with descriptive User-Agent and <=10 requests/sec.
ibm_2025_q4,IBM,International Business Machines Corporation,youtube,video,https://www.youtube.com/results?search_query=IBM+2025+Q4+earnings+call,www.youtube.com,metadata_only,youtube_media_blocked,false,false,false,false,,,sha256:aa7b6142945b471be5e538b3c152f9060ef5fb354dc5c6a90d452d92d4a74321,Keep YouTube as metadata/link reference only unless explicit written authorization exists.
ibm_2025_q4,IBM,International Business Machines Corporation,vendor,transcript,licensed-vendor://blocked/IBM/2025/Q4,licensed-vendor,license_required,vendor_license_missing,false,false,false,false,,,sha256:102595da7be44e630280f2a68f4447fc3f221d917e36f447a3c4101d320918bf,Register license_config_ref before any vendor raw content use.
orcl_2025_q4,ORCL,Oracle Corporation,official_ir,transcript,https://investor.oracle.com/,investor.oracle.com,metadata_only,metadata_only_no_raw_download,false,false,false,false,,,sha256:1db504d654d26ec08cbdf5f8764ff93ff29961e47310bbf1b5d432d9fbc95fe7,"Review official IR source terms, robots policy, and event identity before permitted acquisition."
orcl_2025_q4,ORCL,Oracle Corporation,sec_edgar,metadata,sec-edgar://metadata-first/ORCL/2025/Q4,sec.gov,metadata_only,sec_metadata_only,false,false,false,false,,,sha256:0d9c84f8ced2b7aba4e7d5729d1cee5544f378815bbac76cdf6610ec8e173db7,Use SEC metadata-first discovery with descriptive User-Agent and <=10 requests/sec.
orcl_2025_q4,ORCL,Oracle Corporation,youtube,video,https://www.youtube.com/results?search_query=ORCL+2025+Q4+earnings+call,www.youtube.com,metadata_only,youtube_media_blocked,false,false,false,false,,,sha256:ae07a9e5950596237945c503ffbfec227c6625936872a7148511dcf237296553,Keep YouTube as metadata/link reference only unless explicit written authorization exists.
orcl_2025_q4,ORCL,Oracle Corporation,vendor,transcript,licensed-vendor://blocked/ORCL/2025/Q4,licensed-vendor,license_required,vendor_license_missing,false,false,false,false,,,sha256:d999d61247133204cde4a0bf4b9a533231dd56d46807b2344e82b77882f88175,Register license_config_ref before any vendor raw content use.
crm_2025_q4,CRM,"Salesforce, Inc.",official_ir,transcript,https://investor.salesforce.com/,investor.salesforce.com,metadata_only,metadata_only_no_raw_download,false,false,false,false,,,sha256:cd488671b6c99797100ac54fbb44ae42d642487ae12ae9fd42d47132ec48a711,"Review official IR source terms, robots policy, and event identity before permitted acquisition."
crm_2025_q4,CRM,"Salesforce, Inc.",sec_edgar,metadata,sec-edgar://metadata-first/CRM/2025/Q4,sec.gov,metadata_only,sec_metadata_only,false,false,false,false,,,sha256:38c324a7ae05c4bb1a6ad09a692062f88f483ef221ad4f9e80c42f259085afc2,Use SEC metadata-first discovery with descriptive User-Agent and <=10 requests/sec.
crm_2025_q4,CRM,"Salesforce, Inc.",youtube,video,https://www.youtube.com/results?search_query=CRM+2025+Q4+earnings+call,www.youtube.com,metadata_only,youtube_media_blocked,false,false,false,false,,,sha256:52ec9cabc6781aaefa0e296446f5cb19d67bfa34e7f9a682ec416fd0087f0ad6,Keep YouTube as metadata/link reference only unless explicit written authorization exists.
crm_2025_q4,CRM,"Salesforce, Inc.",vendor,transcript,licensed-vendor://blocked/CRM/2025/Q4,licensed-vendor,license_required,vendor_license_missing,false,false,false,false,,,sha256:fc5d1c842516da002705203033881d3dd6ae298845aca83afada69c29cb1f996,Register license_config_ref before any vendor raw content use.
now_2025_q4,NOW,"ServiceNow, Inc.",official_ir,transcript,https://investors.servicenow.com/,investors.servicenow.com,metadata_only,metadata_only_no_raw_download,false,false,false,false,,,sha256:eb033dcf5c794edf51c6bc86609960759e490a23d9658a0780d1b3012117706c,"Review official IR source terms, robots policy, and event identity before permitted acquisition."
now_2025_q4,NOW,"ServiceNow, Inc.",sec_edgar,metadata,sec-edgar://metadata-first/NOW/2025/Q4,sec.gov,metadata_only,sec_metadata_only,false,false,false,false,,,sha256:70dbe6f96849bed478ae99a64c3b446fddadaa6de38bfa7c4a80cb3f89a34e57,Use SEC metadata-first discovery with descriptive User-Agent and <=10 requests/sec.
now_2025_q4,NOW,"ServiceNow, Inc.",youtube,video,https://www.youtube.com/results?search_query=NOW+2025+Q4+earnings+call,www.youtube.com,metadata_only,youtube_media_blocked,false,false,false,false,,,sha256:b404434b6bcd951bbc95cd8b1c8ecbbfca7bade18d468cecffa17024b719e3d6,Keep YouTube as metadata/link reference only unless explicit written authorization exists.
now_2025_q4,NOW,"ServiceNow, Inc.",vendor,transcript,licensed-vendor://blocked/NOW/2025/Q4,licensed-vendor,license_required,vendor_license_missing,false,false,false,false,,,sha256:b7402fd2842197058c09b2077d9c50acbbd6df63b32e77be768f1fccb9111313,Register license_config_ref before any vendor raw content use.
acn_2025_q4,ACN,Accenture plc,official_ir,transcript,https://investor.accenture.com/,investor.accenture.com,metadata_only,metadata_only_no_raw_download,false,false,false,false,,,sha256:f220303aedfb69613f5e3b5e7d5a7887a261ba9af9d7a47211669a76985d3b1c,"Review official IR source terms, robots policy, and event identity before permitted acquisition."
acn_2025_q4,ACN,Accenture plc,sec_edgar,metadata,sec-edgar://metadata-first/ACN/2025/Q4,sec.gov,metadata_only,sec_metadata_only,false,false,false,false,,,sha256:d289fda9d42b313946994787ed4eaab99566dbbca9255119b37149f5a3ad241e,Use SEC metadata-first discovery with descriptive User-Agent and <=10 requests/sec.
acn_2025_q4,ACN,Accenture plc,youtube,video,https://www.youtube.com/results?search_query=ACN+2025+Q4+earnings+call,www.youtube.com,metadata_only,youtube_media_blocked,false,false,false,false,,,sha256:449bcdc2d873d1e6b1149ea5c99b7044b92517106bca12efd929d17428b2d161,Keep YouTube as metadata/link reference only unless explicit written authorization exists.
acn_2025_q4,ACN,Accenture plc,vendor,transcript,licensed-vendor://blocked/ACN/2025/Q4,licensed-vendor,license_required,vendor_license_missing,false,false,false,false,,,sha256:1617be069b7290c8d36c2f265ab491994525ad4eb6fa9e4e354658f00e550b35,Register license_config_ref before any vendor raw content use.
dell_2025_q4,DELL,Dell Technologies Inc.,official_ir,transcript,https://investors.delltechnologies.com/,investors.delltechnologies.com,metadata_only,metadata_only_no_raw_download,false,false,false,false,,,sha256:29cf39fd91fd88147f69f27ca996d61ca64eda14fd6c0242ef48acf71ffc1089,"Review official IR source terms, robots policy, and event identity before permitted acquisition."
dell_2025_q4,DELL,Dell Technologies Inc.,sec_edgar,metadata,sec-edgar://metadata-first/DELL/2025/Q4,sec.gov,metadata_only,sec_metadata_only,false,false,false,false,,,sha256:d06abbcd42531e009962391703e6775332f96fc6789113a3448a366d2dd98299,Use SEC metadata-first discovery with descriptive User-Agent and <=10 requests/sec.
dell_2025_q4,DELL,Dell Technologies Inc.,youtube,video,https://www.youtube.com/results?search_query=DELL+2025+Q4+earnings+call,www.youtube.com,metadata_only,youtube_media_blocked,false,false,false,false,,,sha256:1de4e03bd42fe9325c91db6df8404613c14d1551e0e0d5d0a3ef1405b50c0495,Keep YouTube as metadata/link reference only unless explicit written authorization exists.
dell_2025_q4,DELL,Dell Technologies Inc.,vendor,transcript,licensed-vendor://blocked/DELL/2025/Q4,licensed-vendor,license_required,vendor_license_missing,false,false,false,false,,,sha256:a07b4e4cc68791c0512bda5c5266abf736cea2070b2673f70670850cfd422d94,Register license_config_ref before any vendor raw content use.
hpq_2025_q4,HPQ,HP Inc.,official_ir,transcript,https://investor.hp.com/,investor.hp.com,metadata_only,metadata_only_no_raw_download,false,false,false,false,,,sha256:e06a634f32bbc46e3276aa56ea380ad29970f6b911d64b826d6d9f3c1d4d487d,"Review official IR source terms, robots policy, and event identity before permitted acquisition."
hpq_2025_q4,HPQ,HP Inc.,sec_edgar,metadata,sec-edgar://metadata-first/HPQ/2025/Q4,sec.gov,metadata_only,sec_metadata_only,false,false,false,false,,,sha256:6f52f44778d37b3393af0b2b392db6a8f0634f708b94c32da9bc735e93c6bbfe,Use SEC metadata-first discovery with descriptive User-Agent and <=10 requests/sec.
hpq_2025_q4,HPQ,HP Inc.,youtube,video,https://www.youtube.com/results?search_query=HPQ+2025+Q4+earnings+call,www.youtube.com,metadata_only,youtube_media_blocked,false,false,false,false,,,sha256:cfdede749f003ee473e2f6b178a80bbd83f4d4b9ba775abd30446306a2cd9c87,Keep YouTube as metadata/link reference only unless explicit written authorization exists.
hpq_2025_q4,HPQ,HP Inc.,vendor,transcript,licensed-vendor://blocked/HPQ/2025/Q4,licensed-vendor,license_required,vendor_license_missing,false,false,false,false,,,sha256:b310bfbcf180eddf660e1a137d1106139c28968b824854001c8272413f903a2d,Register license_config_ref before any vendor raw content use.
net_2025_q4,NET,"Cloudflare, Inc.",official_ir,transcript,https://cloudflare.net/news-and-events/events-and-presentations,cloudflare.net,metadata_only,metadata_only_no_raw_download,false,false,false,false,,,sha256:cb656e90a2ad3be59dbb9bfc2c5239499286d9e411a8fa3489514b092d64e91f,"Review official IR source terms, robots policy, and event identity before permitted acquisition."
net_2025_q4,NET,"Cloudflare, Inc.",sec_edgar,metadata,sec-edgar://metadata-first/NET/2025/Q4,sec.gov,metadata_only,sec_metadata_only,false,false,false,false,,,sha256:a57a6189eaf9fffa547c371dbe7c54f30082a084d64a123b0f6237e44e83c627,Use SEC metadata-first discovery with descriptive User-Agent and <=10 requests/sec.
net_2025_q4,NET,"Cloudflare, Inc.",youtube,video,https://www.youtube.com/results?search_query=NET+2025+Q4+earnings+call,www.youtube.com,metadata_only,youtube_media_blocked,false,false,false,false,,,sha256:51710fc5a47fe44cc2cf7dd45ff8e24cca95966ad92395ff0040681f70ff387e,Keep YouTube as metadata/link reference only unless explicit written authorization exists.
net_2025_q4,NET,"Cloudflare, Inc.",vendor,transcript,licensed-vendor://blocked/NET/2025/Q4,licensed-vendor,license_required,vendor_license_missing,false,false,false,false,,,sha256:5f16d7cd7e4635fad7b93943b03476c18835d667f224c57821e5e1dc2f406451,Register license_config_ref before any vendor raw content use.
snow_2025_q4,SNOW,Snowflake Inc.,official_ir,transcript,https://investors.snowflake.com/,investors.snowflake.com,metadata_only,metadata_only_no_raw_download,false,false,false,false,,,sha256:89d84e2291cfd48553089df9898a4a66bb102caa3c7d4211ebfef5e58530d12f,"Review official IR source terms, robots policy, and event identity before permitted acquisition."
snow_2025_q4,SNOW,Snowflake Inc.,sec_edgar,metadata,sec-edgar://metadata-first/SNOW/2025/Q4,sec.gov,metadata_only,sec_metadata_only,false,false,false,false,,,sha256:6c9b2ab9923cf8b87a54925eb15fc317d16e48bb8b8c8438716d93fcb4299a4f,Use SEC metadata-first discovery with descriptive User-Agent and <=10 requests/sec.
snow_2025_q4,SNOW,Snowflake Inc.,youtube,video,https://www.youtube.com/results?search_query=SNOW+2025+Q4+earnings+call,www.youtube.com,metadata_only,youtube_media_blocked,false,false,false,false,,,sha256:5537d5c51890affe9b78191008916979d433ed401478480498dc76d3e50fcde2,Keep YouTube as metadata/link reference only unless explicit written authorization exists.
snow_2025_q4,SNOW,Snowflake Inc.,vendor,transcript,licensed-vendor://blocked/SNOW/2025/Q4,licensed-vendor,license_required,vendor_license_missing,false,false,false,false,,,sha256:fa5934f5a793f093e9ca5e390ca72724a69022a78b30c9dfb334044ab1c2d06e,Register license_config_ref before any vendor raw content use.
jpm_2024_q4,JPM,JPMorgan Chase & Co.,official_ir,transcript,https://www.jpmorganchase.com/ir,www.jpmorganchase.com,metadata_only,metadata_only_no_raw_download,false,false,false,false,,,sha256:7f5cceeba6021f4644f69f27f354667318aa620f872b84617b14d25dedc5d83a,"Review official IR source terms, robots policy, and event identity before permitted acquisition."
jpm_2024_q4,JPM,JPMorgan Chase & Co.,sec_edgar,metadata,sec-edgar://metadata-first/JPM/2024/Q4,sec.gov,metadata_only,sec_metadata_only,false,false,false,false,,,sha256:382ec2539cf34f3b37574cde32b50794b2ac39d4653358d70c5bed4d2c500507,Use SEC metadata-first discovery with descriptive User-Agent and <=10 requests/sec.
jpm_2024_q4,JPM,JPMorgan Chase & Co.,youtube,video,https://www.youtube.com/results?search_query=JPM+2024+Q4+earnings+call,www.youtube.com,metadata_only,youtube_media_blocked,false,false,false,false,,,sha256:4e773e8febce643e723b544ddec211006b9553372120853e41ad80585ceb736d,Keep YouTube as metadata/link reference only unless explicit written authorization exists.
jpm_2024_q4,JPM,JPMorgan Chase & Co.,vendor,transcript,licensed-vendor://blocked/JPM/2024/Q4,licensed-vendor,license_required,vendor_license_missing,false,false,false,false,,,sha256:53507e5eccba939e614a7135787b93f82780d7eef692027b63a59f6d5dc0572a,Register license_config_ref before any vendor raw content use.
bac_2024_q4,BAC,Bank of America Corporation,official_ir,transcript,https://investor.bankofamerica.com/,investor.bankofamerica.com,metadata_only,metadata_only_no_raw_download,false,false,false,false,,,sha256:f9275563e2dfb8a61b4f5186d400b7971d56da9d58b33dc8d1b4f1731c7b3c88,"Review official IR source terms, robots policy, and event identity before permitted acquisition."
bac_2024_q4,BAC,Bank of America Corporation,sec_edgar,metadata,sec-edgar://metadata-first/BAC/2024/Q4,sec.gov,metadata_only,sec_metadata_only,false,false,false,false,,,sha256:3ebd9d12a4cb72d52f26adfea3b5c1c678e842b29046bbf348ebacda964038d6,Use SEC metadata-first discovery with descriptive User-Agent and <=10 requests/sec.
bac_2024_q4,BAC,Bank of America Corporation,youtube,video,https://www.youtube.com/results?search_query=BAC+2024+Q4+earnings+call,www.youtube.com,metadata_only,youtube_media_blocked,false,false,false,false,,,sha256:c286b03d2857953df657564c42bdadb9050a6b0f22a5b37d4e3d2effeba385fa,Keep YouTube as metadata/link reference only unless explicit written authorization exists.
bac_2024_q4,BAC,Bank of America Corporation,vendor,transcript,licensed-vendor://blocked/BAC/2024/Q4,licensed-vendor,license_required,vendor_license_missing,false,false,false,false,,,sha256:6c2f65fefcaaa0e7bfd287abcf3a8cde68c80cd6d8d954655e8aae4605c68518,Register license_config_ref before any vendor raw content use.
c_2024_q4,C,Citigroup Inc.,official_ir,transcript,https://www.citigroup.com/global/investors,www.citigroup.com,metadata_only,metadata_only_no_raw_download,false,false,false,false,,,sha256:61a7272b3cca73bff44e9855b69ca5b1533e6840222226b6a95c7ae3305a3d5e,"Review official IR source terms, robots policy, and event identity before permitted acquisition."
c_2024_q4,C,Citigroup Inc.,sec_edgar,metadata,sec-edgar://metadata-first/C/2024/Q4,sec.gov,metadata_only,sec_metadata_only,false,false,false,false,,,sha256:738a12ce4219bc75aa45dea88726b1faabd90f04e7823a1d4b146bda15ec3332,Use SEC metadata-first discovery with descriptive User-Agent and <=10 requests/sec.
c_2024_q4,C,Citigroup Inc.,youtube,video,https://www.youtube.com/results?search_query=C+2024+Q4+earnings+call,www.youtube.com,metadata_only,youtube_media_blocked,false,false,false,false,,,sha256:3804916c3cc84935d69a957c4450477809f44bb506c51afcc29e99afbcd7678d,Keep YouTube as metadata/link reference only unless explicit written authorization exists.
c_2024_q4,C,Citigroup Inc.,vendor,transcript,licensed-vendor://blocked/C/2024/Q4,licensed-vendor,license_required,vendor_license_missing,false,false,false,false,,,sha256:eae7dc64bf93ca6cdf303b59d710d817e0e54306055a53032acc5c5c3422d16f,Register license_config_ref before any vendor raw content use.
wfc_2024_q4,WFC,Wells Fargo & Company,official_ir,transcript,https://www.wellsfargo.com/about/investor-relations/,www.wellsfargo.com,metadata_only,metadata_only_no_raw_download,false,false,false,false,,,sha256:2c1867b726fd7d53c0ae05580aa9144ac89652fb6f2fe0cf53a906f8c76d5b3b,"Review official IR source terms, robots policy, and event identity before permitted acquisition."
wfc_2024_q4,WFC,Wells Fargo & Company,sec_edgar,metadata,sec-edgar://metadata-first/WFC/2024/Q4,sec.gov,metadata_only,sec_metadata_only,false,false,false,false,,,sha256:ccd670484c2e384048c2d286ced8b51c131c75c80b9add2dfaf41aad490fc625,Use SEC metadata-first discovery with descriptive User-Agent and <=10 requests/sec.
wfc_2024_q4,WFC,Wells Fargo & Company,youtube,video,https://www.youtube.com/results?search_query=WFC+2024+Q4+earnings+call,www.youtube.com,metadata_only,youtube_media_blocked,false,false,false,false,,,sha256:d4792578e522a5691aa2490c03e5f883882d64ee18f3584c820791e9ce6934c7,Keep YouTube as metadata/link reference only unless explicit written authorization exists.
wfc_2024_q4,WFC,Wells Fargo & Company,vendor,transcript,licensed-vendor://blocked/WFC/2024/Q4,licensed-vendor,license_required,vendor_license_missing,false,false,false,false,,,sha256:7a7f2180c633a92c56b3325369e19bc0fe5611eb6cc5ffaa75f858bcd6a25c1d,Register license_config_ref before any vendor raw content use.
gs_2024_q4,GS,"The Goldman Sachs Group, Inc.",official_ir,transcript,https://www.goldmansachs.com/investor-relations/,www.goldmansachs.com,metadata_only,metadata_only_no_raw_download,false,false,false,false,,,sha256:fae3101a3727343c55a6fa071fefdbfce234869bfd3cc71f3dbd4ace3aba541a,"Review official IR source terms, robots policy, and event identity before permitted acquisition."
gs_2024_q4,GS,"The Goldman Sachs Group, Inc.",sec_edgar,metadata,sec-edgar://metadata-first/GS/2024/Q4,sec.gov,metadata_only,sec_metadata_only,false,false,false,false,,,sha256:ca7b904b0864280158b5d7b853820950014d39bc530868974a8186ce88897a9c,Use SEC metadata-first discovery with descriptive User-Agent and <=10 requests/sec.
gs_2024_q4,GS,"The Goldman Sachs Group, Inc.",youtube,video,https://www.youtube.com/results?search_query=GS+2024+Q4+earnings+call,www.youtube.com,metadata_only,youtube_media_blocked,false,false,false,false,,,sha256:5584d677ae11962aca29b002c75332c7fe594f203960e8e1bd1df2ea1d2c534c,Keep YouTube as metadata/link reference only unless explicit written authorization exists.
gs_2024_q4,GS,"The Goldman Sachs Group, Inc.",vendor,transcript,licensed-vendor://blocked/GS/2024/Q4,licensed-vendor,license_required,vendor_license_missing,false,false,false,false,,,sha256:0494cacc8f9f6cc55c5fc0885c287bc0ee89b74e2852c7c2480f31fe76201a79,Register license_config_ref before any vendor raw content use.
ms_2024_q4,MS,Morgan Stanley,official_ir,transcript,https://www.morganstanley.com/about-us-ir,www.morganstanley.com,metadata_only,metadata_only_no_raw_download,false,false,false,false,,,sha256:48688c8710a6f112b71ae719c4079e4429b430514b7b7206437cd457b4446bee,"Review official IR source terms, robots policy, and event identity before permitted acquisition."
ms_2024_q4,MS,Morgan Stanley,sec_edgar,metadata,sec-edgar://metadata-first/MS/2024/Q4,sec.gov,metadata_only,sec_metadata_only,false,false,false,false,,,sha256:ffd257851689803404c807874977f78703e179dd591c5e96475b521479857b13,Use SEC metadata-first discovery with descriptive User-Agent and <=10 requests/sec.
ms_2024_q4,MS,Morgan Stanley,youtube,video,https://www.youtube.com/results?search_query=MS+2024+Q4+earnings+call,www.youtube.com,metadata_only,youtube_media_blocked,false,false,false,false,,,sha256:f07cab89cc48e171ccebe13f8121e699917776f3cf96e0fd3cef5149cd441a65,Keep YouTube as metadata/link reference only unless explicit written authorization exists.
ms_2024_q4,MS,Morgan Stanley,vendor,transcript,licensed-vendor://blocked/MS/2024/Q4,licensed-vendor,license_required,vendor_license_missing,false,false,false,false,,,sha256:d35dd833f4776d2171b5a45548806ac1951796958989e2f45f5a0a7c0cf2e897,Register license_config_ref before any vendor raw content use.
bk_2024_q4,BK,The Bank of New York Mellon Corporation,official_ir,transcript,https://www.bny.com/corporate/global/en/investor-relations.html,www.bny.com,metadata_only,metadata_only_no_raw_download,false,false,false,false,,,sha256:ad90813f3fd5151711183315a4440fb987749aec8843e0bdbeb99ea040439f77,"Review official IR source terms, robots policy, and event identity before permitted acquisition."
bk_2024_q4,BK,The Bank of New York Mellon Corporation,sec_edgar,metadata,sec-edgar://metadata-first/BK/2024/Q4,sec.gov,metadata_only,sec_metadata_only,false,false,false,false,,,sha256:49e53a7b86028926439ad973c49e7d9f58dd8dee8b68019e9004879fedf19e14,Use SEC metadata-first discovery with descriptive User-Agent and <=10 requests/sec.
bk_2024_q4,BK,The Bank of New York Mellon Corporation,youtube,video,https://www.youtube.com/results?search_query=BK+2024+Q4+earnings+call,www.youtube.com,metadata_only,youtube_media_blocked,false,false,false,false,,,sha256:6d29f334f0f5b50d6df41ca217250bbc0a55dd99cb31924865c427f0a33e9326,Keep YouTube as metadata/link reference only unless explicit written authorization exists.
bk_2024_q4,BK,The Bank of New York Mellon Corporation,vendor,transcript,licensed-vendor://blocked/BK/2024/Q4,licensed-vendor,license_required,vendor_license_missing,false,false,false,false,,,sha256:b237493b606f2279126d4a9c694ea2c785e1826ead4ee67e15df86ef46e81712,Register license_config_ref before any vendor raw content use.
stt_2024_q4,STT,State Street Corporation,official_ir,transcript,https://investors.statestreet.com/,investors.statestreet.com,metadata_only,metadata_only_no_raw_download,false,false,false,false,,,sha256:aa8311262c606527c9baaec8b71232eb4669033d28aa9994c97c663a5254b57b,"Review official IR source terms, robots policy, and event identity before permitted acquisition."
stt_2024_q4,STT,State Street Corporation,sec_edgar,metadata,sec-edgar://metadata-first/STT/2024/Q4,sec.gov,metadata_only,sec_metadata_only,false,false,false,false,,,sha256:d19ab827bd03d193ed87a6e9cb316a311c6eea75c7245e664d113f566c1a07e9,Use SEC metadata-first discovery with descriptive User-Agent and <=10 requests/sec.
stt_2024_q4,STT,State Street Corporation,youtube,video,https://www.youtube.com/results?search_query=STT+2024+Q4+earnings+call,www.youtube.com,metadata_only,youtube_media_blocked,false,false,false,false,,,sha256:24db4e0a55fff8d8625948bbc4b7618f4700fb78bdf214c508a1defd203d3b11,Keep YouTube as metadata/link reference only unless explicit written authorization exists.
stt_2024_q4,STT,State Street Corporation,vendor,transcript,licensed-vendor://blocked/STT/2024/Q4,licensed-vendor,license_required,vendor_license_missing,false,false,false,false,,,sha256:6c0057eeba45afa4bf579f6545b31dac44cbe50d36847b2b11c2b0f2d53c923e,Register license_config_ref before any vendor raw content use.
usb_2024_q4,USB,U.S. Bancorp,official_ir,transcript,https://ir.usbank.com/,ir.usbank.com,metadata_only,metadata_only_no_raw_download,false,false,false,false,,,sha256:c5dc87aec69a10b92142ff158d6af7777732c777fdc013138bc9438d52fdcb90,"Review official IR source terms, robots policy, and event identity before permitted acquisition."
usb_2024_q4,USB,U.S. Bancorp,sec_edgar,metadata,sec-edgar://metadata-first/USB/2024/Q4,sec.gov,metadata_only,sec_metadata_only,false,false,false,false,,,sha256:20d509539fd5e7fb69edf40cad5508431aa9cfff35ae1fedeb1a18ef23e04ec3,Use SEC metadata-first discovery with descriptive User-Agent and <=10 requests/sec.
usb_2024_q4,USB,U.S. Bancorp,youtube,video,https://www.youtube.com/results?search_query=USB+2024+Q4+earnings+call,www.youtube.com,metadata_only,youtube_media_blocked,false,false,false,false,,,sha256:6e3f70512f8bff979a6687a9cf6c32fce302bcea51672f2b1e6df92fe087a8f2,Keep YouTube as metadata/link reference only unless explicit written authorization exists.
usb_2024_q4,USB,U.S. Bancorp,vendor,transcript,licensed-vendor://blocked/USB/2024/Q4,licensed-vendor,license_required,vendor_license_missing,false,false,false,false,,,sha256:21e5b159b02d6d3e0833d317e6c5bc1c993c779c4eb7172cff6efc4eab6e6c44,Register license_config_ref before any vendor raw content use.
pnc_2024_q4,PNC,"The PNC Financial Services Group, Inc.",official_ir,transcript,https://investor.pnc.com/,investor.pnc.com,metadata_only,metadata_only_no_raw_download,false,false,false,false,,,sha256:ebd57ba86de60ec8c234affb59fcb377b59db8082f13e7acf4febb8e8f14aead,"Review official IR source terms, robots policy, and event identity before permitted acquisition."
pnc_2024_q4,PNC,"The PNC Financial Services Group, Inc.",sec_edgar,metadata,sec-edgar://metadata-first/PNC/2024/Q4,sec.gov,metadata_only,sec_metadata_only,false,false,false,false,,,sha256:0f9ae863825e32909bdab3a7ef55e4a0a1f3da8fe7486728c85c62d03cf39443,Use SEC metadata-first discovery with descriptive User-Agent and <=10 requests/sec.
pnc_2024_q4,PNC,"The PNC Financial Services Group, Inc.",youtube,video,https://www.youtube.com/results?search_query=PNC+2024+Q4+earnings+call,www.youtube.com,metadata_only,youtube_media_blocked,false,false,false,false,,,sha256:9f16b16706492494865b5b23fb5d072ed95a7080a54fb7cb7444c732b92d40d2,Keep YouTube as metadata/link reference only unless explicit written authorization exists.
pnc_2024_q4,PNC,"The PNC Financial Services Group, Inc.",vendor,transcript,licensed-vendor://blocked/PNC/2024/Q4,licensed-vendor,license_required,vendor_license_missing,false,false,false,false,,,sha256:c070cd5d5863a52f902ce80cc97137926ec0f7a91ee9bb6d58506501425961ec,Register license_config_ref before any vendor raw content use.
tfc_2024_q4,TFC,Truist Financial Corporation,official_ir,transcript,https://ir.truist.com/,ir.truist.com,metadata_only,metadata_only_no_raw_download,false,false,false,false,,,sha256:5cbf7f030762e1f941b7600790b1778b8d5e16bcbe01ca119d19e43334590f16,"Review official IR source terms, robots policy, and event identity before permitted acquisition."
tfc_2024_q4,TFC,Truist Financial Corporation,sec_edgar,metadata,sec-edgar://metadata-first/TFC/2024/Q4,sec.gov,metadata_only,sec_metadata_only,false,false,false,false,,,sha256:2a43e91a2e50691532c10a25e6a5826a9da12183b432d16d15e4ef76cff5e97a,Use SEC metadata-first discovery with descriptive User-Agent and <=10 requests/sec.
tfc_2024_q4,TFC,Truist Financial Corporation,youtube,video,https://www.youtube.com/results?search_query=TFC+2024+Q4+earnings+call,www.youtube.com,metadata_only,youtube_media_blocked,false,false,false,false,,,sha256:7d728d6b8bea2655c61beaa38910f11dc2bb23b0267847479c7f8537ad93db2e,Keep YouTube as metadata/link reference only unless explicit written authorization exists.
tfc_2024_q4,TFC,Truist Financial Corporation,vendor,transcript,licensed-vendor://blocked/TFC/2024/Q4,licensed-vendor,license_required,vendor_license_missing,false,false,false,false,,,sha256:b2e8efdba16627399d3615a6dcca0b54b15a732d2c55b111d23a66f8720dcc1a,Register license_config_ref before any vendor raw content use.
cof_2024_q4,COF,Capital One Financial Corporation,official_ir,transcript,https://investor.capitalone.com/,investor.capitalone.com,metadata_only,metadata_only_no_raw_download,false,false,false,false,,,sha256:1fecaa42dc726992320ba175cf0e44035d5ff85f4b073a84d14e25754106b59a,"Review official IR source terms, robots policy, and event identity before permitted acquisition."
cof_2024_q4,COF,Capital One Financial Corporation,sec_edgar,metadata,sec-edgar://metadata-first/COF/2024/Q4,sec.gov,metadata_only,sec_metadata_only,false,false,false,false,,,sha256:cdddd5d59ef090456ccb2dd6a74de6f518fcb67a68bb30e2d37e60cbc1d06f50,Use SEC metadata-first discovery with descriptive User-Agent and <=10 requests/sec.
cof_2024_q4,COF,Capital One Financial Corporation,youtube,video,https://www.youtube.com/results?search_query=COF+2024+Q4+earnings+call,www.youtube.com,metadata_only,youtube_media_blocked,false,false,false,false,,,sha256:07bd6c7288db70a9de306bd58a2346ab86154f567b89cae914a535cea7f97ee9,Keep YouTube as metadata/link reference only unless explicit written authorization exists.
cof_2024_q4,COF,Capital One Financial Corporation,vendor,transcript,licensed-vendor://blocked/COF/2024/Q4,licensed-vendor,license_required,vendor_license_missing,false,false,false,false,,,sha256:b48abec1edd38b8e78419bfb000c377b9ebe553ddfc76124594732c2f997a8bf,Register license_config_ref before any vendor raw content use.
axp_2024_q4,AXP,American Express Company,official_ir,transcript,https://ir.americanexpress.com/,ir.americanexpress.com,metadata_only,metadata_only_no_raw_download,false,false,false,false,,,sha256:d2e5d3160f4e53c6fa733ab9950f426b54cfd4560c225a926e6c040ba82ec2e3,"Review official IR source terms, robots policy, and event identity before permitted acquisition."
axp_2024_q4,AXP,American Express Company,sec_edgar,metadata,sec-edgar://metadata-first/AXP/2024/Q4,sec.gov,metadata_only,sec_metadata_only,false,false,false,false,,,sha256:d6609f5a5d93d679f90c9467e5e4711694325a319aa90fb2c53e7cbc442f8474,Use SEC metadata-first discovery with descriptive User-Agent and <=10 requests/sec.
axp_2024_q4,AXP,American Express Company,youtube,video,https://www.youtube.com/results?search_query=AXP+2024+Q4+earnings+call,www.youtube.com,metadata_only,youtube_media_blocked,false,false,false,false,,,sha256:30d2ece55c13643877929b618e438627e0c3336fe3768cd76a86672380c9aa9e,Keep YouTube as metadata/link reference only unless explicit written authorization exists.
axp_2024_q4,AXP,American Express Company,vendor,transcript,licensed-vendor://blocked/AXP/2024/Q4,licensed-vendor,license_required,vendor_license_missing,false,false,false,false,,,sha256:bf906e43bcebdfcd637e0bd9039514d0c6d2f348fe571e79e0ac3a0ee7a02f86,Register license_config_ref before any vendor raw content use.
v_2024_q4,V,Visa Inc.,official_ir,transcript,https://investor.visa.com/,investor.visa.com,metadata_only,metadata_only_no_raw_download,false,false,false,false,,,sha256:aa63138e8895d65d5c878d0730e106114295d20ea7b926f3b816fbb837d700fe,"Review official IR source terms, robots policy, and event identity before permitted acquisition."
v_2024_q4,V,Visa Inc.,sec_edgar,metadata,sec-edgar://metadata-first/V/2024/Q4,sec.gov,metadata_only,sec_metadata_only,false,false,false,false,,,sha256:bce2fb9ee7f66d2e00e3d8ace6efe3deb803b9c06c67cf1c693ae526d39622f8,Use SEC metadata-first discovery with descriptive User-Agent and <=10 requests/sec.
v_2024_q4,V,Visa Inc.,youtube,video,https://www.youtube.com/results?search_query=V+2024+Q4+earnings+call,www.youtube.com,metadata_only,youtube_media_blocked,false,false,false,false,,,sha256:315bf7187cdb4d6454e191fd9b05ca1332d3d39334fa895cd93a1c7e44f1712f,Keep YouTube as metadata/link reference only unless explicit written authorization exists.
v_2024_q4,V,Visa Inc.,vendor,transcript,licensed-vendor://blocked/V/2024/Q4,licensed-vendor,license_required,vendor_license_missing,false,false,false,false,,,sha256:4bed83073b8324802fa174b7afbd15544eeb4cca7c05d50be0e07c742a137bd4,Register license_config_ref before any vendor raw content use.
ma_2024_q4,MA,Mastercard Incorporated,official_ir,transcript,https://investor.mastercard.com/,investor.mastercard.com,metadata_only,metadata_only_no_raw_download,false,false,false,false,,,sha256:e51534f0edf68a1304666ff46bb02fb2dd2f5dcb42b460aaa4100158dedc6f83,"Review official IR source terms, robots policy, and event identity before permitted acquisition."
ma_2024_q4,MA,Mastercard Incorporated,sec_edgar,metadata,sec-edgar://metadata-first/MA/2024/Q4,sec.gov,metadata_only,sec_metadata_only,false,false,false,false,,,sha256:2de1742474ea9144575760364488eacb5139043b70eebc5a684afb8f4e98de17,Use SEC metadata-first discovery with descriptive User-Agent and <=10 requests/sec.
ma_2024_q4,MA,Mastercard Incorporated,youtube,video,https://www.youtube.com/results?search_query=MA+2024+Q4+earnings+call,www.youtube.com,metadata_only,youtube_media_blocked,false,false,false,false,,,sha256:a92997e03f094177d88f713f40c48e41d8c9c06d183bc09bc92fcc3f31c26990,Keep YouTube as metadata/link reference only unless explicit written authorization exists.
ma_2024_q4,MA,Mastercard Incorporated,vendor,transcript,licensed-vendor://blocked/MA/2024/Q4,licensed-vendor,license_required,vendor_license_missing,false,false,false,false,,,sha256:5955088bb8be3de6ca07779721611219f4f33aeb07816ed5933429c1d44f9fe9,Register license_config_ref before any vendor raw content use.
fis_2024_q4,FIS,"Fidelity National Information Services, Inc.",official_ir,transcript,https://investor.fisglobal.com/,investor.fisglobal.com,metadata_only,metadata_only_no_raw_download,false,false,false,false,,,sha256:d9ca8666bc80db24c3fa71dc6fb19a99f856bd1efedb367f82fa85fd19d31b97,"Review official IR source terms, robots policy, and event identity before permitted acquisition."
fis_2024_q4,FIS,"Fidelity National Information Services, Inc.",sec_edgar,metadata,sec-edgar://metadata-first/FIS/2024/Q4,sec.gov,metadata_only,sec_metadata_only,false,false,false,false,,,sha256:37db619db682cc6d9d8440b0fcdab851177e2a71352a07dc2a0c70ccf6d45b85,Use SEC metadata-first discovery with descriptive User-Agent and <=10 requests/sec.
fis_2024_q4,FIS,"Fidelity National Information Services, Inc.",youtube,video,https://www.youtube.com/results?search_query=FIS+2024+Q4+earnings+call,www.youtube.com,metadata_only,youtube_media_blocked,false,false,false,false,,,sha256:4f979b07670c6610e1805b086ce5bbf64e78990b59164336b1c4abf11dfdeb70,Keep YouTube as metadata/link reference only unless explicit written authorization exists.
fis_2024_q4,FIS,"Fidelity National Information Services, Inc.",vendor,transcript,licensed-vendor://blocked/FIS/2024/Q4,licensed-vendor,license_required,vendor_license_missing,false,false,false,false,,,sha256:6c75ac91fb08572f021121eb8125a43e70b71ec9e3e31bcf7e858eed5c8e3ddd,Register license_config_ref before any vendor raw content use.
gpn_2024_q4,GPN,Global Payments Inc.,official_ir,transcript,https://investors.globalpayments.com/,investors.globalpayments.com,metadata_only,metadata_only_no_raw_download,false,false,false,false,,,sha256:5678b1c08f3899b45e6105cdc2049feb052f6a3f89b02461ba94a90754073e8b,"Review official IR source terms, robots policy, and event identity before permitted acquisition."
gpn_2024_q4,GPN,Global Payments Inc.,sec_edgar,metadata,sec-edgar://metadata-first/GPN/2024/Q4,sec.gov,metadata_only,sec_metadata_only,false,false,false,false,,,sha256:4b25d8b35a93fe68068be4003a2f5819bd7931b077a47ba6751d493d98155206,Use SEC metadata-first discovery with descriptive User-Agent and <=10 requests/sec.
gpn_2024_q4,GPN,Global Payments Inc.,youtube,video,https://www.youtube.com/results?search_query=GPN+2024+Q4+earnings+call,www.youtube.com,metadata_only,youtube_media_blocked,false,false,false,false,,,sha256:efa5e135829e79d7be2733a0c4f5094cc9d4c69c176cfed4e5f4de23bf8c0b59,Keep YouTube as metadata/link reference only unless explicit written authorization exists.
gpn_2024_q4,GPN,Global Payments Inc.,vendor,transcript,licensed-vendor://blocked/GPN/2024/Q4,licensed-vendor,license_required,vendor_license_missing,false,false,false,false,,,sha256:b82825ba3c0f2d6f51a515e05af2d3dabbf4140455df355b9b4175c54633f816,Register license_config_ref before any vendor raw content use.
blk_2024_q4,BLK,"BlackRock, Inc.",official_ir,transcript,https://ir.blackrock.com/,ir.blackrock.com,metadata_only,metadata_only_no_raw_download,false,false,false,false,,,sha256:9d1cd249287528552f9f36ee88c50843862914df9e6ad73eb937bde7d70db77f,"Review official IR source terms, robots policy, and event identity before permitted acquisition."
blk_2024_q4,BLK,"BlackRock, Inc.",sec_edgar,metadata,sec-edgar://metadata-first/BLK/2024/Q4,sec.gov,metadata_only,sec_metadata_only,false,false,false,false,,,sha256:ef8df449a647e78beba616c41eb95d4537aa8dac54d83986f1744c9f7750dd74,Use SEC metadata-first discovery with descriptive User-Agent and <=10 requests/sec.
blk_2024_q4,BLK,"BlackRock, Inc.",youtube,video,https://www.youtube.com/results?search_query=BLK+2024+Q4+earnings+call,www.youtube.com,metadata_only,youtube_media_blocked,false,false,false,false,,,sha256:1b00b4a5498dc622cefb6156cdfc9bc8b0cd7b9327a60e57ed9a3fb932365a9a,Keep YouTube as metadata/link reference only unless explicit written authorization exists.
blk_2024_q4,BLK,"BlackRock, Inc.",vendor,transcript,licensed-vendor://blocked/BLK/2024/Q4,licensed-vendor,license_required,vendor_license_missing,false,false,false,false,,,sha256:306e36a07a518d946842b0f24d1b675d764e06fd5fdef015647d4de2a791e015,Register license_config_ref before any vendor raw content use.
bx_2024_q4,BX,Blackstone Inc.,official_ir,transcript,https://ir.blackstone.com/,ir.blackstone.com,metadata_only,metadata_only_no_raw_download,false,false,false,false,,,sha256:ee078efd9d68c1954c1e29c3d2d2d8d0447800a9eb1b80701c33669765ef7cd3,"Review official IR source terms, robots policy, and event identity before permitted acquisition."
bx_2024_q4,BX,Blackstone Inc.,sec_edgar,metadata,sec-edgar://metadata-first/BX/2024/Q4,sec.gov,metadata_only,sec_metadata_only,false,false,false,false,,,sha256:ffa60e7c6d751b1a3539ca9d850f605e158738a774b58a4774c9be8eb51d180b,Use SEC metadata-first discovery with descriptive User-Agent and <=10 requests/sec.
bx_2024_q4,BX,Blackstone Inc.,youtube,video,https://www.youtube.com/results?search_query=BX+2024+Q4+earnings+call,www.youtube.com,metadata_only,youtube_media_blocked,false,false,false,false,,,sha256:875a814a6a3d13f588188135e608aa35560f4f4fce73e58a153c86905f615547,Keep YouTube as metadata/link reference only unless explicit written authorization exists.
bx_2024_q4,BX,Blackstone Inc.,vendor,transcript,licensed-vendor://blocked/BX/2024/Q4,licensed-vendor,license_required,vendor_license_missing,false,false,false,false,,,sha256:c8f5ec6f92c752c3e724b4d94f1fbe9e1b253f0a92e9822e850ac423b362cad7,Register license_config_ref before any vendor raw content use.
schw_2024_q4,SCHW,The Charles Schwab Corporation,official_ir,transcript,https://www.aboutschwab.com/investor-relations,www.aboutschwab.com,metadata_only,metadata_only_no_raw_download,false,false,false,false,,,sha256:2f07fb3e0420e3e916cfee41d4f9be90ec67bc9985d7e8bd469fb0ecca95be50,"Review official IR source terms, robots policy, and event identity before permitted acquisition."
schw_2024_q4,SCHW,The Charles Schwab Corporation,sec_edgar,metadata,sec-edgar://metadata-first/SCHW/2024/Q4,sec.gov,metadata_only,sec_metadata_only,false,false,false,false,,,sha256:0650f93985732f7827a45ff41dbe8af72d971687ee2c485a5354b0084b4d2d25,Use SEC metadata-first discovery with descriptive User-Agent and <=10 requests/sec.
schw_2024_q4,SCHW,The Charles Schwab Corporation,youtube,video,https://www.youtube.com/results?search_query=SCHW+2024+Q4+earnings+call,www.youtube.com,metadata_only,youtube_media_blocked,false,false,false,false,,,sha256:c5ce93f19400d8722f21506da157f947d1b4369c5508ccfe1085c006f818c054,Keep YouTube as metadata/link reference only unless explicit written authorization exists.
schw_2024_q4,SCHW,The Charles Schwab Corporation,vendor,transcript,licensed-vendor://blocked/SCHW/2024/Q4,licensed-vendor,license_required,vendor_license_missing,false,false,false,false,,,sha256:32b738a277282a0eee523784bf722c4fdcaa4ac5ec8c96b20829bab7de38a5e8,Register license_config_ref before any vendor raw content use.
ice_2024_q4,ICE,"Intercontinental Exchange, Inc.",official_ir,transcript,https://ir.theice.com/,ir.theice.com,metadata_only,metadata_only_no_raw_download,false,false,false,false,,,sha256:1b8b39ebb5d5deba0c91c70ff7e9c734234fcdc5fb67344c8c58882ded64371f,"Review official IR source terms, robots policy, and event identity before permitted acquisition."
ice_2024_q4,ICE,"Intercontinental Exchange, Inc.",sec_edgar,metadata,sec-edgar://metadata-first/ICE/2024/Q4,sec.gov,metadata_only,sec_metadata_only,false,false,false,false,,,sha256:b63bb6d329eba8118c24f03efe25412795cfa143cf09e352cefde686c04b8914,Use SEC metadata-first discovery with descriptive User-Agent and <=10 requests/sec.
ice_2024_q4,ICE,"Intercontinental Exchange, Inc.",youtube,video,https://www.youtube.com/results?search_query=ICE+2024+Q4+earnings+call,www.youtube.com,metadata_only,youtube_media_blocked,false,false,false,false,,,sha256:5a176fa5069a78220e6cf523b0c469118e39fdeade1c040b865a762c3d450866,Keep YouTube as metadata/link reference only unless explicit written authorization exists.
ice_2024_q4,ICE,"Intercontinental Exchange, Inc.",vendor,transcript,licensed-vendor://blocked/ICE/2024/Q4,licensed-vendor,license_required,vendor_license_missing,false,false,false,false,,,sha256:2a55b91622f96c0b6d1ca8c263c66d91245fdac23534c1cb7eed3ecf9867cd38,Register license_config_ref before any vendor raw content use.
spgi_2024_q4,SPGI,S&P Global Inc.,official_ir,transcript,https://investor.spglobal.com/,investor.spglobal.com,metadata_only,metadata_only_no_raw_download,false,false,false,false,,,sha256:2d5a750e9786a84e7daeb3ebc41309c78574c601875fe9b0b1e2f6b0e9dd5b85,"Review official IR source terms, robots policy, and event identity before permitted acquisition."
spgi_2024_q4,SPGI,S&P Global Inc.,sec_edgar,metadata,sec-edgar://metadata-first/SPGI/2024/Q4,sec.gov,metadata_only,sec_metadata_only,false,false,false,false,,,sha256:9c93f50937c711fc53e2ed1aad856d065a38bd22c3f4dfcedbe09ed996b233b2,Use SEC metadata-first discovery with descriptive User-Agent and <=10 requests/sec.
spgi_2024_q4,SPGI,S&P Global Inc.,youtube,video,https://www.youtube.com/results?search_query=SPGI+2024+Q4+earnings+call,www.youtube.com,metadata_only,youtube_media_blocked,false,false,false,false,,,sha256:836f9e0028501e13e0c7b864e4b3096b2e74081c81aad93948b2c04f3e6d9c19,Keep YouTube as metadata/link reference only unless explicit written authorization exists.
spgi_2024_q4,SPGI,S&P Global Inc.,vendor,transcript,licensed-vendor://blocked/SPGI/2024/Q4,licensed-vendor,license_required,vendor_license_missing,false,false,false,false,,,sha256:9a1a5f1d2fc2c4336fdd9690daa75e11e17b49fdde0c7c4a00b192b9d1b8c5fa,Register license_config_ref before any vendor raw content use.
mco_2024_q4,MCO,Moody's Corporation,official_ir,transcript,https://ir.moodys.com/,ir.moodys.com,metadata_only,metadata_only_no_raw_download,false,false,false,false,,,sha256:9085ca8430ba11189b9211a7785c34d0da4250f7f5ac4efff69df7480cd6cab7,"Review official IR source terms, robots policy, and event identity before permitted acquisition."
mco_2024_q4,MCO,Moody's Corporation,sec_edgar,metadata,sec-edgar://metadata-first/MCO/2024/Q4,sec.gov,metadata_only,sec_metadata_only,false,false,false,false,,,sha256:f20019c82119161d68c7bc846c75cf7a62b0e4d712c2428b033a8bae0983a732,Use SEC metadata-first discovery with descriptive User-Agent and <=10 requests/sec.
mco_2024_q4,MCO,Moody's Corporation,youtube,video,https://www.youtube.com/results?search_query=MCO+2024+Q4+earnings+call,www.youtube.com,metadata_only,youtube_media_blocked,false,false,false,false,,,sha256:e25fc07ed7cd3147870e66b9179fa6eb2a093080f91bd5563596f293d5afc7dd,Keep YouTube as metadata/link reference only unless explicit written authorization exists.
mco_2024_q4,MCO,Moody's Corporation,vendor,transcript,licensed-vendor://blocked/MCO/2024/Q4,licensed-vendor,license_required,vendor_license_missing,false,false,false,false,,,sha256:4451642b3581623b947ff6b70bd3e9ee62da91e0b2447b279b8ab671a0503019,Register license_config_ref before any vendor raw content use.
aon_2024_q4,AON,Aon plc,official_ir,transcript,https://investors.aon.com/,investors.aon.com,metadata_only,metadata_only_no_raw_download,false,false,false,false,,,sha256:90af4cfa07f305b1bd5250ae583031790dd011388da3d7d1725f7e0f70994b1d,"Review official IR source terms, robots policy, and event identity before permitted acquisition."
aon_2024_q4,AON,Aon plc,sec_edgar,metadata,sec-edgar://metadata-first/AON/2024/Q4,sec.gov,metadata_only,sec_metadata_only,false,false,false,false,,,sha256:f332d084160692d847fb2073240a3d872b9286bd7d811f03e4ec7a92b7492f37,Use SEC metadata-first discovery with descriptive User-Agent and <=10 requests/sec.
aon_2024_q4,AON,Aon plc,youtube,video,https://www.youtube.com/results?search_query=AON+2024+Q4+earnings+call,www.youtube.com,metadata_only,youtube_media_blocked,false,false,false,false,,,sha256:ecd7c1ead65c7a3bf2acf1a73e68ac5fc34c5e02f688fa467acb1fec3c01aea4,Keep YouTube as metadata/link reference only unless explicit written authorization exists.
aon_2024_q4,AON,Aon plc,vendor,transcript,licensed-vendor://blocked/AON/2024/Q4,licensed-vendor,license_required,vendor_license_missing,false,false,false,false,,,sha256:7b0f5668bc2fa490f1da60ea5c7fb6ac94b82c8c359d44ada26312a9edf33496,Register license_config_ref before any vendor raw content use.
aig_2024_q4,AIG,"American International Group, Inc.",official_ir,transcript,https://www.aig.com/investor-relations,www.aig.com,metadata_only,metadata_only_no_raw_download,false,false,false,false,,,sha256:402b12937fc01ac7141254d4ed8bb25b30281405b1f2a91e1e40b5e83f291f0e,"Review official IR source terms, robots policy, and event identity before permitted acquisition."
aig_2024_q4,AIG,"American International Group, Inc.",sec_edgar,metadata,sec-edgar://metadata-first/AIG/2024/Q4,sec.gov,metadata_only,sec_metadata_only,false,false,false,false,,,sha256:b74182d353351d8f07cbd01956fa7a51d80909acdae8eb5c83cdda56fa5e3e85,Use SEC metadata-first discovery with descriptive User-Agent and <=10 requests/sec.
aig_2024_q4,AIG,"American International Group, Inc.",youtube,video,https://www.youtube.com/results?search_query=AIG+2024+Q4+earnings+call,www.youtube.com,metadata_only,youtube_media_blocked,false,false,false,false,,,sha256:f59dbd32df925c14f3ac5bfb519f2968f4a12acfb8f1f05596937aaa38e7237c,Keep YouTube as metadata/link reference only unless explicit written authorization exists.
aig_2024_q4,AIG,"American International Group, Inc.",vendor,transcript,licensed-vendor://blocked/AIG/2024/Q4,licensed-vendor,license_required,vendor_license_missing,false,false,false,false,,,sha256:8c919caf3cb4546db9ba639fa6dfbb3db5a942ef491afd84bb71a120a0ffcdd4,Register license_config_ref before any vendor raw content use.
met_2024_q4,MET,"MetLife, Inc.",official_ir,transcript,https://investor.metlife.com/,investor.metlife.com,metadata_only,metadata_only_no_raw_download,false,false,false,false,,,sha256:70bf11df917e3ebc50ef1ee9b520cf4b660f3567848f75b394325c019d9f8a4c,"Review official IR source terms, robots policy, and event identity before permitted acquisition."
met_2024_q4,MET,"MetLife, Inc.",sec_edgar,metadata,sec-edgar://metadata-first/MET/2024/Q4,sec.gov,metadata_only,sec_metadata_only,false,false,false,false,,,sha256:a325b5ce04b88d383d95732d479283f9300a67aa2468ba14800c94b514cf244e,Use SEC metadata-first discovery with descriptive User-Agent and <=10 requests/sec.
met_2024_q4,MET,"MetLife, Inc.",youtube,video,https://www.youtube.com/results?search_query=MET+2024+Q4+earnings+call,www.youtube.com,metadata_only,youtube_media_blocked,false,false,false,false,,,sha256:89d241c80e9d123f899f5d4e66c2af7a734bc85f1fbfc60a33a744011268fe5f,Keep YouTube as metadata/link reference only unless explicit written authorization exists.
met_2024_q4,MET,"MetLife, Inc.",vendor,transcript,licensed-vendor://blocked/MET/2024/Q4,licensed-vendor,license_required,vendor_license_missing,false,false,false,false,,,sha256:27f8fe0c388ad876f75450c34e3fbd8f7f9dfe1e3bb096f818ae2006d86c5fda,Register license_config_ref before any vendor raw content use.
pru_2024_q4,PRU,"Prudential Financial, Inc.",official_ir,transcript,https://www.investor.prudential.com/,www.investor.prudential.com,metadata_only,metadata_only_no_raw_download,false,false,false,false,,,sha256:cec27bc1e6da881ce2cf7290d157d40372c261933ea791cdaf79e33ba0f3a2a2,"Review official IR source terms, robots policy, and event identity before permitted acquisition."
pru_2024_q4,PRU,"Prudential Financial, Inc.",sec_edgar,metadata,sec-edgar://metadata-first/PRU/2024/Q4,sec.gov,metadata_only,sec_metadata_only,false,false,false,false,,,sha256:d646db47e82ab98514d5381019311ee3fec82c46cf99be1436064ddcca3edd03,Use SEC metadata-first discovery with descriptive User-Agent and <=10 requests/sec.
pru_2024_q4,PRU,"Prudential Financial, Inc.",youtube,video,https://www.youtube.com/results?search_query=PRU+2024+Q4+earnings+call,www.youtube.com,metadata_only,youtube_media_blocked,false,false,false,false,,,sha256:005b6311013cc3ddaf1db60f018633b40bdc32a8c610c07f10728cd0045f662a,Keep YouTube as metadata/link reference only unless explicit written authorization exists.
pru_2024_q4,PRU,"Prudential Financial, Inc.",vendor,transcript,licensed-vendor://blocked/PRU/2024/Q4,licensed-vendor,license_required,vendor_license_missing,false,false,false,false,,,sha256:b721ccb7036b7b2a854efdd7d84236745041de2b815b0f58714f8b391a9e19bd,Register license_config_ref before any vendor raw content use.
trv_2024_q4,TRV,"The Travelers Companies, Inc.",official_ir,transcript,https://investor.travelers.com/,investor.travelers.com,metadata_only,metadata_only_no_raw_download,false,false,false,false,,,sha256:90c2575c2e90d0611b8d2ace1e3515095f113e6db50d484a1359e2f521711c2c,"Review official IR source terms, robots policy, and event identity before permitted acquisition."
trv_2024_q4,TRV,"The Travelers Companies, Inc.",sec_edgar,metadata,sec-edgar://metadata-first/TRV/2024/Q4,sec.gov,metadata_only,sec_metadata_only,false,false,false,false,,,sha256:33ae1c882f694ad0a43e8c266c41cee86327c61a076a5b62f2a9c9d64b0c552f,Use SEC metadata-first discovery with descriptive User-Agent and <=10 requests/sec.
trv_2024_q4,TRV,"The Travelers Companies, Inc.",youtube,video,https://www.youtube.com/results?search_query=TRV+2024+Q4+earnings+call,www.youtube.com,metadata_only,youtube_media_blocked,false,false,false,false,,,sha256:99adc7c5603ba20f72a17f778aa51c4a1ce0940730bc429a2abde5bc27e207da,Keep YouTube as metadata/link reference only unless explicit written authorization exists.
trv_2024_q4,TRV,"The Travelers Companies, Inc.",vendor,transcript,licensed-vendor://blocked/TRV/2024/Q4,licensed-vendor,license_required,vendor_license_missing,false,false,false,false,,,sha256:c69994ac3c08b002f44e55618e945c0918d3ea5688a31d7b06ca9849afd216ea,Register license_config_ref before any vendor raw content use.
cb_2024_q4,CB,Chubb Limited,official_ir,transcript,https://investors.chubb.com/,investors.chubb.com,metadata_only,metadata_only_no_raw_download,false,false,false,false,,,sha256:5d51da7959d4bf54ea9efe566f2f5c6f5c5f7efb3686dab25b84d00af1aedbb9,"Review official IR source terms, robots policy, and event identity before permitted acquisition."
cb_2024_q4,CB,Chubb Limited,sec_edgar,metadata,sec-edgar://metadata-first/CB/2024/Q4,sec.gov,metadata_only,sec_metadata_only,false,false,false,false,,,sha256:f84787155c83effcdee34df465d25780e10976f986cc1e72124865e774bd12ba,Use SEC metadata-first discovery with descriptive User-Agent and <=10 requests/sec.
cb_2024_q4,CB,Chubb Limited,youtube,video,https://www.youtube.com/results?search_query=CB+2024+Q4+earnings+call,www.youtube.com,metadata_only,youtube_media_blocked,false,false,false,false,,,sha256:f08d66b994048ce9453fe22bec294518ed565756480e5c694e1d32f1646ffbc5,Keep YouTube as metadata/link reference only unless explicit written authorization exists.
cb_2024_q4,CB,Chubb Limited,vendor,transcript,licensed-vendor://blocked/CB/2024/Q4,licensed-vendor,license_required,vendor_license_missing,false,false,false,false,,,sha256:30a092150fdd03c2468d14b556321321b1df6d347d3747f92961dbcb33c295c0,Register license_config_ref before any vendor raw content use.
jnj_2024_q4,JNJ,Johnson & Johnson,official_ir,transcript,https://www.investor.jnj.com/,www.investor.jnj.com,metadata_only,metadata_only_no_raw_download,false,false,false,false,,,sha256:c06764e29099a10cdee272d2685dee87bc7839b1bd8b82b0e732c4d3e953a33d,"Review official IR source terms, robots policy, and event identity before permitted acquisition."
jnj_2024_q4,JNJ,Johnson & Johnson,sec_edgar,metadata,sec-edgar://metadata-first/JNJ/2024/Q4,sec.gov,metadata_only,sec_metadata_only,false,false,false,false,,,sha256:1cf2c87cb3a085826e9a931ea046eee9affecf8c98f67da9d8e2c13c794a6731,Use SEC metadata-first discovery with descriptive User-Agent and <=10 requests/sec.
jnj_2024_q4,JNJ,Johnson & Johnson,youtube,video,https://www.youtube.com/results?search_query=JNJ+2024+Q4+earnings+call,www.youtube.com,metadata_only,youtube_media_blocked,false,false,false,false,,,sha256:64b7159fa78b551066f282270d7677c3db10f1cd7f2888b1a418da03065bd2b7,Keep YouTube as metadata/link reference only unless explicit written authorization exists.
jnj_2024_q4,JNJ,Johnson & Johnson,vendor,transcript,licensed-vendor://blocked/JNJ/2024/Q4,licensed-vendor,license_required,vendor_license_missing,false,false,false,false,,,sha256:43a4f8fb7c2164cbc2d37c3b4c70774c2d88b603c5f5296cf9040110acc37f5a,Register license_config_ref before any vendor raw content use.
lly_2024_q4,LLY,Eli Lilly and Company,official_ir,transcript,https://investor.lilly.com/,investor.lilly.com,metadata_only,metadata_only_no_raw_download,false,false,false,false,,,sha256:a17c571bd570eec940cd5dc77b0ec4ea60b839e88f5ece060757baa2dfb53190,"Review official IR source terms, robots policy, and event identity before permitted acquisition."
lly_2024_q4,LLY,Eli Lilly and Company,sec_edgar,metadata,sec-edgar://metadata-first/LLY/2024/Q4,sec.gov,metadata_only,sec_metadata_only,false,false,false,false,,,sha256:5d0a87f4c8a28fa3b019ec9e8336a83aba24fcc1a6b85cde079da9f00c0c8c64,Use SEC metadata-first discovery with descriptive User-Agent and <=10 requests/sec.
lly_2024_q4,LLY,Eli Lilly and Company,youtube,video,https://www.youtube.com/results?search_query=LLY+2024+Q4+earnings+call,www.youtube.com,metadata_only,youtube_media_blocked,false,false,false,false,,,sha256:1beb334a075350c5ab482bbe18b1fed5b3d2b9b84a60a70b1ff184576d731064,Keep YouTube as metadata/link reference only unless explicit written authorization exists.
lly_2024_q4,LLY,Eli Lilly and Company,vendor,transcript,licensed-vendor://blocked/LLY/2024/Q4,licensed-vendor,license_required,vendor_license_missing,false,false,false,false,,,sha256:29751d79423e735871eaac2c6529b7b4416f79f27260a2a1fb477d2095ca5671,Register license_config_ref before any vendor raw content use.
mrk_2024_q4,MRK,"Merck & Co., Inc.",official_ir,transcript,https://www.merck.com/investor-relations/,www.merck.com,metadata_only,metadata_only_no_raw_download,false,false,false,false,,,sha256:f122629d7e9df419d774711a89bc4966f6806780fd71ec7d177bf50e791ec0ed,"Review official IR source terms, robots policy, and event identity before permitted acquisition."
mrk_2024_q4,MRK,"Merck & Co., Inc.",sec_edgar,metadata,sec-edgar://metadata-first/MRK/2024/Q4,sec.gov,metadata_only,sec_metadata_only,false,false,false,false,,,sha256:3d1d25a8bbc368708b06638b59fda055d64ef750110f1acfe29b58a5751a4210,Use SEC metadata-first discovery with descriptive User-Agent and <=10 requests/sec.
mrk_2024_q4,MRK,"Merck & Co., Inc.",youtube,video,https://www.youtube.com/results?search_query=MRK+2024+Q4+earnings+call,www.youtube.com,metadata_only,youtube_media_blocked,false,false,false,false,,,sha256:59c4f6589fec6375db36a19837ab0e1d061551f5a7c49077b725b590a1451353,Keep YouTube as metadata/link reference only unless explicit written authorization exists.
mrk_2024_q4,MRK,"Merck & Co., Inc.",vendor,transcript,licensed-vendor://blocked/MRK/2024/Q4,licensed-vendor,license_required,vendor_license_missing,false,false,false,false,,,sha256:c8c3ce3131e926dcdcef977324d259075b569d7a0d661ca115726e3eb4ec1ed9,Register license_config_ref before any vendor raw content use.
pfe_2024_q4,PFE,Pfizer Inc.,official_ir,transcript,https://investors.pfizer.com/,investors.pfizer.com,metadata_only,metadata_only_no_raw_download,false,false,false,false,,,sha256:dcd5e48b0baa470622a7aaeaf5109c054324341bf6972925bb1277a62255f474,"Review official IR source terms, robots policy, and event identity before permitted acquisition."
pfe_2024_q4,PFE,Pfizer Inc.,sec_edgar,metadata,sec-edgar://metadata-first/PFE/2024/Q4,sec.gov,metadata_only,sec_metadata_only,false,false,false,false,,,sha256:2ce4435524b089ecd303bd3c89c6bcacc3b94fa70c58e82eadb4306f596e664e,Use SEC metadata-first discovery with descriptive User-Agent and <=10 requests/sec.
pfe_2024_q4,PFE,Pfizer Inc.,youtube,video,https://www.youtube.com/results?search_query=PFE+2024+Q4+earnings+call,www.youtube.com,metadata_only,youtube_media_blocked,false,false,false,false,,,sha256:427f70b214bcd61db79a0e28dbc4332077f84b53e2d2748e31b4e3ed26e24f00,Keep YouTube as metadata/link reference only unless explicit written authorization exists.
pfe_2024_q4,PFE,Pfizer Inc.,vendor,transcript,licensed-vendor://blocked/PFE/2024/Q4,licensed-vendor,license_required,vendor_license_missing,false,false,false,false,,,sha256:f0328944c8a65e02aa784b6bbd0915c554db2b3529bd8c1bae959deb57303d7a,Register license_config_ref before any vendor raw content use.
unh_2024_q4,UNH,UnitedHealth Group Incorporated,official_ir,transcript,https://www.unitedhealthgroup.com/investors.html,www.unitedhealthgroup.com,metadata_only,metadata_only_no_raw_download,false,false,false,false,,,sha256:5a06806886d4e177660a8dfbf804a7c9a6b068919cb8847fa609b76445eb7608,"Review official IR source terms, robots policy, and event identity before permitted acquisition."
unh_2024_q4,UNH,UnitedHealth Group Incorporated,sec_edgar,metadata,sec-edgar://metadata-first/UNH/2024/Q4,sec.gov,metadata_only,sec_metadata_only,false,false,false,false,,,sha256:014be5f60dea1ad951aa58df672533fe21d7ad8f79e6a28f7f3196fa766f5bba,Use SEC metadata-first discovery with descriptive User-Agent and <=10 requests/sec.
unh_2024_q4,UNH,UnitedHealth Group Incorporated,youtube,video,https://www.youtube.com/results?search_query=UNH+2024+Q4+earnings+call,www.youtube.com,metadata_only,youtube_media_blocked,false,false,false,false,,,sha256:a8711e4a572748ac815f81d6b1ed59a2ef742f82802a66d4396f03a17fe706cb,Keep YouTube as metadata/link reference only unless explicit written authorization exists.
unh_2024_q4,UNH,UnitedHealth Group Incorporated,vendor,transcript,licensed-vendor://blocked/UNH/2024/Q4,licensed-vendor,license_required,vendor_license_missing,false,false,false,false,,,sha256:2c2faabff5e8e480c6c62c00588fd0a9b4882cf53f089ef4b3e5361bd095a26c,Register license_config_ref before any vendor raw content use.
cvs_2024_q4,CVS,CVS Health Corporation,official_ir,transcript,https://investors.cvshealth.com/,investors.cvshealth.com,metadata_only,metadata_only_no_raw_download,false,false,false,false,,,sha256:b4525af2bee2741f127fe01615ed283843767326bbe111e8f125e5fdeeba5dec,"Review official IR source terms, robots policy, and event identity before permitted acquisition."
cvs_2024_q4,CVS,CVS Health Corporation,sec_edgar,metadata,sec-edgar://metadata-first/CVS/2024/Q4,sec.gov,metadata_only,sec_metadata_only,false,false,false,false,,,sha256:e98f262428b7af44fa44b25323016dff31f1699750a7a24ceaa816b224b5c6ec,Use SEC metadata-first discovery with descriptive User-Agent and <=10 requests/sec.
cvs_2024_q4,CVS,CVS Health Corporation,youtube,video,https://www.youtube.com/results?search_query=CVS+2024+Q4+earnings+call,www.youtube.com,metadata_only,youtube_media_blocked,false,false,false,false,,,sha256:56e3a57b64c44f182289c2dddbb07ef152489b559be5402eac5134839e6ee599,Keep YouTube as metadata/link reference only unless explicit written authorization exists.
cvs_2024_q4,CVS,CVS Health Corporation,vendor,transcript,licensed-vendor://blocked/CVS/2024/Q4,licensed-vendor,license_required,vendor_license_missing,false,false,false,false,,,sha256:966ef016c448ae5a0736966a24c2d81e4032574031f052ca673c6ba673cb2213,Register license_config_ref before any vendor raw content use.
abt_2024_q4,ABT,Abbott Laboratories,official_ir,transcript,https://www.abbottinvestor.com/,www.abbottinvestor.com,metadata_only,metadata_only_no_raw_download,false,false,false,false,,,sha256:96391f1e889d1f53f695577f71dfb43dcbe8219d93d55b4ce8f838a789117054,"Review official IR source terms, robots policy, and event identity before permitted acquisition."
abt_2024_q4,ABT,Abbott Laboratories,sec_edgar,metadata,sec-edgar://metadata-first/ABT/2024/Q4,sec.gov,metadata_only,sec_metadata_only,false,false,false,false,,,sha256:485e0e75affc36b5cf32938f378d1d98f9037ee1e02630f0e2151b84cff75e31,Use SEC metadata-first discovery with descriptive User-Agent and <=10 requests/sec.
abt_2024_q4,ABT,Abbott Laboratories,youtube,video,https://www.youtube.com/results?search_query=ABT+2024+Q4+earnings+call,www.youtube.com,metadata_only,youtube_media_blocked,false,false,false,false,,,sha256:b9862438f6378f76f41ba3e6ca17ebb676c90ac1b26269382a11607af9dc96d2,Keep YouTube as metadata/link reference only unless explicit written authorization exists.
abt_2024_q4,ABT,Abbott Laboratories,vendor,transcript,licensed-vendor://blocked/ABT/2024/Q4,licensed-vendor,license_required,vendor_license_missing,false,false,false,false,,,sha256:c4c359c1ffc2a90547300f7a5a05c5ebff538395f7557600f57c7da619d056f9,Register license_config_ref before any vendor raw content use.
bmy_2024_q4,BMY,Bristol Myers Squibb Company,official_ir,transcript,https://investors.bms.com/,investors.bms.com,metadata_only,metadata_only_no_raw_download,false,false,false,false,,,sha256:e37fae363ddb2aa6071697bf012657580239b5b76968add5d37a37c300be7dd9,"Review official IR source terms, robots policy, and event identity before permitted acquisition."
bmy_2024_q4,BMY,Bristol Myers Squibb Company,sec_edgar,metadata,sec-edgar://metadata-first/BMY/2024/Q4,sec.gov,metadata_only,sec_metadata_only,false,false,false,false,,,sha256:720e2514c036468ab6cb108cf34178cf2a0e44b370209f75d337c347cf908574,Use SEC metadata-first discovery with descriptive User-Agent and <=10 requests/sec.
bmy_2024_q4,BMY,Bristol Myers Squibb Company,youtube,video,https://www.youtube.com/results?search_query=BMY+2024+Q4+earnings+call,www.youtube.com,metadata_only,youtube_media_blocked,false,false,false,false,,,sha256:7e98451c4186da4d3e8dbe5739876de31475b5e762320b763f5b2aebd1f98ec2,Keep YouTube as metadata/link reference only unless explicit written authorization exists.
bmy_2024_q4,BMY,Bristol Myers Squibb Company,vendor,transcript,licensed-vendor://blocked/BMY/2024/Q4,licensed-vendor,license_required,vendor_license_missing,false,false,false,false,,,sha256:569ec98d17baed2202b40bc64437f7f64191f4ed54b978a3f50cc3ce1aa1b4ab,Register license_config_ref before any vendor raw content use.
mdt_2024_q4,MDT,Medtronic plc,official_ir,transcript,https://investorrelations.medtronic.com/,investorrelations.medtronic.com,metadata_only,metadata_only_no_raw_download,false,false,false,false,,,sha256:cf7f5bbd220e86a6821aadcf7d84d2daf3b10d04029ec06cc1e61f09d05b12f4,"Review official IR source terms, robots policy, and event identity before permitted acquisition."
mdt_2024_q4,MDT,Medtronic plc,sec_edgar,metadata,sec-edgar://metadata-first/MDT/2024/Q4,sec.gov,metadata_only,sec_metadata_only,false,false,false,false,,,sha256:fdc3b4d9731f24738f19e8cb0db9bc10fa48f543f63eb1f890cd56f4882ee3f1,Use SEC metadata-first discovery with descriptive User-Agent and <=10 requests/sec.
mdt_2024_q4,MDT,Medtronic plc,youtube,video,https://www.youtube.com/results?search_query=MDT+2024+Q4+earnings+call,www.youtube.com,metadata_only,youtube_media_blocked,false,false,false,false,,,sha256:07b975f35835b7f91dbbc92b4a0084dc27e72b9c0f090cd8fe4631fb8ce0574f,Keep YouTube as metadata/link reference only unless explicit written authorization exists.
mdt_2024_q4,MDT,Medtronic plc,vendor,transcript,licensed-vendor://blocked/MDT/2024/Q4,licensed-vendor,license_required,vendor_license_missing,false,false,false,false,,,sha256:f9cf5c7259e269d31ed84b40f3f8dcff183ac1afd79621f5a58cdfd2088b351b,Register license_config_ref before any vendor raw content use.
tmo_2024_q4,TMO,Thermo Fisher Scientific Inc.,official_ir,transcript,https://ir.thermofisher.com/,ir.thermofisher.com,metadata_only,metadata_only_no_raw_download,false,false,false,false,,,sha256:9c69f51a59d25fc0e8e21202f02b8d372a15725906a53ea996390788140d6397,"Review official IR source terms, robots policy, and event identity before permitted acquisition."
tmo_2024_q4,TMO,Thermo Fisher Scientific Inc.,sec_edgar,metadata,sec-edgar://metadata-first/TMO/2024/Q4,sec.gov,metadata_only,sec_metadata_only,false,false,false,false,,,sha256:623046be1a8d08ff25a7011beeda908a6df79701f4c7e7f709e327d4a101b302,Use SEC metadata-first discovery with descriptive User-Agent and <=10 requests/sec.
tmo_2024_q4,TMO,Thermo Fisher Scientific Inc.,youtube,video,https://www.youtube.com/results?search_query=TMO+2024+Q4+earnings+call,www.youtube.com,metadata_only,youtube_media_blocked,false,false,false,false,,,sha256:7390577e379d3395e4036995ffc6757c7b2ad935ff5d4d914759d8bd66c288e6,Keep YouTube as metadata/link reference only unless explicit written authorization exists.
tmo_2024_q4,TMO,Thermo Fisher Scientific Inc.,vendor,transcript,licensed-vendor://blocked/TMO/2024/Q4,licensed-vendor,license_required,vendor_license_missing,false,false,false,false,,,sha256:d24cc62dad580abee8aca78f4e50eb55a73e6a34298435b10d79cb6fe0df8f33,Register license_config_ref before any vendor raw content use.
dhr_2024_q4,DHR,Danaher Corporation,official_ir,transcript,https://investors.danaher.com/,investors.danaher.com,metadata_only,metadata_only_no_raw_download,false,false,false,false,,,sha256:786481dd46f5e86936495e9b20e3dc0adaaa6622057e370cf650ab954f480196,"Review official IR source terms, robots policy, and event identity before permitted acquisition."
dhr_2024_q4,DHR,Danaher Corporation,sec_edgar,metadata,sec-edgar://metadata-first/DHR/2024/Q4,sec.gov,metadata_only,sec_metadata_only,false,false,false,false,,,sha256:42f28bf61911b3e7dfcb809ea9468d94ea6ad7dcc71641175963a93bd6ebc1ea,Use SEC metadata-first discovery with descriptive User-Agent and <=10 requests/sec.
dhr_2024_q4,DHR,Danaher Corporation,youtube,video,https://www.youtube.com/results?search_query=DHR+2024+Q4+earnings+call,www.youtube.com,metadata_only,youtube_media_blocked,false,false,false,false,,,sha256:2b7778a481d50972c213c9645ce6674433e80bd53d5ecf5d4de3e5297b35ec89,Keep YouTube as metadata/link reference only unless explicit written authorization exists.
dhr_2024_q4,DHR,Danaher Corporation,vendor,transcript,licensed-vendor://blocked/DHR/2024/Q4,licensed-vendor,license_required,vendor_license_missing,false,false,false,false,,,sha256:ee75b2addbfafb73d696ea0f753d7f22b4a271a737827b1b01a4a702931a5b8a,Register license_config_ref before any vendor raw content use.
bdx_2024_q4,BDX,"Becton, Dickinson and Company",official_ir,transcript,https://investors.bd.com/,investors.bd.com,metadata_only,metadata_only_no_raw_download,false,false,false,false,,,sha256:702935ad2d42c205eef456858b3441abaa7c14ef5673058a30ca0444cc464c63,"Review official IR source terms, robots policy, and event identity before permitted acquisition."
bdx_2024_q4,BDX,"Becton, Dickinson and Company",sec_edgar,metadata,sec-edgar://metadata-first/BDX/2024/Q4,sec.gov,metadata_only,sec_metadata_only,false,false,false,false,,,sha256:4f655556b6f2bafeeef7c62bcf72c1189d8fdb937a7b332d32a4ca6fc6b46e3d,Use SEC metadata-first discovery with descriptive User-Agent and <=10 requests/sec.
bdx_2024_q4,BDX,"Becton, Dickinson and Company",youtube,video,https://www.youtube.com/results?search_query=BDX+2024+Q4+earnings+call,www.youtube.com,metadata_only,youtube_media_blocked,false,false,false,false,,,sha256:bede816aef70c8b18758910db71b8469ad593a1d4d994cab092b661e9cac5322,Keep YouTube as metadata/link reference only unless explicit written authorization exists.
bdx_2024_q4,BDX,"Becton, Dickinson and Company",vendor,transcript,licensed-vendor://blocked/BDX/2024/Q4,licensed-vendor,license_required,vendor_license_missing,false,false,false,false,,,sha256:622160f4e24e99d332f330eab15b7aec4c94f82728c90432b02c9937487c5f96,Register license_config_ref before any vendor raw content use.
ci_2024_q4,CI,The Cigna Group,official_ir,transcript,https://investors.thecignagroup.com/,investors.thecignagroup.com,metadata_only,metadata_only_no_raw_download,false,false,false,false,,,sha256:54a689c66d8f418d9d40ffb6048f283a53f712597986e8a55f0e6c74d4ddc570,"Review official IR source terms, robots policy, and event identity before permitted acquisition."
ci_2024_q4,CI,The Cigna Group,sec_edgar,metadata,sec-edgar://metadata-first/CI/2024/Q4,sec.gov,metadata_only,sec_metadata_only,false,false,false,false,,,sha256:dccae25ebeb150cfab3f933585c6df7460dce84150d5fbb3e28fe2a348da0bfb,Use SEC metadata-first discovery with descriptive User-Agent and <=10 requests/sec.
ci_2024_q4,CI,The Cigna Group,youtube,video,https://www.youtube.com/results?search_query=CI+2024+Q4+earnings+call,www.youtube.com,metadata_only,youtube_media_blocked,false,false,false,false,,,sha256:b16bf968631449dd2a2f221ef9ab601185d67deb11a2c249f4a2b30da2f3b920,Keep YouTube as metadata/link reference only unless explicit written authorization exists.
ci_2024_q4,CI,The Cigna Group,vendor,transcript,licensed-vendor://blocked/CI/2024/Q4,licensed-vendor,license_required,vendor_license_missing,false,false,false,false,,,sha256:b7b46284eaac56932f208700e858923a49d316faf4ba81212a190ab82000e49f,Register license_config_ref before any vendor raw content use.
hca_2024_q4,HCA,"HCA Healthcare, Inc.",official_ir,transcript,https://investor.hcahealthcare.com/,investor.hcahealthcare.com,metadata_only,metadata_only_no_raw_download,false,false,false,false,,,sha256:fb909b53685bef5a20975888b5196e80e6371b1032f8ce3dab2df529005165ba,"Review official IR source terms, robots policy, and event identity before permitted acquisition."
hca_2024_q4,HCA,"HCA Healthcare, Inc.",sec_edgar,metadata,sec-edgar://metadata-first/HCA/2024/Q4,sec.gov,metadata_only,sec_metadata_only,false,false,false,false,,,sha256:d09514843ce74943c685c7d09f39c9e8a5f65c95e62f71d9dde3ef3ba35a663f,Use SEC metadata-first discovery with descriptive User-Agent and <=10 requests/sec.
hca_2024_q4,HCA,"HCA Healthcare, Inc.",youtube,video,https://www.youtube.com/results?search_query=HCA+2024+Q4+earnings+call,www.youtube.com,metadata_only,youtube_media_blocked,false,false,false,false,,,sha256:e4ed32fbdc5c1417634a6b7f979893adf99dc87b6f6c495179bed2f4ba0d9696,Keep YouTube as metadata/link reference only unless explicit written authorization exists.
hca_2024_q4,HCA,"HCA Healthcare, Inc.",vendor,transcript,licensed-vendor://blocked/HCA/2024/Q4,licensed-vendor,license_required,vendor_license_missing,false,false,false,false,,,sha256:a2a33d63c5045eba713f2a09eb3e56aadb56e03bb99e3860165e3f58ea0d1518,Register license_config_ref before any vendor raw content use.
syk_2024_q4,SYK,Stryker Corporation,official_ir,transcript,https://investors.stryker.com/,investors.stryker.com,metadata_only,metadata_only_no_raw_download,false,false,false,false,,,sha256:3bbd0081fcc498c9b909bd3ff082aab299b47b8fd4a391f7c409df64477ede24,"Review official IR source terms, robots policy, and event identity before permitted acquisition."
syk_2024_q4,SYK,Stryker Corporation,sec_edgar,metadata,sec-edgar://metadata-first/SYK/2024/Q4,sec.gov,metadata_only,sec_metadata_only,false,false,false,false,,,sha256:ab8b41c402508da8cf2a6151608eeb13444349d723ba0cd91bfa4b7c6eb70d16,Use SEC metadata-first discovery with descriptive User-Agent and <=10 requests/sec.
syk_2024_q4,SYK,Stryker Corporation,youtube,video,https://www.youtube.com/results?search_query=SYK+2024+Q4+earnings+call,www.youtube.com,metadata_only,youtube_media_blocked,false,false,false,false,,,sha256:5669e004742789036e27b10f8113fe5af0fd0564b62a168d20a035f1fe305cde,Keep YouTube as metadata/link reference only unless explicit written authorization exists.
syk_2024_q4,SYK,Stryker Corporation,vendor,transcript,licensed-vendor://blocked/SYK/2024/Q4,licensed-vendor,license_required,vendor_license_missing,false,false,false,false,,,sha256:1d2b4ecc56c888000d1ab2bef40d2fe9a652a6e0451ef257b04a84b8d432ebd3,Register license_config_ref before any vendor raw content use.
xom_2024_q4,XOM,Exxon Mobil Corporation,official_ir,transcript,https://corporate.exxonmobil.com/investors,corporate.exxonmobil.com,metadata_only,metadata_only_no_raw_download,false,false,false,false,,,sha256:7b6d0dfaa781c903775b2a29b943dde377fd2e03915e1ced513b08b02c099e5b,"Review official IR source terms, robots policy, and event identity before permitted acquisition."
xom_2024_q4,XOM,Exxon Mobil Corporation,sec_edgar,metadata,sec-edgar://metadata-first/XOM/2024/Q4,sec.gov,metadata_only,sec_metadata_only,false,false,false,false,,,sha256:252f4d72b604601bff696c21cdde585223b9b201f7235095741f6a38ee9d5510,Use SEC metadata-first discovery with descriptive User-Agent and <=10 requests/sec.
xom_2024_q4,XOM,Exxon Mobil Corporation,youtube,video,https://www.youtube.com/results?search_query=XOM+2024+Q4+earnings+call,www.youtube.com,metadata_only,youtube_media_blocked,false,false,false,false,,,sha256:ccab3ea2e579c618d1a128dce9e26f2f49779d4d3de0a442551a244a7458240b,Keep YouTube as metadata/link reference only unless explicit written authorization exists.
xom_2024_q4,XOM,Exxon Mobil Corporation,vendor,transcript,licensed-vendor://blocked/XOM/2024/Q4,licensed-vendor,license_required,vendor_license_missing,false,false,false,false,,,sha256:277887c5d8430ea47228ca34606c0e994b9998bd7a5908a2d4c3e0a50e45dc0a,Register license_config_ref before any vendor raw content use.
cvx_2024_q4,CVX,Chevron Corporation,official_ir,transcript,https://www.chevron.com/investors,www.chevron.com,metadata_only,metadata_only_no_raw_download,false,false,false,false,,,sha256:f001c5fdbd3b39f68b3b5252f168e5abd1e7eb7b2e69125a3e9194f748ca74be,"Review official IR source terms, robots policy, and event identity before permitted acquisition."
cvx_2024_q4,CVX,Chevron Corporation,sec_edgar,metadata,sec-edgar://metadata-first/CVX/2024/Q4,sec.gov,metadata_only,sec_metadata_only,false,false,false,false,,,sha256:855cd74b31d172148c5027d17e19764e3de20b98a2a849f940603b153af461b9,Use SEC metadata-first discovery with descriptive User-Agent and <=10 requests/sec.
cvx_2024_q4,CVX,Chevron Corporation,youtube,video,https://www.youtube.com/results?search_query=CVX+2024+Q4+earnings+call,www.youtube.com,metadata_only,youtube_media_blocked,false,false,false,false,,,sha256:9a7da971186d19da33ace97880927ac4d7446dec7f92f397726cb8374cb1a40a,Keep YouTube as metadata/link reference only unless explicit written authorization exists.
cvx_2024_q4,CVX,Chevron Corporation,vendor,transcript,licensed-vendor://blocked/CVX/2024/Q4,licensed-vendor,license_required,vendor_license_missing,false,false,false,false,,,sha256:799e2850f659ef90a11a57ca51f4ac4a9af28f0647aa813e172c256133f8fb06,Register license_config_ref before any vendor raw content use.
cop_2024_q4,COP,ConocoPhillips,official_ir,transcript,https://www.conocophillips.com/investor-relations/,www.conocophillips.com,metadata_only,metadata_only_no_raw_download,false,false,false,false,,,sha256:5f13051eed54deaf26909508207c3eaec6f5c82fe14a3ffd3defa1a63c9f3d76,"Review official IR source terms, robots policy, and event identity before permitted acquisition."
cop_2024_q4,COP,ConocoPhillips,sec_edgar,metadata,sec-edgar://metadata-first/COP/2024/Q4,sec.gov,metadata_only,sec_metadata_only,false,false,false,false,,,sha256:f7691e9afaf1636801eeab969c07969f62b2c51fddf3f08ed902cfbd61557bec,Use SEC metadata-first discovery with descriptive User-Agent and <=10 requests/sec.
cop_2024_q4,COP,ConocoPhillips,youtube,video,https://www.youtube.com/results?search_query=COP+2024+Q4+earnings+call,www.youtube.com,metadata_only,youtube_media_blocked,false,false,false,false,,,sha256:22288cfbaa70a9f77370826acde3dc2504520eeb101285e4504ba3a4a50120ad,Keep YouTube as metadata/link reference only unless explicit written authorization exists.
cop_2024_q4,COP,ConocoPhillips,vendor,transcript,licensed-vendor://blocked/COP/2024/Q4,licensed-vendor,license_required,vendor_license_missing,false,false,false,false,,,sha256:6e9f065134be2d8f5e86d48ae9d26197607b590de57b66767cc84e9f635b8175,Register license_config_ref before any vendor raw content use.
slb_2024_q4,SLB,SLB,official_ir,transcript,https://investorcenter.slb.com/,investorcenter.slb.com,metadata_only,metadata_only_no_raw_download,false,false,false,false,,,sha256:b914b579f5029ed40ee8ab0432550d970f1fa99067bd6618ec3a4c53d65adb13,"Review official IR source terms, robots policy, and event identity before permitted acquisition."
slb_2024_q4,SLB,SLB,sec_edgar,metadata,sec-edgar://metadata-first/SLB/2024/Q4,sec.gov,metadata_only,sec_metadata_only,false,false,false,false,,,sha256:59fc5e2d9126095ba60aa47e6668c20309708327780d4d84e621a409678f8481,Use SEC metadata-first discovery with descriptive User-Agent and <=10 requests/sec.
slb_2024_q4,SLB,SLB,youtube,video,https://www.youtube.com/results?search_query=SLB+2024+Q4+earnings+call,www.youtube.com,metadata_only,youtube_media_blocked,false,false,false,false,,,sha256:4373a2cd745960b5906da5278084c99940514a8f5eb780aac4f6271a3ea7d54f,Keep YouTube as metadata/link reference only unless explicit written authorization exists.
slb_2024_q4,SLB,SLB,vendor,transcript,licensed-vendor://blocked/SLB/2024/Q4,licensed-vendor,license_required,vendor_license_missing,false,false,false,false,,,sha256:f4a34a641178675c8680fa27a1552576ec91f42d6b85bd8ed5e14c8a0ff8d71e,Register license_config_ref before any vendor raw content use.
hal_2024_q4,HAL,Halliburton Company,official_ir,transcript,https://ir.halliburton.com/,ir.halliburton.com,metadata_only,metadata_only_no_raw_download,false,false,false,false,,,sha256:777cb191066aa0f88070dc51083dbcd5fd3f3dbf60068b55a11bab292dc3aac5,"Review official IR source terms, robots policy, and event identity before permitted acquisition."
hal_2024_q4,HAL,Halliburton Company,sec_edgar,metadata,sec-edgar://metadata-first/HAL/2024/Q4,sec.gov,metadata_only,sec_metadata_only,false,false,false,false,,,sha256:0061a65b5689d37508ff088da03db064207bb10f841d6a7891e2ebfc8ad399d2,Use SEC metadata-first discovery with descriptive User-Agent and <=10 requests/sec.
hal_2024_q4,HAL,Halliburton Company,youtube,video,https://www.youtube.com/results?search_query=HAL+2024+Q4+earnings+call,www.youtube.com,metadata_only,youtube_media_blocked,false,false,false,false,,,sha256:41540a2b0a6179e8f3b3431a229e86209ea6403131fd7651319c25423d58d993,Keep YouTube as metadata/link reference only unless explicit written authorization exists.
hal_2024_q4,HAL,Halliburton Company,vendor,transcript,licensed-vendor://blocked/HAL/2024/Q4,licensed-vendor,license_required,vendor_license_missing,false,false,false,false,,,sha256:dd40b8a84644453f61152c0719b9d61b90d467297d9a97e94fbfbbfbabab460e,Register license_config_ref before any vendor raw content use.
eog_2024_q4,EOG,"EOG Resources, Inc.",official_ir,transcript,https://investors.eogresources.com/,investors.eogresources.com,metadata_only,metadata_only_no_raw_download,false,false,false,false,,,sha256:3b306fe1bd02c5464a055d519aa2430d8df3e47409efa30fe19d33d754562169,"Review official IR source terms, robots policy, and event identity before permitted acquisition."
eog_2024_q4,EOG,"EOG Resources, Inc.",sec_edgar,metadata,sec-edgar://metadata-first/EOG/2024/Q4,sec.gov,metadata_only,sec_metadata_only,false,false,false,false,,,sha256:3ab0ded737bc0e2e383936c5cc9f31dabab27a87ceac2694ff22cb3f5e80ada3,Use SEC metadata-first discovery with descriptive User-Agent and <=10 requests/sec.
eog_2024_q4,EOG,"EOG Resources, Inc.",youtube,video,https://www.youtube.com/results?search_query=EOG+2024+Q4+earnings+call,www.youtube.com,metadata_only,youtube_media_blocked,false,false,false,false,,,sha256:bcfaf9cea884f296379a0d782e80fad152c612483c31c7c9f163bf6125c75153,Keep YouTube as metadata/link reference only unless explicit written authorization exists.
eog_2024_q4,EOG,"EOG Resources, Inc.",vendor,transcript,licensed-vendor://blocked/EOG/2024/Q4,licensed-vendor,license_required,vendor_license_missing,false,false,false,false,,,sha256:59a9d8f0624b197790c5c755caa74c7f0189e4ebece40ad93312c7cca6149197,Register license_config_ref before any vendor raw content use.
oxy_2024_q4,OXY,Occidental Petroleum Corporation,official_ir,transcript,https://www.oxy.com/investors/,www.oxy.com,metadata_only,metadata_only_no_raw_download,false,false,false,false,,,sha256:7199bf0c6a0cb9493efa2985dfd600f30aec26718db30a7adfcda0fae17c52cd,"Review official IR source terms, robots policy, and event identity before permitted acquisition."
oxy_2024_q4,OXY,Occidental Petroleum Corporation,sec_edgar,metadata,sec-edgar://metadata-first/OXY/2024/Q4,sec.gov,metadata_only,sec_metadata_only,false,false,false,false,,,sha256:afa7e38a9be2e8149c1715ea3860fc203db8fb5f3a0d3e76e4a798d84e8e3899,Use SEC metadata-first discovery with descriptive User-Agent and <=10 requests/sec.
oxy_2024_q4,OXY,Occidental Petroleum Corporation,youtube,video,https://www.youtube.com/results?search_query=OXY+2024+Q4+earnings+call,www.youtube.com,metadata_only,youtube_media_blocked,false,false,false,false,,,sha256:8aa3a60fa3987dd6591311de23b4fab2194e9357e12346490ad9ee5fd61819f4,Keep YouTube as metadata/link reference only unless explicit written authorization exists.
oxy_2024_q4,OXY,Occidental Petroleum Corporation,vendor,transcript,licensed-vendor://blocked/OXY/2024/Q4,licensed-vendor,license_required,vendor_license_missing,false,false,false,false,,,sha256:922f6d3811dc2525636c7c338249feed79bf1211767b0d6d75bdeec77c9b0702,Register license_config_ref before any vendor raw content use.
mpc_2024_q4,MPC,Marathon Petroleum Corporation,official_ir,transcript,https://www.marathonpetroleum.com/Investors/,www.marathonpetroleum.com,metadata_only,metadata_only_no_raw_download,false,false,false,false,,,sha256:8d2535eee95c086a01e97217555c8ec26d5806f5f662e2597efeac6ce2421012,"Review official IR source terms, robots policy, and event identity before permitted acquisition."
mpc_2024_q4,MPC,Marathon Petroleum Corporation,sec_edgar,metadata,sec-edgar://metadata-first/MPC/2024/Q4,sec.gov,metadata_only,sec_metadata_only,false,false,false,false,,,sha256:38071c3c7016fd9cee1839f47a120179c60e5bb4ae092376ff3014800dba1a44,Use SEC metadata-first discovery with descriptive User-Agent and <=10 requests/sec.
mpc_2024_q4,MPC,Marathon Petroleum Corporation,youtube,video,https://www.youtube.com/results?search_query=MPC+2024+Q4+earnings+call,www.youtube.com,metadata_only,youtube_media_blocked,false,false,false,false,,,sha256:e71a0d20978ccbdf9d5689ee85a27f457c1b8df49bc3531ccf22db075bb2dc89,Keep YouTube as metadata/link reference only unless explicit written authorization exists.
mpc_2024_q4,MPC,Marathon Petroleum Corporation,vendor,transcript,licensed-vendor://blocked/MPC/2024/Q4,licensed-vendor,license_required,vendor_license_missing,false,false,false,false,,,sha256:28c90efa110fc2628ee72433dd12d99a1369fa96878c75eacab4d52f4de42dde,Register license_config_ref before any vendor raw content use.
psx_2024_q4,PSX,Phillips 66,official_ir,transcript,https://investor.phillips66.com/,investor.phillips66.com,metadata_only,metadata_only_no_raw_download,false,false,false,false,,,sha256:3157fa10a399448e3b914ed9b28355419b5dbdf51e13224fa82a917ca8e3223f,"Review official IR source terms, robots policy, and event identity before permitted acquisition."
psx_2024_q4,PSX,Phillips 66,sec_edgar,metadata,sec-edgar://metadata-first/PSX/2024/Q4,sec.gov,metadata_only,sec_metadata_only,false,false,false,false,,,sha256:f04e88c7e2a5ba702939f62398c0bcbc4a631e5c04469b22eda99a718e65df5d,Use SEC metadata-first discovery with descriptive User-Agent and <=10 requests/sec.
psx_2024_q4,PSX,Phillips 66,youtube,video,https://www.youtube.com/results?search_query=PSX+2024+Q4+earnings+call,www.youtube.com,metadata_only,youtube_media_blocked,false,false,false,false,,,sha256:226de3586928d54bfc854a79a1a19fb1c2cba5f6be2bee15484211db82df6f0e,Keep YouTube as metadata/link reference only unless explicit written authorization exists.
psx_2024_q4,PSX,Phillips 66,vendor,transcript,licensed-vendor://blocked/PSX/2024/Q4,licensed-vendor,license_required,vendor_license_missing,false,false,false,false,,,sha256:cdf672f2007dd2c8f0f2de0ad543186fbe43e245443b625664a034be41652f00,Register license_config_ref before any vendor raw content use.
vlo_2024_q4,VLO,Valero Energy Corporation,official_ir,transcript,https://investorvalero.com/,investorvalero.com,metadata_only,metadata_only_no_raw_download,false,false,false,false,,,sha256:b344f99af813b437068d32874ec27569babfaebb23eae20f88fca6cc90e3bc7c,"Review official IR source terms, robots policy, and event identity before permitted acquisition."
vlo_2024_q4,VLO,Valero Energy Corporation,sec_edgar,metadata,sec-edgar://metadata-first/VLO/2024/Q4,sec.gov,metadata_only,sec_metadata_only,false,false,false,false,,,sha256:c153da07327f8d1d9f90732e6befa6727d6ff06154c0188eb5cc8fc591e03888,Use SEC metadata-first discovery with descriptive User-Agent and <=10 requests/sec.
vlo_2024_q4,VLO,Valero Energy Corporation,youtube,video,https://www.youtube.com/results?search_query=VLO+2024+Q4+earnings+call,www.youtube.com,metadata_only,youtube_media_blocked,false,false,false,false,,,sha256:7f80d5c91b50ae5f5fb532a496698783b1696e273f5d49620976450a4e4a5425,Keep YouTube as metadata/link reference only unless explicit written authorization exists.
vlo_2024_q4,VLO,Valero Energy Corporation,vendor,transcript,licensed-vendor://blocked/VLO/2024/Q4,licensed-vendor,license_required,vendor_license_missing,false,false,false,false,,,sha256:a12d8a2b7fc5e6c81500c9cf34aacb1a6eab666fea6cf5dfb8d345dc920c1254,Register license_config_ref before any vendor raw content use.
ba_2024_q4,BA,The Boeing Company,official_ir,transcript,https://investors.boeing.com/,investors.boeing.com,metadata_only,metadata_only_no_raw_download,false,false,false,false,,,sha256:f87bb978a867ae5d097ea52c3bec389befbba755ac6e0780a35860bc3cbdc177,"Review official IR source terms, robots policy, and event identity before permitted acquisition."
ba_2024_q4,BA,The Boeing Company,sec_edgar,metadata,sec-edgar://metadata-first/BA/2024/Q4,sec.gov,metadata_only,sec_metadata_only,false,false,false,false,,,sha256:1ce9962e69849ff12361811e053eee3b4bf0107754cc032fbc7b360a7b0bceff,Use SEC metadata-first discovery with descriptive User-Agent and <=10 requests/sec.
ba_2024_q4,BA,The Boeing Company,youtube,video,https://www.youtube.com/results?search_query=BA+2024+Q4+earnings+call,www.youtube.com,metadata_only,youtube_media_blocked,false,false,false,false,,,sha256:478e501788a9028fd041b196bd5a3c1454f0c144e8b3e8098e01aa918a561a0f,Keep YouTube as metadata/link reference only unless explicit written authorization exists.
ba_2024_q4,BA,The Boeing Company,vendor,transcript,licensed-vendor://blocked/BA/2024/Q4,licensed-vendor,license_required,vendor_license_missing,false,false,false,false,,,sha256:64bed1e5b9a030f85034bad31725fd97de7b0ec39384a2f3a989663436831542,Register license_config_ref before any vendor raw content use.
rtx_2024_q4,RTX,RTX Corporation,official_ir,transcript,https://www.rtx.com/investors,www.rtx.com,metadata_only,metadata_only_no_raw_download,false,false,false,false,,,sha256:a1f8b15337e24e741dfc13254380faf82990a1c37b0d0f005410ba46c31480d9,"Review official IR source terms, robots policy, and event identity before permitted acquisition."
rtx_2024_q4,RTX,RTX Corporation,sec_edgar,metadata,sec-edgar://metadata-first/RTX/2024/Q4,sec.gov,metadata_only,sec_metadata_only,false,false,false,false,,,sha256:86bff2e0f821b01dccbc0a7a0913f8a66aa49c79c08f627c29eeaa7f30492698,Use SEC metadata-first discovery with descriptive User-Agent and <=10 requests/sec.
rtx_2024_q4,RTX,RTX Corporation,youtube,video,https://www.youtube.com/results?search_query=RTX+2024+Q4+earnings+call,www.youtube.com,metadata_only,youtube_media_blocked,false,false,false,false,,,sha256:15eb5a5535612aa1e7dca3ff806baf6006635eb2f0b701c4a240541544664fbf,Keep YouTube as metadata/link reference only unless explicit written authorization exists.
rtx_2024_q4,RTX,RTX Corporation,vendor,transcript,licensed-vendor://blocked/RTX/2024/Q4,licensed-vendor,license_required,vendor_license_missing,false,false,false,false,,,sha256:93ebe406a4c9294de9c73c833f7053ad278d4d03ddcea5d96f84054c53ccb010,Register license_config_ref before any vendor raw content use.
lmt_2024_q4,LMT,Lockheed Martin Corporation,official_ir,transcript,https://investors.lockheedmartin.com/,investors.lockheedmartin.com,metadata_only,metadata_only_no_raw_download,false,false,false,false,,,sha256:aaa466d79355ce90bc9aea84d5ce1e8578d98137ab9cfa63752a9557257e7993,"Review official IR source terms, robots policy, and event identity before permitted acquisition."
lmt_2024_q4,LMT,Lockheed Martin Corporation,sec_edgar,metadata,sec-edgar://metadata-first/LMT/2024/Q4,sec.gov,metadata_only,sec_metadata_only,false,false,false,false,,,sha256:9084d4253f532462bd43fb8ef189679a5d377c2451dcd67093475bc96297d415,Use SEC metadata-first discovery with descriptive User-Agent and <=10 requests/sec.
lmt_2024_q4,LMT,Lockheed Martin Corporation,youtube,video,https://www.youtube.com/results?search_query=LMT+2024+Q4+earnings+call,www.youtube.com,metadata_only,youtube_media_blocked,false,false,false,false,,,sha256:a7b8c171358fc9b2cf57d3f835e72ee84a40b087921bcc700f21455cb0ca39a4,Keep YouTube as metadata/link reference only unless explicit written authorization exists.
lmt_2024_q4,LMT,Lockheed Martin Corporation,vendor,transcript,licensed-vendor://blocked/LMT/2024/Q4,licensed-vendor,license_required,vendor_license_missing,false,false,false,false,,,sha256:deef14ef400a9cea4877e37d3039929af6329443e251746baa79eafeec3faae2,Register license_config_ref before any vendor raw content use.
noc_2024_q4,NOC,Northrop Grumman Corporation,official_ir,transcript,https://investor.northropgrumman.com/,investor.northropgrumman.com,metadata_only,metadata_only_no_raw_download,false,false,false,false,,,sha256:9a672111f8093df37a8a2b6a81988ab9d3e6a2d56e4e0e899ca5f3c268e79d1f,"Review official IR source terms, robots policy, and event identity before permitted acquisition."
noc_2024_q4,NOC,Northrop Grumman Corporation,sec_edgar,metadata,sec-edgar://metadata-first/NOC/2024/Q4,sec.gov,metadata_only,sec_metadata_only,false,false,false,false,,,sha256:f4bfd27c49e4f732b0c632007d8a8cd5100eafa8b11b3b0d7e5692204e60bf8b,Use SEC metadata-first discovery with descriptive User-Agent and <=10 requests/sec.
noc_2024_q4,NOC,Northrop Grumman Corporation,youtube,video,https://www.youtube.com/results?search_query=NOC+2024+Q4+earnings+call,www.youtube.com,metadata_only,youtube_media_blocked,false,false,false,false,,,sha256:55fdaa352def2959d094d0ab2bcbc327b7e917d57dec7790518fe7faae565127,Keep YouTube as metadata/link reference only unless explicit written authorization exists.
noc_2024_q4,NOC,Northrop Grumman Corporation,vendor,transcript,licensed-vendor://blocked/NOC/2024/Q4,licensed-vendor,license_required,vendor_license_missing,false,false,false,false,,,sha256:9a4dfffc742f8bcf88ddaff949cad210d11a2a9e6872c261b8dca71392b89510,Register license_config_ref before any vendor raw content use.
gd_2024_q4,GD,General Dynamics Corporation,official_ir,transcript,https://investorrelations.gd.com/,investorrelations.gd.com,metadata_only,metadata_only_no_raw_download,false,false,false,false,,,sha256:e549f4c777f88db7af6e72317c34f6b1de6298f3d98ea20f9639eab226d01ac6,"Review official IR source terms, robots policy, and event identity before permitted acquisition."
gd_2024_q4,GD,General Dynamics Corporation,sec_edgar,metadata,sec-edgar://metadata-first/GD/2024/Q4,sec.gov,metadata_only,sec_metadata_only,false,false,false,false,,,sha256:f28be561a8c8240a1b975f59797f5de011086b1d9df8f958232c5b2d47978eec,Use SEC metadata-first discovery with descriptive User-Agent and <=10 requests/sec.
gd_2024_q4,GD,General Dynamics Corporation,youtube,video,https://www.youtube.com/results?search_query=GD+2024+Q4+earnings+call,www.youtube.com,metadata_only,youtube_media_blocked,false,false,false,false,,,sha256:90ad6679493a74cdd58fd2309f3f9eeb440fe2aca585e82480b0b074d60a38a8,Keep YouTube as metadata/link reference only unless explicit written authorization exists.
gd_2024_q4,GD,General Dynamics Corporation,vendor,transcript,licensed-vendor://blocked/GD/2024/Q4,licensed-vendor,license_required,vendor_license_missing,false,false,false,false,,,sha256:dc0d5d73af10bc450bb5d382168ed13cd3c2ce2acad1c65668264c2ac858d725,Register license_config_ref before any vendor raw content use.
cat_2024_q4,CAT,Caterpillar Inc.,official_ir,transcript,https://investors.caterpillar.com/,investors.caterpillar.com,metadata_only,metadata_only_no_raw_download,false,false,false,false,,,sha256:58887020aa5659bdf9104afa042d0a3073c9791909425465298040faf751c7fc,"Review official IR source terms, robots policy, and event identity before permitted acquisition."
cat_2024_q4,CAT,Caterpillar Inc.,sec_edgar,metadata,sec-edgar://metadata-first/CAT/2024/Q4,sec.gov,metadata_only,sec_metadata_only,false,false,false,false,,,sha256:902d22a04b6c62147d7bf17d26867c7764f4ffa88d20235f4d0a7e5832cd91c7,Use SEC metadata-first discovery with descriptive User-Agent and <=10 requests/sec.
cat_2024_q4,CAT,Caterpillar Inc.,youtube,video,https://www.youtube.com/results?search_query=CAT+2024+Q4+earnings+call,www.youtube.com,metadata_only,youtube_media_blocked,false,false,false,false,,,sha256:227d3a8a8db89b1adbacc0b7f2890eb9d43d7e239528dfba264e7ce0a0c850c3,Keep YouTube as metadata/link reference only unless explicit written authorization exists.
cat_2024_q4,CAT,Caterpillar Inc.,vendor,transcript,licensed-vendor://blocked/CAT/2024/Q4,licensed-vendor,license_required,vendor_license_missing,false,false,false,false,,,sha256:aa5a91042816ff40d29cd00be43cbf66d6a5569e8437df1d517bd24456e1c2ea,Register license_config_ref before any vendor raw content use.
de_2024_q4,DE,Deere & Company,official_ir,transcript,https://investor.deere.com/,investor.deere.com,metadata_only,metadata_only_no_raw_download,false,false,false,false,,,sha256:d95c6a2607b8d2ae85522764ea9f3c17571bcb2e072a37b03c748e5fa927d8ad,"Review official IR source terms, robots policy, and event identity before permitted acquisition."
de_2024_q4,DE,Deere & Company,sec_edgar,metadata,sec-edgar://metadata-first/DE/2024/Q4,sec.gov,metadata_only,sec_metadata_only,false,false,false,false,,,sha256:5ba08c91ecc7123cf7e91b515068b9592f583859e76e78bae37ee8de59cdd430,Use SEC metadata-first discovery with descriptive User-Agent and <=10 requests/sec.
de_2024_q4,DE,Deere & Company,youtube,video,https://www.youtube.com/results?search_query=DE+2024+Q4+earnings+call,www.youtube.com,metadata_only,youtube_media_blocked,false,false,false,false,,,sha256:90401f1b7bccce9e42615e92c7adb2c08c23c1ba7777075bf08c91b879fffc6c,Keep YouTube as metadata/link reference only unless explicit written authorization exists.
de_2024_q4,DE,Deere & Company,vendor,transcript,licensed-vendor://blocked/DE/2024/Q4,licensed-vendor,license_required,vendor_license_missing,false,false,false,false,,,sha256:1adfe5c054a9467de9461a45208bea17503ae5d29923b7c5e73baaa4f1a5326d,Register license_config_ref before any vendor raw content use.
ge_2024_q4,GE,GE Aerospace,official_ir,transcript,https://www.geaerospace.com/investors,www.geaerospace.com,metadata_only,metadata_only_no_raw_download,false,false,false,false,,,sha256:b43665cf69b0ffd220874aad003ef6b68acd26f454b749ee73dece67d2cb9e94,"Review official IR source terms, robots policy, and event identity before permitted acquisition."
ge_2024_q4,GE,GE Aerospace,sec_edgar,metadata,sec-edgar://metadata-first/GE/2024/Q4,sec.gov,metadata_only,sec_metadata_only,false,false,false,false,,,sha256:c3a996312d25d8aad8bfa3eecfbf42e1b2965f7d387ecd77e876858289f1cc6a,Use SEC metadata-first discovery with descriptive User-Agent and <=10 requests/sec.
ge_2024_q4,GE,GE Aerospace,youtube,video,https://www.youtube.com/results?search_query=GE+2024+Q4+earnings+call,www.youtube.com,metadata_only,youtube_media_blocked,false,false,false,false,,,sha256:55c4fba29d956f8b4f8c05a68185d4e9ae8997d909343fc87b4da032e058d99a,Keep YouTube as metadata/link reference only unless explicit written authorization exists.
ge_2024_q4,GE,GE Aerospace,vendor,transcript,licensed-vendor://blocked/GE/2024/Q4,licensed-vendor,license_required,vendor_license_missing,false,false,false,false,,,sha256:310e8cc9152a79ddc6793813d6403af2d852fa14e16c436370ac7fd694a33821,Register license_config_ref before any vendor raw content use.
etn_2024_q4,ETN,Eaton Corporation plc,official_ir,transcript,https://www.eaton.com/us/en-us/company/investor-relations.html,www.eaton.com,metadata_only,metadata_only_no_raw_download,false,false,false,false,,,sha256:8ade796635d23e45863292cc4f048f60e9882bb1e490cdcd1a0ef5a0706e8e13,"Review official IR source terms, robots policy, and event identity before permitted acquisition."
etn_2024_q4,ETN,Eaton Corporation plc,sec_edgar,metadata,sec-edgar://metadata-first/ETN/2024/Q4,sec.gov,metadata_only,sec_metadata_only,false,false,false,false,,,sha256:521607b96da7a089a35ee83c05202c70bc0d1afd604a2095d4baeb12d6609996,Use SEC metadata-first discovery with descriptive User-Agent and <=10 requests/sec.
etn_2024_q4,ETN,Eaton Corporation plc,youtube,video,https://www.youtube.com/results?search_query=ETN+2024+Q4+earnings+call,www.youtube.com,metadata_only,youtube_media_blocked,false,false,false,false,,,sha256:d79a95c08aefc206cad727f79d0c562d437955bf70130b5e17985e40f60451ed,Keep YouTube as metadata/link reference only unless explicit written authorization exists.
etn_2024_q4,ETN,Eaton Corporation plc,vendor,transcript,licensed-vendor://blocked/ETN/2024/Q4,licensed-vendor,license_required,vendor_license_missing,false,false,false,false,,,sha256:38fb5387900d7971841213285d48b37d7f17e2cf87f6b0be14decdf1d70f6a44,Register license_config_ref before any vendor raw content use.
emr_2024_q4,EMR,Emerson Electric Co.,official_ir,transcript,https://www.emerson.com/en-us/investors,www.emerson.com,metadata_only,metadata_only_no_raw_download,false,false,false,false,,,sha256:c10b760295d66e67f5a21d40d1603b965bffcd50b641fcf203e5af4ff5dc68db,"Review official IR source terms, robots policy, and event identity before permitted acquisition."
emr_2024_q4,EMR,Emerson Electric Co.,sec_edgar,metadata,sec-edgar://metadata-first/EMR/2024/Q4,sec.gov,metadata_only,sec_metadata_only,false,false,false,false,,,sha256:48ee27cc68370abac669d613c97c34a0c6f967e69137f8f6300130955c83de89,Use SEC metadata-first discovery with descriptive User-Agent and <=10 requests/sec.
emr_2024_q4,EMR,Emerson Electric Co.,youtube,video,https://www.youtube.com/results?search_query=EMR+2024+Q4+earnings+call,www.youtube.com,metadata_only,youtube_media_blocked,false,false,false,false,,,sha256:dca7c55defcfba2a09f477a5237bcb8600d9c98f2958aa1fc16bedf3770e98db,Keep YouTube as metadata/link reference only unless explicit written authorization exists.
emr_2024_q4,EMR,Emerson Electric Co.,vendor,transcript,licensed-vendor://blocked/EMR/2024/Q4,licensed-vendor,license_required,vendor_license_missing,false,false,false,false,,,sha256:c18cb779cc9373ece8b0d5dabff820cb20307c4f8fb63e95dbb9484fdc8b52ae,Register license_config_ref before any vendor raw content use.
mmm_2024_q4,MMM,3M Company,official_ir,transcript,https://investors.3m.com/,investors.3m.com,metadata_only,metadata_only_no_raw_download,false,false,false,false,,,sha256:99ac3ef88620381b0e567c7597f28ee1f369fb4aa7ee11763ecb490301e35f7b,"Review official IR source terms, robots policy, and event identity before permitted acquisition."
mmm_2024_q4,MMM,3M Company,sec_edgar,metadata,sec-edgar://metadata-first/MMM/2024/Q4,sec.gov,metadata_only,sec_metadata_only,false,false,false,false,,,sha256:c7883cd2d6368d0dd1f28c8e9360fde5271b265228c94f2f8602f0f78ce873b9,Use SEC metadata-first discovery with descriptive User-Agent and <=10 requests/sec.
mmm_2024_q4,MMM,3M Company,youtube,video,https://www.youtube.com/results?search_query=MMM+2024+Q4+earnings+call,www.youtube.com,metadata_only,youtube_media_blocked,false,false,false,false,,,sha256:f212208eafd6e55830f452afd46d1e8bfedf95fe9cb92c7b3c236c64dfcc31e9,Keep YouTube as metadata/link reference only unless explicit written authorization exists.
mmm_2024_q4,MMM,3M Company,vendor,transcript,licensed-vendor://blocked/MMM/2024/Q4,licensed-vendor,license_required,vendor_license_missing,false,false,false,false,,,sha256:485e96c66666af09a3eba393734f8a81cdb0ecac90c6aacc869a86d087908e5f,Register license_config_ref before any vendor raw content use.
itw_2024_q4,ITW,Illinois Tool Works Inc.,official_ir,transcript,https://investor.itw.com/,investor.itw.com,metadata_only,metadata_only_no_raw_download,false,false,false,false,,,sha256:cd876b388f6e1fa36cbc857532407e01145d44066e4c326e78abdeaf631ea3d9,"Review official IR source terms, robots policy, and event identity before permitted acquisition."
itw_2024_q4,ITW,Illinois Tool Works Inc.,sec_edgar,metadata,sec-edgar://metadata-first/ITW/2024/Q4,sec.gov,metadata_only,sec_metadata_only,false,false,false,false,,,sha256:2d29b98f43860eb8d0c6fe27ff5972575620520ca869a0dcfff14d33d4459879,Use SEC metadata-first discovery with descriptive User-Agent and <=10 requests/sec.
itw_2024_q4,ITW,Illinois Tool Works Inc.,youtube,video,https://www.youtube.com/results?search_query=ITW+2024+Q4+earnings+call,www.youtube.com,metadata_only,youtube_media_blocked,false,false,false,false,,,sha256:9c753d476a6c3f27209e9d439aa0d65938177d91005a986b106b02c547e06e39,Keep YouTube as metadata/link reference only unless explicit written authorization exists.
itw_2024_q4,ITW,Illinois Tool Works Inc.,vendor,transcript,licensed-vendor://blocked/ITW/2024/Q4,licensed-vendor,license_required,vendor_license_missing,false,false,false,false,,,sha256:9e4a8a2dd6d197f4908eaa73a6a9759d058f43a45d19a36f8c06a79cfe12226a,Register license_config_ref before any vendor raw content use.
ph_2024_q4,PH,Parker-Hannifin Corporation,official_ir,transcript,https://investors.parker.com/,investors.parker.com,metadata_only,metadata_only_no_raw_download,false,false,false,false,,,sha256:7cdbd1a5639574c808cc924cd4b4de18858e05fa34844862bd9885f35a74ab65,"Review official IR source terms, robots policy, and event identity before permitted acquisition."
ph_2024_q4,PH,Parker-Hannifin Corporation,sec_edgar,metadata,sec-edgar://metadata-first/PH/2024/Q4,sec.gov,metadata_only,sec_metadata_only,false,false,false,false,,,sha256:636632920eb2dcaea2b466ce40d34219dce2dda175f53ad6c00bd13ed1e75a3e,Use SEC metadata-first discovery with descriptive User-Agent and <=10 requests/sec.
ph_2024_q4,PH,Parker-Hannifin Corporation,youtube,video,https://www.youtube.com/results?search_query=PH+2024+Q4+earnings+call,www.youtube.com,metadata_only,youtube_media_blocked,false,false,false,false,,,sha256:17720499e7d3f840b8e5884be5270e4124255a6484abd0bcab538dd2b52cad69,Keep YouTube as metadata/link reference only unless explicit written authorization exists.
ph_2024_q4,PH,Parker-Hannifin Corporation,vendor,transcript,licensed-vendor://blocked/PH/2024/Q4,licensed-vendor,license_required,vendor_license_missing,false,false,false,false,,,sha256:d5eca7a6e54572f138166e0f8a55bd3b92ba09a21ff6bac0694739657f578166,Register license_config_ref before any vendor raw content use.
carr_2024_q4,CARR,Carrier Global Corporation,official_ir,transcript,https://ir.carrier.com/,ir.carrier.com,metadata_only,metadata_only_no_raw_download,false,false,false,false,,,sha256:b02594ba83cbc7410cf90d0861bf43f1302074e17fe85816edcc99bad2ebe77d,"Review official IR source terms, robots policy, and event identity before permitted acquisition."
carr_2024_q4,CARR,Carrier Global Corporation,sec_edgar,metadata,sec-edgar://metadata-first/CARR/2024/Q4,sec.gov,metadata_only,sec_metadata_only,false,false,false,false,,,sha256:648b04ae88f84ff9a3f77b0ed9e3ce96fc7c2471903d37009d88926f0d7998dd,Use SEC metadata-first discovery with descriptive User-Agent and <=10 requests/sec.
carr_2024_q4,CARR,Carrier Global Corporation,youtube,video,https://www.youtube.com/results?search_query=CARR+2024+Q4+earnings+call,www.youtube.com,metadata_only,youtube_media_blocked,false,false,false,false,,,sha256:a936335fa208640550382736c4d90c446495227deafa9629a8be16ef0c5c2b89,Keep YouTube as metadata/link reference only unless explicit written authorization exists.
carr_2024_q4,CARR,Carrier Global Corporation,vendor,transcript,licensed-vendor://blocked/CARR/2024/Q4,licensed-vendor,license_required,vendor_license_missing,false,false,false,false,,,sha256:35bb95547816aa22edf8c24e9da299f398c0a06b207f44510889eaa623fddcca,Register license_config_ref before any vendor raw content use.
otis_2024_q4,OTIS,Otis Worldwide Corporation,official_ir,transcript,https://www.otis.com/en/us/investors,www.otis.com,metadata_only,metadata_only_no_raw_download,false,false,false,false,,,sha256:4b7522abf8f85d27bf49d8d84e0a92549f3afd1920442923af5267d37de8ca7c,"Review official IR source terms, robots policy, and event identity before permitted acquisition."
otis_2024_q4,OTIS,Otis Worldwide Corporation,sec_edgar,metadata,sec-edgar://metadata-first/OTIS/2024/Q4,sec.gov,metadata_only,sec_metadata_only,false,false,false,false,,,sha256:d5ba6cddb09e4f7e49afcad6bcafb742c050605e48d999a9c18f764c4b145ca2,Use SEC metadata-first discovery with descriptive User-Agent and <=10 requests/sec.
otis_2024_q4,OTIS,Otis Worldwide Corporation,youtube,video,https://www.youtube.com/results?search_query=OTIS+2024+Q4+earnings+call,www.youtube.com,metadata_only,youtube_media_blocked,false,false,false,false,,,sha256:29ed00fe8cfa832c605bf229ee3276d03f8a057fb56838a8442f80d8236f4b55,Keep YouTube as metadata/link reference only unless explicit written authorization exists.
otis_2024_q4,OTIS,Otis Worldwide Corporation,vendor,transcript,licensed-vendor://blocked/OTIS/2024/Q4,licensed-vendor,license_required,vendor_license_missing,false,false,false,false,,,sha256:6c04931da2a4d8c0e6b65e3bc1fd78743b556084fe1702350b64712e234661e9,Register license_config_ref before any vendor raw content use.
ups_2024_q4,UPS,"United Parcel Service, Inc.",official_ir,transcript,https://investors.ups.com/,investors.ups.com,metadata_only,metadata_only_no_raw_download,false,false,false,false,,,sha256:2cf48d198f29ca096b44c19180f24d080ff3e441fff0f64c255c93bae16e902e,"Review official IR source terms, robots policy, and event identity before permitted acquisition."
ups_2024_q4,UPS,"United Parcel Service, Inc.",sec_edgar,metadata,sec-edgar://metadata-first/UPS/2024/Q4,sec.gov,metadata_only,sec_metadata_only,false,false,false,false,,,sha256:5dbd9ef7fdf50afef81261e6c90de8151573c2fcbd66bc8554179f5807695d64,Use SEC metadata-first discovery with descriptive User-Agent and <=10 requests/sec.
ups_2024_q4,UPS,"United Parcel Service, Inc.",youtube,video,https://www.youtube.com/results?search_query=UPS+2024+Q4+earnings+call,www.youtube.com,metadata_only,youtube_media_blocked,false,false,false,false,,,sha256:26bcd3f418903ab8b3134ba82178bccd4ebf19f5c5b9244e319348474567af41,Keep YouTube as metadata/link reference only unless explicit written authorization exists.
ups_2024_q4,UPS,"United Parcel Service, Inc.",vendor,transcript,licensed-vendor://blocked/UPS/2024/Q4,licensed-vendor,license_required,vendor_license_missing,false,false,false,false,,,sha256:75cddd7d478d1ef4e027df5d50a80ec90d117c1a9b8f62a984ffa6b391939a84,Register license_config_ref before any vendor raw content use.
fdx_2024_q4,FDX,FedEx Corporation,official_ir,transcript,https://investors.fedex.com/,investors.fedex.com,metadata_only,metadata_only_no_raw_download,false,false,false,false,,,sha256:423d4cfbee065de65bdfed3d08d9b81c81d1fc2e697fd3c852396b6d282a31f0,"Review official IR source terms, robots policy, and event identity before permitted acquisition."
fdx_2024_q4,FDX,FedEx Corporation,sec_edgar,metadata,sec-edgar://metadata-first/FDX/2024/Q4,sec.gov,metadata_only,sec_metadata_only,false,false,false,false,,,sha256:5ba5590a56682164f51e8532e2ae727c236e15917b6356c1ed6c529bbcc04828,Use SEC metadata-first discovery with descriptive User-Agent and <=10 requests/sec.
fdx_2024_q4,FDX,FedEx Corporation,youtube,video,https://www.youtube.com/results?search_query=FDX+2024+Q4+earnings+call,www.youtube.com,metadata_only,youtube_media_blocked,false,false,false,false,,,sha256:b3f4f48c3673d8b5c2c709224fab620d5fc667f3c2c273cc07d61844c93f68db,Keep YouTube as metadata/link reference only unless explicit written authorization exists.
fdx_2024_q4,FDX,FedEx Corporation,vendor,transcript,licensed-vendor://blocked/FDX/2024/Q4,licensed-vendor,license_required,vendor_license_missing,false,false,false,false,,,sha256:fda20376cde74f0471f6a81ee03848ee2a98db3f9d78bdbeb7ab0b028a2ac31b,Register license_config_ref before any vendor raw content use.
dal_2024_q4,DAL,"Delta Air Lines, Inc.",official_ir,transcript,https://ir.delta.com/,ir.delta.com,metadata_only,metadata_only_no_raw_download,false,false,false,false,,,sha256:8c5fa56f3c354d95c7cc435120b42d87e96b64a4f660562ef5266e0a420189c8,"Review official IR source terms, robots policy, and event identity before permitted acquisition."
dal_2024_q4,DAL,"Delta Air Lines, Inc.",sec_edgar,metadata,sec-edgar://metadata-first/DAL/2024/Q4,sec.gov,metadata_only,sec_metadata_only,false,false,false,false,,,sha256:6b1385c862e222533c8587e25079ed289f7feeea58008c266a20426ec80e43fb,Use SEC metadata-first discovery with descriptive User-Agent and <=10 requests/sec.
dal_2024_q4,DAL,"Delta Air Lines, Inc.",youtube,video,https://www.youtube.com/results?search_query=DAL+2024+Q4+earnings+call,www.youtube.com,metadata_only,youtube_media_blocked,false,false,false,false,,,sha256:59aad00e72cdf859add4aebd7113022d0a508d9b0e86c1666184a04f5ed2eda5,Keep YouTube as metadata/link reference only unless explicit written authorization exists.
dal_2024_q4,DAL,"Delta Air Lines, Inc.",vendor,transcript,licensed-vendor://blocked/DAL/2024/Q4,licensed-vendor,license_required,vendor_license_missing,false,false,false,false,,,sha256:40393821b97b3a315727e1bd80ba2cbc5bb3c125ae6a4aea6133bba142bf80d9,Register license_config_ref before any vendor raw content use.
unp_2024_q4,UNP,Union Pacific Corporation,official_ir,transcript,https://investor.unionpacific.com/,investor.unionpacific.com,metadata_only,metadata_only_no_raw_download,false,false,false,false,,,sha256:873d24636482de1cec22f87ce9213959ed2f14792ca98bb5072e62656b87c26a,"Review official IR source terms, robots policy, and event identity before permitted acquisition."
unp_2024_q4,UNP,Union Pacific Corporation,sec_edgar,metadata,sec-edgar://metadata-first/UNP/2024/Q4,sec.gov,metadata_only,sec_metadata_only,false,false,false,false,,,sha256:2369005db6d858584c7232429082ef92c7cb05d3fecb71eaff99f619251fe9a8,Use SEC metadata-first discovery with descriptive User-Agent and <=10 requests/sec.
unp_2024_q4,UNP,Union Pacific Corporation,youtube,video,https://www.youtube.com/results?search_query=UNP+2024+Q4+earnings+call,www.youtube.com,metadata_only,youtube_media_blocked,false,false,false,false,,,sha256:2484f862bbbcee8f0f1fd731f690088947a68938c781e9908c0c9aade1e8f2ca,Keep YouTube as metadata/link reference only unless explicit written authorization exists.
unp_2024_q4,UNP,Union Pacific Corporation,vendor,transcript,licensed-vendor://blocked/UNP/2024/Q4,licensed-vendor,license_required,vendor_license_missing,false,false,false,false,,,sha256:f5da746fe6a16f68e04c34303bdacf009019c34de1f6cf7a0a7268c35f600190,Register license_config_ref before any vendor raw content use.
nsc_2024_q4,NSC,Norfolk Southern Corporation,official_ir,transcript,https://norfolksouthern.investorroom.com/,norfolksouthern.investorroom.com,metadata_only,metadata_only_no_raw_download,false,false,false,false,,,sha256:7f53fbae9c73f9280e27a5f9174a682f9693c9e80b96b9db1454216f8f173c68,"Review official IR source terms, robots policy, and event identity before permitted acquisition."
nsc_2024_q4,NSC,Norfolk Southern Corporation,sec_edgar,metadata,sec-edgar://metadata-first/NSC/2024/Q4,sec.gov,metadata_only,sec_metadata_only,false,false,false,false,,,sha256:786adc854b5b2a38ac01131ea23dd5cae4bb9ecf983f12b8e9f3eca08227f5d0,Use SEC metadata-first discovery with descriptive User-Agent and <=10 requests/sec.
nsc_2024_q4,NSC,Norfolk Southern Corporation,youtube,video,https://www.youtube.com/results?search_query=NSC+2024+Q4+earnings+call,www.youtube.com,metadata_only,youtube_media_blocked,false,false,false,false,,,sha256:03da15b8e3c1a00064d056a9287b2a67d7e84cf8cab5db70ac989dfd418a857e,Keep YouTube as metadata/link reference only unless explicit written authorization exists.
nsc_2024_q4,NSC,Norfolk Southern Corporation,vendor,transcript,licensed-vendor://blocked/NSC/2024/Q4,licensed-vendor,license_required,vendor_license_missing,false,false,false,false,,,sha256:727f324994536f5581318aea27a323a27ce446654beee8c10215ca8f244a45f5,Register license_config_ref before any vendor raw content use.
hd_2024_q4,HD,"The Home Depot, Inc.",official_ir,transcript,https://ir.homedepot.com/,ir.homedepot.com,metadata_only,metadata_only_no_raw_download,false,false,false,false,,,sha256:9bb970117d175bd55687c7915598467e282266da5f952c09b247139bd2a1cbec,"Review official IR source terms, robots policy, and event identity before permitted acquisition."
hd_2024_q4,HD,"The Home Depot, Inc.",sec_edgar,metadata,sec-edgar://metadata-first/HD/2024/Q4,sec.gov,metadata_only,sec_metadata_only,false,false,false,false,,,sha256:e02aebfc07db5c69cfff4e0922f55ed653b3eebbb781549f6e5cfb6b911a573a,Use SEC metadata-first discovery with descriptive User-Agent and <=10 requests/sec.
hd_2024_q4,HD,"The Home Depot, Inc.",youtube,video,https://www.youtube.com/results?search_query=HD+2024+Q4+earnings+call,www.youtube.com,metadata_only,youtube_media_blocked,false,false,false,false,,,sha256:c4a4f1c458b65a35bc526cdc761e981328d0d7949eea231c60d62e210d948edb,Keep YouTube as metadata/link reference only unless explicit written authorization exists.
hd_2024_q4,HD,"The Home Depot, Inc.",vendor,transcript,licensed-vendor://blocked/HD/2024/Q4,licensed-vendor,license_required,vendor_license_missing,false,false,false,false,,,sha256:42de3d1c94fb682f692d3ff30e0f17458739b18d81e014dd451bc6084760a76c,Register license_config_ref before any vendor raw content use.
low_2024_q4,LOW,"Lowe's Companies, Inc.",official_ir,transcript,https://corporate.lowes.com/investors,corporate.lowes.com,metadata_only,metadata_only_no_raw_download,false,false,false,false,,,sha256:403862a5e33cac92e30f80b1bbcff491baad9cc33427a4ac30659ee03767c785,"Review official IR source terms, robots policy, and event identity before permitted acquisition."
low_2024_q4,LOW,"Lowe's Companies, Inc.",sec_edgar,metadata,sec-edgar://metadata-first/LOW/2024/Q4,sec.gov,metadata_only,sec_metadata_only,false,false,false,false,,,sha256:a68801cb179d31118900c1abae9c297dcdad9346a472ed82b05c9367f89c0af7,Use SEC metadata-first discovery with descriptive User-Agent and <=10 requests/sec.
low_2024_q4,LOW,"Lowe's Companies, Inc.",youtube,video,https://www.youtube.com/results?search_query=LOW+2024+Q4+earnings+call,www.youtube.com,metadata_only,youtube_media_blocked,false,false,false,false,,,sha256:4ee85a0d55889eb09e05528c46fdcd2eaad627969820193aa51c29e84ab654cb,Keep YouTube as metadata/link reference only unless explicit written authorization exists.
low_2024_q4,LOW,"Lowe's Companies, Inc.",vendor,transcript,licensed-vendor://blocked/LOW/2024/Q4,licensed-vendor,license_required,vendor_license_missing,false,false,false,false,,,sha256:f6d1657d0118748ec95dfa1474fd3265684979ee3fde2b26d413e7252250d541,Register license_config_ref before any vendor raw content use.
tgt_2024_q4,TGT,Target Corporation,official_ir,transcript,https://investors.target.com/,investors.target.com,metadata_only,metadata_only_no_raw_download,false,false,false,false,,,sha256:8a677225fa0d55f00839d0794bded6d179c7e427320376bb98aca7f4047b0321,"Review official IR source terms, robots policy, and event identity before permitted acquisition."
tgt_2024_q4,TGT,Target Corporation,sec_edgar,metadata,sec-edgar://metadata-first/TGT/2024/Q4,sec.gov,metadata_only,sec_metadata_only,false,false,false,false,,,sha256:0d7cf0003b02bd9fcabc104c46afa7917a5ca7872f0979cede42403f9b665888,Use SEC metadata-first discovery with descriptive User-Agent and <=10 requests/sec.
tgt_2024_q4,TGT,Target Corporation,youtube,video,https://www.youtube.com/results?search_query=TGT+2024+Q4+earnings+call,www.youtube.com,metadata_only,youtube_media_blocked,false,false,false,false,,,sha256:768a14ab6664cf5e00ea6e4cccc1d590adb76dc0401ff5efdbf267838525502b,Keep YouTube as metadata/link reference only unless explicit written authorization exists.
tgt_2024_q4,TGT,Target Corporation,vendor,transcript,licensed-vendor://blocked/TGT/2024/Q4,licensed-vendor,license_required,vendor_license_missing,false,false,false,false,,,sha256:66eaa4471abe19ce8558c687d34e68df9b633f027d6bd51866e1fc579de72b7a,Register license_config_ref before any vendor raw content use.
kr_2024_q4,KR,The Kroger Co.,official_ir,transcript,https://ir.kroger.com/,ir.kroger.com,metadata_only,metadata_only_no_raw_download,false,false,false,false,,,sha256:0a454b420b450dbf49c44434707bbf24168c00ac7f9826e9f4ed7fd080da44af,"Review official IR source terms, robots policy, and event identity before permitted acquisition."
kr_2024_q4,KR,The Kroger Co.,sec_edgar,metadata,sec-edgar://metadata-first/KR/2024/Q4,sec.gov,metadata_only,sec_metadata_only,false,false,false,false,,,sha256:76e1d1af04411bb29c27d54c1f1536cdd7dfb32c80d98747d0c995218a3dda68,Use SEC metadata-first discovery with descriptive User-Agent and <=10 requests/sec.
kr_2024_q4,KR,The Kroger Co.,youtube,video,https://www.youtube.com/results?search_query=KR+2024+Q4+earnings+call,www.youtube.com,metadata_only,youtube_media_blocked,false,false,false,false,,,sha256:0e192e8b33efd589a26f33d4bba637b722bd4d9b4b4d4fad52a2edb09c5159eb,Keep YouTube as metadata/link reference only unless explicit written authorization exists.
kr_2024_q4,KR,The Kroger Co.,vendor,transcript,licensed-vendor://blocked/KR/2024/Q4,licensed-vendor,license_required,vendor_license_missing,false,false,false,false,,,sha256:c8a422582d4ad6a6db41ce4a942191e9138cdad6e5c23237234bcd8091419859,Register license_config_ref before any vendor raw content use.
dg_2024_q4,DG,Dollar General Corporation,official_ir,transcript,https://investor.dollargeneral.com/,investor.dollargeneral.com,metadata_only,metadata_only_no_raw_download,false,false,false,false,,,sha256:998f2cf4919249a1f2260647fc1a047837bd377fb4f94844b9e92bbc681a4dcf,"Review official IR source terms, robots policy, and event identity before permitted acquisition."
dg_2024_q4,DG,Dollar General Corporation,sec_edgar,metadata,sec-edgar://metadata-first/DG/2024/Q4,sec.gov,metadata_only,sec_metadata_only,false,false,false,false,,,sha256:376a69211debf2c5421c0a84f022107949e4040e49de6c9b6ae6e0b94258a162,Use SEC metadata-first discovery with descriptive User-Agent and <=10 requests/sec.
dg_2024_q4,DG,Dollar General Corporation,youtube,video,https://www.youtube.com/results?search_query=DG+2024+Q4+earnings+call,www.youtube.com,metadata_only,youtube_media_blocked,false,false,false,false,,,sha256:0ef505b2b184ff3c165d18857a76780e0bc39803caa7e963f8dc921c2b4cdd73,Keep YouTube as metadata/link reference only unless explicit written authorization exists.
dg_2024_q4,DG,Dollar General Corporation,vendor,transcript,licensed-vendor://blocked/DG/2024/Q4,licensed-vendor,license_required,vendor_license_missing,false,false,false,false,,,sha256:4ce9b4bc8081cdcb6b2cb9d0343d75d09656ca1e22250a6d9c8200accb8da5a1,Register license_config_ref before any vendor raw content use.
mcd_2024_q4,MCD,McDonald's Corporation,official_ir,transcript,https://corporate.mcdonalds.com/corpmcd/investors.html,corporate.mcdonalds.com,metadata_only,metadata_only_no_raw_download,false,false,false,false,,,sha256:f060adb41e4ddfa2d693466c067b68d54c15c89c421b5417fce57b1d54b45407,"Review official IR source terms, robots policy, and event identity before permitted acquisition."
mcd_2024_q4,MCD,McDonald's Corporation,sec_edgar,metadata,sec-edgar://metadata-first/MCD/2024/Q4,sec.gov,metadata_only,sec_metadata_only,false,false,false,false,,,sha256:b05fa8dc992bdd9ed8dc0f7581ed52765848467f55ff762be9fcc45e0b41995b,Use SEC metadata-first discovery with descriptive User-Agent and <=10 requests/sec.
mcd_2024_q4,MCD,McDonald's Corporation,youtube,video,https://www.youtube.com/results?search_query=MCD+2024+Q4+earnings+call,www.youtube.com,metadata_only,youtube_media_blocked,false,false,false,false,,,sha256:aae9d94280df0d4fc98b7b0bfe7d5c66fcbfd2d3fd5ff393c912b5b8306e126c,Keep YouTube as metadata/link reference only unless explicit written authorization exists.
mcd_2024_q4,MCD,McDonald's Corporation,vendor,transcript,licensed-vendor://blocked/MCD/2024/Q4,licensed-vendor,license_required,vendor_license_missing,false,false,false,false,,,sha256:8551ca81cba534da9d90c9a7834402eee790056aae17b8475d05c77e35066b15,Register license_config_ref before any vendor raw content use.
yum_2024_q4,YUM,"Yum! Brands, Inc.",official_ir,transcript,https://investors.yum.com/,investors.yum.com,metadata_only,metadata_only_no_raw_download,false,false,false,false,,,sha256:7bf29319cff5f361955ef5838b1228d78902a213902492ec4b049eb8ee67dcd8,"Review official IR source terms, robots policy, and event identity before permitted acquisition."
yum_2024_q4,YUM,"Yum! Brands, Inc.",sec_edgar,metadata,sec-edgar://metadata-first/YUM/2024/Q4,sec.gov,metadata_only,sec_metadata_only,false,false,false,false,,,sha256:202b9afc78f16670617c2b154f888ca9ede2f81dd69c5bd2e86c119c302bde2d,Use SEC metadata-first discovery with descriptive User-Agent and <=10 requests/sec.
yum_2024_q4,YUM,"Yum! Brands, Inc.",youtube,video,https://www.youtube.com/results?search_query=YUM+2024+Q4+earnings+call,www.youtube.com,metadata_only,youtube_media_blocked,false,false,false,false,,,sha256:02a1acedf9e6b05291dabceb879e99b94f8d67acdd3f93d35d3b1b51353ed561,Keep YouTube as metadata/link reference only unless explicit written authorization exists.
yum_2024_q4,YUM,"Yum! Brands, Inc.",vendor,transcript,licensed-vendor://blocked/YUM/2024/Q4,licensed-vendor,license_required,vendor_license_missing,false,false,false,false,,,sha256:1f5255486d5b0e582276bc5a0da9294ae1d3637a13fc2fee93ed7596c4f1780d,Register license_config_ref before any vendor raw content use.
nke_2024_q4,NKE,"NIKE, Inc.",official_ir,transcript,https://investors.nike.com/,investors.nike.com,metadata_only,metadata_only_no_raw_download,false,false,false,false,,,sha256:8ca8057017cab4bc5cde4aae37cb2945b42fc685355e9c859f91210cc76e136d,"Review official IR source terms, robots policy, and event identity before permitted acquisition."
nke_2024_q4,NKE,"NIKE, Inc.",sec_edgar,metadata,sec-edgar://metadata-first/NKE/2024/Q4,sec.gov,metadata_only,sec_metadata_only,false,false,false,false,,,sha256:1bab2b9a35e5ad38287ebb3690a93cf421aaba9e9ad54b0d2fcdee30a002ec5e,Use SEC metadata-first discovery with descriptive User-Agent and <=10 requests/sec.
nke_2024_q4,NKE,"NIKE, Inc.",youtube,video,https://www.youtube.com/results?search_query=NKE+2024+Q4+earnings+call,www.youtube.com,metadata_only,youtube_media_blocked,false,false,false,false,,,sha256:dbc49132211325b29e78b0d4b93b9a8458cd458344ebf1661d01f935e9762615,Keep YouTube as metadata/link reference only unless explicit written authorization exists.
nke_2024_q4,NKE,"NIKE, Inc.",vendor,transcript,licensed-vendor://blocked/NKE/2024/Q4,licensed-vendor,license_required,vendor_license_missing,false,false,false,false,,,sha256:f3917ba556d7aa42e50044e54d7a66c1c78d6e34687f67837d82578ab7ae1a20,Register license_config_ref before any vendor raw content use.
dis_2024_q4,DIS,The Walt Disney Company,official_ir,transcript,https://thewaltdisneycompany.com/investor-relations/,thewaltdisneycompany.com,metadata_only,metadata_only_no_raw_download,false,false,false,false,,,sha256:c7e7aa52ec5f210534d6fbc201155362e7dfe72e1234489f9b90dd78864b0c1a,"Review official IR source terms, robots policy, and event identity before permitted acquisition."
dis_2024_q4,DIS,The Walt Disney Company,sec_edgar,metadata,sec-edgar://metadata-first/DIS/2024/Q4,sec.gov,metadata_only,sec_metadata_only,false,false,false,false,,,sha256:37a141962384637d96c768fa7eaa0bc554517de330da7c88f1121a18eac438f3,Use SEC metadata-first discovery with descriptive User-Agent and <=10 requests/sec.
dis_2024_q4,DIS,The Walt Disney Company,youtube,video,https://www.youtube.com/results?search_query=DIS+2024+Q4+earnings+call,www.youtube.com,metadata_only,youtube_media_blocked,false,false,false,false,,,sha256:83d48928071424a8b47bc3ed20626fe5196d6da8120beac2dbad859fa7e713d8,Keep YouTube as metadata/link reference only unless explicit written authorization exists.
dis_2024_q4,DIS,The Walt Disney Company,vendor,transcript,licensed-vendor://blocked/DIS/2024/Q4,licensed-vendor,license_required,vendor_license_missing,false,false,false,false,,,sha256:c0f7a9afdc5da86f695392ee6363698c650cd63211b5bb45c5e6b5af63ea77bf,Register license_config_ref before any vendor raw content use.
ko_2024_q4,KO,The Coca-Cola Company,official_ir,transcript,https://investors.coca-colacompany.com/,investors.coca-colacompany.com,metadata_only,metadata_only_no_raw_download,false,false,false,false,,,sha256:595549da57105c90947328b771c0e6bc0582ca96aff43487f2ad5614b1138267,"Review official IR source terms, robots policy, and event identity before permitted acquisition."
ko_2024_q4,KO,The Coca-Cola Company,sec_edgar,metadata,sec-edgar://metadata-first/KO/2024/Q4,sec.gov,metadata_only,sec_metadata_only,false,false,false,false,,,sha256:7249035df66afcb06cc6a767b5b982eac5c2506c7cbcf3ea6e142c8e53cf1dbe,Use SEC metadata-first discovery with descriptive User-Agent and <=10 requests/sec.
ko_2024_q4,KO,The Coca-Cola Company,youtube,video,https://www.youtube.com/results?search_query=KO+2024+Q4+earnings+call,www.youtube.com,metadata_only,youtube_media_blocked,false,false,false,false,,,sha256:78dfaaabb82d4ff2240f9a73ac65e379df0b15cc777febe515f01efcb96b0ee8,Keep YouTube as metadata/link reference only unless explicit written authorization exists.
ko_2024_q4,KO,The Coca-Cola Company,vendor,transcript,licensed-vendor://blocked/KO/2024/Q4,licensed-vendor,license_required,vendor_license_missing,false,false,false,false,,,sha256:153fcf6897cd95bdbfda4cfa2b72f2a4e23c529b614b9760cf0dfc91e2e06941,Register license_config_ref before any vendor raw content use.
pg_2024_q4,PG,The Procter & Gamble Company,official_ir,transcript,https://www.pginvestor.com/,www.pginvestor.com,metadata_only,metadata_only_no_raw_download,false,false,false,false,,,sha256:302119f9281e78215b86d124621b68e3ec2c1fa7646832be84d029eba983b5f0,"Review official IR source terms, robots policy, and event identity before permitted acquisition."
pg_2024_q4,PG,The Procter & Gamble Company,sec_edgar,metadata,sec-edgar://metadata-first/PG/2024/Q4,sec.gov,metadata_only,sec_metadata_only,false,false,false,false,,,sha256:340d5acade899e4279c08a7b3bac39006c99c8adfd91d11cd9393624d01572a2,Use SEC metadata-first discovery with descriptive User-Agent and <=10 requests/sec.
pg_2024_q4,PG,The Procter & Gamble Company,youtube,video,https://www.youtube.com/results?search_query=PG+2024+Q4+earnings+call,www.youtube.com,metadata_only,youtube_media_blocked,false,false,false,false,,,sha256:f5036ec271980a126080544140dd6a04d6dc346e168c9907bc57e0462142a2be,Keep YouTube as metadata/link reference only unless explicit written authorization exists.
pg_2024_q4,PG,The Procter & Gamble Company,vendor,transcript,licensed-vendor://blocked/PG/2024/Q4,licensed-vendor,license_required,vendor_license_missing,false,false,false,false,,,sha256:43159fa2a52370a20b9282cb432515a19078b7dab45f7f81291e7610f3c5b83f,Register license_config_ref before any vendor raw content use.
cl_2024_q4,CL,Colgate-Palmolive Company,official_ir,transcript,https://investor.colgatepalmolive.com/,investor.colgatepalmolive.com,metadata_only,metadata_only_no_raw_download,false,false,false,false,,,sha256:516b08448de22afd0488f8b23090b92f80d6d636b9a65171b6da096496f04717,"Review official IR source terms, robots policy, and event identity before permitted acquisition."
cl_2024_q4,CL,Colgate-Palmolive Company,sec_edgar,metadata,sec-edgar://metadata-first/CL/2024/Q4,sec.gov,metadata_only,sec_metadata_only,false,false,false,false,,,sha256:cdcb269d982dbc9a4f79c46127cecd90aecba77a2df5ae35743035f6802c5931,Use SEC metadata-first discovery with descriptive User-Agent and <=10 requests/sec.
cl_2024_q4,CL,Colgate-Palmolive Company,youtube,video,https://www.youtube.com/results?search_query=CL+2024+Q4+earnings+call,www.youtube.com,metadata_only,youtube_media_blocked,false,false,false,false,,,sha256:d5814eacb074104effd4478f95eabacfb7a23301176972167706c6ee6a2d8b0a,Keep YouTube as metadata/link reference only unless explicit written authorization exists.
cl_2024_q4,CL,Colgate-Palmolive Company,vendor,transcript,licensed-vendor://blocked/CL/2024/Q4,licensed-vendor,license_required,vendor_license_missing,false,false,false,false,,,sha256:e48faba6acb5af1a201097e14c18a4cdebe8574a51d748cb21b1c865c65c39ce,Register license_config_ref before any vendor raw content use.
el_2024_q4,EL,The Estee Lauder Companies Inc.,official_ir,transcript,https://ir.elcompanies.com/,ir.elcompanies.com,metadata_only,metadata_only_no_raw_download,false,false,false,false,,,sha256:e02867ae092e2f3afab539b648060aed058474363701b4e12a77cba8628563f6,"Review official IR source terms, robots policy, and event identity before permitted acquisition."
el_2024_q4,EL,The Estee Lauder Companies Inc.,sec_edgar,metadata,sec-edgar://metadata-first/EL/2024/Q4,sec.gov,metadata_only,sec_metadata_only,false,false,false,false,,,sha256:ebc4b313de8e52daf8a1ea7357cf0759ef4ec57c2446284cfe050c92ab1a9199,Use SEC metadata-first discovery with descriptive User-Agent and <=10 requests/sec.
el_2024_q4,EL,The Estee Lauder Companies Inc.,youtube,video,https://www.youtube.com/results?search_query=EL+2024+Q4+earnings+call,www.youtube.com,metadata_only,youtube_media_blocked,false,false,false,false,,,sha256:ca671ce904b2790bed92fea53f89d2e574a8034580fef644223f8efc05a70dc4,Keep YouTube as metadata/link reference only unless explicit written authorization exists.
el_2024_q4,EL,The Estee Lauder Companies Inc.,vendor,transcript,licensed-vendor://blocked/EL/2024/Q4,licensed-vendor,license_required,vendor_license_missing,false,false,false,false,,,sha256:39a33a45d70fb21705e3c21f14e504b8fb0dbf78b7c68b21dc98cb39027406d9,Register license_config_ref before any vendor raw content use.
gis_2024_q4,GIS,"General Mills, Inc.",official_ir,transcript,https://investors.generalmills.com/,investors.generalmills.com,metadata_only,metadata_only_no_raw_download,false,false,false,false,,,sha256:1f1b218c9ff884898bbe743ddf9228708374e1b6426cb6933e27bc0afb5d4999,"Review official IR source terms, robots policy, and event identity before permitted acquisition."
gis_2024_q4,GIS,"General Mills, Inc.",sec_edgar,metadata,sec-edgar://metadata-first/GIS/2024/Q4,sec.gov,metadata_only,sec_metadata_only,false,false,false,false,,,sha256:6655c79fe7cf9235dd8ba6315b07cd5ddd389a53f686cc5a43e1b74680e58223,Use SEC metadata-first discovery with descriptive User-Agent and <=10 requests/sec.
gis_2024_q4,GIS,"General Mills, Inc.",youtube,video,https://www.youtube.com/results?search_query=GIS+2024+Q4+earnings+call,www.youtube.com,metadata_only,youtube_media_blocked,false,false,false,false,,,sha256:d1a7b524970bb6654122901046ebc40325afd6988ac48be1b0d8826d6661d47e,Keep YouTube as metadata/link reference only unless explicit written authorization exists.
gis_2024_q4,GIS,"General Mills, Inc.",vendor,transcript,licensed-vendor://blocked/GIS/2024/Q4,licensed-vendor,license_required,vendor_license_missing,false,false,false,false,,,sha256:dfe1db348e21d3e8b3619aa0c7d5a27e8def6e8f89e58a66691e33ffdaff8eae,Register license_config_ref before any vendor raw content use.
hsy_2024_q4,HSY,The Hershey Company,official_ir,transcript,https://www.thehersheycompany.com/en_us/investors.html,www.thehersheycompany.com,metadata_only,metadata_only_no_raw_download,false,false,false,false,,,sha256:b442818271bd589e8c49675533ed177e566e9bfad9749be4fc5446fd5c70c65d,"Review official IR source terms, robots policy, and event identity before permitted acquisition."
hsy_2024_q4,HSY,The Hershey Company,sec_edgar,metadata,sec-edgar://metadata-first/HSY/2024/Q4,sec.gov,metadata_only,sec_metadata_only,false,false,false,false,,,sha256:17b9dcbd4b29290093a7cc1c8928809c8ad64534452cefe4e2a8c4e8a556c8d8,Use SEC metadata-first discovery with descriptive User-Agent and <=10 requests/sec.
hsy_2024_q4,HSY,The Hershey Company,youtube,video,https://www.youtube.com/results?search_query=HSY+2024+Q4+earnings+call,www.youtube.com,metadata_only,youtube_media_blocked,false,false,false,false,,,sha256:8aad77472ec5a1cfb119c7671c1a97017885fb668e1d121d8b22607de2ec66e6,Keep YouTube as metadata/link reference only unless explicit written authorization exists.
hsy_2024_q4,HSY,The Hershey Company,vendor,transcript,licensed-vendor://blocked/HSY/2024/Q4,licensed-vendor,license_required,vendor_license_missing,false,false,false,false,,,sha256:4b65e46aac1fd59902c7ce58a7efc3a3f34f4e1ecbc4aa3387bf6eae56e5fcce,Register license_config_ref before any vendor raw content use.
t_2024_q4,T,AT&T Inc.,official_ir,transcript,https://investors.att.com/,investors.att.com,metadata_only,metadata_only_no_raw_download,false,false,false,false,,,sha256:19e359786acb9ee62283f2a3795a046cf7267ac1af44abd33c0d37cdb1ba1981,"Review official IR source terms, robots policy, and event identity before permitted acquisition."
t_2024_q4,T,AT&T Inc.,sec_edgar,metadata,sec-edgar://metadata-first/T/2024/Q4,sec.gov,metadata_only,sec_metadata_only,false,false,false,false,,,sha256:ddac7b3b0e0dce2778ddd728efa82f12b310ddc4462291086208d16f2a5c3470,Use SEC metadata-first discovery with descriptive User-Agent and <=10 requests/sec.
t_2024_q4,T,AT&T Inc.,youtube,video,https://www.youtube.com/results?search_query=T+2024+Q4+earnings+call,www.youtube.com,metadata_only,youtube_media_blocked,false,false,false,false,,,sha256:0bf120ee1180e87486e2867b9f4d1f656ca38af1a02a02486bec47d4841b71cf,Keep YouTube as metadata/link reference only unless explicit written authorization exists.
t_2024_q4,T,AT&T Inc.,vendor,transcript,licensed-vendor://blocked/T/2024/Q4,licensed-vendor,license_required,vendor_license_missing,false,false,false,false,,,sha256:dededce881704f9e08069d7ef7a43aeccd472a41c6b57de306b4130117ffa2ca,Register license_config_ref before any vendor raw content use.
vz_2024_q4,VZ,Verizon Communications Inc.,official_ir,transcript,https://www.verizon.com/about/investors,www.verizon.com,metadata_only,metadata_only_no_raw_download,false,false,false,false,,,sha256:47901df7a2454c0411ef70f022a052590f2b43c796d58603e72b4a8960caac23,"Review official IR source terms, robots policy, and event identity before permitted acquisition."
vz_2024_q4,VZ,Verizon Communications Inc.,sec_edgar,metadata,sec-edgar://metadata-first/VZ/2024/Q4,sec.gov,metadata_only,sec_metadata_only,false,false,false,false,,,sha256:6554bb6d6aab00a478d097d1983d94751f9e1e56b149e444a135eece9c449c50,Use SEC metadata-first discovery with descriptive User-Agent and <=10 requests/sec.
vz_2024_q4,VZ,Verizon Communications Inc.,youtube,video,https://www.youtube.com/results?search_query=VZ+2024+Q4+earnings+call,www.youtube.com,metadata_only,youtube_media_blocked,false,false,false,false,,,sha256:de664ce7a36a17c6c36513e6a58cf2ddf78f2bd26b6fc32eec9823e71d83801c,Keep YouTube as metadata/link reference only unless explicit written authorization exists.
vz_2024_q4,VZ,Verizon Communications Inc.,vendor,transcript,licensed-vendor://blocked/VZ/2024/Q4,licensed-vendor,license_required,vendor_license_missing,false,false,false,false,,,sha256:17dff64fc06b4ccb72442516040151283cea11d5bae4fd89d3fe99c767ea8837,Register license_config_ref before any vendor raw content use.
ibm_2024_q4,IBM,International Business Machines Corporation,official_ir,transcript,https://www.ibm.com/investor,www.ibm.com,metadata_only,metadata_only_no_raw_download,false,false,false,false,,,sha256:25014cd183d77c778deb6ac062a929b83ed1a9a2ac1269bb24416438543cda72,"Review official IR source terms, robots policy, and event identity before permitted acquisition."
ibm_2024_q4,IBM,International Business Machines Corporation,sec_edgar,metadata,sec-edgar://metadata-first/IBM/2024/Q4,sec.gov,metadata_only,sec_metadata_only,false,false,false,false,,,sha256:bedef1c2517401e9fa6b957b1957be025c61758add2c88443912b93d9d6229ea,Use SEC metadata-first discovery with descriptive User-Agent and <=10 requests/sec.
ibm_2024_q4,IBM,International Business Machines Corporation,youtube,video,https://www.youtube.com/results?search_query=IBM+2024+Q4+earnings+call,www.youtube.com,metadata_only,youtube_media_blocked,false,false,false,false,,,sha256:7f2c52a050f203bdc4642045bd5213130dc43d6be00bc9e37499c97e5da500a4,Keep YouTube as metadata/link reference only unless explicit written authorization exists.
ibm_2024_q4,IBM,International Business Machines Corporation,vendor,transcript,licensed-vendor://blocked/IBM/2024/Q4,licensed-vendor,license_required,vendor_license_missing,false,false,false,false,,,sha256:9fc0313afd9afaba0bb426f7d4f6b0ee628d29df7a5ae993feb25ca8ce11d205,Register license_config_ref before any vendor raw content use.
orcl_2024_q4,ORCL,Oracle Corporation,official_ir,transcript,https://investor.oracle.com/,investor.oracle.com,metadata_only,metadata_only_no_raw_download,false,false,false,false,,,sha256:9f0398673619c5e4cac1dd0ea3cf4101f6624370778153200a26128a11dcf6d3,"Review official IR source terms, robots policy, and event identity before permitted acquisition."
orcl_2024_q4,ORCL,Oracle Corporation,sec_edgar,metadata,sec-edgar://metadata-first/ORCL/2024/Q4,sec.gov,metadata_only,sec_metadata_only,false,false,false,false,,,sha256:cb48642229950e2e249744e5bb6a1d13cb683d8749159c204e5e966f4c77da0b,Use SEC metadata-first discovery with descriptive User-Agent and <=10 requests/sec.
orcl_2024_q4,ORCL,Oracle Corporation,youtube,video,https://www.youtube.com/results?search_query=ORCL+2024+Q4+earnings+call,www.youtube.com,metadata_only,youtube_media_blocked,false,false,false,false,,,sha256:0f4a11dadc60854a4600e7017a6b592e0cfd81686d5d134173f8247d95c12cc2,Keep YouTube as metadata/link reference only unless explicit written authorization exists.
orcl_2024_q4,ORCL,Oracle Corporation,vendor,transcript,licensed-vendor://blocked/ORCL/2024/Q4,licensed-vendor,license_required,vendor_license_missing,false,false,false,false,,,sha256:d1f5d41afeecc4fa076bbac6347f3f956034a251aaf6de8351efe00cc038ca08,Register license_config_ref before any vendor raw content use.
crm_2024_q4,CRM,"Salesforce, Inc.",official_ir,transcript,https://investor.salesforce.com/,investor.salesforce.com,metadata_only,metadata_only_no_raw_download,false,false,false,false,,,sha256:7b06e50d13bf399a375a676f68dc5a2ff297689cf95ed0a088e6deb246219d7c,"Review official IR source terms, robots policy, and event identity before permitted acquisition."
crm_2024_q4,CRM,"Salesforce, Inc.",sec_edgar,metadata,sec-edgar://metadata-first/CRM/2024/Q4,sec.gov,metadata_only,sec_metadata_only,false,false,false,false,,,sha256:6c0d5c87fa1477822636737de4845c1dfa0791353f4897b1c60e066b3f8435dd,Use SEC metadata-first discovery with descriptive User-Agent and <=10 requests/sec.
crm_2024_q4,CRM,"Salesforce, Inc.",youtube,video,https://www.youtube.com/results?search_query=CRM+2024+Q4+earnings+call,www.youtube.com,metadata_only,youtube_media_blocked,false,false,false,false,,,sha256:c5dc31be0679952d9d1e89b543ed691c9064778088db2d509635d5e5d54097ef,Keep YouTube as metadata/link reference only unless explicit written authorization exists.
crm_2024_q4,CRM,"Salesforce, Inc.",vendor,transcript,licensed-vendor://blocked/CRM/2024/Q4,licensed-vendor,license_required,vendor_license_missing,false,false,false,false,,,sha256:7e80f9311ddb34648247c91844bc8b60c86ecf0c9c930609774a917be710481d,Register license_config_ref before any vendor raw content use.
now_2024_q4,NOW,"ServiceNow, Inc.",official_ir,transcript,https://investors.servicenow.com/,investors.servicenow.com,metadata_only,metadata_only_no_raw_download,false,false,false,false,,,sha256:22e1be042bb4e928049cf83fadfcf62de544f907b834e65ce22f23052e77fb2f,"Review official IR source terms, robots policy, and event identity before permitted acquisition."
now_2024_q4,NOW,"ServiceNow, Inc.",sec_edgar,metadata,sec-edgar://metadata-first/NOW/2024/Q4,sec.gov,metadata_only,sec_metadata_only,false,false,false,false,,,sha256:803dd0c4bd2c0f0dd0b1d2af069fb237b95d3040b3f1fbb5f1214d616e0673ab,Use SEC metadata-first discovery with descriptive User-Agent and <=10 requests/sec.
now_2024_q4,NOW,"ServiceNow, Inc.",youtube,video,https://www.youtube.com/results?search_query=NOW+2024+Q4+earnings+call,www.youtube.com,metadata_only,youtube_media_blocked,false,false,false,false,,,sha256:d77c3d15eaafbda11ad0a6b610ca0a909f530ce46d303ed6b5863fe7196f520c,Keep YouTube as metadata/link reference only unless explicit written authorization exists.
now_2024_q4,NOW,"ServiceNow, Inc.",vendor,transcript,licensed-vendor://blocked/NOW/2024/Q4,licensed-vendor,license_required,vendor_license_missing,false,false,false,false,,,sha256:6e91991ffaae2222564130d9979c5511055fea4725363d7eea7b36543c7251d2,Register license_config_ref before any vendor raw content use.
acn_2024_q4,ACN,Accenture plc,official_ir,transcript,https://investor.accenture.com/,investor.accenture.com,metadata_only,metadata_only_no_raw_download,false,false,false,false,,,sha256:0ecdd1746d2a41e623175d101b2a1c160eb6f24114556efefa2915edd8302be0,"Review official IR source terms, robots policy, and event identity before permitted acquisition."
acn_2024_q4,ACN,Accenture plc,sec_edgar,metadata,sec-edgar://metadata-first/ACN/2024/Q4,sec.gov,metadata_only,sec_metadata_only,false,false,false,false,,,sha256:b2ef58ee9350d047e442c2a73cea013e81b4d66012eda5400d2de6d2b789ec61,Use SEC metadata-first discovery with descriptive User-Agent and <=10 requests/sec.
acn_2024_q4,ACN,Accenture plc,youtube,video,https://www.youtube.com/results?search_query=ACN+2024+Q4+earnings+call,www.youtube.com,metadata_only,youtube_media_blocked,false,false,false,false,,,sha256:bce3f5738f9586c37f3f290dc1b35f032cb8d8820d54a4f9986e26efd428ace6,Keep YouTube as metadata/link reference only unless explicit written authorization exists.
acn_2024_q4,ACN,Accenture plc,vendor,transcript,licensed-vendor://blocked/ACN/2024/Q4,licensed-vendor,license_required,vendor_license_missing,false,false,false,false,,,sha256:9ab093d4cdf73c862b0d18289e62b3c5a91416f931278449487e76d418d10124,Register license_config_ref before any vendor raw content use.
dell_2024_q4,DELL,Dell Technologies Inc.,official_ir,transcript,https://investors.delltechnologies.com/,investors.delltechnologies.com,metadata_only,metadata_only_no_raw_download,false,false,false,false,,,sha256:d11dd5148c5b46eaa1c5af61ee464289c0340a0ee2f6d14fea24c591549b14af,"Review official IR source terms, robots policy, and event identity before permitted acquisition."
dell_2024_q4,DELL,Dell Technologies Inc.,sec_edgar,metadata,sec-edgar://metadata-first/DELL/2024/Q4,sec.gov,metadata_only,sec_metadata_only,false,false,false,false,,,sha256:0d6bef932e5b47f4c3c38d49fa7f0ee8a806047f32040863bead42d83eb43975,Use SEC metadata-first discovery with descriptive User-Agent and <=10 requests/sec.
dell_2024_q4,DELL,Dell Technologies Inc.,youtube,video,https://www.youtube.com/results?search_query=DELL+2024+Q4+earnings+call,www.youtube.com,metadata_only,youtube_media_blocked,false,false,false,false,,,sha256:384edb30ca4e15c906f1cc768763d648319991ae019ffc2e759c39e65ec2eb20,Keep YouTube as metadata/link reference only unless explicit written authorization exists.
dell_2024_q4,DELL,Dell Technologies Inc.,vendor,transcript,licensed-vendor://blocked/DELL/2024/Q4,licensed-vendor,license_required,vendor_license_missing,false,false,false,false,,,sha256:8ef1bd0a992a5bb2f3181c69b76390dfa7f24318ca483374d56989fa5b727970,Register license_config_ref before any vendor raw content use.
hpq_2024_q4,HPQ,HP Inc.,official_ir,transcript,https://investor.hp.com/,investor.hp.com,metadata_only,metadata_only_no_raw_download,false,false,false,false,,,sha256:41626464329c286dfd9fc1f88d4f1b829b81760b9ab183a94d88818064f01a2f,"Review official IR source terms, robots policy, and event identity before permitted acquisition."
hpq_2024_q4,HPQ,HP Inc.,sec_edgar,metadata,sec-edgar://metadata-first/HPQ/2024/Q4,sec.gov,metadata_only,sec_metadata_only,false,false,false,false,,,sha256:ca476c52fce405c6df056eccd99f05c58793e3a94cb0dcef270053f16d59fbe1,Use SEC metadata-first discovery with descriptive User-Agent and <=10 requests/sec.
hpq_2024_q4,HPQ,HP Inc.,youtube,video,https://www.youtube.com/results?search_query=HPQ+2024+Q4+earnings+call,www.youtube.com,metadata_only,youtube_media_blocked,false,false,false,false,,,sha256:a310631078792971b50013ffb91a77a76af7b9a25b609485a8175bcfd8608fec,Keep YouTube as metadata/link reference only unless explicit written authorization exists.
hpq_2024_q4,HPQ,HP Inc.,vendor,transcript,licensed-vendor://blocked/HPQ/2024/Q4,licensed-vendor,license_required,vendor_license_missing,false,false,false,false,,,sha256:854c91961291bca10b0ac0995313f3ddbc6656b18a33a10d55eae211c64cba87,Register license_config_ref before any vendor raw content use.
net_2024_q4,NET,"Cloudflare, Inc.",official_ir,transcript,https://cloudflare.net/news-and-events/events-and-presentations,cloudflare.net,metadata_only,metadata_only_no_raw_download,false,false,false,false,,,sha256:c1a6bb0d98866331b6fd699164d7c2e817868cbe9d43ee19e956f6d5bc1419eb,"Review official IR source terms, robots policy, and event identity before permitted acquisition."
net_2024_q4,NET,"Cloudflare, Inc.",sec_edgar,metadata,sec-edgar://metadata-first/NET/2024/Q4,sec.gov,metadata_only,sec_metadata_only,false,false,false,false,,,sha256:7a33a2bb22ba6c42257f315c84f4cfb65cbb9dbbc65914d4879682aa7954d119,Use SEC metadata-first discovery with descriptive User-Agent and <=10 requests/sec.
net_2024_q4,NET,"Cloudflare, Inc.",youtube,video,https://www.youtube.com/results?search_query=NET+2024+Q4+earnings+call,www.youtube.com,metadata_only,youtube_media_blocked,false,false,false,false,,,sha256:07201e13f77cae21166e981030daab3194657216ccbaa2ec58cf9d0d01e6149a,Keep YouTube as metadata/link reference only unless explicit written authorization exists.
net_2024_q4,NET,"Cloudflare, Inc.",vendor,transcript,licensed-vendor://blocked/NET/2024/Q4,licensed-vendor,license_required,vendor_license_missing,false,false,false,false,,,sha256:df1292547a274d243278009eecfdc8994699ca98557876b6c1a793bb78db0b2f,Register license_config_ref before any vendor raw content use.
snow_2024_q4,SNOW,Snowflake Inc.,official_ir,transcript,https://investors.snowflake.com/,investors.snowflake.com,metadata_only,metadata_only_no_raw_download,false,false,false,false,,,sha256:3331648082f8288e9a5ac16af76ad1fef271b25a78fd007fbcaa1d04bdaaf876,"Review official IR source terms, robots policy, and event identity before permitted acquisition."
snow_2024_q4,SNOW,Snowflake Inc.,sec_edgar,metadata,sec-edgar://metadata-first/SNOW/2024/Q4,sec.gov,metadata_only,sec_metadata_only,false,false,false,false,,,sha256:eb98af15833d4d47b760e369294138d2440344f7e1873841ef5fe4aae1eff349,Use SEC metadata-first discovery with descriptive User-Agent and <=10 requests/sec.
snow_2024_q4,SNOW,Snowflake Inc.,youtube,video,https://www.youtube.com/results?search_query=SNOW+2024+Q4+earnings+call,www.youtube.com,metadata_only,youtube_media_blocked,false,false,false,false,,,sha256:03b95059e4841d02b2d5d0f6cedec97d6aa3214593bd0b8b6abb6ca670a534a1,Keep YouTube as metadata/link reference only unless explicit written authorization exists.
snow_2024_q4,SNOW,Snowflake Inc.,vendor,transcript,licensed-vendor://blocked/SNOW/2024/Q4,licensed-vendor,license_required,vendor_license_missing,false,false,false,false,,,sha256:2b773ed095bd7363cd1075d24758b0e946d61fdea47c44415863ffb049ee7371,Register license_config_ref before any vendor raw content use.
jpm_2023_q4,JPM,JPMorgan Chase & Co.,official_ir,transcript,https://www.jpmorganchase.com/ir,www.jpmorganchase.com,metadata_only,metadata_only_no_raw_download,false,false,false,false,,,sha256:3a37a567a499d2a72d2c6b4e4043f86bab00c367fc96c710025f1344975d9e59,"Review official IR source terms, robots policy, and event identity before permitted acquisition."
jpm_2023_q4,JPM,JPMorgan Chase & Co.,sec_edgar,metadata,sec-edgar://metadata-first/JPM/2023/Q4,sec.gov,metadata_only,sec_metadata_only,false,false,false,false,,,sha256:f106fbb3327ee8b5b5f4e82db58292d29405e264804798b442b18be45fe2d076,Use SEC metadata-first discovery with descriptive User-Agent and <=10 requests/sec.
jpm_2023_q4,JPM,JPMorgan Chase & Co.,youtube,video,https://www.youtube.com/results?search_query=JPM+2023+Q4+earnings+call,www.youtube.com,metadata_only,youtube_media_blocked,false,false,false,false,,,sha256:fbcf5bf6cbd9be06b9fa6ecc811b6c6d837cdbaad16bcf5ad09f09c568693ac4,Keep YouTube as metadata/link reference only unless explicit written authorization exists.
jpm_2023_q4,JPM,JPMorgan Chase & Co.,vendor,transcript,licensed-vendor://blocked/JPM/2023/Q4,licensed-vendor,license_required,vendor_license_missing,false,false,false,false,,,sha256:ac413638f4a6ddeefa76e50d39282fcdf8a1b69a97a2e470bb6e5b61ee902a78,Register license_config_ref before any vendor raw content use.
bac_2023_q4,BAC,Bank of America Corporation,official_ir,transcript,https://investor.bankofamerica.com/,investor.bankofamerica.com,metadata_only,metadata_only_no_raw_download,false,false,false,false,,,sha256:c0bbffe5f7845cefa733179f2fca9a2844a87dbd967ef561763abc0be9a1d240,"Review official IR source terms, robots policy, and event identity before permitted acquisition."
bac_2023_q4,BAC,Bank of America Corporation,sec_edgar,metadata,sec-edgar://metadata-first/BAC/2023/Q4,sec.gov,metadata_only,sec_metadata_only,false,false,false,false,,,sha256:c7535bea6b713177f86c283209b8b29ebdb215900b397aa82066042424110ab4,Use SEC metadata-first discovery with descriptive User-Agent and <=10 requests/sec.
bac_2023_q4,BAC,Bank of America Corporation,youtube,video,https://www.youtube.com/results?search_query=BAC+2023+Q4+earnings+call,www.youtube.com,metadata_only,youtube_media_blocked,false,false,false,false,,,sha256:14bead4a064bddd2ad386f73a8cb851872523c4801a65de8dd860564c1e0b604,Keep YouTube as metadata/link reference only unless explicit written authorization exists.
bac_2023_q4,BAC,Bank of America Corporation,vendor,transcript,licensed-vendor://blocked/BAC/2023/Q4,licensed-vendor,license_required,vendor_license_missing,false,false,false,false,,,sha256:652cb50dd41e2f0264dbe4a59401d7680e1d241f58504a051786b75793180a29,Register license_config_ref before any vendor raw content use.
c_2023_q4,C,Citigroup Inc.,official_ir,transcript,https://www.citigroup.com/global/investors,www.citigroup.com,metadata_only,metadata_only_no_raw_download,false,false,false,false,,,sha256:81bce6577b6091e8756c1db1404f8510d90212a4eee5dc6cd46adc285d35b290,"Review official IR source terms, robots policy, and event identity before permitted acquisition."
c_2023_q4,C,Citigroup Inc.,sec_edgar,metadata,sec-edgar://metadata-first/C/2023/Q4,sec.gov,metadata_only,sec_metadata_only,false,false,false,false,,,sha256:d24ba18cebcd8e0a0fe037ec362d5222dd1557b0c26d6cc2b475dde44843d5d9,Use SEC metadata-first discovery with descriptive User-Agent and <=10 requests/sec.
c_2023_q4,C,Citigroup Inc.,youtube,video,https://www.youtube.com/results?search_query=C+2023+Q4+earnings+call,www.youtube.com,metadata_only,youtube_media_blocked,false,false,false,false,,,sha256:f26ee533ad02405d7221ed796789e5247d13baa1a56b98641c566116705a1c12,Keep YouTube as metadata/link reference only unless explicit written authorization exists.
c_2023_q4,C,Citigroup Inc.,vendor,transcript,licensed-vendor://blocked/C/2023/Q4,licensed-vendor,license_required,vendor_license_missing,false,false,false,false,,,sha256:f9e7e01d5b9c9c8a5af64c5e9d5c9fcdf15238ad857e04e29af1371072eae59e,Register license_config_ref before any vendor raw content use.
wfc_2023_q4,WFC,Wells Fargo & Company,official_ir,transcript,https://www.wellsfargo.com/about/investor-relations/,www.wellsfargo.com,metadata_only,metadata_only_no_raw_download,false,false,false,false,,,sha256:ca4d9ba04def3bafb3041cc958f22aaaa3d8a00647cc8140e648288efde024d2,"Review official IR source terms, robots policy, and event identity before permitted acquisition."
wfc_2023_q4,WFC,Wells Fargo & Company,sec_edgar,metadata,sec-edgar://metadata-first/WFC/2023/Q4,sec.gov,metadata_only,sec_metadata_only,false,false,false,false,,,sha256:63971f4940147ab6b5d06e4d96fff8e90598af05b76ba17bbfb1c3c7b8a7745b,Use SEC metadata-first discovery with descriptive User-Agent and <=10 requests/sec.
wfc_2023_q4,WFC,Wells Fargo & Company,youtube,video,https://www.youtube.com/results?search_query=WFC+2023+Q4+earnings+call,www.youtube.com,metadata_only,youtube_media_blocked,false,false,false,false,,,sha256:4b0c43385eb02787face0d78039979f1d1ca3137737b6b170ca3a5d65e0133de,Keep YouTube as metadata/link reference only unless explicit written authorization exists.
wfc_2023_q4,WFC,Wells Fargo & Company,vendor,transcript,licensed-vendor://blocked/WFC/2023/Q4,licensed-vendor,license_required,vendor_license_missing,false,false,false,false,,,sha256:21da85284f99336f65ab3f92f05c017cbe5e823564ad27b2b2bcb215c4203dfa,Register license_config_ref before any vendor raw content use.
gs_2023_q4,GS,"The Goldman Sachs Group, Inc.",official_ir,transcript,https://www.goldmansachs.com/investor-relations/,www.goldmansachs.com,metadata_only,metadata_only_no_raw_download,false,false,false,false,,,sha256:70f563775b580b9120023fb1781c010a8d6aa8119b7c2d1edbeef83ad9e1bc10,"Review official IR source terms, robots policy, and event identity before permitted acquisition."
gs_2023_q4,GS,"The Goldman Sachs Group, Inc.",sec_edgar,metadata,sec-edgar://metadata-first/GS/2023/Q4,sec.gov,metadata_only,sec_metadata_only,false,false,false,false,,,sha256:43a868fc88dca73a240c77bc489ac669f8327cfa9e04ee9ac39760f342f62dbf,Use SEC metadata-first discovery with descriptive User-Agent and <=10 requests/sec.
gs_2023_q4,GS,"The Goldman Sachs Group, Inc.",youtube,video,https://www.youtube.com/results?search_query=GS+2023+Q4+earnings+call,www.youtube.com,metadata_only,youtube_media_blocked,false,false,false,false,,,sha256:94a68218c1bcd87bc2136aaffb9a925e2588815c79d903de1064cc1f6654a3d4,Keep YouTube as metadata/link reference only unless explicit written authorization exists.
gs_2023_q4,GS,"The Goldman Sachs Group, Inc.",vendor,transcript,licensed-vendor://blocked/GS/2023/Q4,licensed-vendor,license_required,vendor_license_missing,false,false,false,false,,,sha256:0a755d6a1e93defba2d9b7a3c83f1eb3a51402943bc76db96f7172b771aa0310,Register license_config_ref before any vendor raw content use.
ms_2023_q4,MS,Morgan Stanley,official_ir,transcript,https://www.morganstanley.com/about-us-ir,www.morganstanley.com,metadata_only,metadata_only_no_raw_download,false,false,false,false,,,sha256:fe329b57a2db2644108dcd92543901c0240fec0df629d0f4c4ec4ffe1567994c,"Review official IR source terms, robots policy, and event identity before permitted acquisition."
ms_2023_q4,MS,Morgan Stanley,sec_edgar,metadata,sec-edgar://metadata-first/MS/2023/Q4,sec.gov,metadata_only,sec_metadata_only,false,false,false,false,,,sha256:166e499594892bcf94b58edc258b34bcaba7ee065ee9ecc6d70cfca3594921f2,Use SEC metadata-first discovery with descriptive User-Agent and <=10 requests/sec.
ms_2023_q4,MS,Morgan Stanley,youtube,video,https://www.youtube.com/results?search_query=MS+2023+Q4+earnings+call,www.youtube.com,metadata_only,youtube_media_blocked,false,false,false,false,,,sha256:3b33b9209f01e97ded4e3dc92c07f83bbd683677d1154dd8ac42e3954470a20b,Keep YouTube as metadata/link reference only unless explicit written authorization exists.
ms_2023_q4,MS,Morgan Stanley,vendor,transcript,licensed-vendor://blocked/MS/2023/Q4,licensed-vendor,license_required,vendor_license_missing,false,false,false,false,,,sha256:ada220f08e28ef4e48a145baea3c4207c7bbe44ab4143548ea59770a7939cf3a,Register license_config_ref before any vendor raw content use.
bk_2023_q4,BK,The Bank of New York Mellon Corporation,official_ir,transcript,https://www.bny.com/corporate/global/en/investor-relations.html,www.bny.com,metadata_only,metadata_only_no_raw_download,false,false,false,false,,,sha256:bab391ceeddddef7d637450f1171262c57498a7c536763ca960f5fd692757e01,"Review official IR source terms, robots policy, and event identity before permitted acquisition."
bk_2023_q4,BK,The Bank of New York Mellon Corporation,sec_edgar,metadata,sec-edgar://metadata-first/BK/2023/Q4,sec.gov,metadata_only,sec_metadata_only,false,false,false,false,,,sha256:98cc83fbddc32a467dbe3f8d0e1a9acdbfa764b1acba971180e6844c40d03ce5,Use SEC metadata-first discovery with descriptive User-Agent and <=10 requests/sec.
bk_2023_q4,BK,The Bank of New York Mellon Corporation,youtube,video,https://www.youtube.com/results?search_query=BK+2023+Q4+earnings+call,www.youtube.com,metadata_only,youtube_media_blocked,false,false,false,false,,,sha256:d775277f7f0667c4b546874d98171c49a574aaf6d9f3f4b6be309ba01b1341c0,Keep YouTube as metadata/link reference only unless explicit written authorization exists.
bk_2023_q4,BK,The Bank of New York Mellon Corporation,vendor,transcript,licensed-vendor://blocked/BK/2023/Q4,licensed-vendor,license_required,vendor_license_missing,false,false,false,false,,,sha256:f6abccb9cd40e63bf4aa19cffc46e686c73b11a672d2994141d5aa8635b1d81f,Register license_config_ref before any vendor raw content use.
stt_2023_q4,STT,State Street Corporation,official_ir,transcript,https://investors.statestreet.com/,investors.statestreet.com,metadata_only,metadata_only_no_raw_download,false,false,false,false,,,sha256:76a4601df4ffd6d4154ab29f888268efcd970958b7c2e0b7901ac67b0a556a6e,"Review official IR source terms, robots policy, and event identity before permitted acquisition."
stt_2023_q4,STT,State Street Corporation,sec_edgar,metadata,sec-edgar://metadata-first/STT/2023/Q4,sec.gov,metadata_only,sec_metadata_only,false,false,false,false,,,sha256:2be426cd893bd47e198257e7d902627d64fdb1e47aadbd453c237b2d45dadc13,Use SEC metadata-first discovery with descriptive User-Agent and <=10 requests/sec.
stt_2023_q4,STT,State Street Corporation,youtube,video,https://www.youtube.com/results?search_query=STT+2023+Q4+earnings+call,www.youtube.com,metadata_only,youtube_media_blocked,false,false,false,false,,,sha256:c594ba1c2a03f648b802494918116888726d5e1fc620672c806345c98d983261,Keep YouTube as metadata/link reference only unless explicit written authorization exists.
stt_2023_q4,STT,State Street Corporation,vendor,transcript,licensed-vendor://blocked/STT/2023/Q4,licensed-vendor,license_required,vendor_license_missing,false,false,false,false,,,sha256:c3262eeff4e79ae71dc025d11a582917249d5792091557ae796719a7514aafbc,Register license_config_ref before any vendor raw content use.
usb_2023_q4,USB,U.S. Bancorp,official_ir,transcript,https://ir.usbank.com/,ir.usbank.com,metadata_only,metadata_only_no_raw_download,false,false,false,false,,,sha256:97411c3a8f856df30cb7a924dfdc398f273477e4f45f1cebadb2374193f1bcab,"Review official IR source terms, robots policy, and event identity before permitted acquisition."
usb_2023_q4,USB,U.S. Bancorp,sec_edgar,metadata,sec-edgar://metadata-first/USB/2023/Q4,sec.gov,metadata_only,sec_metadata_only,false,false,false,false,,,sha256:76331570d6d62ed19cf1e7c792c31a861bf68c95e59ef7a4e74edbc22a7df812,Use SEC metadata-first discovery with descriptive User-Agent and <=10 requests/sec.
usb_2023_q4,USB,U.S. Bancorp,youtube,video,https://www.youtube.com/results?search_query=USB+2023+Q4+earnings+call,www.youtube.com,metadata_only,youtube_media_blocked,false,false,false,false,,,sha256:065db2b5bb4af2f4a28d70f3217788479886d801acab6350d92578e1df860ab1,Keep YouTube as metadata/link reference only unless explicit written authorization exists.
usb_2023_q4,USB,U.S. Bancorp,vendor,transcript,licensed-vendor://blocked/USB/2023/Q4,licensed-vendor,license_required,vendor_license_missing,false,false,false,false,,,sha256:07698e7c2a32c8a5ea3b38111624d305a5e3bee91256b4e9022d53d1da2d4d21,Register license_config_ref before any vendor raw content use.
pnc_2023_q4,PNC,"The PNC Financial Services Group, Inc.",official_ir,transcript,https://investor.pnc.com/,investor.pnc.com,metadata_only,metadata_only_no_raw_download,false,false,false,false,,,sha256:a984151cb4d7e82f4379acc340e3b66ab140385362d58e0d05868c637b23b296,"Review official IR source terms, robots policy, and event identity before permitted acquisition."
pnc_2023_q4,PNC,"The PNC Financial Services Group, Inc.",sec_edgar,metadata,sec-edgar://metadata-first/PNC/2023/Q4,sec.gov,metadata_only,sec_metadata_only,false,false,false,false,,,sha256:0696939781fdee691e572dca7c8f9a25082a5a64d7411811119a8cb233217fa1,Use SEC metadata-first discovery with descriptive User-Agent and <=10 requests/sec.
pnc_2023_q4,PNC,"The PNC Financial Services Group, Inc.",youtube,video,https://www.youtube.com/results?search_query=PNC+2023+Q4+earnings+call,www.youtube.com,metadata_only,youtube_media_blocked,false,false,false,false,,,sha256:f9ffcce495fdba1a00d5e0435083a88bb68f9e5083e53358afa9abfabd92dc0b,Keep YouTube as metadata/link reference only unless explicit written authorization exists.
pnc_2023_q4,PNC,"The PNC Financial Services Group, Inc.",vendor,transcript,licensed-vendor://blocked/PNC/2023/Q4,licensed-vendor,license_required,vendor_license_missing,false,false,false,false,,,sha256:acf3c5310a194623be7420aefb7e7ef7988f70abca4bd04e26eb7311fa25d676,Register license_config_ref before any vendor raw content use.
tfc_2023_q4,TFC,Truist Financial Corporation,official_ir,transcript,https://ir.truist.com/,ir.truist.com,metadata_only,metadata_only_no_raw_download,false,false,false,false,,,sha256:70862ae559fd2592860c0adce3b673e49b80dbe451a76f575b05c3fd2f1772a4,"Review official IR source terms, robots policy, and event identity before permitted acquisition."
tfc_2023_q4,TFC,Truist Financial Corporation,sec_edgar,metadata,sec-edgar://metadata-first/TFC/2023/Q4,sec.gov,metadata_only,sec_metadata_only,false,false,false,false,,,sha256:38ab6b461c200a7fc52810a4fd8b0bdde553cefd98168a0250f2f3693a010ed0,Use SEC metadata-first discovery with descriptive User-Agent and <=10 requests/sec.
tfc_2023_q4,TFC,Truist Financial Corporation,youtube,video,https://www.youtube.com/results?search_query=TFC+2023+Q4+earnings+call,www.youtube.com,metadata_only,youtube_media_blocked,false,false,false,false,,,sha256:fca14e8031c976f57845d788c1f59cdeff33f3a7fef787f793c1eff91a6c3d7a,Keep YouTube as metadata/link reference only unless explicit written authorization exists.
tfc_2023_q4,TFC,Truist Financial Corporation,vendor,transcript,licensed-vendor://blocked/TFC/2023/Q4,licensed-vendor,license_required,vendor_license_missing,false,false,false,false,,,sha256:110f394bd4427a9b59d9daf6e29788336af3adb35456d092633093b58cc15b0c,Register license_config_ref before any vendor raw content use.
cof_2023_q4,COF,Capital One Financial Corporation,official_ir,transcript,https://investor.capitalone.com/,investor.capitalone.com,metadata_only,metadata_only_no_raw_download,false,false,false,false,,,sha256:78878312f72285b4a587290439e53c5249c6b6a435a92f5a4fcdbb2486f4150c,"Review official IR source terms, robots policy, and event identity before permitted acquisition."
cof_2023_q4,COF,Capital One Financial Corporation,sec_edgar,metadata,sec-edgar://metadata-first/COF/2023/Q4,sec.gov,metadata_only,sec_metadata_only,false,false,false,false,,,sha256:7abc90c43a5583b402654fce953891e9fd158882bf37d6df20f7c550f2715f5b,Use SEC metadata-first discovery with descriptive User-Agent and <=10 requests/sec.
cof_2023_q4,COF,Capital One Financial Corporation,youtube,video,https://www.youtube.com/results?search_query=COF+2023+Q4+earnings+call,www.youtube.com,metadata_only,youtube_media_blocked,false,false,false,false,,,sha256:278f86fe197a527404923f37eda0c18de99ae75855745c98cac57cf1997d02fc,Keep YouTube as metadata/link reference only unless explicit written authorization exists.
cof_2023_q4,COF,Capital One Financial Corporation,vendor,transcript,licensed-vendor://blocked/COF/2023/Q4,licensed-vendor,license_required,vendor_license_missing,false,false,false,false,,,sha256:1ec116a666b8b452d314eed53e48913f2e80307618352590c6e1e00f05a05b02,Register license_config_ref before any vendor raw content use.
axp_2023_q4,AXP,American Express Company,official_ir,transcript,https://ir.americanexpress.com/,ir.americanexpress.com,metadata_only,metadata_only_no_raw_download,false,false,false,false,,,sha256:20664ec1fc6c8b61e998d1055a78c09c3274b74ec4042f07710fc0e5beaebc8e,"Review official IR source terms, robots policy, and event identity before permitted acquisition."
axp_2023_q4,AXP,American Express Company,sec_edgar,metadata,sec-edgar://metadata-first/AXP/2023/Q4,sec.gov,metadata_only,sec_metadata_only,false,false,false,false,,,sha256:1780ec3b08ed50f2d27975859c56c1ad85b6e6c02b3300f6e3b9b7252e36d142,Use SEC metadata-first discovery with descriptive User-Agent and <=10 requests/sec.
axp_2023_q4,AXP,American Express Company,youtube,video,https://www.youtube.com/results?search_query=AXP+2023+Q4+earnings+call,www.youtube.com,metadata_only,youtube_media_blocked,false,false,false,false,,,sha256:ced79807134c16722bd77ae6b4a1757c84b9a68f1fe310f27ad3638737cd590b,Keep YouTube as metadata/link reference only unless explicit written authorization exists.
axp_2023_q4,AXP,American Express Company,vendor,transcript,licensed-vendor://blocked/AXP/2023/Q4,licensed-vendor,license_required,vendor_license_missing,false,false,false,false,,,sha256:d087a0b745c14e93156bf29c15c0b6550140e5b76fba0dba2fa2563f629d6ee0,Register license_config_ref before any vendor raw content use.
v_2023_q4,V,Visa Inc.,official_ir,transcript,https://investor.visa.com/,investor.visa.com,metadata_only,metadata_only_no_raw_download,false,false,false,false,,,sha256:cc79416c980a83dec62c306da7bfbdf4b9ef9a2e2197ab5de80d734d48ca72fb,"Review official IR source terms, robots policy, and event identity before permitted acquisition."
v_2023_q4,V,Visa Inc.,sec_edgar,metadata,sec-edgar://metadata-first/V/2023/Q4,sec.gov,metadata_only,sec_metadata_only,false,false,false,false,,,sha256:0b2ffbdbc3947f4b67806080c7ac20269c3ecef624f6c0ffb282e192143428f8,Use SEC metadata-first discovery with descriptive User-Agent and <=10 requests/sec.
v_2023_q4,V,Visa Inc.,youtube,video,https://www.youtube.com/results?search_query=V+2023+Q4+earnings+call,www.youtube.com,metadata_only,youtube_media_blocked,false,false,false,false,,,sha256:04dd77ee0d14a019b168e063f352de9f17de2b0d119f6c1582afb9bb635a3a49,Keep YouTube as metadata/link reference only unless explicit written authorization exists.
v_2023_q4,V,Visa Inc.,vendor,transcript,licensed-vendor://blocked/V/2023/Q4,licensed-vendor,license_required,vendor_license_missing,false,false,false,false,,,sha256:d3f7e7c5821070c3ac5ca47e113a5c6f7d25090077b0522faf9a357e433935db,Register license_config_ref before any vendor raw content use.
ma_2023_q4,MA,Mastercard Incorporated,official_ir,transcript,https://investor.mastercard.com/,investor.mastercard.com,metadata_only,metadata_only_no_raw_download,false,false,false,false,,,sha256:cb46b7b43f36c31ca5c15ab69a0c90a8bfae7ad96fd6e5c0ddd7bbd48c597ed2,"Review official IR source terms, robots policy, and event identity before permitted acquisition."
ma_2023_q4,MA,Mastercard Incorporated,sec_edgar,metadata,sec-edgar://metadata-first/MA/2023/Q4,sec.gov,metadata_only,sec_metadata_only,false,false,false,false,,,sha256:aee76af23093cfb15a79a59f10d866bc63a83acf58b961ef1c927cae4402a3a8,Use SEC metadata-first discovery with descriptive User-Agent and <=10 requests/sec.
ma_2023_q4,MA,Mastercard Incorporated,youtube,video,https://www.youtube.com/results?search_query=MA+2023+Q4+earnings+call,www.youtube.com,metadata_only,youtube_media_blocked,false,false,false,false,,,sha256:5319680b0345f883969e9e1a7815431f175091d29538bf56dbcfbe5312f20209,Keep YouTube as metadata/link reference only unless explicit written authorization exists.
ma_2023_q4,MA,Mastercard Incorporated,vendor,transcript,licensed-vendor://blocked/MA/2023/Q4,licensed-vendor,license_required,vendor_license_missing,false,false,false,false,,,sha256:73ddfdf39088864c7aec4e3010dfc4529b46ad7282056cea436d80f11143fed0,Register license_config_ref before any vendor raw content use.
fis_2023_q4,FIS,"Fidelity National Information Services, Inc.",official_ir,transcript,https://investor.fisglobal.com/,investor.fisglobal.com,metadata_only,metadata_only_no_raw_download,false,false,false,false,,,sha256:b128134279ef9a713a0ba5d3f46350794ec05cedc5df5fed8c73a662b9aa1841,"Review official IR source terms, robots policy, and event identity before permitted acquisition."
fis_2023_q4,FIS,"Fidelity National Information Services, Inc.",sec_edgar,metadata,sec-edgar://metadata-first/FIS/2023/Q4,sec.gov,metadata_only,sec_metadata_only,false,false,false,false,,,sha256:0263d52342217e8ea6d6b73945bc2acb9824b0c366d8cada2d45a6b19d28cf17,Use SEC metadata-first discovery with descriptive User-Agent and <=10 requests/sec.
fis_2023_q4,FIS,"Fidelity National Information Services, Inc.",youtube,video,https://www.youtube.com/results?search_query=FIS+2023+Q4+earnings+call,www.youtube.com,metadata_only,youtube_media_blocked,false,false,false,false,,,sha256:61455597dda083a1cddd5b2c3ee059b10f4588ab83c273970985d5b579119381,Keep YouTube as metadata/link reference only unless explicit written authorization exists.
fis_2023_q4,FIS,"Fidelity National Information Services, Inc.",vendor,transcript,licensed-vendor://blocked/FIS/2023/Q4,licensed-vendor,license_required,vendor_license_missing,false,false,false,false,,,sha256:461d646ed062baad761e0c31b48174bc004deea30c67f04b6ae150f5637e9031,Register license_config_ref before any vendor raw content use.
gpn_2023_q4,GPN,Global Payments Inc.,official_ir,transcript,https://investors.globalpayments.com/,investors.globalpayments.com,metadata_only,metadata_only_no_raw_download,false,false,false,false,,,sha256:51cb4e82f0a81f923e8773610dc947c4606fc7e130523ed2686e335f9a2ed83c,"Review official IR source terms, robots policy, and event identity before permitted acquisition."
gpn_2023_q4,GPN,Global Payments Inc.,sec_edgar,metadata,sec-edgar://metadata-first/GPN/2023/Q4,sec.gov,metadata_only,sec_metadata_only,false,false,false,false,,,sha256:c566bfdc715bc0b33bdea68fd771b854343780d2e55ffa9c0b8dba11a6d13503,Use SEC metadata-first discovery with descriptive User-Agent and <=10 requests/sec.
gpn_2023_q4,GPN,Global Payments Inc.,youtube,video,https://www.youtube.com/results?search_query=GPN+2023+Q4+earnings+call,www.youtube.com,metadata_only,youtube_media_blocked,false,false,false,false,,,sha256:8618208e2b629f893c7bacd31fae4746d1e0ee857108f57c62b0fb6fbde18f59,Keep YouTube as metadata/link reference only unless explicit written authorization exists.
gpn_2023_q4,GPN,Global Payments Inc.,vendor,transcript,licensed-vendor://blocked/GPN/2023/Q4,licensed-vendor,license_required,vendor_license_missing,false,false,false,false,,,sha256:6d606532a06ef499afa30c02221cf59a27a0f5cc70e75898fecd18778d7fc023,Register license_config_ref before any vendor raw content use.
blk_2023_q4,BLK,"BlackRock, Inc.",official_ir,transcript,https://ir.blackrock.com/,ir.blackrock.com,metadata_only,metadata_only_no_raw_download,false,false,false,false,,,sha256:1097de33e7549ba6d5f72dc753766437a6006b070ca3f168664663e3bd5d1ed0,"Review official IR source terms, robots policy, and event identity before permitted acquisition."
blk_2023_q4,BLK,"BlackRock, Inc.",sec_edgar,metadata,sec-edgar://metadata-first/BLK/2023/Q4,sec.gov,metadata_only,sec_metadata_only,false,false,false,false,,,sha256:03430a529544960734106ec4e8d911ad34ba099a1203d4d990374e86c2297683,Use SEC metadata-first discovery with descriptive User-Agent and <=10 requests/sec.
blk_2023_q4,BLK,"BlackRock, Inc.",youtube,video,https://www.youtube.com/results?search_query=BLK+2023+Q4+earnings+call,www.youtube.com,metadata_only,youtube_media_blocked,false,false,false,false,,,sha256:46a5f3689d14a06060e429c462bd0cd6566a87489def9998034b220023fd37ee,Keep YouTube as metadata/link reference only unless explicit written authorization exists.
blk_2023_q4,BLK,"BlackRock, Inc.",vendor,transcript,licensed-vendor://blocked/BLK/2023/Q4,licensed-vendor,license_required,vendor_license_missing,false,false,false,false,,,sha256:b14c955073868de85a44fb651ace163d2694b6b01bf851c855c2f7b5c46f74f2,Register license_config_ref before any vendor raw content use.
bx_2023_q4,BX,Blackstone Inc.,official_ir,transcript,https://ir.blackstone.com/,ir.blackstone.com,metadata_only,metadata_only_no_raw_download,false,false,false,false,,,sha256:d24a2263a440d77af57997011c682b4bcabb365ea698dbd46ec90d1fa0ed1e15,"Review official IR source terms, robots policy, and event identity before permitted acquisition."
bx_2023_q4,BX,Blackstone Inc.,sec_edgar,metadata,sec-edgar://metadata-first/BX/2023/Q4,sec.gov,metadata_only,sec_metadata_only,false,false,false,false,,,sha256:7b2b55d92fadb69a89b8328dcca471c6f715a53520e6096780929569e51bb59b,Use SEC metadata-first discovery with descriptive User-Agent and <=10 requests/sec.
bx_2023_q4,BX,Blackstone Inc.,youtube,video,https://www.youtube.com/results?search_query=BX+2023+Q4+earnings+call,www.youtube.com,metadata_only,youtube_media_blocked,false,false,false,false,,,sha256:8a7a42ff3f10af6022c474195335be7b070bc572a94ba7fac2da52745e354b10,Keep YouTube as metadata/link reference only unless explicit written authorization exists.
bx_2023_q4,BX,Blackstone Inc.,vendor,transcript,licensed-vendor://blocked/BX/2023/Q4,licensed-vendor,license_required,vendor_license_missing,false,false,false,false,,,sha256:e0cf8f8775ba9908396c0e313da0cd55891bca36f94264753ca9bd046b3ce5e9,Register license_config_ref before any vendor raw content use.
schw_2023_q4,SCHW,The Charles Schwab Corporation,official_ir,transcript,https://www.aboutschwab.com/investor-relations,www.aboutschwab.com,metadata_only,metadata_only_no_raw_download,false,false,false,false,,,sha256:d64c148d49f71086c8b3f680971c242030a7b04fdeb3394c272627acb35f12e0,"Review official IR source terms, robots policy, and event identity before permitted acquisition."
schw_2023_q4,SCHW,The Charles Schwab Corporation,sec_edgar,metadata,sec-edgar://metadata-first/SCHW/2023/Q4,sec.gov,metadata_only,sec_metadata_only,false,false,false,false,,,sha256:2b24f974e526c568ff0cd689bc8ac3db349de0b87227be2bbfcdb1022fe9c520,Use SEC metadata-first discovery with descriptive User-Agent and <=10 requests/sec.
schw_2023_q4,SCHW,The Charles Schwab Corporation,youtube,video,https://www.youtube.com/results?search_query=SCHW+2023+Q4+earnings+call,www.youtube.com,metadata_only,youtube_media_blocked,false,false,false,false,,,sha256:c59711c61b05e4b5729241505bc76a109a735ed32733bfc2193c1479a07715f1,Keep YouTube as metadata/link reference only unless explicit written authorization exists.
schw_2023_q4,SCHW,The Charles Schwab Corporation,vendor,transcript,licensed-vendor://blocked/SCHW/2023/Q4,licensed-vendor,license_required,vendor_license_missing,false,false,false,false,,,sha256:f0712c59a2162570a4306c7db20745cc62227f7e965a39d57567ca7037be3ee1,Register license_config_ref before any vendor raw content use.
ice_2023_q4,ICE,"Intercontinental Exchange, Inc.",official_ir,transcript,https://ir.theice.com/,ir.theice.com,metadata_only,metadata_only_no_raw_download,false,false,false,false,,,sha256:d093ae6caa23eddb13fcc0d2dd35441b41ce214cd00fe5459394413f806fd84c,"Review official IR source terms, robots policy, and event identity before permitted acquisition."
ice_2023_q4,ICE,"Intercontinental Exchange, Inc.",sec_edgar,metadata,sec-edgar://metadata-first/ICE/2023/Q4,sec.gov,metadata_only,sec_metadata_only,false,false,false,false,,,sha256:06e337595058d6529336ebda22f0ac388fd33a00182122fdf3243a1a1e6f6974,Use SEC metadata-first discovery with descriptive User-Agent and <=10 requests/sec.
ice_2023_q4,ICE,"Intercontinental Exchange, Inc.",youtube,video,https://www.youtube.com/results?search_query=ICE+2023+Q4+earnings+call,www.youtube.com,metadata_only,youtube_media_blocked,false,false,false,false,,,sha256:b991a217ead6a8a96a02701a8c1a3849236bce5691fdaad8461cb1a5ac2a3b25,Keep YouTube as metadata/link reference only unless explicit written authorization exists.
ice_2023_q4,ICE,"Intercontinental Exchange, Inc.",vendor,transcript,licensed-vendor://blocked/ICE/2023/Q4,licensed-vendor,license_required,vendor_license_missing,false,false,false,false,,,sha256:49e38dbb461a4a5a64c1c5b1cfa37d6aa771d248d56629950bbaf0fe2ad4f9c8,Register license_config_ref before any vendor raw content use.
spgi_2023_q4,SPGI,S&P Global Inc.,official_ir,transcript,https://investor.spglobal.com/,investor.spglobal.com,metadata_only,metadata_only_no_raw_download,false,false,false,false,,,sha256:4d9d13b8ea5fa8ff812070ac9b2881fe421969e58bec339a698063d78453bd21,"Review official IR source terms, robots policy, and event identity before permitted acquisition."
spgi_2023_q4,SPGI,S&P Global Inc.,sec_edgar,metadata,sec-edgar://metadata-first/SPGI/2023/Q4,sec.gov,metadata_only,sec_metadata_only,false,false,false,false,,,sha256:aa17ebfb0ef58c366a92049c41341e5141dd4ad80c84010a596616a46ad50e31,Use SEC metadata-first discovery with descriptive User-Agent and <=10 requests/sec.
spgi_2023_q4,SPGI,S&P Global Inc.,youtube,video,https://www.youtube.com/results?search_query=SPGI+2023+Q4+earnings+call,www.youtube.com,metadata_only,youtube_media_blocked,false,false,false,false,,,sha256:7a2d4e8460b52f22a2c98462702ecd639affaf80c07d56b023f2248e414dd3b9,Keep YouTube as metadata/link reference only unless explicit written authorization exists.
spgi_2023_q4,SPGI,S&P Global Inc.,vendor,transcript,licensed-vendor://blocked/SPGI/2023/Q4,licensed-vendor,license_required,vendor_license_missing,false,false,false,false,,,sha256:6e682273a70d52fbeacd05d244fd7be0a34e89d56eb3fe04c03062f44ca4ce0c,Register license_config_ref before any vendor raw content use.
mco_2023_q4,MCO,Moody's Corporation,official_ir,transcript,https://ir.moodys.com/,ir.moodys.com,metadata_only,metadata_only_no_raw_download,false,false,false,false,,,sha256:fa2d302d708a439e7c54f091528f58b356b441391131890d7a99a37daa14313b,"Review official IR source terms, robots policy, and event identity before permitted acquisition."
mco_2023_q4,MCO,Moody's Corporation,sec_edgar,metadata,sec-edgar://metadata-first/MCO/2023/Q4,sec.gov,metadata_only,sec_metadata_only,false,false,false,false,,,sha256:cf26a62c358cdb34398ebf7ebde010823a97f7962e021704ca85ca883cc00739,Use SEC metadata-first discovery with descriptive User-Agent and <=10 requests/sec.
mco_2023_q4,MCO,Moody's Corporation,youtube,video,https://www.youtube.com/results?search_query=MCO+2023+Q4+earnings+call,www.youtube.com,metadata_only,youtube_media_blocked,false,false,false,false,,,sha256:9e11023fdf2d0acb4a941ee2111dcee3503077767aecbfed226de9e938721ca8,Keep YouTube as metadata/link reference only unless explicit written authorization exists.
mco_2023_q4,MCO,Moody's Corporation,vendor,transcript,licensed-vendor://blocked/MCO/2023/Q4,licensed-vendor,license_required,vendor_license_missing,false,false,false,false,,,sha256:eb16f365a99e87e214f9b59a2196fe7e0f8cf3204540dcae5543c4fd758be093,Register license_config_ref before any vendor raw content use.
aon_2023_q4,AON,Aon plc,official_ir,transcript,https://investors.aon.com/,investors.aon.com,metadata_only,metadata_only_no_raw_download,false,false,false,false,,,sha256:a47a7e72d8b903b996f52e8eeb4d21d4249b4029f01b4a2db42a49a73ef95d0f,"Review official IR source terms, robots policy, and event identity before permitted acquisition."
aon_2023_q4,AON,Aon plc,sec_edgar,metadata,sec-edgar://metadata-first/AON/2023/Q4,sec.gov,metadata_only,sec_metadata_only,false,false,false,false,,,sha256:89088dd833b6b8e6cae6129a42ab616313f234f24ff02ee9a2f206be6d77b5c9,Use SEC metadata-first discovery with descriptive User-Agent and <=10 requests/sec.
aon_2023_q4,AON,Aon plc,youtube,video,https://www.youtube.com/results?search_query=AON+2023+Q4+earnings+call,www.youtube.com,metadata_only,youtube_media_blocked,false,false,false,false,,,sha256:1a607d61fbd1ee7355dbcce0b24c1a36f3bf1c680636dd3fcf797798a66b9884,Keep YouTube as metadata/link reference only unless explicit written authorization exists.
aon_2023_q4,AON,Aon plc,vendor,transcript,licensed-vendor://blocked/AON/2023/Q4,licensed-vendor,license_required,vendor_license_missing,false,false,false,false,,,sha256:11da391f2b06d9cfba6d0790b5543200328291cb81b9917f0ffdbcc86b75c064,Register license_config_ref before any vendor raw content use.
aig_2023_q4,AIG,"American International Group, Inc.",official_ir,transcript,https://www.aig.com/investor-relations,www.aig.com,metadata_only,metadata_only_no_raw_download,false,false,false,false,,,sha256:3ad77f4454e087ad7779d51f3c5117ac9610ae63536f919a9249f505dc8d0ddc,"Review official IR source terms, robots policy, and event identity before permitted acquisition."
aig_2023_q4,AIG,"American International Group, Inc.",sec_edgar,metadata,sec-edgar://metadata-first/AIG/2023/Q4,sec.gov,metadata_only,sec_metadata_only,false,false,false,false,,,sha256:10940fb56198dee1c2ac80376f5d40bf16638a054543308cd2dcc3af06777d02,Use SEC metadata-first discovery with descriptive User-Agent and <=10 requests/sec.
aig_2023_q4,AIG,"American International Group, Inc.",youtube,video,https://www.youtube.com/results?search_query=AIG+2023+Q4+earnings+call,www.youtube.com,metadata_only,youtube_media_blocked,false,false,false,false,,,sha256:e1cee91780ed205252091a5f717769ff5e04ec34a4999f6fa5ca6b02f9a30521,Keep YouTube as metadata/link reference only unless explicit written authorization exists.
aig_2023_q4,AIG,"American International Group, Inc.",vendor,transcript,licensed-vendor://blocked/AIG/2023/Q4,licensed-vendor,license_required,vendor_license_missing,false,false,false,false,,,sha256:f6d8a10be21f8f7abee0f580fb074924789e922ddc46988489f670a17a942850,Register license_config_ref before any vendor raw content use.
met_2023_q4,MET,"MetLife, Inc.",official_ir,transcript,https://investor.metlife.com/,investor.metlife.com,metadata_only,metadata_only_no_raw_download,false,false,false,false,,,sha256:0b5d6a6c838e7ef1cc5f743f69d3fd4f73739e005cfbef988b40dacb53994eac,"Review official IR source terms, robots policy, and event identity before permitted acquisition."
met_2023_q4,MET,"MetLife, Inc.",sec_edgar,metadata,sec-edgar://metadata-first/MET/2023/Q4,sec.gov,metadata_only,sec_metadata_only,false,false,false,false,,,sha256:d6e292ea96f2eddd19452f7f24a09e5ee08b2c2a589d5fe7ecb6826fab72ead9,Use SEC metadata-first discovery with descriptive User-Agent and <=10 requests/sec.
met_2023_q4,MET,"MetLife, Inc.",youtube,video,https://www.youtube.com/results?search_query=MET+2023+Q4+earnings+call,www.youtube.com,metadata_only,youtube_media_blocked,false,false,false,false,,,sha256:e64488ae682108ce091b7a424e35199271b24278cdab82445be377d04056cd20,Keep YouTube as metadata/link reference only unless explicit written authorization exists.
met_2023_q4,MET,"MetLife, Inc.",vendor,transcript,licensed-vendor://blocked/MET/2023/Q4,licensed-vendor,license_required,vendor_license_missing,false,false,false,false,,,sha256:1f26a8f9de519803422caca8e064a2a5ebaeddb0749993e59ef52ed6d695fe91,Register license_config_ref before any vendor raw content use.
pru_2023_q4,PRU,"Prudential Financial, Inc.",official_ir,transcript,https://www.investor.prudential.com/,www.investor.prudential.com,metadata_only,metadata_only_no_raw_download,false,false,false,false,,,sha256:65a97551dd1ed11563b61a7e23b072cb5f2b83bfad4e3bd35fb110d79358204c,"Review official IR source terms, robots policy, and event identity before permitted acquisition."
pru_2023_q4,PRU,"Prudential Financial, Inc.",sec_edgar,metadata,sec-edgar://metadata-first/PRU/2023/Q4,sec.gov,metadata_only,sec_metadata_only,false,false,false,false,,,sha256:e90a4bf1733b099fa8b9fdcabd4c4d65e9f120b79bc2054f54897cee4742686b,Use SEC metadata-first discovery with descriptive User-Agent and <=10 requests/sec.
pru_2023_q4,PRU,"Prudential Financial, Inc.",youtube,video,https://www.youtube.com/results?search_query=PRU+2023+Q4+earnings+call,www.youtube.com,metadata_only,youtube_media_blocked,false,false,false,false,,,sha256:b83b4eb1c0a13c1b040c9af2246cf75a3d1731048c12198e4cc3a15c42a8ca26,Keep YouTube as metadata/link reference only unless explicit written authorization exists.
pru_2023_q4,PRU,"Prudential Financial, Inc.",vendor,transcript,licensed-vendor://blocked/PRU/2023/Q4,licensed-vendor,license_required,vendor_license_missing,false,false,false,false,,,sha256:9d7717d3e52b13021a89fff789902d9621bc8c3fed1cd44e2e0efd74f7fa747e,Register license_config_ref before any vendor raw content use.
trv_2023_q4,TRV,"The Travelers Companies, Inc.",official_ir,transcript,https://investor.travelers.com/,investor.travelers.com,metadata_only,metadata_only_no_raw_download,false,false,false,false,,,sha256:f36dcec08b0c8d885afd73fabedfa66bf4585ad78326c7a6e4a5e39355ee2cd5,"Review official IR source terms, robots policy, and event identity before permitted acquisition."
trv_2023_q4,TRV,"The Travelers Companies, Inc.",sec_edgar,metadata,sec-edgar://metadata-first/TRV/2023/Q4,sec.gov,metadata_only,sec_metadata_only,false,false,false,false,,,sha256:ca662b84e5f919c27aada632868adc4c5c3234a47cb54ae0f10a9a8c475b3953,Use SEC metadata-first discovery with descriptive User-Agent and <=10 requests/sec.
trv_2023_q4,TRV,"The Travelers Companies, Inc.",youtube,video,https://www.youtube.com/results?search_query=TRV+2023+Q4+earnings+call,www.youtube.com,metadata_only,youtube_media_blocked,false,false,false,false,,,sha256:335b9a3bc1a4a00dd7f75ba86a6e069ae0f1159a1a3d2e9a362783d8b9b0d0fa,Keep YouTube as metadata/link reference only unless explicit written authorization exists.
trv_2023_q4,TRV,"The Travelers Companies, Inc.",vendor,transcript,licensed-vendor://blocked/TRV/2023/Q4,licensed-vendor,license_required,vendor_license_missing,false,false,false,false,,,sha256:f9d1f7bfd2fa938992a3a213ff6c30f74dcd188a333540787efb47ca6c5e86f1,Register license_config_ref before any vendor raw content use.
cb_2023_q4,CB,Chubb Limited,official_ir,transcript,https://investors.chubb.com/,investors.chubb.com,metadata_only,metadata_only_no_raw_download,false,false,false,false,,,sha256:64fb22257f0a28ae098255c3c8c03fdb4c95a15713ef0a7dfdbd753970c15dd2,"Review official IR source terms, robots policy, and event identity before permitted acquisition."
cb_2023_q4,CB,Chubb Limited,sec_edgar,metadata,sec-edgar://metadata-first/CB/2023/Q4,sec.gov,metadata_only,sec_metadata_only,false,false,false,false,,,sha256:419ad84b17140af587e1aa1c8759845e026f7eed3a387e77c53fbacd1e3de026,Use SEC metadata-first discovery with descriptive User-Agent and <=10 requests/sec.
cb_2023_q4,CB,Chubb Limited,youtube,video,https://www.youtube.com/results?search_query=CB+2023+Q4+earnings+call,www.youtube.com,metadata_only,youtube_media_blocked,false,false,false,false,,,sha256:8fb737f2f98ac2c009f776a72ee9659f7f3129134e202ba9535f303768539fa0,Keep YouTube as metadata/link reference only unless explicit written authorization exists.
cb_2023_q4,CB,Chubb Limited,vendor,transcript,licensed-vendor://blocked/CB/2023/Q4,licensed-vendor,license_required,vendor_license_missing,false,false,false,false,,,sha256:dd52e5df90cb1a47e99001dcc2344437923e65f9e16cab74f12df6f8e8f3298b,Register license_config_ref before any vendor raw content use.
jnj_2023_q4,JNJ,Johnson & Johnson,official_ir,transcript,https://www.investor.jnj.com/,www.investor.jnj.com,metadata_only,metadata_only_no_raw_download,false,false,false,false,,,sha256:64cce1c561e345923cec019bc9ec7a4391a2bb2bc207cd323fb5d95f80ef34c0,"Review official IR source terms, robots policy, and event identity before permitted acquisition."
jnj_2023_q4,JNJ,Johnson & Johnson,sec_edgar,metadata,sec-edgar://metadata-first/JNJ/2023/Q4,sec.gov,metadata_only,sec_metadata_only,false,false,false,false,,,sha256:b693c934047f31d1fc3575ac9336bbfd14358aed2c6b1abb193b2308e38638fe,Use SEC metadata-first discovery with descriptive User-Agent and <=10 requests/sec.
jnj_2023_q4,JNJ,Johnson & Johnson,youtube,video,https://www.youtube.com/results?search_query=JNJ+2023+Q4+earnings+call,www.youtube.com,metadata_only,youtube_media_blocked,false,false,false,false,,,sha256:41ebe1001f4e96534c3befb2f76162cec17f0aa52b1ae8dceaea9be22c49b2d3,Keep YouTube as metadata/link reference only unless explicit written authorization exists.
jnj_2023_q4,JNJ,Johnson & Johnson,vendor,transcript,licensed-vendor://blocked/JNJ/2023/Q4,licensed-vendor,license_required,vendor_license_missing,false,false,false,false,,,sha256:aa65d95d5b0c689f8b51dabddbbfc2b25beb427b9aafcac687445c70fff09caa,Register license_config_ref before any vendor raw content use.
lly_2023_q4,LLY,Eli Lilly and Company,official_ir,transcript,https://investor.lilly.com/,investor.lilly.com,metadata_only,metadata_only_no_raw_download,false,false,false,false,,,sha256:5333df8b0922b58680773bbbb35491d2b6987813809d5591e9eb3507a5818ddb,"Review official IR source terms, robots policy, and event identity before permitted acquisition."
lly_2023_q4,LLY,Eli Lilly and Company,sec_edgar,metadata,sec-edgar://metadata-first/LLY/2023/Q4,sec.gov,metadata_only,sec_metadata_only,false,false,false,false,,,sha256:b71cf939ec16b23fddfb5e16be10f98a0804b027f54b8cb9dc38fe2a984aa759,Use SEC metadata-first discovery with descriptive User-Agent and <=10 requests/sec.
lly_2023_q4,LLY,Eli Lilly and Company,youtube,video,https://www.youtube.com/results?search_query=LLY+2023+Q4+earnings+call,www.youtube.com,metadata_only,youtube_media_blocked,false,false,false,false,,,sha256:b743f24f304bfb763606eafccec33384f7c660832e52cd6c0aec8fd45a8dbbcd,Keep YouTube as metadata/link reference only unless explicit written authorization exists.
lly_2023_q4,LLY,Eli Lilly and Company,vendor,transcript,licensed-vendor://blocked/LLY/2023/Q4,licensed-vendor,license_required,vendor_license_missing,false,false,false,false,,,sha256:640f3475b75ae7f0b352ab8cf9022dbd036bfef529942a41e00849bafc2ba945,Register license_config_ref before any vendor raw content use.
mrk_2023_q4,MRK,"Merck & Co., Inc.",official_ir,transcript,https://www.merck.com/investor-relations/,www.merck.com,metadata_only,metadata_only_no_raw_download,false,false,false,false,,,sha256:5839ea23c4ac7b6bd9fd9dd4c89e3eecfac60c9259e2c4c061c73b95541b8659,"Review official IR source terms, robots policy, and event identity before permitted acquisition."
mrk_2023_q4,MRK,"Merck & Co., Inc.",sec_edgar,metadata,sec-edgar://metadata-first/MRK/2023/Q4,sec.gov,metadata_only,sec_metadata_only,false,false,false,false,,,sha256:c396a6e734c9c23c8154206db272ff6de4dc80f064120630f27f73ccbba897e6,Use SEC metadata-first discovery with descriptive User-Agent and <=10 requests/sec.
mrk_2023_q4,MRK,"Merck & Co., Inc.",youtube,video,https://www.youtube.com/results?search_query=MRK+2023+Q4+earnings+call,www.youtube.com,metadata_only,youtube_media_blocked,false,false,false,false,,,sha256:4e94c91469bfaae0284e41c0762504d5b55b8f49a25d0bbc6f866077d0f4d30e,Keep YouTube as metadata/link reference only unless explicit written authorization exists.
mrk_2023_q4,MRK,"Merck & Co., Inc.",vendor,transcript,licensed-vendor://blocked/MRK/2023/Q4,licensed-vendor,license_required,vendor_license_missing,false,false,false,false,,,sha256:174f6bc197d6d79f6921866db7e945188ea9e0dc40624967f547e9d789bf79fe,Register license_config_ref before any vendor raw content use.
pfe_2023_q4,PFE,Pfizer Inc.,official_ir,transcript,https://investors.pfizer.com/,investors.pfizer.com,metadata_only,metadata_only_no_raw_download,false,false,false,false,,,sha256:d3c72b56047f78c7d197a9266a52240bea76298b4c22d16a9f374290f359c03b,"Review official IR source terms, robots policy, and event identity before permitted acquisition."
pfe_2023_q4,PFE,Pfizer Inc.,sec_edgar,metadata,sec-edgar://metadata-first/PFE/2023/Q4,sec.gov,metadata_only,sec_metadata_only,false,false,false,false,,,sha256:034954888cbcf925a6bf406bab825fff62fbec2fcec1555310d71dcc4360d32c,Use SEC metadata-first discovery with descriptive User-Agent and <=10 requests/sec.
pfe_2023_q4,PFE,Pfizer Inc.,youtube,video,https://www.youtube.com/results?search_query=PFE+2023+Q4+earnings+call,www.youtube.com,metadata_only,youtube_media_blocked,false,false,false,false,,,sha256:6bc2b76437dda5499e6f17851264e5e8db23d618a0d4da6092738a01e3974be5,Keep YouTube as metadata/link reference only unless explicit written authorization exists.
pfe_2023_q4,PFE,Pfizer Inc.,vendor,transcript,licensed-vendor://blocked/PFE/2023/Q4,licensed-vendor,license_required,vendor_license_missing,false,false,false,false,,,sha256:09723908e1c4ad76687b8c2edd1b4627bda91163758f7eacd688d058ded347fb,Register license_config_ref before any vendor raw content use.
unh_2023_q4,UNH,UnitedHealth Group Incorporated,official_ir,transcript,https://www.unitedhealthgroup.com/investors.html,www.unitedhealthgroup.com,metadata_only,metadata_only_no_raw_download,false,false,false,false,,,sha256:b335ae5c582e805bd5917526f13a0d91b4e438a5af30fb72cf2d994948962f5a,"Review official IR source terms, robots policy, and event identity before permitted acquisition."
unh_2023_q4,UNH,UnitedHealth Group Incorporated,sec_edgar,metadata,sec-edgar://metadata-first/UNH/2023/Q4,sec.gov,metadata_only,sec_metadata_only,false,false,false,false,,,sha256:e4690a272d3aae954a3b9b55fbd41c56f30e876298df3572427239042d870bad,Use SEC metadata-first discovery with descriptive User-Agent and <=10 requests/sec.
unh_2023_q4,UNH,UnitedHealth Group Incorporated,youtube,video,https://www.youtube.com/results?search_query=UNH+2023+Q4+earnings+call,www.youtube.com,metadata_only,youtube_media_blocked,false,false,false,false,,,sha256:f9f826b332da417cfa8ae83108775e412dbef46814d29aac0d9cd5198b72b196,Keep YouTube as metadata/link reference only unless explicit written authorization exists.
unh_2023_q4,UNH,UnitedHealth Group Incorporated,vendor,transcript,licensed-vendor://blocked/UNH/2023/Q4,licensed-vendor,license_required,vendor_license_missing,false,false,false,false,,,sha256:651f94d5b82849f4c4d984f9cef0131567f5a6d182701d3bf2e558e324b436ef,Register license_config_ref before any vendor raw content use.
cvs_2023_q4,CVS,CVS Health Corporation,official_ir,transcript,https://investors.cvshealth.com/,investors.cvshealth.com,metadata_only,metadata_only_no_raw_download,false,false,false,false,,,sha256:78899e38f78bae200743dd2f8b9209b8267e670e3e86b57bd19293272bec8215,"Review official IR source terms, robots policy, and event identity before permitted acquisition."
cvs_2023_q4,CVS,CVS Health Corporation,sec_edgar,metadata,sec-edgar://metadata-first/CVS/2023/Q4,sec.gov,metadata_only,sec_metadata_only,false,false,false,false,,,sha256:f3dc5385a980e0485432c98197496b863c8c51db7be87d418695bc9a4f6b0d05,Use SEC metadata-first discovery with descriptive User-Agent and <=10 requests/sec.
cvs_2023_q4,CVS,CVS Health Corporation,youtube,video,https://www.youtube.com/results?search_query=CVS+2023+Q4+earnings+call,www.youtube.com,metadata_only,youtube_media_blocked,false,false,false,false,,,sha256:a966314028fbab0fc659ec30d027da5bf0f7dda3c2f051df114221e78cbe847e,Keep YouTube as metadata/link reference only unless explicit written authorization exists.
cvs_2023_q4,CVS,CVS Health Corporation,vendor,transcript,licensed-vendor://blocked/CVS/2023/Q4,licensed-vendor,license_required,vendor_license_missing,false,false,false,false,,,sha256:0181615b87be707366e35c22f735293b2aea6c578c281788d09b7fd46a7de6d5,Register license_config_ref before any vendor raw content use.
abt_2023_q4,ABT,Abbott Laboratories,official_ir,transcript,https://www.abbottinvestor.com/,www.abbottinvestor.com,metadata_only,metadata_only_no_raw_download,false,false,false,false,,,sha256:66f74ec2a4ecc5a04f980535c0c572748727ebd505be5aac7ae9cdd1bca5f676,"Review official IR source terms, robots policy, and event identity before permitted acquisition."
abt_2023_q4,ABT,Abbott Laboratories,sec_edgar,metadata,sec-edgar://metadata-first/ABT/2023/Q4,sec.gov,metadata_only,sec_metadata_only,false,false,false,false,,,sha256:d129a333da026e8a44ddcc2392720c8228d7ab59ba36aebe21b12333df63bf1f,Use SEC metadata-first discovery with descriptive User-Agent and <=10 requests/sec.
abt_2023_q4,ABT,Abbott Laboratories,youtube,video,https://www.youtube.com/results?search_query=ABT+2023+Q4+earnings+call,www.youtube.com,metadata_only,youtube_media_blocked,false,false,false,false,,,sha256:0463942be9173855ac3195e390ff872dbea1d22f4dd6d41db1278374854bb1f1,Keep YouTube as metadata/link reference only unless explicit written authorization exists.
abt_2023_q4,ABT,Abbott Laboratories,vendor,transcript,licensed-vendor://blocked/ABT/2023/Q4,licensed-vendor,license_required,vendor_license_missing,false,false,false,false,,,sha256:485a16f5c39f3fa823646e92e005a2b0267f5620f7c7ff08690dd2d5a429d96b,Register license_config_ref before any vendor raw content use.
bmy_2023_q4,BMY,Bristol Myers Squibb Company,official_ir,transcript,https://investors.bms.com/,investors.bms.com,metadata_only,metadata_only_no_raw_download,false,false,false,false,,,sha256:88303a9ef082e31f6c24d99478e4c6e20b722875f4d3c3d1eb1980e1a6125888,"Review official IR source terms, robots policy, and event identity before permitted acquisition."
bmy_2023_q4,BMY,Bristol Myers Squibb Company,sec_edgar,metadata,sec-edgar://metadata-first/BMY/2023/Q4,sec.gov,metadata_only,sec_metadata_only,false,false,false,false,,,sha256:cfe8480fe37a41af620ba482787f274e789ae236c08e04c06602d81e519e7bcd,Use SEC metadata-first discovery with descriptive User-Agent and <=10 requests/sec.
bmy_2023_q4,BMY,Bristol Myers Squibb Company,youtube,video,https://www.youtube.com/results?search_query=BMY+2023+Q4+earnings+call,www.youtube.com,metadata_only,youtube_media_blocked,false,false,false,false,,,sha256:7cfb8fdc290e6a6e076c39f5a300ee8e7ab7a3cf1258ba52341930a143a01484,Keep YouTube as metadata/link reference only unless explicit written authorization exists.
bmy_2023_q4,BMY,Bristol Myers Squibb Company,vendor,transcript,licensed-vendor://blocked/BMY/2023/Q4,licensed-vendor,license_required,vendor_license_missing,false,false,false,false,,,sha256:96623e07d6949ec152f34a0b6f6686e0750c3180d038ed452d50b895f2e411a1,Register license_config_ref before any vendor raw content use.
mdt_2023_q4,MDT,Medtronic plc,official_ir,transcript,https://investorrelations.medtronic.com/,investorrelations.medtronic.com,metadata_only,metadata_only_no_raw_download,false,false,false,false,,,sha256:b0ded57f45512859021caae8dd331f6b576771797550143ce11d8f57c92dffae,"Review official IR source terms, robots policy, and event identity before permitted acquisition."
mdt_2023_q4,MDT,Medtronic plc,sec_edgar,metadata,sec-edgar://metadata-first/MDT/2023/Q4,sec.gov,metadata_only,sec_metadata_only,false,false,false,false,,,sha256:f7a013bf399b7c6da5208c2fc21b8948b4124da1ea0e238543fcdd0459703ab5,Use SEC metadata-first discovery with descriptive User-Agent and <=10 requests/sec.
mdt_2023_q4,MDT,Medtronic plc,youtube,video,https://www.youtube.com/results?search_query=MDT+2023+Q4+earnings+call,www.youtube.com,metadata_only,youtube_media_blocked,false,false,false,false,,,sha256:1a07196c2ab0a71bc212475a50d4d57812ac33ace05d57ed7ba20285a0cb4913,Keep YouTube as metadata/link reference only unless explicit written authorization exists.
mdt_2023_q4,MDT,Medtronic plc,vendor,transcript,licensed-vendor://blocked/MDT/2023/Q4,licensed-vendor,license_required,vendor_license_missing,false,false,false,false,,,sha256:a2cae4d90e4bdcd3458338487755cd2565b743f2ac1828b97158f50bd2092b74,Register license_config_ref before any vendor raw content use.
tmo_2023_q4,TMO,Thermo Fisher Scientific Inc.,official_ir,transcript,https://ir.thermofisher.com/,ir.thermofisher.com,metadata_only,metadata_only_no_raw_download,false,false,false,false,,,sha256:18b58eb01e31f3ab96bfa84869807a0e63f65ecb115e0790fd9ae035bd15612b,"Review official IR source terms, robots policy, and event identity before permitted acquisition."
tmo_2023_q4,TMO,Thermo Fisher Scientific Inc.,sec_edgar,metadata,sec-edgar://metadata-first/TMO/2023/Q4,sec.gov,metadata_only,sec_metadata_only,false,false,false,false,,,sha256:8fd30ef474bfcd8d34d3f4ff85cab16c48dc2161aa4d16a8328207b00eed48f5,Use SEC metadata-first discovery with descriptive User-Agent and <=10 requests/sec.
tmo_2023_q4,TMO,Thermo Fisher Scientific Inc.,youtube,video,https://www.youtube.com/results?search_query=TMO+2023+Q4+earnings+call,www.youtube.com,metadata_only,youtube_media_blocked,false,false,false,false,,,sha256:14e5ac840bc7b42b9800030432a3a7161ce9dcc1be9b42ea1e7325fbeab52e2f,Keep YouTube as metadata/link reference only unless explicit written authorization exists.
tmo_2023_q4,TMO,Thermo Fisher Scientific Inc.,vendor,transcript,licensed-vendor://blocked/TMO/2023/Q4,licensed-vendor,license_required,vendor_license_missing,false,false,false,false,,,sha256:f4ca2b94f82a9ff1219f24650867eaf58c831c4ae72c59f60750ffee5e59aa55,Register license_config_ref before any vendor raw content use.
dhr_2023_q4,DHR,Danaher Corporation,official_ir,transcript,https://investors.danaher.com/,investors.danaher.com,metadata_only,metadata_only_no_raw_download,false,false,false,false,,,sha256:7c64f74da41b25fffa4ae0d1d77a2c1bdba013cd426cdd3250856f183aa3d4df,"Review official IR source terms, robots policy, and event identity before permitted acquisition."
dhr_2023_q4,DHR,Danaher Corporation,sec_edgar,metadata,sec-edgar://metadata-first/DHR/2023/Q4,sec.gov,metadata_only,sec_metadata_only,false,false,false,false,,,sha256:9d48c179169578b06424ea0deb1273c6689d5e2ae6139d8de142ea47753c788e,Use SEC metadata-first discovery with descriptive User-Agent and <=10 requests/sec.
dhr_2023_q4,DHR,Danaher Corporation,youtube,video,https://www.youtube.com/results?search_query=DHR+2023+Q4+earnings+call,www.youtube.com,metadata_only,youtube_media_blocked,false,false,false,false,,,sha256:ca9828dfd79d4b71f329bc9fc6a6f7ca6e04ea8e2867b4864dd3bca6d8853912,Keep YouTube as metadata/link reference only unless explicit written authorization exists.
dhr_2023_q4,DHR,Danaher Corporation,vendor,transcript,licensed-vendor://blocked/DHR/2023/Q4,licensed-vendor,license_required,vendor_license_missing,false,false,false,false,,,sha256:8ce40c5cfbeae0a97325a00171e28c0a2b7aa1de81bd8d7275e81f49cf7e2f56,Register license_config_ref before any vendor raw content use.
bdx_2023_q4,BDX,"Becton, Dickinson and Company",official_ir,transcript,https://investors.bd.com/,investors.bd.com,metadata_only,metadata_only_no_raw_download,false,false,false,false,,,sha256:4bbf0fc5f9430141f8e75f5b1d97354dd8397dd1328c16f3f99aebf053f40c43,"Review official IR source terms, robots policy, and event identity before permitted acquisition."
bdx_2023_q4,BDX,"Becton, Dickinson and Company",sec_edgar,metadata,sec-edgar://metadata-first/BDX/2023/Q4,sec.gov,metadata_only,sec_metadata_only,false,false,false,false,,,sha256:bd3f1ad4c862547d543249125369be3b6c073e101486bd1d11202329e2b3ac46,Use SEC metadata-first discovery with descriptive User-Agent and <=10 requests/sec.
bdx_2023_q4,BDX,"Becton, Dickinson and Company",youtube,video,https://www.youtube.com/results?search_query=BDX+2023+Q4+earnings+call,www.youtube.com,metadata_only,youtube_media_blocked,false,false,false,false,,,sha256:4bbc081e60e5e8103a2da237a6f26d669b1eb952995042486c111232ae2e98d1,Keep YouTube as metadata/link reference only unless explicit written authorization exists.
bdx_2023_q4,BDX,"Becton, Dickinson and Company",vendor,transcript,licensed-vendor://blocked/BDX/2023/Q4,licensed-vendor,license_required,vendor_license_missing,false,false,false,false,,,sha256:9d738f327fcf3340ea19211fedec9f61f3ee39951067c8e476c40e03b26f4e0b,Register license_config_ref before any vendor raw content use.
ci_2023_q4,CI,The Cigna Group,official_ir,transcript,https://investors.thecignagroup.com/,investors.thecignagroup.com,metadata_only,metadata_only_no_raw_download,false,false,false,false,,,sha256:fe40eaebd97e6e7400f39fb6539d568db770539f5455c127d3e88c98bc23fd6d,"Review official IR source terms, robots policy, and event identity before permitted acquisition."
ci_2023_q4,CI,The Cigna Group,sec_edgar,metadata,sec-edgar://metadata-first/CI/2023/Q4,sec.gov,metadata_only,sec_metadata_only,false,false,false,false,,,sha256:21635204cd881a789ac2ddb97dda3107afcec20973adbe4427bcf1d73dddd27a,Use SEC metadata-first discovery with descriptive User-Agent and <=10 requests/sec.
ci_2023_q4,CI,The Cigna Group,youtube,video,https://www.youtube.com/results?search_query=CI+2023+Q4+earnings+call,www.youtube.com,metadata_only,youtube_media_blocked,false,false,false,false,,,sha256:99e0ae51c0b5ef1d80d7e478d77d8d8d9d83a01a6113983a0eee45c0f272b429,Keep YouTube as metadata/link reference only unless explicit written authorization exists.
ci_2023_q4,CI,The Cigna Group,vendor,transcript,licensed-vendor://blocked/CI/2023/Q4,licensed-vendor,license_required,vendor_license_missing,false,false,false,false,,,sha256:0161482a5fc03fb2078ae0682daee6ef1c4c159074fc336cdb22e67d4cf16500,Register license_config_ref before any vendor raw content use.
hca_2023_q4,HCA,"HCA Healthcare, Inc.",official_ir,transcript,https://investor.hcahealthcare.com/,investor.hcahealthcare.com,metadata_only,metadata_only_no_raw_download,false,false,false,false,,,sha256:6c4ad2247878358a26436169ad09b94fea6445367e282caa9a35226f0eda881f,"Review official IR source terms, robots policy, and event identity before permitted acquisition."
hca_2023_q4,HCA,"HCA Healthcare, Inc.",sec_edgar,metadata,sec-edgar://metadata-first/HCA/2023/Q4,sec.gov,metadata_only,sec_metadata_only,false,false,false,false,,,sha256:8664cb283ee35878113db2a73c41aff31e5743b82f990cb59350b94c16ae6f28,Use SEC metadata-first discovery with descriptive User-Agent and <=10 requests/sec.
hca_2023_q4,HCA,"HCA Healthcare, Inc.",youtube,video,https://www.youtube.com/results?search_query=HCA+2023+Q4+earnings+call,www.youtube.com,metadata_only,youtube_media_blocked,false,false,false,false,,,sha256:fa222d27ec96b4c0d78184265018eb24ef107de0efe6cba5aaf0c5bc6b137859,Keep YouTube as metadata/link reference only unless explicit written authorization exists.
hca_2023_q4,HCA,"HCA Healthcare, Inc.",vendor,transcript,licensed-vendor://blocked/HCA/2023/Q4,licensed-vendor,license_required,vendor_license_missing,false,false,false,false,,,sha256:194121ce594d165908fd4d9953eb03f37cc4312c2072ddc0f01736617fee863d,Register license_config_ref before any vendor raw content use.
syk_2023_q4,SYK,Stryker Corporation,official_ir,transcript,https://investors.stryker.com/,investors.stryker.com,metadata_only,metadata_only_no_raw_download,false,false,false,false,,,sha256:919d640377c1e451b374dec224d9a746c3f213c0313ae5eef3611d8648e896f7,"Review official IR source terms, robots policy, and event identity before permitted acquisition."
syk_2023_q4,SYK,Stryker Corporation,sec_edgar,metadata,sec-edgar://metadata-first/SYK/2023/Q4,sec.gov,metadata_only,sec_metadata_only,false,false,false,false,,,sha256:93dd0b38d60ee072b45d7f3f1839fc18d27b1732b56bac84c7f90c8e9285faf5,Use SEC metadata-first discovery with descriptive User-Agent and <=10 requests/sec.
syk_2023_q4,SYK,Stryker Corporation,youtube,video,https://www.youtube.com/results?search_query=SYK+2023+Q4+earnings+call,www.youtube.com,metadata_only,youtube_media_blocked,false,false,false,false,,,sha256:09ecfd9fa85b31dcae7fe111c6e9d19244b2d1e80fd79b1cf26675af29e1c23d,Keep YouTube as metadata/link reference only unless explicit written authorization exists.
syk_2023_q4,SYK,Stryker Corporation,vendor,transcript,licensed-vendor://blocked/SYK/2023/Q4,licensed-vendor,license_required,vendor_license_missing,false,false,false,false,,,sha256:771e1380270a3e7e799f60bdd0769f26eaaef901937fccf20c9dab247d4ae242,Register license_config_ref before any vendor raw content use.
xom_2023_q4,XOM,Exxon Mobil Corporation,official_ir,transcript,https://corporate.exxonmobil.com/investors,corporate.exxonmobil.com,metadata_only,metadata_only_no_raw_download,false,false,false,false,,,sha256:2e4461f36995ae45577e87e626da4eeff07061d7e4938e3df0c81673d691ab85,"Review official IR source terms, robots policy, and event identity before permitted acquisition."
xom_2023_q4,XOM,Exxon Mobil Corporation,sec_edgar,metadata,sec-edgar://metadata-first/XOM/2023/Q4,sec.gov,metadata_only,sec_metadata_only,false,false,false,false,,,sha256:3d0b552e11eafaca3f77b14294457e872d0cfe57d4be2df3333c13e8f95136c7,Use SEC metadata-first discovery with descriptive User-Agent and <=10 requests/sec.
xom_2023_q4,XOM,Exxon Mobil Corporation,youtube,video,https://www.youtube.com/results?search_query=XOM+2023+Q4+earnings+call,www.youtube.com,metadata_only,youtube_media_blocked,false,false,false,false,,,sha256:f5164be80e25778d57b69ef45ce406e6f88d3454ef6b361fc04a8900b8d2028f,Keep YouTube as metadata/link reference only unless explicit written authorization exists.
xom_2023_q4,XOM,Exxon Mobil Corporation,vendor,transcript,licensed-vendor://blocked/XOM/2023/Q4,licensed-vendor,license_required,vendor_license_missing,false,false,false,false,,,sha256:6e7ae5359fb7fe4632893759e257bdc85cbde362e7786049c3ff0431ce5e6d94,Register license_config_ref before any vendor raw content use.
cvx_2023_q4,CVX,Chevron Corporation,official_ir,transcript,https://www.chevron.com/investors,www.chevron.com,metadata_only,metadata_only_no_raw_download,false,false,false,false,,,sha256:86631ba984bc23d458d62c57353214499adf2ee6c22eafb4003ab83979f04494,"Review official IR source terms, robots policy, and event identity before permitted acquisition."
cvx_2023_q4,CVX,Chevron Corporation,sec_edgar,metadata,sec-edgar://metadata-first/CVX/2023/Q4,sec.gov,metadata_only,sec_metadata_only,false,false,false,false,,,sha256:dac0bac14c1accde27462ac8c868839a2a2a60ee58417f986676c14023fa6307,Use SEC metadata-first discovery with descriptive User-Agent and <=10 requests/sec.
cvx_2023_q4,CVX,Chevron Corporation,youtube,video,https://www.youtube.com/results?search_query=CVX+2023+Q4+earnings+call,www.youtube.com,metadata_only,youtube_media_blocked,false,false,false,false,,,sha256:471e73b52a035e59145060ae8e59f825f7f4517ea9333ab9c79c8afc4b483096,Keep YouTube as metadata/link reference only unless explicit written authorization exists.
cvx_2023_q4,CVX,Chevron Corporation,vendor,transcript,licensed-vendor://blocked/CVX/2023/Q4,licensed-vendor,license_required,vendor_license_missing,false,false,false,false,,,sha256:faf42e648b94301c59f4524cf97480d4b8af0232c4a4effe3f7f685cf32b13cb,Register license_config_ref before any vendor raw content use.
cop_2023_q4,COP,ConocoPhillips,official_ir,transcript,https://www.conocophillips.com/investor-relations/,www.conocophillips.com,metadata_only,metadata_only_no_raw_download,false,false,false,false,,,sha256:093f876bef75100bff81036ffd379868f49be0a603c191efc48e17c3424fc839,"Review official IR source terms, robots policy, and event identity before permitted acquisition."
cop_2023_q4,COP,ConocoPhillips,sec_edgar,metadata,sec-edgar://metadata-first/COP/2023/Q4,sec.gov,metadata_only,sec_metadata_only,false,false,false,false,,,sha256:9b97e442043eeea84c3b11949fe1c901cae6a455e1522ae8f64c4bbb5d43db04,Use SEC metadata-first discovery with descriptive User-Agent and <=10 requests/sec.
cop_2023_q4,COP,ConocoPhillips,youtube,video,https://www.youtube.com/results?search_query=COP+2023+Q4+earnings+call,www.youtube.com,metadata_only,youtube_media_blocked,false,false,false,false,,,sha256:2a7b0b0552560310d24b28d149cac1d1bf5c07c32c8f7b3e68f94759273e24ea,Keep YouTube as metadata/link reference only unless explicit written authorization exists.
cop_2023_q4,COP,ConocoPhillips,vendor,transcript,licensed-vendor://blocked/COP/2023/Q4,licensed-vendor,license_required,vendor_license_missing,false,false,false,false,,,sha256:4511a605d768da1e5e1a67fb624ca9eeab34cca1b011a594905861a6b0b9aa24,Register license_config_ref before any vendor raw content use.
slb_2023_q4,SLB,SLB,official_ir,transcript,https://investorcenter.slb.com/,investorcenter.slb.com,metadata_only,metadata_only_no_raw_download,false,false,false,false,,,sha256:4cf24c6201cdce325c8020feb705f76943051d2057320359b259138716dc92b6,"Review official IR source terms, robots policy, and event identity before permitted acquisition."
slb_2023_q4,SLB,SLB,sec_edgar,metadata,sec-edgar://metadata-first/SLB/2023/Q4,sec.gov,metadata_only,sec_metadata_only,false,false,false,false,,,sha256:49552352c7cf384e5104684d640bfb0060cc5451dc8e71ff0d4382c82cd00723,Use SEC metadata-first discovery with descriptive User-Agent and <=10 requests/sec.
slb_2023_q4,SLB,SLB,youtube,video,https://www.youtube.com/results?search_query=SLB+2023+Q4+earnings+call,www.youtube.com,metadata_only,youtube_media_blocked,false,false,false,false,,,sha256:6e39de2aeedec50eac3fedb92b24df64c31552d27f29bc7cb3a07ead6cc6d3db,Keep YouTube as metadata/link reference only unless explicit written authorization exists.
slb_2023_q4,SLB,SLB,vendor,transcript,licensed-vendor://blocked/SLB/2023/Q4,licensed-vendor,license_required,vendor_license_missing,false,false,false,false,,,sha256:7fa49cf237b238a45ed8f36562cd38a79fa86f8540b3f2bb0ed303b667dd3b68,Register license_config_ref before any vendor raw content use.
hal_2023_q4,HAL,Halliburton Company,official_ir,transcript,https://ir.halliburton.com/,ir.halliburton.com,metadata_only,metadata_only_no_raw_download,false,false,false,false,,,sha256:f03737089f9eeeed9181144015aebd783906d6236d59cfd1baac4af54d43d951,"Review official IR source terms, robots policy, and event identity before permitted acquisition."
hal_2023_q4,HAL,Halliburton Company,sec_edgar,metadata,sec-edgar://metadata-first/HAL/2023/Q4,sec.gov,metadata_only,sec_metadata_only,false,false,false,false,,,sha256:c7ec0ac96d5c7edef07983fd2e2d5eef37171f4b1095dc05bc5c0e7f2e027ed4,Use SEC metadata-first discovery with descriptive User-Agent and <=10 requests/sec.
hal_2023_q4,HAL,Halliburton Company,youtube,video,https://www.youtube.com/results?search_query=HAL+2023+Q4+earnings+call,www.youtube.com,metadata_only,youtube_media_blocked,false,false,false,false,,,sha256:f6c1af07f074e312090f60603cb1c5fc63cec8ab0a1063069d2a0fdd7017643e,Keep YouTube as metadata/link reference only unless explicit written authorization exists.
hal_2023_q4,HAL,Halliburton Company,vendor,transcript,licensed-vendor://blocked/HAL/2023/Q4,licensed-vendor,license_required,vendor_license_missing,false,false,false,false,,,sha256:37f39e6ec1a2e9c7e7ab2b20832a77c295ddc87c4a9594d87a35e0daa5b49031,Register license_config_ref before any vendor raw content use.
eog_2023_q4,EOG,"EOG Resources, Inc.",official_ir,transcript,https://investors.eogresources.com/,investors.eogresources.com,metadata_only,metadata_only_no_raw_download,false,false,false,false,,,sha256:541ed755d76e57d32c15649797558003003a6e77db330c5b405e3e781f5e1a34,"Review official IR source terms, robots policy, and event identity before permitted acquisition."
eog_2023_q4,EOG,"EOG Resources, Inc.",sec_edgar,metadata,sec-edgar://metadata-first/EOG/2023/Q4,sec.gov,metadata_only,sec_metadata_only,false,false,false,false,,,sha256:63b12e39db316ea92213050077f0def840e5be81906370f6e0249764e9e3a56b,Use SEC metadata-first discovery with descriptive User-Agent and <=10 requests/sec.
eog_2023_q4,EOG,"EOG Resources, Inc.",youtube,video,https://www.youtube.com/results?search_query=EOG+2023+Q4+earnings+call,www.youtube.com,metadata_only,youtube_media_blocked,false,false,false,false,,,sha256:4222ade118ad400dedb1032721389ed7418a948faa63d4398303582d438aec8f,Keep YouTube as metadata/link reference only unless explicit written authorization exists.
eog_2023_q4,EOG,"EOG Resources, Inc.",vendor,transcript,licensed-vendor://blocked/EOG/2023/Q4,licensed-vendor,license_required,vendor_license_missing,false,false,false,false,,,sha256:196e7ad123f94be60e4d8d242bb5c20d0552acae2f002c3c5eb00202ca1f4c44,Register license_config_ref before any vendor raw content use.
oxy_2023_q4,OXY,Occidental Petroleum Corporation,official_ir,transcript,https://www.oxy.com/investors/,www.oxy.com,metadata_only,metadata_only_no_raw_download,false,false,false,false,,,sha256:ff380b3ae2363dcf0ef126e7eac809fc91ae9914f2c84f848c6cf91e71bfb4a5,"Review official IR source terms, robots policy, and event identity before permitted acquisition."
oxy_2023_q4,OXY,Occidental Petroleum Corporation,sec_edgar,metadata,sec-edgar://metadata-first/OXY/2023/Q4,sec.gov,metadata_only,sec_metadata_only,false,false,false,false,,,sha256:dca4f8196327818664fcce7235b90418de8f5c8916ab1f64a0374470979b45d5,Use SEC metadata-first discovery with descriptive User-Agent and <=10 requests/sec.
oxy_2023_q4,OXY,Occidental Petroleum Corporation,youtube,video,https://www.youtube.com/results?search_query=OXY+2023+Q4+earnings+call,www.youtube.com,metadata_only,youtube_media_blocked,false,false,false,false,,,sha256:db90613ad2c05b6ec1809d20206aa50fcc2da4faae52368551d5a00689ec132d,Keep YouTube as metadata/link reference only unless explicit written authorization exists.
oxy_2023_q4,OXY,Occidental Petroleum Corporation,vendor,transcript,licensed-vendor://blocked/OXY/2023/Q4,licensed-vendor,license_required,vendor_license_missing,false,false,false,false,,,sha256:dbdffc7a80119fc98229f12d5f943e5071b01777bf3fd628cd3e7b0fcc9424bd,Register license_config_ref before any vendor raw content use.
mpc_2023_q4,MPC,Marathon Petroleum Corporation,official_ir,transcript,https://www.marathonpetroleum.com/Investors/,www.marathonpetroleum.com,metadata_only,metadata_only_no_raw_download,false,false,false,false,,,sha256:8efde7959bad469443ff8174925472fc6a8f1a48a9900919347fc86153914648,"Review official IR source terms, robots policy, and event identity before permitted acquisition."
mpc_2023_q4,MPC,Marathon Petroleum Corporation,sec_edgar,metadata,sec-edgar://metadata-first/MPC/2023/Q4,sec.gov,metadata_only,sec_metadata_only,false,false,false,false,,,sha256:50780e4c100547366b681ac6236738b05fb4b488016bba4025b8fcd805efd488,Use SEC metadata-first discovery with descriptive User-Agent and <=10 requests/sec.
mpc_2023_q4,MPC,Marathon Petroleum Corporation,youtube,video,https://www.youtube.com/results?search_query=MPC+2023+Q4+earnings+call,www.youtube.com,metadata_only,youtube_media_blocked,false,false,false,false,,,sha256:3838c7a15cb2537d507983c0622fdbb593e1fd28376deb6cb1d15ddd77cdd66d,Keep YouTube as metadata/link reference only unless explicit written authorization exists.
mpc_2023_q4,MPC,Marathon Petroleum Corporation,vendor,transcript,licensed-vendor://blocked/MPC/2023/Q4,licensed-vendor,license_required,vendor_license_missing,false,false,false,false,,,sha256:6a3ce44cdeb151e2600bc5a5731a64f1a5110af64953b0e5276825cb691d66e8,Register license_config_ref before any vendor raw content use.
psx_2023_q4,PSX,Phillips 66,official_ir,transcript,https://investor.phillips66.com/,investor.phillips66.com,metadata_only,metadata_only_no_raw_download,false,false,false,false,,,sha256:8cc7329f1299c287f565093a2d7593933427d836fb4c96faa337ae1dd070f6f7,"Review official IR source terms, robots policy, and event identity before permitted acquisition."
psx_2023_q4,PSX,Phillips 66,sec_edgar,metadata,sec-edgar://metadata-first/PSX/2023/Q4,sec.gov,metadata_only,sec_metadata_only,false,false,false,false,,,sha256:d351b5203f1a6bb2cf6262b5ef5d3c4c8e6c4420d17953520496440d61536ec8,Use SEC metadata-first discovery with descriptive User-Agent and <=10 requests/sec.
psx_2023_q4,PSX,Phillips 66,youtube,video,https://www.youtube.com/results?search_query=PSX+2023+Q4+earnings+call,www.youtube.com,metadata_only,youtube_media_blocked,false,false,false,false,,,sha256:b290a4b9ef97f362017257d357e133821c8c5c2efe0787aa56c67c4289844779,Keep YouTube as metadata/link reference only unless explicit written authorization exists.
psx_2023_q4,PSX,Phillips 66,vendor,transcript,licensed-vendor://blocked/PSX/2023/Q4,licensed-vendor,license_required,vendor_license_missing,false,false,false,false,,,sha256:4c9b9e3032e982f0bb4cb5c87df44165876e58078f4545b51bfa368d75adb5a0,Register license_config_ref before any vendor raw content use.
vlo_2023_q4,VLO,Valero Energy Corporation,official_ir,transcript,https://investorvalero.com/,investorvalero.com,metadata_only,metadata_only_no_raw_download,false,false,false,false,,,sha256:a99c8d40f080ef3068c71daf2f0e541e957cbda06767f03b04283547b3e0b761,"Review official IR source terms, robots policy, and event identity before permitted acquisition."
vlo_2023_q4,VLO,Valero Energy Corporation,sec_edgar,metadata,sec-edgar://metadata-first/VLO/2023/Q4,sec.gov,metadata_only,sec_metadata_only,false,false,false,false,,,sha256:471f0a3e94e7eb1827f05d08cb4f0e28f32c59a95d3e7453e993c22777747cfc,Use SEC metadata-first discovery with descriptive User-Agent and <=10 requests/sec.
vlo_2023_q4,VLO,Valero Energy Corporation,youtube,video,https://www.youtube.com/results?search_query=VLO+2023+Q4+earnings+call,www.youtube.com,metadata_only,youtube_media_blocked,false,false,false,false,,,sha256:887d255ae78fb0e7ed5c8b7f1c306b501db406aeda20d17fd1065f5ea994c944,Keep YouTube as metadata/link reference only unless explicit written authorization exists.
vlo_2023_q4,VLO,Valero Energy Corporation,vendor,transcript,licensed-vendor://blocked/VLO/2023/Q4,licensed-vendor,license_required,vendor_license_missing,false,false,false,false,,,sha256:b1bb0e214d03d00d2d0353fe036b6fb9a9a7f025f527e205cec16005af55d37b,Register license_config_ref before any vendor raw content use.
ba_2023_q4,BA,The Boeing Company,official_ir,transcript,https://investors.boeing.com/,investors.boeing.com,metadata_only,metadata_only_no_raw_download,false,false,false,false,,,sha256:62c49e3e9eaac75354f6afb72b9df5419f76b13bb8b2d42812fb5a848a09cba7,"Review official IR source terms, robots policy, and event identity before permitted acquisition."
ba_2023_q4,BA,The Boeing Company,sec_edgar,metadata,sec-edgar://metadata-first/BA/2023/Q4,sec.gov,metadata_only,sec_metadata_only,false,false,false,false,,,sha256:afb5b12b477b3dc57e563eb8e85943e84babafe3950bf14acb27438f13207354,Use SEC metadata-first discovery with descriptive User-Agent and <=10 requests/sec.
ba_2023_q4,BA,The Boeing Company,youtube,video,https://www.youtube.com/results?search_query=BA+2023+Q4+earnings+call,www.youtube.com,metadata_only,youtube_media_blocked,false,false,false,false,,,sha256:d6cfecbe78f86038b2e1f7a704a66164787d936d5865f7ef292ba8d2d17d7449,Keep YouTube as metadata/link reference only unless explicit written authorization exists.
ba_2023_q4,BA,The Boeing Company,vendor,transcript,licensed-vendor://blocked/BA/2023/Q4,licensed-vendor,license_required,vendor_license_missing,false,false,false,false,,,sha256:de30d1b48f438ebf609f2171a9ffb798f1af74218dee30223d1b0037886a61ec,Register license_config_ref before any vendor raw content use.
rtx_2023_q4,RTX,RTX Corporation,official_ir,transcript,https://www.rtx.com/investors,www.rtx.com,metadata_only,metadata_only_no_raw_download,false,false,false,false,,,sha256:3d356219a000ee614d435f6e5a0fd31660d168a62d6f14bf35501edd1db56e32,"Review official IR source terms, robots policy, and event identity before permitted acquisition."
rtx_2023_q4,RTX,RTX Corporation,sec_edgar,metadata,sec-edgar://metadata-first/RTX/2023/Q4,sec.gov,metadata_only,sec_metadata_only,false,false,false,false,,,sha256:63c258b0e0ea735b9efe987035b34813eb26f279fd05933e05315b6f93eb6a1a,Use SEC metadata-first discovery with descriptive User-Agent and <=10 requests/sec.
rtx_2023_q4,RTX,RTX Corporation,youtube,video,https://www.youtube.com/results?search_query=RTX+2023+Q4+earnings+call,www.youtube.com,metadata_only,youtube_media_blocked,false,false,false,false,,,sha256:65932165e7d2eb0df39080a5cf20a352a691c9e8c3b6bf586823ada2241646d3,Keep YouTube as metadata/link reference only unless explicit written authorization exists.
rtx_2023_q4,RTX,RTX Corporation,vendor,transcript,licensed-vendor://blocked/RTX/2023/Q4,licensed-vendor,license_required,vendor_license_missing,false,false,false,false,,,sha256:6f800e9f07227954c5f8920bb94db055d44554755fe58b57515414c5285b74fd,Register license_config_ref before any vendor raw content use.
lmt_2023_q4,LMT,Lockheed Martin Corporation,official_ir,transcript,https://investors.lockheedmartin.com/,investors.lockheedmartin.com,metadata_only,metadata_only_no_raw_download,false,false,false,false,,,sha256:ce6549135be7b97ff78f83fb540429e1a941ecafea957b0a629d585b4b80f200,"Review official IR source terms, robots policy, and event identity before permitted acquisition."
lmt_2023_q4,LMT,Lockheed Martin Corporation,sec_edgar,metadata,sec-edgar://metadata-first/LMT/2023/Q4,sec.gov,metadata_only,sec_metadata_only,false,false,false,false,,,sha256:cafc1c9cab07f21a35251cdb96ac606f3e0c9b580457359655a2aa56de059e8e,Use SEC metadata-first discovery with descriptive User-Agent and <=10 requests/sec.
lmt_2023_q4,LMT,Lockheed Martin Corporation,youtube,video,https://www.youtube.com/results?search_query=LMT+2023+Q4+earnings+call,www.youtube.com,metadata_only,youtube_media_blocked,false,false,false,false,,,sha256:327a7383a9cc0032607b5320a331a1cea1370ee1678703f7c9ea330aa13d10a6,Keep YouTube as metadata/link reference only unless explicit written authorization exists.
lmt_2023_q4,LMT,Lockheed Martin Corporation,vendor,transcript,licensed-vendor://blocked/LMT/2023/Q4,licensed-vendor,license_required,vendor_license_missing,false,false,false,false,,,sha256:c318e2073cdba1c0add93493ee34e29400f4920b928654a207fcdeab0321744a,Register license_config_ref before any vendor raw content use.
noc_2023_q4,NOC,Northrop Grumman Corporation,official_ir,transcript,https://investor.northropgrumman.com/,investor.northropgrumman.com,metadata_only,metadata_only_no_raw_download,false,false,false,false,,,sha256:59c72061d7561e7287f06425e208014eb1e03827bacac57c5a1f379bf7e0608c,"Review official IR source terms, robots policy, and event identity before permitted acquisition."
noc_2023_q4,NOC,Northrop Grumman Corporation,sec_edgar,metadata,sec-edgar://metadata-first/NOC/2023/Q4,sec.gov,metadata_only,sec_metadata_only,false,false,false,false,,,sha256:e5bf7023ec6bdd6e979ac37276ae1a13f33a485ef13bfa45ddbfedbe610e05f3,Use SEC metadata-first discovery with descriptive User-Agent and <=10 requests/sec.
noc_2023_q4,NOC,Northrop Grumman Corporation,youtube,video,https://www.youtube.com/results?search_query=NOC+2023+Q4+earnings+call,www.youtube.com,metadata_only,youtube_media_blocked,false,false,false,false,,,sha256:05e78ea7397ff6b7b5eb76a95f4f30f6b1dde9655451cc2b583303e85c6e395f,Keep YouTube as metadata/link reference only unless explicit written authorization exists.
noc_2023_q4,NOC,Northrop Grumman Corporation,vendor,transcript,licensed-vendor://blocked/NOC/2023/Q4,licensed-vendor,license_required,vendor_license_missing,false,false,false,false,,,sha256:e1e732e06ca3101fd64d3be0dbbb5f758487724576b5abf0a7f05460f5a65cdf,Register license_config_ref before any vendor raw content use.
gd_2023_q4,GD,General Dynamics Corporation,official_ir,transcript,https://investorrelations.gd.com/,investorrelations.gd.com,metadata_only,metadata_only_no_raw_download,false,false,false,false,,,sha256:f008d6554315a51e69da919d4797da79d5e5e492f9d443454d53e2b4a802891e,"Review official IR source terms, robots policy, and event identity before permitted acquisition."
gd_2023_q4,GD,General Dynamics Corporation,sec_edgar,metadata,sec-edgar://metadata-first/GD/2023/Q4,sec.gov,metadata_only,sec_metadata_only,false,false,false,false,,,sha256:0f4bf90676d7974a05111f719043dc3f4417389be422c680957ce235693fda35,Use SEC metadata-first discovery with descriptive User-Agent and <=10 requests/sec.
gd_2023_q4,GD,General Dynamics Corporation,youtube,video,https://www.youtube.com/results?search_query=GD+2023+Q4+earnings+call,www.youtube.com,metadata_only,youtube_media_blocked,false,false,false,false,,,sha256:7d7f85bf867389f8a6d9111e63e5c575459268ffcf4ddf34576a1ec2f729c250,Keep YouTube as metadata/link reference only unless explicit written authorization exists.
gd_2023_q4,GD,General Dynamics Corporation,vendor,transcript,licensed-vendor://blocked/GD/2023/Q4,licensed-vendor,license_required,vendor_license_missing,false,false,false,false,,,sha256:7811f0c129f2515af519356de1d8db1e9d0bff840a2777c5aa37babf3fecb8ae,Register license_config_ref before any vendor raw content use.
cat_2023_q4,CAT,Caterpillar Inc.,official_ir,transcript,https://investors.caterpillar.com/,investors.caterpillar.com,metadata_only,metadata_only_no_raw_download,false,false,false,false,,,sha256:a7eb1cdd304f5fbe50b24021ce2774962559b6a2136dd546e236246423cf15c3,"Review official IR source terms, robots policy, and event identity before permitted acquisition."
cat_2023_q4,CAT,Caterpillar Inc.,sec_edgar,metadata,sec-edgar://metadata-first/CAT/2023/Q4,sec.gov,metadata_only,sec_metadata_only,false,false,false,false,,,sha256:51db390c3312b68688437594bc8d80afed6a49c9e577ceb68323ed6cc0780a81,Use SEC metadata-first discovery with descriptive User-Agent and <=10 requests/sec.
cat_2023_q4,CAT,Caterpillar Inc.,youtube,video,https://www.youtube.com/results?search_query=CAT+2023+Q4+earnings+call,www.youtube.com,metadata_only,youtube_media_blocked,false,false,false,false,,,sha256:5c8a540e2bfe3e5a20dde4857b6636b0e77dc0b7ad8f4f4f3fe5fc22051782d3,Keep YouTube as metadata/link reference only unless explicit written authorization exists.
cat_2023_q4,CAT,Caterpillar Inc.,vendor,transcript,licensed-vendor://blocked/CAT/2023/Q4,licensed-vendor,license_required,vendor_license_missing,false,false,false,false,,,sha256:4d186e61c328efedb78676cce4ba3b35309d31a754ae680663cf6a1d8c76ebe3,Register license_config_ref before any vendor raw content use.
de_2023_q4,DE,Deere & Company,official_ir,transcript,https://investor.deere.com/,investor.deere.com,metadata_only,metadata_only_no_raw_download,false,false,false,false,,,sha256:7a4d1d200f979003fa08deacdb905d6d49b524d3178ba20360f286abfef26976,"Review official IR source terms, robots policy, and event identity before permitted acquisition."
de_2023_q4,DE,Deere & Company,sec_edgar,metadata,sec-edgar://metadata-first/DE/2023/Q4,sec.gov,metadata_only,sec_metadata_only,false,false,false,false,,,sha256:32ee02c8b85e3a4e935aaedb9f45389a1de536e1b83dcbfaf1a3dd7fc9ba60cb,Use SEC metadata-first discovery with descriptive User-Agent and <=10 requests/sec.
de_2023_q4,DE,Deere & Company,youtube,video,https://www.youtube.com/results?search_query=DE+2023+Q4+earnings+call,www.youtube.com,metadata_only,youtube_media_blocked,false,false,false,false,,,sha256:ef27361284a1b6a3f587dd1b045064f81a339011e6a3a4b610fb0692f258fa1f,Keep YouTube as metadata/link reference only unless explicit written authorization exists.
de_2023_q4,DE,Deere & Company,vendor,transcript,licensed-vendor://blocked/DE/2023/Q4,licensed-vendor,license_required,vendor_license_missing,false,false,false,false,,,sha256:eeda7a003be3b86a4442844bc0d96d7ea842c6f55975d1321bb8c6dee4e1cbce,Register license_config_ref before any vendor raw content use.
ge_2023_q4,GE,GE Aerospace,official_ir,transcript,https://www.geaerospace.com/investors,www.geaerospace.com,metadata_only,metadata_only_no_raw_download,false,false,false,false,,,sha256:674eb391bd5c5c0fdfd66bb5acc20eda1c986d605367a73936de9c42f647981d,"Review official IR source terms, robots policy, and event identity before permitted acquisition."
ge_2023_q4,GE,GE Aerospace,sec_edgar,metadata,sec-edgar://metadata-first/GE/2023/Q4,sec.gov,metadata_only,sec_metadata_only,false,false,false,false,,,sha256:1b27cc4ba77c2bee878f77f0a86d5dc126d91d09981d8a1f46f45f1088449437,Use SEC metadata-first discovery with descriptive User-Agent and <=10 requests/sec.
ge_2023_q4,GE,GE Aerospace,youtube,video,https://www.youtube.com/results?search_query=GE+2023+Q4+earnings+call,www.youtube.com,metadata_only,youtube_media_blocked,false,false,false,false,,,sha256:70103ccca0c6fcfc708a03d0fd37cb7176e252f2ba44b024732cccb9bc242c4e,Keep YouTube as metadata/link reference only unless explicit written authorization exists.
ge_2023_q4,GE,GE Aerospace,vendor,transcript,licensed-vendor://blocked/GE/2023/Q4,licensed-vendor,license_required,vendor_license_missing,false,false,false,false,,,sha256:9b1676f2efcabb5e5276fcb7f7ce4bdf8c7c5b8e9b1e3684aa7ca811f01c9996,Register license_config_ref before any vendor raw content use.
etn_2023_q4,ETN,Eaton Corporation plc,official_ir,transcript,https://www.eaton.com/us/en-us/company/investor-relations.html,www.eaton.com,metadata_only,metadata_only_no_raw_download,false,false,false,false,,,sha256:62651c20025f860f6a961ef197740dd4653b6ffe4073f424b1025b195b2f1f3e,"Review official IR source terms, robots policy, and event identity before permitted acquisition."
etn_2023_q4,ETN,Eaton Corporation plc,sec_edgar,metadata,sec-edgar://metadata-first/ETN/2023/Q4,sec.gov,metadata_only,sec_metadata_only,false,false,false,false,,,sha256:086b6800930832450066043f256e094e65fc3f0ddf9678966b3f75a40ab3b92e,Use SEC metadata-first discovery with descriptive User-Agent and <=10 requests/sec.
etn_2023_q4,ETN,Eaton Corporation plc,youtube,video,https://www.youtube.com/results?search_query=ETN+2023+Q4+earnings+call,www.youtube.com,metadata_only,youtube_media_blocked,false,false,false,false,,,sha256:577976518135b2eb91336a4e6ed3fe0d921ca3b51aff67ab5116bd46610e5a8e,Keep YouTube as metadata/link reference only unless explicit written authorization exists.
etn_2023_q4,ETN,Eaton Corporation plc,vendor,transcript,licensed-vendor://blocked/ETN/2023/Q4,licensed-vendor,license_required,vendor_license_missing,false,false,false,false,,,sha256:a0a8377ff53b582e0e0edbe770f7005acdb7c02bad80f5bf2a99f2c4be27926f,Register license_config_ref before any vendor raw content use.
emr_2023_q4,EMR,Emerson Electric Co.,official_ir,transcript,https://www.emerson.com/en-us/investors,www.emerson.com,metadata_only,metadata_only_no_raw_download,false,false,false,false,,,sha256:f90738a5af6b9bcf7e437ea674ea1494d3f97e0c8cb527397cc1fff51dfca98c,"Review official IR source terms, robots policy, and event identity before permitted acquisition."
emr_2023_q4,EMR,Emerson Electric Co.,sec_edgar,metadata,sec-edgar://metadata-first/EMR/2023/Q4,sec.gov,metadata_only,sec_metadata_only,false,false,false,false,,,sha256:babe2ed757a1ae8e121ce40a3d682885b748a33993aa1d06e9020d5ffed895f5,Use SEC metadata-first discovery with descriptive User-Agent and <=10 requests/sec.
emr_2023_q4,EMR,Emerson Electric Co.,youtube,video,https://www.youtube.com/results?search_query=EMR+2023+Q4+earnings+call,www.youtube.com,metadata_only,youtube_media_blocked,false,false,false,false,,,sha256:f56001c4939afe42770da930f991e7f9b6768ac3eb8fdbf74d4e268a70529e97,Keep YouTube as metadata/link reference only unless explicit written authorization exists.
emr_2023_q4,EMR,Emerson Electric Co.,vendor,transcript,licensed-vendor://blocked/EMR/2023/Q4,licensed-vendor,license_required,vendor_license_missing,false,false,false,false,,,sha256:99e74b7cd630dc4444b7860c657b4e257dd1f030aae360c2611863b8975dd473,Register license_config_ref before any vendor raw content use.
mmm_2023_q4,MMM,3M Company,official_ir,transcript,https://investors.3m.com/,investors.3m.com,metadata_only,metadata_only_no_raw_download,false,false,false,false,,,sha256:529da685c375fabd3878e25ee5b400400b51a38f831c061ca30c8314cb51c1b1,"Review official IR source terms, robots policy, and event identity before permitted acquisition."
mmm_2023_q4,MMM,3M Company,sec_edgar,metadata,sec-edgar://metadata-first/MMM/2023/Q4,sec.gov,metadata_only,sec_metadata_only,false,false,false,false,,,sha256:c4caca88c1916482b17cd263f9b52cf10cb220c1331dca80472d3dd2238f0ae8,Use SEC metadata-first discovery with descriptive User-Agent and <=10 requests/sec.
mmm_2023_q4,MMM,3M Company,youtube,video,https://www.youtube.com/results?search_query=MMM+2023+Q4+earnings+call,www.youtube.com,metadata_only,youtube_media_blocked,false,false,false,false,,,sha256:d92b7c291e53b2f9fd18dc888605df8470a3a63e16da2462344b832e70336ff2,Keep YouTube as metadata/link reference only unless explicit written authorization exists.
mmm_2023_q4,MMM,3M Company,vendor,transcript,licensed-vendor://blocked/MMM/2023/Q4,licensed-vendor,license_required,vendor_license_missing,false,false,false,false,,,sha256:2b24dcf3a7f0d8ddaac307b4a4fdb434f7dfaaaac4bf6b0d91d4b28da1caddcf,Register license_config_ref before any vendor raw content use.
itw_2023_q4,ITW,Illinois Tool Works Inc.,official_ir,transcript,https://investor.itw.com/,investor.itw.com,metadata_only,metadata_only_no_raw_download,false,false,false,false,,,sha256:5769c2fd09d5616efa203c52d46ee2e1634daa6ed132eedb94dcd48864ceb6c3,"Review official IR source terms, robots policy, and event identity before permitted acquisition."
itw_2023_q4,ITW,Illinois Tool Works Inc.,sec_edgar,metadata,sec-edgar://metadata-first/ITW/2023/Q4,sec.gov,metadata_only,sec_metadata_only,false,false,false,false,,,sha256:2c8a697de404f27522362d6f6c4a41320966478e8fe74875d328c8ec0f1432fb,Use SEC metadata-first discovery with descriptive User-Agent and <=10 requests/sec.
itw_2023_q4,ITW,Illinois Tool Works Inc.,youtube,video,https://www.youtube.com/results?search_query=ITW+2023+Q4+earnings+call,www.youtube.com,metadata_only,youtube_media_blocked,false,false,false,false,,,sha256:1098d4921e6a827abf4b34ae7fb3f5e8c7886fa840eabeaa5c169dd823c59ab1,Keep YouTube as metadata/link reference only unless explicit written authorization exists.
itw_2023_q4,ITW,Illinois Tool Works Inc.,vendor,transcript,licensed-vendor://blocked/ITW/2023/Q4,licensed-vendor,license_required,vendor_license_missing,false,false,false,false,,,sha256:6df2ff0048339c53dee238fb5998705e629d4962e98d9d7aee52029f79026448,Register license_config_ref before any vendor raw content use.
ph_2023_q4,PH,Parker-Hannifin Corporation,official_ir,transcript,https://investors.parker.com/,investors.parker.com,metadata_only,metadata_only_no_raw_download,false,false,false,false,,,sha256:45dbae133edc603a858916fa93541647afcd1b6fa7b0191acf4677c577ffa3c1,"Review official IR source terms, robots policy, and event identity before permitted acquisition."
ph_2023_q4,PH,Parker-Hannifin Corporation,sec_edgar,metadata,sec-edgar://metadata-first/PH/2023/Q4,sec.gov,metadata_only,sec_metadata_only,false,false,false,false,,,sha256:90a31fa12be7661be023552c78bd59ba50e956044a7690ce8a7d7b70b430a6b1,Use SEC metadata-first discovery with descriptive User-Agent and <=10 requests/sec.
ph_2023_q4,PH,Parker-Hannifin Corporation,youtube,video,https://www.youtube.com/results?search_query=PH+2023+Q4+earnings+call,www.youtube.com,metadata_only,youtube_media_blocked,false,false,false,false,,,sha256:08d1f8b41435b5e3031d3e186064aed76f76007f9cdd362759428806bb040b82,Keep YouTube as metadata/link reference only unless explicit written authorization exists.
ph_2023_q4,PH,Parker-Hannifin Corporation,vendor,transcript,licensed-vendor://blocked/PH/2023/Q4,licensed-vendor,license_required,vendor_license_missing,false,false,false,false,,,sha256:ba3198f377bb86e1099ff240fba03c629dd19b5262a060deb81480b83cafadea,Register license_config_ref before any vendor raw content use.
carr_2023_q4,CARR,Carrier Global Corporation,official_ir,transcript,https://ir.carrier.com/,ir.carrier.com,metadata_only,metadata_only_no_raw_download,false,false,false,false,,,sha256:676ff2955ba4f6edc5f3dac01a59be6bbfd58af715d4d2d29df8828cb5a17c3f,"Review official IR source terms, robots policy, and event identity before permitted acquisition."
carr_2023_q4,CARR,Carrier Global Corporation,sec_edgar,metadata,sec-edgar://metadata-first/CARR/2023/Q4,sec.gov,metadata_only,sec_metadata_only,false,false,false,false,,,sha256:fccb95e826550f697cbe1d09092c85286e8dba900aa960b2d512e546528f8cb5,Use SEC metadata-first discovery with descriptive User-Agent and <=10 requests/sec.
carr_2023_q4,CARR,Carrier Global Corporation,youtube,video,https://www.youtube.com/results?search_query=CARR+2023+Q4+earnings+call,www.youtube.com,metadata_only,youtube_media_blocked,false,false,false,false,,,sha256:9c3760229d484cb73e6fc136a5670e85ad6379c10a281b154ed376aa30e63036,Keep YouTube as metadata/link reference only unless explicit written authorization exists.
carr_2023_q4,CARR,Carrier Global Corporation,vendor,transcript,licensed-vendor://blocked/CARR/2023/Q4,licensed-vendor,license_required,vendor_license_missing,false,false,false,false,,,sha256:a7ce8a7a6e184d6606bc59dedac82d52948bc4ac7069c7e5f6950138d5d4d0c2,Register license_config_ref before any vendor raw content use.
otis_2023_q4,OTIS,Otis Worldwide Corporation,official_ir,transcript,https://www.otis.com/en/us/investors,www.otis.com,metadata_only,metadata_only_no_raw_download,false,false,false,false,,,sha256:d722ece3e8fcc231726d5b9cfefb6fdd981185c01342b7b62292a8eb7053b768,"Review official IR source terms, robots policy, and event identity before permitted acquisition."
otis_2023_q4,OTIS,Otis Worldwide Corporation,sec_edgar,metadata,sec-edgar://metadata-first/OTIS/2023/Q4,sec.gov,metadata_only,sec_metadata_only,false,false,false,false,,,sha256:a34b00ed16db584a2af2d04ba164e251f9b66f44cc71eb245327b8e713118c8f,Use SEC metadata-first discovery with descriptive User-Agent and <=10 requests/sec.
otis_2023_q4,OTIS,Otis Worldwide Corporation,youtube,video,https://www.youtube.com/results?search_query=OTIS+2023+Q4+earnings+call,www.youtube.com,metadata_only,youtube_media_blocked,false,false,false,false,,,sha256:de022876b4fa49c6232c9c081f28d74f061cf3bafa322f8a20a2fa1faa2b24c3,Keep YouTube as metadata/link reference only unless explicit written authorization exists.
otis_2023_q4,OTIS,Otis Worldwide Corporation,vendor,transcript,licensed-vendor://blocked/OTIS/2023/Q4,licensed-vendor,license_required,vendor_license_missing,false,false,false,false,,,sha256:f3fbd82fb24f8a45e670f929d831e731d765aa90de82fae7fd46d6ae826a0447,Register license_config_ref before any vendor raw content use.
ups_2023_q4,UPS,"United Parcel Service, Inc.",official_ir,transcript,https://investors.ups.com/,investors.ups.com,metadata_only,metadata_only_no_raw_download,false,false,false,false,,,sha256:c38a791d04e4fdb5f8b8930318261e81f899cf6e10c6e7f4c02d45d93b2a845f,"Review official IR source terms, robots policy, and event identity before permitted acquisition."
ups_2023_q4,UPS,"United Parcel Service, Inc.",sec_edgar,metadata,sec-edgar://metadata-first/UPS/2023/Q4,sec.gov,metadata_only,sec_metadata_only,false,false,false,false,,,sha256:bae89b3636b5799929e24ee84663cd7cf091de1c65db45fb1518fb5addc8e67c,Use SEC metadata-first discovery with descriptive User-Agent and <=10 requests/sec.
ups_2023_q4,UPS,"United Parcel Service, Inc.",youtube,video,https://www.youtube.com/results?search_query=UPS+2023+Q4+earnings+call,www.youtube.com,metadata_only,youtube_media_blocked,false,false,false,false,,,sha256:da1bd0ba1b56d30cf6422b8f35558a94d175f85e29489de6240c011410077879,Keep YouTube as metadata/link reference only unless explicit written authorization exists.
ups_2023_q4,UPS,"United Parcel Service, Inc.",vendor,transcript,licensed-vendor://blocked/UPS/2023/Q4,licensed-vendor,license_required,vendor_license_missing,false,false,false,false,,,sha256:cb3662dca9c92ab3c3b324f5bc33ff70eef08b06cef2e30e865e45020fc8a308,Register license_config_ref before any vendor raw content use.
fdx_2023_q4,FDX,FedEx Corporation,official_ir,transcript,https://investors.fedex.com/,investors.fedex.com,metadata_only,metadata_only_no_raw_download,false,false,false,false,,,sha256:406b4c39aa10b1bd655cebb995e214eaac9c5ad429b24bc80dd34c23ee91aa60,"Review official IR source terms, robots policy, and event identity before permitted acquisition."
fdx_2023_q4,FDX,FedEx Corporation,sec_edgar,metadata,sec-edgar://metadata-first/FDX/2023/Q4,sec.gov,metadata_only,sec_metadata_only,false,false,false,false,,,sha256:fb1c6692139b4b19205e0893f95cac626df987cc695afb50c57b9eeb416a4149,Use SEC metadata-first discovery with descriptive User-Agent and <=10 requests/sec.
fdx_2023_q4,FDX,FedEx Corporation,youtube,video,https://www.youtube.com/results?search_query=FDX+2023+Q4+earnings+call,www.youtube.com,metadata_only,youtube_media_blocked,false,false,false,false,,,sha256:218df016657f46d0e92b8405cc8584011846dfbff19708093b5f8c596e01f7b6,Keep YouTube as metadata/link reference only unless explicit written authorization exists.
fdx_2023_q4,FDX,FedEx Corporation,vendor,transcript,licensed-vendor://blocked/FDX/2023/Q4,licensed-vendor,license_required,vendor_license_missing,false,false,false,false,,,sha256:320c47c40be936b43ce3105398fab0662353cc4f6914db9b4f500972831b435a,Register license_config_ref before any vendor raw content use.
dal_2023_q4,DAL,"Delta Air Lines, Inc.",official_ir,transcript,https://ir.delta.com/,ir.delta.com,metadata_only,metadata_only_no_raw_download,false,false,false,false,,,sha256:0dfb8d762cf63d071f32f8f05049fb3390a4f6c2a74d7c7a1bab1f375af4929d,"Review official IR source terms, robots policy, and event identity before permitted acquisition."
dal_2023_q4,DAL,"Delta Air Lines, Inc.",sec_edgar,metadata,sec-edgar://metadata-first/DAL/2023/Q4,sec.gov,metadata_only,sec_metadata_only,false,false,false,false,,,sha256:592a38301291e57149e7e5383c59aeba3934d210d415742279863353ab16c4cd,Use SEC metadata-first discovery with descriptive User-Agent and <=10 requests/sec.
dal_2023_q4,DAL,"Delta Air Lines, Inc.",youtube,video,https://www.youtube.com/results?search_query=DAL+2023+Q4+earnings+call,www.youtube.com,metadata_only,youtube_media_blocked,false,false,false,false,,,sha256:6a9b5b0b2c3ed34c90afc1b1f32ba3ec98f5b4c14afec12afd71d95536176f5d,Keep YouTube as metadata/link reference only unless explicit written authorization exists.
dal_2023_q4,DAL,"Delta Air Lines, Inc.",vendor,transcript,licensed-vendor://blocked/DAL/2023/Q4,licensed-vendor,license_required,vendor_license_missing,false,false,false,false,,,sha256:4696a1d9b0263c9275b3ea6cc263ab0126cc2e5d8c243924ff4de143e6586ffa,Register license_config_ref before any vendor raw content use.
unp_2023_q4,UNP,Union Pacific Corporation,official_ir,transcript,https://investor.unionpacific.com/,investor.unionpacific.com,metadata_only,metadata_only_no_raw_download,false,false,false,false,,,sha256:0d53654feb91cb9af18298daaeef990485c1cee75da5c1fed42914968ab5f326,"Review official IR source terms, robots policy, and event identity before permitted acquisition."
unp_2023_q4,UNP,Union Pacific Corporation,sec_edgar,metadata,sec-edgar://metadata-first/UNP/2023/Q4,sec.gov,metadata_only,sec_metadata_only,false,false,false,false,,,sha256:2ddb51b784abca1b8573a2b45c3d08a6b375142f489de63fcead91f2cc90890f,Use SEC metadata-first discovery with descriptive User-Agent and <=10 requests/sec.
unp_2023_q4,UNP,Union Pacific Corporation,youtube,video,https://www.youtube.com/results?search_query=UNP+2023+Q4+earnings+call,www.youtube.com,metadata_only,youtube_media_blocked,false,false,false,false,,,sha256:f1d45986c2abd1e07a13e6e9a7ae50627f4abb5ba365a7158e7400d64fe90ed3,Keep YouTube as metadata/link reference only unless explicit written authorization exists.
unp_2023_q4,UNP,Union Pacific Corporation,vendor,transcript,licensed-vendor://blocked/UNP/2023/Q4,licensed-vendor,license_required,vendor_license_missing,false,false,false,false,,,sha256:f1ca4c56977abfc84a2a48b5ae83f2d441075eaa11845b5d24946b3d9dc0b7cc,Register license_config_ref before any vendor raw content use.
nsc_2023_q4,NSC,Norfolk Southern Corporation,official_ir,transcript,https://norfolksouthern.investorroom.com/,norfolksouthern.investorroom.com,metadata_only,metadata_only_no_raw_download,false,false,false,false,,,sha256:3b9d3c5dc3febd75dc867b1a4de60d7c849546baece573f2c5f437c776511702,"Review official IR source terms, robots policy, and event identity before permitted acquisition."
nsc_2023_q4,NSC,Norfolk Southern Corporation,sec_edgar,metadata,sec-edgar://metadata-first/NSC/2023/Q4,sec.gov,metadata_only,sec_metadata_only,false,false,false,false,,,sha256:9b7604f068253df8e40a151259fe81ea61114c73475c49696acc87eddefc761e,Use SEC metadata-first discovery with descriptive User-Agent and <=10 requests/sec.
nsc_2023_q4,NSC,Norfolk Southern Corporation,youtube,video,https://www.youtube.com/results?search_query=NSC+2023+Q4+earnings+call,www.youtube.com,metadata_only,youtube_media_blocked,false,false,false,false,,,sha256:c67e1c31aa203893f275907f670824959e8f8b687eef07c8a0e8d0131d8f1f6c,Keep YouTube as metadata/link reference only unless explicit written authorization exists.
nsc_2023_q4,NSC,Norfolk Southern Corporation,vendor,transcript,licensed-vendor://blocked/NSC/2023/Q4,licensed-vendor,license_required,vendor_license_missing,false,false,false,false,,,sha256:491223f2c2698171b3b8d77b09efa130725a0487cedcf44152a16f8a3fe8efe8,Register license_config_ref before any vendor raw content use.
hd_2023_q4,HD,"The Home Depot, Inc.",official_ir,transcript,https://ir.homedepot.com/,ir.homedepot.com,metadata_only,metadata_only_no_raw_download,false,false,false,false,,,sha256:e7db35bd05fbe68e116bc95a91108ec1442de6da75f8f0cf74cfcbdbfd3e9194,"Review official IR source terms, robots policy, and event identity before permitted acquisition."
hd_2023_q4,HD,"The Home Depot, Inc.",sec_edgar,metadata,sec-edgar://metadata-first/HD/2023/Q4,sec.gov,metadata_only,sec_metadata_only,false,false,false,false,,,sha256:4f1e2708db3253c5de6f8620cc640d90d1f6b3dc9259dc5ba3ecae7e5e175ed8,Use SEC metadata-first discovery with descriptive User-Agent and <=10 requests/sec.
hd_2023_q4,HD,"The Home Depot, Inc.",youtube,video,https://www.youtube.com/results?search_query=HD+2023+Q4+earnings+call,www.youtube.com,metadata_only,youtube_media_blocked,false,false,false,false,,,sha256:19f1083081adc09a2d463bf3c88e30ba8eedf4562b43334133cdcd953780d28d,Keep YouTube as metadata/link reference only unless explicit written authorization exists.
hd_2023_q4,HD,"The Home Depot, Inc.",vendor,transcript,licensed-vendor://blocked/HD/2023/Q4,licensed-vendor,license_required,vendor_license_missing,false,false,false,false,,,sha256:b5d6f2500db1c6d37c2aed6e758b107eb550f55ced6b01c0899ac507977c1fc9,Register license_config_ref before any vendor raw content use.
low_2023_q4,LOW,"Lowe's Companies, Inc.",official_ir,transcript,https://corporate.lowes.com/investors,corporate.lowes.com,metadata_only,metadata_only_no_raw_download,false,false,false,false,,,sha256:3729036c385a4ebeae5db66a42ed486f68e16b055ce3a24f802754274fc1b25e,"Review official IR source terms, robots policy, and event identity before permitted acquisition."
low_2023_q4,LOW,"Lowe's Companies, Inc.",sec_edgar,metadata,sec-edgar://metadata-first/LOW/2023/Q4,sec.gov,metadata_only,sec_metadata_only,false,false,false,false,,,sha256:e51655bef9cd3a34dce8211a35d6dd5753681f71452ab63cb8e47105d060ea6a,Use SEC metadata-first discovery with descriptive User-Agent and <=10 requests/sec.
low_2023_q4,LOW,"Lowe's Companies, Inc.",youtube,video,https://www.youtube.com/results?search_query=LOW+2023+Q4+earnings+call,www.youtube.com,metadata_only,youtube_media_blocked,false,false,false,false,,,sha256:dc6370bd6bf8d4f02b8752f9c53892add36747d4053c1af7d55d9fd4261c5123,Keep YouTube as metadata/link reference only unless explicit written authorization exists.
low_2023_q4,LOW,"Lowe's Companies, Inc.",vendor,transcript,licensed-vendor://blocked/LOW/2023/Q4,licensed-vendor,license_required,vendor_license_missing,false,false,false,false,,,sha256:4592ef984ee83a1049fa1f78469625fc139e9029f8be7516b8a727475bc6831a,Register license_config_ref before any vendor raw content use.
tgt_2023_q4,TGT,Target Corporation,official_ir,transcript,https://investors.target.com/,investors.target.com,metadata_only,metadata_only_no_raw_download,false,false,false,false,,,sha256:653c84f92983acc3c81d9144c75ab99684d3be0311b07782e458d08933c234f3,"Review official IR source terms, robots policy, and event identity before permitted acquisition."
tgt_2023_q4,TGT,Target Corporation,sec_edgar,metadata,sec-edgar://metadata-first/TGT/2023/Q4,sec.gov,metadata_only,sec_metadata_only,false,false,false,false,,,sha256:10707fbc358764c6fdfe2ad1a718f1bac445e2fb48effa4e84dc73ffaf1c0a95,Use SEC metadata-first discovery with descriptive User-Agent and <=10 requests/sec.
tgt_2023_q4,TGT,Target Corporation,youtube,video,https://www.youtube.com/results?search_query=TGT+2023+Q4+earnings+call,www.youtube.com,metadata_only,youtube_media_blocked,false,false,false,false,,,sha256:0a67d42d75fca11a67a7eb2999b02af11ee364896d7db8c204a71c8f76a834a8,Keep YouTube as metadata/link reference only unless explicit written authorization exists.
tgt_2023_q4,TGT,Target Corporation,vendor,transcript,licensed-vendor://blocked/TGT/2023/Q4,licensed-vendor,license_required,vendor_license_missing,false,false,false,false,,,sha256:0eb36ebc6d32ff77639759ba9b2e48666e0aa4a50a5933a6e1453030a12c73b9,Register license_config_ref before any vendor raw content use.
kr_2023_q4,KR,The Kroger Co.,official_ir,transcript,https://ir.kroger.com/,ir.kroger.com,metadata_only,metadata_only_no_raw_download,false,false,false,false,,,sha256:fed594eb77b4ee459fcbcda47d5fa3cd2a1eb81bef1702c903983e6ddbe13fde,"Review official IR source terms, robots policy, and event identity before permitted acquisition."
kr_2023_q4,KR,The Kroger Co.,sec_edgar,metadata,sec-edgar://metadata-first/KR/2023/Q4,sec.gov,metadata_only,sec_metadata_only,false,false,false,false,,,sha256:4eba6379aa537fa963e57e579ec859ac61c4eab8669e74e955de7b035a7accfa,Use SEC metadata-first discovery with descriptive User-Agent and <=10 requests/sec.
kr_2023_q4,KR,The Kroger Co.,youtube,video,https://www.youtube.com/results?search_query=KR+2023+Q4+earnings+call,www.youtube.com,metadata_only,youtube_media_blocked,false,false,false,false,,,sha256:2ae5b8f563e2b6a395ea4256014984583cbb3f4fdd7f995dd8ad0d3de70672b8,Keep YouTube as metadata/link reference only unless explicit written authorization exists.
kr_2023_q4,KR,The Kroger Co.,vendor,transcript,licensed-vendor://blocked/KR/2023/Q4,licensed-vendor,license_required,vendor_license_missing,false,false,false,false,,,sha256:5b9a77812e1559142d87088ce7c3db1c4e10258ccf8ecea9b93ea6acab2fc5c2,Register license_config_ref before any vendor raw content use.
dg_2023_q4,DG,Dollar General Corporation,official_ir,transcript,https://investor.dollargeneral.com/,investor.dollargeneral.com,metadata_only,metadata_only_no_raw_download,false,false,false,false,,,sha256:b73a3718091ee550a84d5ed99aa556bafd2c73c3b01d335df7da9b7dff8796c3,"Review official IR source terms, robots policy, and event identity before permitted acquisition."
dg_2023_q4,DG,Dollar General Corporation,sec_edgar,metadata,sec-edgar://metadata-first/DG/2023/Q4,sec.gov,metadata_only,sec_metadata_only,false,false,false,false,,,sha256:5276e35724d5db785ee32adf335cdec0c991f8fe731c6a5ca366313e343cc20a,Use SEC metadata-first discovery with descriptive User-Agent and <=10 requests/sec.
dg_2023_q4,DG,Dollar General Corporation,youtube,video,https://www.youtube.com/results?search_query=DG+2023+Q4+earnings+call,www.youtube.com,metadata_only,youtube_media_blocked,false,false,false,false,,,sha256:0b1479f324c94fcc6baeb0de88e29c0ea962a865c6f0d573cadc60ddfb7e46ba,Keep YouTube as metadata/link reference only unless explicit written authorization exists.
dg_2023_q4,DG,Dollar General Corporation,vendor,transcript,licensed-vendor://blocked/DG/2023/Q4,licensed-vendor,license_required,vendor_license_missing,false,false,false,false,,,sha256:fa75399e2aee3a8aae537540644d0f60d77cc24061e17102d9d74531fdb1cd1c,Register license_config_ref before any vendor raw content use.
mcd_2023_q4,MCD,McDonald's Corporation,official_ir,transcript,https://corporate.mcdonalds.com/corpmcd/investors.html,corporate.mcdonalds.com,metadata_only,metadata_only_no_raw_download,false,false,false,false,,,sha256:c73b6fb4669465b64bf92133b6aff9be3eb8f5780ef2d65905d9b117357ebe35,"Review official IR source terms, robots policy, and event identity before permitted acquisition."
mcd_2023_q4,MCD,McDonald's Corporation,sec_edgar,metadata,sec-edgar://metadata-first/MCD/2023/Q4,sec.gov,metadata_only,sec_metadata_only,false,false,false,false,,,sha256:a241356280b55391fa292640227337d69f90d2c46f9bcac97abd8c74f58e9ece,Use SEC metadata-first discovery with descriptive User-Agent and <=10 requests/sec.
mcd_2023_q4,MCD,McDonald's Corporation,youtube,video,https://www.youtube.com/results?search_query=MCD+2023+Q4+earnings+call,www.youtube.com,metadata_only,youtube_media_blocked,false,false,false,false,,,sha256:575f83b4859e007e3b9471c0e1086c397a08de63a4adeaceb2c76bd9382d9af9,Keep YouTube as metadata/link reference only unless explicit written authorization exists.
mcd_2023_q4,MCD,McDonald's Corporation,vendor,transcript,licensed-vendor://blocked/MCD/2023/Q4,licensed-vendor,license_required,vendor_license_missing,false,false,false,false,,,sha256:6705fb11c5e8f0c2fc0b5616e2cc2fe93f978040d959f92610fffed9fa0bcc40,Register license_config_ref before any vendor raw content use.
yum_2023_q4,YUM,"Yum! Brands, Inc.",official_ir,transcript,https://investors.yum.com/,investors.yum.com,metadata_only,metadata_only_no_raw_download,false,false,false,false,,,sha256:629430417196468354b97f59988a0197e5726d7b452c2ff37983568f7813b9f6,"Review official IR source terms, robots policy, and event identity before permitted acquisition."
yum_2023_q4,YUM,"Yum! Brands, Inc.",sec_edgar,metadata,sec-edgar://metadata-first/YUM/2023/Q4,sec.gov,metadata_only,sec_metadata_only,false,false,false,false,,,sha256:8ddc5b5daa5d9133d52e855e8675d0c89c74d1bd732851e204776ffcac2c4fc0,Use SEC metadata-first discovery with descriptive User-Agent and <=10 requests/sec.
yum_2023_q4,YUM,"Yum! Brands, Inc.",youtube,video,https://www.youtube.com/results?search_query=YUM+2023+Q4+earnings+call,www.youtube.com,metadata_only,youtube_media_blocked,false,false,false,false,,,sha256:69087c514b4a512be68922955157a6a3189a856b81137210134feac9d2af69a4,Keep YouTube as metadata/link reference only unless explicit written authorization exists.
yum_2023_q4,YUM,"Yum! Brands, Inc.",vendor,transcript,licensed-vendor://blocked/YUM/2023/Q4,licensed-vendor,license_required,vendor_license_missing,false,false,false,false,,,sha256:4979ab646a8eb5f709cb17139e332a2826b80db5d52c650e4158841e04f50dc8,Register license_config_ref before any vendor raw content use.
nke_2023_q4,NKE,"NIKE, Inc.",official_ir,transcript,https://investors.nike.com/,investors.nike.com,metadata_only,metadata_only_no_raw_download,false,false,false,false,,,sha256:c5d75be936a2bedcb81d6d40e2d21c129359419e09565003b9ede013bcb19128,"Review official IR source terms, robots policy, and event identity before permitted acquisition."
nke_2023_q4,NKE,"NIKE, Inc.",sec_edgar,metadata,sec-edgar://metadata-first/NKE/2023/Q4,sec.gov,metadata_only,sec_metadata_only,false,false,false,false,,,sha256:d6a4b49046d91a85497c8e934121aef4cd834d2dba932582276fcc2e4de57795,Use SEC metadata-first discovery with descriptive User-Agent and <=10 requests/sec.
nke_2023_q4,NKE,"NIKE, Inc.",youtube,video,https://www.youtube.com/results?search_query=NKE+2023+Q4+earnings+call,www.youtube.com,metadata_only,youtube_media_blocked,false,false,false,false,,,sha256:0f78124d4598b8e3979be2b00609569df4ea1e09193b7e3bfdf6a830ebb007c8,Keep YouTube as metadata/link reference only unless explicit written authorization exists.
nke_2023_q4,NKE,"NIKE, Inc.",vendor,transcript,licensed-vendor://blocked/NKE/2023/Q4,licensed-vendor,license_required,vendor_license_missing,false,false,false,false,,,sha256:5320a7f2aad2f5f4f0c4042e2fbcf47de3b295d8bd8bc0b4e2541e732e86dbeb,Register license_config_ref before any vendor raw content use.
dis_2023_q4,DIS,The Walt Disney Company,official_ir,transcript,https://thewaltdisneycompany.com/investor-relations/,thewaltdisneycompany.com,metadata_only,metadata_only_no_raw_download,false,false,false,false,,,sha256:2fae52e4297673152267859eb6102558bf4d62bbcd3960723a242a6332710759,"Review official IR source terms, robots policy, and event identity before permitted acquisition."
dis_2023_q4,DIS,The Walt Disney Company,sec_edgar,metadata,sec-edgar://metadata-first/DIS/2023/Q4,sec.gov,metadata_only,sec_metadata_only,false,false,false,false,,,sha256:47ced15088ac49d45e300d81277b6e660d1bedbe40b9b471f097ee94b1a34154,Use SEC metadata-first discovery with descriptive User-Agent and <=10 requests/sec.
dis_2023_q4,DIS,The Walt Disney Company,youtube,video,https://www.youtube.com/results?search_query=DIS+2023+Q4+earnings+call,www.youtube.com,metadata_only,youtube_media_blocked,false,false,false,false,,,sha256:98fe7bd9ea8e568c90174f76a6a042dad0b5a82cfa5710c08adedc815e9c1198,Keep YouTube as metadata/link reference only unless explicit written authorization exists.
dis_2023_q4,DIS,The Walt Disney Company,vendor,transcript,licensed-vendor://blocked/DIS/2023/Q4,licensed-vendor,license_required,vendor_license_missing,false,false,false,false,,,sha256:8c0725060a6dd80c8048b531758e6a33b6c96a2bfc3557843ce4510a1575d5fa,Register license_config_ref before any vendor raw content use.
ko_2023_q4,KO,The Coca-Cola Company,official_ir,transcript,https://investors.coca-colacompany.com/,investors.coca-colacompany.com,metadata_only,metadata_only_no_raw_download,false,false,false,false,,,sha256:5e93535a8b8736ad96c4c500e84e888021f673b7dbdbb0bfea0779f7df0727b4,"Review official IR source terms, robots policy, and event identity before permitted acquisition."
ko_2023_q4,KO,The Coca-Cola Company,sec_edgar,metadata,sec-edgar://metadata-first/KO/2023/Q4,sec.gov,metadata_only,sec_metadata_only,false,false,false,false,,,sha256:1aa9e3fe6b75da70186718df04a26a7a5ad6aeaab6a20561293ab45ccb991d01,Use SEC metadata-first discovery with descriptive User-Agent and <=10 requests/sec.
ko_2023_q4,KO,The Coca-Cola Company,youtube,video,https://www.youtube.com/results?search_query=KO+2023+Q4+earnings+call,www.youtube.com,metadata_only,youtube_media_blocked,false,false,false,false,,,sha256:7cd2f66e92897639af1289968060955851eb56f6ba588f53310e5c16382f5f30,Keep YouTube as metadata/link reference only unless explicit written authorization exists.
ko_2023_q4,KO,The Coca-Cola Company,vendor,transcript,licensed-vendor://blocked/KO/2023/Q4,licensed-vendor,license_required,vendor_license_missing,false,false,false,false,,,sha256:b77387607aebeb0ea0585378983e03fb66bb195075798e7ce6c5c7c0a4e722a2,Register license_config_ref before any vendor raw content use.
pg_2023_q4,PG,The Procter & Gamble Company,official_ir,transcript,https://www.pginvestor.com/,www.pginvestor.com,metadata_only,metadata_only_no_raw_download,false,false,false,false,,,sha256:ee34dd4338ff4b3dad265ca0bb2923e92927f30d22f6c9f9ac75e8e0b2e321d2,"Review official IR source terms, robots policy, and event identity before permitted acquisition."
pg_2023_q4,PG,The Procter & Gamble Company,sec_edgar,metadata,sec-edgar://metadata-first/PG/2023/Q4,sec.gov,metadata_only,sec_metadata_only,false,false,false,false,,,sha256:f93e156ea1e76b7408a1ad294f33153b06ddf18abf9c2160bc853cfea46e0468,Use SEC metadata-first discovery with descriptive User-Agent and <=10 requests/sec.
pg_2023_q4,PG,The Procter & Gamble Company,youtube,video,https://www.youtube.com/results?search_query=PG+2023+Q4+earnings+call,www.youtube.com,metadata_only,youtube_media_blocked,false,false,false,false,,,sha256:1958820432fd826b84b4e141288005325da265c92e108718dd1780a7e5983fe8,Keep YouTube as metadata/link reference only unless explicit written authorization exists.
pg_2023_q4,PG,The Procter & Gamble Company,vendor,transcript,licensed-vendor://blocked/PG/2023/Q4,licensed-vendor,license_required,vendor_license_missing,false,false,false,false,,,sha256:4c01c08107f53d1a470d2883a9e6e8d221d1bfb1e1dee0be61ccba1ff2caa770,Register license_config_ref before any vendor raw content use.
cl_2023_q4,CL,Colgate-Palmolive Company,official_ir,transcript,https://investor.colgatepalmolive.com/,investor.colgatepalmolive.com,metadata_only,metadata_only_no_raw_download,false,false,false,false,,,sha256:b90ac5f7b29ab99c9e89c03bc267ffc9a4f411bd2f9cbb94f3d197c9d1e497fb,"Review official IR source terms, robots policy, and event identity before permitted acquisition."
cl_2023_q4,CL,Colgate-Palmolive Company,sec_edgar,metadata,sec-edgar://metadata-first/CL/2023/Q4,sec.gov,metadata_only,sec_metadata_only,false,false,false,false,,,sha256:47fe3188860bb856a4b9bf049fe85d40b11c43b581a5f2e36b82b8540d02e937,Use SEC metadata-first discovery with descriptive User-Agent and <=10 requests/sec.
cl_2023_q4,CL,Colgate-Palmolive Company,youtube,video,https://www.youtube.com/results?search_query=CL+2023+Q4+earnings+call,www.youtube.com,metadata_only,youtube_media_blocked,false,false,false,false,,,sha256:929747294afbbde01a63270584c63642dac8e6de08f4a238a766b478894939cd,Keep YouTube as metadata/link reference only unless explicit written authorization exists.
cl_2023_q4,CL,Colgate-Palmolive Company,vendor,transcript,licensed-vendor://blocked/CL/2023/Q4,licensed-vendor,license_required,vendor_license_missing,false,false,false,false,,,sha256:7ed8aa4f16806a008ffa6864eda89c3406ef2fa55365e21682b0fc83308b647b,Register license_config_ref before any vendor raw content use.
el_2023_q4,EL,The Estee Lauder Companies Inc.,official_ir,transcript,https://ir.elcompanies.com/,ir.elcompanies.com,metadata_only,metadata_only_no_raw_download,false,false,false,false,,,sha256:96ec01f1a4607f2bc76d26d35c68b8f99f7ac1a231fb76860cc78101e1ecd6a6,"Review official IR source terms, robots policy, and event identity before permitted acquisition."
el_2023_q4,EL,The Estee Lauder Companies Inc.,sec_edgar,metadata,sec-edgar://metadata-first/EL/2023/Q4,sec.gov,metadata_only,sec_metadata_only,false,false,false,false,,,sha256:7bd0db7690bd68334f505314fb5d149e11e8fbd3c05f4f4c52448a6e3af78688,Use SEC metadata-first discovery with descriptive User-Agent and <=10 requests/sec.
el_2023_q4,EL,The Estee Lauder Companies Inc.,youtube,video,https://www.youtube.com/results?search_query=EL+2023+Q4+earnings+call,www.youtube.com,metadata_only,youtube_media_blocked,false,false,false,false,,,sha256:d3148a5e976670274cc597d15d7b5eb8c1ab897d633b7ac3f6f470eeda563163,Keep YouTube as metadata/link reference only unless explicit written authorization exists.
el_2023_q4,EL,The Estee Lauder Companies Inc.,vendor,transcript,licensed-vendor://blocked/EL/2023/Q4,licensed-vendor,license_required,vendor_license_missing,false,false,false,false,,,sha256:146184dd22113a7b5083aeeb62acea3f44d2da44b86e0e7ef9b085fd1548b347,Register license_config_ref before any vendor raw content use.
gis_2023_q4,GIS,"General Mills, Inc.",official_ir,transcript,https://investors.generalmills.com/,investors.generalmills.com,metadata_only,metadata_only_no_raw_download,false,false,false,false,,,sha256:9250146f9279edaee94adb72f630188b192aa7921580d787070619f7395f89db,"Review official IR source terms, robots policy, and event identity before permitted acquisition."
gis_2023_q4,GIS,"General Mills, Inc.",sec_edgar,metadata,sec-edgar://metadata-first/GIS/2023/Q4,sec.gov,metadata_only,sec_metadata_only,false,false,false,false,,,sha256:917e6f77471edc445f5d67dd1905dd0afe2406eef52ab2b613c5acbb5b650018,Use SEC metadata-first discovery with descriptive User-Agent and <=10 requests/sec.
gis_2023_q4,GIS,"General Mills, Inc.",youtube,video,https://www.youtube.com/results?search_query=GIS+2023+Q4+earnings+call,www.youtube.com,metadata_only,youtube_media_blocked,false,false,false,false,,,sha256:cc9c6ae9663db93bd6fefa510f2bec567eff4db48d8ebe3653c47c47a05417c4,Keep YouTube as metadata/link reference only unless explicit written authorization exists.
gis_2023_q4,GIS,"General Mills, Inc.",vendor,transcript,licensed-vendor://blocked/GIS/2023/Q4,licensed-vendor,license_required,vendor_license_missing,false,false,false,false,,,sha256:30778bb305cf41f778236411c8386521744c05f8491f60de07724f0041c91bc3,Register license_config_ref before any vendor raw content use.
hsy_2023_q4,HSY,The Hershey Company,official_ir,transcript,https://www.thehersheycompany.com/en_us/investors.html,www.thehersheycompany.com,metadata_only,metadata_only_no_raw_download,false,false,false,false,,,sha256:43feb9649397b81de0e5623827ef0a3a13fa33c050046e8e28f4feee79dc57a7,"Review official IR source terms, robots policy, and event identity before permitted acquisition."
hsy_2023_q4,HSY,The Hershey Company,sec_edgar,metadata,sec-edgar://metadata-first/HSY/2023/Q4,sec.gov,metadata_only,sec_metadata_only,false,false,false,false,,,sha256:2512caaa15fa079a5bd2f1cb1e0ba3ea04c0039ed0143ba237102ec90aaf3b35,Use SEC metadata-first discovery with descriptive User-Agent and <=10 requests/sec.
hsy_2023_q4,HSY,The Hershey Company,youtube,video,https://www.youtube.com/results?search_query=HSY+2023+Q4+earnings+call,www.youtube.com,metadata_only,youtube_media_blocked,false,false,false,false,,,sha256:555b084787a9feb9b0a8ad1beb15b9cb236678ecb742f35df5ec0a86694240b7,Keep YouTube as metadata/link reference only unless explicit written authorization exists.
hsy_2023_q4,HSY,The Hershey Company,vendor,transcript,licensed-vendor://blocked/HSY/2023/Q4,licensed-vendor,license_required,vendor_license_missing,false,false,false,false,,,sha256:1e1948658aa1e5e89733c086461e1f21cc29861a63264ed62262609b707449fa,Register license_config_ref before any vendor raw content use.
t_2023_q4,T,AT&T Inc.,official_ir,transcript,https://investors.att.com/,investors.att.com,metadata_only,metadata_only_no_raw_download,false,false,false,false,,,sha256:85d90c1b82bb06f19ad778b48a3a01b3e2f824602ee2bbc80211de70168dd6fd,"Review official IR source terms, robots policy, and event identity before permitted acquisition."
t_2023_q4,T,AT&T Inc.,sec_edgar,metadata,sec-edgar://metadata-first/T/2023/Q4,sec.gov,metadata_only,sec_metadata_only,false,false,false,false,,,sha256:537bb87bfa424d6834960c86000f3f91ac02340358e25f04a1926c6969c08647,Use SEC metadata-first discovery with descriptive User-Agent and <=10 requests/sec.
t_2023_q4,T,AT&T Inc.,youtube,video,https://www.youtube.com/results?search_query=T+2023+Q4+earnings+call,www.youtube.com,metadata_only,youtube_media_blocked,false,false,false,false,,,sha256:3803677b198048b043e622657a96d5c471ab1916dbe8e39f933054fe11d4b3e8,Keep YouTube as metadata/link reference only unless explicit written authorization exists.
t_2023_q4,T,AT&T Inc.,vendor,transcript,licensed-vendor://blocked/T/2023/Q4,licensed-vendor,license_required,vendor_license_missing,false,false,false,false,,,sha256:a9bf86d694dc08a16ef4ff31e36780b1fdae19f362cc15ff581f55033b76c7a2,Register license_config_ref before any vendor raw content use.
vz_2023_q4,VZ,Verizon Communications Inc.,official_ir,transcript,https://www.verizon.com/about/investors,www.verizon.com,metadata_only,metadata_only_no_raw_download,false,false,false,false,,,sha256:f474709d7ea1a43b11b5856e78acf1f00f10f280c07995b8e9dc8d044c6dc012,"Review official IR source terms, robots policy, and event identity before permitted acquisition."
vz_2023_q4,VZ,Verizon Communications Inc.,sec_edgar,metadata,sec-edgar://metadata-first/VZ/2023/Q4,sec.gov,metadata_only,sec_metadata_only,false,false,false,false,,,sha256:543cf4c59e019aadb0b2d3d16f905f885274ccdd48507e69b0f22e1b64af5348,Use SEC metadata-first discovery with descriptive User-Agent and <=10 requests/sec.
vz_2023_q4,VZ,Verizon Communications Inc.,youtube,video,https://www.youtube.com/results?search_query=VZ+2023+Q4+earnings+call,www.youtube.com,metadata_only,youtube_media_blocked,false,false,false,false,,,sha256:b57d0b146cf7ceb5a875fb35b291fca76973da8130f863470db790bab5e4bf00,Keep YouTube as metadata/link reference only unless explicit written authorization exists.
vz_2023_q4,VZ,Verizon Communications Inc.,vendor,transcript,licensed-vendor://blocked/VZ/2023/Q4,licensed-vendor,license_required,vendor_license_missing,false,false,false,false,,,sha256:adc37d4c2bce90ef25eea1369eb22712c359d10d40677cc697ad4dd4ecab90d4,Register license_config_ref before any vendor raw content use.
ibm_2023_q4,IBM,International Business Machines Corporation,official_ir,transcript,https://www.ibm.com/investor,www.ibm.com,metadata_only,metadata_only_no_raw_download,false,false,false,false,,,sha256:dcb5af1ad40412b212c35479acb6e2373908e4d7aac9599fd296eaa69b4333b0,"Review official IR source terms, robots policy, and event identity before permitted acquisition."
ibm_2023_q4,IBM,International Business Machines Corporation,sec_edgar,metadata,sec-edgar://metadata-first/IBM/2023/Q4,sec.gov,metadata_only,sec_metadata_only,false,false,false,false,,,sha256:aef831e3fdccb261c2c4fd9d6c0251eef1f051a625030657f090beb3056a7129,Use SEC metadata-first discovery with descriptive User-Agent and <=10 requests/sec.
ibm_2023_q4,IBM,International Business Machines Corporation,youtube,video,https://www.youtube.com/results?search_query=IBM+2023+Q4+earnings+call,www.youtube.com,metadata_only,youtube_media_blocked,false,false,false,false,,,sha256:73421d05292665ef205b68aa48fb930e25349f9097def81e05906f088a72dff1,Keep YouTube as metadata/link reference only unless explicit written authorization exists.
ibm_2023_q4,IBM,International Business Machines Corporation,vendor,transcript,licensed-vendor://blocked/IBM/2023/Q4,licensed-vendor,license_required,vendor_license_missing,false,false,false,false,,,sha256:4f36ee2120c28b3ae155514affc8372f4d755458eb3445792c91e9b7711d202a,Register license_config_ref before any vendor raw content use.
orcl_2023_q4,ORCL,Oracle Corporation,official_ir,transcript,https://investor.oracle.com/,investor.oracle.com,metadata_only,metadata_only_no_raw_download,false,false,false,false,,,sha256:e55e0a6182579c7a17aed1eac3f37555de9d08ea3ba582da82d22a23f30ff85f,"Review official IR source terms, robots policy, and event identity before permitted acquisition."
orcl_2023_q4,ORCL,Oracle Corporation,sec_edgar,metadata,sec-edgar://metadata-first/ORCL/2023/Q4,sec.gov,metadata_only,sec_metadata_only,false,false,false,false,,,sha256:ce585feb01c7fc26d9834d84c8cf54262f4887421c2f20a5220cf5d3b06023f2,Use SEC metadata-first discovery with descriptive User-Agent and <=10 requests/sec.
orcl_2023_q4,ORCL,Oracle Corporation,youtube,video,https://www.youtube.com/results?search_query=ORCL+2023+Q4+earnings+call,www.youtube.com,metadata_only,youtube_media_blocked,false,false,false,false,,,sha256:165ca9a10fe98de4cee285a23eab9286d2e283f3ba032b8ffdebff0908951ff9,Keep YouTube as metadata/link reference only unless explicit written authorization exists.
orcl_2023_q4,ORCL,Oracle Corporation,vendor,transcript,licensed-vendor://blocked/ORCL/2023/Q4,licensed-vendor,license_required,vendor_license_missing,false,false,false,false,,,sha256:886e78296730d7a9221a0557bf4fc7119ad787626af1e21639ea9bed8f2aa134,Register license_config_ref before any vendor raw content use.
crm_2023_q4,CRM,"Salesforce, Inc.",official_ir,transcript,https://investor.salesforce.com/,investor.salesforce.com,metadata_only,metadata_only_no_raw_download,false,false,false,false,,,sha256:20c3f55f2969dbe78337a47d6e702225506f1f8874a2a2b2635d8a52afa4834e,"Review official IR source terms, robots policy, and event identity before permitted acquisition."
crm_2023_q4,CRM,"Salesforce, Inc.",sec_edgar,metadata,sec-edgar://metadata-first/CRM/2023/Q4,sec.gov,metadata_only,sec_metadata_only,false,false,false,false,,,sha256:fd0ed8e786148927fa6799bf86679df2447795601689ad82c77975299995eb78,Use SEC metadata-first discovery with descriptive User-Agent and <=10 requests/sec.
crm_2023_q4,CRM,"Salesforce, Inc.",youtube,video,https://www.youtube.com/results?search_query=CRM+2023+Q4+earnings+call,www.youtube.com,metadata_only,youtube_media_blocked,false,false,false,false,,,sha256:9cca330982188969e7e951415eeabb2e6cdca9f82c6a6b86f44c25fa4dc3a2c6,Keep YouTube as metadata/link reference only unless explicit written authorization exists.
crm_2023_q4,CRM,"Salesforce, Inc.",vendor,transcript,licensed-vendor://blocked/CRM/2023/Q4,licensed-vendor,license_required,vendor_license_missing,false,false,false,false,,,sha256:a60e04438d47410d6602c9184020176698e2ba86e34d9caaa734a35432d96d2b,Register license_config_ref before any vendor raw content use.
now_2023_q4,NOW,"ServiceNow, Inc.",official_ir,transcript,https://investors.servicenow.com/,investors.servicenow.com,metadata_only,metadata_only_no_raw_download,false,false,false,false,,,sha256:236e5623b051534c97067686f783be350f918758f618329d32593268b032ef01,"Review official IR source terms, robots policy, and event identity before permitted acquisition."
now_2023_q4,NOW,"ServiceNow, Inc.",sec_edgar,metadata,sec-edgar://metadata-first/NOW/2023/Q4,sec.gov,metadata_only,sec_metadata_only,false,false,false,false,,,sha256:2703bb00bcb3d17217ab8c508134fdc39c1f2e457edc5135c7e2a7d531a8c683,Use SEC metadata-first discovery with descriptive User-Agent and <=10 requests/sec.
now_2023_q4,NOW,"ServiceNow, Inc.",youtube,video,https://www.youtube.com/results?search_query=NOW+2023+Q4+earnings+call,www.youtube.com,metadata_only,youtube_media_blocked,false,false,false,false,,,sha256:3bc09159787068b95c2824156c1bdd86f7c2fb25c249acc06c4ce1ce049320b2,Keep YouTube as metadata/link reference only unless explicit written authorization exists.
now_2023_q4,NOW,"ServiceNow, Inc.",vendor,transcript,licensed-vendor://blocked/NOW/2023/Q4,licensed-vendor,license_required,vendor_license_missing,false,false,false,false,,,sha256:18e8221b0ed886df2be2459f8f154380f6a2e6f8390a4c1196bd901f90cf7efe,Register license_config_ref before any vendor raw content use.
acn_2023_q4,ACN,Accenture plc,official_ir,transcript,https://investor.accenture.com/,investor.accenture.com,metadata_only,metadata_only_no_raw_download,false,false,false,false,,,sha256:cfd655940eb6bcd53a5579ddeb561470b2576c0b3e9fe8087a0428485f3d8fed,"Review official IR source terms, robots policy, and event identity before permitted acquisition."
acn_2023_q4,ACN,Accenture plc,sec_edgar,metadata,sec-edgar://metadata-first/ACN/2023/Q4,sec.gov,metadata_only,sec_metadata_only,false,false,false,false,,,sha256:855741540a947399f94d241b7dbc646d8f4f402c8b6899f23c97c5755dfe0185,Use SEC metadata-first discovery with descriptive User-Agent and <=10 requests/sec.
acn_2023_q4,ACN,Accenture plc,youtube,video,https://www.youtube.com/results?search_query=ACN+2023+Q4+earnings+call,www.youtube.com,metadata_only,youtube_media_blocked,false,false,false,false,,,sha256:20e897025b4d5833e976e5e3189fa53c9a11f840eec8dd82f08f151a0f482653,Keep YouTube as metadata/link reference only unless explicit written authorization exists.
acn_2023_q4,ACN,Accenture plc,vendor,transcript,licensed-vendor://blocked/ACN/2023/Q4,licensed-vendor,license_required,vendor_license_missing,false,false,false,false,,,sha256:86f61efbd5d6fcc2f612daf06db8696d936071152e8e778188abb3ff89fd404c,Register license_config_ref before any vendor raw content use.
dell_2023_q4,DELL,Dell Technologies Inc.,official_ir,transcript,https://investors.delltechnologies.com/,investors.delltechnologies.com,metadata_only,metadata_only_no_raw_download,false,false,false,false,,,sha256:9ed71c5fda16cac5da1d7b3429fa1f1aeead33446674e1b3d9ec307f0f6b6a68,"Review official IR source terms, robots policy, and event identity before permitted acquisition."
dell_2023_q4,DELL,Dell Technologies Inc.,sec_edgar,metadata,sec-edgar://metadata-first/DELL/2023/Q4,sec.gov,metadata_only,sec_metadata_only,false,false,false,false,,,sha256:a87814034cf2a1904aa4fc1dc130f5d9d2ef06d6b4e212b9c406c7d789ffe3f6,Use SEC metadata-first discovery with descriptive User-Agent and <=10 requests/sec.
dell_2023_q4,DELL,Dell Technologies Inc.,youtube,video,https://www.youtube.com/results?search_query=DELL+2023+Q4+earnings+call,www.youtube.com,metadata_only,youtube_media_blocked,false,false,false,false,,,sha256:9371026655be67f8692af2fd9747c85d2c89527226a10e9ce8d9354c7826c8e8,Keep YouTube as metadata/link reference only unless explicit written authorization exists.
dell_2023_q4,DELL,Dell Technologies Inc.,vendor,transcript,licensed-vendor://blocked/DELL/2023/Q4,licensed-vendor,license_required,vendor_license_missing,false,false,false,false,,,sha256:e20cb25ba60e08cc6db6a3106f87502acafbd0db50eb99e71ad8bd868cf04d1e,Register license_config_ref before any vendor raw content use.
hpq_2023_q4,HPQ,HP Inc.,official_ir,transcript,https://investor.hp.com/,investor.hp.com,metadata_only,metadata_only_no_raw_download,false,false,false,false,,,sha256:ca0e9d2ce8440591a0bac5d1886493537302aee7cb47b49e39224e9726a4f1bd,"Review official IR source terms, robots policy, and event identity before permitted acquisition."
hpq_2023_q4,HPQ,HP Inc.,sec_edgar,metadata,sec-edgar://metadata-first/HPQ/2023/Q4,sec.gov,metadata_only,sec_metadata_only,false,false,false,false,,,sha256:9e9ee8a57fbfdc886ff257fc0def0bb1c6c01e4ef65d1ceb48bdea455cb23d1a,Use SEC metadata-first discovery with descriptive User-Agent and <=10 requests/sec.
hpq_2023_q4,HPQ,HP Inc.,youtube,video,https://www.youtube.com/results?search_query=HPQ+2023+Q4+earnings+call,www.youtube.com,metadata_only,youtube_media_blocked,false,false,false,false,,,sha256:99410055f46af030213a3085bdc46c40ec4897ab57ba3909ef5313910052e4df,Keep YouTube as metadata/link reference only unless explicit written authorization exists.
hpq_2023_q4,HPQ,HP Inc.,vendor,transcript,licensed-vendor://blocked/HPQ/2023/Q4,licensed-vendor,license_required,vendor_license_missing,false,false,false,false,,,sha256:ab21cda731c08286c0a3a2b204b5dfc253bbaa752e264e8c9dd00636b8eeea92,Register license_config_ref before any vendor raw content use.
net_2023_q4,NET,"Cloudflare, Inc.",official_ir,transcript,https://cloudflare.net/news-and-events/events-and-presentations,cloudflare.net,metadata_only,metadata_only_no_raw_download,false,false,false,false,,,sha256:3529f1246ee9479106b4a23faec3d0a75b68c81b554db566ddd33d01de709338,"Review official IR source terms, robots policy, and event identity before permitted acquisition."
net_2023_q4,NET,"Cloudflare, Inc.",sec_edgar,metadata,sec-edgar://metadata-first/NET/2023/Q4,sec.gov,metadata_only,sec_metadata_only,false,false,false,false,,,sha256:405e3202aa861bdd929cb0f5334aa3eb14b0461f36c61b67fe6cf09c7692296c,Use SEC metadata-first discovery with descriptive User-Agent and <=10 requests/sec.
net_2023_q4,NET,"Cloudflare, Inc.",youtube,video,https://www.youtube.com/results?search_query=NET+2023+Q4+earnings+call,www.youtube.com,metadata_only,youtube_media_blocked,false,false,false,false,,,sha256:706de0113b75fc65a0ccd9319ef33178662479cd1299e86c60c7e9db9c007350,Keep YouTube as metadata/link reference only unless explicit written authorization exists.
net_2023_q4,NET,"Cloudflare, Inc.",vendor,transcript,licensed-vendor://blocked/NET/2023/Q4,licensed-vendor,license_required,vendor_license_missing,false,false,false,false,,,sha256:69c37efb4e6b516e2e10fc592a8990a8f744c87092dcea4222ebda53b1157e10,Register license_config_ref before any vendor raw content use.
snow_2023_q4,SNOW,Snowflake Inc.,official_ir,transcript,https://investors.snowflake.com/,investors.snowflake.com,metadata_only,metadata_only_no_raw_download,false,false,false,false,,,sha256:e22477594412c8328ac1521fd8b55caa1885115d81caadfe70ab5bf39edbe7e2,"Review official IR source terms, robots policy, and event identity before permitted acquisition."
snow_2023_q4,SNOW,Snowflake Inc.,sec_edgar,metadata,sec-edgar://metadata-first/SNOW/2023/Q4,sec.gov,metadata_only,sec_metadata_only,false,false,false,false,,,sha256:361cfaee6034aa4d9e00c37e96818052fbc8998c8bbd7016828b502f7df312b8,Use SEC metadata-first discovery with descriptive User-Agent and <=10 requests/sec.
snow_2023_q4,SNOW,Snowflake Inc.,youtube,video,https://www.youtube.com/results?search_query=SNOW+2023+Q4+earnings+call,www.youtube.com,metadata_only,youtube_media_blocked,false,false,false,false,,,sha256:f75354c3e602ca6296f36c80d8126f7db9013a565768fb2e6a4dcc5c30269f71,Keep YouTube as metadata/link reference only unless explicit written authorization exists.
snow_2023_q4,SNOW,Snowflake Inc.,vendor,transcript,licensed-vendor://blocked/SNOW/2023/Q4,licensed-vendor,license_required,vendor_license_missing,false,false,false,false,,,sha256:35d967df95ba94be2b32e1a6c5730b5eb6e04a29bdc11aaa29ca93c97c849df3,Register license_config_ref before any vendor raw content use.
jpm_2022_q4,JPM,JPMorgan Chase & Co.,official_ir,transcript,https://www.jpmorganchase.com/ir,www.jpmorganchase.com,metadata_only,metadata_only_no_raw_download,false,false,false,false,,,sha256:5b7ebcd8b983fec92180966ee50d051cc6f43a702707bd7fe7c6dccc772be9d5,"Review official IR source terms, robots policy, and event identity before permitted acquisition."
jpm_2022_q4,JPM,JPMorgan Chase & Co.,sec_edgar,metadata,sec-edgar://metadata-first/JPM/2022/Q4,sec.gov,metadata_only,sec_metadata_only,false,false,false,false,,,sha256:c64655ab809bbb44952f97019b52f91005c42b47c1e8eb553924f19b059e997b,Use SEC metadata-first discovery with descriptive User-Agent and <=10 requests/sec.
jpm_2022_q4,JPM,JPMorgan Chase & Co.,youtube,video,https://www.youtube.com/results?search_query=JPM+2022+Q4+earnings+call,www.youtube.com,metadata_only,youtube_media_blocked,false,false,false,false,,,sha256:85f3d2f2606084d67eb897f4786ef41155800ba71e02606a1ded01dab518ed4d,Keep YouTube as metadata/link reference only unless explicit written authorization exists.
jpm_2022_q4,JPM,JPMorgan Chase & Co.,vendor,transcript,licensed-vendor://blocked/JPM/2022/Q4,licensed-vendor,license_required,vendor_license_missing,false,false,false,false,,,sha256:e5426cda289a594e26eb7367b6b76313412c4aad1212173cc4ddb6fea1e94d5a,Register license_config_ref before any vendor raw content use.
bac_2022_q4,BAC,Bank of America Corporation,official_ir,transcript,https://investor.bankofamerica.com/,investor.bankofamerica.com,metadata_only,metadata_only_no_raw_download,false,false,false,false,,,sha256:e110c5388746ddc7f7a55060ed4eeeaa49aec3e927d30465fee53e4318157d0b,"Review official IR source terms, robots policy, and event identity before permitted acquisition."
bac_2022_q4,BAC,Bank of America Corporation,sec_edgar,metadata,sec-edgar://metadata-first/BAC/2022/Q4,sec.gov,metadata_only,sec_metadata_only,false,false,false,false,,,sha256:46282534b6ec36fb6d20897267335275ca425f1c02834e915665fd21ae373e11,Use SEC metadata-first discovery with descriptive User-Agent and <=10 requests/sec.
bac_2022_q4,BAC,Bank of America Corporation,youtube,video,https://www.youtube.com/results?search_query=BAC+2022+Q4+earnings+call,www.youtube.com,metadata_only,youtube_media_blocked,false,false,false,false,,,sha256:7db617887f06465997c0921b60f92df9949bf8ca95ee72d93bd927102484c594,Keep YouTube as metadata/link reference only unless explicit written authorization exists.
bac_2022_q4,BAC,Bank of America Corporation,vendor,transcript,licensed-vendor://blocked/BAC/2022/Q4,licensed-vendor,license_required,vendor_license_missing,false,false,false,false,,,sha256:d4c774cf7ab110be839f7559a537f7fca5ca9fe935b02eb4a36fa0d846e4e321,Register license_config_ref before any vendor raw content use.
c_2022_q4,C,Citigroup Inc.,official_ir,transcript,https://www.citigroup.com/global/investors,www.citigroup.com,metadata_only,metadata_only_no_raw_download,false,false,false,false,,,sha256:b952435365341b128fef527bc959805f29d56fb1f4e3739becef3c36beb1684d,"Review official IR source terms, robots policy, and event identity before permitted acquisition."
c_2022_q4,C,Citigroup Inc.,sec_edgar,metadata,sec-edgar://metadata-first/C/2022/Q4,sec.gov,metadata_only,sec_metadata_only,false,false,false,false,,,sha256:1af6e235407a59ad26b6b6c183352df0946eb3f6486f29492fe6142e246f43b6,Use SEC metadata-first discovery with descriptive User-Agent and <=10 requests/sec.
c_2022_q4,C,Citigroup Inc.,youtube,video,https://www.youtube.com/results?search_query=C+2022+Q4+earnings+call,www.youtube.com,metadata_only,youtube_media_blocked,false,false,false,false,,,sha256:6aac8be23320d3446505edefadc220fbee0441c91f935618ba33e3e54f9270a8,Keep YouTube as metadata/link reference only unless explicit written authorization exists.
c_2022_q4,C,Citigroup Inc.,vendor,transcript,licensed-vendor://blocked/C/2022/Q4,licensed-vendor,license_required,vendor_license_missing,false,false,false,false,,,sha256:ffe3164a712a30a164095f3e53eea125456594b7737a4d529bf55f87ab07f23e,Register license_config_ref before any vendor raw content use.
wfc_2022_q4,WFC,Wells Fargo & Company,official_ir,transcript,https://www.wellsfargo.com/about/investor-relations/,www.wellsfargo.com,metadata_only,metadata_only_no_raw_download,false,false,false,false,,,sha256:9c7dc510e0fe6790e8834600edcfcbc79aec01c2410e701c72ffd9e67639de95,"Review official IR source terms, robots policy, and event identity before permitted acquisition."
wfc_2022_q4,WFC,Wells Fargo & Company,sec_edgar,metadata,sec-edgar://metadata-first/WFC/2022/Q4,sec.gov,metadata_only,sec_metadata_only,false,false,false,false,,,sha256:7e13b97664b3cccff7d313a2a484157ba095f4db5ca971e2592153adf3e90f36,Use SEC metadata-first discovery with descriptive User-Agent and <=10 requests/sec.
wfc_2022_q4,WFC,Wells Fargo & Company,youtube,video,https://www.youtube.com/results?search_query=WFC+2022+Q4+earnings+call,www.youtube.com,metadata_only,youtube_media_blocked,false,false,false,false,,,sha256:38d3a44fd8385293bc596b3b975b567c9ecf1367d33cfe4e7a2458d11072fc10,Keep YouTube as metadata/link reference only unless explicit written authorization exists.
wfc_2022_q4,WFC,Wells Fargo & Company,vendor,transcript,licensed-vendor://blocked/WFC/2022/Q4,licensed-vendor,license_required,vendor_license_missing,false,false,false,false,,,sha256:d7d0f5d4d3188d32273ae8bf521e6c5640b5d86bf80a4ace53e4aa36eb44f92b,Register license_config_ref before any vendor raw content use.
gs_2022_q4,GS,"The Goldman Sachs Group, Inc.",official_ir,transcript,https://www.goldmansachs.com/investor-relations/,www.goldmansachs.com,metadata_only,metadata_only_no_raw_download,false,false,false,false,,,sha256:b6a74cda3e211811dde89d56a6837a839e761c6cb4a5a8b246bc56609e01f768,"Review official IR source terms, robots policy, and event identity before permitted acquisition."
gs_2022_q4,GS,"The Goldman Sachs Group, Inc.",sec_edgar,metadata,sec-edgar://metadata-first/GS/2022/Q4,sec.gov,metadata_only,sec_metadata_only,false,false,false,false,,,sha256:097184b7e6e74fee50cc8e74f080c59821306376f394a0c92bd4bf08ecb92120,Use SEC metadata-first discovery with descriptive User-Agent and <=10 requests/sec.
gs_2022_q4,GS,"The Goldman Sachs Group, Inc.",youtube,video,https://www.youtube.com/results?search_query=GS+2022+Q4+earnings+call,www.youtube.com,metadata_only,youtube_media_blocked,false,false,false,false,,,sha256:75eba2fb4f917df3c59cd44a3139cf7d0982f16546644605ed077497cd5d6461,Keep YouTube as metadata/link reference only unless explicit written authorization exists.
gs_2022_q4,GS,"The Goldman Sachs Group, Inc.",vendor,transcript,licensed-vendor://blocked/GS/2022/Q4,licensed-vendor,license_required,vendor_license_missing,false,false,false,false,,,sha256:3ea9164d58b94616da595e0a55918ae3b15825d28febabfc6c9edae72a401fea,Register license_config_ref before any vendor raw content use.
ms_2022_q4,MS,Morgan Stanley,official_ir,transcript,https://www.morganstanley.com/about-us-ir,www.morganstanley.com,metadata_only,metadata_only_no_raw_download,false,false,false,false,,,sha256:535814378aae94b13d444f85055cd43418cdf21113a997b1070fd057d1fdc4b5,"Review official IR source terms, robots policy, and event identity before permitted acquisition."
ms_2022_q4,MS,Morgan Stanley,sec_edgar,metadata,sec-edgar://metadata-first/MS/2022/Q4,sec.gov,metadata_only,sec_metadata_only,false,false,false,false,,,sha256:1bedb63ddaee0d041b03376639199d68c963edc9601118a017a1e52f89932d4e,Use SEC metadata-first discovery with descriptive User-Agent and <=10 requests/sec.
ms_2022_q4,MS,Morgan Stanley,youtube,video,https://www.youtube.com/results?search_query=MS+2022+Q4+earnings+call,www.youtube.com,metadata_only,youtube_media_blocked,false,false,false,false,,,sha256:79d570e40a7028b5dbd94194d921ef302873d51eedc4f3bd896ff62095f09d8a,Keep YouTube as metadata/link reference only unless explicit written authorization exists.
ms_2022_q4,MS,Morgan Stanley,vendor,transcript,licensed-vendor://blocked/MS/2022/Q4,licensed-vendor,license_required,vendor_license_missing,false,false,false,false,,,sha256:504a64c1cc4fda85c4c9c690ec404745bc4fe3642835cef00c4ffed7d50c410c,Register license_config_ref before any vendor raw content use.
bk_2022_q4,BK,The Bank of New York Mellon Corporation,official_ir,transcript,https://www.bny.com/corporate/global/en/investor-relations.html,www.bny.com,metadata_only,metadata_only_no_raw_download,false,false,false,false,,,sha256:b8e223f65031faf625b50ad776e7bc2dc5ec9e2608694917549d1660eb63bfde,"Review official IR source terms, robots policy, and event identity before permitted acquisition."
bk_2022_q4,BK,The Bank of New York Mellon Corporation,sec_edgar,metadata,sec-edgar://metadata-first/BK/2022/Q4,sec.gov,metadata_only,sec_metadata_only,false,false,false,false,,,sha256:588541481400a0a330233c85821954cc436f1791b72751b4b18d6deb9ee730bb,Use SEC metadata-first discovery with descriptive User-Agent and <=10 requests/sec.
bk_2022_q4,BK,The Bank of New York Mellon Corporation,youtube,video,https://www.youtube.com/results?search_query=BK+2022+Q4+earnings+call,www.youtube.com,metadata_only,youtube_media_blocked,false,false,false,false,,,sha256:0cc2ae5aa15aa832a1e6eabd275cc84a27aae2de8708df569482037be5f52839,Keep YouTube as metadata/link reference only unless explicit written authorization exists.
bk_2022_q4,BK,The Bank of New York Mellon Corporation,vendor,transcript,licensed-vendor://blocked/BK/2022/Q4,licensed-vendor,license_required,vendor_license_missing,false,false,false,false,,,sha256:a9ac43f838f356cc22a750c6dcacbbf7d9f96ffd5c662014da057388682171fc,Register license_config_ref before any vendor raw content use.
stt_2022_q4,STT,State Street Corporation,official_ir,transcript,https://investors.statestreet.com/,investors.statestreet.com,metadata_only,metadata_only_no_raw_download,false,false,false,false,,,sha256:7c88c7f7a48663ab61754f9bb229f5ae56a90d781106bcac98c532f34628be2e,"Review official IR source terms, robots policy, and event identity before permitted acquisition."
stt_2022_q4,STT,State Street Corporation,sec_edgar,metadata,sec-edgar://metadata-first/STT/2022/Q4,sec.gov,metadata_only,sec_metadata_only,false,false,false,false,,,sha256:8e49d84e5d30265d63ede907018fd96a8d64aeb371a4ecc6eacc9b4e7c1539f1,Use SEC metadata-first discovery with descriptive User-Agent and <=10 requests/sec.
stt_2022_q4,STT,State Street Corporation,youtube,video,https://www.youtube.com/results?search_query=STT+2022+Q4+earnings+call,www.youtube.com,metadata_only,youtube_media_blocked,false,false,false,false,,,sha256:a8009f27fdb6c3b458ba467eec16605aece835ed8f7f14a0ed620c9add91cb3b,Keep YouTube as metadata/link reference only unless explicit written authorization exists.
stt_2022_q4,STT,State Street Corporation,vendor,transcript,licensed-vendor://blocked/STT/2022/Q4,licensed-vendor,license_required,vendor_license_missing,false,false,false,false,,,sha256:d94df947ecb58e0a91fcc44072cc50e8df3e7e43322793a28fea1c1e5f72debd,Register license_config_ref before any vendor raw content use.
usb_2022_q4,USB,U.S. Bancorp,official_ir,transcript,https://ir.usbank.com/,ir.usbank.com,metadata_only,metadata_only_no_raw_download,false,false,false,false,,,sha256:a87d69e45f87fa64e4a6113ca0807accef06c9dce1fc697a517cd35a602dfb76,"Review official IR source terms, robots policy, and event identity before permitted acquisition."
usb_2022_q4,USB,U.S. Bancorp,sec_edgar,metadata,sec-edgar://metadata-first/USB/2022/Q4,sec.gov,metadata_only,sec_metadata_only,false,false,false,false,,,sha256:a042829ef58dc6e5ad121de6af28c96b6d7688a210e0de438db61dc6f10c0b44,Use SEC metadata-first discovery with descriptive User-Agent and <=10 requests/sec.
usb_2022_q4,USB,U.S. Bancorp,youtube,video,https://www.youtube.com/results?search_query=USB+2022+Q4+earnings+call,www.youtube.com,metadata_only,youtube_media_blocked,false,false,false,false,,,sha256:b512fb9426eee1985de23bad90fce96b37e79e2cfcb9251ee5735d71c1670a6a,Keep YouTube as metadata/link reference only unless explicit written authorization exists.
usb_2022_q4,USB,U.S. Bancorp,vendor,transcript,licensed-vendor://blocked/USB/2022/Q4,licensed-vendor,license_required,vendor_license_missing,false,false,false,false,,,sha256:2eac8f022f44c34a7e8f742102e622f5a2c5d468f0dcaab4d54a7dfdb4e8f4ee,Register license_config_ref before any vendor raw content use.
pnc_2022_q4,PNC,"The PNC Financial Services Group, Inc.",official_ir,transcript,https://investor.pnc.com/,investor.pnc.com,metadata_only,metadata_only_no_raw_download,false,false,false,false,,,sha256:923fb65043d2dcb8799cc929ae0a1c9863d07fca9e5c57ea98edbf406c18e212,"Review official IR source terms, robots policy, and event identity before permitted acquisition."
pnc_2022_q4,PNC,"The PNC Financial Services Group, Inc.",sec_edgar,metadata,sec-edgar://metadata-first/PNC/2022/Q4,sec.gov,metadata_only,sec_metadata_only,false,false,false,false,,,sha256:566378533a533860da69b4e5d739a9ebfbab598684acaf7c71911b280692484f,Use SEC metadata-first discovery with descriptive User-Agent and <=10 requests/sec.
pnc_2022_q4,PNC,"The PNC Financial Services Group, Inc.",youtube,video,https://www.youtube.com/results?search_query=PNC+2022+Q4+earnings+call,www.youtube.com,metadata_only,youtube_media_blocked,false,false,false,false,,,sha256:9b46362fb64c68f86b5e103e0bfbc8446d76e51c392658715c19bc0d6554e69d,Keep YouTube as metadata/link reference only unless explicit written authorization exists.
pnc_2022_q4,PNC,"The PNC Financial Services Group, Inc.",vendor,transcript,licensed-vendor://blocked/PNC/2022/Q4,licensed-vendor,license_required,vendor_license_missing,false,false,false,false,,,sha256:789d76c224f3c35007b48610aafe15c551a2eebd37e9583d5624e56cfc0b3ad0,Register license_config_ref before any vendor raw content use.
tfc_2022_q4,TFC,Truist Financial Corporation,official_ir,transcript,https://ir.truist.com/,ir.truist.com,metadata_only,metadata_only_no_raw_download,false,false,false,false,,,sha256:1e05d4a84e7b0734bdcde017354ac4f47e59d3ddcba82b7b3a8324ae7abf30bc,"Review official IR source terms, robots policy, and event identity before permitted acquisition."
tfc_2022_q4,TFC,Truist Financial Corporation,sec_edgar,metadata,sec-edgar://metadata-first/TFC/2022/Q4,sec.gov,metadata_only,sec_metadata_only,false,false,false,false,,,sha256:4b3aa7ac0a3b2e5f36f1ff0eb2c41a01f359e7a2be0d846dbf9f2f3e68a8bfd6,Use SEC metadata-first discovery with descriptive User-Agent and <=10 requests/sec.
tfc_2022_q4,TFC,Truist Financial Corporation,youtube,video,https://www.youtube.com/results?search_query=TFC+2022+Q4+earnings+call,www.youtube.com,metadata_only,youtube_media_blocked,false,false,false,false,,,sha256:093abf6930c54d6220331e2b064577143da6965341d623670cccc9ceacc1666f,Keep YouTube as metadata/link reference only unless explicit written authorization exists.
tfc_2022_q4,TFC,Truist Financial Corporation,vendor,transcript,licensed-vendor://blocked/TFC/2022/Q4,licensed-vendor,license_required,vendor_license_missing,false,false,false,false,,,sha256:6adf0fe1488c7367c9df8d0bd3fd72d9d3878634a02111dffc592028ce37c5f2,Register license_config_ref before any vendor raw content use.
cof_2022_q4,COF,Capital One Financial Corporation,official_ir,transcript,https://investor.capitalone.com/,investor.capitalone.com,metadata_only,metadata_only_no_raw_download,false,false,false,false,,,sha256:83964bea249820d5c31c63c3b8061383bab6e92258425207778257f9c6e89e0a,"Review official IR source terms, robots policy, and event identity before permitted acquisition."
cof_2022_q4,COF,Capital One Financial Corporation,sec_edgar,metadata,sec-edgar://metadata-first/COF/2022/Q4,sec.gov,metadata_only,sec_metadata_only,false,false,false,false,,,sha256:7f2b535f4b9f41da5a70e18a6f5f8c4346a7c22c2737319170468057525814c5,Use SEC metadata-first discovery with descriptive User-Agent and <=10 requests/sec.
cof_2022_q4,COF,Capital One Financial Corporation,youtube,video,https://www.youtube.com/results?search_query=COF+2022+Q4+earnings+call,www.youtube.com,metadata_only,youtube_media_blocked,false,false,false,false,,,sha256:27c76aed139c677da38888dcfd45857339864078a273fa8eae7944af43c15ee3,Keep YouTube as metadata/link reference only unless explicit written authorization exists.
cof_2022_q4,COF,Capital One Financial Corporation,vendor,transcript,licensed-vendor://blocked/COF/2022/Q4,licensed-vendor,license_required,vendor_license_missing,false,false,false,false,,,sha256:41a6b86b16d183dbb8d3741046bc26460332109ed7c6a3a0b6d132bc2b4d3caa,Register license_config_ref before any vendor raw content use.
axp_2022_q4,AXP,American Express Company,official_ir,transcript,https://ir.americanexpress.com/,ir.americanexpress.com,metadata_only,metadata_only_no_raw_download,false,false,false,false,,,sha256:773d3effebb4d2a4774b6e759b8959e70f9089c7572d9e14d53529cbc1474232,"Review official IR source terms, robots policy, and event identity before permitted acquisition."
axp_2022_q4,AXP,American Express Company,sec_edgar,metadata,sec-edgar://metadata-first/AXP/2022/Q4,sec.gov,metadata_only,sec_metadata_only,false,false,false,false,,,sha256:24a2315aab0134c3e7aa790ac6f0e688c066b1b1d7545d7a390ae6775ce7a365,Use SEC metadata-first discovery with descriptive User-Agent and <=10 requests/sec.
axp_2022_q4,AXP,American Express Company,youtube,video,https://www.youtube.com/results?search_query=AXP+2022+Q4+earnings+call,www.youtube.com,metadata_only,youtube_media_blocked,false,false,false,false,,,sha256:58aff011360dbbc1eeb2eb9c3e5e5d6042d9a6464b7cd06c0f75cffdc3f11258,Keep YouTube as metadata/link reference only unless explicit written authorization exists.
axp_2022_q4,AXP,American Express Company,vendor,transcript,licensed-vendor://blocked/AXP/2022/Q4,licensed-vendor,license_required,vendor_license_missing,false,false,false,false,,,sha256:f5193920b4f62051b73bc2226e2fd6b5a2d25cc2a1174d4a10f8c439d72ff961,Register license_config_ref before any vendor raw content use.
v_2022_q4,V,Visa Inc.,official_ir,transcript,https://investor.visa.com/,investor.visa.com,metadata_only,metadata_only_no_raw_download,false,false,false,false,,,sha256:686d32b4c25cace124a6e1a636ccd3a10151ee718219acfaea660540f948b2fa,"Review official IR source terms, robots policy, and event identity before permitted acquisition."
v_2022_q4,V,Visa Inc.,sec_edgar,metadata,sec-edgar://metadata-first/V/2022/Q4,sec.gov,metadata_only,sec_metadata_only,false,false,false,false,,,sha256:ac491122de63724d11e59e6e886ede0970361b9004689b66724a620923b297bb,Use SEC metadata-first discovery with descriptive User-Agent and <=10 requests/sec.
v_2022_q4,V,Visa Inc.,youtube,video,https://www.youtube.com/results?search_query=V+2022+Q4+earnings+call,www.youtube.com,metadata_only,youtube_media_blocked,false,false,false,false,,,sha256:05fd12932d713fa36d755946327f93b7cbfdeaf63bfd4d6e61660b755a59cecb,Keep YouTube as metadata/link reference only unless explicit written authorization exists.
v_2022_q4,V,Visa Inc.,vendor,transcript,licensed-vendor://blocked/V/2022/Q4,licensed-vendor,license_required,vendor_license_missing,false,false,false,false,,,sha256:06c8a34065237fcdbae718bddc2d00cb28115e9b3848730107879a1f9b7765a0,Register license_config_ref before any vendor raw content use.
ma_2022_q4,MA,Mastercard Incorporated,official_ir,transcript,https://investor.mastercard.com/,investor.mastercard.com,metadata_only,metadata_only_no_raw_download,false,false,false,false,,,sha256:654a302333db32d34955d137b7ea4ed650ec0286545c79b5f69ff6d0a1d3b12e,"Review official IR source terms, robots policy, and event identity before permitted acquisition."
ma_2022_q4,MA,Mastercard Incorporated,sec_edgar,metadata,sec-edgar://metadata-first/MA/2022/Q4,sec.gov,metadata_only,sec_metadata_only,false,false,false,false,,,sha256:bbbd859170176ba6750185cba4e41a290b46771e06f69d442cbdc3202be3aaea,Use SEC metadata-first discovery with descriptive User-Agent and <=10 requests/sec.
ma_2022_q4,MA,Mastercard Incorporated,youtube,video,https://www.youtube.com/results?search_query=MA+2022+Q4+earnings+call,www.youtube.com,metadata_only,youtube_media_blocked,false,false,false,false,,,sha256:c2b0ff7a7661fb7696794df348aaa4ad8689fd2a76a68bfc3e1b89670349b22f,Keep YouTube as metadata/link reference only unless explicit written authorization exists.
ma_2022_q4,MA,Mastercard Incorporated,vendor,transcript,licensed-vendor://blocked/MA/2022/Q4,licensed-vendor,license_required,vendor_license_missing,false,false,false,false,,,sha256:6581320e8c407df679ce62f1e990cea1a718a46d9df97539bfff841793692027,Register license_config_ref before any vendor raw content use.
fis_2022_q4,FIS,"Fidelity National Information Services, Inc.",official_ir,transcript,https://investor.fisglobal.com/,investor.fisglobal.com,metadata_only,metadata_only_no_raw_download,false,false,false,false,,,sha256:6a29a0733a985be7e02140db765758b0d2c771a5e46c6547fe9d7d6007ed5eae,"Review official IR source terms, robots policy, and event identity before permitted acquisition."
fis_2022_q4,FIS,"Fidelity National Information Services, Inc.",sec_edgar,metadata,sec-edgar://metadata-first/FIS/2022/Q4,sec.gov,metadata_only,sec_metadata_only,false,false,false,false,,,sha256:826096661b3bcda9058028e391fe2ca7f226658fc5041ddcba42d4424a037b55,Use SEC metadata-first discovery with descriptive User-Agent and <=10 requests/sec.
fis_2022_q4,FIS,"Fidelity National Information Services, Inc.",youtube,video,https://www.youtube.com/results?search_query=FIS+2022+Q4+earnings+call,www.youtube.com,metadata_only,youtube_media_blocked,false,false,false,false,,,sha256:c63c347b433b64a3b6143e3a8cc768a8a559622f51cb9e0dfa917fc8adfcb73a,Keep YouTube as metadata/link reference only unless explicit written authorization exists.
fis_2022_q4,FIS,"Fidelity National Information Services, Inc.",vendor,transcript,licensed-vendor://blocked/FIS/2022/Q4,licensed-vendor,license_required,vendor_license_missing,false,false,false,false,,,sha256:54cd02206ffec10418472a497391ccf677b9ea7027948f62b03972c18a3e1b14,Register license_config_ref before any vendor raw content use.
gpn_2022_q4,GPN,Global Payments Inc.,official_ir,transcript,https://investors.globalpayments.com/,investors.globalpayments.com,metadata_only,metadata_only_no_raw_download,false,false,false,false,,,sha256:a6b299dc307cf174d9b6221198a1a6beb5ffdd78b04da60e64f00e60985018a2,"Review official IR source terms, robots policy, and event identity before permitted acquisition."
gpn_2022_q4,GPN,Global Payments Inc.,sec_edgar,metadata,sec-edgar://metadata-first/GPN/2022/Q4,sec.gov,metadata_only,sec_metadata_only,false,false,false,false,,,sha256:c063de31503cb5a0bb16a3b9de93d550ecffd276c7e99f2574982304f79eca38,Use SEC metadata-first discovery with descriptive User-Agent and <=10 requests/sec.
gpn_2022_q4,GPN,Global Payments Inc.,youtube,video,https://www.youtube.com/results?search_query=GPN+2022+Q4+earnings+call,www.youtube.com,metadata_only,youtube_media_blocked,false,false,false,false,,,sha256:45c716680adb1399dadfea637247757972f124b731fb8f13f15fab999e6c6b92,Keep YouTube as metadata/link reference only unless explicit written authorization exists.
gpn_2022_q4,GPN,Global Payments Inc.,vendor,transcript,licensed-vendor://blocked/GPN/2022/Q4,licensed-vendor,license_required,vendor_license_missing,false,false,false,false,,,sha256:38f3151d0d926749e611cd82bd43f163491f48525ba8996d98a30ce33a095f41,Register license_config_ref before any vendor raw content use.
blk_2022_q4,BLK,"BlackRock, Inc.",official_ir,transcript,https://ir.blackrock.com/,ir.blackrock.com,metadata_only,metadata_only_no_raw_download,false,false,false,false,,,sha256:1ffea9b992d43f10fb5c091901351d70e8f682c77c9f081971abc0a1619859a8,"Review official IR source terms, robots policy, and event identity before permitted acquisition."
blk_2022_q4,BLK,"BlackRock, Inc.",sec_edgar,metadata,sec-edgar://metadata-first/BLK/2022/Q4,sec.gov,metadata_only,sec_metadata_only,false,false,false,false,,,sha256:8231af93114d48a2c98215343a992fc5ff205dc58ed1d0661b3dce61294e9f7e,Use SEC metadata-first discovery with descriptive User-Agent and <=10 requests/sec.
blk_2022_q4,BLK,"BlackRock, Inc.",youtube,video,https://www.youtube.com/results?search_query=BLK+2022+Q4+earnings+call,www.youtube.com,metadata_only,youtube_media_blocked,false,false,false,false,,,sha256:dd05722480bb988d997469b0952ecbb24abc357a9cd2010592d0d475f35b9e81,Keep YouTube as metadata/link reference only unless explicit written authorization exists.
blk_2022_q4,BLK,"BlackRock, Inc.",vendor,transcript,licensed-vendor://blocked/BLK/2022/Q4,licensed-vendor,license_required,vendor_license_missing,false,false,false,false,,,sha256:2033fa7441cdbdeb16b210a290028991aaa0e348cd085b25b02d19b8be70b736,Register license_config_ref before any vendor raw content use.
bx_2022_q4,BX,Blackstone Inc.,official_ir,transcript,https://ir.blackstone.com/,ir.blackstone.com,metadata_only,metadata_only_no_raw_download,false,false,false,false,,,sha256:9d422432e6afc1671c76a37010c11cb0e9a661ddc72749a24ee0537a7d476b54,"Review official IR source terms, robots policy, and event identity before permitted acquisition."
bx_2022_q4,BX,Blackstone Inc.,sec_edgar,metadata,sec-edgar://metadata-first/BX/2022/Q4,sec.gov,metadata_only,sec_metadata_only,false,false,false,false,,,sha256:3a5b1ebfd3d753542ed6f9cde864476691cd00a83fe36159690db70063e06b58,Use SEC metadata-first discovery with descriptive User-Agent and <=10 requests/sec.
bx_2022_q4,BX,Blackstone Inc.,youtube,video,https://www.youtube.com/results?search_query=BX+2022+Q4+earnings+call,www.youtube.com,metadata_only,youtube_media_blocked,false,false,false,false,,,sha256:d0613dc36795defef70e160c61988b2805c0be340b8e0d7d85483f8be9210aaf,Keep YouTube as metadata/link reference only unless explicit written authorization exists.
bx_2022_q4,BX,Blackstone Inc.,vendor,transcript,licensed-vendor://blocked/BX/2022/Q4,licensed-vendor,license_required,vendor_license_missing,false,false,false,false,,,sha256:b892bebd664d2f35d118dbb881e721e4f1162c12c6c19cc2ef6895aae02707a7,Register license_config_ref before any vendor raw content use.
schw_2022_q4,SCHW,The Charles Schwab Corporation,official_ir,transcript,https://www.aboutschwab.com/investor-relations,www.aboutschwab.com,metadata_only,metadata_only_no_raw_download,false,false,false,false,,,sha256:8824e1b53c5a538e0db890010f0d8d4d9dddaf361c6c98b2eb8081e2915de0de,"Review official IR source terms, robots policy, and event identity before permitted acquisition."
schw_2022_q4,SCHW,The Charles Schwab Corporation,sec_edgar,metadata,sec-edgar://metadata-first/SCHW/2022/Q4,sec.gov,metadata_only,sec_metadata_only,false,false,false,false,,,sha256:a048373192e29c6ccf18ef677c89a915dc2f92f3be40f5daed7c0ecb58acb423,Use SEC metadata-first discovery with descriptive User-Agent and <=10 requests/sec.
schw_2022_q4,SCHW,The Charles Schwab Corporation,youtube,video,https://www.youtube.com/results?search_query=SCHW+2022+Q4+earnings+call,www.youtube.com,metadata_only,youtube_media_blocked,false,false,false,false,,,sha256:ee508883ab5b78dbfbe2283711661dc33a238435d172c3b988772c9c66c86dea,Keep YouTube as metadata/link reference only unless explicit written authorization exists.
schw_2022_q4,SCHW,The Charles Schwab Corporation,vendor,transcript,licensed-vendor://blocked/SCHW/2022/Q4,licensed-vendor,license_required,vendor_license_missing,false,false,false,false,,,sha256:d225c5923e48ca22be73d4eb8a4dd5ec9c8168048f4ff2bdc7f884ca399566d6,Register license_config_ref before any vendor raw content use.
ice_2022_q4,ICE,"Intercontinental Exchange, Inc.",official_ir,transcript,https://ir.theice.com/,ir.theice.com,metadata_only,metadata_only_no_raw_download,false,false,false,false,,,sha256:1c8f573df1a55666920baf0f70a81a99a3bc82a345d5c18bca5bc046b73f7d05,"Review official IR source terms, robots policy, and event identity before permitted acquisition."
ice_2022_q4,ICE,"Intercontinental Exchange, Inc.",sec_edgar,metadata,sec-edgar://metadata-first/ICE/2022/Q4,sec.gov,metadata_only,sec_metadata_only,false,false,false,false,,,sha256:b9362d32675282109c7aea942ac3c994311f778ccc8c69a783e9b735b233054c,Use SEC metadata-first discovery with descriptive User-Agent and <=10 requests/sec.
ice_2022_q4,ICE,"Intercontinental Exchange, Inc.",youtube,video,https://www.youtube.com/results?search_query=ICE+2022+Q4+earnings+call,www.youtube.com,metadata_only,youtube_media_blocked,false,false,false,false,,,sha256:8eaaaf9464b310f8bd78021d3efceca08341bd66418607576e48fb83eed0d123,Keep YouTube as metadata/link reference only unless explicit written authorization exists.
ice_2022_q4,ICE,"Intercontinental Exchange, Inc.",vendor,transcript,licensed-vendor://blocked/ICE/2022/Q4,licensed-vendor,license_required,vendor_license_missing,false,false,false,false,,,sha256:717194485b6a3c5a95e36e0273a6e5c1412636293a5faad2122f04e01570923b,Register license_config_ref before any vendor raw content use.
spgi_2022_q4,SPGI,S&P Global Inc.,official_ir,transcript,https://investor.spglobal.com/,investor.spglobal.com,metadata_only,metadata_only_no_raw_download,false,false,false,false,,,sha256:d82ba48f4a7807a46d311d3dc19219cb194738943ee863b8a22bfc62ec32c517,"Review official IR source terms, robots policy, and event identity before permitted acquisition."
spgi_2022_q4,SPGI,S&P Global Inc.,sec_edgar,metadata,sec-edgar://metadata-first/SPGI/2022/Q4,sec.gov,metadata_only,sec_metadata_only,false,false,false,false,,,sha256:49801589a3d80a2a012cea235cd5fe7e76b1121305a6fb7dba7f79af36378c93,Use SEC metadata-first discovery with descriptive User-Agent and <=10 requests/sec.
spgi_2022_q4,SPGI,S&P Global Inc.,youtube,video,https://www.youtube.com/results?search_query=SPGI+2022+Q4+earnings+call,www.youtube.com,metadata_only,youtube_media_blocked,false,false,false,false,,,sha256:f8dcf4d54eeeca7a7dd9dae531104f3e3812a74b7ae35025d8044a0abca500d0,Keep YouTube as metadata/link reference only unless explicit written authorization exists.
spgi_2022_q4,SPGI,S&P Global Inc.,vendor,transcript,licensed-vendor://blocked/SPGI/2022/Q4,licensed-vendor,license_required,vendor_license_missing,false,false,false,false,,,sha256:05a534ce914662ff852c0b65e1cc3599742c4598b8b99035378d4335a8e94362,Register license_config_ref before any vendor raw content use.
mco_2022_q4,MCO,Moody's Corporation,official_ir,transcript,https://ir.moodys.com/,ir.moodys.com,metadata_only,metadata_only_no_raw_download,false,false,false,false,,,sha256:c93fba715fffbaf6203b8973a01a5a3ec365a2db9f6f05ac24ad5006b9eb8518,"Review official IR source terms, robots policy, and event identity before permitted acquisition."
mco_2022_q4,MCO,Moody's Corporation,sec_edgar,metadata,sec-edgar://metadata-first/MCO/2022/Q4,sec.gov,metadata_only,sec_metadata_only,false,false,false,false,,,sha256:2f04b8ea5cb56e28e88bd2519cfb1107ac98eb9dd19463166b2ea9207cf815fe,Use SEC metadata-first discovery with descriptive User-Agent and <=10 requests/sec.
mco_2022_q4,MCO,Moody's Corporation,youtube,video,https://www.youtube.com/results?search_query=MCO+2022+Q4+earnings+call,www.youtube.com,metadata_only,youtube_media_blocked,false,false,false,false,,,sha256:793e8c2d1b6f1913eedc22d9d42500b640c3809b50b80d25d2a68d032c258c1d,Keep YouTube as metadata/link reference only unless explicit written authorization exists.
mco_2022_q4,MCO,Moody's Corporation,vendor,transcript,licensed-vendor://blocked/MCO/2022/Q4,licensed-vendor,license_required,vendor_license_missing,false,false,false,false,,,sha256:c0416ee52897bf74df6e660eb3f85bc93a02655cbb4eebfe2a046df9c5054272,Register license_config_ref before any vendor raw content use.
aon_2022_q4,AON,Aon plc,official_ir,transcript,https://investors.aon.com/,investors.aon.com,metadata_only,metadata_only_no_raw_download,false,false,false,false,,,sha256:4988cda54f06809b7cf34c59fac761bb2314692833d96ebf31d4f20571cc9897,"Review official IR source terms, robots policy, and event identity before permitted acquisition."
aon_2022_q4,AON,Aon plc,sec_edgar,metadata,sec-edgar://metadata-first/AON/2022/Q4,sec.gov,metadata_only,sec_metadata_only,false,false,false,false,,,sha256:2ec3d72ac8f7110279995021e06f97e472b8ca2f5f5256decba83b1217bcae94,Use SEC metadata-first discovery with descriptive User-Agent and <=10 requests/sec.
aon_2022_q4,AON,Aon plc,youtube,video,https://www.youtube.com/results?search_query=AON+2022+Q4+earnings+call,www.youtube.com,metadata_only,youtube_media_blocked,false,false,false,false,,,sha256:594b0031f72b2914b31b112c7aceedd6cbd7b1f55c3f5bc9608e2e0ae7a20b37,Keep YouTube as metadata/link reference only unless explicit written authorization exists.
aon_2022_q4,AON,Aon plc,vendor,transcript,licensed-vendor://blocked/AON/2022/Q4,licensed-vendor,license_required,vendor_license_missing,false,false,false,false,,,sha256:f3531c086529b1be71c380409e8ccd951eb0ed78a35ff109a9822077fd174e80,Register license_config_ref before any vendor raw content use.
aig_2022_q4,AIG,"American International Group, Inc.",official_ir,transcript,https://www.aig.com/investor-relations,www.aig.com,metadata_only,metadata_only_no_raw_download,false,false,false,false,,,sha256:a7eff18a2739e236c9f188bcf2bf8c279a097d9321226d76d1a0bca6666e88f8,"Review official IR source terms, robots policy, and event identity before permitted acquisition."
aig_2022_q4,AIG,"American International Group, Inc.",sec_edgar,metadata,sec-edgar://metadata-first/AIG/2022/Q4,sec.gov,metadata_only,sec_metadata_only,false,false,false,false,,,sha256:f1608d8d6ad287e81ac93e28fcea1d02ce297bc8579835d0d7b9763d6e2108bc,Use SEC metadata-first discovery with descriptive User-Agent and <=10 requests/sec.
aig_2022_q4,AIG,"American International Group, Inc.",youtube,video,https://www.youtube.com/results?search_query=AIG+2022+Q4+earnings+call,www.youtube.com,metadata_only,youtube_media_blocked,false,false,false,false,,,sha256:8d0a3a9270bc543beb7cc874e3e46cdd203dd28f9d5fe66310b4500a33039b33,Keep YouTube as metadata/link reference only unless explicit written authorization exists.
aig_2022_q4,AIG,"American International Group, Inc.",vendor,transcript,licensed-vendor://blocked/AIG/2022/Q4,licensed-vendor,license_required,vendor_license_missing,false,false,false,false,,,sha256:198398e57c714a421ec9de420e0d2cf4bafc23c94ff51c2899d28f6e7eebdf30,Register license_config_ref before any vendor raw content use.
met_2022_q4,MET,"MetLife, Inc.",official_ir,transcript,https://investor.metlife.com/,investor.metlife.com,metadata_only,metadata_only_no_raw_download,false,false,false,false,,,sha256:68e497ed12994b89d5959fa322104f226e87d66dc4007f39731fce4e15f46499,"Review official IR source terms, robots policy, and event identity before permitted acquisition."
met_2022_q4,MET,"MetLife, Inc.",sec_edgar,metadata,sec-edgar://metadata-first/MET/2022/Q4,sec.gov,metadata_only,sec_metadata_only,false,false,false,false,,,sha256:b10db02570426076b0ea807d52f1af0bf37ae3c750ff06b3d6c5d63c8595dcaa,Use SEC metadata-first discovery with descriptive User-Agent and <=10 requests/sec.
met_2022_q4,MET,"MetLife, Inc.",youtube,video,https://www.youtube.com/results?search_query=MET+2022+Q4+earnings+call,www.youtube.com,metadata_only,youtube_media_blocked,false,false,false,false,,,sha256:75dc3952d48e3fabd674015f256c71ccb1e9445f5895d8efa62b4b746b2a7b42,Keep YouTube as metadata/link reference only unless explicit written authorization exists.
met_2022_q4,MET,"MetLife, Inc.",vendor,transcript,licensed-vendor://blocked/MET/2022/Q4,licensed-vendor,license_required,vendor_license_missing,false,false,false,false,,,sha256:1746b4d37b018e044cf2ab85b1944ec09810bac54b8293a54d555a23acc5dce6,Register license_config_ref before any vendor raw content use.
pru_2022_q4,PRU,"Prudential Financial, Inc.",official_ir,transcript,https://www.investor.prudential.com/,www.investor.prudential.com,metadata_only,metadata_only_no_raw_download,false,false,false,false,,,sha256:3ae94a78e8215275f00b6349645a3dbbaa0c7487845946089677703a233ddf0f,"Review official IR source terms, robots policy, and event identity before permitted acquisition."
pru_2022_q4,PRU,"Prudential Financial, Inc.",sec_edgar,metadata,sec-edgar://metadata-first/PRU/2022/Q4,sec.gov,metadata_only,sec_metadata_only,false,false,false,false,,,sha256:1388d68ada9fd4def46a2fe79e3ed6e593d9eb6d49469a9e429a9f32d171670f,Use SEC metadata-first discovery with descriptive User-Agent and <=10 requests/sec.
pru_2022_q4,PRU,"Prudential Financial, Inc.",youtube,video,https://www.youtube.com/results?search_query=PRU+2022+Q4+earnings+call,www.youtube.com,metadata_only,youtube_media_blocked,false,false,false,false,,,sha256:094108b4dbfecba19dd4895be37505a04bd8ef6d5d94aa9ab97ba4d92c933b92,Keep YouTube as metadata/link reference only unless explicit written authorization exists.
pru_2022_q4,PRU,"Prudential Financial, Inc.",vendor,transcript,licensed-vendor://blocked/PRU/2022/Q4,licensed-vendor,license_required,vendor_license_missing,false,false,false,false,,,sha256:d05c289bced8f34606bba3e5d366fddfc5430870b01ea5bd4e26a75938ffe35c,Register license_config_ref before any vendor raw content use.
trv_2022_q4,TRV,"The Travelers Companies, Inc.",official_ir,transcript,https://investor.travelers.com/,investor.travelers.com,metadata_only,metadata_only_no_raw_download,false,false,false,false,,,sha256:46f5b41b198763f21cb45fa784f404af3129cbfd0e039fc6c0caf56ce0d6c349,"Review official IR source terms, robots policy, and event identity before permitted acquisition."
trv_2022_q4,TRV,"The Travelers Companies, Inc.",sec_edgar,metadata,sec-edgar://metadata-first/TRV/2022/Q4,sec.gov,metadata_only,sec_metadata_only,false,false,false,false,,,sha256:1249162d6cde7b7fcdf4a2adb439ed1c72089e9450a2c0c18e075e83672b3204,Use SEC metadata-first discovery with descriptive User-Agent and <=10 requests/sec.
trv_2022_q4,TRV,"The Travelers Companies, Inc.",youtube,video,https://www.youtube.com/results?search_query=TRV+2022+Q4+earnings+call,www.youtube.com,metadata_only,youtube_media_blocked,false,false,false,false,,,sha256:5303982e46e532e058b3468f3046dc95be5adb5009ec4fc1935875d0dc2472ce,Keep YouTube as metadata/link reference only unless explicit written authorization exists.
trv_2022_q4,TRV,"The Travelers Companies, Inc.",vendor,transcript,licensed-vendor://blocked/TRV/2022/Q4,licensed-vendor,license_required,vendor_license_missing,false,false,false,false,,,sha256:2dd0984414992e4197f18fe0430cf9edde8dc3283b6e715a070fdbb8be2045e0,Register license_config_ref before any vendor raw content use.
cb_2022_q4,CB,Chubb Limited,official_ir,transcript,https://investors.chubb.com/,investors.chubb.com,metadata_only,metadata_only_no_raw_download,false,false,false,false,,,sha256:bd59378e6fc28cef8a2285695ea47f8a001f261cf9ab7542d7f9e9fb92791c9d,"Review official IR source terms, robots policy, and event identity before permitted acquisition."
cb_2022_q4,CB,Chubb Limited,sec_edgar,metadata,sec-edgar://metadata-first/CB/2022/Q4,sec.gov,metadata_only,sec_metadata_only,false,false,false,false,,,sha256:9962dda3c3ffa3e87ecccfffee224e68a7a248f021a80f46fbd656863ba91e3a,Use SEC metadata-first discovery with descriptive User-Agent and <=10 requests/sec.
cb_2022_q4,CB,Chubb Limited,youtube,video,https://www.youtube.com/results?search_query=CB+2022+Q4+earnings+call,www.youtube.com,metadata_only,youtube_media_blocked,false,false,false,false,,,sha256:d1adf0a93554cb639b6a0b49e552cf5c8450962c2cdf7a36d7091c19869d68ce,Keep YouTube as metadata/link reference only unless explicit written authorization exists.
cb_2022_q4,CB,Chubb Limited,vendor,transcript,licensed-vendor://blocked/CB/2022/Q4,licensed-vendor,license_required,vendor_license_missing,false,false,false,false,,,sha256:487a024bfba20a9b8accae030d49e6378e8aa810a7577f853bb410861d24016a,Register license_config_ref before any vendor raw content use.
jnj_2022_q4,JNJ,Johnson & Johnson,official_ir,transcript,https://www.investor.jnj.com/,www.investor.jnj.com,metadata_only,metadata_only_no_raw_download,false,false,false,false,,,sha256:d873bdc8739205d670ac73b63511a41576da46af22699f45f3811b86be0c62f9,"Review official IR source terms, robots policy, and event identity before permitted acquisition."
jnj_2022_q4,JNJ,Johnson & Johnson,sec_edgar,metadata,sec-edgar://metadata-first/JNJ/2022/Q4,sec.gov,metadata_only,sec_metadata_only,false,false,false,false,,,sha256:36a825a7a4cf0f97e9e67e6833b0e878d1034c099e0047b6970c30ccee3ce2db,Use SEC metadata-first discovery with descriptive User-Agent and <=10 requests/sec.
jnj_2022_q4,JNJ,Johnson & Johnson,youtube,video,https://www.youtube.com/results?search_query=JNJ+2022+Q4+earnings+call,www.youtube.com,metadata_only,youtube_media_blocked,false,false,false,false,,,sha256:32a3f4c516614425a120d7394bb0590335899242964bd5645be325dc952691b0,Keep YouTube as metadata/link reference only unless explicit written authorization exists.
jnj_2022_q4,JNJ,Johnson & Johnson,vendor,transcript,licensed-vendor://blocked/JNJ/2022/Q4,licensed-vendor,license_required,vendor_license_missing,false,false,false,false,,,sha256:d39ae0799898dee104d23fda54634ed276682e1bc45f2e4d07e895f22c34badd,Register license_config_ref before any vendor raw content use.
lly_2022_q4,LLY,Eli Lilly and Company,official_ir,transcript,https://investor.lilly.com/,investor.lilly.com,metadata_only,metadata_only_no_raw_download,false,false,false,false,,,sha256:a0198b4c0d44a8233e8b6edcf3f6e234994bc961dd28a96707646ce19eda3a6c,"Review official IR source terms, robots policy, and event identity before permitted acquisition."
lly_2022_q4,LLY,Eli Lilly and Company,sec_edgar,metadata,sec-edgar://metadata-first/LLY/2022/Q4,sec.gov,metadata_only,sec_metadata_only,false,false,false,false,,,sha256:158ce8391aebceff10a7817c0e9c09d9574e45ed18775aba7bb49d3de56dec42,Use SEC metadata-first discovery with descriptive User-Agent and <=10 requests/sec.
lly_2022_q4,LLY,Eli Lilly and Company,youtube,video,https://www.youtube.com/results?search_query=LLY+2022+Q4+earnings+call,www.youtube.com,metadata_only,youtube_media_blocked,false,false,false,false,,,sha256:8e51eea9c108a26a720c16832e51f56983c60eaf2f7a15cc402649b4b742e312,Keep YouTube as metadata/link reference only unless explicit written authorization exists.
lly_2022_q4,LLY,Eli Lilly and Company,vendor,transcript,licensed-vendor://blocked/LLY/2022/Q4,licensed-vendor,license_required,vendor_license_missing,false,false,false,false,,,sha256:4a9ed9327a442868df2b12c5ef4c1353a41843dfe00cc450fc37cad258049f2d,Register license_config_ref before any vendor raw content use.
mrk_2022_q4,MRK,"Merck & Co., Inc.",official_ir,transcript,https://www.merck.com/investor-relations/,www.merck.com,metadata_only,metadata_only_no_raw_download,false,false,false,false,,,sha256:7d88c5e978f5156882391318f414ccb73bcd7f118f4466e190724f7c6c4451b3,"Review official IR source terms, robots policy, and event identity before permitted acquisition."
mrk_2022_q4,MRK,"Merck & Co., Inc.",sec_edgar,metadata,sec-edgar://metadata-first/MRK/2022/Q4,sec.gov,metadata_only,sec_metadata_only,false,false,false,false,,,sha256:201a1cd0765e2ae8bcbe2a0ae40188b67361e0ed6e165c533d85b77c999ac3f2,Use SEC metadata-first discovery with descriptive User-Agent and <=10 requests/sec.
mrk_2022_q4,MRK,"Merck & Co., Inc.",youtube,video,https://www.youtube.com/results?search_query=MRK+2022+Q4+earnings+call,www.youtube.com,metadata_only,youtube_media_blocked,false,false,false,false,,,sha256:4fd6e5f548e142ef2a2b10edba0cf05b83908d67bc49957e1933d1d659e98442,Keep YouTube as metadata/link reference only unless explicit written authorization exists.
mrk_2022_q4,MRK,"Merck & Co., Inc.",vendor,transcript,licensed-vendor://blocked/MRK/2022/Q4,licensed-vendor,license_required,vendor_license_missing,false,false,false,false,,,sha256:5696230163077a0ed0bd7702582505ebe32633c6638e2208524127d05e47999c,Register license_config_ref before any vendor raw content use.
pfe_2022_q4,PFE,Pfizer Inc.,official_ir,transcript,https://investors.pfizer.com/,investors.pfizer.com,metadata_only,metadata_only_no_raw_download,false,false,false,false,,,sha256:eb26d5cab64919dc79529fb0f7e9f87ba461079905516d9110b32b7e1beb8c8e,"Review official IR source terms, robots policy, and event identity before permitted acquisition."
pfe_2022_q4,PFE,Pfizer Inc.,sec_edgar,metadata,sec-edgar://metadata-first/PFE/2022/Q4,sec.gov,metadata_only,sec_metadata_only,false,false,false,false,,,sha256:68fbd306bb8d226bc70fd992620adc22af19f5b791a967e9ded9e82778afe496,Use SEC metadata-first discovery with descriptive User-Agent and <=10 requests/sec.
pfe_2022_q4,PFE,Pfizer Inc.,youtube,video,https://www.youtube.com/results?search_query=PFE+2022+Q4+earnings+call,www.youtube.com,metadata_only,youtube_media_blocked,false,false,false,false,,,sha256:3c7ba8e956649dfa60768dcec7cc8ae672232bd7111d3297ca670f2ebf8ad1e8,Keep YouTube as metadata/link reference only unless explicit written authorization exists.
pfe_2022_q4,PFE,Pfizer Inc.,vendor,transcript,licensed-vendor://blocked/PFE/2022/Q4,licensed-vendor,license_required,vendor_license_missing,false,false,false,false,,,sha256:c91c13eed4234c53ad6e0085fcab8c595d58a8f9ecfc92e151a672399e160dee,Register license_config_ref before any vendor raw content use.
unh_2022_q4,UNH,UnitedHealth Group Incorporated,official_ir,transcript,https://www.unitedhealthgroup.com/investors.html,www.unitedhealthgroup.com,metadata_only,metadata_only_no_raw_download,false,false,false,false,,,sha256:56a7df90a2ca78b36d01ae553586e8fe20e4180768d1177f3ef4796406897c8e,"Review official IR source terms, robots policy, and event identity before permitted acquisition."
unh_2022_q4,UNH,UnitedHealth Group Incorporated,sec_edgar,metadata,sec-edgar://metadata-first/UNH/2022/Q4,sec.gov,metadata_only,sec_metadata_only,false,false,false,false,,,sha256:f21e4ab0f13baa22a114bac33b1eb7683252b7e0a52d1f7f2c8dd4b3e10722dc,Use SEC metadata-first discovery with descriptive User-Agent and <=10 requests/sec.
unh_2022_q4,UNH,UnitedHealth Group Incorporated,youtube,video,https://www.youtube.com/results?search_query=UNH+2022+Q4+earnings+call,www.youtube.com,metadata_only,youtube_media_blocked,false,false,false,false,,,sha256:73c304df32b02ea85e8a7b09134b1773ce3538d0913976ad0ffda2dc1d332129,Keep YouTube as metadata/link reference only unless explicit written authorization exists.
unh_2022_q4,UNH,UnitedHealth Group Incorporated,vendor,transcript,licensed-vendor://blocked/UNH/2022/Q4,licensed-vendor,license_required,vendor_license_missing,false,false,false,false,,,sha256:8e37cc25239f899a74bbf5671eb2f9ae9ed22e893abcbb7453829c609bc0be1b,Register license_config_ref before any vendor raw content use.
cvs_2022_q4,CVS,CVS Health Corporation,official_ir,transcript,https://investors.cvshealth.com/,investors.cvshealth.com,metadata_only,metadata_only_no_raw_download,false,false,false,false,,,sha256:b1716d61374e64e2e74c08357d6029d817df4fbc07bdb2e4d3b9edeb10811181,"Review official IR source terms, robots policy, and event identity before permitted acquisition."
cvs_2022_q4,CVS,CVS Health Corporation,sec_edgar,metadata,sec-edgar://metadata-first/CVS/2022/Q4,sec.gov,metadata_only,sec_metadata_only,false,false,false,false,,,sha256:2efe1ebefa17a0e740ae74eb2f934f608bf1fa0249a3646439ef4a28028ca6d3,Use SEC metadata-first discovery with descriptive User-Agent and <=10 requests/sec.
cvs_2022_q4,CVS,CVS Health Corporation,youtube,video,https://www.youtube.com/results?search_query=CVS+2022+Q4+earnings+call,www.youtube.com,metadata_only,youtube_media_blocked,false,false,false,false,,,sha256:339032e48f3c8f85a34215beebdc49f3ecd65c8ab6abe2a9fc0b799e0bbb35d3,Keep YouTube as metadata/link reference only unless explicit written authorization exists.
cvs_2022_q4,CVS,CVS Health Corporation,vendor,transcript,licensed-vendor://blocked/CVS/2022/Q4,licensed-vendor,license_required,vendor_license_missing,false,false,false,false,,,sha256:605c35f4c280675f3b7c1f3b75fc0f4077c61110b3199b4b69af0ebb7d6b8986,Register license_config_ref before any vendor raw content use.
abt_2022_q4,ABT,Abbott Laboratories,official_ir,transcript,https://www.abbottinvestor.com/,www.abbottinvestor.com,metadata_only,metadata_only_no_raw_download,false,false,false,false,,,sha256:14aca3093fc67bae83ca3086031ee32aed35ddc389860b9dd9a069f11715212f,"Review official IR source terms, robots policy, and event identity before permitted acquisition."
abt_2022_q4,ABT,Abbott Laboratories,sec_edgar,metadata,sec-edgar://metadata-first/ABT/2022/Q4,sec.gov,metadata_only,sec_metadata_only,false,false,false,false,,,sha256:4955177b5f1e917a6b9adc227f38acbc54317611f7ad5d2b801d5e13d4541dab,Use SEC metadata-first discovery with descriptive User-Agent and <=10 requests/sec.
abt_2022_q4,ABT,Abbott Laboratories,youtube,video,https://www.youtube.com/results?search_query=ABT+2022+Q4+earnings+call,www.youtube.com,metadata_only,youtube_media_blocked,false,false,false,false,,,sha256:c8e2fada71b9f6f225246bde73391cbdfefa0b5156a46b6874324bbee4830a1d,Keep YouTube as metadata/link reference only unless explicit written authorization exists.
abt_2022_q4,ABT,Abbott Laboratories,vendor,transcript,licensed-vendor://blocked/ABT/2022/Q4,licensed-vendor,license_required,vendor_license_missing,false,false,false,false,,,sha256:694054795e9aef4e3751e4bf66e886101ae52fd1a3438c65a0f7cb6df83e2f79,Register license_config_ref before any vendor raw content use.
bmy_2022_q4,BMY,Bristol Myers Squibb Company,official_ir,transcript,https://investors.bms.com/,investors.bms.com,metadata_only,metadata_only_no_raw_download,false,false,false,false,,,sha256:659fad878daec1bf87c640af82df0ecf192a997558243bbe5e5d9bc1bc18eb77,"Review official IR source terms, robots policy, and event identity before permitted acquisition."
bmy_2022_q4,BMY,Bristol Myers Squibb Company,sec_edgar,metadata,sec-edgar://metadata-first/BMY/2022/Q4,sec.gov,metadata_only,sec_metadata_only,false,false,false,false,,,sha256:cc1e3f0363d2a7ae2775f6b31c4f3a77daa31754b5f85bf53db77b120aa459df,Use SEC metadata-first discovery with descriptive User-Agent and <=10 requests/sec.
bmy_2022_q4,BMY,Bristol Myers Squibb Company,youtube,video,https://www.youtube.com/results?search_query=BMY+2022+Q4+earnings+call,www.youtube.com,metadata_only,youtube_media_blocked,false,false,false,false,,,sha256:69e8df667d6ede688a4cb6d1004cc30d6f572d9b70c53ac2ea4af380a1271df6,Keep YouTube as metadata/link reference only unless explicit written authorization exists.
bmy_2022_q4,BMY,Bristol Myers Squibb Company,vendor,transcript,licensed-vendor://blocked/BMY/2022/Q4,licensed-vendor,license_required,vendor_license_missing,false,false,false,false,,,sha256:89e97f59904efe6791a9639434ffa41470e939ef1b1db1684cc06279ee7580b0,Register license_config_ref before any vendor raw content use.
mdt_2022_q4,MDT,Medtronic plc,official_ir,transcript,https://investorrelations.medtronic.com/,investorrelations.medtronic.com,metadata_only,metadata_only_no_raw_download,false,false,false,false,,,sha256:f766fece10971aaa71e0b00e3762c3f3c408d260a49f9ff0349f7410b08478c9,"Review official IR source terms, robots policy, and event identity before permitted acquisition."
mdt_2022_q4,MDT,Medtronic plc,sec_edgar,metadata,sec-edgar://metadata-first/MDT/2022/Q4,sec.gov,metadata_only,sec_metadata_only,false,false,false,false,,,sha256:d0ebd8513028fa91e7c7c9807485f717d8518eb9bdd4f37b4f8444449dd4fbb6,Use SEC metadata-first discovery with descriptive User-Agent and <=10 requests/sec.
mdt_2022_q4,MDT,Medtronic plc,youtube,video,https://www.youtube.com/results?search_query=MDT+2022+Q4+earnings+call,www.youtube.com,metadata_only,youtube_media_blocked,false,false,false,false,,,sha256:d1747aa79dd06379a142ad75913aaf1414265311c19fd252bbaa68f109af76d3,Keep YouTube as metadata/link reference only unless explicit written authorization exists.
mdt_2022_q4,MDT,Medtronic plc,vendor,transcript,licensed-vendor://blocked/MDT/2022/Q4,licensed-vendor,license_required,vendor_license_missing,false,false,false,false,,,sha256:d458fbcbc66248fc9648ccbc999b7203d36c413ceb030a9a1aad349718c51b9a,Register license_config_ref before any vendor raw content use.
tmo_2022_q4,TMO,Thermo Fisher Scientific Inc.,official_ir,transcript,https://ir.thermofisher.com/,ir.thermofisher.com,metadata_only,metadata_only_no_raw_download,false,false,false,false,,,sha256:c5e74a48a8b4ab3b436e5ddde6e70a62f932a51f65a29349df96b4849c9b7de6,"Review official IR source terms, robots policy, and event identity before permitted acquisition."
tmo_2022_q4,TMO,Thermo Fisher Scientific Inc.,sec_edgar,metadata,sec-edgar://metadata-first/TMO/2022/Q4,sec.gov,metadata_only,sec_metadata_only,false,false,false,false,,,sha256:b1acd64529ae5213ab66c461f48eaa32a5609e8cb791afd8287e63a9b3230453,Use SEC metadata-first discovery with descriptive User-Agent and <=10 requests/sec.
tmo_2022_q4,TMO,Thermo Fisher Scientific Inc.,youtube,video,https://www.youtube.com/results?search_query=TMO+2022+Q4+earnings+call,www.youtube.com,metadata_only,youtube_media_blocked,false,false,false,false,,,sha256:51f1ec3bd6294b48d37f36111014a5fd60942dea915ac9d8d8eae0df919013ea,Keep YouTube as metadata/link reference only unless explicit written authorization exists.
tmo_2022_q4,TMO,Thermo Fisher Scientific Inc.,vendor,transcript,licensed-vendor://blocked/TMO/2022/Q4,licensed-vendor,license_required,vendor_license_missing,false,false,false,false,,,sha256:d6a0f03601372b428b1350338bb9c0e8166b634f204a3914030261c72ea9e3e5,Register license_config_ref before any vendor raw content use.
dhr_2022_q4,DHR,Danaher Corporation,official_ir,transcript,https://investors.danaher.com/,investors.danaher.com,metadata_only,metadata_only_no_raw_download,false,false,false,false,,,sha256:eff1587d695ead35d50a9d03b3c569255d6cbefb586113fe44feb03a4caa7126,"Review official IR source terms, robots policy, and event identity before permitted acquisition."
dhr_2022_q4,DHR,Danaher Corporation,sec_edgar,metadata,sec-edgar://metadata-first/DHR/2022/Q4,sec.gov,metadata_only,sec_metadata_only,false,false,false,false,,,sha256:2fbf8b276a5e4fb9e9033ed1b9e513671722ce87d703e9c663300612bc2240b0,Use SEC metadata-first discovery with descriptive User-Agent and <=10 requests/sec.
dhr_2022_q4,DHR,Danaher Corporation,youtube,video,https://www.youtube.com/results?search_query=DHR+2022+Q4+earnings+call,www.youtube.com,metadata_only,youtube_media_blocked,false,false,false,false,,,sha256:7cc99fb984bbe2e3557fe2a9276a3f21476b27bf5b5dd57ffc7c47539910f17f,Keep YouTube as metadata/link reference only unless explicit written authorization exists.
dhr_2022_q4,DHR,Danaher Corporation,vendor,transcript,licensed-vendor://blocked/DHR/2022/Q4,licensed-vendor,license_required,vendor_license_missing,false,false,false,false,,,sha256:d71621837c58fe7cf65408052516ab88d4c0d6bcbbd89726288878c1ff4f3b15,Register license_config_ref before any vendor raw content use.
bdx_2022_q4,BDX,"Becton, Dickinson and Company",official_ir,transcript,https://investors.bd.com/,investors.bd.com,metadata_only,metadata_only_no_raw_download,false,false,false,false,,,sha256:c062818b23cb864e8f6df17dc7d93b596f9b78fbd0dc691acb489052b3f0cc08,"Review official IR source terms, robots policy, and event identity before permitted acquisition."
bdx_2022_q4,BDX,"Becton, Dickinson and Company",sec_edgar,metadata,sec-edgar://metadata-first/BDX/2022/Q4,sec.gov,metadata_only,sec_metadata_only,false,false,false,false,,,sha256:9413505125e51eb3bd26a408fa4cfede36768ac94d49b9dcce2120abc722f7a8,Use SEC metadata-first discovery with descriptive User-Agent and <=10 requests/sec.
bdx_2022_q4,BDX,"Becton, Dickinson and Company",youtube,video,https://www.youtube.com/results?search_query=BDX+2022+Q4+earnings+call,www.youtube.com,metadata_only,youtube_media_blocked,false,false,false,false,,,sha256:4895dcef236aad217738f8efe250c00f6d4b2f3d51e8dda067c805f95d3005da,Keep YouTube as metadata/link reference only unless explicit written authorization exists.
bdx_2022_q4,BDX,"Becton, Dickinson and Company",vendor,transcript,licensed-vendor://blocked/BDX/2022/Q4,licensed-vendor,license_required,vendor_license_missing,false,false,false,false,,,sha256:29b9ba70e8cc352a59bc03c5abf364667bf07feb81b533df70f30b69961b42e1,Register license_config_ref before any vendor raw content use.
ci_2022_q4,CI,The Cigna Group,official_ir,transcript,https://investors.thecignagroup.com/,investors.thecignagroup.com,metadata_only,metadata_only_no_raw_download,false,false,false,false,,,sha256:820c1d385cc288c5712910c7f9cec3e7fb7930b6389becdb01f4caa90db35314,"Review official IR source terms, robots policy, and event identity before permitted acquisition."
ci_2022_q4,CI,The Cigna Group,sec_edgar,metadata,sec-edgar://metadata-first/CI/2022/Q4,sec.gov,metadata_only,sec_metadata_only,false,false,false,false,,,sha256:f6702b910dbcf6fdfda45295bf57ae2092e96e61e62a99dd872ad369a7493be3,Use SEC metadata-first discovery with descriptive User-Agent and <=10 requests/sec.
ci_2022_q4,CI,The Cigna Group,youtube,video,https://www.youtube.com/results?search_query=CI+2022+Q4+earnings+call,www.youtube.com,metadata_only,youtube_media_blocked,false,false,false,false,,,sha256:5b2aa78b46b30d7faf4782f0ae92ba3f8f5c9ac4bf476866a76960b43244f72b,Keep YouTube as metadata/link reference only unless explicit written authorization exists.
ci_2022_q4,CI,The Cigna Group,vendor,transcript,licensed-vendor://blocked/CI/2022/Q4,licensed-vendor,license_required,vendor_license_missing,false,false,false,false,,,sha256:97def830460abef80ea05a4678538b95c4163ff74f0c5cace42836d0c74b5630,Register license_config_ref before any vendor raw content use.
hca_2022_q4,HCA,"HCA Healthcare, Inc.",official_ir,transcript,https://investor.hcahealthcare.com/,investor.hcahealthcare.com,metadata_only,metadata_only_no_raw_download,false,false,false,false,,,sha256:03c5e3f9e8c032b176fee11fc24fd55de3f98d72b6ad83749229667dee85cc30,"Review official IR source terms, robots policy, and event identity before permitted acquisition."
hca_2022_q4,HCA,"HCA Healthcare, Inc.",sec_edgar,metadata,sec-edgar://metadata-first/HCA/2022/Q4,sec.gov,metadata_only,sec_metadata_only,false,false,false,false,,,sha256:15fe91a58fe1a6d482c08d1b8b7ba3c98105ed0da76408b1313149049cbe2787,Use SEC metadata-first discovery with descriptive User-Agent and <=10 requests/sec.
hca_2022_q4,HCA,"HCA Healthcare, Inc.",youtube,video,https://www.youtube.com/results?search_query=HCA+2022+Q4+earnings+call,www.youtube.com,metadata_only,youtube_media_blocked,false,false,false,false,,,sha256:aed03c6b96ff04a41037bf7318b6b1ef02d6cf33a455725379070f9433ecc855,Keep YouTube as metadata/link reference only unless explicit written authorization exists.
hca_2022_q4,HCA,"HCA Healthcare, Inc.",vendor,transcript,licensed-vendor://blocked/HCA/2022/Q4,licensed-vendor,license_required,vendor_license_missing,false,false,false,false,,,sha256:cf70e7cac36f72f5827fb960dff5f404c6020012f02847d825963cd55dafda52,Register license_config_ref before any vendor raw content use.
syk_2022_q4,SYK,Stryker Corporation,official_ir,transcript,https://investors.stryker.com/,investors.stryker.com,metadata_only,metadata_only_no_raw_download,false,false,false,false,,,sha256:6522d1f91e7f4482523b675389e9f83046d6995be7061e375f117917beabe734,"Review official IR source terms, robots policy, and event identity before permitted acquisition."
syk_2022_q4,SYK,Stryker Corporation,sec_edgar,metadata,sec-edgar://metadata-first/SYK/2022/Q4,sec.gov,metadata_only,sec_metadata_only,false,false,false,false,,,sha256:799b21fcf24831903866d06e40bc74008c9b9de132596e052140e7010dca241c,Use SEC metadata-first discovery with descriptive User-Agent and <=10 requests/sec.
syk_2022_q4,SYK,Stryker Corporation,youtube,video,https://www.youtube.com/results?search_query=SYK+2022+Q4+earnings+call,www.youtube.com,metadata_only,youtube_media_blocked,false,false,false,false,,,sha256:f8e70158fb9db76e431fcdeeb18b9f791cef6db3082890d0d791f579de0d6117,Keep YouTube as metadata/link reference only unless explicit written authorization exists.
syk_2022_q4,SYK,Stryker Corporation,vendor,transcript,licensed-vendor://blocked/SYK/2022/Q4,licensed-vendor,license_required,vendor_license_missing,false,false,false,false,,,sha256:4facf6dfe44c5f3efc968906953e0894d33d425f64eaac61f86a0a0c429bb7f7,Register license_config_ref before any vendor raw content use.
xom_2022_q4,XOM,Exxon Mobil Corporation,official_ir,transcript,https://corporate.exxonmobil.com/investors,corporate.exxonmobil.com,metadata_only,metadata_only_no_raw_download,false,false,false,false,,,sha256:482b7cadad3dc71fd8b361309ae048e3364b3f720f602549fb1fb84f3375fc5e,"Review official IR source terms, robots policy, and event identity before permitted acquisition."
xom_2022_q4,XOM,Exxon Mobil Corporation,sec_edgar,metadata,sec-edgar://metadata-first/XOM/2022/Q4,sec.gov,metadata_only,sec_metadata_only,false,false,false,false,,,sha256:f32725e4485c4bf61b69d899aca0c8ad27baa92da94ab6635bbe17dac75abead,Use SEC metadata-first discovery with descriptive User-Agent and <=10 requests/sec.
xom_2022_q4,XOM,Exxon Mobil Corporation,youtube,video,https://www.youtube.com/results?search_query=XOM+2022+Q4+earnings+call,www.youtube.com,metadata_only,youtube_media_blocked,false,false,false,false,,,sha256:4b7d171413ac9ab5afa7949bd9efdfa0487e35caaf0b0a2426beaea50d4a400f,Keep YouTube as metadata/link reference only unless explicit written authorization exists.
xom_2022_q4,XOM,Exxon Mobil Corporation,vendor,transcript,licensed-vendor://blocked/XOM/2022/Q4,licensed-vendor,license_required,vendor_license_missing,false,false,false,false,,,sha256:4e5ccdfa2a8740cdc5a64b7f3ad797048136cad04f16f1b7620c40905eee2118,Register license_config_ref before any vendor raw content use.
cvx_2022_q4,CVX,Chevron Corporation,official_ir,transcript,https://www.chevron.com/investors,www.chevron.com,metadata_only,metadata_only_no_raw_download,false,false,false,false,,,sha256:8f56b5d2ae408e7fc703432e64298f6d03053c8ec62616b0eedbda840ed8a307,"Review official IR source terms, robots policy, and event identity before permitted acquisition."
cvx_2022_q4,CVX,Chevron Corporation,sec_edgar,metadata,sec-edgar://metadata-first/CVX/2022/Q4,sec.gov,metadata_only,sec_metadata_only,false,false,false,false,,,sha256:9b58fd082e080d4a37e463e7ff7441e013030387af496942dbcbd827917fe066,Use SEC metadata-first discovery with descriptive User-Agent and <=10 requests/sec.
cvx_2022_q4,CVX,Chevron Corporation,youtube,video,https://www.youtube.com/results?search_query=CVX+2022+Q4+earnings+call,www.youtube.com,metadata_only,youtube_media_blocked,false,false,false,false,,,sha256:d7b245d697f2b801bdd22e41b0890afb6a5c938e24fdd5ce643042c2671c7287,Keep YouTube as metadata/link reference only unless explicit written authorization exists.
cvx_2022_q4,CVX,Chevron Corporation,vendor,transcript,licensed-vendor://blocked/CVX/2022/Q4,licensed-vendor,license_required,vendor_license_missing,false,false,false,false,,,sha256:7ce79c4a1f92db327e0448c476a453f4160630662f65c30b088c1c8f70558a2c,Register license_config_ref before any vendor raw content use.
cop_2022_q4,COP,ConocoPhillips,official_ir,transcript,https://www.conocophillips.com/investor-relations/,www.conocophillips.com,metadata_only,metadata_only_no_raw_download,false,false,false,false,,,sha256:e37726d13f9f5c71e0c7a3d4d027ea8d8ae9aa0ed65d2487868024042434b053,"Review official IR source terms, robots policy, and event identity before permitted acquisition."
cop_2022_q4,COP,ConocoPhillips,sec_edgar,metadata,sec-edgar://metadata-first/COP/2022/Q4,sec.gov,metadata_only,sec_metadata_only,false,false,false,false,,,sha256:0b9bc5a08f2d7827a298206ff182a28bf6eb6b998269b1fb9d2d13e7d0a827ec,Use SEC metadata-first discovery with descriptive User-Agent and <=10 requests/sec.
cop_2022_q4,COP,ConocoPhillips,youtube,video,https://www.youtube.com/results?search_query=COP+2022+Q4+earnings+call,www.youtube.com,metadata_only,youtube_media_blocked,false,false,false,false,,,sha256:27105735767b152e62b155414bcd544260323135d3a01396f244ad265c66fa26,Keep YouTube as metadata/link reference only unless explicit written authorization exists.
cop_2022_q4,COP,ConocoPhillips,vendor,transcript,licensed-vendor://blocked/COP/2022/Q4,licensed-vendor,license_required,vendor_license_missing,false,false,false,false,,,sha256:b6c20517f2dcc26be5ad178f627fc6f1662d44b341f194e2bb484e522b29ad55,Register license_config_ref before any vendor raw content use.
slb_2022_q4,SLB,SLB,official_ir,transcript,https://investorcenter.slb.com/,investorcenter.slb.com,metadata_only,metadata_only_no_raw_download,false,false,false,false,,,sha256:44f61f357297e670d173b7ad2e2f9443f809cbd99c7b0375f794e3e808e98ff7,"Review official IR source terms, robots policy, and event identity before permitted acquisition."
slb_2022_q4,SLB,SLB,sec_edgar,metadata,sec-edgar://metadata-first/SLB/2022/Q4,sec.gov,metadata_only,sec_metadata_only,false,false,false,false,,,sha256:2c994c8f6b84a89287f693c91227c5042a160b1e149a5a1da77f16ba2a7c8f2c,Use SEC metadata-first discovery with descriptive User-Agent and <=10 requests/sec.
slb_2022_q4,SLB,SLB,youtube,video,https://www.youtube.com/results?search_query=SLB+2022+Q4+earnings+call,www.youtube.com,metadata_only,youtube_media_blocked,false,false,false,false,,,sha256:05370efae96a14c8838a293d8de97e2a84ee400547e4f302c58d7216fc50a4a7,Keep YouTube as metadata/link reference only unless explicit written authorization exists.
slb_2022_q4,SLB,SLB,vendor,transcript,licensed-vendor://blocked/SLB/2022/Q4,licensed-vendor,license_required,vendor_license_missing,false,false,false,false,,,sha256:f4d74196746589db1e121ca19d96cde945b1e99edd96406537f5fb472a62ce5c,Register license_config_ref before any vendor raw content use.
hal_2022_q4,HAL,Halliburton Company,official_ir,transcript,https://ir.halliburton.com/,ir.halliburton.com,metadata_only,metadata_only_no_raw_download,false,false,false,false,,,sha256:e94d8326c533a03d5d35429425b1314f942c67234cf158d395c8cdbcdb50e3c3,"Review official IR source terms, robots policy, and event identity before permitted acquisition."
hal_2022_q4,HAL,Halliburton Company,sec_edgar,metadata,sec-edgar://metadata-first/HAL/2022/Q4,sec.gov,metadata_only,sec_metadata_only,false,false,false,false,,,sha256:7224d8be43f21cdcdc12e68a09f7d22c52847b89900ee92dee79b2ceb2947150,Use SEC metadata-first discovery with descriptive User-Agent and <=10 requests/sec.
hal_2022_q4,HAL,Halliburton Company,youtube,video,https://www.youtube.com/results?search_query=HAL+2022+Q4+earnings+call,www.youtube.com,metadata_only,youtube_media_blocked,false,false,false,false,,,sha256:bf2f83294ad84fcdeaa9e9ae5c7d16bdf7c4ebb84dc633b0f05557bbafb2b4c8,Keep YouTube as metadata/link reference only unless explicit written authorization exists.
hal_2022_q4,HAL,Halliburton Company,vendor,transcript,licensed-vendor://blocked/HAL/2022/Q4,licensed-vendor,license_required,vendor_license_missing,false,false,false,false,,,sha256:a5039aef56ebcd75972b0a89f957f1c0b1f691ae5af0a77d68de35c1dbcc9b7f,Register license_config_ref before any vendor raw content use.
eog_2022_q4,EOG,"EOG Resources, Inc.",official_ir,transcript,https://investors.eogresources.com/,investors.eogresources.com,metadata_only,metadata_only_no_raw_download,false,false,false,false,,,sha256:2e71117bfbc731c4c670f63c5d69659a0c72c3ee3cc70cbcc8178ad9bfaee627,"Review official IR source terms, robots policy, and event identity before permitted acquisition."
eog_2022_q4,EOG,"EOG Resources, Inc.",sec_edgar,metadata,sec-edgar://metadata-first/EOG/2022/Q4,sec.gov,metadata_only,sec_metadata_only,false,false,false,false,,,sha256:229dd421a703e63d28e807d7065e7b213ce7b6a249edc3152f419993bb8b939b,Use SEC metadata-first discovery with descriptive User-Agent and <=10 requests/sec.
eog_2022_q4,EOG,"EOG Resources, Inc.",youtube,video,https://www.youtube.com/results?search_query=EOG+2022+Q4+earnings+call,www.youtube.com,metadata_only,youtube_media_blocked,false,false,false,false,,,sha256:771b4ed3674bfc78d9f8472e1656f108b7db30b1d5d00f904c3224f53b4760db,Keep YouTube as metadata/link reference only unless explicit written authorization exists.
eog_2022_q4,EOG,"EOG Resources, Inc.",vendor,transcript,licensed-vendor://blocked/EOG/2022/Q4,licensed-vendor,license_required,vendor_license_missing,false,false,false,false,,,sha256:40aa266574459fbd1b2acb8ef587def9a26dec725622e3b131e05615aa8f51e8,Register license_config_ref before any vendor raw content use.
oxy_2022_q4,OXY,Occidental Petroleum Corporation,official_ir,transcript,https://www.oxy.com/investors/,www.oxy.com,metadata_only,metadata_only_no_raw_download,false,false,false,false,,,sha256:836ea6d35b03b3e6564e71db3562979e3ca7addd1590a21768c667b61b1c9122,"Review official IR source terms, robots policy, and event identity before permitted acquisition."
oxy_2022_q4,OXY,Occidental Petroleum Corporation,sec_edgar,metadata,sec-edgar://metadata-first/OXY/2022/Q4,sec.gov,metadata_only,sec_metadata_only,false,false,false,false,,,sha256:deeef27c681b740d4df0474e11327c1d8090301997684650e9411136f21e070f,Use SEC metadata-first discovery with descriptive User-Agent and <=10 requests/sec.
oxy_2022_q4,OXY,Occidental Petroleum Corporation,youtube,video,https://www.youtube.com/results?search_query=OXY+2022+Q4+earnings+call,www.youtube.com,metadata_only,youtube_media_blocked,false,false,false,false,,,sha256:7de018a8072476e4a7ff0c5287d472ed3db60a3428bc0d7e34706919aca9f077,Keep YouTube as metadata/link reference only unless explicit written authorization exists.
oxy_2022_q4,OXY,Occidental Petroleum Corporation,vendor,transcript,licensed-vendor://blocked/OXY/2022/Q4,licensed-vendor,license_required,vendor_license_missing,false,false,false,false,,,sha256:96cd9c3c058f2480a5068485f5d8e6bdec12b557ac7c986985cfb6e9a3961d1e,Register license_config_ref before any vendor raw content use.
mpc_2022_q4,MPC,Marathon Petroleum Corporation,official_ir,transcript,https://www.marathonpetroleum.com/Investors/,www.marathonpetroleum.com,metadata_only,metadata_only_no_raw_download,false,false,false,false,,,sha256:c67f5503a43b3811f22984ee77641182648efe73e3b48f4e60e8bbccc055def4,"Review official IR source terms, robots policy, and event identity before permitted acquisition."
mpc_2022_q4,MPC,Marathon Petroleum Corporation,sec_edgar,metadata,sec-edgar://metadata-first/MPC/2022/Q4,sec.gov,metadata_only,sec_metadata_only,false,false,false,false,,,sha256:62d9467def9946a906150d77bc2e34587ad9f4107f334806b578580fab483c29,Use SEC metadata-first discovery with descriptive User-Agent and <=10 requests/sec.
mpc_2022_q4,MPC,Marathon Petroleum Corporation,youtube,video,https://www.youtube.com/results?search_query=MPC+2022+Q4+earnings+call,www.youtube.com,metadata_only,youtube_media_blocked,false,false,false,false,,,sha256:21eb4e20f07622d2e9577102f3891e867794297ca2d8590c270107d8b8905f52,Keep YouTube as metadata/link reference only unless explicit written authorization exists.
mpc_2022_q4,MPC,Marathon Petroleum Corporation,vendor,transcript,licensed-vendor://blocked/MPC/2022/Q4,licensed-vendor,license_required,vendor_license_missing,false,false,false,false,,,sha256:080e0e48aa94708cf5f97138270288876d469058a1eadc759cdbed2afabbf1a2,Register license_config_ref before any vendor raw content use.
psx_2022_q4,PSX,Phillips 66,official_ir,transcript,https://investor.phillips66.com/,investor.phillips66.com,metadata_only,metadata_only_no_raw_download,false,false,false,false,,,sha256:ad33979b3a0a39a2b239fe7ba65a9909dcb6d125a40d5b38406b4ede007921b4,"Review official IR source terms, robots policy, and event identity before permitted acquisition."
psx_2022_q4,PSX,Phillips 66,sec_edgar,metadata,sec-edgar://metadata-first/PSX/2022/Q4,sec.gov,metadata_only,sec_metadata_only,false,false,false,false,,,sha256:fb0ec30d6999e1a33fd6540b869b264d2a7581ac997934a25b6a9e05b928f83e,Use SEC metadata-first discovery with descriptive User-Agent and <=10 requests/sec.
psx_2022_q4,PSX,Phillips 66,youtube,video,https://www.youtube.com/results?search_query=PSX+2022+Q4+earnings+call,www.youtube.com,metadata_only,youtube_media_blocked,false,false,false,false,,,sha256:1d6e46f68ea19187b87218b09a7c99d26007beff3e62ad5aeb78506d63da9459,Keep YouTube as metadata/link reference only unless explicit written authorization exists.
psx_2022_q4,PSX,Phillips 66,vendor,transcript,licensed-vendor://blocked/PSX/2022/Q4,licensed-vendor,license_required,vendor_license_missing,false,false,false,false,,,sha256:087849197f8954100391b148fb9a2e841233f913f63c4544e9166fb59a9b67d2,Register license_config_ref before any vendor raw content use.
vlo_2022_q4,VLO,Valero Energy Corporation,official_ir,transcript,https://investorvalero.com/,investorvalero.com,metadata_only,metadata_only_no_raw_download,false,false,false,false,,,sha256:859be7531dad91713b1304d926e400d1ce04b92621461d0b0993ff8ab133eca0,"Review official IR source terms, robots policy, and event identity before permitted acquisition."
vlo_2022_q4,VLO,Valero Energy Corporation,sec_edgar,metadata,sec-edgar://metadata-first/VLO/2022/Q4,sec.gov,metadata_only,sec_metadata_only,false,false,false,false,,,sha256:c1a88e2066b346870b556ea694666d78806bbd3fefaa3699e145b6bda2d2f8dd,Use SEC metadata-first discovery with descriptive User-Agent and <=10 requests/sec.
vlo_2022_q4,VLO,Valero Energy Corporation,youtube,video,https://www.youtube.com/results?search_query=VLO+2022+Q4+earnings+call,www.youtube.com,metadata_only,youtube_media_blocked,false,false,false,false,,,sha256:bf69d2cb5d97b105e2af471d70786401c019977319a3d82931a06a2d94e18960,Keep YouTube as metadata/link reference only unless explicit written authorization exists.
vlo_2022_q4,VLO,Valero Energy Corporation,vendor,transcript,licensed-vendor://blocked/VLO/2022/Q4,licensed-vendor,license_required,vendor_license_missing,false,false,false,false,,,sha256:40975190f7eb98d5a0e2317b7eb00624c4efd0696095615063605aa8566651ec,Register license_config_ref before any vendor raw content use.
ba_2022_q4,BA,The Boeing Company,official_ir,transcript,https://investors.boeing.com/,investors.boeing.com,metadata_only,metadata_only_no_raw_download,false,false,false,false,,,sha256:b778cb3a1673914f72af96d321d7d16bd04c255af98874f409898a1118a5bf2e,"Review official IR source terms, robots policy, and event identity before permitted acquisition."
ba_2022_q4,BA,The Boeing Company,sec_edgar,metadata,sec-edgar://metadata-first/BA/2022/Q4,sec.gov,metadata_only,sec_metadata_only,false,false,false,false,,,sha256:78b1094e53ee769fcd9072842aa4f2cc0f4225eca42ba5434decc02350bafaf3,Use SEC metadata-first discovery with descriptive User-Agent and <=10 requests/sec.
ba_2022_q4,BA,The Boeing Company,youtube,video,https://www.youtube.com/results?search_query=BA+2022+Q4+earnings+call,www.youtube.com,metadata_only,youtube_media_blocked,false,false,false,false,,,sha256:5a46e90496acf6cf793100919c2c6b859f016c2b811124a6f1556b8a8c8480aa,Keep YouTube as metadata/link reference only unless explicit written authorization exists.
ba_2022_q4,BA,The Boeing Company,vendor,transcript,licensed-vendor://blocked/BA/2022/Q4,licensed-vendor,license_required,vendor_license_missing,false,false,false,false,,,sha256:90a5b674666f100a5ebb13644fa0c4b2d53797643fe0000414784390c8eb03af,Register license_config_ref before any vendor raw content use.
rtx_2022_q4,RTX,RTX Corporation,official_ir,transcript,https://www.rtx.com/investors,www.rtx.com,metadata_only,metadata_only_no_raw_download,false,false,false,false,,,sha256:81626684388b2153b580cc2fb2e325d4ddec663b13dd1a518cbd0e8948ca9496,"Review official IR source terms, robots policy, and event identity before permitted acquisition."
rtx_2022_q4,RTX,RTX Corporation,sec_edgar,metadata,sec-edgar://metadata-first/RTX/2022/Q4,sec.gov,metadata_only,sec_metadata_only,false,false,false,false,,,sha256:88468c6bc4f86ad1c5eedb39fe197b242161c331f07a5f4e91da6dae6c2e54c5,Use SEC metadata-first discovery with descriptive User-Agent and <=10 requests/sec.
rtx_2022_q4,RTX,RTX Corporation,youtube,video,https://www.youtube.com/results?search_query=RTX+2022+Q4+earnings+call,www.youtube.com,metadata_only,youtube_media_blocked,false,false,false,false,,,sha256:8041c4021fb3218fff8e019c177ac55758274394f3db3f34fa3ebdabf2c9a0a8,Keep YouTube as metadata/link reference only unless explicit written authorization exists.
rtx_2022_q4,RTX,RTX Corporation,vendor,transcript,licensed-vendor://blocked/RTX/2022/Q4,licensed-vendor,license_required,vendor_license_missing,false,false,false,false,,,sha256:b3d1f575b049284be3fe5de0ed7419af61c4d893bae9be8b3d3c27d0690ad40c,Register license_config_ref before any vendor raw content use.
lmt_2022_q4,LMT,Lockheed Martin Corporation,official_ir,transcript,https://investors.lockheedmartin.com/,investors.lockheedmartin.com,metadata_only,metadata_only_no_raw_download,false,false,false,false,,,sha256:ca696d3e456b610b21dcd349b870f95949b796ef9f9e18f9a5aab17024c72d0d,"Review official IR source terms, robots policy, and event identity before permitted acquisition."
lmt_2022_q4,LMT,Lockheed Martin Corporation,sec_edgar,metadata,sec-edgar://metadata-first/LMT/2022/Q4,sec.gov,metadata_only,sec_metadata_only,false,false,false,false,,,sha256:ffa7418d6e826d1c27f624eff82f5b567bc0b6dfe2e0415bec867b2525c65197,Use SEC metadata-first discovery with descriptive User-Agent and <=10 requests/sec.
lmt_2022_q4,LMT,Lockheed Martin Corporation,youtube,video,https://www.youtube.com/results?search_query=LMT+2022+Q4+earnings+call,www.youtube.com,metadata_only,youtube_media_blocked,false,false,false,false,,,sha256:2a742b249a9ffdd867c28864e22c58c07d47d5c72c58d981684b7716cd04503e,Keep YouTube as metadata/link reference only unless explicit written authorization exists.
lmt_2022_q4,LMT,Lockheed Martin Corporation,vendor,transcript,licensed-vendor://blocked/LMT/2022/Q4,licensed-vendor,license_required,vendor_license_missing,false,false,false,false,,,sha256:ffd78ac47e2321afbb78fd1ff83068b32439350c97a81073f801820452f17f6c,Register license_config_ref before any vendor raw content use.
noc_2022_q4,NOC,Northrop Grumman Corporation,official_ir,transcript,https://investor.northropgrumman.com/,investor.northropgrumman.com,metadata_only,metadata_only_no_raw_download,false,false,false,false,,,sha256:4e832fe978d70a72c0ab89a5fbf27b378eda54114550a94a47fd14a4e41e701e,"Review official IR source terms, robots policy, and event identity before permitted acquisition."
noc_2022_q4,NOC,Northrop Grumman Corporation,sec_edgar,metadata,sec-edgar://metadata-first/NOC/2022/Q4,sec.gov,metadata_only,sec_metadata_only,false,false,false,false,,,sha256:af3667eb68123e8266cebca65a6e337b46b0d65adfea4b888e9d34ee6e343d84,Use SEC metadata-first discovery with descriptive User-Agent and <=10 requests/sec.
noc_2022_q4,NOC,Northrop Grumman Corporation,youtube,video,https://www.youtube.com/results?search_query=NOC+2022+Q4+earnings+call,www.youtube.com,metadata_only,youtube_media_blocked,false,false,false,false,,,sha256:0e842e638d095082a0fbca4096c92a6f6e1738efa8247250aba5bf805ec54049,Keep YouTube as metadata/link reference only unless explicit written authorization exists.
noc_2022_q4,NOC,Northrop Grumman Corporation,vendor,transcript,licensed-vendor://blocked/NOC/2022/Q4,licensed-vendor,license_required,vendor_license_missing,false,false,false,false,,,sha256:4e5965f95986c4ca9c375eaa94710b1e848de6c444534fbdda007efb5e3fbf24,Register license_config_ref before any vendor raw content use.
gd_2022_q4,GD,General Dynamics Corporation,official_ir,transcript,https://investorrelations.gd.com/,investorrelations.gd.com,metadata_only,metadata_only_no_raw_download,false,false,false,false,,,sha256:99d58223975f6739cc24f297ca3b6c93a3915049a741249c5a643df56ec704d7,"Review official IR source terms, robots policy, and event identity before permitted acquisition."
gd_2022_q4,GD,General Dynamics Corporation,sec_edgar,metadata,sec-edgar://metadata-first/GD/2022/Q4,sec.gov,metadata_only,sec_metadata_only,false,false,false,false,,,sha256:467e75d3e510a6f6c2cfac0f923d0cd1f3d0b67deec1a282b78d95054b6ee4bc,Use SEC metadata-first discovery with descriptive User-Agent and <=10 requests/sec.
gd_2022_q4,GD,General Dynamics Corporation,youtube,video,https://www.youtube.com/results?search_query=GD+2022+Q4+earnings+call,www.youtube.com,metadata_only,youtube_media_blocked,false,false,false,false,,,sha256:b1b84fdb6cd1d2b41553c432840c29a5cb72d6213027195bcbb1f18fcf80e25a,Keep YouTube as metadata/link reference only unless explicit written authorization exists.
gd_2022_q4,GD,General Dynamics Corporation,vendor,transcript,licensed-vendor://blocked/GD/2022/Q4,licensed-vendor,license_required,vendor_license_missing,false,false,false,false,,,sha256:8c47c5ed9f18b3af71061852975037f2ad586e73d89174ffe126de908acc8297,Register license_config_ref before any vendor raw content use.
cat_2022_q4,CAT,Caterpillar Inc.,official_ir,transcript,https://investors.caterpillar.com/,investors.caterpillar.com,metadata_only,metadata_only_no_raw_download,false,false,false,false,,,sha256:b877e001c04f1ed9a64971d3dfa8588583386203f08cc727e07ab8a2c2829ab5,"Review official IR source terms, robots policy, and event identity before permitted acquisition."
cat_2022_q4,CAT,Caterpillar Inc.,sec_edgar,metadata,sec-edgar://metadata-first/CAT/2022/Q4,sec.gov,metadata_only,sec_metadata_only,false,false,false,false,,,sha256:c9c3fcda5a4e958f1112047c8d747d21f91fd00ca690c135050e318d360c90bf,Use SEC metadata-first discovery with descriptive User-Agent and <=10 requests/sec.
cat_2022_q4,CAT,Caterpillar Inc.,youtube,video,https://www.youtube.com/results?search_query=CAT+2022+Q4+earnings+call,www.youtube.com,metadata_only,youtube_media_blocked,false,false,false,false,,,sha256:a4b78fd82325a470772dab78e3b60d8d0b04f05f1bef02dff61e60c6c84b9440,Keep YouTube as metadata/link reference only unless explicit written authorization exists.
cat_2022_q4,CAT,Caterpillar Inc.,vendor,transcript,licensed-vendor://blocked/CAT/2022/Q4,licensed-vendor,license_required,vendor_license_missing,false,false,false,false,,,sha256:37296102e26dfc13f7fb3714fac450c0817c4c051b0ca79fee3519f1f1387a3e,Register license_config_ref before any vendor raw content use.
de_2022_q4,DE,Deere & Company,official_ir,transcript,https://investor.deere.com/,investor.deere.com,metadata_only,metadata_only_no_raw_download,false,false,false,false,,,sha256:f9d0fb8d86beed06ff7de980f0fb4f9c4bef8bb0b32a5559e4838f287f194713,"Review official IR source terms, robots policy, and event identity before permitted acquisition."
de_2022_q4,DE,Deere & Company,sec_edgar,metadata,sec-edgar://metadata-first/DE/2022/Q4,sec.gov,metadata_only,sec_metadata_only,false,false,false,false,,,sha256:906af7dd92ee1e43329d3ee842fe0519f10c7dc70639213ebbfa9b525ed35bbc,Use SEC metadata-first discovery with descriptive User-Agent and <=10 requests/sec.
de_2022_q4,DE,Deere & Company,youtube,video,https://www.youtube.com/results?search_query=DE+2022+Q4+earnings+call,www.youtube.com,metadata_only,youtube_media_blocked,false,false,false,false,,,sha256:09315d17ce57dd8adf59c0a0f3a250f95f4018ff0ab3a76022e1aa9d7be89b8f,Keep YouTube as metadata/link reference only unless explicit written authorization exists.
de_2022_q4,DE,Deere & Company,vendor,transcript,licensed-vendor://blocked/DE/2022/Q4,licensed-vendor,license_required,vendor_license_missing,false,false,false,false,,,sha256:ec831dc8cb0820bfca52a78fca114475787c5b0545a67bd69a8901c18044dd03,Register license_config_ref before any vendor raw content use.
ge_2022_q4,GE,GE Aerospace,official_ir,transcript,https://www.geaerospace.com/investors,www.geaerospace.com,metadata_only,metadata_only_no_raw_download,false,false,false,false,,,sha256:02b54f9ed7eda50cdcc227c5b84360ddc1142a54d793e17511a804c8db5e3e5b,"Review official IR source terms, robots policy, and event identity before permitted acquisition."
ge_2022_q4,GE,GE Aerospace,sec_edgar,metadata,sec-edgar://metadata-first/GE/2022/Q4,sec.gov,metadata_only,sec_metadata_only,false,false,false,false,,,sha256:3c5e490381bdb66bec70c6c3c998b7f6db0e6d8bbacce09a2bef1fee1038f37b,Use SEC metadata-first discovery with descriptive User-Agent and <=10 requests/sec.
ge_2022_q4,GE,GE Aerospace,youtube,video,https://www.youtube.com/results?search_query=GE+2022+Q4+earnings+call,www.youtube.com,metadata_only,youtube_media_blocked,false,false,false,false,,,sha256:e589b12e90b153358043fcf8339e1760ec8984fecc5b6c6a0b1db0ae93e22a3a,Keep YouTube as metadata/link reference only unless explicit written authorization exists.
ge_2022_q4,GE,GE Aerospace,vendor,transcript,licensed-vendor://blocked/GE/2022/Q4,licensed-vendor,license_required,vendor_license_missing,false,false,false,false,,,sha256:9353d206f3017303d9230434802091dd9fe700da969cceacbff3912159134e5d,Register license_config_ref before any vendor raw content use.
etn_2022_q4,ETN,Eaton Corporation plc,official_ir,transcript,https://www.eaton.com/us/en-us/company/investor-relations.html,www.eaton.com,metadata_only,metadata_only_no_raw_download,false,false,false,false,,,sha256:e7b499b9a0df98e0218d26381be56d39b927342ae02b16d418c248f96602fa0c,"Review official IR source terms, robots policy, and event identity before permitted acquisition."
etn_2022_q4,ETN,Eaton Corporation plc,sec_edgar,metadata,sec-edgar://metadata-first/ETN/2022/Q4,sec.gov,metadata_only,sec_metadata_only,false,false,false,false,,,sha256:97c2d97a214fbb77304fa81a297c03607c12f7d6c419f5b8957f774a3d7fee26,Use SEC metadata-first discovery with descriptive User-Agent and <=10 requests/sec.
etn_2022_q4,ETN,Eaton Corporation plc,youtube,video,https://www.youtube.com/results?search_query=ETN+2022+Q4+earnings+call,www.youtube.com,metadata_only,youtube_media_blocked,false,false,false,false,,,sha256:2d859759b61bb017eb0b472d062d9a5ef742b10427e663980cba712f69fc1485,Keep YouTube as metadata/link reference only unless explicit written authorization exists.
etn_2022_q4,ETN,Eaton Corporation plc,vendor,transcript,licensed-vendor://blocked/ETN/2022/Q4,licensed-vendor,license_required,vendor_license_missing,false,false,false,false,,,sha256:81630af3800d0b632d4dc6d52cfcf29145cf920c7dd09b2bea794ae548fa38b1,Register license_config_ref before any vendor raw content use.
emr_2022_q4,EMR,Emerson Electric Co.,official_ir,transcript,https://www.emerson.com/en-us/investors,www.emerson.com,metadata_only,metadata_only_no_raw_download,false,false,false,false,,,sha256:f9b4485b11c5f2e7cded19dca2ec9f6c7f219b6cd900a94a6f9717bd4d81ae7e,"Review official IR source terms, robots policy, and event identity before permitted acquisition."
emr_2022_q4,EMR,Emerson Electric Co.,sec_edgar,metadata,sec-edgar://metadata-first/EMR/2022/Q4,sec.gov,metadata_only,sec_metadata_only,false,false,false,false,,,sha256:9db35690c214e9905164c2ff6ef64f64cd8becea053f06aa6b902687d2c2ff3d,Use SEC metadata-first discovery with descriptive User-Agent and <=10 requests/sec.
emr_2022_q4,EMR,Emerson Electric Co.,youtube,video,https://www.youtube.com/results?search_query=EMR+2022+Q4+earnings+call,www.youtube.com,metadata_only,youtube_media_blocked,false,false,false,false,,,sha256:983485096c7e1117c787c49f9a83ba3e01c004c0fe85b0bb6f3fd37f94249a6c,Keep YouTube as metadata/link reference only unless explicit written authorization exists.
emr_2022_q4,EMR,Emerson Electric Co.,vendor,transcript,licensed-vendor://blocked/EMR/2022/Q4,licensed-vendor,license_required,vendor_license_missing,false,false,false,false,,,sha256:1716706587db6997000947c9ae387b5d2baccfdb1fef11b1ecb04e7b679f04b9,Register license_config_ref before any vendor raw content use.
mmm_2022_q4,MMM,3M Company,official_ir,transcript,https://investors.3m.com/,investors.3m.com,metadata_only,metadata_only_no_raw_download,false,false,false,false,,,sha256:a17fb5a573357c11a61f36fc53ad724f9acaca06f3a0a581b6024ec76ff814d9,"Review official IR source terms, robots policy, and event identity before permitted acquisition."
mmm_2022_q4,MMM,3M Company,sec_edgar,metadata,sec-edgar://metadata-first/MMM/2022/Q4,sec.gov,metadata_only,sec_metadata_only,false,false,false,false,,,sha256:8b7e5ea2b3ba479153eec2041209cb4e9c7b527ef87e949d0311f9e3d27e9ede,Use SEC metadata-first discovery with descriptive User-Agent and <=10 requests/sec.
mmm_2022_q4,MMM,3M Company,youtube,video,https://www.youtube.com/results?search_query=MMM+2022+Q4+earnings+call,www.youtube.com,metadata_only,youtube_media_blocked,false,false,false,false,,,sha256:16d8174fabaee8fda7c31f293b63d7c82341f9fd36250e26ea508653be1ac43d,Keep YouTube as metadata/link reference only unless explicit written authorization exists.
mmm_2022_q4,MMM,3M Company,vendor,transcript,licensed-vendor://blocked/MMM/2022/Q4,licensed-vendor,license_required,vendor_license_missing,false,false,false,false,,,sha256:a7bd6cf410f13b513d65e1255c155c24ee9f6c24944b816e54ad56129b018bde,Register license_config_ref before any vendor raw content use.
itw_2022_q4,ITW,Illinois Tool Works Inc.,official_ir,transcript,https://investor.itw.com/,investor.itw.com,metadata_only,metadata_only_no_raw_download,false,false,false,false,,,sha256:4c8ffa8f951d321316fc8e1acdea049995429da40853e7c9aa734a4cfdfa971a,"Review official IR source terms, robots policy, and event identity before permitted acquisition."
itw_2022_q4,ITW,Illinois Tool Works Inc.,sec_edgar,metadata,sec-edgar://metadata-first/ITW/2022/Q4,sec.gov,metadata_only,sec_metadata_only,false,false,false,false,,,sha256:6ff0356d4e65f095c261976b8d6c0f3315cd1e3b679b02bdcdb451010d974d45,Use SEC metadata-first discovery with descriptive User-Agent and <=10 requests/sec.
itw_2022_q4,ITW,Illinois Tool Works Inc.,youtube,video,https://www.youtube.com/results?search_query=ITW+2022+Q4+earnings+call,www.youtube.com,metadata_only,youtube_media_blocked,false,false,false,false,,,sha256:d2eb5f51d56aef295d41be9ea8e54568c70a1a96475f0cdbfd2056915ec2cd0a,Keep YouTube as metadata/link reference only unless explicit written authorization exists.
itw_2022_q4,ITW,Illinois Tool Works Inc.,vendor,transcript,licensed-vendor://blocked/ITW/2022/Q4,licensed-vendor,license_required,vendor_license_missing,false,false,false,false,,,sha256:775e488bcfc58b32e5c56837981767c92f99ee1d2beced3e3e1e57f7a0604d50,Register license_config_ref before any vendor raw content use.
ph_2022_q4,PH,Parker-Hannifin Corporation,official_ir,transcript,https://investors.parker.com/,investors.parker.com,metadata_only,metadata_only_no_raw_download,false,false,false,false,,,sha256:604c28f6611496063803f52b01f3579ce6428a8da30f56020b3718d7028fed19,"Review official IR source terms, robots policy, and event identity before permitted acquisition."
ph_2022_q4,PH,Parker-Hannifin Corporation,sec_edgar,metadata,sec-edgar://metadata-first/PH/2022/Q4,sec.gov,metadata_only,sec_metadata_only,false,false,false,false,,,sha256:2297f3fed2d1e64861be8f987874c908d5d90e63eefef1a6477f78c1e798e5dc,Use SEC metadata-first discovery with descriptive User-Agent and <=10 requests/sec.
ph_2022_q4,PH,Parker-Hannifin Corporation,youtube,video,https://www.youtube.com/results?search_query=PH+2022+Q4+earnings+call,www.youtube.com,metadata_only,youtube_media_blocked,false,false,false,false,,,sha256:41126b239aeada58e039b17aa4b4a5b4591790b943441a14e7039543ec475977,Keep YouTube as metadata/link reference only unless explicit written authorization exists.
ph_2022_q4,PH,Parker-Hannifin Corporation,vendor,transcript,licensed-vendor://blocked/PH/2022/Q4,licensed-vendor,license_required,vendor_license_missing,false,false,false,false,,,sha256:898925b76969c2680fd2400bea525201c7dfecdca5810c9fc38be3c22ec0b181,Register license_config_ref before any vendor raw content use.
carr_2022_q4,CARR,Carrier Global Corporation,official_ir,transcript,https://ir.carrier.com/,ir.carrier.com,metadata_only,metadata_only_no_raw_download,false,false,false,false,,,sha256:2f7a59962853ea512b5d02f562336656f4794b935d216882d5af2cad2f44a251,"Review official IR source terms, robots policy, and event identity before permitted acquisition."
carr_2022_q4,CARR,Carrier Global Corporation,sec_edgar,metadata,sec-edgar://metadata-first/CARR/2022/Q4,sec.gov,metadata_only,sec_metadata_only,false,false,false,false,,,sha256:5d2faae377691af4bd679ed746aad41ac20f03d0ee6702bbc93d611e25ac29db,Use SEC metadata-first discovery with descriptive User-Agent and <=10 requests/sec.
carr_2022_q4,CARR,Carrier Global Corporation,youtube,video,https://www.youtube.com/results?search_query=CARR+2022+Q4+earnings+call,www.youtube.com,metadata_only,youtube_media_blocked,false,false,false,false,,,sha256:e8751adde172aae8ef4ef87c11336e353932e1ce5b05852ab6104eb0e2b3b5b6,Keep YouTube as metadata/link reference only unless explicit written authorization exists.
carr_2022_q4,CARR,Carrier Global Corporation,vendor,transcript,licensed-vendor://blocked/CARR/2022/Q4,licensed-vendor,license_required,vendor_license_missing,false,false,false,false,,,sha256:8e5eb27794db8117cdd7ea9cf9090481d8a516ff434465800c0279e76467bf53,Register license_config_ref before any vendor raw content use.
otis_2022_q4,OTIS,Otis Worldwide Corporation,official_ir,transcript,https://www.otis.com/en/us/investors,www.otis.com,metadata_only,metadata_only_no_raw_download,false,false,false,false,,,sha256:6b0f74890fb0bc4770b6fbde05d087449653ced1d7c52fddfe5ceccbd6076a7b,"Review official IR source terms, robots policy, and event identity before permitted acquisition."
otis_2022_q4,OTIS,Otis Worldwide Corporation,sec_edgar,metadata,sec-edgar://metadata-first/OTIS/2022/Q4,sec.gov,metadata_only,sec_metadata_only,false,false,false,false,,,sha256:5b77d891c8d319fda77fe1407cc9d4b8f217a6316db42618e95f42489837be3f,Use SEC metadata-first discovery with descriptive User-Agent and <=10 requests/sec.
otis_2022_q4,OTIS,Otis Worldwide Corporation,youtube,video,https://www.youtube.com/results?search_query=OTIS+2022+Q4+earnings+call,www.youtube.com,metadata_only,youtube_media_blocked,false,false,false,false,,,sha256:6ebbc0673cb336882b68d9b681e8f9aeb3d1db6560047918dfcde9a64e8efc7d,Keep YouTube as metadata/link reference only unless explicit written authorization exists.
otis_2022_q4,OTIS,Otis Worldwide Corporation,vendor,transcript,licensed-vendor://blocked/OTIS/2022/Q4,licensed-vendor,license_required,vendor_license_missing,false,false,false,false,,,sha256:b8802df31ba7b040053ea3c0b5d3a4e5a7fe40cdba4529ccc4e98df69ffa35ad,Register license_config_ref before any vendor raw content use.
ups_2022_q4,UPS,"United Parcel Service, Inc.",official_ir,transcript,https://investors.ups.com/,investors.ups.com,metadata_only,metadata_only_no_raw_download,false,false,false,false,,,sha256:0548905a866f4ffc888dcda2f77327f266c1b81f4500753f337622ca283e5515,"Review official IR source terms, robots policy, and event identity before permitted acquisition."
ups_2022_q4,UPS,"United Parcel Service, Inc.",sec_edgar,metadata,sec-edgar://metadata-first/UPS/2022/Q4,sec.gov,metadata_only,sec_metadata_only,false,false,false,false,,,sha256:33fcddff745432f6027ace0646825f313c753f255b7f85248caaf03925494efe,Use SEC metadata-first discovery with descriptive User-Agent and <=10 requests/sec.
ups_2022_q4,UPS,"United Parcel Service, Inc.",youtube,video,https://www.youtube.com/results?search_query=UPS+2022+Q4+earnings+call,www.youtube.com,metadata_only,youtube_media_blocked,false,false,false,false,,,sha256:e73751a27203cb04fd8e597488d20863382700892c1a0f7ba5046d8a2c2fae60,Keep YouTube as metadata/link reference only unless explicit written authorization exists.
ups_2022_q4,UPS,"United Parcel Service, Inc.",vendor,transcript,licensed-vendor://blocked/UPS/2022/Q4,licensed-vendor,license_required,vendor_license_missing,false,false,false,false,,,sha256:0f1fe4660f8995660b3c8798d67eb4b5fa83cde2d442bea879f11b4bcb131f20,Register license_config_ref before any vendor raw content use.
fdx_2022_q4,FDX,FedEx Corporation,official_ir,transcript,https://investors.fedex.com/,investors.fedex.com,metadata_only,metadata_only_no_raw_download,false,false,false,false,,,sha256:899f0a2f4a73d664e86e2376445d318d1e42c4260d3b68ec0e90120182fe2b07,"Review official IR source terms, robots policy, and event identity before permitted acquisition."
fdx_2022_q4,FDX,FedEx Corporation,sec_edgar,metadata,sec-edgar://metadata-first/FDX/2022/Q4,sec.gov,metadata_only,sec_metadata_only,false,false,false,false,,,sha256:08bc373130f45acc360d5252a9fcabeca3e19c896115f2d95e1d2e019b98d07e,Use SEC metadata-first discovery with descriptive User-Agent and <=10 requests/sec.
fdx_2022_q4,FDX,FedEx Corporation,youtube,video,https://www.youtube.com/results?search_query=FDX+2022+Q4+earnings+call,www.youtube.com,metadata_only,youtube_media_blocked,false,false,false,false,,,sha256:e950a7387418d43e52a16c9a4940d14cf983df8460b0fc7c0e4cd9422f733430,Keep YouTube as metadata/link reference only unless explicit written authorization exists.
fdx_2022_q4,FDX,FedEx Corporation,vendor,transcript,licensed-vendor://blocked/FDX/2022/Q4,licensed-vendor,license_required,vendor_license_missing,false,false,false,false,,,sha256:153dacbe044fdd5d80e0b4e6c6b1e271259ca89c0ac66f4111b9b153b0580ba2,Register license_config_ref before any vendor raw content use.
dal_2022_q4,DAL,"Delta Air Lines, Inc.",official_ir,transcript,https://ir.delta.com/,ir.delta.com,metadata_only,metadata_only_no_raw_download,false,false,false,false,,,sha256:058bebe32dd3ab525a33037c11b66d475bbf00fea6cf35d0c286b2c8b8c0be7b,"Review official IR source terms, robots policy, and event identity before permitted acquisition."
dal_2022_q4,DAL,"Delta Air Lines, Inc.",sec_edgar,metadata,sec-edgar://metadata-first/DAL/2022/Q4,sec.gov,metadata_only,sec_metadata_only,false,false,false,false,,,sha256:c2ce83ab7aa22604dbb60d5b0e2537ae40073d9e7320f85a9c56714b4951f79b,Use SEC metadata-first discovery with descriptive User-Agent and <=10 requests/sec.
dal_2022_q4,DAL,"Delta Air Lines, Inc.",youtube,video,https://www.youtube.com/results?search_query=DAL+2022+Q4+earnings+call,www.youtube.com,metadata_only,youtube_media_blocked,false,false,false,false,,,sha256:7d3635c4ce5dbb5ed33d3a95a059283fddfc25f0e4116800856870fbeefec0f6,Keep YouTube as metadata/link reference only unless explicit written authorization exists.
dal_2022_q4,DAL,"Delta Air Lines, Inc.",vendor,transcript,licensed-vendor://blocked/DAL/2022/Q4,licensed-vendor,license_required,vendor_license_missing,false,false,false,false,,,sha256:88685d3573b5d1bbd5a5737e02526edd8caef4517f3cdac3e7dab3b568680a5e,Register license_config_ref before any vendor raw content use.
unp_2022_q4,UNP,Union Pacific Corporation,official_ir,transcript,https://investor.unionpacific.com/,investor.unionpacific.com,metadata_only,metadata_only_no_raw_download,false,false,false,false,,,sha256:c712d711854a83aad0039c73f6d74fffadffac3189295a1ffd94d74fd628f132,"Review official IR source terms, robots policy, and event identity before permitted acquisition."
unp_2022_q4,UNP,Union Pacific Corporation,sec_edgar,metadata,sec-edgar://metadata-first/UNP/2022/Q4,sec.gov,metadata_only,sec_metadata_only,false,false,false,false,,,sha256:55346a3a598fdf3e413c6446c8255ae1808353186085a08b62c8c9f6632835f4,Use SEC metadata-first discovery with descriptive User-Agent and <=10 requests/sec.
unp_2022_q4,UNP,Union Pacific Corporation,youtube,video,https://www.youtube.com/results?search_query=UNP+2022+Q4+earnings+call,www.youtube.com,metadata_only,youtube_media_blocked,false,false,false,false,,,sha256:af3b7c991026f2fc1c6620e0a82d36aa95944ecd7e0add9a16bf244c48f75507,Keep YouTube as metadata/link reference only unless explicit written authorization exists.
unp_2022_q4,UNP,Union Pacific Corporation,vendor,transcript,licensed-vendor://blocked/UNP/2022/Q4,licensed-vendor,license_required,vendor_license_missing,false,false,false,false,,,sha256:44c925481cd60d0dd7696b0d6ebb16c101ebd4f08cfe7b58533339fca229a803,Register license_config_ref before any vendor raw content use.
nsc_2022_q4,NSC,Norfolk Southern Corporation,official_ir,transcript,https://norfolksouthern.investorroom.com/,norfolksouthern.investorroom.com,metadata_only,metadata_only_no_raw_download,false,false,false,false,,,sha256:e153dbbadc0826b42067318cef3e9694741b1286fea859f7cf6b8e3c779d65a6,"Review official IR source terms, robots policy, and event identity before permitted acquisition."
nsc_2022_q4,NSC,Norfolk Southern Corporation,sec_edgar,metadata,sec-edgar://metadata-first/NSC/2022/Q4,sec.gov,metadata_only,sec_metadata_only,false,false,false,false,,,sha256:a31c425f182801a515b19a2ecb3431d71f8ca838639859f6ae5d7eec2a597493,Use SEC metadata-first discovery with descriptive User-Agent and <=10 requests/sec.
nsc_2022_q4,NSC,Norfolk Southern Corporation,youtube,video,https://www.youtube.com/results?search_query=NSC+2022+Q4+earnings+call,www.youtube.com,metadata_only,youtube_media_blocked,false,false,false,false,,,sha256:51bcef4fc49c144be5f4c1faf5b5e306910e4140ce8a7948d16e497b37b8e385,Keep YouTube as metadata/link reference only unless explicit written authorization exists.
nsc_2022_q4,NSC,Norfolk Southern Corporation,vendor,transcript,licensed-vendor://blocked/NSC/2022/Q4,licensed-vendor,license_required,vendor_license_missing,false,false,false,false,,,sha256:59c381387053093c9b1359d0b3c2ae28321e14a4048cd754c4ba241e77c00f90,Register license_config_ref before any vendor raw content use.
hd_2022_q4,HD,"The Home Depot, Inc.",official_ir,transcript,https://ir.homedepot.com/,ir.homedepot.com,metadata_only,metadata_only_no_raw_download,false,false,false,false,,,sha256:325a6af2549fbf528147b812cb9ef45b35aa58b19ac9712471be9f16ffdcacc8,"Review official IR source terms, robots policy, and event identity before permitted acquisition."
hd_2022_q4,HD,"The Home Depot, Inc.",sec_edgar,metadata,sec-edgar://metadata-first/HD/2022/Q4,sec.gov,metadata_only,sec_metadata_only,false,false,false,false,,,sha256:7bf829c2ac8d3e29fe65acdf22c673af90d3ae82f99c37d0e59d2bced3fe29de,Use SEC metadata-first discovery with descriptive User-Agent and <=10 requests/sec.
hd_2022_q4,HD,"The Home Depot, Inc.",youtube,video,https://www.youtube.com/results?search_query=HD+2022+Q4+earnings+call,www.youtube.com,metadata_only,youtube_media_blocked,false,false,false,false,,,sha256:af1e0c5cba733327214cd434c545721de075c8e1662157bae1c79396fdd40e71,Keep YouTube as metadata/link reference only unless explicit written authorization exists.
hd_2022_q4,HD,"The Home Depot, Inc.",vendor,transcript,licensed-vendor://blocked/HD/2022/Q4,licensed-vendor,license_required,vendor_license_missing,false,false,false,false,,,sha256:7af06de3a2dc67e653a73197e233342a83daa4b1110fa4b203ef0cf29fa8206e,Register license_config_ref before any vendor raw content use.
low_2022_q4,LOW,"Lowe's Companies, Inc.",official_ir,transcript,https://corporate.lowes.com/investors,corporate.lowes.com,metadata_only,metadata_only_no_raw_download,false,false,false,false,,,sha256:4346dde915496bee7fde505e52dfacf59f4e06c1a5c0fa421a2edbaa7d9770e0,"Review official IR source terms, robots policy, and event identity before permitted acquisition."
low_2022_q4,LOW,"Lowe's Companies, Inc.",sec_edgar,metadata,sec-edgar://metadata-first/LOW/2022/Q4,sec.gov,metadata_only,sec_metadata_only,false,false,false,false,,,sha256:092f1c367a5579538da45630a80906d746516da6bf6f2d208bdd7b9bde593385,Use SEC metadata-first discovery with descriptive User-Agent and <=10 requests/sec.
low_2022_q4,LOW,"Lowe's Companies, Inc.",youtube,video,https://www.youtube.com/results?search_query=LOW+2022+Q4+earnings+call,www.youtube.com,metadata_only,youtube_media_blocked,false,false,false,false,,,sha256:3c3bb0519531909cee6e01b87aa77143c106486e76887b03b4d8a6d01bdb41ca,Keep YouTube as metadata/link reference only unless explicit written authorization exists.
low_2022_q4,LOW,"Lowe's Companies, Inc.",vendor,transcript,licensed-vendor://blocked/LOW/2022/Q4,licensed-vendor,license_required,vendor_license_missing,false,false,false,false,,,sha256:fdc0021db60f115022402d29cd0c626297897c844ee6bcaa5e99e021e525d026,Register license_config_ref before any vendor raw content use.
tgt_2022_q4,TGT,Target Corporation,official_ir,transcript,https://investors.target.com/,investors.target.com,metadata_only,metadata_only_no_raw_download,false,false,false,false,,,sha256:4a27087512a1590e8e949268cfd201712c7fab74662cac1c4272b6066e289d11,"Review official IR source terms, robots policy, and event identity before permitted acquisition."
tgt_2022_q4,TGT,Target Corporation,sec_edgar,metadata,sec-edgar://metadata-first/TGT/2022/Q4,sec.gov,metadata_only,sec_metadata_only,false,false,false,false,,,sha256:8ca61796ad9b0b5de144e0887b911e32b1c2ea5d216082c97eee997fbf18b3d9,Use SEC metadata-first discovery with descriptive User-Agent and <=10 requests/sec.
tgt_2022_q4,TGT,Target Corporation,youtube,video,https://www.youtube.com/results?search_query=TGT+2022+Q4+earnings+call,www.youtube.com,metadata_only,youtube_media_blocked,false,false,false,false,,,sha256:9137a638656518f441d903db2996e9c8c2e89932bed6c5473cd454dcf418031b,Keep YouTube as metadata/link reference only unless explicit written authorization exists.
tgt_2022_q4,TGT,Target Corporation,vendor,transcript,licensed-vendor://blocked/TGT/2022/Q4,licensed-vendor,license_required,vendor_license_missing,false,false,false,false,,,sha256:1d9285bc263aa573cdf64f38854ee4ad589b608473ac5f96dab9150d9c080278,Register license_config_ref before any vendor raw content use.
kr_2022_q4,KR,The Kroger Co.,official_ir,transcript,https://ir.kroger.com/,ir.kroger.com,metadata_only,metadata_only_no_raw_download,false,false,false,false,,,sha256:de26320b6922f120cf1345f61a7c992bbcff9da302814d18eb12579b21eb064b,"Review official IR source terms, robots policy, and event identity before permitted acquisition."
kr_2022_q4,KR,The Kroger Co.,sec_edgar,metadata,sec-edgar://metadata-first/KR/2022/Q4,sec.gov,metadata_only,sec_metadata_only,false,false,false,false,,,sha256:a027c4cf1c81e036d87f723cf5bb74e3b7c93bc39376111e8c93dadd97464436,Use SEC metadata-first discovery with descriptive User-Agent and <=10 requests/sec.
kr_2022_q4,KR,The Kroger Co.,youtube,video,https://www.youtube.com/results?search_query=KR+2022+Q4+earnings+call,www.youtube.com,metadata_only,youtube_media_blocked,false,false,false,false,,,sha256:21cb8c76e16f7dabb0cc65e00ea0881ae2e106624ef107b085da2fa12457c7db,Keep YouTube as metadata/link reference only unless explicit written authorization exists.
kr_2022_q4,KR,The Kroger Co.,vendor,transcript,licensed-vendor://blocked/KR/2022/Q4,licensed-vendor,license_required,vendor_license_missing,false,false,false,false,,,sha256:0076580a9a977f48b49204c6a05d3dba9c82cb422231b38ac6669050151026bb,Register license_config_ref before any vendor raw content use.
dg_2022_q4,DG,Dollar General Corporation,official_ir,transcript,https://investor.dollargeneral.com/,investor.dollargeneral.com,metadata_only,metadata_only_no_raw_download,false,false,false,false,,,sha256:6fecbac6e1d5e1daa0a442f8edf92ba762bf7dfc29cb5cad80cca56d9c51ae5f,"Review official IR source terms, robots policy, and event identity before permitted acquisition."
dg_2022_q4,DG,Dollar General Corporation,sec_edgar,metadata,sec-edgar://metadata-first/DG/2022/Q4,sec.gov,metadata_only,sec_metadata_only,false,false,false,false,,,sha256:5cbd60349bc70b0d31370fa7d584d41bdc0588201aa4bbc267b93dbcc88e02f3,Use SEC metadata-first discovery with descriptive User-Agent and <=10 requests/sec.
dg_2022_q4,DG,Dollar General Corporation,youtube,video,https://www.youtube.com/results?search_query=DG+2022+Q4+earnings+call,www.youtube.com,metadata_only,youtube_media_blocked,false,false,false,false,,,sha256:95f5a3042341c034b45d2278b4b1347edb775495c6a6bc5a168c74fdd291f663,Keep YouTube as metadata/link reference only unless explicit written authorization exists.
dg_2022_q4,DG,Dollar General Corporation,vendor,transcript,licensed-vendor://blocked/DG/2022/Q4,licensed-vendor,license_required,vendor_license_missing,false,false,false,false,,,sha256:cbb8fd2d997047a281a3bc3c51207a6121958981208cd94c4a289339505ba172,Register license_config_ref before any vendor raw content use.
mcd_2022_q4,MCD,McDonald's Corporation,official_ir,transcript,https://corporate.mcdonalds.com/corpmcd/investors.html,corporate.mcdonalds.com,metadata_only,metadata_only_no_raw_download,false,false,false,false,,,sha256:b27b3b1af2a02eefb7e8bf3ce45f3dafd7494ab7413f0b38777994e2d121381b,"Review official IR source terms, robots policy, and event identity before permitted acquisition."
mcd_2022_q4,MCD,McDonald's Corporation,sec_edgar,metadata,sec-edgar://metadata-first/MCD/2022/Q4,sec.gov,metadata_only,sec_metadata_only,false,false,false,false,,,sha256:170457a4c5e106b67cd0c02fa087df2a8fc00b1a2f8d44103e3977925ed532e6,Use SEC metadata-first discovery with descriptive User-Agent and <=10 requests/sec.
mcd_2022_q4,MCD,McDonald's Corporation,youtube,video,https://www.youtube.com/results?search_query=MCD+2022+Q4+earnings+call,www.youtube.com,metadata_only,youtube_media_blocked,false,false,false,false,,,sha256:8d0f28a2cca950966504cd313b01e4e37639ed8d88a11b9aca2b9b41cf5cc436,Keep YouTube as metadata/link reference only unless explicit written authorization exists.
mcd_2022_q4,MCD,McDonald's Corporation,vendor,transcript,licensed-vendor://blocked/MCD/2022/Q4,licensed-vendor,license_required,vendor_license_missing,false,false,false,false,,,sha256:bee03bfafa1a29ea15d3ade9cc979037b8e27568adc71b80eac2e17ee3d006e0,Register license_config_ref before any vendor raw content use.
yum_2022_q4,YUM,"Yum! Brands, Inc.",official_ir,transcript,https://investors.yum.com/,investors.yum.com,metadata_only,metadata_only_no_raw_download,false,false,false,false,,,sha256:b44869148a5be3b10874fb0796c605f9b226c1db3f313ab545165049da555fb0,"Review official IR source terms, robots policy, and event identity before permitted acquisition."
yum_2022_q4,YUM,"Yum! Brands, Inc.",sec_edgar,metadata,sec-edgar://metadata-first/YUM/2022/Q4,sec.gov,metadata_only,sec_metadata_only,false,false,false,false,,,sha256:61091bba38d732057d2816cb50f92918878f63c8d3b7564448687363255b6f6a,Use SEC metadata-first discovery with descriptive User-Agent and <=10 requests/sec.
yum_2022_q4,YUM,"Yum! Brands, Inc.",youtube,video,https://www.youtube.com/results?search_query=YUM+2022+Q4+earnings+call,www.youtube.com,metadata_only,youtube_media_blocked,false,false,false,false,,,sha256:b8ac6f20550a4ade9ecd5f041f8a54e7a551777a74b823bf693dd3bdeb110f48,Keep YouTube as metadata/link reference only unless explicit written authorization exists.
yum_2022_q4,YUM,"Yum! Brands, Inc.",vendor,transcript,licensed-vendor://blocked/YUM/2022/Q4,licensed-vendor,license_required,vendor_license_missing,false,false,false,false,,,sha256:155498d084b23ece14d912385337f67848880908bee045ddffed1a1d8244e2bd,Register license_config_ref before any vendor raw content use.
nke_2022_q4,NKE,"NIKE, Inc.",official_ir,transcript,https://investors.nike.com/,investors.nike.com,metadata_only,metadata_only_no_raw_download,false,false,false,false,,,sha256:5c192a20adf51c76f61f647171a14c345448112c34bc4bf992b479a7ccac0ea5,"Review official IR source terms, robots policy, and event identity before permitted acquisition."
nke_2022_q4,NKE,"NIKE, Inc.",sec_edgar,metadata,sec-edgar://metadata-first/NKE/2022/Q4,sec.gov,metadata_only,sec_metadata_only,false,false,false,false,,,sha256:3c3b896f37a7453aa6d522cec0217fc08b695a068a2a9b7d0af99f8024736d20,Use SEC metadata-first discovery with descriptive User-Agent and <=10 requests/sec.
nke_2022_q4,NKE,"NIKE, Inc.",youtube,video,https://www.youtube.com/results?search_query=NKE+2022+Q4+earnings+call,www.youtube.com,metadata_only,youtube_media_blocked,false,false,false,false,,,sha256:ef7ffbda56e3940ffbaa422310e05e8425c0fc8b07e2d98705d5f7a263b85c34,Keep YouTube as metadata/link reference only unless explicit written authorization exists.
nke_2022_q4,NKE,"NIKE, Inc.",vendor,transcript,licensed-vendor://blocked/NKE/2022/Q4,licensed-vendor,license_required,vendor_license_missing,false,false,false,false,,,sha256:7f2ab6a6c7b91531a18d4dcdd901f3dfde9293bec936c5f6ff07b7931d938b56,Register license_config_ref before any vendor raw content use.
dis_2022_q4,DIS,The Walt Disney Company,official_ir,transcript,https://thewaltdisneycompany.com/investor-relations/,thewaltdisneycompany.com,metadata_only,metadata_only_no_raw_download,false,false,false,false,,,sha256:a714cde4e2180ea164d7aa7f26e1d53747db93d78050188ec6699efd9fba1cfa,"Review official IR source terms, robots policy, and event identity before permitted acquisition."
dis_2022_q4,DIS,The Walt Disney Company,sec_edgar,metadata,sec-edgar://metadata-first/DIS/2022/Q4,sec.gov,metadata_only,sec_metadata_only,false,false,false,false,,,sha256:8a7e13ec6d4d931b1d5c5cb70cf529e9072808aba8f897bbbd5de187448236ea,Use SEC metadata-first discovery with descriptive User-Agent and <=10 requests/sec.
dis_2022_q4,DIS,The Walt Disney Company,youtube,video,https://www.youtube.com/results?search_query=DIS+2022+Q4+earnings+call,www.youtube.com,metadata_only,youtube_media_blocked,false,false,false,false,,,sha256:a005e2dfb442aafc94cb005c4a3da4a0fd18ce1a5dd901cf8695ee2fd072d02f,Keep YouTube as metadata/link reference only unless explicit written authorization exists.
dis_2022_q4,DIS,The Walt Disney Company,vendor,transcript,licensed-vendor://blocked/DIS/2022/Q4,licensed-vendor,license_required,vendor_license_missing,false,false,false,false,,,sha256:9a0d25f0ae50f45b6c48949c450ac483d5c3125656fddd1eb8cefafde54c7fe6,Register license_config_ref before any vendor raw content use.
ko_2022_q4,KO,The Coca-Cola Company,official_ir,transcript,https://investors.coca-colacompany.com/,investors.coca-colacompany.com,metadata_only,metadata_only_no_raw_download,false,false,false,false,,,sha256:1b753e4c47ee27eb4b9445d3b81e6678680a5149b1a6354a10928b2c552764f2,"Review official IR source terms, robots policy, and event identity before permitted acquisition."
ko_2022_q4,KO,The Coca-Cola Company,sec_edgar,metadata,sec-edgar://metadata-first/KO/2022/Q4,sec.gov,metadata_only,sec_metadata_only,false,false,false,false,,,sha256:9db28f71a2f028259c4b20abb0727254185271e8c3b718111edcc76b70de9d1a,Use SEC metadata-first discovery with descriptive User-Agent and <=10 requests/sec.
ko_2022_q4,KO,The Coca-Cola Company,youtube,video,https://www.youtube.com/results?search_query=KO+2022+Q4+earnings+call,www.youtube.com,metadata_only,youtube_media_blocked,false,false,false,false,,,sha256:b2e76a75a1d3ebf8eb056cd03f1b0d38584bc7382695b88fb38df055356e18df,Keep YouTube as metadata/link reference only unless explicit written authorization exists.
ko_2022_q4,KO,The Coca-Cola Company,vendor,transcript,licensed-vendor://blocked/KO/2022/Q4,licensed-vendor,license_required,vendor_license_missing,false,false,false,false,,,sha256:858f32dde0896974d3bad68baa6eeadf351e274b00f5409c0fed6708014b6771,Register license_config_ref before any vendor raw content use.
pg_2022_q4,PG,The Procter & Gamble Company,official_ir,transcript,https://www.pginvestor.com/,www.pginvestor.com,metadata_only,metadata_only_no_raw_download,false,false,false,false,,,sha256:86634f0a5d0a8b7cdbdeafbe394fc7ce21eefd49f145b2e3f0ed8e5bec91d39d,"Review official IR source terms, robots policy, and event identity before permitted acquisition."
pg_2022_q4,PG,The Procter & Gamble Company,sec_edgar,metadata,sec-edgar://metadata-first/PG/2022/Q4,sec.gov,metadata_only,sec_metadata_only,false,false,false,false,,,sha256:4e3f64eef7dadbe3b2ca4e0a7d544bf13d21c0c3177f54dfffbcb697e41542ca,Use SEC metadata-first discovery with descriptive User-Agent and <=10 requests/sec.
pg_2022_q4,PG,The Procter & Gamble Company,youtube,video,https://www.youtube.com/results?search_query=PG+2022+Q4+earnings+call,www.youtube.com,metadata_only,youtube_media_blocked,false,false,false,false,,,sha256:2b7eb8b316d25c59fe34f9667617e33b48d1f41e20d3ea41aa05139e312b1bd5,Keep YouTube as metadata/link reference only unless explicit written authorization exists.
pg_2022_q4,PG,The Procter & Gamble Company,vendor,transcript,licensed-vendor://blocked/PG/2022/Q4,licensed-vendor,license_required,vendor_license_missing,false,false,false,false,,,sha256:bae55f890830b456481d6ffbe968e818438f8d3f8e720e0e7e6318e6c210d162,Register license_config_ref before any vendor raw content use.
cl_2022_q4,CL,Colgate-Palmolive Company,official_ir,transcript,https://investor.colgatepalmolive.com/,investor.colgatepalmolive.com,metadata_only,metadata_only_no_raw_download,false,false,false,false,,,sha256:99f351d626e0f3438be1eb5e09c51baf7f8b0c69e41e7aff964c18cbdbf75c4b,"Review official IR source terms, robots policy, and event identity before permitted acquisition."
cl_2022_q4,CL,Colgate-Palmolive Company,sec_edgar,metadata,sec-edgar://metadata-first/CL/2022/Q4,sec.gov,metadata_only,sec_metadata_only,false,false,false,false,,,sha256:985bcdf9f9262883715adf18d8e827561476d8352ab72c7a6ca7c82c7f43e961,Use SEC metadata-first discovery with descriptive User-Agent and <=10 requests/sec.
cl_2022_q4,CL,Colgate-Palmolive Company,youtube,video,https://www.youtube.com/results?search_query=CL+2022+Q4+earnings+call,www.youtube.com,metadata_only,youtube_media_blocked,false,false,false,false,,,sha256:8fd46b54ec71a413a20c8ba124c253c9e75688fea871c4eb7f535e3a56883777,Keep YouTube as metadata/link reference only unless explicit written authorization exists.
cl_2022_q4,CL,Colgate-Palmolive Company,vendor,transcript,licensed-vendor://blocked/CL/2022/Q4,licensed-vendor,license_required,vendor_license_missing,false,false,false,false,,,sha256:f81a30d9c82ca8da955c2b9eb6bc0e00ed6c48f3b80aebca6c08e6f682696350,Register license_config_ref before any vendor raw content use.
el_2022_q4,EL,The Estee Lauder Companies Inc.,official_ir,transcript,https://ir.elcompanies.com/,ir.elcompanies.com,metadata_only,metadata_only_no_raw_download,false,false,false,false,,,sha256:52d2f1b0c59098a5634e72fa26228775f1800cd4985416a1967a0884c2a41bbc,"Review official IR source terms, robots policy, and event identity before permitted acquisition."
el_2022_q4,EL,The Estee Lauder Companies Inc.,sec_edgar,metadata,sec-edgar://metadata-first/EL/2022/Q4,sec.gov,metadata_only,sec_metadata_only,false,false,false,false,,,sha256:6bec725103a504967cd0d2dde00fc1ff96e4d8b6cdb3418c93a26cfb2b8df753,Use SEC metadata-first discovery with descriptive User-Agent and <=10 requests/sec.
el_2022_q4,EL,The Estee Lauder Companies Inc.,youtube,video,https://www.youtube.com/results?search_query=EL+2022+Q4+earnings+call,www.youtube.com,metadata_only,youtube_media_blocked,false,false,false,false,,,sha256:a9dd19d479a2d5d95ad19c4ef3bcd3991aa4d3368c6515e1c4568e60f5cfbd4d,Keep YouTube as metadata/link reference only unless explicit written authorization exists.
el_2022_q4,EL,The Estee Lauder Companies Inc.,vendor,transcript,licensed-vendor://blocked/EL/2022/Q4,licensed-vendor,license_required,vendor_license_missing,false,false,false,false,,,sha256:8fbbb882ffc4dfd8a84c4f9b253c87a7dc7b8ddef4aabeb92d13a8e5ce9738e3,Register license_config_ref before any vendor raw content use.
gis_2022_q4,GIS,"General Mills, Inc.",official_ir,transcript,https://investors.generalmills.com/,investors.generalmills.com,metadata_only,metadata_only_no_raw_download,false,false,false,false,,,sha256:a00aacf31765223ef978946b17bc3d265f790f61efb38b1c976cac392b0b56db,"Review official IR source terms, robots policy, and event identity before permitted acquisition."
gis_2022_q4,GIS,"General Mills, Inc.",sec_edgar,metadata,sec-edgar://metadata-first/GIS/2022/Q4,sec.gov,metadata_only,sec_metadata_only,false,false,false,false,,,sha256:647e302dc6fb7686bf4a7f235eb82a668b1a2212f1e7a18357df77e203e171e1,Use SEC metadata-first discovery with descriptive User-Agent and <=10 requests/sec.
gis_2022_q4,GIS,"General Mills, Inc.",youtube,video,https://www.youtube.com/results?search_query=GIS+2022+Q4+earnings+call,www.youtube.com,metadata_only,youtube_media_blocked,false,false,false,false,,,sha256:20c7777f0f4cd5f6ef60b97b62fd4435cb71f6e79527c0b098974624b258a928,Keep YouTube as metadata/link reference only unless explicit written authorization exists.
gis_2022_q4,GIS,"General Mills, Inc.",vendor,transcript,licensed-vendor://blocked/GIS/2022/Q4,licensed-vendor,license_required,vendor_license_missing,false,false,false,false,,,sha256:a7b650db7227b50a43fcd35bdf2e6f9f0de8da9af668a46d12db6811ed9aa1a9,Register license_config_ref before any vendor raw content use.
hsy_2022_q4,HSY,The Hershey Company,official_ir,transcript,https://www.thehersheycompany.com/en_us/investors.html,www.thehersheycompany.com,metadata_only,metadata_only_no_raw_download,false,false,false,false,,,sha256:67c702c0f3e70a2c169a30b31a223d18b8c5dfd0cb168ad1523a6a682574a7e8,"Review official IR source terms, robots policy, and event identity before permitted acquisition."
hsy_2022_q4,HSY,The Hershey Company,sec_edgar,metadata,sec-edgar://metadata-first/HSY/2022/Q4,sec.gov,metadata_only,sec_metadata_only,false,false,false,false,,,sha256:c17c5fd64b128a2da8b082f999ff58857fb10010f2af2f01e9a39d507486788a,Use SEC metadata-first discovery with descriptive User-Agent and <=10 requests/sec.
hsy_2022_q4,HSY,The Hershey Company,youtube,video,https://www.youtube.com/results?search_query=HSY+2022+Q4+earnings+call,www.youtube.com,metadata_only,youtube_media_blocked,false,false,false,false,,,sha256:d2ddbccaf3e851be85d877b97b1cbdee4bf92a6516bb017b2ec69885a569e3ba,Keep YouTube as metadata/link reference only unless explicit written authorization exists.
hsy_2022_q4,HSY,The Hershey Company,vendor,transcript,licensed-vendor://blocked/HSY/2022/Q4,licensed-vendor,license_required,vendor_license_missing,false,false,false,false,,,sha256:cdfa0515105e0439d908d4c61c1f842e29d03216841a8ee2bd87a99ff4411506,Register license_config_ref before any vendor raw content use.
t_2022_q4,T,AT&T Inc.,official_ir,transcript,https://investors.att.com/,investors.att.com,metadata_only,metadata_only_no_raw_download,false,false,false,false,,,sha256:3b95183b74ff1083da2af98e9d94e420843f6bb62ad3f838a5357c56d161e8dc,"Review official IR source terms, robots policy, and event identity before permitted acquisition."
t_2022_q4,T,AT&T Inc.,sec_edgar,metadata,sec-edgar://metadata-first/T/2022/Q4,sec.gov,metadata_only,sec_metadata_only,false,false,false,false,,,sha256:63764049d2930e172a9dc6939ee0c599d296faa512487db89f4bbb150236cb26,Use SEC metadata-first discovery with descriptive User-Agent and <=10 requests/sec.
t_2022_q4,T,AT&T Inc.,youtube,video,https://www.youtube.com/results?search_query=T+2022+Q4+earnings+call,www.youtube.com,metadata_only,youtube_media_blocked,false,false,false,false,,,sha256:fa4b7224af08e94df695758052f71b634eb4a99cd2df0bfeecbddc2eb4f3215b,Keep YouTube as metadata/link reference only unless explicit written authorization exists.
t_2022_q4,T,AT&T Inc.,vendor,transcript,licensed-vendor://blocked/T/2022/Q4,licensed-vendor,license_required,vendor_license_missing,false,false,false,false,,,sha256:bb879e574b9b2da4245f6b2b33531277bc333c6d1907c494c142010e01dc2c6a,Register license_config_ref before any vendor raw content use.
vz_2022_q4,VZ,Verizon Communications Inc.,official_ir,transcript,https://www.verizon.com/about/investors,www.verizon.com,metadata_only,metadata_only_no_raw_download,false,false,false,false,,,sha256:36927224a7dfa69a92d320e0193137c00020aeff3eb59b29d81ee2946ee8b69e,"Review official IR source terms, robots policy, and event identity before permitted acquisition."
vz_2022_q4,VZ,Verizon Communications Inc.,sec_edgar,metadata,sec-edgar://metadata-first/VZ/2022/Q4,sec.gov,metadata_only,sec_metadata_only,false,false,false,false,,,sha256:e3f3b2582ebcf3a49bf9a08796caa7452a328a5658001df95fffb645d8636c10,Use SEC metadata-first discovery with descriptive User-Agent and <=10 requests/sec.
vz_2022_q4,VZ,Verizon Communications Inc.,youtube,video,https://www.youtube.com/results?search_query=VZ+2022+Q4+earnings+call,www.youtube.com,metadata_only,youtube_media_blocked,false,false,false,false,,,sha256:4b46d3d264fb93a27595c86d0df25918963cbbd67975b8b83d35198cff7df3df,Keep YouTube as metadata/link reference only unless explicit written authorization exists.
vz_2022_q4,VZ,Verizon Communications Inc.,vendor,transcript,licensed-vendor://blocked/VZ/2022/Q4,licensed-vendor,license_required,vendor_license_missing,false,false,false,false,,,sha256:eb8a095f47a4d3fc99f2846fc38018d1995fb8b2dbdeb2cabeca1df5d1a53f39,Register license_config_ref before any vendor raw content use.
ibm_2022_q4,IBM,International Business Machines Corporation,official_ir,transcript,https://www.ibm.com/investor,www.ibm.com,metadata_only,metadata_only_no_raw_download,false,false,false,false,,,sha256:c213b66a27fb46bb30632c518add4cc22c93c6ea6697c280f5d020dcee58044a,"Review official IR source terms, robots policy, and event identity before permitted acquisition."
ibm_2022_q4,IBM,International Business Machines Corporation,sec_edgar,metadata,sec-edgar://metadata-first/IBM/2022/Q4,sec.gov,metadata_only,sec_metadata_only,false,false,false,false,,,sha256:796a8b25d594773f4ad7b6a80b389b4376fd38ac8b79fa51cce55cdf9406006e,Use SEC metadata-first discovery with descriptive User-Agent and <=10 requests/sec.
ibm_2022_q4,IBM,International Business Machines Corporation,youtube,video,https://www.youtube.com/results?search_query=IBM+2022+Q4+earnings+call,www.youtube.com,metadata_only,youtube_media_blocked,false,false,false,false,,,sha256:2377818bb7185c5e61eb5c3fd5caf737148e579a813cc08d948ce5b4d0d36fc1,Keep YouTube as metadata/link reference only unless explicit written authorization exists.
ibm_2022_q4,IBM,International Business Machines Corporation,vendor,transcript,licensed-vendor://blocked/IBM/2022/Q4,licensed-vendor,license_required,vendor_license_missing,false,false,false,false,,,sha256:3367beaa6bdb09522c2e58e17ede7daedc2f028e6b02d468a96dcf27b102eae4,Register license_config_ref before any vendor raw content use.
orcl_2022_q4,ORCL,Oracle Corporation,official_ir,transcript,https://investor.oracle.com/,investor.oracle.com,metadata_only,metadata_only_no_raw_download,false,false,false,false,,,sha256:5d001d19f458b30b9eac2412c16b20244d31a2bf73e90ef5e7d8a2d3f11cb2c0,"Review official IR source terms, robots policy, and event identity before permitted acquisition."
orcl_2022_q4,ORCL,Oracle Corporation,sec_edgar,metadata,sec-edgar://metadata-first/ORCL/2022/Q4,sec.gov,metadata_only,sec_metadata_only,false,false,false,false,,,sha256:2dc16406296bbec7c146cc73a62e440bf4b60f2bfe26a406e77b062e32b42bf9,Use SEC metadata-first discovery with descriptive User-Agent and <=10 requests/sec.
orcl_2022_q4,ORCL,Oracle Corporation,youtube,video,https://www.youtube.com/results?search_query=ORCL+2022+Q4+earnings+call,www.youtube.com,metadata_only,youtube_media_blocked,false,false,false,false,,,sha256:2404336ff68bc2941f27979d911d4a5bb598841a957e22cd1e37f6a449281fc5,Keep YouTube as metadata/link reference only unless explicit written authorization exists.
orcl_2022_q4,ORCL,Oracle Corporation,vendor,transcript,licensed-vendor://blocked/ORCL/2022/Q4,licensed-vendor,license_required,vendor_license_missing,false,false,false,false,,,sha256:b333a907e6850f841f23148b0a5ec9e5b39a560f5414743609a7ed4af96198ff,Register license_config_ref before any vendor raw content use.
crm_2022_q4,CRM,"Salesforce, Inc.",official_ir,transcript,https://investor.salesforce.com/,investor.salesforce.com,metadata_only,metadata_only_no_raw_download,false,false,false,false,,,sha256:df5f7a8077da46e3a5de67759a28189a61d4e4a6395f6d56b176323563069124,"Review official IR source terms, robots policy, and event identity before permitted acquisition."
crm_2022_q4,CRM,"Salesforce, Inc.",sec_edgar,metadata,sec-edgar://metadata-first/CRM/2022/Q4,sec.gov,metadata_only,sec_metadata_only,false,false,false,false,,,sha256:7751d45bb264fe56de14630ac1d09b567940525fba3c40af88b2aeafda35b2e8,Use SEC metadata-first discovery with descriptive User-Agent and <=10 requests/sec.
crm_2022_q4,CRM,"Salesforce, Inc.",youtube,video,https://www.youtube.com/results?search_query=CRM+2022+Q4+earnings+call,www.youtube.com,metadata_only,youtube_media_blocked,false,false,false,false,,,sha256:bb935253ae808ad3e6c85230e58b1d3551327eb094133cf89f024c7177b69ddc,Keep YouTube as metadata/link reference only unless explicit written authorization exists.
crm_2022_q4,CRM,"Salesforce, Inc.",vendor,transcript,licensed-vendor://blocked/CRM/2022/Q4,licensed-vendor,license_required,vendor_license_missing,false,false,false,false,,,sha256:d76d6966ae7096f4f8de4944c5fba4bc227eab3ee3503f59d27b3cd63d52de9d,Register license_config_ref before any vendor raw content use.
now_2022_q4,NOW,"ServiceNow, Inc.",official_ir,transcript,https://investors.servicenow.com/,investors.servicenow.com,metadata_only,metadata_only_no_raw_download,false,false,false,false,,,sha256:7ddaee5b94cc01983ca1d2ade228bf0b022c3f67d78f8dbc612f5b51a076d5fb,"Review official IR source terms, robots policy, and event identity before permitted acquisition."
now_2022_q4,NOW,"ServiceNow, Inc.",sec_edgar,metadata,sec-edgar://metadata-first/NOW/2022/Q4,sec.gov,metadata_only,sec_metadata_only,false,false,false,false,,,sha256:75e3550ffca6c22df9070d547c89a6fdf504c0252b323dfc388871e8ab777c15,Use SEC metadata-first discovery with descriptive User-Agent and <=10 requests/sec.
now_2022_q4,NOW,"ServiceNow, Inc.",youtube,video,https://www.youtube.com/results?search_query=NOW+2022+Q4+earnings+call,www.youtube.com,metadata_only,youtube_media_blocked,false,false,false,false,,,sha256:47157fc2bbb061430b1d3e9ef0bd6087de1bdfc30e201d793e8d74b0266ea770,Keep YouTube as metadata/link reference only unless explicit written authorization exists.
now_2022_q4,NOW,"ServiceNow, Inc.",vendor,transcript,licensed-vendor://blocked/NOW/2022/Q4,licensed-vendor,license_required,vendor_license_missing,false,false,false,false,,,sha256:b4f77821363deeb8ea61df5b5f6efeeacca404407ff39abe8538ac0de0d42a5e,Register license_config_ref before any vendor raw content use.
acn_2022_q4,ACN,Accenture plc,official_ir,transcript,https://investor.accenture.com/,investor.accenture.com,metadata_only,metadata_only_no_raw_download,false,false,false,false,,,sha256:e43d7591c1cc16fb774c38234087794c0cee9be18ff6e4bc0ecbcd5924dcdb1f,"Review official IR source terms, robots policy, and event identity before permitted acquisition."
acn_2022_q4,ACN,Accenture plc,sec_edgar,metadata,sec-edgar://metadata-first/ACN/2022/Q4,sec.gov,metadata_only,sec_metadata_only,false,false,false,false,,,sha256:f38b2dcdeb8b590ac2052a2d2ae48f2d7b6c8f27863a145fea806b3cee88e52c,Use SEC metadata-first discovery with descriptive User-Agent and <=10 requests/sec.
acn_2022_q4,ACN,Accenture plc,youtube,video,https://www.youtube.com/results?search_query=ACN+2022+Q4+earnings+call,www.youtube.com,metadata_only,youtube_media_blocked,false,false,false,false,,,sha256:5ce83c5a80528e8ecdbe023c779e339dbf4109e3273ec2b075b3cb35ef5660ee,Keep YouTube as metadata/link reference only unless explicit written authorization exists.
acn_2022_q4,ACN,Accenture plc,vendor,transcript,licensed-vendor://blocked/ACN/2022/Q4,licensed-vendor,license_required,vendor_license_missing,false,false,false,false,,,sha256:e58af47fffe856ff28fc78e9cccfb7f1834bdc6051a185bd0254426491759101,Register license_config_ref before any vendor raw content use.
dell_2022_q4,DELL,Dell Technologies Inc.,official_ir,transcript,https://investors.delltechnologies.com/,investors.delltechnologies.com,metadata_only,metadata_only_no_raw_download,false,false,false,false,,,sha256:f8a7884eea69244f8a491a08a0da64e91fe933044d83f85f27078a4e5360e8a2,"Review official IR source terms, robots policy, and event identity before permitted acquisition."
dell_2022_q4,DELL,Dell Technologies Inc.,sec_edgar,metadata,sec-edgar://metadata-first/DELL/2022/Q4,sec.gov,metadata_only,sec_metadata_only,false,false,false,false,,,sha256:a4a67a6c7265ee573e373a065b4f9e3c33120318589445e87b9e3d7b0b2e514e,Use SEC metadata-first discovery with descriptive User-Agent and <=10 requests/sec.
dell_2022_q4,DELL,Dell Technologies Inc.,youtube,video,https://www.youtube.com/results?search_query=DELL+2022+Q4+earnings+call,www.youtube.com,metadata_only,youtube_media_blocked,false,false,false,false,,,sha256:a3f0b303cc32665f016c08f67dcbc6c5c8b294de74bef1aaef13030db12a55e7,Keep YouTube as metadata/link reference only unless explicit written authorization exists.
dell_2022_q4,DELL,Dell Technologies Inc.,vendor,transcript,licensed-vendor://blocked/DELL/2022/Q4,licensed-vendor,license_required,vendor_license_missing,false,false,false,false,,,sha256:08aa103d7b52c8390a64665506f13ff84fb35aafefeb5b3f89a1654d6c32af08,Register license_config_ref before any vendor raw content use.
hpq_2022_q4,HPQ,HP Inc.,official_ir,transcript,https://investor.hp.com/,investor.hp.com,metadata_only,metadata_only_no_raw_download,false,false,false,false,,,sha256:1f1badff1be73b0ce673a9c025ce07451368e75fd9d499573ad23481e78ed7c6,"Review official IR source terms, robots policy, and event identity before permitted acquisition."
hpq_2022_q4,HPQ,HP Inc.,sec_edgar,metadata,sec-edgar://metadata-first/HPQ/2022/Q4,sec.gov,metadata_only,sec_metadata_only,false,false,false,false,,,sha256:0b51638414d3cc654596e926a65c3265d946e5fa127961c69874164c83ab97e6,Use SEC metadata-first discovery with descriptive User-Agent and <=10 requests/sec.
hpq_2022_q4,HPQ,HP Inc.,youtube,video,https://www.youtube.com/results?search_query=HPQ+2022+Q4+earnings+call,www.youtube.com,metadata_only,youtube_media_blocked,false,false,false,false,,,sha256:48e5d02a572bb8159c0e9df07ebf933ac831c10feb7c5b12a65f217e24dc17e1,Keep YouTube as metadata/link reference only unless explicit written authorization exists.
hpq_2022_q4,HPQ,HP Inc.,vendor,transcript,licensed-vendor://blocked/HPQ/2022/Q4,licensed-vendor,license_required,vendor_license_missing,false,false,false,false,,,sha256:355a4d882e97ca110dd277940ab61dfcfb9cde09d6342e64c7bea010186f0b9b,Register license_config_ref before any vendor raw content use.
net_2022_q4,NET,"Cloudflare, Inc.",official_ir,transcript,https://cloudflare.net/news-and-events/events-and-presentations,cloudflare.net,metadata_only,metadata_only_no_raw_download,false,false,false,false,,,sha256:6e15767058438778a496a46cc0d76abaa306a68cfea245420b964db619583186,"Review official IR source terms, robots policy, and event identity before permitted acquisition."
net_2022_q4,NET,"Cloudflare, Inc.",sec_edgar,metadata,sec-edgar://metadata-first/NET/2022/Q4,sec.gov,metadata_only,sec_metadata_only,false,false,false,false,,,sha256:77e81cb2c6811588b736cb7996bbb481379009bdd8c585c040c49ef4bdaf578b,Use SEC metadata-first discovery with descriptive User-Agent and <=10 requests/sec.
net_2022_q4,NET,"Cloudflare, Inc.",youtube,video,https://www.youtube.com/results?search_query=NET+2022+Q4+earnings+call,www.youtube.com,metadata_only,youtube_media_blocked,false,false,false,false,,,sha256:71ef13ad08528709520eef76d8c84806316e0fe0d3ac00037daaf38cc3c7e1ff,Keep YouTube as metadata/link reference only unless explicit written authorization exists.
net_2022_q4,NET,"Cloudflare, Inc.",vendor,transcript,licensed-vendor://blocked/NET/2022/Q4,licensed-vendor,license_required,vendor_license_missing,false,false,false,false,,,sha256:cde19713f832295284dcce81f4fe37564a0cbb860abe9b4dac49b83af93bf08e,Register license_config_ref before any vendor raw content use.
snow_2022_q4,SNOW,Snowflake Inc.,official_ir,transcript,https://investors.snowflake.com/,investors.snowflake.com,metadata_only,metadata_only_no_raw_download,false,false,false,false,,,sha256:c1031addd08dd276a36a8534354f912b43d1c389c678fa2ad66db1ca7270122b,"Review official IR source terms, robots policy, and event identity before permitted acquisition."
snow_2022_q4,SNOW,Snowflake Inc.,sec_edgar,metadata,sec-edgar://metadata-first/SNOW/2022/Q4,sec.gov,metadata_only,sec_metadata_only,false,false,false,false,,,sha256:9d0eda2dbb9ccb3d86268b8fd5126800bd073cded81915f0e325ab69dcc57cc1,Use SEC metadata-first discovery with descriptive User-Agent and <=10 requests/sec.
snow_2022_q4,SNOW,Snowflake Inc.,youtube,video,https://www.youtube.com/results?search_query=SNOW+2022+Q4+earnings+call,www.youtube.com,metadata_only,youtube_media_blocked,false,false,false,false,,,sha256:0e749f91f9d47a86e3e90c15d1ccf181aec464c5d8c1689e543aee6a4932d389,Keep YouTube as metadata/link reference only unless explicit written authorization exists.
snow_2022_q4,SNOW,Snowflake Inc.,vendor,transcript,licensed-vendor://blocked/SNOW/2022/Q4,licensed-vendor,license_required,vendor_license_missing,false,false,false,false,,,sha256:ff13201b356f2c8f20d794013d0c23e19e6e5d3d72d29024c1821d4709f3a7a3,Register license_config_ref before any vendor raw content use.
jpm_2021_q4,JPM,JPMorgan Chase & Co.,official_ir,transcript,https://www.jpmorganchase.com/ir,www.jpmorganchase.com,metadata_only,metadata_only_no_raw_download,false,false,false,false,,,sha256:de29d75c0018ee89b75bba360796f5e6d1884889ae5ebf7eb2f8ed724e45516c,"Review official IR source terms, robots policy, and event identity before permitted acquisition."
jpm_2021_q4,JPM,JPMorgan Chase & Co.,sec_edgar,metadata,sec-edgar://metadata-first/JPM/2021/Q4,sec.gov,metadata_only,sec_metadata_only,false,false,false,false,,,sha256:4f93e17f49bf7222bb5dc9ce0530cce3652c1f48212f15274b7c589177255409,Use SEC metadata-first discovery with descriptive User-Agent and <=10 requests/sec.
jpm_2021_q4,JPM,JPMorgan Chase & Co.,youtube,video,https://www.youtube.com/results?search_query=JPM+2021+Q4+earnings+call,www.youtube.com,metadata_only,youtube_media_blocked,false,false,false,false,,,sha256:ea56be69040a6b5d232ee6e62e4a9ba9d464ef1fa40687d25c11b52750b8ec44,Keep YouTube as metadata/link reference only unless explicit written authorization exists.
jpm_2021_q4,JPM,JPMorgan Chase & Co.,vendor,transcript,licensed-vendor://blocked/JPM/2021/Q4,licensed-vendor,license_required,vendor_license_missing,false,false,false,false,,,sha256:a7f96f5199b8a06cdd6336073bc7e4a771dfe64f196a35b930e7673ad283cda3,Register license_config_ref before any vendor raw content use.
bac_2021_q4,BAC,Bank of America Corporation,official_ir,transcript,https://investor.bankofamerica.com/,investor.bankofamerica.com,metadata_only,metadata_only_no_raw_download,false,false,false,false,,,sha256:a4c331b37a10fff2369347094bf46b36d4f847c9ea5801352af77d3d4810fbac,"Review official IR source terms, robots policy, and event identity before permitted acquisition."
bac_2021_q4,BAC,Bank of America Corporation,sec_edgar,metadata,sec-edgar://metadata-first/BAC/2021/Q4,sec.gov,metadata_only,sec_metadata_only,false,false,false,false,,,sha256:d57d16d599b3473c97a93a0eb316001ccce70a213b6965826e15abaefb16e2d5,Use SEC metadata-first discovery with descriptive User-Agent and <=10 requests/sec.
bac_2021_q4,BAC,Bank of America Corporation,youtube,video,https://www.youtube.com/results?search_query=BAC+2021+Q4+earnings+call,www.youtube.com,metadata_only,youtube_media_blocked,false,false,false,false,,,sha256:18cf8e1bd3f437a239f94e2a546443b7ad1701dbde0ec8387edab734cbac9514,Keep YouTube as metadata/link reference only unless explicit written authorization exists.
bac_2021_q4,BAC,Bank of America Corporation,vendor,transcript,licensed-vendor://blocked/BAC/2021/Q4,licensed-vendor,license_required,vendor_license_missing,false,false,false,false,,,sha256:70ac0223ab59ce8139e7aa77011b60c07565ee765edd2dcf764363b2148fd58f,Register license_config_ref before any vendor raw content use.
c_2021_q4,C,Citigroup Inc.,official_ir,transcript,https://www.citigroup.com/global/investors,www.citigroup.com,metadata_only,metadata_only_no_raw_download,false,false,false,false,,,sha256:d01338d1400cb5c17447d563a8f54b4317cd6248dc62e9e509d49a98ff7f6189,"Review official IR source terms, robots policy, and event identity before permitted acquisition."
c_2021_q4,C,Citigroup Inc.,sec_edgar,metadata,sec-edgar://metadata-first/C/2021/Q4,sec.gov,metadata_only,sec_metadata_only,false,false,false,false,,,sha256:92bafaea3c6991ba007181adf58525d19c377723784219aa0a654713cab86099,Use SEC metadata-first discovery with descriptive User-Agent and <=10 requests/sec.
c_2021_q4,C,Citigroup Inc.,youtube,video,https://www.youtube.com/results?search_query=C+2021+Q4+earnings+call,www.youtube.com,metadata_only,youtube_media_blocked,false,false,false,false,,,sha256:8f2229bb59fecbd85744f967800bb915c20937f38a788bc7b41af27c7918a385,Keep YouTube as metadata/link reference only unless explicit written authorization exists.
c_2021_q4,C,Citigroup Inc.,vendor,transcript,licensed-vendor://blocked/C/2021/Q4,licensed-vendor,license_required,vendor_license_missing,false,false,false,false,,,sha256:a373efe2d158542a72ca46dc2d4bd41ab6971a972f95561ccc2b68860811a021,Register license_config_ref before any vendor raw content use.
wfc_2021_q4,WFC,Wells Fargo & Company,official_ir,transcript,https://www.wellsfargo.com/about/investor-relations/,www.wellsfargo.com,metadata_only,metadata_only_no_raw_download,false,false,false,false,,,sha256:d486c4205eddc04b3fdec2809380fe94b7df94d8e65fb29e9ce24ced015fef22,"Review official IR source terms, robots policy, and event identity before permitted acquisition."
wfc_2021_q4,WFC,Wells Fargo & Company,sec_edgar,metadata,sec-edgar://metadata-first/WFC/2021/Q4,sec.gov,metadata_only,sec_metadata_only,false,false,false,false,,,sha256:184c383cdbcd7b6e828b350dc3b03dc89e8c884691f674951eb3f1b704fceef8,Use SEC metadata-first discovery with descriptive User-Agent and <=10 requests/sec.
wfc_2021_q4,WFC,Wells Fargo & Company,youtube,video,https://www.youtube.com/results?search_query=WFC+2021+Q4+earnings+call,www.youtube.com,metadata_only,youtube_media_blocked,false,false,false,false,,,sha256:51744591de90c5b3fd72bf1546ba318523cfa294282947db30ce4792d52bd3f1,Keep YouTube as metadata/link reference only unless explicit written authorization exists.
wfc_2021_q4,WFC,Wells Fargo & Company,vendor,transcript,licensed-vendor://blocked/WFC/2021/Q4,licensed-vendor,license_required,vendor_license_missing,false,false,false,false,,,sha256:dbd12ffb545bbf68dfc14c34fb79bd6a5f9c75794e0be94bd965156da4167e9f,Register license_config_ref before any vendor raw content use.
gs_2021_q4,GS,"The Goldman Sachs Group, Inc.",official_ir,transcript,https://www.goldmansachs.com/investor-relations/,www.goldmansachs.com,metadata_only,metadata_only_no_raw_download,false,false,false,false,,,sha256:2d27881e0bd312f55e289e056cca29f98bf25084d929fd73a0c0ca9c55d6b05f,"Review official IR source terms, robots policy, and event identity before permitted acquisition."
gs_2021_q4,GS,"The Goldman Sachs Group, Inc.",sec_edgar,metadata,sec-edgar://metadata-first/GS/2021/Q4,sec.gov,metadata_only,sec_metadata_only,false,false,false,false,,,sha256:3fcea1eff0ec58cd0e3afc28c314e4dc0f158c6e62e1bf88cefeb7bc088a04fb,Use SEC metadata-first discovery with descriptive User-Agent and <=10 requests/sec.
gs_2021_q4,GS,"The Goldman Sachs Group, Inc.",youtube,video,https://www.youtube.com/results?search_query=GS+2021+Q4+earnings+call,www.youtube.com,metadata_only,youtube_media_blocked,false,false,false,false,,,sha256:d3a517cfd3262185b96e3c1cf4f42793f38cde7dc20f990655b7ae085bfe3dfc,Keep YouTube as metadata/link reference only unless explicit written authorization exists.
gs_2021_q4,GS,"The Goldman Sachs Group, Inc.",vendor,transcript,licensed-vendor://blocked/GS/2021/Q4,licensed-vendor,license_required,vendor_license_missing,false,false,false,false,,,sha256:b385655a5b148f1ace23c25fd3099f1aeba7a6ffb3639d1179d9eaeeaf6e35eb,Register license_config_ref before any vendor raw content use.
ms_2021_q4,MS,Morgan Stanley,official_ir,transcript,https://www.morganstanley.com/about-us-ir,www.morganstanley.com,metadata_only,metadata_only_no_raw_download,false,false,false,false,,,sha256:5a0dfd8a2b0e159e26d93043daa34cc98d03baa2e86b56704424cacfdcabd666,"Review official IR source terms, robots policy, and event identity before permitted acquisition."
ms_2021_q4,MS,Morgan Stanley,sec_edgar,metadata,sec-edgar://metadata-first/MS/2021/Q4,sec.gov,metadata_only,sec_metadata_only,false,false,false,false,,,sha256:7253b8aab41791beaf14c010d69e30e3bbb8b7cd708dd8255b248c83dded95b2,Use SEC metadata-first discovery with descriptive User-Agent and <=10 requests/sec.
ms_2021_q4,MS,Morgan Stanley,youtube,video,https://www.youtube.com/results?search_query=MS+2021+Q4+earnings+call,www.youtube.com,metadata_only,youtube_media_blocked,false,false,false,false,,,sha256:1f77ce10f700cf3e56ba2d24109d6c5cfb5c3b240ba03f83846d010b37057a83,Keep YouTube as metadata/link reference only unless explicit written authorization exists.
ms_2021_q4,MS,Morgan Stanley,vendor,transcript,licensed-vendor://blocked/MS/2021/Q4,licensed-vendor,license_required,vendor_license_missing,false,false,false,false,,,sha256:65de14f26682dd38e870118d96e159c30bff63bd590c6dbcf3b9a8802049aa68,Register license_config_ref before any vendor raw content use.
bk_2021_q4,BK,The Bank of New York Mellon Corporation,official_ir,transcript,https://www.bny.com/corporate/global/en/investor-relations.html,www.bny.com,metadata_only,metadata_only_no_raw_download,false,false,false,false,,,sha256:5fa5c3e595c022d3aac7f425b341c17ddb1d22700afa0f956a0206c32c973d19,"Review official IR source terms, robots policy, and event identity before permitted acquisition."
bk_2021_q4,BK,The Bank of New York Mellon Corporation,sec_edgar,metadata,sec-edgar://metadata-first/BK/2021/Q4,sec.gov,metadata_only,sec_metadata_only,false,false,false,false,,,sha256:15f8942fc4b32ab13cbe90edec94af3c5e32356fc23b671e64ae86fe9f99ed37,Use SEC metadata-first discovery with descriptive User-Agent and <=10 requests/sec.
bk_2021_q4,BK,The Bank of New York Mellon Corporation,youtube,video,https://www.youtube.com/results?search_query=BK+2021+Q4+earnings+call,www.youtube.com,metadata_only,youtube_media_blocked,false,false,false,false,,,sha256:49dea2076bf7b1462a34c5b3bb58e313105bee03bbe1f22aaa45240a1bbea5de,Keep YouTube as metadata/link reference only unless explicit written authorization exists.
bk_2021_q4,BK,The Bank of New York Mellon Corporation,vendor,transcript,licensed-vendor://blocked/BK/2021/Q4,licensed-vendor,license_required,vendor_license_missing,false,false,false,false,,,sha256:24db122961a012983984c5759e05bb9d3c77e7ba9c4e256a1583493852357ee9,Register license_config_ref before any vendor raw content use.
stt_2021_q4,STT,State Street Corporation,official_ir,transcript,https://investors.statestreet.com/,investors.statestreet.com,metadata_only,metadata_only_no_raw_download,false,false,false,false,,,sha256:56afe1e8fd63d736501241698e2d175a2c772a8f83e4fa97fdaf33c48198971a,"Review official IR source terms, robots policy, and event identity before permitted acquisition."
stt_2021_q4,STT,State Street Corporation,sec_edgar,metadata,sec-edgar://metadata-first/STT/2021/Q4,sec.gov,metadata_only,sec_metadata_only,false,false,false,false,,,sha256:0d9e352e240683ed70632d4db86d7abcac53f0b360e198c91763b8784c8c1d9a,Use SEC metadata-first discovery with descriptive User-Agent and <=10 requests/sec.
stt_2021_q4,STT,State Street Corporation,youtube,video,https://www.youtube.com/results?search_query=STT+2021+Q4+earnings+call,www.youtube.com,metadata_only,youtube_media_blocked,false,false,false,false,,,sha256:cff48156eb0ac3c83dedadee8bd01a58219e2562d94d1588b2597b85a4eb2330,Keep YouTube as metadata/link reference only unless explicit written authorization exists.
stt_2021_q4,STT,State Street Corporation,vendor,transcript,licensed-vendor://blocked/STT/2021/Q4,licensed-vendor,license_required,vendor_license_missing,false,false,false,false,,,sha256:67cea60574d26d9f3c02d9a497bcf2f74c4696e295de4ed74cdb3581ebc9ae84,Register license_config_ref before any vendor raw content use.
usb_2021_q4,USB,U.S. Bancorp,official_ir,transcript,https://ir.usbank.com/,ir.usbank.com,metadata_only,metadata_only_no_raw_download,false,false,false,false,,,sha256:67a51bdcf810134627804a94e98ad1dda09e1fca754176657ef438538d2e02e1,"Review official IR source terms, robots policy, and event identity before permitted acquisition."
usb_2021_q4,USB,U.S. Bancorp,sec_edgar,metadata,sec-edgar://metadata-first/USB/2021/Q4,sec.gov,metadata_only,sec_metadata_only,false,false,false,false,,,sha256:8419285bd1f5965c5bbc8f0c859d2ff33c186c1aa74198920d926fffc0e1c50f,Use SEC metadata-first discovery with descriptive User-Agent and <=10 requests/sec.
usb_2021_q4,USB,U.S. Bancorp,youtube,video,https://www.youtube.com/results?search_query=USB+2021+Q4+earnings+call,www.youtube.com,metadata_only,youtube_media_blocked,false,false,false,false,,,sha256:f88f5c7a7837ad315635360bfb9f9d7a78d0ec9c4b759410745c38397996c4f5,Keep YouTube as metadata/link reference only unless explicit written authorization exists.
usb_2021_q4,USB,U.S. Bancorp,vendor,transcript,licensed-vendor://blocked/USB/2021/Q4,licensed-vendor,license_required,vendor_license_missing,false,false,false,false,,,sha256:6243046e73f519f67608647a847309755b416fcd30c45b41ea5d23914b892670,Register license_config_ref before any vendor raw content use.
pnc_2021_q4,PNC,"The PNC Financial Services Group, Inc.",official_ir,transcript,https://investor.pnc.com/,investor.pnc.com,metadata_only,metadata_only_no_raw_download,false,false,false,false,,,sha256:bb2a7fda18d65bae73020c2d105dbec4c69d6db68ab406b5fa7674956306d624,"Review official IR source terms, robots policy, and event identity before permitted acquisition."
pnc_2021_q4,PNC,"The PNC Financial Services Group, Inc.",sec_edgar,metadata,sec-edgar://metadata-first/PNC/2021/Q4,sec.gov,metadata_only,sec_metadata_only,false,false,false,false,,,sha256:08b0d6d35db7af9e76ecff5b668e5ad5fb7038c21ed2bd4d88bacbc00dc66e63,Use SEC metadata-first discovery with descriptive User-Agent and <=10 requests/sec.
pnc_2021_q4,PNC,"The PNC Financial Services Group, Inc.",youtube,video,https://www.youtube.com/results?search_query=PNC+2021+Q4+earnings+call,www.youtube.com,metadata_only,youtube_media_blocked,false,false,false,false,,,sha256:ea52ae685d71f7b07db2fe45a76cec27f60a15f5d83b32a9db59c26671b27425,Keep YouTube as metadata/link reference only unless explicit written authorization exists.
pnc_2021_q4,PNC,"The PNC Financial Services Group, Inc.",vendor,transcript,licensed-vendor://blocked/PNC/2021/Q4,licensed-vendor,license_required,vendor_license_missing,false,false,false,false,,,sha256:36e29f1801da15edc9208bb8375d90f7203d762f57fae64c778b6b15db6989bc,Register license_config_ref before any vendor raw content use.
tfc_2021_q4,TFC,Truist Financial Corporation,official_ir,transcript,https://ir.truist.com/,ir.truist.com,metadata_only,metadata_only_no_raw_download,false,false,false,false,,,sha256:8c9d8a07d0003a50b875307b91f6b07cffeb285094577ba975ac89bf111a76df,"Review official IR source terms, robots policy, and event identity before permitted acquisition."
tfc_2021_q4,TFC,Truist Financial Corporation,sec_edgar,metadata,sec-edgar://metadata-first/TFC/2021/Q4,sec.gov,metadata_only,sec_metadata_only,false,false,false,false,,,sha256:41e8d114f440a6856fca612d223e6a416f3e6e1477d1a39c8651ec63a4d23f2c,Use SEC metadata-first discovery with descriptive User-Agent and <=10 requests/sec.
tfc_2021_q4,TFC,Truist Financial Corporation,youtube,video,https://www.youtube.com/results?search_query=TFC+2021+Q4+earnings+call,www.youtube.com,metadata_only,youtube_media_blocked,false,false,false,false,,,sha256:09d4e9113adb86a24916daa31e31cddb134c057c031ae0727d465bc6fc3b007b,Keep YouTube as metadata/link reference only unless explicit written authorization exists.
tfc_2021_q4,TFC,Truist Financial Corporation,vendor,transcript,licensed-vendor://blocked/TFC/2021/Q4,licensed-vendor,license_required,vendor_license_missing,false,false,false,false,,,sha256:abe74f133c772fc8a53217cc027ffb77c69224000461b658da67a0bbab25b777,Register license_config_ref before any vendor raw content use.
cof_2021_q4,COF,Capital One Financial Corporation,official_ir,transcript,https://investor.capitalone.com/,investor.capitalone.com,metadata_only,metadata_only_no_raw_download,false,false,false,false,,,sha256:f44451cf9c6aba5d70f0c285e58aea4df4a21adcc938d5b6dc9f4ef9afc0edda,"Review official IR source terms, robots policy, and event identity before permitted acquisition."
cof_2021_q4,COF,Capital One Financial Corporation,sec_edgar,metadata,sec-edgar://metadata-first/COF/2021/Q4,sec.gov,metadata_only,sec_metadata_only,false,false,false,false,,,sha256:545cf5b3b190db9694b5b42ba20c41b6d5beeb0c5a302668c425144b7d2e72d2,Use SEC metadata-first discovery with descriptive User-Agent and <=10 requests/sec.
cof_2021_q4,COF,Capital One Financial Corporation,youtube,video,https://www.youtube.com/results?search_query=COF+2021+Q4+earnings+call,www.youtube.com,metadata_only,youtube_media_blocked,false,false,false,false,,,sha256:e1fe3c65099bf7018b38fb328364f1c47f9267d2708516471f3fbfb8d6907159,Keep YouTube as metadata/link reference only unless explicit written authorization exists.
cof_2021_q4,COF,Capital One Financial Corporation,vendor,transcript,licensed-vendor://blocked/COF/2021/Q4,licensed-vendor,license_required,vendor_license_missing,false,false,false,false,,,sha256:7ebab3200d42944e3120cdf7e06ebb76f3477eceef389abcf8fcac3f1fcc6a18,Register license_config_ref before any vendor raw content use.
axp_2021_q4,AXP,American Express Company,official_ir,transcript,https://ir.americanexpress.com/,ir.americanexpress.com,metadata_only,metadata_only_no_raw_download,false,false,false,false,,,sha256:a85ac9b6306310bd173a3016f9524a69c47d5b717a952a6cd8c50dfbd261a44a,"Review official IR source terms, robots policy, and event identity before permitted acquisition."
axp_2021_q4,AXP,American Express Company,sec_edgar,metadata,sec-edgar://metadata-first/AXP/2021/Q4,sec.gov,metadata_only,sec_metadata_only,false,false,false,false,,,sha256:108dd822b6f485c48bdebc6b25e0d58ed019c8106507f4b9ad4969f3bdfe7733,Use SEC metadata-first discovery with descriptive User-Agent and <=10 requests/sec.
axp_2021_q4,AXP,American Express Company,youtube,video,https://www.youtube.com/results?search_query=AXP+2021+Q4+earnings+call,www.youtube.com,metadata_only,youtube_media_blocked,false,false,false,false,,,sha256:5f448674ab5f45b12001f1f68ec76d474c060808b1bbcbb5832f1fd69ab46bd0,Keep YouTube as metadata/link reference only unless explicit written authorization exists.
axp_2021_q4,AXP,American Express Company,vendor,transcript,licensed-vendor://blocked/AXP/2021/Q4,licensed-vendor,license_required,vendor_license_missing,false,false,false,false,,,sha256:67ad1dc92adcc6ed6cee5a3c6c6d653e359d87e8002cb2fcd95df5e0a036d11a,Register license_config_ref before any vendor raw content use.
v_2021_q4,V,Visa Inc.,official_ir,transcript,https://investor.visa.com/,investor.visa.com,metadata_only,metadata_only_no_raw_download,false,false,false,false,,,sha256:60bbfd44442f0c27e04f21aa47295f0d1bc70bd6ffd04a3af4998b15abdc8a3f,"Review official IR source terms, robots policy, and event identity before permitted acquisition."
v_2021_q4,V,Visa Inc.,sec_edgar,metadata,sec-edgar://metadata-first/V/2021/Q4,sec.gov,metadata_only,sec_metadata_only,false,false,false,false,,,sha256:288c3bdf52921ab19350ff5dd5c30fd74ce1041ddcce1ab312411ec0f5cf3444,Use SEC metadata-first discovery with descriptive User-Agent and <=10 requests/sec.
v_2021_q4,V,Visa Inc.,youtube,video,https://www.youtube.com/results?search_query=V+2021+Q4+earnings+call,www.youtube.com,metadata_only,youtube_media_blocked,false,false,false,false,,,sha256:c86ad182a69a4ac313a9e38ef65df6dd46c58e42629bc294fd02cc8d57b52824,Keep YouTube as metadata/link reference only unless explicit written authorization exists.
v_2021_q4,V,Visa Inc.,vendor,transcript,licensed-vendor://blocked/V/2021/Q4,licensed-vendor,license_required,vendor_license_missing,false,false,false,false,,,sha256:8257924075d068fd9930c607f14ad035bf66db169a4eb0e4c5bae3913891d3ef,Register license_config_ref before any vendor raw content use.
ma_2021_q4,MA,Mastercard Incorporated,official_ir,transcript,https://investor.mastercard.com/,investor.mastercard.com,metadata_only,metadata_only_no_raw_download,false,false,false,false,,,sha256:3ca84fca6f0b25e291eb83f5852dcef6f3e655aedf337cd8a000e521110fa60a,"Review official IR source terms, robots policy, and event identity before permitted acquisition."
ma_2021_q4,MA,Mastercard Incorporated,sec_edgar,metadata,sec-edgar://metadata-first/MA/2021/Q4,sec.gov,metadata_only,sec_metadata_only,false,false,false,false,,,sha256:81b498f7e2a23d3096d4581a05d5eb0504bd03a1c68f95e53c26ecb32b8275d2,Use SEC metadata-first discovery with descriptive User-Agent and <=10 requests/sec.
ma_2021_q4,MA,Mastercard Incorporated,youtube,video,https://www.youtube.com/results?search_query=MA+2021+Q4+earnings+call,www.youtube.com,metadata_only,youtube_media_blocked,false,false,false,false,,,sha256:ed9c419e97dee1b8e8aefbb928bb09f080f24da66b8364ad2c0b9685ed3273b4,Keep YouTube as metadata/link reference only unless explicit written authorization exists.
ma_2021_q4,MA,Mastercard Incorporated,vendor,transcript,licensed-vendor://blocked/MA/2021/Q4,licensed-vendor,license_required,vendor_license_missing,false,false,false,false,,,sha256:62eade0f1b5a4e510fa98a8fb91a953a5887eb3459bc3fb68a0bdd819d53394c,Register license_config_ref before any vendor raw content use.
fis_2021_q4,FIS,"Fidelity National Information Services, Inc.",official_ir,transcript,https://investor.fisglobal.com/,investor.fisglobal.com,metadata_only,metadata_only_no_raw_download,false,false,false,false,,,sha256:d65c6acfa681af18942c04aa00ba5e71cab5bc2258b6d5e0af29ffa990b428b5,"Review official IR source terms, robots policy, and event identity before permitted acquisition."
fis_2021_q4,FIS,"Fidelity National Information Services, Inc.",sec_edgar,metadata,sec-edgar://metadata-first/FIS/2021/Q4,sec.gov,metadata_only,sec_metadata_only,false,false,false,false,,,sha256:29b74a740bd559d90b8e71dc08e129af0e86b8dbd6c370bfea0b13b4b9e7ac24,Use SEC metadata-first discovery with descriptive User-Agent and <=10 requests/sec.
fis_2021_q4,FIS,"Fidelity National Information Services, Inc.",youtube,video,https://www.youtube.com/results?search_query=FIS+2021+Q4+earnings+call,www.youtube.com,metadata_only,youtube_media_blocked,false,false,false,false,,,sha256:e00b27369e9a39cc0690c84545875cb46db890e910734a3149398b1e2c5f88b1,Keep YouTube as metadata/link reference only unless explicit written authorization exists.
fis_2021_q4,FIS,"Fidelity National Information Services, Inc.",vendor,transcript,licensed-vendor://blocked/FIS/2021/Q4,licensed-vendor,license_required,vendor_license_missing,false,false,false,false,,,sha256:059de8e17f7202718c80892761b1fc1b64f9a74d6fa022588dcf26a1b4e694c3,Register license_config_ref before any vendor raw content use.
gpn_2021_q4,GPN,Global Payments Inc.,official_ir,transcript,https://investors.globalpayments.com/,investors.globalpayments.com,metadata_only,metadata_only_no_raw_download,false,false,false,false,,,sha256:2c9d0c0a5e4752d453ce5bf5aeba6e85e0abbc3b5d6788bd82a25a75257d4587,"Review official IR source terms, robots policy, and event identity before permitted acquisition."
gpn_2021_q4,GPN,Global Payments Inc.,sec_edgar,metadata,sec-edgar://metadata-first/GPN/2021/Q4,sec.gov,metadata_only,sec_metadata_only,false,false,false,false,,,sha256:945e81ba0b185b2ea4e6a8c0d82fec5823832a3f0eeea6740b88485c0eef9fd3,Use SEC metadata-first discovery with descriptive User-Agent and <=10 requests/sec.
gpn_2021_q4,GPN,Global Payments Inc.,youtube,video,https://www.youtube.com/results?search_query=GPN+2021+Q4+earnings+call,www.youtube.com,metadata_only,youtube_media_blocked,false,false,false,false,,,sha256:08f9628b9f50f1ad95b84346b35040ff76311e58c7d1ada9b66e538650c79164,Keep YouTube as metadata/link reference only unless explicit written authorization exists.
gpn_2021_q4,GPN,Global Payments Inc.,vendor,transcript,licensed-vendor://blocked/GPN/2021/Q4,licensed-vendor,license_required,vendor_license_missing,false,false,false,false,,,sha256:11c0efcf2176eb989db75a14712907b9fa9cdc8d185cf48d7aec8d36d80964de,Register license_config_ref before any vendor raw content use.
blk_2021_q4,BLK,"BlackRock, Inc.",official_ir,transcript,https://ir.blackrock.com/,ir.blackrock.com,metadata_only,metadata_only_no_raw_download,false,false,false,false,,,sha256:9c6e2ce31b88dbdc105d98460573b8aadb576069b4e54364f49cafc8d37ecafb,"Review official IR source terms, robots policy, and event identity before permitted acquisition."
blk_2021_q4,BLK,"BlackRock, Inc.",sec_edgar,metadata,sec-edgar://metadata-first/BLK/2021/Q4,sec.gov,metadata_only,sec_metadata_only,false,false,false,false,,,sha256:c7cb59267446562cb4797bec9af366428273442c6b38916bb78840eed9cfd9ae,Use SEC metadata-first discovery with descriptive User-Agent and <=10 requests/sec.
blk_2021_q4,BLK,"BlackRock, Inc.",youtube,video,https://www.youtube.com/results?search_query=BLK+2021+Q4+earnings+call,www.youtube.com,metadata_only,youtube_media_blocked,false,false,false,false,,,sha256:87d3cfb9998251cc98dac5644bbc908e244fa1af4bf67dc0533b2fd0ca3014d7,Keep YouTube as metadata/link reference only unless explicit written authorization exists.
blk_2021_q4,BLK,"BlackRock, Inc.",vendor,transcript,licensed-vendor://blocked/BLK/2021/Q4,licensed-vendor,license_required,vendor_license_missing,false,false,false,false,,,sha256:9a405953ee4d50e0ffd4955958a4fe544d8c434103fa8147b92f96b2c21bd52c,Register license_config_ref before any vendor raw content use.
bx_2021_q4,BX,Blackstone Inc.,official_ir,transcript,https://ir.blackstone.com/,ir.blackstone.com,metadata_only,metadata_only_no_raw_download,false,false,false,false,,,sha256:ecfdcebaf6e3910900c37e1a10383430c6c7181e59c18e260c969938a6e1c4f0,"Review official IR source terms, robots policy, and event identity before permitted acquisition."
bx_2021_q4,BX,Blackstone Inc.,sec_edgar,metadata,sec-edgar://metadata-first/BX/2021/Q4,sec.gov,metadata_only,sec_metadata_only,false,false,false,false,,,sha256:8b6c121e7f9dfd62c2d507f5aa90a11620eff878f5d7b2a59c295684a177412f,Use SEC metadata-first discovery with descriptive User-Agent and <=10 requests/sec.
bx_2021_q4,BX,Blackstone Inc.,youtube,video,https://www.youtube.com/results?search_query=BX+2021+Q4+earnings+call,www.youtube.com,metadata_only,youtube_media_blocked,false,false,false,false,,,sha256:5e3f17386f651657f089a472ce0297907d08d1ff7cbc903a8ae1417860dd9ee4,Keep YouTube as metadata/link reference only unless explicit written authorization exists.
bx_2021_q4,BX,Blackstone Inc.,vendor,transcript,licensed-vendor://blocked/BX/2021/Q4,licensed-vendor,license_required,vendor_license_missing,false,false,false,false,,,sha256:c04d3d4c13f0d70df0ef5bd137233cdbacb53fe7ec749428734d2fde0bd4ab01,Register license_config_ref before any vendor raw content use.
schw_2021_q4,SCHW,The Charles Schwab Corporation,official_ir,transcript,https://www.aboutschwab.com/investor-relations,www.aboutschwab.com,metadata_only,metadata_only_no_raw_download,false,false,false,false,,,sha256:64830afe3b07dbd6e3104590102ef22b3246da202a0068cb234ee77a328d175d,"Review official IR source terms, robots policy, and event identity before permitted acquisition."
schw_2021_q4,SCHW,The Charles Schwab Corporation,sec_edgar,metadata,sec-edgar://metadata-first/SCHW/2021/Q4,sec.gov,metadata_only,sec_metadata_only,false,false,false,false,,,sha256:87f9b781c7c7e502e40aecdb19142d7bce67a98c2d00022234c7de9fcfcf51dc,Use SEC metadata-first discovery with descriptive User-Agent and <=10 requests/sec.
schw_2021_q4,SCHW,The Charles Schwab Corporation,youtube,video,https://www.youtube.com/results?search_query=SCHW+2021+Q4+earnings+call,www.youtube.com,metadata_only,youtube_media_blocked,false,false,false,false,,,sha256:acfc0539b734297e09bd816ba1920c3bcc792e296d8023120e6e2be50f75978d,Keep YouTube as metadata/link reference only unless explicit written authorization exists.
schw_2021_q4,SCHW,The Charles Schwab Corporation,vendor,transcript,licensed-vendor://blocked/SCHW/2021/Q4,licensed-vendor,license_required,vendor_license_missing,false,false,false,false,,,sha256:508be736121c76025a53baad59b55c1dbca29d118e536402875514f7417d8e35,Register license_config_ref before any vendor raw content use.
ice_2021_q4,ICE,"Intercontinental Exchange, Inc.",official_ir,transcript,https://ir.theice.com/,ir.theice.com,metadata_only,metadata_only_no_raw_download,false,false,false,false,,,sha256:a6545fabfc6865162069bebb9169f8efe7da9670679b074b7886336aedaac4b4,"Review official IR source terms, robots policy, and event identity before permitted acquisition."
ice_2021_q4,ICE,"Intercontinental Exchange, Inc.",sec_edgar,metadata,sec-edgar://metadata-first/ICE/2021/Q4,sec.gov,metadata_only,sec_metadata_only,false,false,false,false,,,sha256:76ec49fd4ebf999c3c94d9045cf9911f20c68df5df56f717640f60b6e84166d1,Use SEC metadata-first discovery with descriptive User-Agent and <=10 requests/sec.
ice_2021_q4,ICE,"Intercontinental Exchange, Inc.",youtube,video,https://www.youtube.com/results?search_query=ICE+2021+Q4+earnings+call,www.youtube.com,metadata_only,youtube_media_blocked,false,false,false,false,,,sha256:8dcf4e0b8b6df75c74dc89e614b7db367352a930fce50f7098bd946a133a67ca,Keep YouTube as metadata/link reference only unless explicit written authorization exists.
ice_2021_q4,ICE,"Intercontinental Exchange, Inc.",vendor,transcript,licensed-vendor://blocked/ICE/2021/Q4,licensed-vendor,license_required,vendor_license_missing,false,false,false,false,,,sha256:97a894b280529c60db17d9711429fc72fd302c6e39f6a97d8043e0cf0e6ce504,Register license_config_ref before any vendor raw content use.
spgi_2021_q4,SPGI,S&P Global Inc.,official_ir,transcript,https://investor.spglobal.com/,investor.spglobal.com,metadata_only,metadata_only_no_raw_download,false,false,false,false,,,sha256:915d4578bb8a16c609d2d067aee2eb1adf566b1d89a2d88b64c29f60fd6a4f77,"Review official IR source terms, robots policy, and event identity before permitted acquisition."
spgi_2021_q4,SPGI,S&P Global Inc.,sec_edgar,metadata,sec-edgar://metadata-first/SPGI/2021/Q4,sec.gov,metadata_only,sec_metadata_only,false,false,false,false,,,sha256:0171559b3493ae8f324de97f71dbd8048ae7e29ce676c202030d43ddf90b6d17,Use SEC metadata-first discovery with descriptive User-Agent and <=10 requests/sec.
spgi_2021_q4,SPGI,S&P Global Inc.,youtube,video,https://www.youtube.com/results?search_query=SPGI+2021+Q4+earnings+call,www.youtube.com,metadata_only,youtube_media_blocked,false,false,false,false,,,sha256:f9659326f206b187a56c9a943270908a73bc88196f61a812dba5473810711b9e,Keep YouTube as metadata/link reference only unless explicit written authorization exists.
spgi_2021_q4,SPGI,S&P Global Inc.,vendor,transcript,licensed-vendor://blocked/SPGI/2021/Q4,licensed-vendor,license_required,vendor_license_missing,false,false,false,false,,,sha256:86570f314769cd476ab227e664238e1c2cd8d55b98129f39f07968ed6d2c87a7,Register license_config_ref before any vendor raw content use.
mco_2021_q4,MCO,Moody's Corporation,official_ir,transcript,https://ir.moodys.com/,ir.moodys.com,metadata_only,metadata_only_no_raw_download,false,false,false,false,,,sha256:0eee8a16270c5a713d2ff6f59d8bb15b5b37b6a445e622b1944e5d5f74d2577d,"Review official IR source terms, robots policy, and event identity before permitted acquisition."
mco_2021_q4,MCO,Moody's Corporation,sec_edgar,metadata,sec-edgar://metadata-first/MCO/2021/Q4,sec.gov,metadata_only,sec_metadata_only,false,false,false,false,,,sha256:dc5757d4732a251cbb2decc6603b40a4982fd66735a12aea66711481d3a416c9,Use SEC metadata-first discovery with descriptive User-Agent and <=10 requests/sec.
mco_2021_q4,MCO,Moody's Corporation,youtube,video,https://www.youtube.com/results?search_query=MCO+2021+Q4+earnings+call,www.youtube.com,metadata_only,youtube_media_blocked,false,false,false,false,,,sha256:9f53c3f58da0c80ba5298fc9b1db2874673dd8a49280690043f4516c60e0cf13,Keep YouTube as metadata/link reference only unless explicit written authorization exists.
mco_2021_q4,MCO,Moody's Corporation,vendor,transcript,licensed-vendor://blocked/MCO/2021/Q4,licensed-vendor,license_required,vendor_license_missing,false,false,false,false,,,sha256:8f8ea2d4baf0d66dd96cb8e525a1e6f6e9edd21efd1cf18d4c3065e55d9fffa4,Register license_config_ref before any vendor raw content use.
aon_2021_q4,AON,Aon plc,official_ir,transcript,https://investors.aon.com/,investors.aon.com,metadata_only,metadata_only_no_raw_download,false,false,false,false,,,sha256:9ea8682cca78d90e2865d16e07d96874de9548e2dccd8970cca7b42db042b88c,"Review official IR source terms, robots policy, and event identity before permitted acquisition."
aon_2021_q4,AON,Aon plc,sec_edgar,metadata,sec-edgar://metadata-first/AON/2021/Q4,sec.gov,metadata_only,sec_metadata_only,false,false,false,false,,,sha256:bc0060b30933078666c599c35f1aa1e64fb2474b53273cea4cc987873e95302a,Use SEC metadata-first discovery with descriptive User-Agent and <=10 requests/sec.
aon_2021_q4,AON,Aon plc,youtube,video,https://www.youtube.com/results?search_query=AON+2021+Q4+earnings+call,www.youtube.com,metadata_only,youtube_media_blocked,false,false,false,false,,,sha256:300d80769ee11cfb113d6da3d47caff16f52f69f2ea83430cf82cec070e7ff35,Keep YouTube as metadata/link reference only unless explicit written authorization exists.
aon_2021_q4,AON,Aon plc,vendor,transcript,licensed-vendor://blocked/AON/2021/Q4,licensed-vendor,license_required,vendor_license_missing,false,false,false,false,,,sha256:bb3dbc652a706298ae64825528a3be022d3fbb4e603b0a02a4be76609401b044,Register license_config_ref before any vendor raw content use.
aig_2021_q4,AIG,"American International Group, Inc.",official_ir,transcript,https://www.aig.com/investor-relations,www.aig.com,metadata_only,metadata_only_no_raw_download,false,false,false,false,,,sha256:8990b67b05aceff19781e6d757dda79d4fb0e3bcad53a85a33fef155949b2ac6,"Review official IR source terms, robots policy, and event identity before permitted acquisition."
aig_2021_q4,AIG,"American International Group, Inc.",sec_edgar,metadata,sec-edgar://metadata-first/AIG/2021/Q4,sec.gov,metadata_only,sec_metadata_only,false,false,false,false,,,sha256:ec2083c5b135a5047ce457b32674dce0450b79a5c5c81c72cee60e9a6e912de5,Use SEC metadata-first discovery with descriptive User-Agent and <=10 requests/sec.
aig_2021_q4,AIG,"American International Group, Inc.",youtube,video,https://www.youtube.com/results?search_query=AIG+2021+Q4+earnings+call,www.youtube.com,metadata_only,youtube_media_blocked,false,false,false,false,,,sha256:b885c9595765b435861bbc5391b3e9f93d495814861dcae94fd9c797fed970d6,Keep YouTube as metadata/link reference only unless explicit written authorization exists.
aig_2021_q4,AIG,"American International Group, Inc.",vendor,transcript,licensed-vendor://blocked/AIG/2021/Q4,licensed-vendor,license_required,vendor_license_missing,false,false,false,false,,,sha256:3948b2877583135ffecb55751ce192bff348c6de20425eaf844cc2a51626967d,Register license_config_ref before any vendor raw content use.
met_2021_q4,MET,"MetLife, Inc.",official_ir,transcript,https://investor.metlife.com/,investor.metlife.com,metadata_only,metadata_only_no_raw_download,false,false,false,false,,,sha256:27f3efa2444e4feb6bae7bcdbfeef90318536ca458e674c1bbe7a39ea2ccf011,"Review official IR source terms, robots policy, and event identity before permitted acquisition."
met_2021_q4,MET,"MetLife, Inc.",sec_edgar,metadata,sec-edgar://metadata-first/MET/2021/Q4,sec.gov,metadata_only,sec_metadata_only,false,false,false,false,,,sha256:9dadfa1cf52096ce3ec7822c8f8ff160777263a275bfae991ddb3693cb58183a,Use SEC metadata-first discovery with descriptive User-Agent and <=10 requests/sec.
met_2021_q4,MET,"MetLife, Inc.",youtube,video,https://www.youtube.com/results?search_query=MET+2021+Q4+earnings+call,www.youtube.com,metadata_only,youtube_media_blocked,false,false,false,false,,,sha256:6bc8cda7c4f4f85b0f0946790d426383aa80262245f766d5e73923a8554d6f45,Keep YouTube as metadata/link reference only unless explicit written authorization exists.
met_2021_q4,MET,"MetLife, Inc.",vendor,transcript,licensed-vendor://blocked/MET/2021/Q4,licensed-vendor,license_required,vendor_license_missing,false,false,false,false,,,sha256:5ee332d5c9f9b8aeaafbc5c0d079af9931b6357c40123ece5c8bc382889e4c48,Register license_config_ref before any vendor raw content use.
pru_2021_q4,PRU,"Prudential Financial, Inc.",official_ir,transcript,https://www.investor.prudential.com/,www.investor.prudential.com,metadata_only,metadata_only_no_raw_download,false,false,false,false,,,sha256:198a39452c5c7ee2f20a5fd839504783194a5d0ea330f07c2bf2ceffef511d63,"Review official IR source terms, robots policy, and event identity before permitted acquisition."
pru_2021_q4,PRU,"Prudential Financial, Inc.",sec_edgar,metadata,sec-edgar://metadata-first/PRU/2021/Q4,sec.gov,metadata_only,sec_metadata_only,false,false,false,false,,,sha256:884200e34ee6f97b2dc7068f74ba14f010d6a180a9ec71203324da0dab9ecc2a,Use SEC metadata-first discovery with descriptive User-Agent and <=10 requests/sec.
pru_2021_q4,PRU,"Prudential Financial, Inc.",youtube,video,https://www.youtube.com/results?search_query=PRU+2021+Q4+earnings+call,www.youtube.com,metadata_only,youtube_media_blocked,false,false,false,false,,,sha256:32e3d82aed0c712ae66a6fe98f7633ee424feb08a608b146c0a3de4e3880b0e8,Keep YouTube as metadata/link reference only unless explicit written authorization exists.
pru_2021_q4,PRU,"Prudential Financial, Inc.",vendor,transcript,licensed-vendor://blocked/PRU/2021/Q4,licensed-vendor,license_required,vendor_license_missing,false,false,false,false,,,sha256:423599e648d2f89d3845a4d1a8e5afc71007a551b2cd15cbb45b07804c327fb8,Register license_config_ref before any vendor raw content use.
trv_2021_q4,TRV,"The Travelers Companies, Inc.",official_ir,transcript,https://investor.travelers.com/,investor.travelers.com,metadata_only,metadata_only_no_raw_download,false,false,false,false,,,sha256:603277647671e39ee169f8fcf952b93bf1e209faefc2889e1fad0748e1953971,"Review official IR source terms, robots policy, and event identity before permitted acquisition."
trv_2021_q4,TRV,"The Travelers Companies, Inc.",sec_edgar,metadata,sec-edgar://metadata-first/TRV/2021/Q4,sec.gov,metadata_only,sec_metadata_only,false,false,false,false,,,sha256:988edf8298df50e44d419cc819ea8d813ba7e0e139ab3ea872894ffdba735bc0,Use SEC metadata-first discovery with descriptive User-Agent and <=10 requests/sec.
trv_2021_q4,TRV,"The Travelers Companies, Inc.",youtube,video,https://www.youtube.com/results?search_query=TRV+2021+Q4+earnings+call,www.youtube.com,metadata_only,youtube_media_blocked,false,false,false,false,,,sha256:5a18700ac2f1a9afca2a3199706f329a9314d8ac82dd8c3ac0a1f249e6aa7db9,Keep YouTube as metadata/link reference only unless explicit written authorization exists.
trv_2021_q4,TRV,"The Travelers Companies, Inc.",vendor,transcript,licensed-vendor://blocked/TRV/2021/Q4,licensed-vendor,license_required,vendor_license_missing,false,false,false,false,,,sha256:027abce574c616b6073cacbbb6180c9ef3f06deb216e0be6cd98d0eb05a206a2,Register license_config_ref before any vendor raw content use.
cb_2021_q4,CB,Chubb Limited,official_ir,transcript,https://investors.chubb.com/,investors.chubb.com,metadata_only,metadata_only_no_raw_download,false,false,false,false,,,sha256:33ddd3826241e8271b9f78e388dd7cecfa687beb8adb8dc91aa8d77bd45266a6,"Review official IR source terms, robots policy, and event identity before permitted acquisition."
cb_2021_q4,CB,Chubb Limited,sec_edgar,metadata,sec-edgar://metadata-first/CB/2021/Q4,sec.gov,metadata_only,sec_metadata_only,false,false,false,false,,,sha256:b137c1869eb64c551eb2b5c5046f138f4d0b53570f4029227135719ab7a858f9,Use SEC metadata-first discovery with descriptive User-Agent and <=10 requests/sec.
cb_2021_q4,CB,Chubb Limited,youtube,video,https://www.youtube.com/results?search_query=CB+2021+Q4+earnings+call,www.youtube.com,metadata_only,youtube_media_blocked,false,false,false,false,,,sha256:bea7fa9b9e6b3e371f05088901ad01e80893be1a2340ba230301fedb8a6e2710,Keep YouTube as metadata/link reference only unless explicit written authorization exists.
cb_2021_q4,CB,Chubb Limited,vendor,transcript,licensed-vendor://blocked/CB/2021/Q4,licensed-vendor,license_required,vendor_license_missing,false,false,false,false,,,sha256:1710f88d1275adc5f37b8ffd19d3c1c4cbb9b4a54a13c7a1879479b1872522a9,Register license_config_ref before any vendor raw content use.
jnj_2021_q4,JNJ,Johnson & Johnson,official_ir,transcript,https://www.investor.jnj.com/,www.investor.jnj.com,metadata_only,metadata_only_no_raw_download,false,false,false,false,,,sha256:0400cdeb18aa8da1074baa8efa574f10964cd66631031bb701f1005464ffc444,"Review official IR source terms, robots policy, and event identity before permitted acquisition."
jnj_2021_q4,JNJ,Johnson & Johnson,sec_edgar,metadata,sec-edgar://metadata-first/JNJ/2021/Q4,sec.gov,metadata_only,sec_metadata_only,false,false,false,false,,,sha256:a74f388441c1e5f014d617b79344e116abc169fe231a54b366cc0c9e7ae7c3dd,Use SEC metadata-first discovery with descriptive User-Agent and <=10 requests/sec.
jnj_2021_q4,JNJ,Johnson & Johnson,youtube,video,https://www.youtube.com/results?search_query=JNJ+2021+Q4+earnings+call,www.youtube.com,metadata_only,youtube_media_blocked,false,false,false,false,,,sha256:55dcea23502897fa62613d13b884383531dfc9b6657bca17685a095d748ef3b1,Keep YouTube as metadata/link reference only unless explicit written authorization exists.
jnj_2021_q4,JNJ,Johnson & Johnson,vendor,transcript,licensed-vendor://blocked/JNJ/2021/Q4,licensed-vendor,license_required,vendor_license_missing,false,false,false,false,,,sha256:3fab36c1242a08eeddb19c7da8814c8617516ec729eeb9f58a9fe1e9add14bec,Register license_config_ref before any vendor raw content use.
lly_2021_q4,LLY,Eli Lilly and Company,official_ir,transcript,https://investor.lilly.com/,investor.lilly.com,metadata_only,metadata_only_no_raw_download,false,false,false,false,,,sha256:6f7db2da398d19092b42c4dc8d2cdd32d40b29258f3ee6706716e3745b00db9b,"Review official IR source terms, robots policy, and event identity before permitted acquisition."
lly_2021_q4,LLY,Eli Lilly and Company,sec_edgar,metadata,sec-edgar://metadata-first/LLY/2021/Q4,sec.gov,metadata_only,sec_metadata_only,false,false,false,false,,,sha256:ce271921a97e640f2712e42b3840e5da8cd4c18627435d6926169399d961594c,Use SEC metadata-first discovery with descriptive User-Agent and <=10 requests/sec.
lly_2021_q4,LLY,Eli Lilly and Company,youtube,video,https://www.youtube.com/results?search_query=LLY+2021+Q4+earnings+call,www.youtube.com,metadata_only,youtube_media_blocked,false,false,false,false,,,sha256:b36d9cda206e52c055b7a645f0277c279966b69516a99a0e89b7eb184fbdc6f7,Keep YouTube as metadata/link reference only unless explicit written authorization exists.
lly_2021_q4,LLY,Eli Lilly and Company,vendor,transcript,licensed-vendor://blocked/LLY/2021/Q4,licensed-vendor,license_required,vendor_license_missing,false,false,false,false,,,sha256:45ca0f1e22612d71cde307807888820e95fd1e0d2df74d493d2368c6a68f5edc,Register license_config_ref before any vendor raw content use.
mrk_2021_q4,MRK,"Merck & Co., Inc.",official_ir,transcript,https://www.merck.com/investor-relations/,www.merck.com,metadata_only,metadata_only_no_raw_download,false,false,false,false,,,sha256:baeab209557642b68d842796225319a1127eaa586c347bbd9274119474a0418d,"Review official IR source terms, robots policy, and event identity before permitted acquisition."
mrk_2021_q4,MRK,"Merck & Co., Inc.",sec_edgar,metadata,sec-edgar://metadata-first/MRK/2021/Q4,sec.gov,metadata_only,sec_metadata_only,false,false,false,false,,,sha256:c10918459cfce2c37be2672a0daad7b95179ff77b3983b015801cc4208ba6ebf,Use SEC metadata-first discovery with descriptive User-Agent and <=10 requests/sec.
mrk_2021_q4,MRK,"Merck & Co., Inc.",youtube,video,https://www.youtube.com/results?search_query=MRK+2021+Q4+earnings+call,www.youtube.com,metadata_only,youtube_media_blocked,false,false,false,false,,,sha256:4f6af7d22d2b00dae72715d9a3915da3b7236dab4b547a9365769fb6361f93e4,Keep YouTube as metadata/link reference only unless explicit written authorization exists.
mrk_2021_q4,MRK,"Merck & Co., Inc.",vendor,transcript,licensed-vendor://blocked/MRK/2021/Q4,licensed-vendor,license_required,vendor_license_missing,false,false,false,false,,,sha256:1c9829fb19c1becc46dfe839b0b0b2553786e39e8f3f8f5d0ebfee83e1f014df,Register license_config_ref before any vendor raw content use.
pfe_2021_q4,PFE,Pfizer Inc.,official_ir,transcript,https://investors.pfizer.com/,investors.pfizer.com,metadata_only,metadata_only_no_raw_download,false,false,false,false,,,sha256:79706600550b1fab3a299c51087ac361c92062d1c1794a9adcf08f2dcfcf6d9b,"Review official IR source terms, robots policy, and event identity before permitted acquisition."
pfe_2021_q4,PFE,Pfizer Inc.,sec_edgar,metadata,sec-edgar://metadata-first/PFE/2021/Q4,sec.gov,metadata_only,sec_metadata_only,false,false,false,false,,,sha256:7ad58e4376df0464cc5f1951eac8310f81f7e703e446f6846c2bb669bbc5f27c,Use SEC metadata-first discovery with descriptive User-Agent and <=10 requests/sec.
pfe_2021_q4,PFE,Pfizer Inc.,youtube,video,https://www.youtube.com/results?search_query=PFE+2021+Q4+earnings+call,www.youtube.com,metadata_only,youtube_media_blocked,false,false,false,false,,,sha256:d860a775a7092d434da80ac7baf2bb8367a9da8e31b53e19ee8eab284a620890,Keep YouTube as metadata/link reference only unless explicit written authorization exists.
pfe_2021_q4,PFE,Pfizer Inc.,vendor,transcript,licensed-vendor://blocked/PFE/2021/Q4,licensed-vendor,license_required,vendor_license_missing,false,false,false,false,,,sha256:b24100436f1f319f1a3e8d2a80cdbd2ee6ef3295c525467af37e544a8d49caa0,Register license_config_ref before any vendor raw content use.
unh_2021_q4,UNH,UnitedHealth Group Incorporated,official_ir,transcript,https://www.unitedhealthgroup.com/investors.html,www.unitedhealthgroup.com,metadata_only,metadata_only_no_raw_download,false,false,false,false,,,sha256:5e6e5442f89062bcb44a09247bbcccda3fc5814a567e81d34e154b49bda2c6ab,"Review official IR source terms, robots policy, and event identity before permitted acquisition."
unh_2021_q4,UNH,UnitedHealth Group Incorporated,sec_edgar,metadata,sec-edgar://metadata-first/UNH/2021/Q4,sec.gov,metadata_only,sec_metadata_only,false,false,false,false,,,sha256:1bf0214fd5f9f24570ec73d36714c4cf08a493a009694d9d4a4e9850d0a6276c,Use SEC metadata-first discovery with descriptive User-Agent and <=10 requests/sec.
unh_2021_q4,UNH,UnitedHealth Group Incorporated,youtube,video,https://www.youtube.com/results?search_query=UNH+2021+Q4+earnings+call,www.youtube.com,metadata_only,youtube_media_blocked,false,false,false,false,,,sha256:a08083ac7c1a21ddb3d20f54e690d2057311d46074588941f131c484863b5b17,Keep YouTube as metadata/link reference only unless explicit written authorization exists.
unh_2021_q4,UNH,UnitedHealth Group Incorporated,vendor,transcript,licensed-vendor://blocked/UNH/2021/Q4,licensed-vendor,license_required,vendor_license_missing,false,false,false,false,,,sha256:83d7180d9bfae24d0885822bb00d371ef07f5156014da42d57b1ba1cc4889e49,Register license_config_ref before any vendor raw content use.
cvs_2021_q4,CVS,CVS Health Corporation,official_ir,transcript,https://investors.cvshealth.com/,investors.cvshealth.com,metadata_only,metadata_only_no_raw_download,false,false,false,false,,,sha256:7c32e1e1b6b876c47e02dc33e568b5d3780f9071b79c39e7eca7d0fdb3ad6913,"Review official IR source terms, robots policy, and event identity before permitted acquisition."
cvs_2021_q4,CVS,CVS Health Corporation,sec_edgar,metadata,sec-edgar://metadata-first/CVS/2021/Q4,sec.gov,metadata_only,sec_metadata_only,false,false,false,false,,,sha256:b72c83210586eda0a5aceeeb582e9fb0ceef0b6ff5ad29b6b2a7cae3bdf2283d,Use SEC metadata-first discovery with descriptive User-Agent and <=10 requests/sec.
cvs_2021_q4,CVS,CVS Health Corporation,youtube,video,https://www.youtube.com/results?search_query=CVS+2021+Q4+earnings+call,www.youtube.com,metadata_only,youtube_media_blocked,false,false,false,false,,,sha256:a22080f939a40b72fe1fc87811ba73abedc13c4c19ee52730bc5433f78c2697b,Keep YouTube as metadata/link reference only unless explicit written authorization exists.
cvs_2021_q4,CVS,CVS Health Corporation,vendor,transcript,licensed-vendor://blocked/CVS/2021/Q4,licensed-vendor,license_required,vendor_license_missing,false,false,false,false,,,sha256:88b31df5e95e42451f5f5df494bd7ca8caf9c480869e2530db5db52db1c36272,Register license_config_ref before any vendor raw content use.
abt_2021_q4,ABT,Abbott Laboratories,official_ir,transcript,https://www.abbottinvestor.com/,www.abbottinvestor.com,metadata_only,metadata_only_no_raw_download,false,false,false,false,,,sha256:6117925d3f674edcd5470ed5e425a9288d3e72a5e1674d9bf7fbae607d493481,"Review official IR source terms, robots policy, and event identity before permitted acquisition."
abt_2021_q4,ABT,Abbott Laboratories,sec_edgar,metadata,sec-edgar://metadata-first/ABT/2021/Q4,sec.gov,metadata_only,sec_metadata_only,false,false,false,false,,,sha256:5750c49d928e99cc7380099dddc739766a68df01f98ec5650f3558764cb9f117,Use SEC metadata-first discovery with descriptive User-Agent and <=10 requests/sec.
abt_2021_q4,ABT,Abbott Laboratories,youtube,video,https://www.youtube.com/results?search_query=ABT+2021+Q4+earnings+call,www.youtube.com,metadata_only,youtube_media_blocked,false,false,false,false,,,sha256:06b2bc26c19b2b9bd91c6fe45077e9e01c9fd4d538f4f70ccdf1d8927bbe1c79,Keep YouTube as metadata/link reference only unless explicit written authorization exists.
abt_2021_q4,ABT,Abbott Laboratories,vendor,transcript,licensed-vendor://blocked/ABT/2021/Q4,licensed-vendor,license_required,vendor_license_missing,false,false,false,false,,,sha256:80fc2dc7ffd7e6c9bc9974188c059f813f8fbff71e3e789f713b9b608a54d84a,Register license_config_ref before any vendor raw content use.
bmy_2021_q4,BMY,Bristol Myers Squibb Company,official_ir,transcript,https://investors.bms.com/,investors.bms.com,metadata_only,metadata_only_no_raw_download,false,false,false,false,,,sha256:99e00947bc2754825e11580be9c51d71f9e6ca18b125c23a8e2bac8ff6d97d34,"Review official IR source terms, robots policy, and event identity before permitted acquisition."
bmy_2021_q4,BMY,Bristol Myers Squibb Company,sec_edgar,metadata,sec-edgar://metadata-first/BMY/2021/Q4,sec.gov,metadata_only,sec_metadata_only,false,false,false,false,,,sha256:56f94d2a73414a036dc0e4deeee25978848643ad0536cb5b57d4824447e6c654,Use SEC metadata-first discovery with descriptive User-Agent and <=10 requests/sec.
bmy_2021_q4,BMY,Bristol Myers Squibb Company,youtube,video,https://www.youtube.com/results?search_query=BMY+2021+Q4+earnings+call,www.youtube.com,metadata_only,youtube_media_blocked,false,false,false,false,,,sha256:f217aac051926ba33002499a2bc3007e9bc068b09638debcd43a10cc2f981b37,Keep YouTube as metadata/link reference only unless explicit written authorization exists.
bmy_2021_q4,BMY,Bristol Myers Squibb Company,vendor,transcript,licensed-vendor://blocked/BMY/2021/Q4,licensed-vendor,license_required,vendor_license_missing,false,false,false,false,,,sha256:0aef37b9df9274413e6565e2cc2c704b9d8d94a657bcb20fda4ae06e6fc67186,Register license_config_ref before any vendor raw content use.
mdt_2021_q4,MDT,Medtronic plc,official_ir,transcript,https://investorrelations.medtronic.com/,investorrelations.medtronic.com,metadata_only,metadata_only_no_raw_download,false,false,false,false,,,sha256:629259123d1b5caa131de51cfa17e7246137f2a5a14437143edf3fc1af003608,"Review official IR source terms, robots policy, and event identity before permitted acquisition."
mdt_2021_q4,MDT,Medtronic plc,sec_edgar,metadata,sec-edgar://metadata-first/MDT/2021/Q4,sec.gov,metadata_only,sec_metadata_only,false,false,false,false,,,sha256:32000f1a38f3058aa5925b0b8de5bdaa41b5f037e9da2320a67d4bcf977f6b74,Use SEC metadata-first discovery with descriptive User-Agent and <=10 requests/sec.
mdt_2021_q4,MDT,Medtronic plc,youtube,video,https://www.youtube.com/results?search_query=MDT+2021+Q4+earnings+call,www.youtube.com,metadata_only,youtube_media_blocked,false,false,false,false,,,sha256:bd5df5419714c6ce8755319a51dc1b6dd37dfb077adbe61ab8b38784da3228d1,Keep YouTube as metadata/link reference only unless explicit written authorization exists.
mdt_2021_q4,MDT,Medtronic plc,vendor,transcript,licensed-vendor://blocked/MDT/2021/Q4,licensed-vendor,license_required,vendor_license_missing,false,false,false,false,,,sha256:d129a66012d47c02eb44910f78b7f3bfd280315d5d423ea68e7ac960176ad5f7,Register license_config_ref before any vendor raw content use.
tmo_2021_q4,TMO,Thermo Fisher Scientific Inc.,official_ir,transcript,https://ir.thermofisher.com/,ir.thermofisher.com,metadata_only,metadata_only_no_raw_download,false,false,false,false,,,sha256:20ca4ab371dad6c0c8d182bfa34ef1e3ce709ff75e600b605e34840446f065aa,"Review official IR source terms, robots policy, and event identity before permitted acquisition."
tmo_2021_q4,TMO,Thermo Fisher Scientific Inc.,sec_edgar,metadata,sec-edgar://metadata-first/TMO/2021/Q4,sec.gov,metadata_only,sec_metadata_only,false,false,false,false,,,sha256:f703421c565dfbbbccf52e0af5378c6f5c50af4d89ef88870a0147916ef70082,Use SEC metadata-first discovery with descriptive User-Agent and <=10 requests/sec.
tmo_2021_q4,TMO,Thermo Fisher Scientific Inc.,youtube,video,https://www.youtube.com/results?search_query=TMO+2021+Q4+earnings+call,www.youtube.com,metadata_only,youtube_media_blocked,false,false,false,false,,,sha256:2eae8e37115567b583f10d194b68d66338d78ed369f58b22133638a16e1514db,Keep YouTube as metadata/link reference only unless explicit written authorization exists.
tmo_2021_q4,TMO,Thermo Fisher Scientific Inc.,vendor,transcript,licensed-vendor://blocked/TMO/2021/Q4,licensed-vendor,license_required,vendor_license_missing,false,false,false,false,,,sha256:83b7d66bb81e0820590b8826b4e11b7a302551a6cac72b72b8dec830d1568283,Register license_config_ref before any vendor raw content use.
dhr_2021_q4,DHR,Danaher Corporation,official_ir,transcript,https://investors.danaher.com/,investors.danaher.com,metadata_only,metadata_only_no_raw_download,false,false,false,false,,,sha256:75cae8919b25972fc2df2b89a930bd78cc2001433f24b159f9db8e95cd8b0188,"Review official IR source terms, robots policy, and event identity before permitted acquisition."
dhr_2021_q4,DHR,Danaher Corporation,sec_edgar,metadata,sec-edgar://metadata-first/DHR/2021/Q4,sec.gov,metadata_only,sec_metadata_only,false,false,false,false,,,sha256:d8d495d76db728c1b1c7da530b774280df24991ace16da3ce5e2faae4a3f2c18,Use SEC metadata-first discovery with descriptive User-Agent and <=10 requests/sec.
dhr_2021_q4,DHR,Danaher Corporation,youtube,video,https://www.youtube.com/results?search_query=DHR+2021+Q4+earnings+call,www.youtube.com,metadata_only,youtube_media_blocked,false,false,false,false,,,sha256:2be16b6ca6e21a839c73a557f5593e9ac7d6aefd3fd4df53ec3fdf8c8fda0214,Keep YouTube as metadata/link reference only unless explicit written authorization exists.
dhr_2021_q4,DHR,Danaher Corporation,vendor,transcript,licensed-vendor://blocked/DHR/2021/Q4,licensed-vendor,license_required,vendor_license_missing,false,false,false,false,,,sha256:e102cecbadc0240f18d2ddac5b9f7918296bc2415f56c7cd1d24735a53e5cdeb,Register license_config_ref before any vendor raw content use.
bdx_2021_q4,BDX,"Becton, Dickinson and Company",official_ir,transcript,https://investors.bd.com/,investors.bd.com,metadata_only,metadata_only_no_raw_download,false,false,false,false,,,sha256:35f66ffa09f2f848a7105cde3accb5955076c15f3741f3af99386b10a64e511b,"Review official IR source terms, robots policy, and event identity before permitted acquisition."
bdx_2021_q4,BDX,"Becton, Dickinson and Company",sec_edgar,metadata,sec-edgar://metadata-first/BDX/2021/Q4,sec.gov,metadata_only,sec_metadata_only,false,false,false,false,,,sha256:4040607c1df8a2368cbac686b0b48fab82217234b3dca2e11428e08bd2cf0f92,Use SEC metadata-first discovery with descriptive User-Agent and <=10 requests/sec.
bdx_2021_q4,BDX,"Becton, Dickinson and Company",youtube,video,https://www.youtube.com/results?search_query=BDX+2021+Q4+earnings+call,www.youtube.com,metadata_only,youtube_media_blocked,false,false,false,false,,,sha256:8ae0bec8a64666af71f8ae22ff8e6086bcadf686ecf924db0b50fae364bbc5a6,Keep YouTube as metadata/link reference only unless explicit written authorization exists.
bdx_2021_q4,BDX,"Becton, Dickinson and Company",vendor,transcript,licensed-vendor://blocked/BDX/2021/Q4,licensed-vendor,license_required,vendor_license_missing,false,false,false,false,,,sha256:c5782d9db8b5a19aab1c52ba088cbe9839eb14ffc864420dca9aa1c130a1586e,Register license_config_ref before any vendor raw content use.
ci_2021_q4,CI,The Cigna Group,official_ir,transcript,https://investors.thecignagroup.com/,investors.thecignagroup.com,metadata_only,metadata_only_no_raw_download,false,false,false,false,,,sha256:e6151c073327a08031d3c88eb1da727ee1ae640023ce019f98ed296fb46bac56,"Review official IR source terms, robots policy, and event identity before permitted acquisition."
ci_2021_q4,CI,The Cigna Group,sec_edgar,metadata,sec-edgar://metadata-first/CI/2021/Q4,sec.gov,metadata_only,sec_metadata_only,false,false,false,false,,,sha256:9f7e8cc267d7aff7af622e27278ea15e35e347af7439834275e92a752144f17b,Use SEC metadata-first discovery with descriptive User-Agent and <=10 requests/sec.
ci_2021_q4,CI,The Cigna Group,youtube,video,https://www.youtube.com/results?search_query=CI+2021+Q4+earnings+call,www.youtube.com,metadata_only,youtube_media_blocked,false,false,false,false,,,sha256:cb458693e48d12869d0d42454fb8bce856d0823ac673a90053248b0212b24acf,Keep YouTube as metadata/link reference only unless explicit written authorization exists.
ci_2021_q4,CI,The Cigna Group,vendor,transcript,licensed-vendor://blocked/CI/2021/Q4,licensed-vendor,license_required,vendor_license_missing,false,false,false,false,,,sha256:1cf348d4138352cda3f5bfcf9bf20be5b3a87e689dba0401d7e635263c42e62f,Register license_config_ref before any vendor raw content use.
hca_2021_q4,HCA,"HCA Healthcare, Inc.",official_ir,transcript,https://investor.hcahealthcare.com/,investor.hcahealthcare.com,metadata_only,metadata_only_no_raw_download,false,false,false,false,,,sha256:ad0569316077d26c453d5351f80e8e64edec718721d586d6ffe448e5c9d67805,"Review official IR source terms, robots policy, and event identity before permitted acquisition."
hca_2021_q4,HCA,"HCA Healthcare, Inc.",sec_edgar,metadata,sec-edgar://metadata-first/HCA/2021/Q4,sec.gov,metadata_only,sec_metadata_only,false,false,false,false,,,sha256:544e69b39e64d15360be69723482c08a5cd2e17ec7f82912312aaa6180b7cf5d,Use SEC metadata-first discovery with descriptive User-Agent and <=10 requests/sec.
hca_2021_q4,HCA,"HCA Healthcare, Inc.",youtube,video,https://www.youtube.com/results?search_query=HCA+2021+Q4+earnings+call,www.youtube.com,metadata_only,youtube_media_blocked,false,false,false,false,,,sha256:168eb1d27db6a7c0d55027e0d8cae95bf9fa2717069d5fdfb6b045c008bee063,Keep YouTube as metadata/link reference only unless explicit written authorization exists.
hca_2021_q4,HCA,"HCA Healthcare, Inc.",vendor,transcript,licensed-vendor://blocked/HCA/2021/Q4,licensed-vendor,license_required,vendor_license_missing,false,false,false,false,,,sha256:0c8aae3a96caa8dd6a9f9bcc4fef2c9a167694e02c8ea4f640bc96be5d8c8d6a,Register license_config_ref before any vendor raw content use.
syk_2021_q4,SYK,Stryker Corporation,official_ir,transcript,https://investors.stryker.com/,investors.stryker.com,metadata_only,metadata_only_no_raw_download,false,false,false,false,,,sha256:2a7498199f51ca47bbded089bdf047d5f7ad3b6222097a8c11be0091df8fbfeb,"Review official IR source terms, robots policy, and event identity before permitted acquisition."
syk_2021_q4,SYK,Stryker Corporation,sec_edgar,metadata,sec-edgar://metadata-first/SYK/2021/Q4,sec.gov,metadata_only,sec_metadata_only,false,false,false,false,,,sha256:bc293deaba8da74ad058a06351b1fd620877b05744caedd5f7a60b7b912263f3,Use SEC metadata-first discovery with descriptive User-Agent and <=10 requests/sec.
syk_2021_q4,SYK,Stryker Corporation,youtube,video,https://www.youtube.com/results?search_query=SYK+2021+Q4+earnings+call,www.youtube.com,metadata_only,youtube_media_blocked,false,false,false,false,,,sha256:5c772c852877c679f7f55d6991e8755d6a9da948f5121a8f9ed78aa3c0449b77,Keep YouTube as metadata/link reference only unless explicit written authorization exists.
syk_2021_q4,SYK,Stryker Corporation,vendor,transcript,licensed-vendor://blocked/SYK/2021/Q4,licensed-vendor,license_required,vendor_license_missing,false,false,false,false,,,sha256:1cde57f8c6a9857d76686f319a48ae5ed0dbfe9091c914cf6b389d24379d9014,Register license_config_ref before any vendor raw content use.
xom_2021_q4,XOM,Exxon Mobil Corporation,official_ir,transcript,https://corporate.exxonmobil.com/investors,corporate.exxonmobil.com,metadata_only,metadata_only_no_raw_download,false,false,false,false,,,sha256:a71f33d8302607e2018b684eed002e426bd80da005fe9bd31721153e55c3feb3,"Review official IR source terms, robots policy, and event identity before permitted acquisition."
xom_2021_q4,XOM,Exxon Mobil Corporation,sec_edgar,metadata,sec-edgar://metadata-first/XOM/2021/Q4,sec.gov,metadata_only,sec_metadata_only,false,false,false,false,,,sha256:d881b9f2803c86f7342d2df58e54d7ae575f307953135030ac22331a1658d3bc,Use SEC metadata-first discovery with descriptive User-Agent and <=10 requests/sec.
xom_2021_q4,XOM,Exxon Mobil Corporation,youtube,video,https://www.youtube.com/results?search_query=XOM+2021+Q4+earnings+call,www.youtube.com,metadata_only,youtube_media_blocked,false,false,false,false,,,sha256:4f96619b9e95a46c78a588df14130ca08c673f093280dd5b329b695adc2633d4,Keep YouTube as metadata/link reference only unless explicit written authorization exists.
xom_2021_q4,XOM,Exxon Mobil Corporation,vendor,transcript,licensed-vendor://blocked/XOM/2021/Q4,licensed-vendor,license_required,vendor_license_missing,false,false,false,false,,,sha256:65f6cb37c20562f64f2a185ce863b8ed9c162db7ac371949455235f0a50009b8,Register license_config_ref before any vendor raw content use.
cvx_2021_q4,CVX,Chevron Corporation,official_ir,transcript,https://www.chevron.com/investors,www.chevron.com,metadata_only,metadata_only_no_raw_download,false,false,false,false,,,sha256:4a7088a3532ea129ac224af366aed7ba52ac7d0c0bfcf788728d2490c7323232,"Review official IR source terms, robots policy, and event identity before permitted acquisition."
cvx_2021_q4,CVX,Chevron Corporation,sec_edgar,metadata,sec-edgar://metadata-first/CVX/2021/Q4,sec.gov,metadata_only,sec_metadata_only,false,false,false,false,,,sha256:d19020a9f4a45bd8d63a0f0443cfea966f98283269bc33e976a6bdc8f7b819bf,Use SEC metadata-first discovery with descriptive User-Agent and <=10 requests/sec.
cvx_2021_q4,CVX,Chevron Corporation,youtube,video,https://www.youtube.com/results?search_query=CVX+2021+Q4+earnings+call,www.youtube.com,metadata_only,youtube_media_blocked,false,false,false,false,,,sha256:c01bbabf0857a9af4d57a4b7bbb8c69cd645ab09a7d823b8e860568713c9e5c4,Keep YouTube as metadata/link reference only unless explicit written authorization exists.
cvx_2021_q4,CVX,Chevron Corporation,vendor,transcript,licensed-vendor://blocked/CVX/2021/Q4,licensed-vendor,license_required,vendor_license_missing,false,false,false,false,,,sha256:03ce0439897aedc94834abf03f7b10c22a13562fae4b2a721165c94dcbaffdeb,Register license_config_ref before any vendor raw content use.
cop_2021_q4,COP,ConocoPhillips,official_ir,transcript,https://www.conocophillips.com/investor-relations/,www.conocophillips.com,metadata_only,metadata_only_no_raw_download,false,false,false,false,,,sha256:c9feaffcea549fcb88d1c5b83e597bae09d49154fcf43df58cfdb95aed3d7890,"Review official IR source terms, robots policy, and event identity before permitted acquisition."
cop_2021_q4,COP,ConocoPhillips,sec_edgar,metadata,sec-edgar://metadata-first/COP/2021/Q4,sec.gov,metadata_only,sec_metadata_only,false,false,false,false,,,sha256:7e2ef5ed6ac8150ecf54831472c4c697a42de387cc177d21cf530ec9da9bf04c,Use SEC metadata-first discovery with descriptive User-Agent and <=10 requests/sec.
cop_2021_q4,COP,ConocoPhillips,youtube,video,https://www.youtube.com/results?search_query=COP+2021+Q4+earnings+call,www.youtube.com,metadata_only,youtube_media_blocked,false,false,false,false,,,sha256:57b69f56b3e52bfa570d52ee80c1ed8959e35c5c73c333fd7a4871b28e03e1fc,Keep YouTube as metadata/link reference only unless explicit written authorization exists.
cop_2021_q4,COP,ConocoPhillips,vendor,transcript,licensed-vendor://blocked/COP/2021/Q4,licensed-vendor,license_required,vendor_license_missing,false,false,false,false,,,sha256:15d8bbb36be5de4a0eecf3e1f8cdbcaf505315b5cda6c656629fd1118aef4e5b,Register license_config_ref before any vendor raw content use.
slb_2021_q4,SLB,SLB,official_ir,transcript,https://investorcenter.slb.com/,investorcenter.slb.com,metadata_only,metadata_only_no_raw_download,false,false,false,false,,,sha256:7c2f369b58da98636ee35736527c748c0f0f23e19aedf0e34f3ab59ad67bb704,"Review official IR source terms, robots policy, and event identity before permitted acquisition."
slb_2021_q4,SLB,SLB,sec_edgar,metadata,sec-edgar://metadata-first/SLB/2021/Q4,sec.gov,metadata_only,sec_metadata_only,false,false,false,false,,,sha256:86649fc1e6e9ca2556367d569d64a25382d629b119d911e2e46aa19a9696ec79,Use SEC metadata-first discovery with descriptive User-Agent and <=10 requests/sec.
slb_2021_q4,SLB,SLB,youtube,video,https://www.youtube.com/results?search_query=SLB+2021+Q4+earnings+call,www.youtube.com,metadata_only,youtube_media_blocked,false,false,false,false,,,sha256:d64cfde82130b7b64b9e8c80c3a43bbdca37a8466ab335cc174344d36e68a325,Keep YouTube as metadata/link reference only unless explicit written authorization exists.
slb_2021_q4,SLB,SLB,vendor,transcript,licensed-vendor://blocked/SLB/2021/Q4,licensed-vendor,license_required,vendor_license_missing,false,false,false,false,,,sha256:59f1740dc8a6dac38447ad9a4e39fa4cce5df7b53e441b524ca6c0625fe12191,Register license_config_ref before any vendor raw content use.
hal_2021_q4,HAL,Halliburton Company,official_ir,transcript,https://ir.halliburton.com/,ir.halliburton.com,metadata_only,metadata_only_no_raw_download,false,false,false,false,,,sha256:688b8bc06877ecffaca976fb5e00a3f7f7eadf13882abf73d02ae24bc37d8243,"Review official IR source terms, robots policy, and event identity before permitted acquisition."
hal_2021_q4,HAL,Halliburton Company,sec_edgar,metadata,sec-edgar://metadata-first/HAL/2021/Q4,sec.gov,metadata_only,sec_metadata_only,false,false,false,false,,,sha256:93c4fe38a372791b687ce4bf1028ca2edf343d3519d2d740647c4f858c652c83,Use SEC metadata-first discovery with descriptive User-Agent and <=10 requests/sec.
hal_2021_q4,HAL,Halliburton Company,youtube,video,https://www.youtube.com/results?search_query=HAL+2021+Q4+earnings+call,www.youtube.com,metadata_only,youtube_media_blocked,false,false,false,false,,,sha256:c9ad9e0a8d65e9e4f6b8393ee036c93896b2ef9a73a0ae0fced29f5eb6be6bb0,Keep YouTube as metadata/link reference only unless explicit written authorization exists.
hal_2021_q4,HAL,Halliburton Company,vendor,transcript,licensed-vendor://blocked/HAL/2021/Q4,licensed-vendor,license_required,vendor_license_missing,false,false,false,false,,,sha256:ed1ceef5e6f7d00a8a75b2b7e7ca92249657d82a8ae089c41ffd87f3e4b0b854,Register license_config_ref before any vendor raw content use.
eog_2021_q4,EOG,"EOG Resources, Inc.",official_ir,transcript,https://investors.eogresources.com/,investors.eogresources.com,metadata_only,metadata_only_no_raw_download,false,false,false,false,,,sha256:525e6af5b6396e0e1aaf50dbec3fea6d2b25084acaa48b2151974616fc961cfd,"Review official IR source terms, robots policy, and event identity before permitted acquisition."
eog_2021_q4,EOG,"EOG Resources, Inc.",sec_edgar,metadata,sec-edgar://metadata-first/EOG/2021/Q4,sec.gov,metadata_only,sec_metadata_only,false,false,false,false,,,sha256:05949c9fdea09c206f0fef5a1875d0fdc2b013398edbda44b43d9d1866e25856,Use SEC metadata-first discovery with descriptive User-Agent and <=10 requests/sec.
eog_2021_q4,EOG,"EOG Resources, Inc.",youtube,video,https://www.youtube.com/results?search_query=EOG+2021+Q4+earnings+call,www.youtube.com,metadata_only,youtube_media_blocked,false,false,false,false,,,sha256:f0ebda730c17d57edc6844be88108268013af18163e8c33b0ceb1e62548b5c6f,Keep YouTube as metadata/link reference only unless explicit written authorization exists.
eog_2021_q4,EOG,"EOG Resources, Inc.",vendor,transcript,licensed-vendor://blocked/EOG/2021/Q4,licensed-vendor,license_required,vendor_license_missing,false,false,false,false,,,sha256:7f080172f7e2a657e3ba9e9c80738fab9744885125ac553e8ba7c0ef1f37b5f1,Register license_config_ref before any vendor raw content use.
oxy_2021_q4,OXY,Occidental Petroleum Corporation,official_ir,transcript,https://www.oxy.com/investors/,www.oxy.com,metadata_only,metadata_only_no_raw_download,false,false,false,false,,,sha256:6e8a4c97270fef5eeeec3eef2ab31a253f9763918d720be2067630f70da967f6,"Review official IR source terms, robots policy, and event identity before permitted acquisition."
oxy_2021_q4,OXY,Occidental Petroleum Corporation,sec_edgar,metadata,sec-edgar://metadata-first/OXY/2021/Q4,sec.gov,metadata_only,sec_metadata_only,false,false,false,false,,,sha256:48c31c6d8d5d5d8eac9bbf9d92e948c200921444078becf8aa5f7fececabb569,Use SEC metadata-first discovery with descriptive User-Agent and <=10 requests/sec.
oxy_2021_q4,OXY,Occidental Petroleum Corporation,youtube,video,https://www.youtube.com/results?search_query=OXY+2021+Q4+earnings+call,www.youtube.com,metadata_only,youtube_media_blocked,false,false,false,false,,,sha256:12e0c8b70a7e6b7aa3a4be0473330b2d739872c663b7d51f5aa5db257ac8d92b,Keep YouTube as metadata/link reference only unless explicit written authorization exists.
oxy_2021_q4,OXY,Occidental Petroleum Corporation,vendor,transcript,licensed-vendor://blocked/OXY/2021/Q4,licensed-vendor,license_required,vendor_license_missing,false,false,false,false,,,sha256:afb37c66940854c084d37c3ddd380043a45035d0a4424404eef363de01dd2522,Register license_config_ref before any vendor raw content use.
mpc_2021_q4,MPC,Marathon Petroleum Corporation,official_ir,transcript,https://www.marathonpetroleum.com/Investors/,www.marathonpetroleum.com,metadata_only,metadata_only_no_raw_download,false,false,false,false,,,sha256:768559fa51133cf6f74e40a732cee1ef4274e2195e05c0553a46e540e28ae00e,"Review official IR source terms, robots policy, and event identity before permitted acquisition."
mpc_2021_q4,MPC,Marathon Petroleum Corporation,sec_edgar,metadata,sec-edgar://metadata-first/MPC/2021/Q4,sec.gov,metadata_only,sec_metadata_only,false,false,false,false,,,sha256:020d3a0de0d0ef755f75395025bf57012a80ae30640dc784b72e879778131fc6,Use SEC metadata-first discovery with descriptive User-Agent and <=10 requests/sec.
mpc_2021_q4,MPC,Marathon Petroleum Corporation,youtube,video,https://www.youtube.com/results?search_query=MPC+2021+Q4+earnings+call,www.youtube.com,metadata_only,youtube_media_blocked,false,false,false,false,,,sha256:a5f04740f1abd66dff4f33b9cb959b99c3eeded95949eebb893fe3d21aa3f4d1,Keep YouTube as metadata/link reference only unless explicit written authorization exists.
mpc_2021_q4,MPC,Marathon Petroleum Corporation,vendor,transcript,licensed-vendor://blocked/MPC/2021/Q4,licensed-vendor,license_required,vendor_license_missing,false,false,false,false,,,sha256:b4274b06527d15d1c90a7da619c665968c346cc5eb78b532e21757f769bc0062,Register license_config_ref before any vendor raw content use.
psx_2021_q4,PSX,Phillips 66,official_ir,transcript,https://investor.phillips66.com/,investor.phillips66.com,metadata_only,metadata_only_no_raw_download,false,false,false,false,,,sha256:cf8d5196d7ecc7cdc520b484ead79d57f3d0ff0e9107ecb73bd9f6dafb6fba31,"Review official IR source terms, robots policy, and event identity before permitted acquisition."
psx_2021_q4,PSX,Phillips 66,sec_edgar,metadata,sec-edgar://metadata-first/PSX/2021/Q4,sec.gov,metadata_only,sec_metadata_only,false,false,false,false,,,sha256:18d3cc88bc73f58f271355f3f96dd20f33dfde0e6fb9e556b174563d03379d06,Use SEC metadata-first discovery with descriptive User-Agent and <=10 requests/sec.
psx_2021_q4,PSX,Phillips 66,youtube,video,https://www.youtube.com/results?search_query=PSX+2021+Q4+earnings+call,www.youtube.com,metadata_only,youtube_media_blocked,false,false,false,false,,,sha256:e634e4ac3d49226bcc86f2661932e10b7801c52433336028a01ca889c3b51b12,Keep YouTube as metadata/link reference only unless explicit written authorization exists.
psx_2021_q4,PSX,Phillips 66,vendor,transcript,licensed-vendor://blocked/PSX/2021/Q4,licensed-vendor,license_required,vendor_license_missing,false,false,false,false,,,sha256:95b3e1bd4354eae57802d05cd13dae5b7047d2b4f264c0a7808b2ff1b7097fdf,Register license_config_ref before any vendor raw content use.
vlo_2021_q4,VLO,Valero Energy Corporation,official_ir,transcript,https://investorvalero.com/,investorvalero.com,metadata_only,metadata_only_no_raw_download,false,false,false,false,,,sha256:91d1aad6745d5087ff1015a6a94a5d993552a26ef2323ac82fa38d563faba52b,"Review official IR source terms, robots policy, and event identity before permitted acquisition."
vlo_2021_q4,VLO,Valero Energy Corporation,sec_edgar,metadata,sec-edgar://metadata-first/VLO/2021/Q4,sec.gov,metadata_only,sec_metadata_only,false,false,false,false,,,sha256:49ea7340293536aa204f27d46bb8da24fa889947da40b74f14820f5ef9eb7924,Use SEC metadata-first discovery with descriptive User-Agent and <=10 requests/sec.
vlo_2021_q4,VLO,Valero Energy Corporation,youtube,video,https://www.youtube.com/results?search_query=VLO+2021+Q4+earnings+call,www.youtube.com,metadata_only,youtube_media_blocked,false,false,false,false,,,sha256:9cfafffb7aa2771ff33159188e632b7ac6b495ca23c53eb07e3efe195bc9daaf,Keep YouTube as metadata/link reference only unless explicit written authorization exists.
vlo_2021_q4,VLO,Valero Energy Corporation,vendor,transcript,licensed-vendor://blocked/VLO/2021/Q4,licensed-vendor,license_required,vendor_license_missing,false,false,false,false,,,sha256:0b02693c8c89ad71125b9076d0cb21a6c4a3080f0a96135cd38d91535be49123,Register license_config_ref before any vendor raw content use.
ba_2021_q4,BA,The Boeing Company,official_ir,transcript,https://investors.boeing.com/,investors.boeing.com,metadata_only,metadata_only_no_raw_download,false,false,false,false,,,sha256:d0c8ff1639d043155bab88bf095fb7e26b42dcb77f0b82156a447b7cec623e58,"Review official IR source terms, robots policy, and event identity before permitted acquisition."
ba_2021_q4,BA,The Boeing Company,sec_edgar,metadata,sec-edgar://metadata-first/BA/2021/Q4,sec.gov,metadata_only,sec_metadata_only,false,false,false,false,,,sha256:8e3c9eeb7e86cb9800dd9e3db99e94d48c35aabf9a9a60b57d13793d69f5bda3,Use SEC metadata-first discovery with descriptive User-Agent and <=10 requests/sec.
ba_2021_q4,BA,The Boeing Company,youtube,video,https://www.youtube.com/results?search_query=BA+2021+Q4+earnings+call,www.youtube.com,metadata_only,youtube_media_blocked,false,false,false,false,,,sha256:257d3ad9004468e5c953a9cea998bdb0ab970657595ce9c758949a083fa92880,Keep YouTube as metadata/link reference only unless explicit written authorization exists.
ba_2021_q4,BA,The Boeing Company,vendor,transcript,licensed-vendor://blocked/BA/2021/Q4,licensed-vendor,license_required,vendor_license_missing,false,false,false,false,,,sha256:0a07712b8fce184315e3383ac68af0ae8d2c9e739ddeaea389dc5c011eda0c07,Register license_config_ref before any vendor raw content use.
rtx_2021_q4,RTX,RTX Corporation,official_ir,transcript,https://www.rtx.com/investors,www.rtx.com,metadata_only,metadata_only_no_raw_download,false,false,false,false,,,sha256:9065cce9e3add29dc807be8207c897e18a5cca61f2c4ec1c272c2708ffaae9df,"Review official IR source terms, robots policy, and event identity before permitted acquisition."
rtx_2021_q4,RTX,RTX Corporation,sec_edgar,metadata,sec-edgar://metadata-first/RTX/2021/Q4,sec.gov,metadata_only,sec_metadata_only,false,false,false,false,,,sha256:3a86a570816d120de1c2d8d71e2214ef2504edfeff697c9f1527e9131f3e6597,Use SEC metadata-first discovery with descriptive User-Agent and <=10 requests/sec.
rtx_2021_q4,RTX,RTX Corporation,youtube,video,https://www.youtube.com/results?search_query=RTX+2021+Q4+earnings+call,www.youtube.com,metadata_only,youtube_media_blocked,false,false,false,false,,,sha256:82a55b37ffd8331008a21dd69d7bd1b84e9742e52198ddf4438a2e6554bb89b0,Keep YouTube as metadata/link reference only unless explicit written authorization exists.
rtx_2021_q4,RTX,RTX Corporation,vendor,transcript,licensed-vendor://blocked/RTX/2021/Q4,licensed-vendor,license_required,vendor_license_missing,false,false,false,false,,,sha256:105d7c3d31834b7215b336b77622b2c0518602ca3604b6c2b62d8b0768a84b34,Register license_config_ref before any vendor raw content use.
lmt_2021_q4,LMT,Lockheed Martin Corporation,official_ir,transcript,https://investors.lockheedmartin.com/,investors.lockheedmartin.com,metadata_only,metadata_only_no_raw_download,false,false,false,false,,,sha256:916d1670890b46044a06476bbf9048c10325a5bf13cef7f64817870858ce3be7,"Review official IR source terms, robots policy, and event identity before permitted acquisition."
lmt_2021_q4,LMT,Lockheed Martin Corporation,sec_edgar,metadata,sec-edgar://metadata-first/LMT/2021/Q4,sec.gov,metadata_only,sec_metadata_only,false,false,false,false,,,sha256:31fb523d5c02a320b730bffbc68dfa924eaca902249ad3b3d1c49866baa34bb9,Use SEC metadata-first discovery with descriptive User-Agent and <=10 requests/sec.
lmt_2021_q4,LMT,Lockheed Martin Corporation,youtube,video,https://www.youtube.com/results?search_query=LMT+2021+Q4+earnings+call,www.youtube.com,metadata_only,youtube_media_blocked,false,false,false,false,,,sha256:ef26d17391cbd60cef5eaa09c8187c8bedf4e83e76afba531a21f57aedd05995,Keep YouTube as metadata/link reference only unless explicit written authorization exists.
lmt_2021_q4,LMT,Lockheed Martin Corporation,vendor,transcript,licensed-vendor://blocked/LMT/2021/Q4,licensed-vendor,license_required,vendor_license_missing,false,false,false,false,,,sha256:4e951a249d2f653c7310a9002f5c24e622f5f39c6ac241c55ae2f8cc3ee9fa4c,Register license_config_ref before any vendor raw content use.
noc_2021_q4,NOC,Northrop Grumman Corporation,official_ir,transcript,https://investor.northropgrumman.com/,investor.northropgrumman.com,metadata_only,metadata_only_no_raw_download,false,false,false,false,,,sha256:887edc95e625271cb0c582eae79c2f3a8dfa6f00bf0db1335975259da9fea73d,"Review official IR source terms, robots policy, and event identity before permitted acquisition."
noc_2021_q4,NOC,Northrop Grumman Corporation,sec_edgar,metadata,sec-edgar://metadata-first/NOC/2021/Q4,sec.gov,metadata_only,sec_metadata_only,false,false,false,false,,,sha256:c300c53444928511a0fb16881d255eec36f7f906fce8cac738097b4ba39795e5,Use SEC metadata-first discovery with descriptive User-Agent and <=10 requests/sec.
noc_2021_q4,NOC,Northrop Grumman Corporation,youtube,video,https://www.youtube.com/results?search_query=NOC+2021+Q4+earnings+call,www.youtube.com,metadata_only,youtube_media_blocked,false,false,false,false,,,sha256:11bba8ea6eb27c68080e5db12029152a2f0d61639655e28c72cbc2a1102ced01,Keep YouTube as metadata/link reference only unless explicit written authorization exists.
noc_2021_q4,NOC,Northrop Grumman Corporation,vendor,transcript,licensed-vendor://blocked/NOC/2021/Q4,licensed-vendor,license_required,vendor_license_missing,false,false,false,false,,,sha256:7be35aee4b808f5a4431b9561699cddb30012c10021979ad6f0f7a2c3e39644f,Register license_config_ref before any vendor raw content use.
gd_2021_q4,GD,General Dynamics Corporation,official_ir,transcript,https://investorrelations.gd.com/,investorrelations.gd.com,metadata_only,metadata_only_no_raw_download,false,false,false,false,,,sha256:4ed55d69767c0481d0f988a3e71d2bac8933e850c1efe97614c5b97f34c6764d,"Review official IR source terms, robots policy, and event identity before permitted acquisition."
gd_2021_q4,GD,General Dynamics Corporation,sec_edgar,metadata,sec-edgar://metadata-first/GD/2021/Q4,sec.gov,metadata_only,sec_metadata_only,false,false,false,false,,,sha256:1a3d9bb35582639e178b67337d29d29ca1681b7ace172b6b6fb5d25ae363247d,Use SEC metadata-first discovery with descriptive User-Agent and <=10 requests/sec.
gd_2021_q4,GD,General Dynamics Corporation,youtube,video,https://www.youtube.com/results?search_query=GD+2021+Q4+earnings+call,www.youtube.com,metadata_only,youtube_media_blocked,false,false,false,false,,,sha256:8769e078399cf74791340d245d746ea394da09a67eea3816da42fda7467f1660,Keep YouTube as metadata/link reference only unless explicit written authorization exists.
gd_2021_q4,GD,General Dynamics Corporation,vendor,transcript,licensed-vendor://blocked/GD/2021/Q4,licensed-vendor,license_required,vendor_license_missing,false,false,false,false,,,sha256:ff46384964779d519686234241dc0981c9c512a8ab9248090280e49a0f3a0b10,Register license_config_ref before any vendor raw content use.
cat_2021_q4,CAT,Caterpillar Inc.,official_ir,transcript,https://investors.caterpillar.com/,investors.caterpillar.com,metadata_only,metadata_only_no_raw_download,false,false,false,false,,,sha256:69424fbed6fe5fb18b2d797575661c95aa51616a0a90bb9819dad98235a03318,"Review official IR source terms, robots policy, and event identity before permitted acquisition."
cat_2021_q4,CAT,Caterpillar Inc.,sec_edgar,metadata,sec-edgar://metadata-first/CAT/2021/Q4,sec.gov,metadata_only,sec_metadata_only,false,false,false,false,,,sha256:d4ab9e6e626d9d5ef7858f48e132b3d7cc79de8c1f8285c0809599f0eae1c227,Use SEC metadata-first discovery with descriptive User-Agent and <=10 requests/sec.
cat_2021_q4,CAT,Caterpillar Inc.,youtube,video,https://www.youtube.com/results?search_query=CAT+2021+Q4+earnings+call,www.youtube.com,metadata_only,youtube_media_blocked,false,false,false,false,,,sha256:48f0d54d7183e018ed5e18fdf24869ae13b495b334cce919443d0d58f055a275,Keep YouTube as metadata/link reference only unless explicit written authorization exists.
cat_2021_q4,CAT,Caterpillar Inc.,vendor,transcript,licensed-vendor://blocked/CAT/2021/Q4,licensed-vendor,license_required,vendor_license_missing,false,false,false,false,,,sha256:d199d07e2e069b792186997948145cfddf0e770716065aac42cada28626e3368,Register license_config_ref before any vendor raw content use.
de_2021_q4,DE,Deere & Company,official_ir,transcript,https://investor.deere.com/,investor.deere.com,metadata_only,metadata_only_no_raw_download,false,false,false,false,,,sha256:93ad23c21637faa86289772de91b114a816746611e2de42fd552f8db669eda40,"Review official IR source terms, robots policy, and event identity before permitted acquisition."
de_2021_q4,DE,Deere & Company,sec_edgar,metadata,sec-edgar://metadata-first/DE/2021/Q4,sec.gov,metadata_only,sec_metadata_only,false,false,false,false,,,sha256:e9c5f3d7000c7a5ad1b616de839c4de02510f9ae858caf9354afc65f5de0068a,Use SEC metadata-first discovery with descriptive User-Agent and <=10 requests/sec.
de_2021_q4,DE,Deere & Company,youtube,video,https://www.youtube.com/results?search_query=DE+2021+Q4+earnings+call,www.youtube.com,metadata_only,youtube_media_blocked,false,false,false,false,,,sha256:308bc782feef75b0c8676850b439afb2f53816dc186a02aba593fc41f5024898,Keep YouTube as metadata/link reference only unless explicit written authorization exists.
de_2021_q4,DE,Deere & Company,vendor,transcript,licensed-vendor://blocked/DE/2021/Q4,licensed-vendor,license_required,vendor_license_missing,false,false,false,false,,,sha256:fb4fb8514567933d46bdcac35c2231d1e4039ec5e9ef0184953101b887b0d155,Register license_config_ref before any vendor raw content use.
ge_2021_q4,GE,GE Aerospace,official_ir,transcript,https://www.geaerospace.com/investors,www.geaerospace.com,metadata_only,metadata_only_no_raw_download,false,false,false,false,,,sha256:195449299ad1d90de42a7daeb3ba718fb2d7809b01f479d1ebe1b12c83902364,"Review official IR source terms, robots policy, and event identity before permitted acquisition."
ge_2021_q4,GE,GE Aerospace,sec_edgar,metadata,sec-edgar://metadata-first/GE/2021/Q4,sec.gov,metadata_only,sec_metadata_only,false,false,false,false,,,sha256:34ab0b003ceb63c1cf1120097ba0774d7fe5938721d87396150ec774bba89eba,Use SEC metadata-first discovery with descriptive User-Agent and <=10 requests/sec.
ge_2021_q4,GE,GE Aerospace,youtube,video,https://www.youtube.com/results?search_query=GE+2021+Q4+earnings+call,www.youtube.com,metadata_only,youtube_media_blocked,false,false,false,false,,,sha256:ca1969a1f9908e447fab0bc47050af85775c455b5f738a5777b650323115c708,Keep YouTube as metadata/link reference only unless explicit written authorization exists.
ge_2021_q4,GE,GE Aerospace,vendor,transcript,licensed-vendor://blocked/GE/2021/Q4,licensed-vendor,license_required,vendor_license_missing,false,false,false,false,,,sha256:d47c5c9bce8aef7025fe7c6ed57d5e136a1fbf213c3cff71261e396fba26df87,Register license_config_ref before any vendor raw content use.
etn_2021_q4,ETN,Eaton Corporation plc,official_ir,transcript,https://www.eaton.com/us/en-us/company/investor-relations.html,www.eaton.com,metadata_only,metadata_only_no_raw_download,false,false,false,false,,,sha256:d08f3efcadba62db50c6f7c43e27abb0f06434a99056390b1d73b870db06b085,"Review official IR source terms, robots policy, and event identity before permitted acquisition."
etn_2021_q4,ETN,Eaton Corporation plc,sec_edgar,metadata,sec-edgar://metadata-first/ETN/2021/Q4,sec.gov,metadata_only,sec_metadata_only,false,false,false,false,,,sha256:e1fa038a003e07c4a6db1ef4eee5e2d20a4a34a0481499603668d846038b5c99,Use SEC metadata-first discovery with descriptive User-Agent and <=10 requests/sec.
etn_2021_q4,ETN,Eaton Corporation plc,youtube,video,https://www.youtube.com/results?search_query=ETN+2021+Q4+earnings+call,www.youtube.com,metadata_only,youtube_media_blocked,false,false,false,false,,,sha256:4ceb68fccb512be48917df89a9a3fdad8941e235f9d55226a198d4f4c05f0cec,Keep YouTube as metadata/link reference only unless explicit written authorization exists.
etn_2021_q4,ETN,Eaton Corporation plc,vendor,transcript,licensed-vendor://blocked/ETN/2021/Q4,licensed-vendor,license_required,vendor_license_missing,false,false,false,false,,,sha256:57f3448eb24d1a006060939c914d9651fee0b6c7a3aed72dea6ad17797b1f029,Register license_config_ref before any vendor raw content use.
emr_2021_q4,EMR,Emerson Electric Co.,official_ir,transcript,https://www.emerson.com/en-us/investors,www.emerson.com,metadata_only,metadata_only_no_raw_download,false,false,false,false,,,sha256:a635983304b8f68fb310564ac13bda5cf8403036973a7fc2c58c19fc0653dda9,"Review official IR source terms, robots policy, and event identity before permitted acquisition."
emr_2021_q4,EMR,Emerson Electric Co.,sec_edgar,metadata,sec-edgar://metadata-first/EMR/2021/Q4,sec.gov,metadata_only,sec_metadata_only,false,false,false,false,,,sha256:7a8f067fb1215fa5dc560e00f9299996e24f6ffe452089c8900e2244abf536b0,Use SEC metadata-first discovery with descriptive User-Agent and <=10 requests/sec.
emr_2021_q4,EMR,Emerson Electric Co.,youtube,video,https://www.youtube.com/results?search_query=EMR+2021+Q4+earnings+call,www.youtube.com,metadata_only,youtube_media_blocked,false,false,false,false,,,sha256:d9e339eb42e98dfab5cd8f008223273300f1375ddab4360f12eb644785266399,Keep YouTube as metadata/link reference only unless explicit written authorization exists.
emr_2021_q4,EMR,Emerson Electric Co.,vendor,transcript,licensed-vendor://blocked/EMR/2021/Q4,licensed-vendor,license_required,vendor_license_missing,false,false,false,false,,,sha256:33b58e7d8e9390c54ac4b3c83f3ffe039f5a445d46fb30fdf83efd3ab41310d5,Register license_config_ref before any vendor raw content use.
mmm_2021_q4,MMM,3M Company,official_ir,transcript,https://investors.3m.com/,investors.3m.com,metadata_only,metadata_only_no_raw_download,false,false,false,false,,,sha256:c5698f390c8f82b7c3ce1e51cfc3a61413f4b5d8bd71aae88a809db90ba920fc,"Review official IR source terms, robots policy, and event identity before permitted acquisition."
mmm_2021_q4,MMM,3M Company,sec_edgar,metadata,sec-edgar://metadata-first/MMM/2021/Q4,sec.gov,metadata_only,sec_metadata_only,false,false,false,false,,,sha256:37ccc9e6e18b12466ded1f259ac903e5025cde2d35129f0d79e8125cfaf2ff3a,Use SEC metadata-first discovery with descriptive User-Agent and <=10 requests/sec.
mmm_2021_q4,MMM,3M Company,youtube,video,https://www.youtube.com/results?search_query=MMM+2021+Q4+earnings+call,www.youtube.com,metadata_only,youtube_media_blocked,false,false,false,false,,,sha256:2204910bbc6ab808567b0a12c674bc5eec58eb0ea05264b27445ef006ea72030,Keep YouTube as metadata/link reference only unless explicit written authorization exists.
mmm_2021_q4,MMM,3M Company,vendor,transcript,licensed-vendor://blocked/MMM/2021/Q4,licensed-vendor,license_required,vendor_license_missing,false,false,false,false,,,sha256:850c40477bd14d380f48594a4e78dbfdcd7074625848e28a25ff39cf08e74781,Register license_config_ref before any vendor raw content use.
itw_2021_q4,ITW,Illinois Tool Works Inc.,official_ir,transcript,https://investor.itw.com/,investor.itw.com,metadata_only,metadata_only_no_raw_download,false,false,false,false,,,sha256:fd7d853e125e7a079dc64e979de55b2f902a44f3d7c61555b08e3b779021fbb6,"Review official IR source terms, robots policy, and event identity before permitted acquisition."
itw_2021_q4,ITW,Illinois Tool Works Inc.,sec_edgar,metadata,sec-edgar://metadata-first/ITW/2021/Q4,sec.gov,metadata_only,sec_metadata_only,false,false,false,false,,,sha256:db073f7279c36f33b7d348937ba14d0eb99c8b503280a4835db7f53bab6b5d6a,Use SEC metadata-first discovery with descriptive User-Agent and <=10 requests/sec.
itw_2021_q4,ITW,Illinois Tool Works Inc.,youtube,video,https://www.youtube.com/results?search_query=ITW+2021+Q4+earnings+call,www.youtube.com,metadata_only,youtube_media_blocked,false,false,false,false,,,sha256:68e6b88b3a37073cba3fb89fb2416a6e8d3d2d0aaffa04876ade70901d634900,Keep YouTube as metadata/link reference only unless explicit written authorization exists.
itw_2021_q4,ITW,Illinois Tool Works Inc.,vendor,transcript,licensed-vendor://blocked/ITW/2021/Q4,licensed-vendor,license_required,vendor_license_missing,false,false,false,false,,,sha256:3a8665cd257bbebdeae0f3e77aa5fbe33405b4c94414bc126d56c3d80c46735d,Register license_config_ref before any vendor raw content use.
ph_2021_q4,PH,Parker-Hannifin Corporation,official_ir,transcript,https://investors.parker.com/,investors.parker.com,metadata_only,metadata_only_no_raw_download,false,false,false,false,,,sha256:73d5960320b77396b33b530fd9e115650f2dd8ccf1e3c9ad649b124e4d1b7ad0,"Review official IR source terms, robots policy, and event identity before permitted acquisition."
ph_2021_q4,PH,Parker-Hannifin Corporation,sec_edgar,metadata,sec-edgar://metadata-first/PH/2021/Q4,sec.gov,metadata_only,sec_metadata_only,false,false,false,false,,,sha256:1e49b005c5eac666ca0a7648edeb97f925006720200458bef4df28f03d65d8f6,Use SEC metadata-first discovery with descriptive User-Agent and <=10 requests/sec.
ph_2021_q4,PH,Parker-Hannifin Corporation,youtube,video,https://www.youtube.com/results?search_query=PH+2021+Q4+earnings+call,www.youtube.com,metadata_only,youtube_media_blocked,false,false,false,false,,,sha256:690104949ae6a9da891ede728a0b82436f0dd0a0e84200be7c65c7cbac787f93,Keep YouTube as metadata/link reference only unless explicit written authorization exists.
ph_2021_q4,PH,Parker-Hannifin Corporation,vendor,transcript,licensed-vendor://blocked/PH/2021/Q4,licensed-vendor,license_required,vendor_license_missing,false,false,false,false,,,sha256:6c82e2f6af1bb055cd986308717b069b10eee332fa1e77e9821b338cd20e7c0b,Register license_config_ref before any vendor raw content use.
carr_2021_q4,CARR,Carrier Global Corporation,official_ir,transcript,https://ir.carrier.com/,ir.carrier.com,metadata_only,metadata_only_no_raw_download,false,false,false,false,,,sha256:706615755594fe49490a62d1fe3726edc0219ad1a97d9153f6040082fe3f4048,"Review official IR source terms, robots policy, and event identity before permitted acquisition."
carr_2021_q4,CARR,Carrier Global Corporation,sec_edgar,metadata,sec-edgar://metadata-first/CARR/2021/Q4,sec.gov,metadata_only,sec_metadata_only,false,false,false,false,,,sha256:cf0205e2f2edd9f8640bcb4857198af124395877edf196b6255d6c019c89a817,Use SEC metadata-first discovery with descriptive User-Agent and <=10 requests/sec.
carr_2021_q4,CARR,Carrier Global Corporation,youtube,video,https://www.youtube.com/results?search_query=CARR+2021+Q4+earnings+call,www.youtube.com,metadata_only,youtube_media_blocked,false,false,false,false,,,sha256:5682b0c925cb88439862e89cb716ded74f3593a4874ed152a8ce5449dec6aa00,Keep YouTube as metadata/link reference only unless explicit written authorization exists.
carr_2021_q4,CARR,Carrier Global Corporation,vendor,transcript,licensed-vendor://blocked/CARR/2021/Q4,licensed-vendor,license_required,vendor_license_missing,false,false,false,false,,,sha256:64c28ed6bfd8213e655d178ac8ef4cfc8b2f38cacf0b0531be54e4f8b11a2a2b,Register license_config_ref before any vendor raw content use.
otis_2021_q4,OTIS,Otis Worldwide Corporation,official_ir,transcript,https://www.otis.com/en/us/investors,www.otis.com,metadata_only,metadata_only_no_raw_download,false,false,false,false,,,sha256:0f959ee434e8bddd30cb5f6b4310300eb283e3e33c64a4d5c82369be750006ce,"Review official IR source terms, robots policy, and event identity before permitted acquisition."
otis_2021_q4,OTIS,Otis Worldwide Corporation,sec_edgar,metadata,sec-edgar://metadata-first/OTIS/2021/Q4,sec.gov,metadata_only,sec_metadata_only,false,false,false,false,,,sha256:44570814d2076055223c0154aead25f1a0f399c1e29c1a6a61e7476461bd5c54,Use SEC metadata-first discovery with descriptive User-Agent and <=10 requests/sec.
otis_2021_q4,OTIS,Otis Worldwide Corporation,youtube,video,https://www.youtube.com/results?search_query=OTIS+2021+Q4+earnings+call,www.youtube.com,metadata_only,youtube_media_blocked,false,false,false,false,,,sha256:3f3a57c544b0ac37094e6faf325fee71f07b0e2f6057ac7d830713cafdfc9109,Keep YouTube as metadata/link reference only unless explicit written authorization exists.
otis_2021_q4,OTIS,Otis Worldwide Corporation,vendor,transcript,licensed-vendor://blocked/OTIS/2021/Q4,licensed-vendor,license_required,vendor_license_missing,false,false,false,false,,,sha256:9bef70e26668e2ea8355dd679eefe904923faca9640cb2cb1dbfcd4662333345,Register license_config_ref before any vendor raw content use.
ups_2021_q4,UPS,"United Parcel Service, Inc.",official_ir,transcript,https://investors.ups.com/,investors.ups.com,metadata_only,metadata_only_no_raw_download,false,false,false,false,,,sha256:788f877b42b11d4dc02a579927e5b18af491110f1189925534ff80b7db302ef1,"Review official IR source terms, robots policy, and event identity before permitted acquisition."
ups_2021_q4,UPS,"United Parcel Service, Inc.",sec_edgar,metadata,sec-edgar://metadata-first/UPS/2021/Q4,sec.gov,metadata_only,sec_metadata_only,false,false,false,false,,,sha256:eafb722e8ba29ab1211203b821bff33201578c9c29a5dd05ca1935bbe8ab9f28,Use SEC metadata-first discovery with descriptive User-Agent and <=10 requests/sec.
ups_2021_q4,UPS,"United Parcel Service, Inc.",youtube,video,https://www.youtube.com/results?search_query=UPS+2021+Q4+earnings+call,www.youtube.com,metadata_only,youtube_media_blocked,false,false,false,false,,,sha256:49979ece5d49a55ac1507543f34d0ddd8435b5e4865421f452877df7596a2bd8,Keep YouTube as metadata/link reference only unless explicit written authorization exists.
ups_2021_q4,UPS,"United Parcel Service, Inc.",vendor,transcript,licensed-vendor://blocked/UPS/2021/Q4,licensed-vendor,license_required,vendor_license_missing,false,false,false,false,,,sha256:2c4b663ce3cc0342e9c53dade2cdb080a6877ef8f445388fb46f46782a3b4740,Register license_config_ref before any vendor raw content use.
fdx_2021_q4,FDX,FedEx Corporation,official_ir,transcript,https://investors.fedex.com/,investors.fedex.com,metadata_only,metadata_only_no_raw_download,false,false,false,false,,,sha256:e0a1cdccdbd23a37b3b025b7508a29bd52d2a2606b4d13a9ae0e22628307533b,"Review official IR source terms, robots policy, and event identity before permitted acquisition."
fdx_2021_q4,FDX,FedEx Corporation,sec_edgar,metadata,sec-edgar://metadata-first/FDX/2021/Q4,sec.gov,metadata_only,sec_metadata_only,false,false,false,false,,,sha256:50af9c9eef6b7c81eaa0672dbdb9aa2f52d26d4d42a6ff7597161e076c327f09,Use SEC metadata-first discovery with descriptive User-Agent and <=10 requests/sec.
fdx_2021_q4,FDX,FedEx Corporation,youtube,video,https://www.youtube.com/results?search_query=FDX+2021+Q4+earnings+call,www.youtube.com,metadata_only,youtube_media_blocked,false,false,false,false,,,sha256:81a07873c7fdad670507f6ed0fc982b164a96758eccc52a42c938ee8a23e7766,Keep YouTube as metadata/link reference only unless explicit written authorization exists.
fdx_2021_q4,FDX,FedEx Corporation,vendor,transcript,licensed-vendor://blocked/FDX/2021/Q4,licensed-vendor,license_required,vendor_license_missing,false,false,false,false,,,sha256:04d332d1b5326f31930c6aaf5113b13f23e9dd74ae44824bc9e4da52acf86ad9,Register license_config_ref before any vendor raw content use.
dal_2021_q4,DAL,"Delta Air Lines, Inc.",official_ir,transcript,https://ir.delta.com/,ir.delta.com,metadata_only,metadata_only_no_raw_download,false,false,false,false,,,sha256:8b191d99daec76d2a6057884f047dbbbad93435b4c6d7143883e40d2f58c7c2b,"Review official IR source terms, robots policy, and event identity before permitted acquisition."
dal_2021_q4,DAL,"Delta Air Lines, Inc.",sec_edgar,metadata,sec-edgar://metadata-first/DAL/2021/Q4,sec.gov,metadata_only,sec_metadata_only,false,false,false,false,,,sha256:bd083c4f010f1dbea603f2ece15b5a061b006802af5498be98b00ae4a9dc5c3d,Use SEC metadata-first discovery with descriptive User-Agent and <=10 requests/sec.
dal_2021_q4,DAL,"Delta Air Lines, Inc.",youtube,video,https://www.youtube.com/results?search_query=DAL+2021+Q4+earnings+call,www.youtube.com,metadata_only,youtube_media_blocked,false,false,false,false,,,sha256:4a3e9fd96e796e1fe3fa6a504c729b6b5786c8fbfe518650c3ef88eb334d007f,Keep YouTube as metadata/link reference only unless explicit written authorization exists.
dal_2021_q4,DAL,"Delta Air Lines, Inc.",vendor,transcript,licensed-vendor://blocked/DAL/2021/Q4,licensed-vendor,license_required,vendor_license_missing,false,false,false,false,,,sha256:8dde709a25e3ec491c16ed4497fed08e71a340001f38ffe2c431c389103c2f2b,Register license_config_ref before any vendor raw content use.
unp_2021_q4,UNP,Union Pacific Corporation,official_ir,transcript,https://investor.unionpacific.com/,investor.unionpacific.com,metadata_only,metadata_only_no_raw_download,false,false,false,false,,,sha256:a72b49676d93643d8efea969561c42ce15842723830964d0bb04ce99fc731d46,"Review official IR source terms, robots policy, and event identity before permitted acquisition."
unp_2021_q4,UNP,Union Pacific Corporation,sec_edgar,metadata,sec-edgar://metadata-first/UNP/2021/Q4,sec.gov,metadata_only,sec_metadata_only,false,false,false,false,,,sha256:56eaafa8cb1b0796a39c07712b41869a3d913b70d91001f1f9daf9beae5cae44,Use SEC metadata-first discovery with descriptive User-Agent and <=10 requests/sec.
unp_2021_q4,UNP,Union Pacific Corporation,youtube,video,https://www.youtube.com/results?search_query=UNP+2021+Q4+earnings+call,www.youtube.com,metadata_only,youtube_media_blocked,false,false,false,false,,,sha256:34cc31bac12eedd84bb167b34c1a38f46b66cd0d06b1c34c5dac5e5a532d3bad,Keep YouTube as metadata/link reference only unless explicit written authorization exists.
unp_2021_q4,UNP,Union Pacific Corporation,vendor,transcript,licensed-vendor://blocked/UNP/2021/Q4,licensed-vendor,license_required,vendor_license_missing,false,false,false,false,,,sha256:014d1a82881b2d9d89009d94da53401d70b7ce0777e9f56c93c58a1b9ffac69f,Register license_config_ref before any vendor raw content use.
nsc_2021_q4,NSC,Norfolk Southern Corporation,official_ir,transcript,https://norfolksouthern.investorroom.com/,norfolksouthern.investorroom.com,metadata_only,metadata_only_no_raw_download,false,false,false,false,,,sha256:927e4f94eee58fa682d0ea4304e2dcd72c653c3d8db3c7e1adda39629b62692a,"Review official IR source terms, robots policy, and event identity before permitted acquisition."
nsc_2021_q4,NSC,Norfolk Southern Corporation,sec_edgar,metadata,sec-edgar://metadata-first/NSC/2021/Q4,sec.gov,metadata_only,sec_metadata_only,false,false,false,false,,,sha256:6cf3388be47b418f98b21a3edf35a882bd59a6879d0d4733c3a99dbe29d63772,Use SEC metadata-first discovery with descriptive User-Agent and <=10 requests/sec.
nsc_2021_q4,NSC,Norfolk Southern Corporation,youtube,video,https://www.youtube.com/results?search_query=NSC+2021+Q4+earnings+call,www.youtube.com,metadata_only,youtube_media_blocked,false,false,false,false,,,sha256:489f96744bedb0810e6eeddc8a5cfddd4ef1f2d259082f87530157037e4237f8,Keep YouTube as metadata/link reference only unless explicit written authorization exists.
nsc_2021_q4,NSC,Norfolk Southern Corporation,vendor,transcript,licensed-vendor://blocked/NSC/2021/Q4,licensed-vendor,license_required,vendor_license_missing,false,false,false,false,,,sha256:a064aed3fc605bfd01af7966fb856c8e49ee491b940bac8c4d7922ee12656472,Register license_config_ref before any vendor raw content use.
hd_2021_q4,HD,"The Home Depot, Inc.",official_ir,transcript,https://ir.homedepot.com/,ir.homedepot.com,metadata_only,metadata_only_no_raw_download,false,false,false,false,,,sha256:8530bcb566793abd038f7cd6f4af25a834fa61b3321cb3db38c2eaa63aae4f50,"Review official IR source terms, robots policy, and event identity before permitted acquisition."
hd_2021_q4,HD,"The Home Depot, Inc.",sec_edgar,metadata,sec-edgar://metadata-first/HD/2021/Q4,sec.gov,metadata_only,sec_metadata_only,false,false,false,false,,,sha256:815597d7bfd767947bca0362dc59e95e53f8f45236a153b57443a321d3c6cf55,Use SEC metadata-first discovery with descriptive User-Agent and <=10 requests/sec.
hd_2021_q4,HD,"The Home Depot, Inc.",youtube,video,https://www.youtube.com/results?search_query=HD+2021+Q4+earnings+call,www.youtube.com,metadata_only,youtube_media_blocked,false,false,false,false,,,sha256:ff75ae2fcab45c84737b5789fea7cae9edefd0c62d8397d54a9ab1c3d46061b8,Keep YouTube as metadata/link reference only unless explicit written authorization exists.
hd_2021_q4,HD,"The Home Depot, Inc.",vendor,transcript,licensed-vendor://blocked/HD/2021/Q4,licensed-vendor,license_required,vendor_license_missing,false,false,false,false,,,sha256:a49a72b75c9365dd960a4733b1fed4d4ebf572a142bdc5437e9e2dae94baa479,Register license_config_ref before any vendor raw content use.
low_2021_q4,LOW,"Lowe's Companies, Inc.",official_ir,transcript,https://corporate.lowes.com/investors,corporate.lowes.com,metadata_only,metadata_only_no_raw_download,false,false,false,false,,,sha256:b55e5c42c0e166aad2397283cbd00b7eb6a614ab5e7f44f7a69478f8cdeaa566,"Review official IR source terms, robots policy, and event identity before permitted acquisition."
low_2021_q4,LOW,"Lowe's Companies, Inc.",sec_edgar,metadata,sec-edgar://metadata-first/LOW/2021/Q4,sec.gov,metadata_only,sec_metadata_only,false,false,false,false,,,sha256:062b1053b5bc73697a79f87407a2c98fbc714b29b31ebbc9bd0b6aaf6452716b,Use SEC metadata-first discovery with descriptive User-Agent and <=10 requests/sec.
low_2021_q4,LOW,"Lowe's Companies, Inc.",youtube,video,https://www.youtube.com/results?search_query=LOW+2021+Q4+earnings+call,www.youtube.com,metadata_only,youtube_media_blocked,false,false,false,false,,,sha256:a0d5fd0b3d1c6734f5b5682aa8f08ae9ee93973061ab9c5879133c90e42d4f42,Keep YouTube as metadata/link reference only unless explicit written authorization exists.
low_2021_q4,LOW,"Lowe's Companies, Inc.",vendor,transcript,licensed-vendor://blocked/LOW/2021/Q4,licensed-vendor,license_required,vendor_license_missing,false,false,false,false,,,sha256:25fd78deb7404dbc8cff9b2c17506d97d764fa0686522528394b4d20576ad147,Register license_config_ref before any vendor raw content use.
tgt_2021_q4,TGT,Target Corporation,official_ir,transcript,https://investors.target.com/,investors.target.com,metadata_only,metadata_only_no_raw_download,false,false,false,false,,,sha256:3c9e59632ffbbfd1207a1458f34362067262300e7e2b8413de3c42607071b74c,"Review official IR source terms, robots policy, and event identity before permitted acquisition."
tgt_2021_q4,TGT,Target Corporation,sec_edgar,metadata,sec-edgar://metadata-first/TGT/2021/Q4,sec.gov,metadata_only,sec_metadata_only,false,false,false,false,,,sha256:f838e4ec69b2ae33234798592f469e15c7de2e5f84ccb6403b28928c7363c873,Use SEC metadata-first discovery with descriptive User-Agent and <=10 requests/sec.
tgt_2021_q4,TGT,Target Corporation,youtube,video,https://www.youtube.com/results?search_query=TGT+2021+Q4+earnings+call,www.youtube.com,metadata_only,youtube_media_blocked,false,false,false,false,,,sha256:172ddd09ecebdca4739b408c32c1679dd0358ea4525a246c0eda03643e80627f,Keep YouTube as metadata/link reference only unless explicit written authorization exists.
tgt_2021_q4,TGT,Target Corporation,vendor,transcript,licensed-vendor://blocked/TGT/2021/Q4,licensed-vendor,license_required,vendor_license_missing,false,false,false,false,,,sha256:f698a22bbadb848c8e7cd0c850df58b0a637a7cee9b9919deaf7c6192be75ed3,Register license_config_ref before any vendor raw content use.
kr_2021_q4,KR,The Kroger Co.,official_ir,transcript,https://ir.kroger.com/,ir.kroger.com,metadata_only,metadata_only_no_raw_download,false,false,false,false,,,sha256:9c6ff92a15e22052c153117725c214c4f32a97625f941284e0172374b5216d53,"Review official IR source terms, robots policy, and event identity before permitted acquisition."
kr_2021_q4,KR,The Kroger Co.,sec_edgar,metadata,sec-edgar://metadata-first/KR/2021/Q4,sec.gov,metadata_only,sec_metadata_only,false,false,false,false,,,sha256:4e514869ed5b4403b1a36b0e54ee069d92aa1cf144e9b0e042efe58b3698d465,Use SEC metadata-first discovery with descriptive User-Agent and <=10 requests/sec.
kr_2021_q4,KR,The Kroger Co.,youtube,video,https://www.youtube.com/results?search_query=KR+2021+Q4+earnings+call,www.youtube.com,metadata_only,youtube_media_blocked,false,false,false,false,,,sha256:6fae129f07a0da61adeda4843674aff6ad5389fbb2b198215b8325ac9d752274,Keep YouTube as metadata/link reference only unless explicit written authorization exists.
kr_2021_q4,KR,The Kroger Co.,vendor,transcript,licensed-vendor://blocked/KR/2021/Q4,licensed-vendor,license_required,vendor_license_missing,false,false,false,false,,,sha256:a14da93935c181626cd2c4e17cca3197d5735ab929b788b0803714059a6f48af,Register license_config_ref before any vendor raw content use.
dg_2021_q4,DG,Dollar General Corporation,official_ir,transcript,https://investor.dollargeneral.com/,investor.dollargeneral.com,metadata_only,metadata_only_no_raw_download,false,false,false,false,,,sha256:251bf19b63b6fe643f1981d34e1642e88795cbe93d395d09539c15f690e5f9c1,"Review official IR source terms, robots policy, and event identity before permitted acquisition."
dg_2021_q4,DG,Dollar General Corporation,sec_edgar,metadata,sec-edgar://metadata-first/DG/2021/Q4,sec.gov,metadata_only,sec_metadata_only,false,false,false,false,,,sha256:94ccf6c51083bea3dbcad8fbadf2f729cfd046c965d68ee30a697be57679ff56,Use SEC metadata-first discovery with descriptive User-Agent and <=10 requests/sec.
dg_2021_q4,DG,Dollar General Corporation,youtube,video,https://www.youtube.com/results?search_query=DG+2021+Q4+earnings+call,www.youtube.com,metadata_only,youtube_media_blocked,false,false,false,false,,,sha256:1bbb6297a356bd7beac79050fd1d5cc838c1dc6fa31c984dbafd5064c2bd4e15,Keep YouTube as metadata/link reference only unless explicit written authorization exists.
dg_2021_q4,DG,Dollar General Corporation,vendor,transcript,licensed-vendor://blocked/DG/2021/Q4,licensed-vendor,license_required,vendor_license_missing,false,false,false,false,,,sha256:859e7e05c91f745ae5e5ebce6abe66034b46fa6a1ce77302496b2ba9e00141b6,Register license_config_ref before any vendor raw content use.
mcd_2021_q4,MCD,McDonald's Corporation,official_ir,transcript,https://corporate.mcdonalds.com/corpmcd/investors.html,corporate.mcdonalds.com,metadata_only,metadata_only_no_raw_download,false,false,false,false,,,sha256:6cecd1d830868490f7d27c4aeae3cd9774477484557cdd869c2deb8643e3b9f1,"Review official IR source terms, robots policy, and event identity before permitted acquisition."
mcd_2021_q4,MCD,McDonald's Corporation,sec_edgar,metadata,sec-edgar://metadata-first/MCD/2021/Q4,sec.gov,metadata_only,sec_metadata_only,false,false,false,false,,,sha256:70b81a66d29d8ea0c0239b5c4c8aa114dc233568dc3180d99ea1455f73b0935b,Use SEC metadata-first discovery with descriptive User-Agent and <=10 requests/sec.
mcd_2021_q4,MCD,McDonald's Corporation,youtube,video,https://www.youtube.com/results?search_query=MCD+2021+Q4+earnings+call,www.youtube.com,metadata_only,youtube_media_blocked,false,false,false,false,,,sha256:61efffef8e71cf3de035171b41bb3f299ba389d4d9c9278ece4beadcc47e7973,Keep YouTube as metadata/link reference only unless explicit written authorization exists.
mcd_2021_q4,MCD,McDonald's Corporation,vendor,transcript,licensed-vendor://blocked/MCD/2021/Q4,licensed-vendor,license_required,vendor_license_missing,false,false,false,false,,,sha256:235222340fb63c7a3889aebe2debdb0441427044bef75b469a4d63d0dcd7043e,Register license_config_ref before any vendor raw content use.
yum_2021_q4,YUM,"Yum! Brands, Inc.",official_ir,transcript,https://investors.yum.com/,investors.yum.com,metadata_only,metadata_only_no_raw_download,false,false,false,false,,,sha256:ecfbf7720990a6442be909b8f306f04794fa47a12b5d392a12886945bfbaffb3,"Review official IR source terms, robots policy, and event identity before permitted acquisition."
yum_2021_q4,YUM,"Yum! Brands, Inc.",sec_edgar,metadata,sec-edgar://metadata-first/YUM/2021/Q4,sec.gov,metadata_only,sec_metadata_only,false,false,false,false,,,sha256:0f1d7a7bd24c411f0493b9dba1fda1f543d5a14b8fd1734d1da89c6318f9c3d5,Use SEC metadata-first discovery with descriptive User-Agent and <=10 requests/sec.
yum_2021_q4,YUM,"Yum! Brands, Inc.",youtube,video,https://www.youtube.com/results?search_query=YUM+2021+Q4+earnings+call,www.youtube.com,metadata_only,youtube_media_blocked,false,false,false,false,,,sha256:4469e8ef6da9cb85f6d8dea6390e7e0ef479a0a10ceff5273dda6011df3943fc,Keep YouTube as metadata/link reference only unless explicit written authorization exists.
yum_2021_q4,YUM,"Yum! Brands, Inc.",vendor,transcript,licensed-vendor://blocked/YUM/2021/Q4,licensed-vendor,license_required,vendor_license_missing,false,false,false,false,,,sha256:6cee68cfe2267ce540908cbaef940bd8f618200e3c850f9cee3e1ce9dd1d47d1,Register license_config_ref before any vendor raw content use.
nke_2021_q4,NKE,"NIKE, Inc.",official_ir,transcript,https://investors.nike.com/,investors.nike.com,metadata_only,metadata_only_no_raw_download,false,false,false,false,,,sha256:ce87c860b2d359095cfbd3be02a1ef6afecf7ce59bc2cd18cde5a285257467a3,"Review official IR source terms, robots policy, and event identity before permitted acquisition."
nke_2021_q4,NKE,"NIKE, Inc.",sec_edgar,metadata,sec-edgar://metadata-first/NKE/2021/Q4,sec.gov,metadata_only,sec_metadata_only,false,false,false,false,,,sha256:0cf3a7b135b2a758bf526f0d63aa9ba3323bf350a68a1e0e9ac33cf6f3239413,Use SEC metadata-first discovery with descriptive User-Agent and <=10 requests/sec.
nke_2021_q4,NKE,"NIKE, Inc.",youtube,video,https://www.youtube.com/results?search_query=NKE+2021+Q4+earnings+call,www.youtube.com,metadata_only,youtube_media_blocked,false,false,false,false,,,sha256:ecb95fc88b481afde99a6d85317f0ebd86e1fc8b6cd79c13a8285050597e44d6,Keep YouTube as metadata/link reference only unless explicit written authorization exists.
nke_2021_q4,NKE,"NIKE, Inc.",vendor,transcript,licensed-vendor://blocked/NKE/2021/Q4,licensed-vendor,license_required,vendor_license_missing,false,false,false,false,,,sha256:5957b6faa6e6d5328cb7f3bacb73e9853352b146985a880c7e4df478d5c32fa9,Register license_config_ref before any vendor raw content use.
dis_2021_q4,DIS,The Walt Disney Company,official_ir,transcript,https://thewaltdisneycompany.com/investor-relations/,thewaltdisneycompany.com,metadata_only,metadata_only_no_raw_download,false,false,false,false,,,sha256:acd26bdd83ba33ec09951bb5c563b598c2b4d4d4f5ab0cd11f2062fad4ec44a1,"Review official IR source terms, robots policy, and event identity before permitted acquisition."
dis_2021_q4,DIS,The Walt Disney Company,sec_edgar,metadata,sec-edgar://metadata-first/DIS/2021/Q4,sec.gov,metadata_only,sec_metadata_only,false,false,false,false,,,sha256:3adc19e09edf7cce7acb8b66e520199ebf6df8f06d350c3093b73dacf294b30d,Use SEC metadata-first discovery with descriptive User-Agent and <=10 requests/sec.
dis_2021_q4,DIS,The Walt Disney Company,youtube,video,https://www.youtube.com/results?search_query=DIS+2021+Q4+earnings+call,www.youtube.com,metadata_only,youtube_media_blocked,false,false,false,false,,,sha256:40f5a9eb7c3313a1d3ea8ae179ac8aef834c956df4297eff03487a65540388e2,Keep YouTube as metadata/link reference only unless explicit written authorization exists.
dis_2021_q4,DIS,The Walt Disney Company,vendor,transcript,licensed-vendor://blocked/DIS/2021/Q4,licensed-vendor,license_required,vendor_license_missing,false,false,false,false,,,sha256:8eee97c37cf380e7268e89ac5b2161647cb17335fd1f7eabab6c540ed9db4d9f,Register license_config_ref before any vendor raw content use.
ko_2021_q4,KO,The Coca-Cola Company,official_ir,transcript,https://investors.coca-colacompany.com/,investors.coca-colacompany.com,metadata_only,metadata_only_no_raw_download,false,false,false,false,,,sha256:d8430a6833d53e7c0e3ffb6bf8a89e39ead034a3b9ba7fd79d23be14f51bd6d8,"Review official IR source terms, robots policy, and event identity before permitted acquisition."
ko_2021_q4,KO,The Coca-Cola Company,sec_edgar,metadata,sec-edgar://metadata-first/KO/2021/Q4,sec.gov,metadata_only,sec_metadata_only,false,false,false,false,,,sha256:1ed236972c2fb4fc21f791dbaaec7d46bb2b41fee0198f83a6007e24cb21ac3a,Use SEC metadata-first discovery with descriptive User-Agent and <=10 requests/sec.
ko_2021_q4,KO,The Coca-Cola Company,youtube,video,https://www.youtube.com/results?search_query=KO+2021+Q4+earnings+call,www.youtube.com,metadata_only,youtube_media_blocked,false,false,false,false,,,sha256:b69e3522948ad29a58c0587173d9214b2812eed052d27b18d687bdbde178d3a6,Keep YouTube as metadata/link reference only unless explicit written authorization exists.
ko_2021_q4,KO,The Coca-Cola Company,vendor,transcript,licensed-vendor://blocked/KO/2021/Q4,licensed-vendor,license_required,vendor_license_missing,false,false,false,false,,,sha256:0a2ba6cfca820169df2a8e93b24621b7b121062af505942030619b6277c701f3,Register license_config_ref before any vendor raw content use.
pg_2021_q4,PG,The Procter & Gamble Company,official_ir,transcript,https://www.pginvestor.com/,www.pginvestor.com,metadata_only,metadata_only_no_raw_download,false,false,false,false,,,sha256:76ccb44a51ad465aab3890fafc946295a2c4251f13982f6dd7afa5450914f89d,"Review official IR source terms, robots policy, and event identity before permitted acquisition."
pg_2021_q4,PG,The Procter & Gamble Company,sec_edgar,metadata,sec-edgar://metadata-first/PG/2021/Q4,sec.gov,metadata_only,sec_metadata_only,false,false,false,false,,,sha256:6654d793d5ce540ab30f2d6f1aefe75acad301452100c821e8aad31d655f3402,Use SEC metadata-first discovery with descriptive User-Agent and <=10 requests/sec.
pg_2021_q4,PG,The Procter & Gamble Company,youtube,video,https://www.youtube.com/results?search_query=PG+2021+Q4+earnings+call,www.youtube.com,metadata_only,youtube_media_blocked,false,false,false,false,,,sha256:8a748c941e2c3da573a7e6b669f3f88ab30c8e51e5ec01edc91003829e6520c0,Keep YouTube as metadata/link reference only unless explicit written authorization exists.
pg_2021_q4,PG,The Procter & Gamble Company,vendor,transcript,licensed-vendor://blocked/PG/2021/Q4,licensed-vendor,license_required,vendor_license_missing,false,false,false,false,,,sha256:d49a53382e039a5bd8cad399ae848013c183df83662790303cfbed5de8204f6e,Register license_config_ref before any vendor raw content use.
cl_2021_q4,CL,Colgate-Palmolive Company,official_ir,transcript,https://investor.colgatepalmolive.com/,investor.colgatepalmolive.com,metadata_only,metadata_only_no_raw_download,false,false,false,false,,,sha256:1dcbb746858f38ba4005fd4c22481b9a1c7e56bfe59b1c988ee13b7d6315412f,"Review official IR source terms, robots policy, and event identity before permitted acquisition."
cl_2021_q4,CL,Colgate-Palmolive Company,sec_edgar,metadata,sec-edgar://metadata-first/CL/2021/Q4,sec.gov,metadata_only,sec_metadata_only,false,false,false,false,,,sha256:805ce93cd8690d90cf3a009b66b01e69c3af8f1f096c2002160e609d8299f861,Use SEC metadata-first discovery with descriptive User-Agent and <=10 requests/sec.
cl_2021_q4,CL,Colgate-Palmolive Company,youtube,video,https://www.youtube.com/results?search_query=CL+2021+Q4+earnings+call,www.youtube.com,metadata_only,youtube_media_blocked,false,false,false,false,,,sha256:3eae58ef33ec96a44c826f40940d740b3eda455def7f986ad54612f6ad96bfc4,Keep YouTube as metadata/link reference only unless explicit written authorization exists.
cl_2021_q4,CL,Colgate-Palmolive Company,vendor,transcript,licensed-vendor://blocked/CL/2021/Q4,licensed-vendor,license_required,vendor_license_missing,false,false,false,false,,,sha256:2b603adac4634f0461a47354b456632d7486b2712ff4dfb22a69fd8eb3a91ddd,Register license_config_ref before any vendor raw content use.
el_2021_q4,EL,The Estee Lauder Companies Inc.,official_ir,transcript,https://ir.elcompanies.com/,ir.elcompanies.com,metadata_only,metadata_only_no_raw_download,false,false,false,false,,,sha256:8430bfe05f66883ead66854d17a0171aacca149c1b02a1849509a26cb4cd4088,"Review official IR source terms, robots policy, and event identity before permitted acquisition."
el_2021_q4,EL,The Estee Lauder Companies Inc.,sec_edgar,metadata,sec-edgar://metadata-first/EL/2021/Q4,sec.gov,metadata_only,sec_metadata_only,false,false,false,false,,,sha256:1c3929c0bd71bb51bcb3efc15dbaaf89c8489df5f2a0336c1d36dba3d7fa69f0,Use SEC metadata-first discovery with descriptive User-Agent and <=10 requests/sec.
el_2021_q4,EL,The Estee Lauder Companies Inc.,youtube,video,https://www.youtube.com/results?search_query=EL+2021+Q4+earnings+call,www.youtube.com,metadata_only,youtube_media_blocked,false,false,false,false,,,sha256:a8520cbb7026f76033f6df53fbe4445606fc1e7a3c0e2ccb6cdf6b30f8ecf915,Keep YouTube as metadata/link reference only unless explicit written authorization exists.
el_2021_q4,EL,The Estee Lauder Companies Inc.,vendor,transcript,licensed-vendor://blocked/EL/2021/Q4,licensed-vendor,license_required,vendor_license_missing,false,false,false,false,,,sha256:98578e461b02429bd8886ea764f7b8cae97c27fbc32150a9fbf016aea0f54549,Register license_config_ref before any vendor raw content use.
gis_2021_q4,GIS,"General Mills, Inc.",official_ir,transcript,https://investors.generalmills.com/,investors.generalmills.com,metadata_only,metadata_only_no_raw_download,false,false,false,false,,,sha256:8e7e4ab9f25d0b22c6ced6dd6cc9ee2885b29d674619d99bf191a6b0f7741e66,"Review official IR source terms, robots policy, and event identity before permitted acquisition."
gis_2021_q4,GIS,"General Mills, Inc.",sec_edgar,metadata,sec-edgar://metadata-first/GIS/2021/Q4,sec.gov,metadata_only,sec_metadata_only,false,false,false,false,,,sha256:92ee4f3335a597eb1b9e96f9c21fdfd57b9e48518970bd17a0bd754fc28784bf,Use SEC metadata-first discovery with descriptive User-Agent and <=10 requests/sec.
gis_2021_q4,GIS,"General Mills, Inc.",youtube,video,https://www.youtube.com/results?search_query=GIS+2021+Q4+earnings+call,www.youtube.com,metadata_only,youtube_media_blocked,false,false,false,false,,,sha256:2709a0d8351d1b77675634a50330862252fe52aa5e592845ffa9988dcb9a7826,Keep YouTube as metadata/link reference only unless explicit written authorization exists.
gis_2021_q4,GIS,"General Mills, Inc.",vendor,transcript,licensed-vendor://blocked/GIS/2021/Q4,licensed-vendor,license_required,vendor_license_missing,false,false,false,false,,,sha256:6ddcc514e60d601851bb784e26234759e58289401eca893331e97eeed310a56e,Register license_config_ref before any vendor raw content use.
hsy_2021_q4,HSY,The Hershey Company,official_ir,transcript,https://www.thehersheycompany.com/en_us/investors.html,www.thehersheycompany.com,metadata_only,metadata_only_no_raw_download,false,false,false,false,,,sha256:85e7ac6c5b6caefdbbac5dae24e5290a19825c2eafd2d959aca29c5e5ccc3641,"Review official IR source terms, robots policy, and event identity before permitted acquisition."
hsy_2021_q4,HSY,The Hershey Company,sec_edgar,metadata,sec-edgar://metadata-first/HSY/2021/Q4,sec.gov,metadata_only,sec_metadata_only,false,false,false,false,,,sha256:7d4c7d168a3964c9e9f6f7a318110fb4b9a77f205266d199afc44248b80a14e1,Use SEC metadata-first discovery with descriptive User-Agent and <=10 requests/sec.
hsy_2021_q4,HSY,The Hershey Company,youtube,video,https://www.youtube.com/results?search_query=HSY+2021+Q4+earnings+call,www.youtube.com,metadata_only,youtube_media_blocked,false,false,false,false,,,sha256:a0f5a3e982bd7c2bcfec9f3c70292d82ea328cdb8990dff47663cd388a670d15,Keep YouTube as metadata/link reference only unless explicit written authorization exists.
hsy_2021_q4,HSY,The Hershey Company,vendor,transcript,licensed-vendor://blocked/HSY/2021/Q4,licensed-vendor,license_required,vendor_license_missing,false,false,false,false,,,sha256:5b76d9a7c0f1b934f562fa1b7fdf6259a4460497a464fd1c2a674ef737c49681,Register license_config_ref before any vendor raw content use.
t_2021_q4,T,AT&T Inc.,official_ir,transcript,https://investors.att.com/,investors.att.com,metadata_only,metadata_only_no_raw_download,false,false,false,false,,,sha256:b47494c1e7ba750d1a730759cc179b0dc6ad2f03e07a3bd2da94a864d2f8ef10,"Review official IR source terms, robots policy, and event identity before permitted acquisition."
t_2021_q4,T,AT&T Inc.,sec_edgar,metadata,sec-edgar://metadata-first/T/2021/Q4,sec.gov,metadata_only,sec_metadata_only,false,false,false,false,,,sha256:1f30df140a6431f211ae8ca9f2989a5c083d8b228ab4a91fbc86c51a604c1455,Use SEC metadata-first discovery with descriptive User-Agent and <=10 requests/sec.
t_2021_q4,T,AT&T Inc.,youtube,video,https://www.youtube.com/results?search_query=T+2021+Q4+earnings+call,www.youtube.com,metadata_only,youtube_media_blocked,false,false,false,false,,,sha256:48a5c0c72f37b03c09a474327f145129a57dcb091019a72cb964c4471cb72fcd,Keep YouTube as metadata/link reference only unless explicit written authorization exists.
t_2021_q4,T,AT&T Inc.,vendor,transcript,licensed-vendor://blocked/T/2021/Q4,licensed-vendor,license_required,vendor_license_missing,false,false,false,false,,,sha256:d16abf68c6d4638c5cb62f29accbdf25f55356e9b6ddf6a9825ba6b8aa15b214,Register license_config_ref before any vendor raw content use.
vz_2021_q4,VZ,Verizon Communications Inc.,official_ir,transcript,https://www.verizon.com/about/investors,www.verizon.com,metadata_only,metadata_only_no_raw_download,false,false,false,false,,,sha256:740ede8f7127fc37c05bc5f553ac793b27135c2e4e637305f501a2f3fc42e2a5,"Review official IR source terms, robots policy, and event identity before permitted acquisition."
vz_2021_q4,VZ,Verizon Communications Inc.,sec_edgar,metadata,sec-edgar://metadata-first/VZ/2021/Q4,sec.gov,metadata_only,sec_metadata_only,false,false,false,false,,,sha256:ad1ea5da058fb3df299e67f640600fe57c31049f6da0ed3a95fe70a02b08ea4c,Use SEC metadata-first discovery with descriptive User-Agent and <=10 requests/sec.
vz_2021_q4,VZ,Verizon Communications Inc.,youtube,video,https://www.youtube.com/results?search_query=VZ+2021+Q4+earnings+call,www.youtube.com,metadata_only,youtube_media_blocked,false,false,false,false,,,sha256:106de0042bddef82806173431f8ef4c0c5e8180675f793bd6c047a931828f6a9,Keep YouTube as metadata/link reference only unless explicit written authorization exists.
vz_2021_q4,VZ,Verizon Communications Inc.,vendor,transcript,licensed-vendor://blocked/VZ/2021/Q4,licensed-vendor,license_required,vendor_license_missing,false,false,false,false,,,sha256:24930f516abf9d2a7cd1914a14218973b1736b3454f92c7eaf8ae440d5ae946a,Register license_config_ref before any vendor raw content use.
ibm_2021_q4,IBM,International Business Machines Corporation,official_ir,transcript,https://www.ibm.com/investor,www.ibm.com,metadata_only,metadata_only_no_raw_download,false,false,false,false,,,sha256:d235acfab678835afd08eb7ae4f161c16f562ef53cb5c216aa6d0359456c7739,"Review official IR source terms, robots policy, and event identity before permitted acquisition."
ibm_2021_q4,IBM,International Business Machines Corporation,sec_edgar,metadata,sec-edgar://metadata-first/IBM/2021/Q4,sec.gov,metadata_only,sec_metadata_only,false,false,false,false,,,sha256:966ed0ca997b0002b0baa7cd7db4ea04dec7d2a2b2e9871647419c189a3231ea,Use SEC metadata-first discovery with descriptive User-Agent and <=10 requests/sec.
ibm_2021_q4,IBM,International Business Machines Corporation,youtube,video,https://www.youtube.com/results?search_query=IBM+2021+Q4+earnings+call,www.youtube.com,metadata_only,youtube_media_blocked,false,false,false,false,,,sha256:fe059a17730ffdf7dc3d912955d18d7bbc6f1cccbbca7e1c4d77a79818ba9edb,Keep YouTube as metadata/link reference only unless explicit written authorization exists.
ibm_2021_q4,IBM,International Business Machines Corporation,vendor,transcript,licensed-vendor://blocked/IBM/2021/Q4,licensed-vendor,license_required,vendor_license_missing,false,false,false,false,,,sha256:360ee788d355ef06f5ab1c318450a8d497c523a71a93409f87ab9f4ac8f3e270,Register license_config_ref before any vendor raw content use.
orcl_2021_q4,ORCL,Oracle Corporation,official_ir,transcript,https://investor.oracle.com/,investor.oracle.com,metadata_only,metadata_only_no_raw_download,false,false,false,false,,,sha256:5bd11b66f06b4a89d910e68c97c18c459028a6b87a12a4268991376a07912eaa,"Review official IR source terms, robots policy, and event identity before permitted acquisition."
orcl_2021_q4,ORCL,Oracle Corporation,sec_edgar,metadata,sec-edgar://metadata-first/ORCL/2021/Q4,sec.gov,metadata_only,sec_metadata_only,false,false,false,false,,,sha256:40dd065e1b8d063b2bd69b4c8e42b56b3c3ae1733e40cae8249769da2369d196,Use SEC metadata-first discovery with descriptive User-Agent and <=10 requests/sec.
orcl_2021_q4,ORCL,Oracle Corporation,youtube,video,https://www.youtube.com/results?search_query=ORCL+2021+Q4+earnings+call,www.youtube.com,metadata_only,youtube_media_blocked,false,false,false,false,,,sha256:db6ecc08c76feff5b6e01f5c51398cbd94a385444fb5f00df9a12c34d195319a,Keep YouTube as metadata/link reference only unless explicit written authorization exists.
orcl_2021_q4,ORCL,Oracle Corporation,vendor,transcript,licensed-vendor://blocked/ORCL/2021/Q4,licensed-vendor,license_required,vendor_license_missing,false,false,false,false,,,sha256:a54072e1eb25bbddc79181da80d9cfd65ea72bb6ccd8105e3b0ea88f04bfc512,Register license_config_ref before any vendor raw content use.
crm_2021_q4,CRM,"Salesforce, Inc.",official_ir,transcript,https://investor.salesforce.com/,investor.salesforce.com,metadata_only,metadata_only_no_raw_download,false,false,false,false,,,sha256:fb1bf1ace3ecb3e6ca62013eabc166da2ff4ef4a1c95fe0d43ddbacaae789343,"Review official IR source terms, robots policy, and event identity before permitted acquisition."
crm_2021_q4,CRM,"Salesforce, Inc.",sec_edgar,metadata,sec-edgar://metadata-first/CRM/2021/Q4,sec.gov,metadata_only,sec_metadata_only,false,false,false,false,,,sha256:406c85514bf615ae2d12d2d9ee5676f115645a1d304ad991063247024683ba8b,Use SEC metadata-first discovery with descriptive User-Agent and <=10 requests/sec.
crm_2021_q4,CRM,"Salesforce, Inc.",youtube,video,https://www.youtube.com/results?search_query=CRM+2021+Q4+earnings+call,www.youtube.com,metadata_only,youtube_media_blocked,false,false,false,false,,,sha256:68cf0cffd3cdc4b42988ddce4854d315efef7f1e55cd19b08882287136dc387a,Keep YouTube as metadata/link reference only unless explicit written authorization exists.
crm_2021_q4,CRM,"Salesforce, Inc.",vendor,transcript,licensed-vendor://blocked/CRM/2021/Q4,licensed-vendor,license_required,vendor_license_missing,false,false,false,false,,,sha256:63bdfde9d1d8e97dc39642970f3718cd65708ed6a49dbef16744e7a2022c0340,Register license_config_ref before any vendor raw content use.
now_2021_q4,NOW,"ServiceNow, Inc.",official_ir,transcript,https://investors.servicenow.com/,investors.servicenow.com,metadata_only,metadata_only_no_raw_download,false,false,false,false,,,sha256:221deb9953bbfc8ac10916e970df6eb31850ffe0ac311cbc3b855c00fc73dac8,"Review official IR source terms, robots policy, and event identity before permitted acquisition."
now_2021_q4,NOW,"ServiceNow, Inc.",sec_edgar,metadata,sec-edgar://metadata-first/NOW/2021/Q4,sec.gov,metadata_only,sec_metadata_only,false,false,false,false,,,sha256:06fb6f82994b8ab2d322db9fda3abfcaf6be8df20dd0e25aa44ee82996245c6f,Use SEC metadata-first discovery with descriptive User-Agent and <=10 requests/sec.
now_2021_q4,NOW,"ServiceNow, Inc.",youtube,video,https://www.youtube.com/results?search_query=NOW+2021+Q4+earnings+call,www.youtube.com,metadata_only,youtube_media_blocked,false,false,false,false,,,sha256:44c3a40234ebc826f7dd7952a6751fa746ace3d5598f61528eff27df5bf4f5a6,Keep YouTube as metadata/link reference only unless explicit written authorization exists.
now_2021_q4,NOW,"ServiceNow, Inc.",vendor,transcript,licensed-vendor://blocked/NOW/2021/Q4,licensed-vendor,license_required,vendor_license_missing,false,false,false,false,,,sha256:81c35000e9c24ed8337fb3891840eddc4fe369210d4b90d65851b18c4a8fc184,Register license_config_ref before any vendor raw content use.
acn_2021_q4,ACN,Accenture plc,official_ir,transcript,https://investor.accenture.com/,investor.accenture.com,metadata_only,metadata_only_no_raw_download,false,false,false,false,,,sha256:7bb3bf686a3f3ad65ceaae38324102219def91049b82b7aaffcc482b0ce668b6,"Review official IR source terms, robots policy, and event identity before permitted acquisition."
acn_2021_q4,ACN,Accenture plc,sec_edgar,metadata,sec-edgar://metadata-first/ACN/2021/Q4,sec.gov,metadata_only,sec_metadata_only,false,false,false,false,,,sha256:49812dc4b690594089b463cd7e39fa6a02b5c236282a88972741fd833d89fd15,Use SEC metadata-first discovery with descriptive User-Agent and <=10 requests/sec.
acn_2021_q4,ACN,Accenture plc,youtube,video,https://www.youtube.com/results?search_query=ACN+2021+Q4+earnings+call,www.youtube.com,metadata_only,youtube_media_blocked,false,false,false,false,,,sha256:9a4053453ed27c40f3a24d53b51b284becdb1801d1adb2e016c004781507b5b3,Keep YouTube as metadata/link reference only unless explicit written authorization exists.
acn_2021_q4,ACN,Accenture plc,vendor,transcript,licensed-vendor://blocked/ACN/2021/Q4,licensed-vendor,license_required,vendor_license_missing,false,false,false,false,,,sha256:5b6dba135de75f410b922f1a50f8316ea9e9c9772e2261507111d283494a4969,Register license_config_ref before any vendor raw content use.
dell_2021_q4,DELL,Dell Technologies Inc.,official_ir,transcript,https://investors.delltechnologies.com/,investors.delltechnologies.com,metadata_only,metadata_only_no_raw_download,false,false,false,false,,,sha256:22a11f836238bda4bd47e0b5f00e59de669df211ab929bf151b4e02b230bb176,"Review official IR source terms, robots policy, and event identity before permitted acquisition."
dell_2021_q4,DELL,Dell Technologies Inc.,sec_edgar,metadata,sec-edgar://metadata-first/DELL/2021/Q4,sec.gov,metadata_only,sec_metadata_only,false,false,false,false,,,sha256:59d7f100f400bfbde162814d8004925a0b99a95928c0f68b101221826e21b82b,Use SEC metadata-first discovery with descriptive User-Agent and <=10 requests/sec.
dell_2021_q4,DELL,Dell Technologies Inc.,youtube,video,https://www.youtube.com/results?search_query=DELL+2021+Q4+earnings+call,www.youtube.com,metadata_only,youtube_media_blocked,false,false,false,false,,,sha256:92428871a43fb0cc121fb1f46c600db80a4e0d1347e1856bf44c1215d8a8e26a,Keep YouTube as metadata/link reference only unless explicit written authorization exists.
dell_2021_q4,DELL,Dell Technologies Inc.,vendor,transcript,licensed-vendor://blocked/DELL/2021/Q4,licensed-vendor,license_required,vendor_license_missing,false,false,false,false,,,sha256:f792095dabd78de3d9cff6b33dc69e03c07b57c0dce0b2381e1f5f9419383fa8,Register license_config_ref before any vendor raw content use.
hpq_2021_q4,HPQ,HP Inc.,official_ir,transcript,https://investor.hp.com/,investor.hp.com,metadata_only,metadata_only_no_raw_download,false,false,false,false,,,sha256:87ad4d025a7913308b870d7d408ad019a5ca6aab8550101ae3996aa9fa1d01ea,"Review official IR source terms, robots policy, and event identity before permitted acquisition."
hpq_2021_q4,HPQ,HP Inc.,sec_edgar,metadata,sec-edgar://metadata-first/HPQ/2021/Q4,sec.gov,metadata_only,sec_metadata_only,false,false,false,false,,,sha256:43343e64255cfcd31a0da1b1c851235e96f50db0354f6d60286e5fd6483470bb,Use SEC metadata-first discovery with descriptive User-Agent and <=10 requests/sec.
hpq_2021_q4,HPQ,HP Inc.,youtube,video,https://www.youtube.com/results?search_query=HPQ+2021+Q4+earnings+call,www.youtube.com,metadata_only,youtube_media_blocked,false,false,false,false,,,sha256:39fd7a3bec62ec96cf95d9ddcb84c283833655521a4e397ca1c22031a5cf592c,Keep YouTube as metadata/link reference only unless explicit written authorization exists.
hpq_2021_q4,HPQ,HP Inc.,vendor,transcript,licensed-vendor://blocked/HPQ/2021/Q4,licensed-vendor,license_required,vendor_license_missing,false,false,false,false,,,sha256:dc5c5f91e72cacc8c4520929edd330ecf5e0b2185092167eb7f630f33c3116e0,Register license_config_ref before any vendor raw content use.
net_2021_q4,NET,"Cloudflare, Inc.",official_ir,transcript,https://cloudflare.net/news-and-events/events-and-presentations,cloudflare.net,metadata_only,metadata_only_no_raw_download,false,false,false,false,,,sha256:8df5413b2d94ffcf56769960657aa5c625bc6a528e1f37105669c69fa8182ea9,"Review official IR source terms, robots policy, and event identity before permitted acquisition."
net_2021_q4,NET,"Cloudflare, Inc.",sec_edgar,metadata,sec-edgar://metadata-first/NET/2021/Q4,sec.gov,metadata_only,sec_metadata_only,false,false,false,false,,,sha256:817dc75769965e46fc43ecd036b8a9c84e12d71a2190172cbd5844d734ac826f,Use SEC metadata-first discovery with descriptive User-Agent and <=10 requests/sec.
net_2021_q4,NET,"Cloudflare, Inc.",youtube,video,https://www.youtube.com/results?search_query=NET+2021+Q4+earnings+call,www.youtube.com,metadata_only,youtube_media_blocked,false,false,false,false,,,sha256:03d97ea610a2ca74e09cacfd44da82c77b49e7609d12d99b621b4c4e97fc7882,Keep YouTube as metadata/link reference only unless explicit written authorization exists.
net_2021_q4,NET,"Cloudflare, Inc.",vendor,transcript,licensed-vendor://blocked/NET/2021/Q4,licensed-vendor,license_required,vendor_license_missing,false,false,false,false,,,sha256:14117a7f77b76b20e4c72500583f5a57b53ead53855a974b4af58a57548c7a3b,Register license_config_ref before any vendor raw content use.
snow_2021_q4,SNOW,Snowflake Inc.,official_ir,transcript,https://investors.snowflake.com/,investors.snowflake.com,metadata_only,metadata_only_no_raw_download,false,false,false,false,,,sha256:c5abf3a77e9faed39fc4b44a4ef168d49b22cf60ae85bc29d12ccd90502af11c,"Review official IR source terms, robots policy, and event identity before permitted acquisition."
snow_2021_q4,SNOW,Snowflake Inc.,sec_edgar,metadata,sec-edgar://metadata-first/SNOW/2021/Q4,sec.gov,metadata_only,sec_metadata_only,false,false,false,false,,,sha256:b4502949e83f3029cdca332d4a37ae343b506be2dfef2262cd2db358b4143f4c,Use SEC metadata-first discovery with descriptive User-Agent and <=10 requests/sec.
snow_2021_q4,SNOW,Snowflake Inc.,youtube,video,https://www.youtube.com/results?search_query=SNOW+2021+Q4+earnings+call,www.youtube.com,metadata_only,youtube_media_blocked,false,false,false,false,,,sha256:8a169dd220c19cd5ffa90aefc9c8e18e264ca47a826d70996bb4e7bbeaa73412,Keep YouTube as metadata/link reference only unless explicit written authorization exists.
snow_2021_q4,SNOW,Snowflake Inc.,vendor,transcript,licensed-vendor://blocked/SNOW/2021/Q4,licensed-vendor,license_required,vendor_license_missing,false,false,false,false,,,sha256:7090d62b6951ecc834a95d67f827f375e7702d8ccb86bfb4d40e7922b7a22bd5,Register license_config_ref before any vendor raw content use.
