case_id,ticker,company_name,exchange,sector,target_year,fiscal_year,fiscal_quarter,calendar_year,event_date,event_identity_status,source_status,notes
jpm_2025_q4,JPM,JPMorgan Chase & Co.,NYSE,banking,2025,2025,Q4,2025,2025-12-31,target_placeholder_period_end_date,metadata_discovery_pending,Period-end folder date hint only; not a discovered earnings-call date until IR/SEC metadata confirms it.
bac_2025_q4,BAC,Bank of America Corporation,NYSE,banking,2025,2025,Q4,2025,2025-12-31,target_placeholder_period_end_date,metadata_discovery_pending,Period-end folder date hint only; not a discovered earnings-call date until IR/SEC metadata confirms it.
c_2025_q4,C,Citigroup Inc.,NYSE,banking,2025,2025,Q4,2025,2025-12-31,target_placeholder_period_end_date,metadata_discovery_pending,Period-end folder date hint only; not a discovered earnings-call date until IR/SEC metadata confirms it.
wfc_2025_q4,WFC,Wells Fargo & Company,NYSE,banking,2025,2025,Q4,2025,2025-12-31,target_placeholder_period_end_date,metadata_discovery_pending,Period-end folder date hint only; not a discovered earnings-call date until IR/SEC metadata confirms it.
gs_2025_q4,GS,"The Goldman Sachs Group, Inc.",NYSE,banking,2025,2025,Q4,2025,2025-12-31,target_placeholder_period_end_date,metadata_discovery_pending,Period-end folder date hint only; not a discovered earnings-call date until IR/SEC metadata confirms it.
ms_2025_q4,MS,Morgan Stanley,NYSE,banking,2025,2025,Q4,2025,2025-12-31,target_placeholder_period_end_date,metadata_discovery_pending,Period-end folder date hint only; not a discovered earnings-call date until IR/SEC metadata confirms it.
bk_2025_q4,BK,The Bank of New York Mellon Corporation,NYSE,banking,2025,2025,Q4,2025,2025-12-31,target_placeholder_period_end_date,metadata_discovery_pending,Period-end folder date hint only; not a discovered earnings-call date until IR/SEC metadata confirms it.
stt_2025_q4,STT,State Street Corporation,NYSE,banking,2025,2025,Q4,2025,2025-12-31,target_placeholder_period_end_date,metadata_discovery_pending,Period-end folder date hint only; not a discovered earnings-call date until IR/SEC metadata confirms it.
usb_2025_q4,USB,U.S. Bancorp,NYSE,banking,2025,2025,Q4,2025,2025-12-31,target_placeholder_period_end_date,metadata_discovery_pending,Period-end folder date hint only; not a discovered earnings-call date until IR/SEC metadata confirms it.
pnc_2025_q4,PNC,"The PNC Financial Services Group, Inc.",NYSE,banking,2025,2025,Q4,2025,2025-12-31,target_placeholder_period_end_date,metadata_discovery_pending,Period-end folder date hint only; not a discovered earnings-call date until IR/SEC metadata confirms it.
tfc_2025_q4,TFC,Truist Financial Corporation,NYSE,banking,2025,2025,Q4,2025,2025-12-31,target_placeholder_period_end_date,metadata_discovery_pending,Period-end folder date hint only; not a discovered earnings-call date until IR/SEC metadata confirms it.
cof_2025_q4,COF,Capital One Financial Corporation,NYSE,banking,2025,2025,Q4,2025,2025-12-31,target_placeholder_period_end_date,metadata_discovery_pending,Period-end folder date hint only; not a discovered earnings-call date until IR/SEC metadata confirms it.
axp_2025_q4,AXP,American Express Company,NYSE,payments,2025,2025,Q4,2025,2025-12-31,target_placeholder_period_end_date,metadata_discovery_pending,Period-end folder date hint only; not a discovered earnings-call date until IR/SEC metadata confirms it.
v_2025_q4,V,Visa Inc.,NYSE,payments,2025,2025,Q4,2025,2025-12-31,target_placeholder_period_end_date,metadata_discovery_pending,Period-end folder date hint only; not a discovered earnings-call date until IR/SEC metadata confirms it.
ma_2025_q4,MA,Mastercard Incorporated,NYSE,payments,2025,2025,Q4,2025,2025-12-31,target_placeholder_period_end_date,metadata_discovery_pending,Period-end folder date hint only; not a discovered earnings-call date until IR/SEC metadata confirms it.
fis_2025_q4,FIS,"Fidelity National Information Services, Inc.",NYSE,payments,2025,2025,Q4,2025,2025-12-31,target_placeholder_period_end_date,metadata_discovery_pending,Period-end folder date hint only; not a discovered earnings-call date until IR/SEC metadata confirms it.
gpn_2025_q4,GPN,Global Payments Inc.,NYSE,payments,2025,2025,Q4,2025,2025-12-31,target_placeholder_period_end_date,metadata_discovery_pending,Period-end folder date hint only; not a discovered earnings-call date until IR/SEC metadata confirms it.
blk_2025_q4,BLK,"BlackRock, Inc.",NYSE,financial_infrastructure,2025,2025,Q4,2025,2025-12-31,target_placeholder_period_end_date,metadata_discovery_pending,Period-end folder date hint only; not a discovered earnings-call date until IR/SEC metadata confirms it.
bx_2025_q4,BX,Blackstone Inc.,NYSE,financial_infrastructure,2025,2025,Q4,2025,2025-12-31,target_placeholder_period_end_date,metadata_discovery_pending,Period-end folder date hint only; not a discovered earnings-call date until IR/SEC metadata confirms it.
schw_2025_q4,SCHW,The Charles Schwab Corporation,NYSE,financial_infrastructure,2025,2025,Q4,2025,2025-12-31,target_placeholder_period_end_date,metadata_discovery_pending,Period-end folder date hint only; not a discovered earnings-call date until IR/SEC metadata confirms it.
ice_2025_q4,ICE,"Intercontinental Exchange, Inc.",NYSE,financial_infrastructure,2025,2025,Q4,2025,2025-12-31,target_placeholder_period_end_date,metadata_discovery_pending,Period-end folder date hint only; not a discovered earnings-call date until IR/SEC metadata confirms it.
spgi_2025_q4,SPGI,S&P Global Inc.,NYSE,financial_infrastructure,2025,2025,Q4,2025,2025-12-31,target_placeholder_period_end_date,metadata_discovery_pending,Period-end folder date hint only; not a discovered earnings-call date until IR/SEC metadata confirms it.
mco_2025_q4,MCO,Moody's Corporation,NYSE,financial_infrastructure,2025,2025,Q4,2025,2025-12-31,target_placeholder_period_end_date,metadata_discovery_pending,Period-end folder date hint only; not a discovered earnings-call date until IR/SEC metadata confirms it.
aon_2025_q4,AON,Aon plc,NYSE,insurance,2025,2025,Q4,2025,2025-12-31,target_placeholder_period_end_date,metadata_discovery_pending,Period-end folder date hint only; not a discovered earnings-call date until IR/SEC metadata confirms it.
aig_2025_q4,AIG,"American International Group, Inc.",NYSE,insurance,2025,2025,Q4,2025,2025-12-31,target_placeholder_period_end_date,metadata_discovery_pending,Period-end folder date hint only; not a discovered earnings-call date until IR/SEC metadata confirms it.
met_2025_q4,MET,"MetLife, Inc.",NYSE,insurance,2025,2025,Q4,2025,2025-12-31,target_placeholder_period_end_date,metadata_discovery_pending,Period-end folder date hint only; not a discovered earnings-call date until IR/SEC metadata confirms it.
pru_2025_q4,PRU,"Prudential Financial, Inc.",NYSE,insurance,2025,2025,Q4,2025,2025-12-31,target_placeholder_period_end_date,metadata_discovery_pending,Period-end folder date hint only; not a discovered earnings-call date until IR/SEC metadata confirms it.
trv_2025_q4,TRV,"The Travelers Companies, Inc.",NYSE,insurance,2025,2025,Q4,2025,2025-12-31,target_placeholder_period_end_date,metadata_discovery_pending,Period-end folder date hint only; not a discovered earnings-call date until IR/SEC metadata confirms it.
cb_2025_q4,CB,Chubb Limited,NYSE,insurance,2025,2025,Q4,2025,2025-12-31,target_placeholder_period_end_date,metadata_discovery_pending,Period-end folder date hint only; not a discovered earnings-call date until IR/SEC metadata confirms it.
jnj_2025_q4,JNJ,Johnson & Johnson,NYSE,healthcare,2025,2025,Q4,2025,2025-12-31,target_placeholder_period_end_date,metadata_discovery_pending,Period-end folder date hint only; not a discovered earnings-call date until IR/SEC metadata confirms it.
lly_2025_q4,LLY,Eli Lilly and Company,NYSE,healthcare,2025,2025,Q4,2025,2025-12-31,target_placeholder_period_end_date,metadata_discovery_pending,Period-end folder date hint only; not a discovered earnings-call date until IR/SEC metadata confirms it.
mrk_2025_q4,MRK,"Merck & Co., Inc.",NYSE,healthcare,2025,2025,Q4,2025,2025-12-31,target_placeholder_period_end_date,metadata_discovery_pending,Period-end folder date hint only; not a discovered earnings-call date until IR/SEC metadata confirms it.
pfe_2025_q4,PFE,Pfizer Inc.,NYSE,healthcare,2025,2025,Q4,2025,2025-12-31,target_placeholder_period_end_date,metadata_discovery_pending,Period-end folder date hint only; not a discovered earnings-call date until IR/SEC metadata confirms it.
unh_2025_q4,UNH,UnitedHealth Group Incorporated,NYSE,healthcare,2025,2025,Q4,2025,2025-12-31,target_placeholder_period_end_date,metadata_discovery_pending,Period-end folder date hint only; not a discovered earnings-call date until IR/SEC metadata confirms it.
cvs_2025_q4,CVS,CVS Health Corporation,NYSE,healthcare,2025,2025,Q4,2025,2025-12-31,target_placeholder_period_end_date,metadata_discovery_pending,Period-end folder date hint only; not a discovered earnings-call date until IR/SEC metadata confirms it.
abt_2025_q4,ABT,Abbott Laboratories,NYSE,healthcare,2025,2025,Q4,2025,2025-12-31,target_placeholder_period_end_date,metadata_discovery_pending,Period-end folder date hint only; not a discovered earnings-call date until IR/SEC metadata confirms it.
bmy_2025_q4,BMY,Bristol Myers Squibb Company,NYSE,healthcare,2025,2025,Q4,2025,2025-12-31,target_placeholder_period_end_date,metadata_discovery_pending,Period-end folder date hint only; not a discovered earnings-call date until IR/SEC metadata confirms it.
mdt_2025_q4,MDT,Medtronic plc,NYSE,healthcare,2025,2025,Q4,2025,2025-12-31,target_placeholder_period_end_date,metadata_discovery_pending,Period-end folder date hint only; not a discovered earnings-call date until IR/SEC metadata confirms it.
tmo_2025_q4,TMO,Thermo Fisher Scientific Inc.,NYSE,healthcare,2025,2025,Q4,2025,2025-12-31,target_placeholder_period_end_date,metadata_discovery_pending,Period-end folder date hint only; not a discovered earnings-call date until IR/SEC metadata confirms it.
dhr_2025_q4,DHR,Danaher Corporation,NYSE,healthcare,2025,2025,Q4,2025,2025-12-31,target_placeholder_period_end_date,metadata_discovery_pending,Period-end folder date hint only; not a discovered earnings-call date until IR/SEC metadata confirms it.
bdx_2025_q4,BDX,"Becton, Dickinson and Company",NYSE,healthcare,2025,2025,Q4,2025,2025-12-31,target_placeholder_period_end_date,metadata_discovery_pending,Period-end folder date hint only; not a discovered earnings-call date until IR/SEC metadata confirms it.
ci_2025_q4,CI,The Cigna Group,NYSE,healthcare,2025,2025,Q4,2025,2025-12-31,target_placeholder_period_end_date,metadata_discovery_pending,Period-end folder date hint only; not a discovered earnings-call date until IR/SEC metadata confirms it.
hca_2025_q4,HCA,"HCA Healthcare, Inc.",NYSE,healthcare,2025,2025,Q4,2025,2025-12-31,target_placeholder_period_end_date,metadata_discovery_pending,Period-end folder date hint only; not a discovered earnings-call date until IR/SEC metadata confirms it.
syk_2025_q4,SYK,Stryker Corporation,NYSE,healthcare,2025,2025,Q4,2025,2025-12-31,target_placeholder_period_end_date,metadata_discovery_pending,Period-end folder date hint only; not a discovered earnings-call date until IR/SEC metadata confirms it.
xom_2025_q4,XOM,Exxon Mobil Corporation,NYSE,energy,2025,2025,Q4,2025,2025-12-31,target_placeholder_period_end_date,metadata_discovery_pending,Period-end folder date hint only; not a discovered earnings-call date until IR/SEC metadata confirms it.
cvx_2025_q4,CVX,Chevron Corporation,NYSE,energy,2025,2025,Q4,2025,2025-12-31,target_placeholder_period_end_date,metadata_discovery_pending,Period-end folder date hint only; not a discovered earnings-call date until IR/SEC metadata confirms it.
cop_2025_q4,COP,ConocoPhillips,NYSE,energy,2025,2025,Q4,2025,2025-12-31,target_placeholder_period_end_date,metadata_discovery_pending,Period-end folder date hint only; not a discovered earnings-call date until IR/SEC metadata confirms it.
slb_2025_q4,SLB,SLB,NYSE,energy,2025,2025,Q4,2025,2025-12-31,target_placeholder_period_end_date,metadata_discovery_pending,Period-end folder date hint only; not a discovered earnings-call date until IR/SEC metadata confirms it.
hal_2025_q4,HAL,Halliburton Company,NYSE,energy,2025,2025,Q4,2025,2025-12-31,target_placeholder_period_end_date,metadata_discovery_pending,Period-end folder date hint only; not a discovered earnings-call date until IR/SEC metadata confirms it.
eog_2025_q4,EOG,"EOG Resources, Inc.",NYSE,energy,2025,2025,Q4,2025,2025-12-31,target_placeholder_period_end_date,metadata_discovery_pending,Period-end folder date hint only; not a discovered earnings-call date until IR/SEC metadata confirms it.
oxy_2025_q4,OXY,Occidental Petroleum Corporation,NYSE,energy,2025,2025,Q4,2025,2025-12-31,target_placeholder_period_end_date,metadata_discovery_pending,Period-end folder date hint only; not a discovered earnings-call date until IR/SEC metadata confirms it.
mpc_2025_q4,MPC,Marathon Petroleum Corporation,NYSE,energy,2025,2025,Q4,2025,2025-12-31,target_placeholder_period_end_date,metadata_discovery_pending,Period-end folder date hint only; not a discovered earnings-call date until IR/SEC metadata confirms it.
psx_2025_q4,PSX,Phillips 66,NYSE,energy,2025,2025,Q4,2025,2025-12-31,target_placeholder_period_end_date,metadata_discovery_pending,Period-end folder date hint only; not a discovered earnings-call date until IR/SEC metadata confirms it.
vlo_2025_q4,VLO,Valero Energy Corporation,NYSE,energy,2025,2025,Q4,2025,2025-12-31,target_placeholder_period_end_date,metadata_discovery_pending,Period-end folder date hint only; not a discovered earnings-call date until IR/SEC metadata confirms it.
ba_2025_q4,BA,The Boeing Company,NYSE,aerospace,2025,2025,Q4,2025,2025-12-31,target_placeholder_period_end_date,metadata_discovery_pending,Period-end folder date hint only; not a discovered earnings-call date until IR/SEC metadata confirms it.
rtx_2025_q4,RTX,RTX Corporation,NYSE,aerospace,2025,2025,Q4,2025,2025-12-31,target_placeholder_period_end_date,metadata_discovery_pending,Period-end folder date hint only; not a discovered earnings-call date until IR/SEC metadata confirms it.
lmt_2025_q4,LMT,Lockheed Martin Corporation,NYSE,aerospace,2025,2025,Q4,2025,2025-12-31,target_placeholder_period_end_date,metadata_discovery_pending,Period-end folder date hint only; not a discovered earnings-call date until IR/SEC metadata confirms it.
noc_2025_q4,NOC,Northrop Grumman Corporation,NYSE,aerospace,2025,2025,Q4,2025,2025-12-31,target_placeholder_period_end_date,metadata_discovery_pending,Period-end folder date hint only; not a discovered earnings-call date until IR/SEC metadata confirms it.
gd_2025_q4,GD,General Dynamics Corporation,NYSE,aerospace,2025,2025,Q4,2025,2025-12-31,target_placeholder_period_end_date,metadata_discovery_pending,Period-end folder date hint only; not a discovered earnings-call date until IR/SEC metadata confirms it.
cat_2025_q4,CAT,Caterpillar Inc.,NYSE,industrials,2025,2025,Q4,2025,2025-12-31,target_placeholder_period_end_date,metadata_discovery_pending,Period-end folder date hint only; not a discovered earnings-call date until IR/SEC metadata confirms it.
de_2025_q4,DE,Deere & Company,NYSE,industrials,2025,2025,Q4,2025,2025-12-31,target_placeholder_period_end_date,metadata_discovery_pending,Period-end folder date hint only; not a discovered earnings-call date until IR/SEC metadata confirms it.
ge_2025_q4,GE,GE Aerospace,NYSE,industrials,2025,2025,Q4,2025,2025-12-31,target_placeholder_period_end_date,metadata_discovery_pending,Period-end folder date hint only; not a discovered earnings-call date until IR/SEC metadata confirms it.
etn_2025_q4,ETN,Eaton Corporation plc,NYSE,industrials,2025,2025,Q4,2025,2025-12-31,target_placeholder_period_end_date,metadata_discovery_pending,Period-end folder date hint only; not a discovered earnings-call date until IR/SEC metadata confirms it.
emr_2025_q4,EMR,Emerson Electric Co.,NYSE,industrials,2025,2025,Q4,2025,2025-12-31,target_placeholder_period_end_date,metadata_discovery_pending,Period-end folder date hint only; not a discovered earnings-call date until IR/SEC metadata confirms it.
mmm_2025_q4,MMM,3M Company,NYSE,industrials,2025,2025,Q4,2025,2025-12-31,target_placeholder_period_end_date,metadata_discovery_pending,Period-end folder date hint only; not a discovered earnings-call date until IR/SEC metadata confirms it.
itw_2025_q4,ITW,Illinois Tool Works Inc.,NYSE,industrials,2025,2025,Q4,2025,2025-12-31,target_placeholder_period_end_date,metadata_discovery_pending,Period-end folder date hint only; not a discovered earnings-call date until IR/SEC metadata confirms it.
ph_2025_q4,PH,Parker-Hannifin Corporation,NYSE,industrials,2025,2025,Q4,2025,2025-12-31,target_placeholder_period_end_date,metadata_discovery_pending,Period-end folder date hint only; not a discovered earnings-call date until IR/SEC metadata confirms it.
carr_2025_q4,CARR,Carrier Global Corporation,NYSE,industrials,2025,2025,Q4,2025,2025-12-31,target_placeholder_period_end_date,metadata_discovery_pending,Period-end folder date hint only; not a discovered earnings-call date until IR/SEC metadata confirms it.
otis_2025_q4,OTIS,Otis Worldwide Corporation,NYSE,industrials,2025,2025,Q4,2025,2025-12-31,target_placeholder_period_end_date,metadata_discovery_pending,Period-end folder date hint only; not a discovered earnings-call date until IR/SEC metadata confirms it.
ups_2025_q4,UPS,"United Parcel Service, Inc.",NYSE,logistics,2025,2025,Q4,2025,2025-12-31,target_placeholder_period_end_date,metadata_discovery_pending,Period-end folder date hint only; not a discovered earnings-call date until IR/SEC metadata confirms it.
fdx_2025_q4,FDX,FedEx Corporation,NYSE,logistics,2025,2025,Q4,2025,2025-12-31,target_placeholder_period_end_date,metadata_discovery_pending,Period-end folder date hint only; not a discovered earnings-call date until IR/SEC metadata confirms it.
dal_2025_q4,DAL,"Delta Air Lines, Inc.",NYSE,logistics,2025,2025,Q4,2025,2025-12-31,target_placeholder_period_end_date,metadata_discovery_pending,Period-end folder date hint only; not a discovered earnings-call date until IR/SEC metadata confirms it.
unp_2025_q4,UNP,Union Pacific Corporation,NYSE,logistics,2025,2025,Q4,2025,2025-12-31,target_placeholder_period_end_date,metadata_discovery_pending,Period-end folder date hint only; not a discovered earnings-call date until IR/SEC metadata confirms it.
nsc_2025_q4,NSC,Norfolk Southern Corporation,NYSE,logistics,2025,2025,Q4,2025,2025-12-31,target_placeholder_period_end_date,metadata_discovery_pending,Period-end folder date hint only; not a discovered earnings-call date until IR/SEC metadata confirms it.
hd_2025_q4,HD,"The Home Depot, Inc.",NYSE,retail,2025,2025,Q4,2025,2025-12-31,target_placeholder_period_end_date,metadata_discovery_pending,Period-end folder date hint only; not a discovered earnings-call date until IR/SEC metadata confirms it.
low_2025_q4,LOW,"Lowe's Companies, Inc.",NYSE,retail,2025,2025,Q4,2025,2025-12-31,target_placeholder_period_end_date,metadata_discovery_pending,Period-end folder date hint only; not a discovered earnings-call date until IR/SEC metadata confirms it.
tgt_2025_q4,TGT,Target Corporation,NYSE,retail,2025,2025,Q4,2025,2025-12-31,target_placeholder_period_end_date,metadata_discovery_pending,Period-end folder date hint only; not a discovered earnings-call date until IR/SEC metadata confirms it.
kr_2025_q4,KR,The Kroger Co.,NYSE,retail,2025,2025,Q4,2025,2025-12-31,target_placeholder_period_end_date,metadata_discovery_pending,Period-end folder date hint only; not a discovered earnings-call date until IR/SEC metadata confirms it.
dg_2025_q4,DG,Dollar General Corporation,NYSE,retail,2025,2025,Q4,2025,2025-12-31,target_placeholder_period_end_date,metadata_discovery_pending,Period-end folder date hint only; not a discovered earnings-call date until IR/SEC metadata confirms it.
mcd_2025_q4,MCD,McDonald's Corporation,NYSE,consumer,2025,2025,Q4,2025,2025-12-31,target_placeholder_period_end_date,metadata_discovery_pending,Period-end folder date hint only; not a discovered earnings-call date until IR/SEC metadata confirms it.
yum_2025_q4,YUM,"Yum! Brands, Inc.",NYSE,consumer,2025,2025,Q4,2025,2025-12-31,target_placeholder_period_end_date,metadata_discovery_pending,Period-end folder date hint only; not a discovered earnings-call date until IR/SEC metadata confirms it.
nke_2025_q4,NKE,"NIKE, Inc.",NYSE,consumer,2025,2025,Q4,2025,2025-12-31,target_placeholder_period_end_date,metadata_discovery_pending,Period-end folder date hint only; not a discovered earnings-call date until IR/SEC metadata confirms it.
dis_2025_q4,DIS,The Walt Disney Company,NYSE,consumer,2025,2025,Q4,2025,2025-12-31,target_placeholder_period_end_date,metadata_discovery_pending,Period-end folder date hint only; not a discovered earnings-call date until IR/SEC metadata confirms it.
ko_2025_q4,KO,The Coca-Cola Company,NYSE,consumer,2025,2025,Q4,2025,2025-12-31,target_placeholder_period_end_date,metadata_discovery_pending,Period-end folder date hint only; not a discovered earnings-call date until IR/SEC metadata confirms it.
pg_2025_q4,PG,The Procter & Gamble Company,NYSE,consumer,2025,2025,Q4,2025,2025-12-31,target_placeholder_period_end_date,metadata_discovery_pending,Period-end folder date hint only; not a discovered earnings-call date until IR/SEC metadata confirms it.
cl_2025_q4,CL,Colgate-Palmolive Company,NYSE,consumer,2025,2025,Q4,2025,2025-12-31,target_placeholder_period_end_date,metadata_discovery_pending,Period-end folder date hint only; not a discovered earnings-call date until IR/SEC metadata confirms it.
el_2025_q4,EL,The Estee Lauder Companies Inc.,NYSE,consumer,2025,2025,Q4,2025,2025-12-31,target_placeholder_period_end_date,metadata_discovery_pending,Period-end folder date hint only; not a discovered earnings-call date until IR/SEC metadata confirms it.
gis_2025_q4,GIS,"General Mills, Inc.",NYSE,consumer,2025,2025,Q4,2025,2025-12-31,target_placeholder_period_end_date,metadata_discovery_pending,Period-end folder date hint only; not a discovered earnings-call date until IR/SEC metadata confirms it.
hsy_2025_q4,HSY,The Hershey Company,NYSE,consumer,2025,2025,Q4,2025,2025-12-31,target_placeholder_period_end_date,metadata_discovery_pending,Period-end folder date hint only; not a discovered earnings-call date until IR/SEC metadata confirms it.
t_2025_q4,T,AT&T Inc.,NYSE,telecom,2025,2025,Q4,2025,2025-12-31,target_placeholder_period_end_date,metadata_discovery_pending,Period-end folder date hint only; not a discovered earnings-call date until IR/SEC metadata confirms it.
vz_2025_q4,VZ,Verizon Communications Inc.,NYSE,telecom,2025,2025,Q4,2025,2025-12-31,target_placeholder_period_end_date,metadata_discovery_pending,Period-end folder date hint only; not a discovered earnings-call date until IR/SEC metadata confirms it.
ibm_2025_q4,IBM,International Business Machines Corporation,NYSE,technology,2025,2025,Q4,2025,2025-12-31,target_placeholder_period_end_date,metadata_discovery_pending,Period-end folder date hint only; not a discovered earnings-call date until IR/SEC metadata confirms it.
orcl_2025_q4,ORCL,Oracle Corporation,NYSE,technology,2025,2025,Q4,2025,2025-12-31,target_placeholder_period_end_date,metadata_discovery_pending,Period-end folder date hint only; not a discovered earnings-call date until IR/SEC metadata confirms it.
crm_2025_q4,CRM,"Salesforce, Inc.",NYSE,technology,2025,2025,Q4,2025,2025-12-31,target_placeholder_period_end_date,metadata_discovery_pending,Period-end folder date hint only; not a discovered earnings-call date until IR/SEC metadata confirms it.
now_2025_q4,NOW,"ServiceNow, Inc.",NYSE,technology,2025,2025,Q4,2025,2025-12-31,target_placeholder_period_end_date,metadata_discovery_pending,Period-end folder date hint only; not a discovered earnings-call date until IR/SEC metadata confirms it.
acn_2025_q4,ACN,Accenture plc,NYSE,technology,2025,2025,Q4,2025,2025-12-31,target_placeholder_period_end_date,metadata_discovery_pending,Period-end folder date hint only; not a discovered earnings-call date until IR/SEC metadata confirms it.
dell_2025_q4,DELL,Dell Technologies Inc.,NYSE,technology,2025,2025,Q4,2025,2025-12-31,target_placeholder_period_end_date,metadata_discovery_pending,Period-end folder date hint only; not a discovered earnings-call date until IR/SEC metadata confirms it.
hpq_2025_q4,HPQ,HP Inc.,NYSE,technology,2025,2025,Q4,2025,2025-12-31,target_placeholder_period_end_date,metadata_discovery_pending,Period-end folder date hint only; not a discovered earnings-call date until IR/SEC metadata confirms it.
net_2025_q4,NET,"Cloudflare, Inc.",NYSE,technology,2025,2025,Q4,2025,2025-12-31,target_placeholder_period_end_date,metadata_discovery_pending,Period-end folder date hint only; not a discovered earnings-call date until IR/SEC metadata confirms it.
snow_2025_q4,SNOW,Snowflake Inc.,NYSE,technology,2025,2025,Q4,2025,2025-12-31,target_placeholder_period_end_date,metadata_discovery_pending,Period-end folder date hint only; not a discovered earnings-call date until IR/SEC metadata confirms it.
jpm_2024_q4,JPM,JPMorgan Chase & Co.,NYSE,banking,2024,2024,Q4,2024,2024-12-31,target_placeholder_period_end_date,metadata_discovery_pending,Period-end folder date hint only; not a discovered earnings-call date until IR/SEC metadata confirms it.
bac_2024_q4,BAC,Bank of America Corporation,NYSE,banking,2024,2024,Q4,2024,2024-12-31,target_placeholder_period_end_date,metadata_discovery_pending,Period-end folder date hint only; not a discovered earnings-call date until IR/SEC metadata confirms it.
c_2024_q4,C,Citigroup Inc.,NYSE,banking,2024,2024,Q4,2024,2024-12-31,target_placeholder_period_end_date,metadata_discovery_pending,Period-end folder date hint only; not a discovered earnings-call date until IR/SEC metadata confirms it.
wfc_2024_q4,WFC,Wells Fargo & Company,NYSE,banking,2024,2024,Q4,2024,2024-12-31,target_placeholder_period_end_date,metadata_discovery_pending,Period-end folder date hint only; not a discovered earnings-call date until IR/SEC metadata confirms it.
gs_2024_q4,GS,"The Goldman Sachs Group, Inc.",NYSE,banking,2024,2024,Q4,2024,2024-12-31,target_placeholder_period_end_date,metadata_discovery_pending,Period-end folder date hint only; not a discovered earnings-call date until IR/SEC metadata confirms it.
ms_2024_q4,MS,Morgan Stanley,NYSE,banking,2024,2024,Q4,2024,2024-12-31,target_placeholder_period_end_date,metadata_discovery_pending,Period-end folder date hint only; not a discovered earnings-call date until IR/SEC metadata confirms it.
bk_2024_q4,BK,The Bank of New York Mellon Corporation,NYSE,banking,2024,2024,Q4,2024,2024-12-31,target_placeholder_period_end_date,metadata_discovery_pending,Period-end folder date hint only; not a discovered earnings-call date until IR/SEC metadata confirms it.
stt_2024_q4,STT,State Street Corporation,NYSE,banking,2024,2024,Q4,2024,2024-12-31,target_placeholder_period_end_date,metadata_discovery_pending,Period-end folder date hint only; not a discovered earnings-call date until IR/SEC metadata confirms it.
usb_2024_q4,USB,U.S. Bancorp,NYSE,banking,2024,2024,Q4,2024,2024-12-31,target_placeholder_period_end_date,metadata_discovery_pending,Period-end folder date hint only; not a discovered earnings-call date until IR/SEC metadata confirms it.
pnc_2024_q4,PNC,"The PNC Financial Services Group, Inc.",NYSE,banking,2024,2024,Q4,2024,2024-12-31,target_placeholder_period_end_date,metadata_discovery_pending,Period-end folder date hint only; not a discovered earnings-call date until IR/SEC metadata confirms it.
tfc_2024_q4,TFC,Truist Financial Corporation,NYSE,banking,2024,2024,Q4,2024,2024-12-31,target_placeholder_period_end_date,metadata_discovery_pending,Period-end folder date hint only; not a discovered earnings-call date until IR/SEC metadata confirms it.
cof_2024_q4,COF,Capital One Financial Corporation,NYSE,banking,2024,2024,Q4,2024,2024-12-31,target_placeholder_period_end_date,metadata_discovery_pending,Period-end folder date hint only; not a discovered earnings-call date until IR/SEC metadata confirms it.
axp_2024_q4,AXP,American Express Company,NYSE,payments,2024,2024,Q4,2024,2024-12-31,target_placeholder_period_end_date,metadata_discovery_pending,Period-end folder date hint only; not a discovered earnings-call date until IR/SEC metadata confirms it.
v_2024_q4,V,Visa Inc.,NYSE,payments,2024,2024,Q4,2024,2024-12-31,target_placeholder_period_end_date,metadata_discovery_pending,Period-end folder date hint only; not a discovered earnings-call date until IR/SEC metadata confirms it.
ma_2024_q4,MA,Mastercard Incorporated,NYSE,payments,2024,2024,Q4,2024,2024-12-31,target_placeholder_period_end_date,metadata_discovery_pending,Period-end folder date hint only; not a discovered earnings-call date until IR/SEC metadata confirms it.
fis_2024_q4,FIS,"Fidelity National Information Services, Inc.",NYSE,payments,2024,2024,Q4,2024,2024-12-31,target_placeholder_period_end_date,metadata_discovery_pending,Period-end folder date hint only; not a discovered earnings-call date until IR/SEC metadata confirms it.
gpn_2024_q4,GPN,Global Payments Inc.,NYSE,payments,2024,2024,Q4,2024,2024-12-31,target_placeholder_period_end_date,metadata_discovery_pending,Period-end folder date hint only; not a discovered earnings-call date until IR/SEC metadata confirms it.
blk_2024_q4,BLK,"BlackRock, Inc.",NYSE,financial_infrastructure,2024,2024,Q4,2024,2024-12-31,target_placeholder_period_end_date,metadata_discovery_pending,Period-end folder date hint only; not a discovered earnings-call date until IR/SEC metadata confirms it.
bx_2024_q4,BX,Blackstone Inc.,NYSE,financial_infrastructure,2024,2024,Q4,2024,2024-12-31,target_placeholder_period_end_date,metadata_discovery_pending,Period-end folder date hint only; not a discovered earnings-call date until IR/SEC metadata confirms it.
schw_2024_q4,SCHW,The Charles Schwab Corporation,NYSE,financial_infrastructure,2024,2024,Q4,2024,2024-12-31,target_placeholder_period_end_date,metadata_discovery_pending,Period-end folder date hint only; not a discovered earnings-call date until IR/SEC metadata confirms it.
ice_2024_q4,ICE,"Intercontinental Exchange, Inc.",NYSE,financial_infrastructure,2024,2024,Q4,2024,2024-12-31,target_placeholder_period_end_date,metadata_discovery_pending,Period-end folder date hint only; not a discovered earnings-call date until IR/SEC metadata confirms it.
spgi_2024_q4,SPGI,S&P Global Inc.,NYSE,financial_infrastructure,2024,2024,Q4,2024,2024-12-31,target_placeholder_period_end_date,metadata_discovery_pending,Period-end folder date hint only; not a discovered earnings-call date until IR/SEC metadata confirms it.
mco_2024_q4,MCO,Moody's Corporation,NYSE,financial_infrastructure,2024,2024,Q4,2024,2024-12-31,target_placeholder_period_end_date,metadata_discovery_pending,Period-end folder date hint only; not a discovered earnings-call date until IR/SEC metadata confirms it.
aon_2024_q4,AON,Aon plc,NYSE,insurance,2024,2024,Q4,2024,2024-12-31,target_placeholder_period_end_date,metadata_discovery_pending,Period-end folder date hint only; not a discovered earnings-call date until IR/SEC metadata confirms it.
aig_2024_q4,AIG,"American International Group, Inc.",NYSE,insurance,2024,2024,Q4,2024,2024-12-31,target_placeholder_period_end_date,metadata_discovery_pending,Period-end folder date hint only; not a discovered earnings-call date until IR/SEC metadata confirms it.
met_2024_q4,MET,"MetLife, Inc.",NYSE,insurance,2024,2024,Q4,2024,2024-12-31,target_placeholder_period_end_date,metadata_discovery_pending,Period-end folder date hint only; not a discovered earnings-call date until IR/SEC metadata confirms it.
pru_2024_q4,PRU,"Prudential Financial, Inc.",NYSE,insurance,2024,2024,Q4,2024,2024-12-31,target_placeholder_period_end_date,metadata_discovery_pending,Period-end folder date hint only; not a discovered earnings-call date until IR/SEC metadata confirms it.
trv_2024_q4,TRV,"The Travelers Companies, Inc.",NYSE,insurance,2024,2024,Q4,2024,2024-12-31,target_placeholder_period_end_date,metadata_discovery_pending,Period-end folder date hint only; not a discovered earnings-call date until IR/SEC metadata confirms it.
cb_2024_q4,CB,Chubb Limited,NYSE,insurance,2024,2024,Q4,2024,2024-12-31,target_placeholder_period_end_date,metadata_discovery_pending,Period-end folder date hint only; not a discovered earnings-call date until IR/SEC metadata confirms it.
jnj_2024_q4,JNJ,Johnson & Johnson,NYSE,healthcare,2024,2024,Q4,2024,2024-12-31,target_placeholder_period_end_date,metadata_discovery_pending,Period-end folder date hint only; not a discovered earnings-call date until IR/SEC metadata confirms it.
lly_2024_q4,LLY,Eli Lilly and Company,NYSE,healthcare,2024,2024,Q4,2024,2024-12-31,target_placeholder_period_end_date,metadata_discovery_pending,Period-end folder date hint only; not a discovered earnings-call date until IR/SEC metadata confirms it.
mrk_2024_q4,MRK,"Merck & Co., Inc.",NYSE,healthcare,2024,2024,Q4,2024,2024-12-31,target_placeholder_period_end_date,metadata_discovery_pending,Period-end folder date hint only; not a discovered earnings-call date until IR/SEC metadata confirms it.
pfe_2024_q4,PFE,Pfizer Inc.,NYSE,healthcare,2024,2024,Q4,2024,2024-12-31,target_placeholder_period_end_date,metadata_discovery_pending,Period-end folder date hint only; not a discovered earnings-call date until IR/SEC metadata confirms it.
unh_2024_q4,UNH,UnitedHealth Group Incorporated,NYSE,healthcare,2024,2024,Q4,2024,2024-12-31,target_placeholder_period_end_date,metadata_discovery_pending,Period-end folder date hint only; not a discovered earnings-call date until IR/SEC metadata confirms it.
cvs_2024_q4,CVS,CVS Health Corporation,NYSE,healthcare,2024,2024,Q4,2024,2024-12-31,target_placeholder_period_end_date,metadata_discovery_pending,Period-end folder date hint only; not a discovered earnings-call date until IR/SEC metadata confirms it.
abt_2024_q4,ABT,Abbott Laboratories,NYSE,healthcare,2024,2024,Q4,2024,2024-12-31,target_placeholder_period_end_date,metadata_discovery_pending,Period-end folder date hint only; not a discovered earnings-call date until IR/SEC metadata confirms it.
bmy_2024_q4,BMY,Bristol Myers Squibb Company,NYSE,healthcare,2024,2024,Q4,2024,2024-12-31,target_placeholder_period_end_date,metadata_discovery_pending,Period-end folder date hint only; not a discovered earnings-call date until IR/SEC metadata confirms it.
mdt_2024_q4,MDT,Medtronic plc,NYSE,healthcare,2024,2024,Q4,2024,2024-12-31,target_placeholder_period_end_date,metadata_discovery_pending,Period-end folder date hint only; not a discovered earnings-call date until IR/SEC metadata confirms it.
tmo_2024_q4,TMO,Thermo Fisher Scientific Inc.,NYSE,healthcare,2024,2024,Q4,2024,2024-12-31,target_placeholder_period_end_date,metadata_discovery_pending,Period-end folder date hint only; not a discovered earnings-call date until IR/SEC metadata confirms it.
dhr_2024_q4,DHR,Danaher Corporation,NYSE,healthcare,2024,2024,Q4,2024,2024-12-31,target_placeholder_period_end_date,metadata_discovery_pending,Period-end folder date hint only; not a discovered earnings-call date until IR/SEC metadata confirms it.
bdx_2024_q4,BDX,"Becton, Dickinson and Company",NYSE,healthcare,2024,2024,Q4,2024,2024-12-31,target_placeholder_period_end_date,metadata_discovery_pending,Period-end folder date hint only; not a discovered earnings-call date until IR/SEC metadata confirms it.
ci_2024_q4,CI,The Cigna Group,NYSE,healthcare,2024,2024,Q4,2024,2024-12-31,target_placeholder_period_end_date,metadata_discovery_pending,Period-end folder date hint only; not a discovered earnings-call date until IR/SEC metadata confirms it.
hca_2024_q4,HCA,"HCA Healthcare, Inc.",NYSE,healthcare,2024,2024,Q4,2024,2024-12-31,target_placeholder_period_end_date,metadata_discovery_pending,Period-end folder date hint only; not a discovered earnings-call date until IR/SEC metadata confirms it.
syk_2024_q4,SYK,Stryker Corporation,NYSE,healthcare,2024,2024,Q4,2024,2024-12-31,target_placeholder_period_end_date,metadata_discovery_pending,Period-end folder date hint only; not a discovered earnings-call date until IR/SEC metadata confirms it.
xom_2024_q4,XOM,Exxon Mobil Corporation,NYSE,energy,2024,2024,Q4,2024,2024-12-31,target_placeholder_period_end_date,metadata_discovery_pending,Period-end folder date hint only; not a discovered earnings-call date until IR/SEC metadata confirms it.
cvx_2024_q4,CVX,Chevron Corporation,NYSE,energy,2024,2024,Q4,2024,2024-12-31,target_placeholder_period_end_date,metadata_discovery_pending,Period-end folder date hint only; not a discovered earnings-call date until IR/SEC metadata confirms it.
cop_2024_q4,COP,ConocoPhillips,NYSE,energy,2024,2024,Q4,2024,2024-12-31,target_placeholder_period_end_date,metadata_discovery_pending,Period-end folder date hint only; not a discovered earnings-call date until IR/SEC metadata confirms it.
slb_2024_q4,SLB,SLB,NYSE,energy,2024,2024,Q4,2024,2024-12-31,target_placeholder_period_end_date,metadata_discovery_pending,Period-end folder date hint only; not a discovered earnings-call date until IR/SEC metadata confirms it.
hal_2024_q4,HAL,Halliburton Company,NYSE,energy,2024,2024,Q4,2024,2024-12-31,target_placeholder_period_end_date,metadata_discovery_pending,Period-end folder date hint only; not a discovered earnings-call date until IR/SEC metadata confirms it.
eog_2024_q4,EOG,"EOG Resources, Inc.",NYSE,energy,2024,2024,Q4,2024,2024-12-31,target_placeholder_period_end_date,metadata_discovery_pending,Period-end folder date hint only; not a discovered earnings-call date until IR/SEC metadata confirms it.
oxy_2024_q4,OXY,Occidental Petroleum Corporation,NYSE,energy,2024,2024,Q4,2024,2024-12-31,target_placeholder_period_end_date,metadata_discovery_pending,Period-end folder date hint only; not a discovered earnings-call date until IR/SEC metadata confirms it.
mpc_2024_q4,MPC,Marathon Petroleum Corporation,NYSE,energy,2024,2024,Q4,2024,2024-12-31,target_placeholder_period_end_date,metadata_discovery_pending,Period-end folder date hint only; not a discovered earnings-call date until IR/SEC metadata confirms it.
psx_2024_q4,PSX,Phillips 66,NYSE,energy,2024,2024,Q4,2024,2024-12-31,target_placeholder_period_end_date,metadata_discovery_pending,Period-end folder date hint only; not a discovered earnings-call date until IR/SEC metadata confirms it.
vlo_2024_q4,VLO,Valero Energy Corporation,NYSE,energy,2024,2024,Q4,2024,2024-12-31,target_placeholder_period_end_date,metadata_discovery_pending,Period-end folder date hint only; not a discovered earnings-call date until IR/SEC metadata confirms it.
ba_2024_q4,BA,The Boeing Company,NYSE,aerospace,2024,2024,Q4,2024,2024-12-31,target_placeholder_period_end_date,metadata_discovery_pending,Period-end folder date hint only; not a discovered earnings-call date until IR/SEC metadata confirms it.
rtx_2024_q4,RTX,RTX Corporation,NYSE,aerospace,2024,2024,Q4,2024,2024-12-31,target_placeholder_period_end_date,metadata_discovery_pending,Period-end folder date hint only; not a discovered earnings-call date until IR/SEC metadata confirms it.
lmt_2024_q4,LMT,Lockheed Martin Corporation,NYSE,aerospace,2024,2024,Q4,2024,2024-12-31,target_placeholder_period_end_date,metadata_discovery_pending,Period-end folder date hint only; not a discovered earnings-call date until IR/SEC metadata confirms it.
noc_2024_q4,NOC,Northrop Grumman Corporation,NYSE,aerospace,2024,2024,Q4,2024,2024-12-31,target_placeholder_period_end_date,metadata_discovery_pending,Period-end folder date hint only; not a discovered earnings-call date until IR/SEC metadata confirms it.
gd_2024_q4,GD,General Dynamics Corporation,NYSE,aerospace,2024,2024,Q4,2024,2024-12-31,target_placeholder_period_end_date,metadata_discovery_pending,Period-end folder date hint only; not a discovered earnings-call date until IR/SEC metadata confirms it.
cat_2024_q4,CAT,Caterpillar Inc.,NYSE,industrials,2024,2024,Q4,2024,2024-12-31,target_placeholder_period_end_date,metadata_discovery_pending,Period-end folder date hint only; not a discovered earnings-call date until IR/SEC metadata confirms it.
de_2024_q4,DE,Deere & Company,NYSE,industrials,2024,2024,Q4,2024,2024-12-31,target_placeholder_period_end_date,metadata_discovery_pending,Period-end folder date hint only; not a discovered earnings-call date until IR/SEC metadata confirms it.
ge_2024_q4,GE,GE Aerospace,NYSE,industrials,2024,2024,Q4,2024,2024-12-31,target_placeholder_period_end_date,metadata_discovery_pending,Period-end folder date hint only; not a discovered earnings-call date until IR/SEC metadata confirms it.
etn_2024_q4,ETN,Eaton Corporation plc,NYSE,industrials,2024,2024,Q4,2024,2024-12-31,target_placeholder_period_end_date,metadata_discovery_pending,Period-end folder date hint only; not a discovered earnings-call date until IR/SEC metadata confirms it.
emr_2024_q4,EMR,Emerson Electric Co.,NYSE,industrials,2024,2024,Q4,2024,2024-12-31,target_placeholder_period_end_date,metadata_discovery_pending,Period-end folder date hint only; not a discovered earnings-call date until IR/SEC metadata confirms it.
mmm_2024_q4,MMM,3M Company,NYSE,industrials,2024,2024,Q4,2024,2024-12-31,target_placeholder_period_end_date,metadata_discovery_pending,Period-end folder date hint only; not a discovered earnings-call date until IR/SEC metadata confirms it.
itw_2024_q4,ITW,Illinois Tool Works Inc.,NYSE,industrials,2024,2024,Q4,2024,2024-12-31,target_placeholder_period_end_date,metadata_discovery_pending,Period-end folder date hint only; not a discovered earnings-call date until IR/SEC metadata confirms it.
ph_2024_q4,PH,Parker-Hannifin Corporation,NYSE,industrials,2024,2024,Q4,2024,2024-12-31,target_placeholder_period_end_date,metadata_discovery_pending,Period-end folder date hint only; not a discovered earnings-call date until IR/SEC metadata confirms it.
carr_2024_q4,CARR,Carrier Global Corporation,NYSE,industrials,2024,2024,Q4,2024,2024-12-31,target_placeholder_period_end_date,metadata_discovery_pending,Period-end folder date hint only; not a discovered earnings-call date until IR/SEC metadata confirms it.
otis_2024_q4,OTIS,Otis Worldwide Corporation,NYSE,industrials,2024,2024,Q4,2024,2024-12-31,target_placeholder_period_end_date,metadata_discovery_pending,Period-end folder date hint only; not a discovered earnings-call date until IR/SEC metadata confirms it.
ups_2024_q4,UPS,"United Parcel Service, Inc.",NYSE,logistics,2024,2024,Q4,2024,2024-12-31,target_placeholder_period_end_date,metadata_discovery_pending,Period-end folder date hint only; not a discovered earnings-call date until IR/SEC metadata confirms it.
fdx_2024_q4,FDX,FedEx Corporation,NYSE,logistics,2024,2024,Q4,2024,2024-12-31,target_placeholder_period_end_date,metadata_discovery_pending,Period-end folder date hint only; not a discovered earnings-call date until IR/SEC metadata confirms it.
dal_2024_q4,DAL,"Delta Air Lines, Inc.",NYSE,logistics,2024,2024,Q4,2024,2024-12-31,target_placeholder_period_end_date,metadata_discovery_pending,Period-end folder date hint only; not a discovered earnings-call date until IR/SEC metadata confirms it.
unp_2024_q4,UNP,Union Pacific Corporation,NYSE,logistics,2024,2024,Q4,2024,2024-12-31,target_placeholder_period_end_date,metadata_discovery_pending,Period-end folder date hint only; not a discovered earnings-call date until IR/SEC metadata confirms it.
nsc_2024_q4,NSC,Norfolk Southern Corporation,NYSE,logistics,2024,2024,Q4,2024,2024-12-31,target_placeholder_period_end_date,metadata_discovery_pending,Period-end folder date hint only; not a discovered earnings-call date until IR/SEC metadata confirms it.
hd_2024_q4,HD,"The Home Depot, Inc.",NYSE,retail,2024,2024,Q4,2024,2024-12-31,target_placeholder_period_end_date,metadata_discovery_pending,Period-end folder date hint only; not a discovered earnings-call date until IR/SEC metadata confirms it.
low_2024_q4,LOW,"Lowe's Companies, Inc.",NYSE,retail,2024,2024,Q4,2024,2024-12-31,target_placeholder_period_end_date,metadata_discovery_pending,Period-end folder date hint only; not a discovered earnings-call date until IR/SEC metadata confirms it.
tgt_2024_q4,TGT,Target Corporation,NYSE,retail,2024,2024,Q4,2024,2024-12-31,target_placeholder_period_end_date,metadata_discovery_pending,Period-end folder date hint only; not a discovered earnings-call date until IR/SEC metadata confirms it.
kr_2024_q4,KR,The Kroger Co.,NYSE,retail,2024,2024,Q4,2024,2024-12-31,target_placeholder_period_end_date,metadata_discovery_pending,Period-end folder date hint only; not a discovered earnings-call date until IR/SEC metadata confirms it.
dg_2024_q4,DG,Dollar General Corporation,NYSE,retail,2024,2024,Q4,2024,2024-12-31,target_placeholder_period_end_date,metadata_discovery_pending,Period-end folder date hint only; not a discovered earnings-call date until IR/SEC metadata confirms it.
mcd_2024_q4,MCD,McDonald's Corporation,NYSE,consumer,2024,2024,Q4,2024,2024-12-31,target_placeholder_period_end_date,metadata_discovery_pending,Period-end folder date hint only; not a discovered earnings-call date until IR/SEC metadata confirms it.
yum_2024_q4,YUM,"Yum! Brands, Inc.",NYSE,consumer,2024,2024,Q4,2024,2024-12-31,target_placeholder_period_end_date,metadata_discovery_pending,Period-end folder date hint only; not a discovered earnings-call date until IR/SEC metadata confirms it.
nke_2024_q4,NKE,"NIKE, Inc.",NYSE,consumer,2024,2024,Q4,2024,2024-12-31,target_placeholder_period_end_date,metadata_discovery_pending,Period-end folder date hint only; not a discovered earnings-call date until IR/SEC metadata confirms it.
dis_2024_q4,DIS,The Walt Disney Company,NYSE,consumer,2024,2024,Q4,2024,2024-12-31,target_placeholder_period_end_date,metadata_discovery_pending,Period-end folder date hint only; not a discovered earnings-call date until IR/SEC metadata confirms it.
ko_2024_q4,KO,The Coca-Cola Company,NYSE,consumer,2024,2024,Q4,2024,2024-12-31,target_placeholder_period_end_date,metadata_discovery_pending,Period-end folder date hint only; not a discovered earnings-call date until IR/SEC metadata confirms it.
pg_2024_q4,PG,The Procter & Gamble Company,NYSE,consumer,2024,2024,Q4,2024,2024-12-31,target_placeholder_period_end_date,metadata_discovery_pending,Period-end folder date hint only; not a discovered earnings-call date until IR/SEC metadata confirms it.
cl_2024_q4,CL,Colgate-Palmolive Company,NYSE,consumer,2024,2024,Q4,2024,2024-12-31,target_placeholder_period_end_date,metadata_discovery_pending,Period-end folder date hint only; not a discovered earnings-call date until IR/SEC metadata confirms it.
el_2024_q4,EL,The Estee Lauder Companies Inc.,NYSE,consumer,2024,2024,Q4,2024,2024-12-31,target_placeholder_period_end_date,metadata_discovery_pending,Period-end folder date hint only; not a discovered earnings-call date until IR/SEC metadata confirms it.
gis_2024_q4,GIS,"General Mills, Inc.",NYSE,consumer,2024,2024,Q4,2024,2024-12-31,target_placeholder_period_end_date,metadata_discovery_pending,Period-end folder date hint only; not a discovered earnings-call date until IR/SEC metadata confirms it.
hsy_2024_q4,HSY,The Hershey Company,NYSE,consumer,2024,2024,Q4,2024,2024-12-31,target_placeholder_period_end_date,metadata_discovery_pending,Period-end folder date hint only; not a discovered earnings-call date until IR/SEC metadata confirms it.
t_2024_q4,T,AT&T Inc.,NYSE,telecom,2024,2024,Q4,2024,2024-12-31,target_placeholder_period_end_date,metadata_discovery_pending,Period-end folder date hint only; not a discovered earnings-call date until IR/SEC metadata confirms it.
vz_2024_q4,VZ,Verizon Communications Inc.,NYSE,telecom,2024,2024,Q4,2024,2024-12-31,target_placeholder_period_end_date,metadata_discovery_pending,Period-end folder date hint only; not a discovered earnings-call date until IR/SEC metadata confirms it.
ibm_2024_q4,IBM,International Business Machines Corporation,NYSE,technology,2024,2024,Q4,2024,2024-12-31,target_placeholder_period_end_date,metadata_discovery_pending,Period-end folder date hint only; not a discovered earnings-call date until IR/SEC metadata confirms it.
orcl_2024_q4,ORCL,Oracle Corporation,NYSE,technology,2024,2024,Q4,2024,2024-12-31,target_placeholder_period_end_date,metadata_discovery_pending,Period-end folder date hint only; not a discovered earnings-call date until IR/SEC metadata confirms it.
crm_2024_q4,CRM,"Salesforce, Inc.",NYSE,technology,2024,2024,Q4,2024,2024-12-31,target_placeholder_period_end_date,metadata_discovery_pending,Period-end folder date hint only; not a discovered earnings-call date until IR/SEC metadata confirms it.
now_2024_q4,NOW,"ServiceNow, Inc.",NYSE,technology,2024,2024,Q4,2024,2024-12-31,target_placeholder_period_end_date,metadata_discovery_pending,Period-end folder date hint only; not a discovered earnings-call date until IR/SEC metadata confirms it.
acn_2024_q4,ACN,Accenture plc,NYSE,technology,2024,2024,Q4,2024,2024-12-31,target_placeholder_period_end_date,metadata_discovery_pending,Period-end folder date hint only; not a discovered earnings-call date until IR/SEC metadata confirms it.
dell_2024_q4,DELL,Dell Technologies Inc.,NYSE,technology,2024,2024,Q4,2024,2024-12-31,target_placeholder_period_end_date,metadata_discovery_pending,Period-end folder date hint only; not a discovered earnings-call date until IR/SEC metadata confirms it.
hpq_2024_q4,HPQ,HP Inc.,NYSE,technology,2024,2024,Q4,2024,2024-12-31,target_placeholder_period_end_date,metadata_discovery_pending,Period-end folder date hint only; not a discovered earnings-call date until IR/SEC metadata confirms it.
net_2024_q4,NET,"Cloudflare, Inc.",NYSE,technology,2024,2024,Q4,2024,2024-12-31,target_placeholder_period_end_date,metadata_discovery_pending,Period-end folder date hint only; not a discovered earnings-call date until IR/SEC metadata confirms it.
snow_2024_q4,SNOW,Snowflake Inc.,NYSE,technology,2024,2024,Q4,2024,2024-12-31,target_placeholder_period_end_date,metadata_discovery_pending,Period-end folder date hint only; not a discovered earnings-call date until IR/SEC metadata confirms it.
jpm_2023_q4,JPM,JPMorgan Chase & Co.,NYSE,banking,2023,2023,Q4,2023,2023-12-31,target_placeholder_period_end_date,metadata_discovery_pending,Period-end folder date hint only; not a discovered earnings-call date until IR/SEC metadata confirms it.
bac_2023_q4,BAC,Bank of America Corporation,NYSE,banking,2023,2023,Q4,2023,2023-12-31,target_placeholder_period_end_date,metadata_discovery_pending,Period-end folder date hint only; not a discovered earnings-call date until IR/SEC metadata confirms it.
c_2023_q4,C,Citigroup Inc.,NYSE,banking,2023,2023,Q4,2023,2023-12-31,target_placeholder_period_end_date,metadata_discovery_pending,Period-end folder date hint only; not a discovered earnings-call date until IR/SEC metadata confirms it.
wfc_2023_q4,WFC,Wells Fargo & Company,NYSE,banking,2023,2023,Q4,2023,2023-12-31,target_placeholder_period_end_date,metadata_discovery_pending,Period-end folder date hint only; not a discovered earnings-call date until IR/SEC metadata confirms it.
gs_2023_q4,GS,"The Goldman Sachs Group, Inc.",NYSE,banking,2023,2023,Q4,2023,2023-12-31,target_placeholder_period_end_date,metadata_discovery_pending,Period-end folder date hint only; not a discovered earnings-call date until IR/SEC metadata confirms it.
ms_2023_q4,MS,Morgan Stanley,NYSE,banking,2023,2023,Q4,2023,2023-12-31,target_placeholder_period_end_date,metadata_discovery_pending,Period-end folder date hint only; not a discovered earnings-call date until IR/SEC metadata confirms it.
bk_2023_q4,BK,The Bank of New York Mellon Corporation,NYSE,banking,2023,2023,Q4,2023,2023-12-31,target_placeholder_period_end_date,metadata_discovery_pending,Period-end folder date hint only; not a discovered earnings-call date until IR/SEC metadata confirms it.
stt_2023_q4,STT,State Street Corporation,NYSE,banking,2023,2023,Q4,2023,2023-12-31,target_placeholder_period_end_date,metadata_discovery_pending,Period-end folder date hint only; not a discovered earnings-call date until IR/SEC metadata confirms it.
usb_2023_q4,USB,U.S. Bancorp,NYSE,banking,2023,2023,Q4,2023,2023-12-31,target_placeholder_period_end_date,metadata_discovery_pending,Period-end folder date hint only; not a discovered earnings-call date until IR/SEC metadata confirms it.
pnc_2023_q4,PNC,"The PNC Financial Services Group, Inc.",NYSE,banking,2023,2023,Q4,2023,2023-12-31,target_placeholder_period_end_date,metadata_discovery_pending,Period-end folder date hint only; not a discovered earnings-call date until IR/SEC metadata confirms it.
tfc_2023_q4,TFC,Truist Financial Corporation,NYSE,banking,2023,2023,Q4,2023,2023-12-31,target_placeholder_period_end_date,metadata_discovery_pending,Period-end folder date hint only; not a discovered earnings-call date until IR/SEC metadata confirms it.
cof_2023_q4,COF,Capital One Financial Corporation,NYSE,banking,2023,2023,Q4,2023,2023-12-31,target_placeholder_period_end_date,metadata_discovery_pending,Period-end folder date hint only; not a discovered earnings-call date until IR/SEC metadata confirms it.
axp_2023_q4,AXP,American Express Company,NYSE,payments,2023,2023,Q4,2023,2023-12-31,target_placeholder_period_end_date,metadata_discovery_pending,Period-end folder date hint only; not a discovered earnings-call date until IR/SEC metadata confirms it.
v_2023_q4,V,Visa Inc.,NYSE,payments,2023,2023,Q4,2023,2023-12-31,target_placeholder_period_end_date,metadata_discovery_pending,Period-end folder date hint only; not a discovered earnings-call date until IR/SEC metadata confirms it.
ma_2023_q4,MA,Mastercard Incorporated,NYSE,payments,2023,2023,Q4,2023,2023-12-31,target_placeholder_period_end_date,metadata_discovery_pending,Period-end folder date hint only; not a discovered earnings-call date until IR/SEC metadata confirms it.
fis_2023_q4,FIS,"Fidelity National Information Services, Inc.",NYSE,payments,2023,2023,Q4,2023,2023-12-31,target_placeholder_period_end_date,metadata_discovery_pending,Period-end folder date hint only; not a discovered earnings-call date until IR/SEC metadata confirms it.
gpn_2023_q4,GPN,Global Payments Inc.,NYSE,payments,2023,2023,Q4,2023,2023-12-31,target_placeholder_period_end_date,metadata_discovery_pending,Period-end folder date hint only; not a discovered earnings-call date until IR/SEC metadata confirms it.
blk_2023_q4,BLK,"BlackRock, Inc.",NYSE,financial_infrastructure,2023,2023,Q4,2023,2023-12-31,target_placeholder_period_end_date,metadata_discovery_pending,Period-end folder date hint only; not a discovered earnings-call date until IR/SEC metadata confirms it.
bx_2023_q4,BX,Blackstone Inc.,NYSE,financial_infrastructure,2023,2023,Q4,2023,2023-12-31,target_placeholder_period_end_date,metadata_discovery_pending,Period-end folder date hint only; not a discovered earnings-call date until IR/SEC metadata confirms it.
schw_2023_q4,SCHW,The Charles Schwab Corporation,NYSE,financial_infrastructure,2023,2023,Q4,2023,2023-12-31,target_placeholder_period_end_date,metadata_discovery_pending,Period-end folder date hint only; not a discovered earnings-call date until IR/SEC metadata confirms it.
ice_2023_q4,ICE,"Intercontinental Exchange, Inc.",NYSE,financial_infrastructure,2023,2023,Q4,2023,2023-12-31,target_placeholder_period_end_date,metadata_discovery_pending,Period-end folder date hint only; not a discovered earnings-call date until IR/SEC metadata confirms it.
spgi_2023_q4,SPGI,S&P Global Inc.,NYSE,financial_infrastructure,2023,2023,Q4,2023,2023-12-31,target_placeholder_period_end_date,metadata_discovery_pending,Period-end folder date hint only; not a discovered earnings-call date until IR/SEC metadata confirms it.
mco_2023_q4,MCO,Moody's Corporation,NYSE,financial_infrastructure,2023,2023,Q4,2023,2023-12-31,target_placeholder_period_end_date,metadata_discovery_pending,Period-end folder date hint only; not a discovered earnings-call date until IR/SEC metadata confirms it.
aon_2023_q4,AON,Aon plc,NYSE,insurance,2023,2023,Q4,2023,2023-12-31,target_placeholder_period_end_date,metadata_discovery_pending,Period-end folder date hint only; not a discovered earnings-call date until IR/SEC metadata confirms it.
aig_2023_q4,AIG,"American International Group, Inc.",NYSE,insurance,2023,2023,Q4,2023,2023-12-31,target_placeholder_period_end_date,metadata_discovery_pending,Period-end folder date hint only; not a discovered earnings-call date until IR/SEC metadata confirms it.
met_2023_q4,MET,"MetLife, Inc.",NYSE,insurance,2023,2023,Q4,2023,2023-12-31,target_placeholder_period_end_date,metadata_discovery_pending,Period-end folder date hint only; not a discovered earnings-call date until IR/SEC metadata confirms it.
pru_2023_q4,PRU,"Prudential Financial, Inc.",NYSE,insurance,2023,2023,Q4,2023,2023-12-31,target_placeholder_period_end_date,metadata_discovery_pending,Period-end folder date hint only; not a discovered earnings-call date until IR/SEC metadata confirms it.
trv_2023_q4,TRV,"The Travelers Companies, Inc.",NYSE,insurance,2023,2023,Q4,2023,2023-12-31,target_placeholder_period_end_date,metadata_discovery_pending,Period-end folder date hint only; not a discovered earnings-call date until IR/SEC metadata confirms it.
cb_2023_q4,CB,Chubb Limited,NYSE,insurance,2023,2023,Q4,2023,2023-12-31,target_placeholder_period_end_date,metadata_discovery_pending,Period-end folder date hint only; not a discovered earnings-call date until IR/SEC metadata confirms it.
jnj_2023_q4,JNJ,Johnson & Johnson,NYSE,healthcare,2023,2023,Q4,2023,2023-12-31,target_placeholder_period_end_date,metadata_discovery_pending,Period-end folder date hint only; not a discovered earnings-call date until IR/SEC metadata confirms it.
lly_2023_q4,LLY,Eli Lilly and Company,NYSE,healthcare,2023,2023,Q4,2023,2023-12-31,target_placeholder_period_end_date,metadata_discovery_pending,Period-end folder date hint only; not a discovered earnings-call date until IR/SEC metadata confirms it.
mrk_2023_q4,MRK,"Merck & Co., Inc.",NYSE,healthcare,2023,2023,Q4,2023,2023-12-31,target_placeholder_period_end_date,metadata_discovery_pending,Period-end folder date hint only; not a discovered earnings-call date until IR/SEC metadata confirms it.
pfe_2023_q4,PFE,Pfizer Inc.,NYSE,healthcare,2023,2023,Q4,2023,2023-12-31,target_placeholder_period_end_date,metadata_discovery_pending,Period-end folder date hint only; not a discovered earnings-call date until IR/SEC metadata confirms it.
unh_2023_q4,UNH,UnitedHealth Group Incorporated,NYSE,healthcare,2023,2023,Q4,2023,2023-12-31,target_placeholder_period_end_date,metadata_discovery_pending,Period-end folder date hint only; not a discovered earnings-call date until IR/SEC metadata confirms it.
cvs_2023_q4,CVS,CVS Health Corporation,NYSE,healthcare,2023,2023,Q4,2023,2023-12-31,target_placeholder_period_end_date,metadata_discovery_pending,Period-end folder date hint only; not a discovered earnings-call date until IR/SEC metadata confirms it.
abt_2023_q4,ABT,Abbott Laboratories,NYSE,healthcare,2023,2023,Q4,2023,2023-12-31,target_placeholder_period_end_date,metadata_discovery_pending,Period-end folder date hint only; not a discovered earnings-call date until IR/SEC metadata confirms it.
bmy_2023_q4,BMY,Bristol Myers Squibb Company,NYSE,healthcare,2023,2023,Q4,2023,2023-12-31,target_placeholder_period_end_date,metadata_discovery_pending,Period-end folder date hint only; not a discovered earnings-call date until IR/SEC metadata confirms it.
mdt_2023_q4,MDT,Medtronic plc,NYSE,healthcare,2023,2023,Q4,2023,2023-12-31,target_placeholder_period_end_date,metadata_discovery_pending,Period-end folder date hint only; not a discovered earnings-call date until IR/SEC metadata confirms it.
tmo_2023_q4,TMO,Thermo Fisher Scientific Inc.,NYSE,healthcare,2023,2023,Q4,2023,2023-12-31,target_placeholder_period_end_date,metadata_discovery_pending,Period-end folder date hint only; not a discovered earnings-call date until IR/SEC metadata confirms it.
dhr_2023_q4,DHR,Danaher Corporation,NYSE,healthcare,2023,2023,Q4,2023,2023-12-31,target_placeholder_period_end_date,metadata_discovery_pending,Period-end folder date hint only; not a discovered earnings-call date until IR/SEC metadata confirms it.
bdx_2023_q4,BDX,"Becton, Dickinson and Company",NYSE,healthcare,2023,2023,Q4,2023,2023-12-31,target_placeholder_period_end_date,metadata_discovery_pending,Period-end folder date hint only; not a discovered earnings-call date until IR/SEC metadata confirms it.
ci_2023_q4,CI,The Cigna Group,NYSE,healthcare,2023,2023,Q4,2023,2023-12-31,target_placeholder_period_end_date,metadata_discovery_pending,Period-end folder date hint only; not a discovered earnings-call date until IR/SEC metadata confirms it.
hca_2023_q4,HCA,"HCA Healthcare, Inc.",NYSE,healthcare,2023,2023,Q4,2023,2023-12-31,target_placeholder_period_end_date,metadata_discovery_pending,Period-end folder date hint only; not a discovered earnings-call date until IR/SEC metadata confirms it.
syk_2023_q4,SYK,Stryker Corporation,NYSE,healthcare,2023,2023,Q4,2023,2023-12-31,target_placeholder_period_end_date,metadata_discovery_pending,Period-end folder date hint only; not a discovered earnings-call date until IR/SEC metadata confirms it.
xom_2023_q4,XOM,Exxon Mobil Corporation,NYSE,energy,2023,2023,Q4,2023,2023-12-31,target_placeholder_period_end_date,metadata_discovery_pending,Period-end folder date hint only; not a discovered earnings-call date until IR/SEC metadata confirms it.
cvx_2023_q4,CVX,Chevron Corporation,NYSE,energy,2023,2023,Q4,2023,2023-12-31,target_placeholder_period_end_date,metadata_discovery_pending,Period-end folder date hint only; not a discovered earnings-call date until IR/SEC metadata confirms it.
cop_2023_q4,COP,ConocoPhillips,NYSE,energy,2023,2023,Q4,2023,2023-12-31,target_placeholder_period_end_date,metadata_discovery_pending,Period-end folder date hint only; not a discovered earnings-call date until IR/SEC metadata confirms it.
slb_2023_q4,SLB,SLB,NYSE,energy,2023,2023,Q4,2023,2023-12-31,target_placeholder_period_end_date,metadata_discovery_pending,Period-end folder date hint only; not a discovered earnings-call date until IR/SEC metadata confirms it.
hal_2023_q4,HAL,Halliburton Company,NYSE,energy,2023,2023,Q4,2023,2023-12-31,target_placeholder_period_end_date,metadata_discovery_pending,Period-end folder date hint only; not a discovered earnings-call date until IR/SEC metadata confirms it.
eog_2023_q4,EOG,"EOG Resources, Inc.",NYSE,energy,2023,2023,Q4,2023,2023-12-31,target_placeholder_period_end_date,metadata_discovery_pending,Period-end folder date hint only; not a discovered earnings-call date until IR/SEC metadata confirms it.
oxy_2023_q4,OXY,Occidental Petroleum Corporation,NYSE,energy,2023,2023,Q4,2023,2023-12-31,target_placeholder_period_end_date,metadata_discovery_pending,Period-end folder date hint only; not a discovered earnings-call date until IR/SEC metadata confirms it.
mpc_2023_q4,MPC,Marathon Petroleum Corporation,NYSE,energy,2023,2023,Q4,2023,2023-12-31,target_placeholder_period_end_date,metadata_discovery_pending,Period-end folder date hint only; not a discovered earnings-call date until IR/SEC metadata confirms it.
psx_2023_q4,PSX,Phillips 66,NYSE,energy,2023,2023,Q4,2023,2023-12-31,target_placeholder_period_end_date,metadata_discovery_pending,Period-end folder date hint only; not a discovered earnings-call date until IR/SEC metadata confirms it.
vlo_2023_q4,VLO,Valero Energy Corporation,NYSE,energy,2023,2023,Q4,2023,2023-12-31,target_placeholder_period_end_date,metadata_discovery_pending,Period-end folder date hint only; not a discovered earnings-call date until IR/SEC metadata confirms it.
ba_2023_q4,BA,The Boeing Company,NYSE,aerospace,2023,2023,Q4,2023,2023-12-31,target_placeholder_period_end_date,metadata_discovery_pending,Period-end folder date hint only; not a discovered earnings-call date until IR/SEC metadata confirms it.
rtx_2023_q4,RTX,RTX Corporation,NYSE,aerospace,2023,2023,Q4,2023,2023-12-31,target_placeholder_period_end_date,metadata_discovery_pending,Period-end folder date hint only; not a discovered earnings-call date until IR/SEC metadata confirms it.
lmt_2023_q4,LMT,Lockheed Martin Corporation,NYSE,aerospace,2023,2023,Q4,2023,2023-12-31,target_placeholder_period_end_date,metadata_discovery_pending,Period-end folder date hint only; not a discovered earnings-call date until IR/SEC metadata confirms it.
noc_2023_q4,NOC,Northrop Grumman Corporation,NYSE,aerospace,2023,2023,Q4,2023,2023-12-31,target_placeholder_period_end_date,metadata_discovery_pending,Period-end folder date hint only; not a discovered earnings-call date until IR/SEC metadata confirms it.
gd_2023_q4,GD,General Dynamics Corporation,NYSE,aerospace,2023,2023,Q4,2023,2023-12-31,target_placeholder_period_end_date,metadata_discovery_pending,Period-end folder date hint only; not a discovered earnings-call date until IR/SEC metadata confirms it.
cat_2023_q4,CAT,Caterpillar Inc.,NYSE,industrials,2023,2023,Q4,2023,2023-12-31,target_placeholder_period_end_date,metadata_discovery_pending,Period-end folder date hint only; not a discovered earnings-call date until IR/SEC metadata confirms it.
de_2023_q4,DE,Deere & Company,NYSE,industrials,2023,2023,Q4,2023,2023-12-31,target_placeholder_period_end_date,metadata_discovery_pending,Period-end folder date hint only; not a discovered earnings-call date until IR/SEC metadata confirms it.
ge_2023_q4,GE,GE Aerospace,NYSE,industrials,2023,2023,Q4,2023,2023-12-31,target_placeholder_period_end_date,metadata_discovery_pending,Period-end folder date hint only; not a discovered earnings-call date until IR/SEC metadata confirms it.
etn_2023_q4,ETN,Eaton Corporation plc,NYSE,industrials,2023,2023,Q4,2023,2023-12-31,target_placeholder_period_end_date,metadata_discovery_pending,Period-end folder date hint only; not a discovered earnings-call date until IR/SEC metadata confirms it.
emr_2023_q4,EMR,Emerson Electric Co.,NYSE,industrials,2023,2023,Q4,2023,2023-12-31,target_placeholder_period_end_date,metadata_discovery_pending,Period-end folder date hint only; not a discovered earnings-call date until IR/SEC metadata confirms it.
mmm_2023_q4,MMM,3M Company,NYSE,industrials,2023,2023,Q4,2023,2023-12-31,target_placeholder_period_end_date,metadata_discovery_pending,Period-end folder date hint only; not a discovered earnings-call date until IR/SEC metadata confirms it.
itw_2023_q4,ITW,Illinois Tool Works Inc.,NYSE,industrials,2023,2023,Q4,2023,2023-12-31,target_placeholder_period_end_date,metadata_discovery_pending,Period-end folder date hint only; not a discovered earnings-call date until IR/SEC metadata confirms it.
ph_2023_q4,PH,Parker-Hannifin Corporation,NYSE,industrials,2023,2023,Q4,2023,2023-12-31,target_placeholder_period_end_date,metadata_discovery_pending,Period-end folder date hint only; not a discovered earnings-call date until IR/SEC metadata confirms it.
carr_2023_q4,CARR,Carrier Global Corporation,NYSE,industrials,2023,2023,Q4,2023,2023-12-31,target_placeholder_period_end_date,metadata_discovery_pending,Period-end folder date hint only; not a discovered earnings-call date until IR/SEC metadata confirms it.
otis_2023_q4,OTIS,Otis Worldwide Corporation,NYSE,industrials,2023,2023,Q4,2023,2023-12-31,target_placeholder_period_end_date,metadata_discovery_pending,Period-end folder date hint only; not a discovered earnings-call date until IR/SEC metadata confirms it.
ups_2023_q4,UPS,"United Parcel Service, Inc.",NYSE,logistics,2023,2023,Q4,2023,2023-12-31,target_placeholder_period_end_date,metadata_discovery_pending,Period-end folder date hint only; not a discovered earnings-call date until IR/SEC metadata confirms it.
fdx_2023_q4,FDX,FedEx Corporation,NYSE,logistics,2023,2023,Q4,2023,2023-12-31,target_placeholder_period_end_date,metadata_discovery_pending,Period-end folder date hint only; not a discovered earnings-call date until IR/SEC metadata confirms it.
dal_2023_q4,DAL,"Delta Air Lines, Inc.",NYSE,logistics,2023,2023,Q4,2023,2023-12-31,target_placeholder_period_end_date,metadata_discovery_pending,Period-end folder date hint only; not a discovered earnings-call date until IR/SEC metadata confirms it.
unp_2023_q4,UNP,Union Pacific Corporation,NYSE,logistics,2023,2023,Q4,2023,2023-12-31,target_placeholder_period_end_date,metadata_discovery_pending,Period-end folder date hint only; not a discovered earnings-call date until IR/SEC metadata confirms it.
nsc_2023_q4,NSC,Norfolk Southern Corporation,NYSE,logistics,2023,2023,Q4,2023,2023-12-31,target_placeholder_period_end_date,metadata_discovery_pending,Period-end folder date hint only; not a discovered earnings-call date until IR/SEC metadata confirms it.
hd_2023_q4,HD,"The Home Depot, Inc.",NYSE,retail,2023,2023,Q4,2023,2023-12-31,target_placeholder_period_end_date,metadata_discovery_pending,Period-end folder date hint only; not a discovered earnings-call date until IR/SEC metadata confirms it.
low_2023_q4,LOW,"Lowe's Companies, Inc.",NYSE,retail,2023,2023,Q4,2023,2023-12-31,target_placeholder_period_end_date,metadata_discovery_pending,Period-end folder date hint only; not a discovered earnings-call date until IR/SEC metadata confirms it.
tgt_2023_q4,TGT,Target Corporation,NYSE,retail,2023,2023,Q4,2023,2023-12-31,target_placeholder_period_end_date,metadata_discovery_pending,Period-end folder date hint only; not a discovered earnings-call date until IR/SEC metadata confirms it.
kr_2023_q4,KR,The Kroger Co.,NYSE,retail,2023,2023,Q4,2023,2023-12-31,target_placeholder_period_end_date,metadata_discovery_pending,Period-end folder date hint only; not a discovered earnings-call date until IR/SEC metadata confirms it.
dg_2023_q4,DG,Dollar General Corporation,NYSE,retail,2023,2023,Q4,2023,2023-12-31,target_placeholder_period_end_date,metadata_discovery_pending,Period-end folder date hint only; not a discovered earnings-call date until IR/SEC metadata confirms it.
mcd_2023_q4,MCD,McDonald's Corporation,NYSE,consumer,2023,2023,Q4,2023,2023-12-31,target_placeholder_period_end_date,metadata_discovery_pending,Period-end folder date hint only; not a discovered earnings-call date until IR/SEC metadata confirms it.
yum_2023_q4,YUM,"Yum! Brands, Inc.",NYSE,consumer,2023,2023,Q4,2023,2023-12-31,target_placeholder_period_end_date,metadata_discovery_pending,Period-end folder date hint only; not a discovered earnings-call date until IR/SEC metadata confirms it.
nke_2023_q4,NKE,"NIKE, Inc.",NYSE,consumer,2023,2023,Q4,2023,2023-12-31,target_placeholder_period_end_date,metadata_discovery_pending,Period-end folder date hint only; not a discovered earnings-call date until IR/SEC metadata confirms it.
dis_2023_q4,DIS,The Walt Disney Company,NYSE,consumer,2023,2023,Q4,2023,2023-12-31,target_placeholder_period_end_date,metadata_discovery_pending,Period-end folder date hint only; not a discovered earnings-call date until IR/SEC metadata confirms it.
ko_2023_q4,KO,The Coca-Cola Company,NYSE,consumer,2023,2023,Q4,2023,2023-12-31,target_placeholder_period_end_date,metadata_discovery_pending,Period-end folder date hint only; not a discovered earnings-call date until IR/SEC metadata confirms it.
pg_2023_q4,PG,The Procter & Gamble Company,NYSE,consumer,2023,2023,Q4,2023,2023-12-31,target_placeholder_period_end_date,metadata_discovery_pending,Period-end folder date hint only; not a discovered earnings-call date until IR/SEC metadata confirms it.
cl_2023_q4,CL,Colgate-Palmolive Company,NYSE,consumer,2023,2023,Q4,2023,2023-12-31,target_placeholder_period_end_date,metadata_discovery_pending,Period-end folder date hint only; not a discovered earnings-call date until IR/SEC metadata confirms it.
el_2023_q4,EL,The Estee Lauder Companies Inc.,NYSE,consumer,2023,2023,Q4,2023,2023-12-31,target_placeholder_period_end_date,metadata_discovery_pending,Period-end folder date hint only; not a discovered earnings-call date until IR/SEC metadata confirms it.
gis_2023_q4,GIS,"General Mills, Inc.",NYSE,consumer,2023,2023,Q4,2023,2023-12-31,target_placeholder_period_end_date,metadata_discovery_pending,Period-end folder date hint only; not a discovered earnings-call date until IR/SEC metadata confirms it.
hsy_2023_q4,HSY,The Hershey Company,NYSE,consumer,2023,2023,Q4,2023,2023-12-31,target_placeholder_period_end_date,metadata_discovery_pending,Period-end folder date hint only; not a discovered earnings-call date until IR/SEC metadata confirms it.
t_2023_q4,T,AT&T Inc.,NYSE,telecom,2023,2023,Q4,2023,2023-12-31,target_placeholder_period_end_date,metadata_discovery_pending,Period-end folder date hint only; not a discovered earnings-call date until IR/SEC metadata confirms it.
vz_2023_q4,VZ,Verizon Communications Inc.,NYSE,telecom,2023,2023,Q4,2023,2023-12-31,target_placeholder_period_end_date,metadata_discovery_pending,Period-end folder date hint only; not a discovered earnings-call date until IR/SEC metadata confirms it.
ibm_2023_q4,IBM,International Business Machines Corporation,NYSE,technology,2023,2023,Q4,2023,2023-12-31,target_placeholder_period_end_date,metadata_discovery_pending,Period-end folder date hint only; not a discovered earnings-call date until IR/SEC metadata confirms it.
orcl_2023_q4,ORCL,Oracle Corporation,NYSE,technology,2023,2023,Q4,2023,2023-12-31,target_placeholder_period_end_date,metadata_discovery_pending,Period-end folder date hint only; not a discovered earnings-call date until IR/SEC metadata confirms it.
crm_2023_q4,CRM,"Salesforce, Inc.",NYSE,technology,2023,2023,Q4,2023,2023-12-31,target_placeholder_period_end_date,metadata_discovery_pending,Period-end folder date hint only; not a discovered earnings-call date until IR/SEC metadata confirms it.
now_2023_q4,NOW,"ServiceNow, Inc.",NYSE,technology,2023,2023,Q4,2023,2023-12-31,target_placeholder_period_end_date,metadata_discovery_pending,Period-end folder date hint only; not a discovered earnings-call date until IR/SEC metadata confirms it.
acn_2023_q4,ACN,Accenture plc,NYSE,technology,2023,2023,Q4,2023,2023-12-31,target_placeholder_period_end_date,metadata_discovery_pending,Period-end folder date hint only; not a discovered earnings-call date until IR/SEC metadata confirms it.
dell_2023_q4,DELL,Dell Technologies Inc.,NYSE,technology,2023,2023,Q4,2023,2023-12-31,target_placeholder_period_end_date,metadata_discovery_pending,Period-end folder date hint only; not a discovered earnings-call date until IR/SEC metadata confirms it.
hpq_2023_q4,HPQ,HP Inc.,NYSE,technology,2023,2023,Q4,2023,2023-12-31,target_placeholder_period_end_date,metadata_discovery_pending,Period-end folder date hint only; not a discovered earnings-call date until IR/SEC metadata confirms it.
net_2023_q4,NET,"Cloudflare, Inc.",NYSE,technology,2023,2023,Q4,2023,2023-12-31,target_placeholder_period_end_date,metadata_discovery_pending,Period-end folder date hint only; not a discovered earnings-call date until IR/SEC metadata confirms it.
snow_2023_q4,SNOW,Snowflake Inc.,NYSE,technology,2023,2023,Q4,2023,2023-12-31,target_placeholder_period_end_date,metadata_discovery_pending,Period-end folder date hint only; not a discovered earnings-call date until IR/SEC metadata confirms it.
jpm_2022_q4,JPM,JPMorgan Chase & Co.,NYSE,banking,2022,2022,Q4,2022,2022-12-31,target_placeholder_period_end_date,metadata_discovery_pending,Period-end folder date hint only; not a discovered earnings-call date until IR/SEC metadata confirms it.
bac_2022_q4,BAC,Bank of America Corporation,NYSE,banking,2022,2022,Q4,2022,2022-12-31,target_placeholder_period_end_date,metadata_discovery_pending,Period-end folder date hint only; not a discovered earnings-call date until IR/SEC metadata confirms it.
c_2022_q4,C,Citigroup Inc.,NYSE,banking,2022,2022,Q4,2022,2022-12-31,target_placeholder_period_end_date,metadata_discovery_pending,Period-end folder date hint only; not a discovered earnings-call date until IR/SEC metadata confirms it.
wfc_2022_q4,WFC,Wells Fargo & Company,NYSE,banking,2022,2022,Q4,2022,2022-12-31,target_placeholder_period_end_date,metadata_discovery_pending,Period-end folder date hint only; not a discovered earnings-call date until IR/SEC metadata confirms it.
gs_2022_q4,GS,"The Goldman Sachs Group, Inc.",NYSE,banking,2022,2022,Q4,2022,2022-12-31,target_placeholder_period_end_date,metadata_discovery_pending,Period-end folder date hint only; not a discovered earnings-call date until IR/SEC metadata confirms it.
ms_2022_q4,MS,Morgan Stanley,NYSE,banking,2022,2022,Q4,2022,2022-12-31,target_placeholder_period_end_date,metadata_discovery_pending,Period-end folder date hint only; not a discovered earnings-call date until IR/SEC metadata confirms it.
bk_2022_q4,BK,The Bank of New York Mellon Corporation,NYSE,banking,2022,2022,Q4,2022,2022-12-31,target_placeholder_period_end_date,metadata_discovery_pending,Period-end folder date hint only; not a discovered earnings-call date until IR/SEC metadata confirms it.
stt_2022_q4,STT,State Street Corporation,NYSE,banking,2022,2022,Q4,2022,2022-12-31,target_placeholder_period_end_date,metadata_discovery_pending,Period-end folder date hint only; not a discovered earnings-call date until IR/SEC metadata confirms it.
usb_2022_q4,USB,U.S. Bancorp,NYSE,banking,2022,2022,Q4,2022,2022-12-31,target_placeholder_period_end_date,metadata_discovery_pending,Period-end folder date hint only; not a discovered earnings-call date until IR/SEC metadata confirms it.
pnc_2022_q4,PNC,"The PNC Financial Services Group, Inc.",NYSE,banking,2022,2022,Q4,2022,2022-12-31,target_placeholder_period_end_date,metadata_discovery_pending,Period-end folder date hint only; not a discovered earnings-call date until IR/SEC metadata confirms it.
tfc_2022_q4,TFC,Truist Financial Corporation,NYSE,banking,2022,2022,Q4,2022,2022-12-31,target_placeholder_period_end_date,metadata_discovery_pending,Period-end folder date hint only; not a discovered earnings-call date until IR/SEC metadata confirms it.
cof_2022_q4,COF,Capital One Financial Corporation,NYSE,banking,2022,2022,Q4,2022,2022-12-31,target_placeholder_period_end_date,metadata_discovery_pending,Period-end folder date hint only; not a discovered earnings-call date until IR/SEC metadata confirms it.
axp_2022_q4,AXP,American Express Company,NYSE,payments,2022,2022,Q4,2022,2022-12-31,target_placeholder_period_end_date,metadata_discovery_pending,Period-end folder date hint only; not a discovered earnings-call date until IR/SEC metadata confirms it.
v_2022_q4,V,Visa Inc.,NYSE,payments,2022,2022,Q4,2022,2022-12-31,target_placeholder_period_end_date,metadata_discovery_pending,Period-end folder date hint only; not a discovered earnings-call date until IR/SEC metadata confirms it.
ma_2022_q4,MA,Mastercard Incorporated,NYSE,payments,2022,2022,Q4,2022,2022-12-31,target_placeholder_period_end_date,metadata_discovery_pending,Period-end folder date hint only; not a discovered earnings-call date until IR/SEC metadata confirms it.
fis_2022_q4,FIS,"Fidelity National Information Services, Inc.",NYSE,payments,2022,2022,Q4,2022,2022-12-31,target_placeholder_period_end_date,metadata_discovery_pending,Period-end folder date hint only; not a discovered earnings-call date until IR/SEC metadata confirms it.
gpn_2022_q4,GPN,Global Payments Inc.,NYSE,payments,2022,2022,Q4,2022,2022-12-31,target_placeholder_period_end_date,metadata_discovery_pending,Period-end folder date hint only; not a discovered earnings-call date until IR/SEC metadata confirms it.
blk_2022_q4,BLK,"BlackRock, Inc.",NYSE,financial_infrastructure,2022,2022,Q4,2022,2022-12-31,target_placeholder_period_end_date,metadata_discovery_pending,Period-end folder date hint only; not a discovered earnings-call date until IR/SEC metadata confirms it.
bx_2022_q4,BX,Blackstone Inc.,NYSE,financial_infrastructure,2022,2022,Q4,2022,2022-12-31,target_placeholder_period_end_date,metadata_discovery_pending,Period-end folder date hint only; not a discovered earnings-call date until IR/SEC metadata confirms it.
schw_2022_q4,SCHW,The Charles Schwab Corporation,NYSE,financial_infrastructure,2022,2022,Q4,2022,2022-12-31,target_placeholder_period_end_date,metadata_discovery_pending,Period-end folder date hint only; not a discovered earnings-call date until IR/SEC metadata confirms it.
ice_2022_q4,ICE,"Intercontinental Exchange, Inc.",NYSE,financial_infrastructure,2022,2022,Q4,2022,2022-12-31,target_placeholder_period_end_date,metadata_discovery_pending,Period-end folder date hint only; not a discovered earnings-call date until IR/SEC metadata confirms it.
spgi_2022_q4,SPGI,S&P Global Inc.,NYSE,financial_infrastructure,2022,2022,Q4,2022,2022-12-31,target_placeholder_period_end_date,metadata_discovery_pending,Period-end folder date hint only; not a discovered earnings-call date until IR/SEC metadata confirms it.
mco_2022_q4,MCO,Moody's Corporation,NYSE,financial_infrastructure,2022,2022,Q4,2022,2022-12-31,target_placeholder_period_end_date,metadata_discovery_pending,Period-end folder date hint only; not a discovered earnings-call date until IR/SEC metadata confirms it.
aon_2022_q4,AON,Aon plc,NYSE,insurance,2022,2022,Q4,2022,2022-12-31,target_placeholder_period_end_date,metadata_discovery_pending,Period-end folder date hint only; not a discovered earnings-call date until IR/SEC metadata confirms it.
aig_2022_q4,AIG,"American International Group, Inc.",NYSE,insurance,2022,2022,Q4,2022,2022-12-31,target_placeholder_period_end_date,metadata_discovery_pending,Period-end folder date hint only; not a discovered earnings-call date until IR/SEC metadata confirms it.
met_2022_q4,MET,"MetLife, Inc.",NYSE,insurance,2022,2022,Q4,2022,2022-12-31,target_placeholder_period_end_date,metadata_discovery_pending,Period-end folder date hint only; not a discovered earnings-call date until IR/SEC metadata confirms it.
pru_2022_q4,PRU,"Prudential Financial, Inc.",NYSE,insurance,2022,2022,Q4,2022,2022-12-31,target_placeholder_period_end_date,metadata_discovery_pending,Period-end folder date hint only; not a discovered earnings-call date until IR/SEC metadata confirms it.
trv_2022_q4,TRV,"The Travelers Companies, Inc.",NYSE,insurance,2022,2022,Q4,2022,2022-12-31,target_placeholder_period_end_date,metadata_discovery_pending,Period-end folder date hint only; not a discovered earnings-call date until IR/SEC metadata confirms it.
cb_2022_q4,CB,Chubb Limited,NYSE,insurance,2022,2022,Q4,2022,2022-12-31,target_placeholder_period_end_date,metadata_discovery_pending,Period-end folder date hint only; not a discovered earnings-call date until IR/SEC metadata confirms it.
jnj_2022_q4,JNJ,Johnson & Johnson,NYSE,healthcare,2022,2022,Q4,2022,2022-12-31,target_placeholder_period_end_date,metadata_discovery_pending,Period-end folder date hint only; not a discovered earnings-call date until IR/SEC metadata confirms it.
lly_2022_q4,LLY,Eli Lilly and Company,NYSE,healthcare,2022,2022,Q4,2022,2022-12-31,target_placeholder_period_end_date,metadata_discovery_pending,Period-end folder date hint only; not a discovered earnings-call date until IR/SEC metadata confirms it.
mrk_2022_q4,MRK,"Merck & Co., Inc.",NYSE,healthcare,2022,2022,Q4,2022,2022-12-31,target_placeholder_period_end_date,metadata_discovery_pending,Period-end folder date hint only; not a discovered earnings-call date until IR/SEC metadata confirms it.
pfe_2022_q4,PFE,Pfizer Inc.,NYSE,healthcare,2022,2022,Q4,2022,2022-12-31,target_placeholder_period_end_date,metadata_discovery_pending,Period-end folder date hint only; not a discovered earnings-call date until IR/SEC metadata confirms it.
unh_2022_q4,UNH,UnitedHealth Group Incorporated,NYSE,healthcare,2022,2022,Q4,2022,2022-12-31,target_placeholder_period_end_date,metadata_discovery_pending,Period-end folder date hint only; not a discovered earnings-call date until IR/SEC metadata confirms it.
cvs_2022_q4,CVS,CVS Health Corporation,NYSE,healthcare,2022,2022,Q4,2022,2022-12-31,target_placeholder_period_end_date,metadata_discovery_pending,Period-end folder date hint only; not a discovered earnings-call date until IR/SEC metadata confirms it.
abt_2022_q4,ABT,Abbott Laboratories,NYSE,healthcare,2022,2022,Q4,2022,2022-12-31,target_placeholder_period_end_date,metadata_discovery_pending,Period-end folder date hint only; not a discovered earnings-call date until IR/SEC metadata confirms it.
bmy_2022_q4,BMY,Bristol Myers Squibb Company,NYSE,healthcare,2022,2022,Q4,2022,2022-12-31,target_placeholder_period_end_date,metadata_discovery_pending,Period-end folder date hint only; not a discovered earnings-call date until IR/SEC metadata confirms it.
mdt_2022_q4,MDT,Medtronic plc,NYSE,healthcare,2022,2022,Q4,2022,2022-12-31,target_placeholder_period_end_date,metadata_discovery_pending,Period-end folder date hint only; not a discovered earnings-call date until IR/SEC metadata confirms it.
tmo_2022_q4,TMO,Thermo Fisher Scientific Inc.,NYSE,healthcare,2022,2022,Q4,2022,2022-12-31,target_placeholder_period_end_date,metadata_discovery_pending,Period-end folder date hint only; not a discovered earnings-call date until IR/SEC metadata confirms it.
dhr_2022_q4,DHR,Danaher Corporation,NYSE,healthcare,2022,2022,Q4,2022,2022-12-31,target_placeholder_period_end_date,metadata_discovery_pending,Period-end folder date hint only; not a discovered earnings-call date until IR/SEC metadata confirms it.
bdx_2022_q4,BDX,"Becton, Dickinson and Company",NYSE,healthcare,2022,2022,Q4,2022,2022-12-31,target_placeholder_period_end_date,metadata_discovery_pending,Period-end folder date hint only; not a discovered earnings-call date until IR/SEC metadata confirms it.
ci_2022_q4,CI,The Cigna Group,NYSE,healthcare,2022,2022,Q4,2022,2022-12-31,target_placeholder_period_end_date,metadata_discovery_pending,Period-end folder date hint only; not a discovered earnings-call date until IR/SEC metadata confirms it.
hca_2022_q4,HCA,"HCA Healthcare, Inc.",NYSE,healthcare,2022,2022,Q4,2022,2022-12-31,target_placeholder_period_end_date,metadata_discovery_pending,Period-end folder date hint only; not a discovered earnings-call date until IR/SEC metadata confirms it.
syk_2022_q4,SYK,Stryker Corporation,NYSE,healthcare,2022,2022,Q4,2022,2022-12-31,target_placeholder_period_end_date,metadata_discovery_pending,Period-end folder date hint only; not a discovered earnings-call date until IR/SEC metadata confirms it.
xom_2022_q4,XOM,Exxon Mobil Corporation,NYSE,energy,2022,2022,Q4,2022,2022-12-31,target_placeholder_period_end_date,metadata_discovery_pending,Period-end folder date hint only; not a discovered earnings-call date until IR/SEC metadata confirms it.
cvx_2022_q4,CVX,Chevron Corporation,NYSE,energy,2022,2022,Q4,2022,2022-12-31,target_placeholder_period_end_date,metadata_discovery_pending,Period-end folder date hint only; not a discovered earnings-call date until IR/SEC metadata confirms it.
cop_2022_q4,COP,ConocoPhillips,NYSE,energy,2022,2022,Q4,2022,2022-12-31,target_placeholder_period_end_date,metadata_discovery_pending,Period-end folder date hint only; not a discovered earnings-call date until IR/SEC metadata confirms it.
slb_2022_q4,SLB,SLB,NYSE,energy,2022,2022,Q4,2022,2022-12-31,target_placeholder_period_end_date,metadata_discovery_pending,Period-end folder date hint only; not a discovered earnings-call date until IR/SEC metadata confirms it.
hal_2022_q4,HAL,Halliburton Company,NYSE,energy,2022,2022,Q4,2022,2022-12-31,target_placeholder_period_end_date,metadata_discovery_pending,Period-end folder date hint only; not a discovered earnings-call date until IR/SEC metadata confirms it.
eog_2022_q4,EOG,"EOG Resources, Inc.",NYSE,energy,2022,2022,Q4,2022,2022-12-31,target_placeholder_period_end_date,metadata_discovery_pending,Period-end folder date hint only; not a discovered earnings-call date until IR/SEC metadata confirms it.
oxy_2022_q4,OXY,Occidental Petroleum Corporation,NYSE,energy,2022,2022,Q4,2022,2022-12-31,target_placeholder_period_end_date,metadata_discovery_pending,Period-end folder date hint only; not a discovered earnings-call date until IR/SEC metadata confirms it.
mpc_2022_q4,MPC,Marathon Petroleum Corporation,NYSE,energy,2022,2022,Q4,2022,2022-12-31,target_placeholder_period_end_date,metadata_discovery_pending,Period-end folder date hint only; not a discovered earnings-call date until IR/SEC metadata confirms it.
psx_2022_q4,PSX,Phillips 66,NYSE,energy,2022,2022,Q4,2022,2022-12-31,target_placeholder_period_end_date,metadata_discovery_pending,Period-end folder date hint only; not a discovered earnings-call date until IR/SEC metadata confirms it.
vlo_2022_q4,VLO,Valero Energy Corporation,NYSE,energy,2022,2022,Q4,2022,2022-12-31,target_placeholder_period_end_date,metadata_discovery_pending,Period-end folder date hint only; not a discovered earnings-call date until IR/SEC metadata confirms it.
ba_2022_q4,BA,The Boeing Company,NYSE,aerospace,2022,2022,Q4,2022,2022-12-31,target_placeholder_period_end_date,metadata_discovery_pending,Period-end folder date hint only; not a discovered earnings-call date until IR/SEC metadata confirms it.
rtx_2022_q4,RTX,RTX Corporation,NYSE,aerospace,2022,2022,Q4,2022,2022-12-31,target_placeholder_period_end_date,metadata_discovery_pending,Period-end folder date hint only; not a discovered earnings-call date until IR/SEC metadata confirms it.
lmt_2022_q4,LMT,Lockheed Martin Corporation,NYSE,aerospace,2022,2022,Q4,2022,2022-12-31,target_placeholder_period_end_date,metadata_discovery_pending,Period-end folder date hint only; not a discovered earnings-call date until IR/SEC metadata confirms it.
noc_2022_q4,NOC,Northrop Grumman Corporation,NYSE,aerospace,2022,2022,Q4,2022,2022-12-31,target_placeholder_period_end_date,metadata_discovery_pending,Period-end folder date hint only; not a discovered earnings-call date until IR/SEC metadata confirms it.
gd_2022_q4,GD,General Dynamics Corporation,NYSE,aerospace,2022,2022,Q4,2022,2022-12-31,target_placeholder_period_end_date,metadata_discovery_pending,Period-end folder date hint only; not a discovered earnings-call date until IR/SEC metadata confirms it.
cat_2022_q4,CAT,Caterpillar Inc.,NYSE,industrials,2022,2022,Q4,2022,2022-12-31,target_placeholder_period_end_date,metadata_discovery_pending,Period-end folder date hint only; not a discovered earnings-call date until IR/SEC metadata confirms it.
de_2022_q4,DE,Deere & Company,NYSE,industrials,2022,2022,Q4,2022,2022-12-31,target_placeholder_period_end_date,metadata_discovery_pending,Period-end folder date hint only; not a discovered earnings-call date until IR/SEC metadata confirms it.
ge_2022_q4,GE,GE Aerospace,NYSE,industrials,2022,2022,Q4,2022,2022-12-31,target_placeholder_period_end_date,metadata_discovery_pending,Period-end folder date hint only; not a discovered earnings-call date until IR/SEC metadata confirms it.
etn_2022_q4,ETN,Eaton Corporation plc,NYSE,industrials,2022,2022,Q4,2022,2022-12-31,target_placeholder_period_end_date,metadata_discovery_pending,Period-end folder date hint only; not a discovered earnings-call date until IR/SEC metadata confirms it.
emr_2022_q4,EMR,Emerson Electric Co.,NYSE,industrials,2022,2022,Q4,2022,2022-12-31,target_placeholder_period_end_date,metadata_discovery_pending,Period-end folder date hint only; not a discovered earnings-call date until IR/SEC metadata confirms it.
mmm_2022_q4,MMM,3M Company,NYSE,industrials,2022,2022,Q4,2022,2022-12-31,target_placeholder_period_end_date,metadata_discovery_pending,Period-end folder date hint only; not a discovered earnings-call date until IR/SEC metadata confirms it.
itw_2022_q4,ITW,Illinois Tool Works Inc.,NYSE,industrials,2022,2022,Q4,2022,2022-12-31,target_placeholder_period_end_date,metadata_discovery_pending,Period-end folder date hint only; not a discovered earnings-call date until IR/SEC metadata confirms it.
ph_2022_q4,PH,Parker-Hannifin Corporation,NYSE,industrials,2022,2022,Q4,2022,2022-12-31,target_placeholder_period_end_date,metadata_discovery_pending,Period-end folder date hint only; not a discovered earnings-call date until IR/SEC metadata confirms it.
carr_2022_q4,CARR,Carrier Global Corporation,NYSE,industrials,2022,2022,Q4,2022,2022-12-31,target_placeholder_period_end_date,metadata_discovery_pending,Period-end folder date hint only; not a discovered earnings-call date until IR/SEC metadata confirms it.
otis_2022_q4,OTIS,Otis Worldwide Corporation,NYSE,industrials,2022,2022,Q4,2022,2022-12-31,target_placeholder_period_end_date,metadata_discovery_pending,Period-end folder date hint only; not a discovered earnings-call date until IR/SEC metadata confirms it.
ups_2022_q4,UPS,"United Parcel Service, Inc.",NYSE,logistics,2022,2022,Q4,2022,2022-12-31,target_placeholder_period_end_date,metadata_discovery_pending,Period-end folder date hint only; not a discovered earnings-call date until IR/SEC metadata confirms it.
fdx_2022_q4,FDX,FedEx Corporation,NYSE,logistics,2022,2022,Q4,2022,2022-12-31,target_placeholder_period_end_date,metadata_discovery_pending,Period-end folder date hint only; not a discovered earnings-call date until IR/SEC metadata confirms it.
dal_2022_q4,DAL,"Delta Air Lines, Inc.",NYSE,logistics,2022,2022,Q4,2022,2022-12-31,target_placeholder_period_end_date,metadata_discovery_pending,Period-end folder date hint only; not a discovered earnings-call date until IR/SEC metadata confirms it.
unp_2022_q4,UNP,Union Pacific Corporation,NYSE,logistics,2022,2022,Q4,2022,2022-12-31,target_placeholder_period_end_date,metadata_discovery_pending,Period-end folder date hint only; not a discovered earnings-call date until IR/SEC metadata confirms it.
nsc_2022_q4,NSC,Norfolk Southern Corporation,NYSE,logistics,2022,2022,Q4,2022,2022-12-31,target_placeholder_period_end_date,metadata_discovery_pending,Period-end folder date hint only; not a discovered earnings-call date until IR/SEC metadata confirms it.
hd_2022_q4,HD,"The Home Depot, Inc.",NYSE,retail,2022,2022,Q4,2022,2022-12-31,target_placeholder_period_end_date,metadata_discovery_pending,Period-end folder date hint only; not a discovered earnings-call date until IR/SEC metadata confirms it.
low_2022_q4,LOW,"Lowe's Companies, Inc.",NYSE,retail,2022,2022,Q4,2022,2022-12-31,target_placeholder_period_end_date,metadata_discovery_pending,Period-end folder date hint only; not a discovered earnings-call date until IR/SEC metadata confirms it.
tgt_2022_q4,TGT,Target Corporation,NYSE,retail,2022,2022,Q4,2022,2022-12-31,target_placeholder_period_end_date,metadata_discovery_pending,Period-end folder date hint only; not a discovered earnings-call date until IR/SEC metadata confirms it.
kr_2022_q4,KR,The Kroger Co.,NYSE,retail,2022,2022,Q4,2022,2022-12-31,target_placeholder_period_end_date,metadata_discovery_pending,Period-end folder date hint only; not a discovered earnings-call date until IR/SEC metadata confirms it.
dg_2022_q4,DG,Dollar General Corporation,NYSE,retail,2022,2022,Q4,2022,2022-12-31,target_placeholder_period_end_date,metadata_discovery_pending,Period-end folder date hint only; not a discovered earnings-call date until IR/SEC metadata confirms it.
mcd_2022_q4,MCD,McDonald's Corporation,NYSE,consumer,2022,2022,Q4,2022,2022-12-31,target_placeholder_period_end_date,metadata_discovery_pending,Period-end folder date hint only; not a discovered earnings-call date until IR/SEC metadata confirms it.
yum_2022_q4,YUM,"Yum! Brands, Inc.",NYSE,consumer,2022,2022,Q4,2022,2022-12-31,target_placeholder_period_end_date,metadata_discovery_pending,Period-end folder date hint only; not a discovered earnings-call date until IR/SEC metadata confirms it.
nke_2022_q4,NKE,"NIKE, Inc.",NYSE,consumer,2022,2022,Q4,2022,2022-12-31,target_placeholder_period_end_date,metadata_discovery_pending,Period-end folder date hint only; not a discovered earnings-call date until IR/SEC metadata confirms it.
dis_2022_q4,DIS,The Walt Disney Company,NYSE,consumer,2022,2022,Q4,2022,2022-12-31,target_placeholder_period_end_date,metadata_discovery_pending,Period-end folder date hint only; not a discovered earnings-call date until IR/SEC metadata confirms it.
ko_2022_q4,KO,The Coca-Cola Company,NYSE,consumer,2022,2022,Q4,2022,2022-12-31,target_placeholder_period_end_date,metadata_discovery_pending,Period-end folder date hint only; not a discovered earnings-call date until IR/SEC metadata confirms it.
pg_2022_q4,PG,The Procter & Gamble Company,NYSE,consumer,2022,2022,Q4,2022,2022-12-31,target_placeholder_period_end_date,metadata_discovery_pending,Period-end folder date hint only; not a discovered earnings-call date until IR/SEC metadata confirms it.
cl_2022_q4,CL,Colgate-Palmolive Company,NYSE,consumer,2022,2022,Q4,2022,2022-12-31,target_placeholder_period_end_date,metadata_discovery_pending,Period-end folder date hint only; not a discovered earnings-call date until IR/SEC metadata confirms it.
el_2022_q4,EL,The Estee Lauder Companies Inc.,NYSE,consumer,2022,2022,Q4,2022,2022-12-31,target_placeholder_period_end_date,metadata_discovery_pending,Period-end folder date hint only; not a discovered earnings-call date until IR/SEC metadata confirms it.
gis_2022_q4,GIS,"General Mills, Inc.",NYSE,consumer,2022,2022,Q4,2022,2022-12-31,target_placeholder_period_end_date,metadata_discovery_pending,Period-end folder date hint only; not a discovered earnings-call date until IR/SEC metadata confirms it.
hsy_2022_q4,HSY,The Hershey Company,NYSE,consumer,2022,2022,Q4,2022,2022-12-31,target_placeholder_period_end_date,metadata_discovery_pending,Period-end folder date hint only; not a discovered earnings-call date until IR/SEC metadata confirms it.
t_2022_q4,T,AT&T Inc.,NYSE,telecom,2022,2022,Q4,2022,2022-12-31,target_placeholder_period_end_date,metadata_discovery_pending,Period-end folder date hint only; not a discovered earnings-call date until IR/SEC metadata confirms it.
vz_2022_q4,VZ,Verizon Communications Inc.,NYSE,telecom,2022,2022,Q4,2022,2022-12-31,target_placeholder_period_end_date,metadata_discovery_pending,Period-end folder date hint only; not a discovered earnings-call date until IR/SEC metadata confirms it.
ibm_2022_q4,IBM,International Business Machines Corporation,NYSE,technology,2022,2022,Q4,2022,2022-12-31,target_placeholder_period_end_date,metadata_discovery_pending,Period-end folder date hint only; not a discovered earnings-call date until IR/SEC metadata confirms it.
orcl_2022_q4,ORCL,Oracle Corporation,NYSE,technology,2022,2022,Q4,2022,2022-12-31,target_placeholder_period_end_date,metadata_discovery_pending,Period-end folder date hint only; not a discovered earnings-call date until IR/SEC metadata confirms it.
crm_2022_q4,CRM,"Salesforce, Inc.",NYSE,technology,2022,2022,Q4,2022,2022-12-31,target_placeholder_period_end_date,metadata_discovery_pending,Period-end folder date hint only; not a discovered earnings-call date until IR/SEC metadata confirms it.
now_2022_q4,NOW,"ServiceNow, Inc.",NYSE,technology,2022,2022,Q4,2022,2022-12-31,target_placeholder_period_end_date,metadata_discovery_pending,Period-end folder date hint only; not a discovered earnings-call date until IR/SEC metadata confirms it.
acn_2022_q4,ACN,Accenture plc,NYSE,technology,2022,2022,Q4,2022,2022-12-31,target_placeholder_period_end_date,metadata_discovery_pending,Period-end folder date hint only; not a discovered earnings-call date until IR/SEC metadata confirms it.
dell_2022_q4,DELL,Dell Technologies Inc.,NYSE,technology,2022,2022,Q4,2022,2022-12-31,target_placeholder_period_end_date,metadata_discovery_pending,Period-end folder date hint only; not a discovered earnings-call date until IR/SEC metadata confirms it.
hpq_2022_q4,HPQ,HP Inc.,NYSE,technology,2022,2022,Q4,2022,2022-12-31,target_placeholder_period_end_date,metadata_discovery_pending,Period-end folder date hint only; not a discovered earnings-call date until IR/SEC metadata confirms it.
net_2022_q4,NET,"Cloudflare, Inc.",NYSE,technology,2022,2022,Q4,2022,2022-12-31,target_placeholder_period_end_date,metadata_discovery_pending,Period-end folder date hint only; not a discovered earnings-call date until IR/SEC metadata confirms it.
snow_2022_q4,SNOW,Snowflake Inc.,NYSE,technology,2022,2022,Q4,2022,2022-12-31,target_placeholder_period_end_date,metadata_discovery_pending,Period-end folder date hint only; not a discovered earnings-call date until IR/SEC metadata confirms it.
jpm_2021_q4,JPM,JPMorgan Chase & Co.,NYSE,banking,2021,2021,Q4,2021,2021-12-31,target_placeholder_period_end_date,metadata_discovery_pending,Period-end folder date hint only; not a discovered earnings-call date until IR/SEC metadata confirms it.
bac_2021_q4,BAC,Bank of America Corporation,NYSE,banking,2021,2021,Q4,2021,2021-12-31,target_placeholder_period_end_date,metadata_discovery_pending,Period-end folder date hint only; not a discovered earnings-call date until IR/SEC metadata confirms it.
c_2021_q4,C,Citigroup Inc.,NYSE,banking,2021,2021,Q4,2021,2021-12-31,target_placeholder_period_end_date,metadata_discovery_pending,Period-end folder date hint only; not a discovered earnings-call date until IR/SEC metadata confirms it.
wfc_2021_q4,WFC,Wells Fargo & Company,NYSE,banking,2021,2021,Q4,2021,2021-12-31,target_placeholder_period_end_date,metadata_discovery_pending,Period-end folder date hint only; not a discovered earnings-call date until IR/SEC metadata confirms it.
gs_2021_q4,GS,"The Goldman Sachs Group, Inc.",NYSE,banking,2021,2021,Q4,2021,2021-12-31,target_placeholder_period_end_date,metadata_discovery_pending,Period-end folder date hint only; not a discovered earnings-call date until IR/SEC metadata confirms it.
ms_2021_q4,MS,Morgan Stanley,NYSE,banking,2021,2021,Q4,2021,2021-12-31,target_placeholder_period_end_date,metadata_discovery_pending,Period-end folder date hint only; not a discovered earnings-call date until IR/SEC metadata confirms it.
bk_2021_q4,BK,The Bank of New York Mellon Corporation,NYSE,banking,2021,2021,Q4,2021,2021-12-31,target_placeholder_period_end_date,metadata_discovery_pending,Period-end folder date hint only; not a discovered earnings-call date until IR/SEC metadata confirms it.
stt_2021_q4,STT,State Street Corporation,NYSE,banking,2021,2021,Q4,2021,2021-12-31,target_placeholder_period_end_date,metadata_discovery_pending,Period-end folder date hint only; not a discovered earnings-call date until IR/SEC metadata confirms it.
usb_2021_q4,USB,U.S. Bancorp,NYSE,banking,2021,2021,Q4,2021,2021-12-31,target_placeholder_period_end_date,metadata_discovery_pending,Period-end folder date hint only; not a discovered earnings-call date until IR/SEC metadata confirms it.
pnc_2021_q4,PNC,"The PNC Financial Services Group, Inc.",NYSE,banking,2021,2021,Q4,2021,2021-12-31,target_placeholder_period_end_date,metadata_discovery_pending,Period-end folder date hint only; not a discovered earnings-call date until IR/SEC metadata confirms it.
tfc_2021_q4,TFC,Truist Financial Corporation,NYSE,banking,2021,2021,Q4,2021,2021-12-31,target_placeholder_period_end_date,metadata_discovery_pending,Period-end folder date hint only; not a discovered earnings-call date until IR/SEC metadata confirms it.
cof_2021_q4,COF,Capital One Financial Corporation,NYSE,banking,2021,2021,Q4,2021,2021-12-31,target_placeholder_period_end_date,metadata_discovery_pending,Period-end folder date hint only; not a discovered earnings-call date until IR/SEC metadata confirms it.
axp_2021_q4,AXP,American Express Company,NYSE,payments,2021,2021,Q4,2021,2021-12-31,target_placeholder_period_end_date,metadata_discovery_pending,Period-end folder date hint only; not a discovered earnings-call date until IR/SEC metadata confirms it.
v_2021_q4,V,Visa Inc.,NYSE,payments,2021,2021,Q4,2021,2021-12-31,target_placeholder_period_end_date,metadata_discovery_pending,Period-end folder date hint only; not a discovered earnings-call date until IR/SEC metadata confirms it.
ma_2021_q4,MA,Mastercard Incorporated,NYSE,payments,2021,2021,Q4,2021,2021-12-31,target_placeholder_period_end_date,metadata_discovery_pending,Period-end folder date hint only; not a discovered earnings-call date until IR/SEC metadata confirms it.
fis_2021_q4,FIS,"Fidelity National Information Services, Inc.",NYSE,payments,2021,2021,Q4,2021,2021-12-31,target_placeholder_period_end_date,metadata_discovery_pending,Period-end folder date hint only; not a discovered earnings-call date until IR/SEC metadata confirms it.
gpn_2021_q4,GPN,Global Payments Inc.,NYSE,payments,2021,2021,Q4,2021,2021-12-31,target_placeholder_period_end_date,metadata_discovery_pending,Period-end folder date hint only; not a discovered earnings-call date until IR/SEC metadata confirms it.
blk_2021_q4,BLK,"BlackRock, Inc.",NYSE,financial_infrastructure,2021,2021,Q4,2021,2021-12-31,target_placeholder_period_end_date,metadata_discovery_pending,Period-end folder date hint only; not a discovered earnings-call date until IR/SEC metadata confirms it.
bx_2021_q4,BX,Blackstone Inc.,NYSE,financial_infrastructure,2021,2021,Q4,2021,2021-12-31,target_placeholder_period_end_date,metadata_discovery_pending,Period-end folder date hint only; not a discovered earnings-call date until IR/SEC metadata confirms it.
schw_2021_q4,SCHW,The Charles Schwab Corporation,NYSE,financial_infrastructure,2021,2021,Q4,2021,2021-12-31,target_placeholder_period_end_date,metadata_discovery_pending,Period-end folder date hint only; not a discovered earnings-call date until IR/SEC metadata confirms it.
ice_2021_q4,ICE,"Intercontinental Exchange, Inc.",NYSE,financial_infrastructure,2021,2021,Q4,2021,2021-12-31,target_placeholder_period_end_date,metadata_discovery_pending,Period-end folder date hint only; not a discovered earnings-call date until IR/SEC metadata confirms it.
spgi_2021_q4,SPGI,S&P Global Inc.,NYSE,financial_infrastructure,2021,2021,Q4,2021,2021-12-31,target_placeholder_period_end_date,metadata_discovery_pending,Period-end folder date hint only; not a discovered earnings-call date until IR/SEC metadata confirms it.
mco_2021_q4,MCO,Moody's Corporation,NYSE,financial_infrastructure,2021,2021,Q4,2021,2021-12-31,target_placeholder_period_end_date,metadata_discovery_pending,Period-end folder date hint only; not a discovered earnings-call date until IR/SEC metadata confirms it.
aon_2021_q4,AON,Aon plc,NYSE,insurance,2021,2021,Q4,2021,2021-12-31,target_placeholder_period_end_date,metadata_discovery_pending,Period-end folder date hint only; not a discovered earnings-call date until IR/SEC metadata confirms it.
aig_2021_q4,AIG,"American International Group, Inc.",NYSE,insurance,2021,2021,Q4,2021,2021-12-31,target_placeholder_period_end_date,metadata_discovery_pending,Period-end folder date hint only; not a discovered earnings-call date until IR/SEC metadata confirms it.
met_2021_q4,MET,"MetLife, Inc.",NYSE,insurance,2021,2021,Q4,2021,2021-12-31,target_placeholder_period_end_date,metadata_discovery_pending,Period-end folder date hint only; not a discovered earnings-call date until IR/SEC metadata confirms it.
pru_2021_q4,PRU,"Prudential Financial, Inc.",NYSE,insurance,2021,2021,Q4,2021,2021-12-31,target_placeholder_period_end_date,metadata_discovery_pending,Period-end folder date hint only; not a discovered earnings-call date until IR/SEC metadata confirms it.
trv_2021_q4,TRV,"The Travelers Companies, Inc.",NYSE,insurance,2021,2021,Q4,2021,2021-12-31,target_placeholder_period_end_date,metadata_discovery_pending,Period-end folder date hint only; not a discovered earnings-call date until IR/SEC metadata confirms it.
cb_2021_q4,CB,Chubb Limited,NYSE,insurance,2021,2021,Q4,2021,2021-12-31,target_placeholder_period_end_date,metadata_discovery_pending,Period-end folder date hint only; not a discovered earnings-call date until IR/SEC metadata confirms it.
jnj_2021_q4,JNJ,Johnson & Johnson,NYSE,healthcare,2021,2021,Q4,2021,2021-12-31,target_placeholder_period_end_date,metadata_discovery_pending,Period-end folder date hint only; not a discovered earnings-call date until IR/SEC metadata confirms it.
lly_2021_q4,LLY,Eli Lilly and Company,NYSE,healthcare,2021,2021,Q4,2021,2021-12-31,target_placeholder_period_end_date,metadata_discovery_pending,Period-end folder date hint only; not a discovered earnings-call date until IR/SEC metadata confirms it.
mrk_2021_q4,MRK,"Merck & Co., Inc.",NYSE,healthcare,2021,2021,Q4,2021,2021-12-31,target_placeholder_period_end_date,metadata_discovery_pending,Period-end folder date hint only; not a discovered earnings-call date until IR/SEC metadata confirms it.
pfe_2021_q4,PFE,Pfizer Inc.,NYSE,healthcare,2021,2021,Q4,2021,2021-12-31,target_placeholder_period_end_date,metadata_discovery_pending,Period-end folder date hint only; not a discovered earnings-call date until IR/SEC metadata confirms it.
unh_2021_q4,UNH,UnitedHealth Group Incorporated,NYSE,healthcare,2021,2021,Q4,2021,2021-12-31,target_placeholder_period_end_date,metadata_discovery_pending,Period-end folder date hint only; not a discovered earnings-call date until IR/SEC metadata confirms it.
cvs_2021_q4,CVS,CVS Health Corporation,NYSE,healthcare,2021,2021,Q4,2021,2021-12-31,target_placeholder_period_end_date,metadata_discovery_pending,Period-end folder date hint only; not a discovered earnings-call date until IR/SEC metadata confirms it.
abt_2021_q4,ABT,Abbott Laboratories,NYSE,healthcare,2021,2021,Q4,2021,2021-12-31,target_placeholder_period_end_date,metadata_discovery_pending,Period-end folder date hint only; not a discovered earnings-call date until IR/SEC metadata confirms it.
bmy_2021_q4,BMY,Bristol Myers Squibb Company,NYSE,healthcare,2021,2021,Q4,2021,2021-12-31,target_placeholder_period_end_date,metadata_discovery_pending,Period-end folder date hint only; not a discovered earnings-call date until IR/SEC metadata confirms it.
mdt_2021_q4,MDT,Medtronic plc,NYSE,healthcare,2021,2021,Q4,2021,2021-12-31,target_placeholder_period_end_date,metadata_discovery_pending,Period-end folder date hint only; not a discovered earnings-call date until IR/SEC metadata confirms it.
tmo_2021_q4,TMO,Thermo Fisher Scientific Inc.,NYSE,healthcare,2021,2021,Q4,2021,2021-12-31,target_placeholder_period_end_date,metadata_discovery_pending,Period-end folder date hint only; not a discovered earnings-call date until IR/SEC metadata confirms it.
dhr_2021_q4,DHR,Danaher Corporation,NYSE,healthcare,2021,2021,Q4,2021,2021-12-31,target_placeholder_period_end_date,metadata_discovery_pending,Period-end folder date hint only; not a discovered earnings-call date until IR/SEC metadata confirms it.
bdx_2021_q4,BDX,"Becton, Dickinson and Company",NYSE,healthcare,2021,2021,Q4,2021,2021-12-31,target_placeholder_period_end_date,metadata_discovery_pending,Period-end folder date hint only; not a discovered earnings-call date until IR/SEC metadata confirms it.
ci_2021_q4,CI,The Cigna Group,NYSE,healthcare,2021,2021,Q4,2021,2021-12-31,target_placeholder_period_end_date,metadata_discovery_pending,Period-end folder date hint only; not a discovered earnings-call date until IR/SEC metadata confirms it.
hca_2021_q4,HCA,"HCA Healthcare, Inc.",NYSE,healthcare,2021,2021,Q4,2021,2021-12-31,target_placeholder_period_end_date,metadata_discovery_pending,Period-end folder date hint only; not a discovered earnings-call date until IR/SEC metadata confirms it.
syk_2021_q4,SYK,Stryker Corporation,NYSE,healthcare,2021,2021,Q4,2021,2021-12-31,target_placeholder_period_end_date,metadata_discovery_pending,Period-end folder date hint only; not a discovered earnings-call date until IR/SEC metadata confirms it.
xom_2021_q4,XOM,Exxon Mobil Corporation,NYSE,energy,2021,2021,Q4,2021,2021-12-31,target_placeholder_period_end_date,metadata_discovery_pending,Period-end folder date hint only; not a discovered earnings-call date until IR/SEC metadata confirms it.
cvx_2021_q4,CVX,Chevron Corporation,NYSE,energy,2021,2021,Q4,2021,2021-12-31,target_placeholder_period_end_date,metadata_discovery_pending,Period-end folder date hint only; not a discovered earnings-call date until IR/SEC metadata confirms it.
cop_2021_q4,COP,ConocoPhillips,NYSE,energy,2021,2021,Q4,2021,2021-12-31,target_placeholder_period_end_date,metadata_discovery_pending,Period-end folder date hint only; not a discovered earnings-call date until IR/SEC metadata confirms it.
slb_2021_q4,SLB,SLB,NYSE,energy,2021,2021,Q4,2021,2021-12-31,target_placeholder_period_end_date,metadata_discovery_pending,Period-end folder date hint only; not a discovered earnings-call date until IR/SEC metadata confirms it.
hal_2021_q4,HAL,Halliburton Company,NYSE,energy,2021,2021,Q4,2021,2021-12-31,target_placeholder_period_end_date,metadata_discovery_pending,Period-end folder date hint only; not a discovered earnings-call date until IR/SEC metadata confirms it.
eog_2021_q4,EOG,"EOG Resources, Inc.",NYSE,energy,2021,2021,Q4,2021,2021-12-31,target_placeholder_period_end_date,metadata_discovery_pending,Period-end folder date hint only; not a discovered earnings-call date until IR/SEC metadata confirms it.
oxy_2021_q4,OXY,Occidental Petroleum Corporation,NYSE,energy,2021,2021,Q4,2021,2021-12-31,target_placeholder_period_end_date,metadata_discovery_pending,Period-end folder date hint only; not a discovered earnings-call date until IR/SEC metadata confirms it.
mpc_2021_q4,MPC,Marathon Petroleum Corporation,NYSE,energy,2021,2021,Q4,2021,2021-12-31,target_placeholder_period_end_date,metadata_discovery_pending,Period-end folder date hint only; not a discovered earnings-call date until IR/SEC metadata confirms it.
psx_2021_q4,PSX,Phillips 66,NYSE,energy,2021,2021,Q4,2021,2021-12-31,target_placeholder_period_end_date,metadata_discovery_pending,Period-end folder date hint only; not a discovered earnings-call date until IR/SEC metadata confirms it.
vlo_2021_q4,VLO,Valero Energy Corporation,NYSE,energy,2021,2021,Q4,2021,2021-12-31,target_placeholder_period_end_date,metadata_discovery_pending,Period-end folder date hint only; not a discovered earnings-call date until IR/SEC metadata confirms it.
ba_2021_q4,BA,The Boeing Company,NYSE,aerospace,2021,2021,Q4,2021,2021-12-31,target_placeholder_period_end_date,metadata_discovery_pending,Period-end folder date hint only; not a discovered earnings-call date until IR/SEC metadata confirms it.
rtx_2021_q4,RTX,RTX Corporation,NYSE,aerospace,2021,2021,Q4,2021,2021-12-31,target_placeholder_period_end_date,metadata_discovery_pending,Period-end folder date hint only; not a discovered earnings-call date until IR/SEC metadata confirms it.
lmt_2021_q4,LMT,Lockheed Martin Corporation,NYSE,aerospace,2021,2021,Q4,2021,2021-12-31,target_placeholder_period_end_date,metadata_discovery_pending,Period-end folder date hint only; not a discovered earnings-call date until IR/SEC metadata confirms it.
noc_2021_q4,NOC,Northrop Grumman Corporation,NYSE,aerospace,2021,2021,Q4,2021,2021-12-31,target_placeholder_period_end_date,metadata_discovery_pending,Period-end folder date hint only; not a discovered earnings-call date until IR/SEC metadata confirms it.
gd_2021_q4,GD,General Dynamics Corporation,NYSE,aerospace,2021,2021,Q4,2021,2021-12-31,target_placeholder_period_end_date,metadata_discovery_pending,Period-end folder date hint only; not a discovered earnings-call date until IR/SEC metadata confirms it.
cat_2021_q4,CAT,Caterpillar Inc.,NYSE,industrials,2021,2021,Q4,2021,2021-12-31,target_placeholder_period_end_date,metadata_discovery_pending,Period-end folder date hint only; not a discovered earnings-call date until IR/SEC metadata confirms it.
de_2021_q4,DE,Deere & Company,NYSE,industrials,2021,2021,Q4,2021,2021-12-31,target_placeholder_period_end_date,metadata_discovery_pending,Period-end folder date hint only; not a discovered earnings-call date until IR/SEC metadata confirms it.
ge_2021_q4,GE,GE Aerospace,NYSE,industrials,2021,2021,Q4,2021,2021-12-31,target_placeholder_period_end_date,metadata_discovery_pending,Period-end folder date hint only; not a discovered earnings-call date until IR/SEC metadata confirms it.
etn_2021_q4,ETN,Eaton Corporation plc,NYSE,industrials,2021,2021,Q4,2021,2021-12-31,target_placeholder_period_end_date,metadata_discovery_pending,Period-end folder date hint only; not a discovered earnings-call date until IR/SEC metadata confirms it.
emr_2021_q4,EMR,Emerson Electric Co.,NYSE,industrials,2021,2021,Q4,2021,2021-12-31,target_placeholder_period_end_date,metadata_discovery_pending,Period-end folder date hint only; not a discovered earnings-call date until IR/SEC metadata confirms it.
mmm_2021_q4,MMM,3M Company,NYSE,industrials,2021,2021,Q4,2021,2021-12-31,target_placeholder_period_end_date,metadata_discovery_pending,Period-end folder date hint only; not a discovered earnings-call date until IR/SEC metadata confirms it.
itw_2021_q4,ITW,Illinois Tool Works Inc.,NYSE,industrials,2021,2021,Q4,2021,2021-12-31,target_placeholder_period_end_date,metadata_discovery_pending,Period-end folder date hint only; not a discovered earnings-call date until IR/SEC metadata confirms it.
ph_2021_q4,PH,Parker-Hannifin Corporation,NYSE,industrials,2021,2021,Q4,2021,2021-12-31,target_placeholder_period_end_date,metadata_discovery_pending,Period-end folder date hint only; not a discovered earnings-call date until IR/SEC metadata confirms it.
carr_2021_q4,CARR,Carrier Global Corporation,NYSE,industrials,2021,2021,Q4,2021,2021-12-31,target_placeholder_period_end_date,metadata_discovery_pending,Period-end folder date hint only; not a discovered earnings-call date until IR/SEC metadata confirms it.
otis_2021_q4,OTIS,Otis Worldwide Corporation,NYSE,industrials,2021,2021,Q4,2021,2021-12-31,target_placeholder_period_end_date,metadata_discovery_pending,Period-end folder date hint only; not a discovered earnings-call date until IR/SEC metadata confirms it.
ups_2021_q4,UPS,"United Parcel Service, Inc.",NYSE,logistics,2021,2021,Q4,2021,2021-12-31,target_placeholder_period_end_date,metadata_discovery_pending,Period-end folder date hint only; not a discovered earnings-call date until IR/SEC metadata confirms it.
fdx_2021_q4,FDX,FedEx Corporation,NYSE,logistics,2021,2021,Q4,2021,2021-12-31,target_placeholder_period_end_date,metadata_discovery_pending,Period-end folder date hint only; not a discovered earnings-call date until IR/SEC metadata confirms it.
dal_2021_q4,DAL,"Delta Air Lines, Inc.",NYSE,logistics,2021,2021,Q4,2021,2021-12-31,target_placeholder_period_end_date,metadata_discovery_pending,Period-end folder date hint only; not a discovered earnings-call date until IR/SEC metadata confirms it.
unp_2021_q4,UNP,Union Pacific Corporation,NYSE,logistics,2021,2021,Q4,2021,2021-12-31,target_placeholder_period_end_date,metadata_discovery_pending,Period-end folder date hint only; not a discovered earnings-call date until IR/SEC metadata confirms it.
nsc_2021_q4,NSC,Norfolk Southern Corporation,NYSE,logistics,2021,2021,Q4,2021,2021-12-31,target_placeholder_period_end_date,metadata_discovery_pending,Period-end folder date hint only; not a discovered earnings-call date until IR/SEC metadata confirms it.
hd_2021_q4,HD,"The Home Depot, Inc.",NYSE,retail,2021,2021,Q4,2021,2021-12-31,target_placeholder_period_end_date,metadata_discovery_pending,Period-end folder date hint only; not a discovered earnings-call date until IR/SEC metadata confirms it.
low_2021_q4,LOW,"Lowe's Companies, Inc.",NYSE,retail,2021,2021,Q4,2021,2021-12-31,target_placeholder_period_end_date,metadata_discovery_pending,Period-end folder date hint only; not a discovered earnings-call date until IR/SEC metadata confirms it.
tgt_2021_q4,TGT,Target Corporation,NYSE,retail,2021,2021,Q4,2021,2021-12-31,target_placeholder_period_end_date,metadata_discovery_pending,Period-end folder date hint only; not a discovered earnings-call date until IR/SEC metadata confirms it.
kr_2021_q4,KR,The Kroger Co.,NYSE,retail,2021,2021,Q4,2021,2021-12-31,target_placeholder_period_end_date,metadata_discovery_pending,Period-end folder date hint only; not a discovered earnings-call date until IR/SEC metadata confirms it.
dg_2021_q4,DG,Dollar General Corporation,NYSE,retail,2021,2021,Q4,2021,2021-12-31,target_placeholder_period_end_date,metadata_discovery_pending,Period-end folder date hint only; not a discovered earnings-call date until IR/SEC metadata confirms it.
mcd_2021_q4,MCD,McDonald's Corporation,NYSE,consumer,2021,2021,Q4,2021,2021-12-31,target_placeholder_period_end_date,metadata_discovery_pending,Period-end folder date hint only; not a discovered earnings-call date until IR/SEC metadata confirms it.
yum_2021_q4,YUM,"Yum! Brands, Inc.",NYSE,consumer,2021,2021,Q4,2021,2021-12-31,target_placeholder_period_end_date,metadata_discovery_pending,Period-end folder date hint only; not a discovered earnings-call date until IR/SEC metadata confirms it.
nke_2021_q4,NKE,"NIKE, Inc.",NYSE,consumer,2021,2021,Q4,2021,2021-12-31,target_placeholder_period_end_date,metadata_discovery_pending,Period-end folder date hint only; not a discovered earnings-call date until IR/SEC metadata confirms it.
dis_2021_q4,DIS,The Walt Disney Company,NYSE,consumer,2021,2021,Q4,2021,2021-12-31,target_placeholder_period_end_date,metadata_discovery_pending,Period-end folder date hint only; not a discovered earnings-call date until IR/SEC metadata confirms it.
ko_2021_q4,KO,The Coca-Cola Company,NYSE,consumer,2021,2021,Q4,2021,2021-12-31,target_placeholder_period_end_date,metadata_discovery_pending,Period-end folder date hint only; not a discovered earnings-call date until IR/SEC metadata confirms it.
pg_2021_q4,PG,The Procter & Gamble Company,NYSE,consumer,2021,2021,Q4,2021,2021-12-31,target_placeholder_period_end_date,metadata_discovery_pending,Period-end folder date hint only; not a discovered earnings-call date until IR/SEC metadata confirms it.
cl_2021_q4,CL,Colgate-Palmolive Company,NYSE,consumer,2021,2021,Q4,2021,2021-12-31,target_placeholder_period_end_date,metadata_discovery_pending,Period-end folder date hint only; not a discovered earnings-call date until IR/SEC metadata confirms it.
el_2021_q4,EL,The Estee Lauder Companies Inc.,NYSE,consumer,2021,2021,Q4,2021,2021-12-31,target_placeholder_period_end_date,metadata_discovery_pending,Period-end folder date hint only; not a discovered earnings-call date until IR/SEC metadata confirms it.
gis_2021_q4,GIS,"General Mills, Inc.",NYSE,consumer,2021,2021,Q4,2021,2021-12-31,target_placeholder_period_end_date,metadata_discovery_pending,Period-end folder date hint only; not a discovered earnings-call date until IR/SEC metadata confirms it.
hsy_2021_q4,HSY,The Hershey Company,NYSE,consumer,2021,2021,Q4,2021,2021-12-31,target_placeholder_period_end_date,metadata_discovery_pending,Period-end folder date hint only; not a discovered earnings-call date until IR/SEC metadata confirms it.
t_2021_q4,T,AT&T Inc.,NYSE,telecom,2021,2021,Q4,2021,2021-12-31,target_placeholder_period_end_date,metadata_discovery_pending,Period-end folder date hint only; not a discovered earnings-call date until IR/SEC metadata confirms it.
vz_2021_q4,VZ,Verizon Communications Inc.,NYSE,telecom,2021,2021,Q4,2021,2021-12-31,target_placeholder_period_end_date,metadata_discovery_pending,Period-end folder date hint only; not a discovered earnings-call date until IR/SEC metadata confirms it.
ibm_2021_q4,IBM,International Business Machines Corporation,NYSE,technology,2021,2021,Q4,2021,2021-12-31,target_placeholder_period_end_date,metadata_discovery_pending,Period-end folder date hint only; not a discovered earnings-call date until IR/SEC metadata confirms it.
orcl_2021_q4,ORCL,Oracle Corporation,NYSE,technology,2021,2021,Q4,2021,2021-12-31,target_placeholder_period_end_date,metadata_discovery_pending,Period-end folder date hint only; not a discovered earnings-call date until IR/SEC metadata confirms it.
crm_2021_q4,CRM,"Salesforce, Inc.",NYSE,technology,2021,2021,Q4,2021,2021-12-31,target_placeholder_period_end_date,metadata_discovery_pending,Period-end folder date hint only; not a discovered earnings-call date until IR/SEC metadata confirms it.
now_2021_q4,NOW,"ServiceNow, Inc.",NYSE,technology,2021,2021,Q4,2021,2021-12-31,target_placeholder_period_end_date,metadata_discovery_pending,Period-end folder date hint only; not a discovered earnings-call date until IR/SEC metadata confirms it.
acn_2021_q4,ACN,Accenture plc,NYSE,technology,2021,2021,Q4,2021,2021-12-31,target_placeholder_period_end_date,metadata_discovery_pending,Period-end folder date hint only; not a discovered earnings-call date until IR/SEC metadata confirms it.
dell_2021_q4,DELL,Dell Technologies Inc.,NYSE,technology,2021,2021,Q4,2021,2021-12-31,target_placeholder_period_end_date,metadata_discovery_pending,Period-end folder date hint only; not a discovered earnings-call date until IR/SEC metadata confirms it.
hpq_2021_q4,HPQ,HP Inc.,NYSE,technology,2021,2021,Q4,2021,2021-12-31,target_placeholder_period_end_date,metadata_discovery_pending,Period-end folder date hint only; not a discovered earnings-call date until IR/SEC metadata confirms it.
net_2021_q4,NET,"Cloudflare, Inc.",NYSE,technology,2021,2021,Q4,2021,2021-12-31,target_placeholder_period_end_date,metadata_discovery_pending,Period-end folder date hint only; not a discovered earnings-call date until IR/SEC metadata confirms it.
snow_2021_q4,SNOW,Snowflake Inc.,NYSE,technology,2021,2021,Q4,2021,2021-12-31,target_placeholder_period_end_date,metadata_discovery_pending,Period-end folder date hint only; not a discovered earnings-call date until IR/SEC metadata confirms it.
