source_id,case_id,ticker,company_name,fiscal_year,fiscal_quarter,asset_type,source_type,source_url,source_domain,rights_status,blocked_reason,allow_download,allow_eval_use,allow_training_use,commit_allowed,manual_approval_required,approval_ref,approved_by,approved_at,license_config_ref,explicit_training_rights_ref,source_terms_checked,robots_checked,review_priority,next_action,provenance_hash
src_ff138c9a772edd05f,jpm_2025_q4,JPM,JPMorgan Chase & Co.,2025,Q4,transcript,official_ir,https://www.jpmorganchase.com/ir,www.jpmorganchase.com,metadata_only,metadata_only_no_raw_download,false,false,false,false,true,,,,,,false,false,1,"Review source terms, robots policy, event identity, and storage/evaluation rights before any raw download.",sha256:598933b4b9338d81390a4218bce266296b6b9f5aea19e1d98f63f941642a7521
src_217382896bb85f28c,jpm_2025_q4,JPM,JPMorgan Chase & Co.,2025,Q4,audio,official_ir,https://www.jpmorganchase.com/ir,www.jpmorganchase.com,metadata_only,metadata_only_no_raw_download,false,false,false,false,true,,,,,,false,false,2,"Review source terms, robots policy, event identity, and storage/evaluation rights before any raw download.",sha256:9d3e1946a577ad14f5baf6fb44f22fb84669dea6dd0ec9c24b45ca6b999130e1
src_04de754751aab5cee,bac_2025_q4,BAC,Bank of America Corporation,2025,Q4,transcript,official_ir,https://investor.bankofamerica.com/,investor.bankofamerica.com,metadata_only,metadata_only_no_raw_download,false,false,false,false,true,,,,,,false,false,1,"Review source terms, robots policy, event identity, and storage/evaluation rights before any raw download.",sha256:18aee924acf80fce440612b0fa59318c1ac38776f4caf007fb69e3f71c99939f
src_c906aec2ddf5a0d78,bac_2025_q4,BAC,Bank of America Corporation,2025,Q4,audio,official_ir,https://investor.bankofamerica.com/,investor.bankofamerica.com,metadata_only,metadata_only_no_raw_download,false,false,false,false,true,,,,,,false,false,2,"Review source terms, robots policy, event identity, and storage/evaluation rights before any raw download.",sha256:60951c92c30d395126bc561dac5a74cfced61740cb5ba22d82a6bc6064e72fcf
src_6f4b1d0cb11ce8a9e,c_2025_q4,C,Citigroup Inc.,2025,Q4,transcript,official_ir,https://www.citigroup.com/global/investors,www.citigroup.com,metadata_only,metadata_only_no_raw_download,false,false,false,false,true,,,,,,false,false,1,"Review source terms, robots policy, event identity, and storage/evaluation rights before any raw download.",sha256:7734a1e7b7ab181d9dac104fd3125a2ae16594a8759f2aa959fda7199bc1ddb7
src_79eb89e57f22880bb,c_2025_q4,C,Citigroup Inc.,2025,Q4,audio,official_ir,https://www.citigroup.com/global/investors,www.citigroup.com,metadata_only,metadata_only_no_raw_download,false,false,false,false,true,,,,,,false,false,2,"Review source terms, robots policy, event identity, and storage/evaluation rights before any raw download.",sha256:d14378072de257c6fdac8367d033a2caa006f8bba25d440188cced24a83cb409
src_a59945462d6f7e7c2,wfc_2025_q4,WFC,Wells Fargo & Company,2025,Q4,transcript,official_ir,https://www.wellsfargo.com/about/investor-relations/,www.wellsfargo.com,metadata_only,metadata_only_no_raw_download,false,false,false,false,true,,,,,,false,false,1,"Review source terms, robots policy, event identity, and storage/evaluation rights before any raw download.",sha256:38075b08d0a8466c1df65ef8f3fd5de4da8e9635c73d7118f0db60da993d5ae7
src_f529c08e1f6274f55,wfc_2025_q4,WFC,Wells Fargo & Company,2025,Q4,audio,official_ir,https://www.wellsfargo.com/about/investor-relations/,www.wellsfargo.com,metadata_only,metadata_only_no_raw_download,false,false,false,false,true,,,,,,false,false,2,"Review source terms, robots policy, event identity, and storage/evaluation rights before any raw download.",sha256:3194a53a50c87b5d9536e726f89968f05b519333ec8d68c9ae84390a393af095
src_178f6917f8096cf48,gs_2025_q4,GS,"The Goldman Sachs Group, Inc.",2025,Q4,transcript,official_ir,https://www.goldmansachs.com/investor-relations/,www.goldmansachs.com,metadata_only,metadata_only_no_raw_download,false,false,false,false,true,,,,,,false,false,1,"Review source terms, robots policy, event identity, and storage/evaluation rights before any raw download.",sha256:43417f8cd337240e3811090556f972212abcffa020d137f671449d9e2869f6dc
src_69066d34563f0c4d5,gs_2025_q4,GS,"The Goldman Sachs Group, Inc.",2025,Q4,audio,official_ir,https://www.goldmansachs.com/investor-relations/,www.goldmansachs.com,metadata_only,metadata_only_no_raw_download,false,false,false,false,true,,,,,,false,false,2,"Review source terms, robots policy, event identity, and storage/evaluation rights before any raw download.",sha256:b4c9e6328ab9f406eb22b6d5ca0a151e62598a1b89e90cc423a993c187f149d1
src_5c3ae2ca4b4287660,ms_2025_q4,MS,Morgan Stanley,2025,Q4,transcript,official_ir,https://www.morganstanley.com/about-us-ir,www.morganstanley.com,metadata_only,metadata_only_no_raw_download,false,false,false,false,true,,,,,,false,false,1,"Review source terms, robots policy, event identity, and storage/evaluation rights before any raw download.",sha256:b70bec31e0f257bbffb6708d8107a4a96e7ba6514093856cfaab1cc83ec7898e
src_0e4d3b51e04992c0f,ms_2025_q4,MS,Morgan Stanley,2025,Q4,audio,official_ir,https://www.morganstanley.com/about-us-ir,www.morganstanley.com,metadata_only,metadata_only_no_raw_download,false,false,false,false,true,,,,,,false,false,2,"Review source terms, robots policy, event identity, and storage/evaluation rights before any raw download.",sha256:5b0ed83b6cf3fcab4e6fda4c33d713f5830dd01fa172f14a6c0212fe13e0fa99
src_bfeb32ecc4d975808,bk_2025_q4,BK,The Bank of New York Mellon Corporation,2025,Q4,transcript,official_ir,https://www.bny.com/corporate/global/en/investor-relations.html,www.bny.com,metadata_only,metadata_only_no_raw_download,false,false,false,false,true,,,,,,false,false,1,"Review source terms, robots policy, event identity, and storage/evaluation rights before any raw download.",sha256:2f01fd82f81e954522d30af6da6518e5263aeca0a7919209a2cb98faa94e680e
src_df2b6709ab2df1b63,bk_2025_q4,BK,The Bank of New York Mellon Corporation,2025,Q4,audio,official_ir,https://www.bny.com/corporate/global/en/investor-relations.html,www.bny.com,metadata_only,metadata_only_no_raw_download,false,false,false,false,true,,,,,,false,false,2,"Review source terms, robots policy, event identity, and storage/evaluation rights before any raw download.",sha256:4ed0ac9f55a67a1863458f11f60f209dc60a2e4bdb4c64ebb06445d80de02012
src_e862adffd5ae84c9c,stt_2025_q4,STT,State Street Corporation,2025,Q4,transcript,official_ir,https://investors.statestreet.com/,investors.statestreet.com,metadata_only,metadata_only_no_raw_download,false,false,false,false,true,,,,,,false,false,1,"Review source terms, robots policy, event identity, and storage/evaluation rights before any raw download.",sha256:903f11ea098265fc7bb7489c64e4a137a9c0e0e5a8621689d9ef2fa47b34a24d
src_ac4409296a3341e1a,stt_2025_q4,STT,State Street Corporation,2025,Q4,audio,official_ir,https://investors.statestreet.com/,investors.statestreet.com,metadata_only,metadata_only_no_raw_download,false,false,false,false,true,,,,,,false,false,2,"Review source terms, robots policy, event identity, and storage/evaluation rights before any raw download.",sha256:1360045f29e780fc06919e55102ff562313c8d1520adaba2539e282992e0632b
src_e410a5e7fc42041f4,usb_2025_q4,USB,U.S. Bancorp,2025,Q4,transcript,official_ir,https://ir.usbank.com/,ir.usbank.com,metadata_only,metadata_only_no_raw_download,false,false,false,false,true,,,,,,false,false,1,"Review source terms, robots policy, event identity, and storage/evaluation rights before any raw download.",sha256:9d6a575515bb73f7db8474a9e3c31814d84a7e5d873dc4e88eb301d7d9d51c11
src_473b0e14fd1e59217,usb_2025_q4,USB,U.S. Bancorp,2025,Q4,audio,official_ir,https://ir.usbank.com/,ir.usbank.com,metadata_only,metadata_only_no_raw_download,false,false,false,false,true,,,,,,false,false,2,"Review source terms, robots policy, event identity, and storage/evaluation rights before any raw download.",sha256:c2a689eaa372a820a6e41e1608c9feecfcd85edc8e0b3123979842b9edf1ad90
src_d736876ce7a01b0f9,pnc_2025_q4,PNC,"The PNC Financial Services Group, Inc.",2025,Q4,transcript,official_ir,https://investor.pnc.com/,investor.pnc.com,metadata_only,metadata_only_no_raw_download,false,false,false,false,true,,,,,,false,false,1,"Review source terms, robots policy, event identity, and storage/evaluation rights before any raw download.",sha256:eba869d2fb7af67f64511be321efea1f311d776a62cc3386ae7d06f0604e10be
src_e02e6875a03eee974,pnc_2025_q4,PNC,"The PNC Financial Services Group, Inc.",2025,Q4,audio,official_ir,https://investor.pnc.com/,investor.pnc.com,metadata_only,metadata_only_no_raw_download,false,false,false,false,true,,,,,,false,false,2,"Review source terms, robots policy, event identity, and storage/evaluation rights before any raw download.",sha256:a9a154ffb66ca4bbb82f39d29b0e80d37a1e06780fac4775cf065711d68bc8b9
src_5b08193bea948563a,tfc_2025_q4,TFC,Truist Financial Corporation,2025,Q4,transcript,official_ir,https://ir.truist.com/,ir.truist.com,metadata_only,metadata_only_no_raw_download,false,false,false,false,true,,,,,,false,false,1,"Review source terms, robots policy, event identity, and storage/evaluation rights before any raw download.",sha256:cc001eb640fee5012bdd18d8d4075ffc6a52811a026f6c59b79c0b17923c9af4
src_e0de00b6b06eca5cc,tfc_2025_q4,TFC,Truist Financial Corporation,2025,Q4,audio,official_ir,https://ir.truist.com/,ir.truist.com,metadata_only,metadata_only_no_raw_download,false,false,false,false,true,,,,,,false,false,2,"Review source terms, robots policy, event identity, and storage/evaluation rights before any raw download.",sha256:64bc0b44519f47eb18e3bc0f57272e1abb5066fa8dc4891eac2a519cac672146
src_2fc5dbed4dac93b63,cof_2025_q4,COF,Capital One Financial Corporation,2025,Q4,transcript,official_ir,https://investor.capitalone.com/,investor.capitalone.com,metadata_only,metadata_only_no_raw_download,false,false,false,false,true,,,,,,false,false,1,"Review source terms, robots policy, event identity, and storage/evaluation rights before any raw download.",sha256:089c8e833ab762d5fdd331daaf426b7c13509770d1786d6547db497a97a7d100
src_45e3a6756ae5cd5e7,cof_2025_q4,COF,Capital One Financial Corporation,2025,Q4,audio,official_ir,https://investor.capitalone.com/,investor.capitalone.com,metadata_only,metadata_only_no_raw_download,false,false,false,false,true,,,,,,false,false,2,"Review source terms, robots policy, event identity, and storage/evaluation rights before any raw download.",sha256:a349bf9e894f2a953a3f089a8b502ec9f126aff34b05cb47b6a918c48384ee25
src_0d4250476265a1e18,axp_2025_q4,AXP,American Express Company,2025,Q4,transcript,official_ir,https://ir.americanexpress.com/,ir.americanexpress.com,metadata_only,metadata_only_no_raw_download,false,false,false,false,true,,,,,,false,false,1,"Review source terms, robots policy, event identity, and storage/evaluation rights before any raw download.",sha256:ec91226d5f69d21a83d2b6ec44cf784685faa2a3241f38b0392d3bfcbcf12d12
src_57f7367a19e887d83,axp_2025_q4,AXP,American Express Company,2025,Q4,audio,official_ir,https://ir.americanexpress.com/,ir.americanexpress.com,metadata_only,metadata_only_no_raw_download,false,false,false,false,true,,,,,,false,false,2,"Review source terms, robots policy, event identity, and storage/evaluation rights before any raw download.",sha256:9e0b79ca5912722d2c872ebd040a4bac13bc62d5f1458ecbbd3945b7969ef0c3
src_fcebdd08e8a547a16,v_2025_q4,V,Visa Inc.,2025,Q4,transcript,official_ir,https://investor.visa.com/,investor.visa.com,metadata_only,metadata_only_no_raw_download,false,false,false,false,true,,,,,,false,false,1,"Review source terms, robots policy, event identity, and storage/evaluation rights before any raw download.",sha256:43b5980b4d29c453a6bc61dab39a5ebca514a76cde112a7b4feb76c3bc0a0b63
src_dae436eb44db6ef03,v_2025_q4,V,Visa Inc.,2025,Q4,audio,official_ir,https://investor.visa.com/,investor.visa.com,metadata_only,metadata_only_no_raw_download,false,false,false,false,true,,,,,,false,false,2,"Review source terms, robots policy, event identity, and storage/evaluation rights before any raw download.",sha256:4806c55e17f9970f5bc911880527e6fe7a99d636902fed789984a2622e07185e
src_cf93663579cc1123e,ma_2025_q4,MA,Mastercard Incorporated,2025,Q4,transcript,official_ir,https://investor.mastercard.com/,investor.mastercard.com,metadata_only,metadata_only_no_raw_download,false,false,false,false,true,,,,,,false,false,1,"Review source terms, robots policy, event identity, and storage/evaluation rights before any raw download.",sha256:708eb0fd9ffe067cee4057b827c7d91db99c827aa741b2d15978c2135638d0ca
src_aeb9d9fa17999ddf6,ma_2025_q4,MA,Mastercard Incorporated,2025,Q4,audio,official_ir,https://investor.mastercard.com/,investor.mastercard.com,metadata_only,metadata_only_no_raw_download,false,false,false,false,true,,,,,,false,false,2,"Review source terms, robots policy, event identity, and storage/evaluation rights before any raw download.",sha256:57b06c1739d05491a4982c48122bb547467c97ab2e7a46cae654c56df7100485
src_fe4f571373229327a,fis_2025_q4,FIS,"Fidelity National Information Services, Inc.",2025,Q4,transcript,official_ir,https://investor.fisglobal.com/,investor.fisglobal.com,metadata_only,metadata_only_no_raw_download,false,false,false,false,true,,,,,,false,false,1,"Review source terms, robots policy, event identity, and storage/evaluation rights before any raw download.",sha256:7f74e8aa96b0aca746de320396d7fbcb617290eb7cc00cff0e28e23db11c63cd
src_f98dd3e8170583d1b,fis_2025_q4,FIS,"Fidelity National Information Services, Inc.",2025,Q4,audio,official_ir,https://investor.fisglobal.com/,investor.fisglobal.com,metadata_only,metadata_only_no_raw_download,false,false,false,false,true,,,,,,false,false,2,"Review source terms, robots policy, event identity, and storage/evaluation rights before any raw download.",sha256:374e539cf68f1c2f060e61b1927a0ce2f0d8839d95ee7a3931ced77f19d5957c
src_e3823a99f2618c85d,gpn_2025_q4,GPN,Global Payments Inc.,2025,Q4,transcript,official_ir,https://investors.globalpayments.com/,investors.globalpayments.com,metadata_only,metadata_only_no_raw_download,false,false,false,false,true,,,,,,false,false,1,"Review source terms, robots policy, event identity, and storage/evaluation rights before any raw download.",sha256:b92bbe2473bf99f32b9f2f0489a096ccca09b531d2347ab94552c8d883ae58a0
src_2e7f27e21193b9a49,gpn_2025_q4,GPN,Global Payments Inc.,2025,Q4,audio,official_ir,https://investors.globalpayments.com/,investors.globalpayments.com,metadata_only,metadata_only_no_raw_download,false,false,false,false,true,,,,,,false,false,2,"Review source terms, robots policy, event identity, and storage/evaluation rights before any raw download.",sha256:f6f4ae4bc5a055bc9feea12e19e01385b1ec89058f16f0912f1699cdf1845984
src_904aa43dbd6d46a80,blk_2025_q4,BLK,"BlackRock, Inc.",2025,Q4,transcript,official_ir,https://ir.blackrock.com/,ir.blackrock.com,metadata_only,metadata_only_no_raw_download,false,false,false,false,true,,,,,,false,false,1,"Review source terms, robots policy, event identity, and storage/evaluation rights before any raw download.",sha256:c01cc33f4e56b2edfa97cb0acdfe8e4a4a9e2d64dabd4d2843ee0bc0c5d130a6
src_f776bd9f5c4583454,blk_2025_q4,BLK,"BlackRock, Inc.",2025,Q4,audio,official_ir,https://ir.blackrock.com/,ir.blackrock.com,metadata_only,metadata_only_no_raw_download,false,false,false,false,true,,,,,,false,false,2,"Review source terms, robots policy, event identity, and storage/evaluation rights before any raw download.",sha256:9d2a284b2e55530d664b1b6a1a89b142f8abf7cf490d1e27091239d2dae46f74
src_ac670d6e198612cc2,bx_2025_q4,BX,Blackstone Inc.,2025,Q4,transcript,official_ir,https://ir.blackstone.com/,ir.blackstone.com,metadata_only,metadata_only_no_raw_download,false,false,false,false,true,,,,,,false,false,1,"Review source terms, robots policy, event identity, and storage/evaluation rights before any raw download.",sha256:8a781d67474a50ebc43cd2ab820c5a29d0b42776c658be96a02e3fddbe07f87a
src_c7a7e65b133eb577e,bx_2025_q4,BX,Blackstone Inc.,2025,Q4,audio,official_ir,https://ir.blackstone.com/,ir.blackstone.com,metadata_only,metadata_only_no_raw_download,false,false,false,false,true,,,,,,false,false,2,"Review source terms, robots policy, event identity, and storage/evaluation rights before any raw download.",sha256:6825a68e5204ce51afad3675a5ee24ef157dedfe97e57bc0e4e5c3d669cf098d
src_c98352733399d3046,schw_2025_q4,SCHW,The Charles Schwab Corporation,2025,Q4,transcript,official_ir,https://www.aboutschwab.com/investor-relations,www.aboutschwab.com,metadata_only,metadata_only_no_raw_download,false,false,false,false,true,,,,,,false,false,1,"Review source terms, robots policy, event identity, and storage/evaluation rights before any raw download.",sha256:c3d459175acdcb1fd6fe4020b74fa7afe992fc1e79226f1cc732100d611720c2
src_7c78ca605726e906b,schw_2025_q4,SCHW,The Charles Schwab Corporation,2025,Q4,audio,official_ir,https://www.aboutschwab.com/investor-relations,www.aboutschwab.com,metadata_only,metadata_only_no_raw_download,false,false,false,false,true,,,,,,false,false,2,"Review source terms, robots policy, event identity, and storage/evaluation rights before any raw download.",sha256:167d254aa522698591c1f3bc6f9aac1b2cf5cf10067b38267ae024baed2bcb50
src_bd5d39647bebe2f78,ice_2025_q4,ICE,"Intercontinental Exchange, Inc.",2025,Q4,transcript,official_ir,https://ir.theice.com/,ir.theice.com,metadata_only,metadata_only_no_raw_download,false,false,false,false,true,,,,,,false,false,1,"Review source terms, robots policy, event identity, and storage/evaluation rights before any raw download.",sha256:704d4508b5b8d808cdd24df768934e8bb4d1581203da011deeb54e67fd8b4629
src_316e224a45c03f917,ice_2025_q4,ICE,"Intercontinental Exchange, Inc.",2025,Q4,audio,official_ir,https://ir.theice.com/,ir.theice.com,metadata_only,metadata_only_no_raw_download,false,false,false,false,true,,,,,,false,false,2,"Review source terms, robots policy, event identity, and storage/evaluation rights before any raw download.",sha256:d5452f3490d2ce924fd84523a73adb0b63704fcbdd38fc8910901b4637045c48
src_b8c57d0be688ad924,spgi_2025_q4,SPGI,S&P Global Inc.,2025,Q4,transcript,official_ir,https://investor.spglobal.com/,investor.spglobal.com,metadata_only,metadata_only_no_raw_download,false,false,false,false,true,,,,,,false,false,1,"Review source terms, robots policy, event identity, and storage/evaluation rights before any raw download.",sha256:db1d9d2d907757e5a6815825f26611cb2b82855eb32c8929071dd0c25e28e20a
src_549d254082b57d807,spgi_2025_q4,SPGI,S&P Global Inc.,2025,Q4,audio,official_ir,https://investor.spglobal.com/,investor.spglobal.com,metadata_only,metadata_only_no_raw_download,false,false,false,false,true,,,,,,false,false,2,"Review source terms, robots policy, event identity, and storage/evaluation rights before any raw download.",sha256:1b5603a4181943da82d8a3a3755c2a38a6a8f209effc1ad5442cdf3c06ae180e
src_d5c8a65d60f7eff75,mco_2025_q4,MCO,Moody's Corporation,2025,Q4,transcript,official_ir,https://ir.moodys.com/,ir.moodys.com,metadata_only,metadata_only_no_raw_download,false,false,false,false,true,,,,,,false,false,1,"Review source terms, robots policy, event identity, and storage/evaluation rights before any raw download.",sha256:74efd0c3b65da69dbadfc4f6745fb25d09aeaf1e0a9e1ef02a355f94be301c2d
src_7d2c502b961064427,mco_2025_q4,MCO,Moody's Corporation,2025,Q4,audio,official_ir,https://ir.moodys.com/,ir.moodys.com,metadata_only,metadata_only_no_raw_download,false,false,false,false,true,,,,,,false,false,2,"Review source terms, robots policy, event identity, and storage/evaluation rights before any raw download.",sha256:0ade68b34e9cd91c4b6af4bdd695dcbb16c7aff6b4dcf94295f6f51bde4165a0
src_ba71d7e61d34af6cc,aon_2025_q4,AON,Aon plc,2025,Q4,transcript,official_ir,https://investors.aon.com/,investors.aon.com,metadata_only,metadata_only_no_raw_download,false,false,false,false,true,,,,,,false,false,1,"Review source terms, robots policy, event identity, and storage/evaluation rights before any raw download.",sha256:ca526e9626709df4bcd81b188a5dfa822ba1297f98b05fab65571f5f724f301c
src_dfc56f002dbf2ac99,aon_2025_q4,AON,Aon plc,2025,Q4,audio,official_ir,https://investors.aon.com/,investors.aon.com,metadata_only,metadata_only_no_raw_download,false,false,false,false,true,,,,,,false,false,2,"Review source terms, robots policy, event identity, and storage/evaluation rights before any raw download.",sha256:47f496ff4e203b0fa7fde60adaae3eb73213b24481fb1dc2d140ac6e3ed3be96
src_ce6a3ebacd68c46eb,aig_2025_q4,AIG,"American International Group, Inc.",2025,Q4,transcript,official_ir,https://www.aig.com/investor-relations,www.aig.com,metadata_only,metadata_only_no_raw_download,false,false,false,false,true,,,,,,false,false,1,"Review source terms, robots policy, event identity, and storage/evaluation rights before any raw download.",sha256:cfd34614bdc9a14122bfb2bafa9e2f989cc44b22abd903ff2be9cc5e6b229bdc
src_08a791f113985be8f,aig_2025_q4,AIG,"American International Group, Inc.",2025,Q4,audio,official_ir,https://www.aig.com/investor-relations,www.aig.com,metadata_only,metadata_only_no_raw_download,false,false,false,false,true,,,,,,false,false,2,"Review source terms, robots policy, event identity, and storage/evaluation rights before any raw download.",sha256:baad623d544659d68e3167717194f19dbeef7f4b9efc15ca575da424a075de72
src_fe9c1b2deb8533a77,met_2025_q4,MET,"MetLife, Inc.",2025,Q4,transcript,official_ir,https://investor.metlife.com/,investor.metlife.com,metadata_only,metadata_only_no_raw_download,false,false,false,false,true,,,,,,false,false,1,"Review source terms, robots policy, event identity, and storage/evaluation rights before any raw download.",sha256:0dc39654e5cbde9099688a3309a017659306d6c61747a94f3d73b911c303dc94
src_db51279623f03ad55,met_2025_q4,MET,"MetLife, Inc.",2025,Q4,audio,official_ir,https://investor.metlife.com/,investor.metlife.com,metadata_only,metadata_only_no_raw_download,false,false,false,false,true,,,,,,false,false,2,"Review source terms, robots policy, event identity, and storage/evaluation rights before any raw download.",sha256:57c0083a13cad60e32034f45366ced3e2381db14fda90a0dfe1d6254589098bd
src_bf923013800c2fcea,pru_2025_q4,PRU,"Prudential Financial, Inc.",2025,Q4,transcript,official_ir,https://www.investor.prudential.com/,www.investor.prudential.com,metadata_only,metadata_only_no_raw_download,false,false,false,false,true,,,,,,false,false,1,"Review source terms, robots policy, event identity, and storage/evaluation rights before any raw download.",sha256:20feb05bd5fe16c60bb999235d865b426952738305aa578c2a9c9ce5ab76a84e
src_38e9a7680d389c448,pru_2025_q4,PRU,"Prudential Financial, Inc.",2025,Q4,audio,official_ir,https://www.investor.prudential.com/,www.investor.prudential.com,metadata_only,metadata_only_no_raw_download,false,false,false,false,true,,,,,,false,false,2,"Review source terms, robots policy, event identity, and storage/evaluation rights before any raw download.",sha256:b2c0b85fbb99e45b1775406e3e30326bf7d0234c82e5e432744d2c689315c6e7
src_39a5f99f362ee82e5,trv_2025_q4,TRV,"The Travelers Companies, Inc.",2025,Q4,transcript,official_ir,https://investor.travelers.com/,investor.travelers.com,metadata_only,metadata_only_no_raw_download,false,false,false,false,true,,,,,,false,false,1,"Review source terms, robots policy, event identity, and storage/evaluation rights before any raw download.",sha256:95cc5749333b9e34aa1ede45094372d2bc693a4232f4484632bda39cba0afa9a
src_f9a3a381a67a97b78,trv_2025_q4,TRV,"The Travelers Companies, Inc.",2025,Q4,audio,official_ir,https://investor.travelers.com/,investor.travelers.com,metadata_only,metadata_only_no_raw_download,false,false,false,false,true,,,,,,false,false,2,"Review source terms, robots policy, event identity, and storage/evaluation rights before any raw download.",sha256:f07ee360b4f9192f787862a14af13b0ea422d9dac0287c205390dc784d7616ab
src_44bc01607001dc6d0,cb_2025_q4,CB,Chubb Limited,2025,Q4,transcript,official_ir,https://investors.chubb.com/,investors.chubb.com,metadata_only,metadata_only_no_raw_download,false,false,false,false,true,,,,,,false,false,1,"Review source terms, robots policy, event identity, and storage/evaluation rights before any raw download.",sha256:004f9efe4da9c6dd4c464a670cc1d998451280da258c78781b797493c0bf040f
src_30a71ac913b4ee498,cb_2025_q4,CB,Chubb Limited,2025,Q4,audio,official_ir,https://investors.chubb.com/,investors.chubb.com,metadata_only,metadata_only_no_raw_download,false,false,false,false,true,,,,,,false,false,2,"Review source terms, robots policy, event identity, and storage/evaluation rights before any raw download.",sha256:125ffddf08d4aa30aac0db55206d1081b837b5723c4f0e15ea528f65b585882b
src_e105e1bcc40f104b6,jnj_2025_q4,JNJ,Johnson & Johnson,2025,Q4,transcript,official_ir,https://www.investor.jnj.com/,www.investor.jnj.com,metadata_only,metadata_only_no_raw_download,false,false,false,false,true,,,,,,false,false,1,"Review source terms, robots policy, event identity, and storage/evaluation rights before any raw download.",sha256:ec5467da5a1e1670c33e7a2f4de96fb8fc83b8368d5ffd42868b013f6aff876a
src_9ccadec4fc2893885,jnj_2025_q4,JNJ,Johnson & Johnson,2025,Q4,audio,official_ir,https://www.investor.jnj.com/,www.investor.jnj.com,metadata_only,metadata_only_no_raw_download,false,false,false,false,true,,,,,,false,false,2,"Review source terms, robots policy, event identity, and storage/evaluation rights before any raw download.",sha256:6a33506c0a763f6528f9a305fffd623df7efbe8b3581f62302d6875816b67e0b
src_b161ae1d7bb2944de,lly_2025_q4,LLY,Eli Lilly and Company,2025,Q4,transcript,official_ir,https://investor.lilly.com/,investor.lilly.com,metadata_only,metadata_only_no_raw_download,false,false,false,false,true,,,,,,false,false,1,"Review source terms, robots policy, event identity, and storage/evaluation rights before any raw download.",sha256:b82c137f92c83b34ff41c75e3a607cd910597e9a8c8d68f7f0bbc12ed86366b2
src_65f89c8bc4b9595f7,lly_2025_q4,LLY,Eli Lilly and Company,2025,Q4,audio,official_ir,https://investor.lilly.com/,investor.lilly.com,metadata_only,metadata_only_no_raw_download,false,false,false,false,true,,,,,,false,false,2,"Review source terms, robots policy, event identity, and storage/evaluation rights before any raw download.",sha256:7dd9aa755c5ba0db1a9095a7f23f0986293f57822c8be6dff6f1ef34ea65fba6
src_f3c63b22954c89c07,mrk_2025_q4,MRK,"Merck & Co., Inc.",2025,Q4,transcript,official_ir,https://www.merck.com/investor-relations/,www.merck.com,metadata_only,metadata_only_no_raw_download,false,false,false,false,true,,,,,,false,false,1,"Review source terms, robots policy, event identity, and storage/evaluation rights before any raw download.",sha256:03c4e6404903bb72f3d759e3c9c9242b4257eb437abcf5c1044902ec59a4b1c3
src_811dda7d11c24d84c,mrk_2025_q4,MRK,"Merck & Co., Inc.",2025,Q4,audio,official_ir,https://www.merck.com/investor-relations/,www.merck.com,metadata_only,metadata_only_no_raw_download,false,false,false,false,true,,,,,,false,false,2,"Review source terms, robots policy, event identity, and storage/evaluation rights before any raw download.",sha256:4b51a4600da45566f3286509ea32e346012ba25961637d9f3ed992f4d8abf21e
src_a02360d7837198adb,pfe_2025_q4,PFE,Pfizer Inc.,2025,Q4,transcript,official_ir,https://investors.pfizer.com/,investors.pfizer.com,metadata_only,metadata_only_no_raw_download,false,false,false,false,true,,,,,,false,false,1,"Review source terms, robots policy, event identity, and storage/evaluation rights before any raw download.",sha256:712d1aa10fdeaefd608216d3b92b14c5de52a81890cc13a358a25046cb121991
src_19528eb652983e2ce,pfe_2025_q4,PFE,Pfizer Inc.,2025,Q4,audio,official_ir,https://investors.pfizer.com/,investors.pfizer.com,metadata_only,metadata_only_no_raw_download,false,false,false,false,true,,,,,,false,false,2,"Review source terms, robots policy, event identity, and storage/evaluation rights before any raw download.",sha256:0793bb3888fb49596e84e728fa62e4b7753b51e85f7882f6c4d4ca304a6861eb
src_a87a53572a27fd5fa,unh_2025_q4,UNH,UnitedHealth Group Incorporated,2025,Q4,transcript,official_ir,https://www.unitedhealthgroup.com/investors.html,www.unitedhealthgroup.com,metadata_only,metadata_only_no_raw_download,false,false,false,false,true,,,,,,false,false,1,"Review source terms, robots policy, event identity, and storage/evaluation rights before any raw download.",sha256:dc7416970885211854b36dbfa0de454643c552ea2ccee8bcc5028ff5699492c1
src_7b52a2ee3841e1c1f,unh_2025_q4,UNH,UnitedHealth Group Incorporated,2025,Q4,audio,official_ir,https://www.unitedhealthgroup.com/investors.html,www.unitedhealthgroup.com,metadata_only,metadata_only_no_raw_download,false,false,false,false,true,,,,,,false,false,2,"Review source terms, robots policy, event identity, and storage/evaluation rights before any raw download.",sha256:5b4a085509e58e3ecf3209ccba1b4a002bbadbcb2759866fba5bee019a7934da
src_e6ee3914b70306d3d,cvs_2025_q4,CVS,CVS Health Corporation,2025,Q4,transcript,official_ir,https://investors.cvshealth.com/,investors.cvshealth.com,metadata_only,metadata_only_no_raw_download,false,false,false,false,true,,,,,,false,false,1,"Review source terms, robots policy, event identity, and storage/evaluation rights before any raw download.",sha256:dc3b020c86c5c1876117049182023cbe28619326c83d53ae21dad1f0f31c06a5
src_8a4820a7ece3062e1,cvs_2025_q4,CVS,CVS Health Corporation,2025,Q4,audio,official_ir,https://investors.cvshealth.com/,investors.cvshealth.com,metadata_only,metadata_only_no_raw_download,false,false,false,false,true,,,,,,false,false,2,"Review source terms, robots policy, event identity, and storage/evaluation rights before any raw download.",sha256:1b012538f214da34db43659cbb53fa57f085f4a87135effde8f70f9b030a2148
src_84dfbed212842618a,abt_2025_q4,ABT,Abbott Laboratories,2025,Q4,transcript,official_ir,https://www.abbottinvestor.com/,www.abbottinvestor.com,metadata_only,metadata_only_no_raw_download,false,false,false,false,true,,,,,,false,false,1,"Review source terms, robots policy, event identity, and storage/evaluation rights before any raw download.",sha256:b8624e2f1f6f04f8d7ab365c4e0663b5e9ac886b0a1db2b8083f1195ed38e4d8
src_ad206e083363ed81c,abt_2025_q4,ABT,Abbott Laboratories,2025,Q4,audio,official_ir,https://www.abbottinvestor.com/,www.abbottinvestor.com,metadata_only,metadata_only_no_raw_download,false,false,false,false,true,,,,,,false,false,2,"Review source terms, robots policy, event identity, and storage/evaluation rights before any raw download.",sha256:760dd9694cf0f8269521bfc2445e05d09d00880ac0507773a770a0d542261996
src_d7453867f5574fa83,bmy_2025_q4,BMY,Bristol Myers Squibb Company,2025,Q4,transcript,official_ir,https://investors.bms.com/,investors.bms.com,metadata_only,metadata_only_no_raw_download,false,false,false,false,true,,,,,,false,false,1,"Review source terms, robots policy, event identity, and storage/evaluation rights before any raw download.",sha256:879490f68e7c3691a7e6251c8bbf74ac733ff80e0afba3f680aecfbcd6b299f1
src_09b1d6e74f8b7e05c,bmy_2025_q4,BMY,Bristol Myers Squibb Company,2025,Q4,audio,official_ir,https://investors.bms.com/,investors.bms.com,metadata_only,metadata_only_no_raw_download,false,false,false,false,true,,,,,,false,false,2,"Review source terms, robots policy, event identity, and storage/evaluation rights before any raw download.",sha256:d6181ac2720c3c3483206551c8aef9b6ff0271837f22b52a47f0bda78aab637e
src_78cca29269cbd08c3,mdt_2025_q4,MDT,Medtronic plc,2025,Q4,transcript,official_ir,https://investorrelations.medtronic.com/,investorrelations.medtronic.com,metadata_only,metadata_only_no_raw_download,false,false,false,false,true,,,,,,false,false,1,"Review source terms, robots policy, event identity, and storage/evaluation rights before any raw download.",sha256:d1f39c020a172497ce163e981ee89e03abd29ff8b8f736beb85cada9b27a6bd4
src_316c3d338489cecc6,mdt_2025_q4,MDT,Medtronic plc,2025,Q4,audio,official_ir,https://investorrelations.medtronic.com/,investorrelations.medtronic.com,metadata_only,metadata_only_no_raw_download,false,false,false,false,true,,,,,,false,false,2,"Review source terms, robots policy, event identity, and storage/evaluation rights before any raw download.",sha256:69faa625af8b7c0aaa8924d83640c87bf2af5db9115f8530ae24982c38d0a103
src_09150fcbe0a2c5307,tmo_2025_q4,TMO,Thermo Fisher Scientific Inc.,2025,Q4,transcript,official_ir,https://ir.thermofisher.com/,ir.thermofisher.com,metadata_only,metadata_only_no_raw_download,false,false,false,false,true,,,,,,false,false,1,"Review source terms, robots policy, event identity, and storage/evaluation rights before any raw download.",sha256:bd64763ae6f1fecb99ed86364d0175316b5f6f7b852b00e8d72c9d5ab514869f
src_453fcb552dd7caf59,tmo_2025_q4,TMO,Thermo Fisher Scientific Inc.,2025,Q4,audio,official_ir,https://ir.thermofisher.com/,ir.thermofisher.com,metadata_only,metadata_only_no_raw_download,false,false,false,false,true,,,,,,false,false,2,"Review source terms, robots policy, event identity, and storage/evaluation rights before any raw download.",sha256:4f00696efce084afb782c945251e016049a7a9dce8c8a1dd4445a007d05b3c06
src_2bc0a5b0d02739fd1,dhr_2025_q4,DHR,Danaher Corporation,2025,Q4,transcript,official_ir,https://investors.danaher.com/,investors.danaher.com,metadata_only,metadata_only_no_raw_download,false,false,false,false,true,,,,,,false,false,1,"Review source terms, robots policy, event identity, and storage/evaluation rights before any raw download.",sha256:38f546f1b77e09ab692e76d3eff272b89dfa96050f555340ecbf1d7a29d55cb3
src_eef84810a131dfa52,dhr_2025_q4,DHR,Danaher Corporation,2025,Q4,audio,official_ir,https://investors.danaher.com/,investors.danaher.com,metadata_only,metadata_only_no_raw_download,false,false,false,false,true,,,,,,false,false,2,"Review source terms, robots policy, event identity, and storage/evaluation rights before any raw download.",sha256:8aa484854e8ed02b5f08888b243066787b526ab7636f4c80a349c41c5d39d912
src_9152d00caea379323,bdx_2025_q4,BDX,"Becton, Dickinson and Company",2025,Q4,transcript,official_ir,https://investors.bd.com/,investors.bd.com,metadata_only,metadata_only_no_raw_download,false,false,false,false,true,,,,,,false,false,1,"Review source terms, robots policy, event identity, and storage/evaluation rights before any raw download.",sha256:e186958ea0cced7c69f0f90cd540ba48c6574f6e6cdcca7b506a2c34c1ab0898
src_4d0292d8c63eb5610,bdx_2025_q4,BDX,"Becton, Dickinson and Company",2025,Q4,audio,official_ir,https://investors.bd.com/,investors.bd.com,metadata_only,metadata_only_no_raw_download,false,false,false,false,true,,,,,,false,false,2,"Review source terms, robots policy, event identity, and storage/evaluation rights before any raw download.",sha256:3c848e4f7a2e3fe22a84027e0cca7e91ced68d1dd864e3ce776583c66467c228
src_041fbcea5a350d134,ci_2025_q4,CI,The Cigna Group,2025,Q4,transcript,official_ir,https://investors.thecignagroup.com/,investors.thecignagroup.com,metadata_only,metadata_only_no_raw_download,false,false,false,false,true,,,,,,false,false,1,"Review source terms, robots policy, event identity, and storage/evaluation rights before any raw download.",sha256:b2585ea6cca80173d100bdbca54cfbfa966cbfe195a261274b3ddc4e14c4d3d4
src_e72671d623dbca8d7,ci_2025_q4,CI,The Cigna Group,2025,Q4,audio,official_ir,https://investors.thecignagroup.com/,investors.thecignagroup.com,metadata_only,metadata_only_no_raw_download,false,false,false,false,true,,,,,,false,false,2,"Review source terms, robots policy, event identity, and storage/evaluation rights before any raw download.",sha256:3fd1ae68d9ad172c6af9cfaad32640cd96cc2840a093b4e35a65e488d4207d71
src_db4604d12eb8be904,hca_2025_q4,HCA,"HCA Healthcare, Inc.",2025,Q4,transcript,official_ir,https://investor.hcahealthcare.com/,investor.hcahealthcare.com,metadata_only,metadata_only_no_raw_download,false,false,false,false,true,,,,,,false,false,1,"Review source terms, robots policy, event identity, and storage/evaluation rights before any raw download.",sha256:f394784c10f55b8c8739bbd8f0367a1088253edb259b1fb1d35fca67999d5072
src_d07fe4ca2c882817e,hca_2025_q4,HCA,"HCA Healthcare, Inc.",2025,Q4,audio,official_ir,https://investor.hcahealthcare.com/,investor.hcahealthcare.com,metadata_only,metadata_only_no_raw_download,false,false,false,false,true,,,,,,false,false,2,"Review source terms, robots policy, event identity, and storage/evaluation rights before any raw download.",sha256:5ae9b0c1a568e9fb9c65939abfa780b72325ece19d188a85faff165eb99d8f42
src_33d9b9a9b946a1e09,syk_2025_q4,SYK,Stryker Corporation,2025,Q4,transcript,official_ir,https://investors.stryker.com/,investors.stryker.com,metadata_only,metadata_only_no_raw_download,false,false,false,false,true,,,,,,false,false,1,"Review source terms, robots policy, event identity, and storage/evaluation rights before any raw download.",sha256:35a6a733a1f4617e0d9ccf2c9b0960ae4ca4c4413bd15e5405be291b590cfa26
src_0abb40d5108ba5b30,syk_2025_q4,SYK,Stryker Corporation,2025,Q4,audio,official_ir,https://investors.stryker.com/,investors.stryker.com,metadata_only,metadata_only_no_raw_download,false,false,false,false,true,,,,,,false,false,2,"Review source terms, robots policy, event identity, and storage/evaluation rights before any raw download.",sha256:599fb3584a136f84711e77fead225a9c53e1d93a72374c59636b5104525a96bc
src_f68423b666b08e8f5,xom_2025_q4,XOM,Exxon Mobil Corporation,2025,Q4,transcript,official_ir,https://corporate.exxonmobil.com/investors,corporate.exxonmobil.com,metadata_only,metadata_only_no_raw_download,false,false,false,false,true,,,,,,false,false,1,"Review source terms, robots policy, event identity, and storage/evaluation rights before any raw download.",sha256:1c2c7146e430c40be2d39436fe2c667f9b1c4dba7e841f7aeb6d46f70e1de36c
src_e79e34324b7dbbcd7,xom_2025_q4,XOM,Exxon Mobil Corporation,2025,Q4,audio,official_ir,https://corporate.exxonmobil.com/investors,corporate.exxonmobil.com,metadata_only,metadata_only_no_raw_download,false,false,false,false,true,,,,,,false,false,2,"Review source terms, robots policy, event identity, and storage/evaluation rights before any raw download.",sha256:854158495c857f065763982668a37b6bf550a899231e460eabd9cb5ee6533259
src_cac3be12bed885534,cvx_2025_q4,CVX,Chevron Corporation,2025,Q4,transcript,official_ir,https://www.chevron.com/investors,www.chevron.com,metadata_only,metadata_only_no_raw_download,false,false,false,false,true,,,,,,false,false,1,"Review source terms, robots policy, event identity, and storage/evaluation rights before any raw download.",sha256:659ef5c37133adc9a1d345df83f09b2bcc7783c8713a2e5d48ed5eb250954173
src_f2f47650ec158e40c,cvx_2025_q4,CVX,Chevron Corporation,2025,Q4,audio,official_ir,https://www.chevron.com/investors,www.chevron.com,metadata_only,metadata_only_no_raw_download,false,false,false,false,true,,,,,,false,false,2,"Review source terms, robots policy, event identity, and storage/evaluation rights before any raw download.",sha256:f7e92f26fb5aaf3cc8f2afe6d608b9b52cb3cde6c8d9ea790924cb34e4494d52
src_0dad712810e118728,cop_2025_q4,COP,ConocoPhillips,2025,Q4,transcript,official_ir,https://www.conocophillips.com/investor-relations/,www.conocophillips.com,metadata_only,metadata_only_no_raw_download,false,false,false,false,true,,,,,,false,false,1,"Review source terms, robots policy, event identity, and storage/evaluation rights before any raw download.",sha256:d83adfc29f1894992def937fe91d21243271d7de07681eace695f5c83c3edfbb
src_69b1dfb626192918f,cop_2025_q4,COP,ConocoPhillips,2025,Q4,audio,official_ir,https://www.conocophillips.com/investor-relations/,www.conocophillips.com,metadata_only,metadata_only_no_raw_download,false,false,false,false,true,,,,,,false,false,2,"Review source terms, robots policy, event identity, and storage/evaluation rights before any raw download.",sha256:e3aa41958b576b3dfbe9a7f4ae0887eee6f58eb232d45259b76c41207056f3fd
src_f3d60f367ae2a627c,slb_2025_q4,SLB,SLB,2025,Q4,transcript,official_ir,https://investorcenter.slb.com/,investorcenter.slb.com,metadata_only,metadata_only_no_raw_download,false,false,false,false,true,,,,,,false,false,1,"Review source terms, robots policy, event identity, and storage/evaluation rights before any raw download.",sha256:4f9b9e976e13ab77726229c912d5011d5a0d89f03c245255c99399be385b6e85
src_92f11efa628d91de8,slb_2025_q4,SLB,SLB,2025,Q4,audio,official_ir,https://investorcenter.slb.com/,investorcenter.slb.com,metadata_only,metadata_only_no_raw_download,false,false,false,false,true,,,,,,false,false,2,"Review source terms, robots policy, event identity, and storage/evaluation rights before any raw download.",sha256:addc6a674c2e8f83ded945ffb978ce04a53a38d9724a5b66135848443142ace2
src_b3b5bf15f2d935a34,hal_2025_q4,HAL,Halliburton Company,2025,Q4,transcript,official_ir,https://ir.halliburton.com/,ir.halliburton.com,metadata_only,metadata_only_no_raw_download,false,false,false,false,true,,,,,,false,false,1,"Review source terms, robots policy, event identity, and storage/evaluation rights before any raw download.",sha256:7b94e75b35cb8ec8e79457274b0ea9f297e7b7e93d39c13e24fe6cba27f433f2
src_f71102fe297b99b53,hal_2025_q4,HAL,Halliburton Company,2025,Q4,audio,official_ir,https://ir.halliburton.com/,ir.halliburton.com,metadata_only,metadata_only_no_raw_download,false,false,false,false,true,,,,,,false,false,2,"Review source terms, robots policy, event identity, and storage/evaluation rights before any raw download.",sha256:f6481f22cd365d6666be87fea7e86eb8efd076299a405239d6ab335d559d40e8
src_7c7bb3e588a3c5fa5,eog_2025_q4,EOG,"EOG Resources, Inc.",2025,Q4,transcript,official_ir,https://investors.eogresources.com/,investors.eogresources.com,metadata_only,metadata_only_no_raw_download,false,false,false,false,true,,,,,,false,false,1,"Review source terms, robots policy, event identity, and storage/evaluation rights before any raw download.",sha256:36575c812c75b4bc87e9ecb960f74cb4e57b412a0d929d3590061a95ff948f2f
src_00a27b02b9f68d5a2,eog_2025_q4,EOG,"EOG Resources, Inc.",2025,Q4,audio,official_ir,https://investors.eogresources.com/,investors.eogresources.com,metadata_only,metadata_only_no_raw_download,false,false,false,false,true,,,,,,false,false,2,"Review source terms, robots policy, event identity, and storage/evaluation rights before any raw download.",sha256:f5d601f96e9627a5544f85743959aa240cb88b8c4cf5129d3cc2959532186328
src_b301ddfc98ba60eb0,oxy_2025_q4,OXY,Occidental Petroleum Corporation,2025,Q4,transcript,official_ir,https://www.oxy.com/investors/,www.oxy.com,metadata_only,metadata_only_no_raw_download,false,false,false,false,true,,,,,,false,false,1,"Review source terms, robots policy, event identity, and storage/evaluation rights before any raw download.",sha256:731f6bc18849b2251a30c18a5f2e32e6be0b969f5f0cd28de278a4376ba9e291
src_bd38c30bc76c865cb,oxy_2025_q4,OXY,Occidental Petroleum Corporation,2025,Q4,audio,official_ir,https://www.oxy.com/investors/,www.oxy.com,metadata_only,metadata_only_no_raw_download,false,false,false,false,true,,,,,,false,false,2,"Review source terms, robots policy, event identity, and storage/evaluation rights before any raw download.",sha256:a24c5a15659bf0288ca61ae8ef2a77d696bc2244927a9338ac16df15c2b68499
src_a2522b794d94b87a2,mpc_2025_q4,MPC,Marathon Petroleum Corporation,2025,Q4,transcript,official_ir,https://www.marathonpetroleum.com/Investors/,www.marathonpetroleum.com,metadata_only,metadata_only_no_raw_download,false,false,false,false,true,,,,,,false,false,1,"Review source terms, robots policy, event identity, and storage/evaluation rights before any raw download.",sha256:48bd34442e6b096bc6e244860afac3d75fd3e303f91131ff4594e9f67e42bbfb
src_b080910d8e3ed70b0,mpc_2025_q4,MPC,Marathon Petroleum Corporation,2025,Q4,audio,official_ir,https://www.marathonpetroleum.com/Investors/,www.marathonpetroleum.com,metadata_only,metadata_only_no_raw_download,false,false,false,false,true,,,,,,false,false,2,"Review source terms, robots policy, event identity, and storage/evaluation rights before any raw download.",sha256:94963553609a54ff10f14f702d16cdc3abf0b03a4f64ec683af6eae8d7fd4c9a
src_11c189e62077f9f3f,psx_2025_q4,PSX,Phillips 66,2025,Q4,transcript,official_ir,https://investor.phillips66.com/,investor.phillips66.com,metadata_only,metadata_only_no_raw_download,false,false,false,false,true,,,,,,false,false,1,"Review source terms, robots policy, event identity, and storage/evaluation rights before any raw download.",sha256:399223ee36c19ffd5badd65d83a006f37316e5db7d91e0c03ef62b2e7fc9a3c4
src_a5ab2d0972e4d7ce1,psx_2025_q4,PSX,Phillips 66,2025,Q4,audio,official_ir,https://investor.phillips66.com/,investor.phillips66.com,metadata_only,metadata_only_no_raw_download,false,false,false,false,true,,,,,,false,false,2,"Review source terms, robots policy, event identity, and storage/evaluation rights before any raw download.",sha256:77243e292a0b99bd7420158feb7f538ae292d556b0f69a096b8618a4a3bbcfd3
src_be1ecce11c8a22fc2,vlo_2025_q4,VLO,Valero Energy Corporation,2025,Q4,transcript,official_ir,https://investorvalero.com/,investorvalero.com,metadata_only,metadata_only_no_raw_download,false,false,false,false,true,,,,,,false,false,1,"Review source terms, robots policy, event identity, and storage/evaluation rights before any raw download.",sha256:f2d35a4daeae7616d130d4999e2e780456aff22a9eb18c6b185fc66817586399
src_8bf1e2922afffc405,vlo_2025_q4,VLO,Valero Energy Corporation,2025,Q4,audio,official_ir,https://investorvalero.com/,investorvalero.com,metadata_only,metadata_only_no_raw_download,false,false,false,false,true,,,,,,false,false,2,"Review source terms, robots policy, event identity, and storage/evaluation rights before any raw download.",sha256:fde9df146dcf8df32fc587f8b7c9c6ee8d4fa55f6f3f0a85d0e38e191011152b
src_43ad54e3f99c599d0,ba_2025_q4,BA,The Boeing Company,2025,Q4,transcript,official_ir,https://investors.boeing.com/,investors.boeing.com,metadata_only,metadata_only_no_raw_download,false,false,false,false,true,,,,,,false,false,1,"Review source terms, robots policy, event identity, and storage/evaluation rights before any raw download.",sha256:1d399037a6c45660367ce9059abd76b7e7870e2ad4baae515db7c60efde127b5
src_71d4e3f67c079f186,ba_2025_q4,BA,The Boeing Company,2025,Q4,audio,official_ir,https://investors.boeing.com/,investors.boeing.com,metadata_only,metadata_only_no_raw_download,false,false,false,false,true,,,,,,false,false,2,"Review source terms, robots policy, event identity, and storage/evaluation rights before any raw download.",sha256:a0af99644bfd88c132e2eb897e907fff2d7ca457523f48f64b14159ceab9f159
src_ee524c2095609859b,rtx_2025_q4,RTX,RTX Corporation,2025,Q4,transcript,official_ir,https://www.rtx.com/investors,www.rtx.com,metadata_only,metadata_only_no_raw_download,false,false,false,false,true,,,,,,false,false,1,"Review source terms, robots policy, event identity, and storage/evaluation rights before any raw download.",sha256:fe3a073119cfac7234d0653982022a48d8d3032e4f2be32c8fea83960aa7891d
src_b3cc8d02a06d0cb99,rtx_2025_q4,RTX,RTX Corporation,2025,Q4,audio,official_ir,https://www.rtx.com/investors,www.rtx.com,metadata_only,metadata_only_no_raw_download,false,false,false,false,true,,,,,,false,false,2,"Review source terms, robots policy, event identity, and storage/evaluation rights before any raw download.",sha256:9bfed63efa31fbb2c1996c02673429c1b4ff131032c7eb63571ec4eb3545bf7d
src_e1e9cad20055b407e,lmt_2025_q4,LMT,Lockheed Martin Corporation,2025,Q4,transcript,official_ir,https://investors.lockheedmartin.com/,investors.lockheedmartin.com,metadata_only,metadata_only_no_raw_download,false,false,false,false,true,,,,,,false,false,1,"Review source terms, robots policy, event identity, and storage/evaluation rights before any raw download.",sha256:40ea6937a2eb014859a8c0936696ee6a1a99615e926c334826e4afc87b04c732
src_c627ab9fc9469a2c7,lmt_2025_q4,LMT,Lockheed Martin Corporation,2025,Q4,audio,official_ir,https://investors.lockheedmartin.com/,investors.lockheedmartin.com,metadata_only,metadata_only_no_raw_download,false,false,false,false,true,,,,,,false,false,2,"Review source terms, robots policy, event identity, and storage/evaluation rights before any raw download.",sha256:c3a98010e6420a83c1535a8f14333adc155d9ef6733485f9b298a5d6f9773c6e
src_8d47d428024345913,noc_2025_q4,NOC,Northrop Grumman Corporation,2025,Q4,transcript,official_ir,https://investor.northropgrumman.com/,investor.northropgrumman.com,metadata_only,metadata_only_no_raw_download,false,false,false,false,true,,,,,,false,false,1,"Review source terms, robots policy, event identity, and storage/evaluation rights before any raw download.",sha256:30501d1f5d25769cf61b34b996b2d2b7b7e6ffa500fcc5597a194649f902f009
src_af841107a4fe20894,noc_2025_q4,NOC,Northrop Grumman Corporation,2025,Q4,audio,official_ir,https://investor.northropgrumman.com/,investor.northropgrumman.com,metadata_only,metadata_only_no_raw_download,false,false,false,false,true,,,,,,false,false,2,"Review source terms, robots policy, event identity, and storage/evaluation rights before any raw download.",sha256:a74df3cfd9f06688f0c86d53970b0df3f2d9c7f5b92209c15c7d4595c22e49d3
src_32b615f5578758da4,gd_2025_q4,GD,General Dynamics Corporation,2025,Q4,transcript,official_ir,https://investorrelations.gd.com/,investorrelations.gd.com,metadata_only,metadata_only_no_raw_download,false,false,false,false,true,,,,,,false,false,1,"Review source terms, robots policy, event identity, and storage/evaluation rights before any raw download.",sha256:9cad6e17eda29be110efd7e35fa64aa3fc80f45aa70415b645c7140782a7c97f
src_3b0677495f7e2b63e,gd_2025_q4,GD,General Dynamics Corporation,2025,Q4,audio,official_ir,https://investorrelations.gd.com/,investorrelations.gd.com,metadata_only,metadata_only_no_raw_download,false,false,false,false,true,,,,,,false,false,2,"Review source terms, robots policy, event identity, and storage/evaluation rights before any raw download.",sha256:20e2514cfa4ab78709e33da1606101cdda6d2e4d63f03737aa85167918d5fddf
src_c3c1a676856f23163,cat_2025_q4,CAT,Caterpillar Inc.,2025,Q4,transcript,official_ir,https://investors.caterpillar.com/,investors.caterpillar.com,metadata_only,metadata_only_no_raw_download,false,false,false,false,true,,,,,,false,false,1,"Review source terms, robots policy, event identity, and storage/evaluation rights before any raw download.",sha256:25801d657e3ecbedf4c9dbfd4ccce664698e64ed7dff3f08f1428988af22b3a0
src_9f202da12f0a53fd0,cat_2025_q4,CAT,Caterpillar Inc.,2025,Q4,audio,official_ir,https://investors.caterpillar.com/,investors.caterpillar.com,metadata_only,metadata_only_no_raw_download,false,false,false,false,true,,,,,,false,false,2,"Review source terms, robots policy, event identity, and storage/evaluation rights before any raw download.",sha256:2947d50b43a704ae3a5ce403e0bc76aafeaba6a73d97cd6bbd0e291dd58a2fd3
src_535e6213ac31885d6,de_2025_q4,DE,Deere & Company,2025,Q4,transcript,official_ir,https://investor.deere.com/,investor.deere.com,metadata_only,metadata_only_no_raw_download,false,false,false,false,true,,,,,,false,false,1,"Review source terms, robots policy, event identity, and storage/evaluation rights before any raw download.",sha256:787af7026697b160db413d9e7a61286bbc8a71c82ae64c43cf51304343b618ea
src_a10f765ada2a20729,de_2025_q4,DE,Deere & Company,2025,Q4,audio,official_ir,https://investor.deere.com/,investor.deere.com,metadata_only,metadata_only_no_raw_download,false,false,false,false,true,,,,,,false,false,2,"Review source terms, robots policy, event identity, and storage/evaluation rights before any raw download.",sha256:3499db1649743d2542d59d1a6f5a1da8eb3e4f354aac9f46691757a743f0d053
src_8c9ccb29fdff4695d,ge_2025_q4,GE,GE Aerospace,2025,Q4,transcript,official_ir,https://www.geaerospace.com/investors,www.geaerospace.com,metadata_only,metadata_only_no_raw_download,false,false,false,false,true,,,,,,false,false,1,"Review source terms, robots policy, event identity, and storage/evaluation rights before any raw download.",sha256:0018fe757177f6d03afaa38474be093036796981a35b6bc74132ad717262ad34
src_c3c55e8db433108eb,ge_2025_q4,GE,GE Aerospace,2025,Q4,audio,official_ir,https://www.geaerospace.com/investors,www.geaerospace.com,metadata_only,metadata_only_no_raw_download,false,false,false,false,true,,,,,,false,false,2,"Review source terms, robots policy, event identity, and storage/evaluation rights before any raw download.",sha256:5167dabd1015d3e4b6c4272997ad38162e2be45d366b23ce4d931b727b73ed95
src_bef3f3a1f0ab73d83,etn_2025_q4,ETN,Eaton Corporation plc,2025,Q4,transcript,official_ir,https://www.eaton.com/us/en-us/company/investor-relations.html,www.eaton.com,metadata_only,metadata_only_no_raw_download,false,false,false,false,true,,,,,,false,false,1,"Review source terms, robots policy, event identity, and storage/evaluation rights before any raw download.",sha256:01caf42d2656c52152df21d9669db2d22639b09103b8add343998de213c5b740
src_a32fdf144b9fa8641,etn_2025_q4,ETN,Eaton Corporation plc,2025,Q4,audio,official_ir,https://www.eaton.com/us/en-us/company/investor-relations.html,www.eaton.com,metadata_only,metadata_only_no_raw_download,false,false,false,false,true,,,,,,false,false,2,"Review source terms, robots policy, event identity, and storage/evaluation rights before any raw download.",sha256:3b0232b956f87fa1e88843f3ee3636757cb4487ad2697e68ab8ea3282e4c361e
src_12e67e159064c9028,emr_2025_q4,EMR,Emerson Electric Co.,2025,Q4,transcript,official_ir,https://www.emerson.com/en-us/investors,www.emerson.com,metadata_only,metadata_only_no_raw_download,false,false,false,false,true,,,,,,false,false,1,"Review source terms, robots policy, event identity, and storage/evaluation rights before any raw download.",sha256:bd182ba7060088b0a4137953aba75cd113de43f8a2ee6f91647e130094730669
src_40633c7d2e6317d85,emr_2025_q4,EMR,Emerson Electric Co.,2025,Q4,audio,official_ir,https://www.emerson.com/en-us/investors,www.emerson.com,metadata_only,metadata_only_no_raw_download,false,false,false,false,true,,,,,,false,false,2,"Review source terms, robots policy, event identity, and storage/evaluation rights before any raw download.",sha256:e30eb2c544e3c9f1bc8af6a55574d5c39f973da60033a630ea713be3dacfd660
src_1afc365d753b95258,mmm_2025_q4,MMM,3M Company,2025,Q4,transcript,official_ir,https://investors.3m.com/,investors.3m.com,metadata_only,metadata_only_no_raw_download,false,false,false,false,true,,,,,,false,false,1,"Review source terms, robots policy, event identity, and storage/evaluation rights before any raw download.",sha256:9e878b0251119df808d45d654cecac2288e788b889f18894bc73cfae0d4d70cf
src_b68db8dbe4b195dfd,mmm_2025_q4,MMM,3M Company,2025,Q4,audio,official_ir,https://investors.3m.com/,investors.3m.com,metadata_only,metadata_only_no_raw_download,false,false,false,false,true,,,,,,false,false,2,"Review source terms, robots policy, event identity, and storage/evaluation rights before any raw download.",sha256:4491ae0510efdb10871d1fe29af206f488476bba93bbf7a0d6a72472f636ef35
src_5d369cda276335553,itw_2025_q4,ITW,Illinois Tool Works Inc.,2025,Q4,transcript,official_ir,https://investor.itw.com/,investor.itw.com,metadata_only,metadata_only_no_raw_download,false,false,false,false,true,,,,,,false,false,1,"Review source terms, robots policy, event identity, and storage/evaluation rights before any raw download.",sha256:02beacfe22e186c7fabd68d6a0e0cc239a519bc8ff55f05eb9ca3c2c918c96f2
src_52cb0483a5b79685e,itw_2025_q4,ITW,Illinois Tool Works Inc.,2025,Q4,audio,official_ir,https://investor.itw.com/,investor.itw.com,metadata_only,metadata_only_no_raw_download,false,false,false,false,true,,,,,,false,false,2,"Review source terms, robots policy, event identity, and storage/evaluation rights before any raw download.",sha256:dcca07ffac6d90c22ee7f7838e3469eef8019a4eb5628d196b01c0865e6e7f17
src_d8586c8b38f078dda,ph_2025_q4,PH,Parker-Hannifin Corporation,2025,Q4,transcript,official_ir,https://investors.parker.com/,investors.parker.com,metadata_only,metadata_only_no_raw_download,false,false,false,false,true,,,,,,false,false,1,"Review source terms, robots policy, event identity, and storage/evaluation rights before any raw download.",sha256:cf721178d1184923aa2144e4bb26e5666f26ef9e52607c72b59178978ae8bbc4
src_6681548e711bb8f37,ph_2025_q4,PH,Parker-Hannifin Corporation,2025,Q4,audio,official_ir,https://investors.parker.com/,investors.parker.com,metadata_only,metadata_only_no_raw_download,false,false,false,false,true,,,,,,false,false,2,"Review source terms, robots policy, event identity, and storage/evaluation rights before any raw download.",sha256:cf6dea2f8fdd6fc6d156e3014062f1f1724de090625f7b1045cab167bf05a448
src_4ae646ab6327e3ede,carr_2025_q4,CARR,Carrier Global Corporation,2025,Q4,transcript,official_ir,https://ir.carrier.com/,ir.carrier.com,metadata_only,metadata_only_no_raw_download,false,false,false,false,true,,,,,,false,false,1,"Review source terms, robots policy, event identity, and storage/evaluation rights before any raw download.",sha256:b20f178a04afa06473b87fd275a6174708c665ff145b0c33cbce25e67aa98028
src_6c6421698fe7ad043,carr_2025_q4,CARR,Carrier Global Corporation,2025,Q4,audio,official_ir,https://ir.carrier.com/,ir.carrier.com,metadata_only,metadata_only_no_raw_download,false,false,false,false,true,,,,,,false,false,2,"Review source terms, robots policy, event identity, and storage/evaluation rights before any raw download.",sha256:e40d4d47447fe9be68d4dff15ac3fd00b9633738543e8da7aa5abd18071dd98b
src_72cef022a426ab28c,otis_2025_q4,OTIS,Otis Worldwide Corporation,2025,Q4,transcript,official_ir,https://www.otis.com/en/us/investors,www.otis.com,metadata_only,metadata_only_no_raw_download,false,false,false,false,true,,,,,,false,false,1,"Review source terms, robots policy, event identity, and storage/evaluation rights before any raw download.",sha256:9c21ead8f445fadab34a94020b084574c8667fdb29f8509fa3ca8bd0af944762
src_dd6f02eee787eaa93,otis_2025_q4,OTIS,Otis Worldwide Corporation,2025,Q4,audio,official_ir,https://www.otis.com/en/us/investors,www.otis.com,metadata_only,metadata_only_no_raw_download,false,false,false,false,true,,,,,,false,false,2,"Review source terms, robots policy, event identity, and storage/evaluation rights before any raw download.",sha256:267d4648360c356b1b8c2a6b7a3c64e1b9175562032103bdd728306a65f794ac
src_bea558683f8e8c3bd,ups_2025_q4,UPS,"United Parcel Service, Inc.",2025,Q4,transcript,official_ir,https://investors.ups.com/,investors.ups.com,metadata_only,metadata_only_no_raw_download,false,false,false,false,true,,,,,,false,false,1,"Review source terms, robots policy, event identity, and storage/evaluation rights before any raw download.",sha256:4a6d74d55e064fdb8f7f6ec0ff2e74f8ae26c0ed930e470b4427be0c2d5aa304
src_8fcdaf118a92c9ac8,ups_2025_q4,UPS,"United Parcel Service, Inc.",2025,Q4,audio,official_ir,https://investors.ups.com/,investors.ups.com,metadata_only,metadata_only_no_raw_download,false,false,false,false,true,,,,,,false,false,2,"Review source terms, robots policy, event identity, and storage/evaluation rights before any raw download.",sha256:f5ae602d64bb0501c0a718ec1e818df5bfbe168b961b1626545962cce31e4fb1
src_17dbe044e4afbfb65,fdx_2025_q4,FDX,FedEx Corporation,2025,Q4,transcript,official_ir,https://investors.fedex.com/,investors.fedex.com,metadata_only,metadata_only_no_raw_download,false,false,false,false,true,,,,,,false,false,1,"Review source terms, robots policy, event identity, and storage/evaluation rights before any raw download.",sha256:88175708103c7097fbc3123b92b92686e62f785a853df9b2a490b87fcaecb884
src_e06e5878aa4227566,fdx_2025_q4,FDX,FedEx Corporation,2025,Q4,audio,official_ir,https://investors.fedex.com/,investors.fedex.com,metadata_only,metadata_only_no_raw_download,false,false,false,false,true,,,,,,false,false,2,"Review source terms, robots policy, event identity, and storage/evaluation rights before any raw download.",sha256:ec71efcc3f95732a0dba4814ec12ba2b49f3976f2b98e52eba32ab47beccce17
src_5e6842fd078f2681d,dal_2025_q4,DAL,"Delta Air Lines, Inc.",2025,Q4,transcript,official_ir,https://ir.delta.com/,ir.delta.com,metadata_only,metadata_only_no_raw_download,false,false,false,false,true,,,,,,false,false,1,"Review source terms, robots policy, event identity, and storage/evaluation rights before any raw download.",sha256:fbf87bbac2252f874287357085f2a9cf57bdd0e812cfbf23cc9c32babe4300b7
src_77a615b3b2301c4a7,dal_2025_q4,DAL,"Delta Air Lines, Inc.",2025,Q4,audio,official_ir,https://ir.delta.com/,ir.delta.com,metadata_only,metadata_only_no_raw_download,false,false,false,false,true,,,,,,false,false,2,"Review source terms, robots policy, event identity, and storage/evaluation rights before any raw download.",sha256:2bf2aa0612670e8a22c13145379bb29b0457c092b0d33bc207b651b9ddbc4469
src_570ad1e0b665ca721,unp_2025_q4,UNP,Union Pacific Corporation,2025,Q4,transcript,official_ir,https://investor.unionpacific.com/,investor.unionpacific.com,metadata_only,metadata_only_no_raw_download,false,false,false,false,true,,,,,,false,false,1,"Review source terms, robots policy, event identity, and storage/evaluation rights before any raw download.",sha256:762cc2e4185055a74ecedcb3966acbea9a002d70f8df4be98d8ade2bc732d43b
src_06e49c4c28a683a41,unp_2025_q4,UNP,Union Pacific Corporation,2025,Q4,audio,official_ir,https://investor.unionpacific.com/,investor.unionpacific.com,metadata_only,metadata_only_no_raw_download,false,false,false,false,true,,,,,,false,false,2,"Review source terms, robots policy, event identity, and storage/evaluation rights before any raw download.",sha256:ccc62913d4a31120546aa58d5c1c774db153831a8782f0593bedb15704aff1e9
src_7262e2ee75e43d219,nsc_2025_q4,NSC,Norfolk Southern Corporation,2025,Q4,transcript,official_ir,https://norfolksouthern.investorroom.com/,norfolksouthern.investorroom.com,metadata_only,metadata_only_no_raw_download,false,false,false,false,true,,,,,,false,false,1,"Review source terms, robots policy, event identity, and storage/evaluation rights before any raw download.",sha256:6c953f22c7154f660e39fcd12aea13a4603f8ffba2384b74301bcd0608ed46db
src_093dcc94298abb7ac,nsc_2025_q4,NSC,Norfolk Southern Corporation,2025,Q4,audio,official_ir,https://norfolksouthern.investorroom.com/,norfolksouthern.investorroom.com,metadata_only,metadata_only_no_raw_download,false,false,false,false,true,,,,,,false,false,2,"Review source terms, robots policy, event identity, and storage/evaluation rights before any raw download.",sha256:b2795fbe84d0d97c71c47b331faff6689b9c8e294d9ecfa4cbc2b3c5a79f8c40
src_d681d207de99cfcb5,hd_2025_q4,HD,"The Home Depot, Inc.",2025,Q4,transcript,official_ir,https://ir.homedepot.com/,ir.homedepot.com,metadata_only,metadata_only_no_raw_download,false,false,false,false,true,,,,,,false,false,1,"Review source terms, robots policy, event identity, and storage/evaluation rights before any raw download.",sha256:c84ae76b4e234873fd1c7e14ba591ae777731946cd4191ac810bcf0eec2e7b20
src_f4ae79a04a260676a,hd_2025_q4,HD,"The Home Depot, Inc.",2025,Q4,audio,official_ir,https://ir.homedepot.com/,ir.homedepot.com,metadata_only,metadata_only_no_raw_download,false,false,false,false,true,,,,,,false,false,2,"Review source terms, robots policy, event identity, and storage/evaluation rights before any raw download.",sha256:3a7a6ba7b43af92e34a11fcd041638df56d41961b3976bb9eb3bcb2be20f075c
src_941ed31b89c596169,low_2025_q4,LOW,"Lowe's Companies, Inc.",2025,Q4,transcript,official_ir,https://corporate.lowes.com/investors,corporate.lowes.com,metadata_only,metadata_only_no_raw_download,false,false,false,false,true,,,,,,false,false,1,"Review source terms, robots policy, event identity, and storage/evaluation rights before any raw download.",sha256:8b92d4a2638c1afce320a1ab1eefdbc6f8650f90cb972b8b3bbdb27b4f217437
src_9d298d4f77bffb83a,low_2025_q4,LOW,"Lowe's Companies, Inc.",2025,Q4,audio,official_ir,https://corporate.lowes.com/investors,corporate.lowes.com,metadata_only,metadata_only_no_raw_download,false,false,false,false,true,,,,,,false,false,2,"Review source terms, robots policy, event identity, and storage/evaluation rights before any raw download.",sha256:38e9cd3150046b500fb45e55b62cd0d695764629714e0a86b6428413f2af7105
src_66ce1c5a8055800cd,tgt_2025_q4,TGT,Target Corporation,2025,Q4,transcript,official_ir,https://investors.target.com/,investors.target.com,metadata_only,metadata_only_no_raw_download,false,false,false,false,true,,,,,,false,false,1,"Review source terms, robots policy, event identity, and storage/evaluation rights before any raw download.",sha256:28ca977ebd4cd6796016a650354de6ffad173113dba37b57fea47172d0519e4f
src_fad6d89ff9606e460,tgt_2025_q4,TGT,Target Corporation,2025,Q4,audio,official_ir,https://investors.target.com/,investors.target.com,metadata_only,metadata_only_no_raw_download,false,false,false,false,true,,,,,,false,false,2,"Review source terms, robots policy, event identity, and storage/evaluation rights before any raw download.",sha256:0104afaebcba2c4ff086f5b60ee0480e059db682d8f906e7baf0a8c66628257d
src_b7af36f98a030cf22,kr_2025_q4,KR,The Kroger Co.,2025,Q4,transcript,official_ir,https://ir.kroger.com/,ir.kroger.com,metadata_only,metadata_only_no_raw_download,false,false,false,false,true,,,,,,false,false,1,"Review source terms, robots policy, event identity, and storage/evaluation rights before any raw download.",sha256:7b3d95c504e91bce4fc4d6cbfcc828d9846d3dd485e6793bcd64a774f8765be6
src_7e5734ffe740c5321,kr_2025_q4,KR,The Kroger Co.,2025,Q4,audio,official_ir,https://ir.kroger.com/,ir.kroger.com,metadata_only,metadata_only_no_raw_download,false,false,false,false,true,,,,,,false,false,2,"Review source terms, robots policy, event identity, and storage/evaluation rights before any raw download.",sha256:9d7b7226b6ed3c9aa0c79295ce03aba21e2e40ad3d85b5793c27363a1aaa5dfc
src_3bf6ad26616815519,dg_2025_q4,DG,Dollar General Corporation,2025,Q4,transcript,official_ir,https://investor.dollargeneral.com/,investor.dollargeneral.com,metadata_only,metadata_only_no_raw_download,false,false,false,false,true,,,,,,false,false,1,"Review source terms, robots policy, event identity, and storage/evaluation rights before any raw download.",sha256:a547b55988ef6906ea7c340e16eb4181486e2c3377c810676228d7163513dd61
src_0faee7012878be06b,dg_2025_q4,DG,Dollar General Corporation,2025,Q4,audio,official_ir,https://investor.dollargeneral.com/,investor.dollargeneral.com,metadata_only,metadata_only_no_raw_download,false,false,false,false,true,,,,,,false,false,2,"Review source terms, robots policy, event identity, and storage/evaluation rights before any raw download.",sha256:feca1feeb078ee4c50d14545cab72bd79633f02dd45129c29ee1066b568cfd5c
src_026effe46cb85754d,mcd_2025_q4,MCD,McDonald's Corporation,2025,Q4,transcript,official_ir,https://corporate.mcdonalds.com/corpmcd/investors.html,corporate.mcdonalds.com,metadata_only,metadata_only_no_raw_download,false,false,false,false,true,,,,,,false,false,1,"Review source terms, robots policy, event identity, and storage/evaluation rights before any raw download.",sha256:db31b9d79c454ae570e126371c004949ddf0fed740acb5f600785a3f2669b4e2
src_43967e4c1170a6d3e,mcd_2025_q4,MCD,McDonald's Corporation,2025,Q4,audio,official_ir,https://corporate.mcdonalds.com/corpmcd/investors.html,corporate.mcdonalds.com,metadata_only,metadata_only_no_raw_download,false,false,false,false,true,,,,,,false,false,2,"Review source terms, robots policy, event identity, and storage/evaluation rights before any raw download.",sha256:847e4a28b44892eb3673d84712d1cc2a1de5c4e6ac110883b98ab0c73678bd88
src_c20e76c4fd6d5f6ff,yum_2025_q4,YUM,"Yum! Brands, Inc.",2025,Q4,transcript,official_ir,https://investors.yum.com/,investors.yum.com,metadata_only,metadata_only_no_raw_download,false,false,false,false,true,,,,,,false,false,1,"Review source terms, robots policy, event identity, and storage/evaluation rights before any raw download.",sha256:38218061c045f1d1a4ffb5ea0773609a0cef25779d57a14b76643441da252f35
src_439e26c57ede1f289,yum_2025_q4,YUM,"Yum! Brands, Inc.",2025,Q4,audio,official_ir,https://investors.yum.com/,investors.yum.com,metadata_only,metadata_only_no_raw_download,false,false,false,false,true,,,,,,false,false,2,"Review source terms, robots policy, event identity, and storage/evaluation rights before any raw download.",sha256:54e4b29386adf033c3cb1a1ba02805222c6b702449916f4262ee27b6cddfe330
src_eb44dc20dff5faae0,nke_2025_q4,NKE,"NIKE, Inc.",2025,Q4,transcript,official_ir,https://investors.nike.com/,investors.nike.com,metadata_only,metadata_only_no_raw_download,false,false,false,false,true,,,,,,false,false,1,"Review source terms, robots policy, event identity, and storage/evaluation rights before any raw download.",sha256:91ee47076986a90769f3c2ebc2655b83e27657f54d0a3476db035032efa95f86
src_5d24f23a476e270fa,nke_2025_q4,NKE,"NIKE, Inc.",2025,Q4,audio,official_ir,https://investors.nike.com/,investors.nike.com,metadata_only,metadata_only_no_raw_download,false,false,false,false,true,,,,,,false,false,2,"Review source terms, robots policy, event identity, and storage/evaluation rights before any raw download.",sha256:ded449c0fce1b652432cb10c2b009a2d729792a4c166dc5988683b6e9053b9f3
src_5a1c415a6dadbddfa,dis_2025_q4,DIS,The Walt Disney Company,2025,Q4,transcript,official_ir,https://thewaltdisneycompany.com/investor-relations/,thewaltdisneycompany.com,metadata_only,metadata_only_no_raw_download,false,false,false,false,true,,,,,,false,false,1,"Review source terms, robots policy, event identity, and storage/evaluation rights before any raw download.",sha256:44311d29c0a17d15cdb717c888552243c34e412d9fb91f07172f03f8f1affa8d
src_5e5af9ebc39e9fadf,dis_2025_q4,DIS,The Walt Disney Company,2025,Q4,audio,official_ir,https://thewaltdisneycompany.com/investor-relations/,thewaltdisneycompany.com,metadata_only,metadata_only_no_raw_download,false,false,false,false,true,,,,,,false,false,2,"Review source terms, robots policy, event identity, and storage/evaluation rights before any raw download.",sha256:85ec2d9e757dae802f68e326786e147082e2f55cd4d8f58541b89e973a3bfb4d
src_e4567ec04b0011cdd,ko_2025_q4,KO,The Coca-Cola Company,2025,Q4,transcript,official_ir,https://investors.coca-colacompany.com/,investors.coca-colacompany.com,metadata_only,metadata_only_no_raw_download,false,false,false,false,true,,,,,,false,false,1,"Review source terms, robots policy, event identity, and storage/evaluation rights before any raw download.",sha256:dce550bfcde9e325691ec9bf01dc0a201dec1bfd1d260cef58a688a5caf41a72
src_1d4c70df8d51f40a3,ko_2025_q4,KO,The Coca-Cola Company,2025,Q4,audio,official_ir,https://investors.coca-colacompany.com/,investors.coca-colacompany.com,metadata_only,metadata_only_no_raw_download,false,false,false,false,true,,,,,,false,false,2,"Review source terms, robots policy, event identity, and storage/evaluation rights before any raw download.",sha256:db854c201e30e462e6ab5ef051a7f0d9deb699d4f64c9379d03edac07a52b689
src_b9d155b287cb7368f,pg_2025_q4,PG,The Procter & Gamble Company,2025,Q4,transcript,official_ir,https://www.pginvestor.com/,www.pginvestor.com,metadata_only,metadata_only_no_raw_download,false,false,false,false,true,,,,,,false,false,1,"Review source terms, robots policy, event identity, and storage/evaluation rights before any raw download.",sha256:fa97f4ecfff27754c726700f7362a1ce9ee84bd8886e1996fc4dd84702c918c2
src_3ea9b406ad0980479,pg_2025_q4,PG,The Procter & Gamble Company,2025,Q4,audio,official_ir,https://www.pginvestor.com/,www.pginvestor.com,metadata_only,metadata_only_no_raw_download,false,false,false,false,true,,,,,,false,false,2,"Review source terms, robots policy, event identity, and storage/evaluation rights before any raw download.",sha256:5563324845d23f78288f73bfdb5a05fcd08c7aca588460cc7ec6c29826bbd56f
src_1a453030b8e9133d0,cl_2025_q4,CL,Colgate-Palmolive Company,2025,Q4,transcript,official_ir,https://investor.colgatepalmolive.com/,investor.colgatepalmolive.com,metadata_only,metadata_only_no_raw_download,false,false,false,false,true,,,,,,false,false,1,"Review source terms, robots policy, event identity, and storage/evaluation rights before any raw download.",sha256:73a4708aea3a69bd83550dbfe3f3996634a70beb5148260deae864a8fc154280
src_c2feede3c99fdf812,cl_2025_q4,CL,Colgate-Palmolive Company,2025,Q4,audio,official_ir,https://investor.colgatepalmolive.com/,investor.colgatepalmolive.com,metadata_only,metadata_only_no_raw_download,false,false,false,false,true,,,,,,false,false,2,"Review source terms, robots policy, event identity, and storage/evaluation rights before any raw download.",sha256:56f23fe3a2ba699c9ac901dd329abdc2b09aa05a9f25026aa3347b6051a5c3ee
src_54f252dea1f432957,el_2025_q4,EL,The Estee Lauder Companies Inc.,2025,Q4,transcript,official_ir,https://ir.elcompanies.com/,ir.elcompanies.com,metadata_only,metadata_only_no_raw_download,false,false,false,false,true,,,,,,false,false,1,"Review source terms, robots policy, event identity, and storage/evaluation rights before any raw download.",sha256:65c762a625cfdbaed6d3f85502deb79394a0243dcd5f51119bf0c6457b0468d7
src_41fcc307a81979041,el_2025_q4,EL,The Estee Lauder Companies Inc.,2025,Q4,audio,official_ir,https://ir.elcompanies.com/,ir.elcompanies.com,metadata_only,metadata_only_no_raw_download,false,false,false,false,true,,,,,,false,false,2,"Review source terms, robots policy, event identity, and storage/evaluation rights before any raw download.",sha256:240904724cc32b76246cd5ab06bb05ffe22d494a40cb16e2e8215619d63d34be
src_43594d04a08cd5830,gis_2025_q4,GIS,"General Mills, Inc.",2025,Q4,transcript,official_ir,https://investors.generalmills.com/,investors.generalmills.com,metadata_only,metadata_only_no_raw_download,false,false,false,false,true,,,,,,false,false,1,"Review source terms, robots policy, event identity, and storage/evaluation rights before any raw download.",sha256:da6ef080efbadba7e89927953fd9f9f5202ab6c51043a946f13c5f2480bfe8ac
src_36bc6e43bcdcba86d,gis_2025_q4,GIS,"General Mills, Inc.",2025,Q4,audio,official_ir,https://investors.generalmills.com/,investors.generalmills.com,metadata_only,metadata_only_no_raw_download,false,false,false,false,true,,,,,,false,false,2,"Review source terms, robots policy, event identity, and storage/evaluation rights before any raw download.",sha256:d16b7ed97f238fc1a2dd2868dd8f72c2a10d9f0e90f49156dcaee99cb4c3562f
src_db242c3089710be0b,hsy_2025_q4,HSY,The Hershey Company,2025,Q4,transcript,official_ir,https://www.thehersheycompany.com/en_us/investors.html,www.thehersheycompany.com,metadata_only,metadata_only_no_raw_download,false,false,false,false,true,,,,,,false,false,1,"Review source terms, robots policy, event identity, and storage/evaluation rights before any raw download.",sha256:865e38b75ff8d701d0d407db8d7f2b501dfbc2fc774ed025f1c03852c04d1a43
src_550a641382094caea,hsy_2025_q4,HSY,The Hershey Company,2025,Q4,audio,official_ir,https://www.thehersheycompany.com/en_us/investors.html,www.thehersheycompany.com,metadata_only,metadata_only_no_raw_download,false,false,false,false,true,,,,,,false,false,2,"Review source terms, robots policy, event identity, and storage/evaluation rights before any raw download.",sha256:a80e63f47e496cd8f080b7924e41d976a85b2f43916ec6c1ffa895891b4c40b3
src_44ea06575868ed134,t_2025_q4,T,AT&T Inc.,2025,Q4,transcript,official_ir,https://investors.att.com/,investors.att.com,metadata_only,metadata_only_no_raw_download,false,false,false,false,true,,,,,,false,false,1,"Review source terms, robots policy, event identity, and storage/evaluation rights before any raw download.",sha256:8ebcd0bca6a0845f216bff993848ce21c74dfee484689cd2396aceb41eedce47
src_29c37cf2ffdeac60f,t_2025_q4,T,AT&T Inc.,2025,Q4,audio,official_ir,https://investors.att.com/,investors.att.com,metadata_only,metadata_only_no_raw_download,false,false,false,false,true,,,,,,false,false,2,"Review source terms, robots policy, event identity, and storage/evaluation rights before any raw download.",sha256:8bb826635a8c100deaeb76a2f441cd514212943ed38934a36d20247d919ec5d3
src_acb191ab3ebbfd985,vz_2025_q4,VZ,Verizon Communications Inc.,2025,Q4,transcript,official_ir,https://www.verizon.com/about/investors,www.verizon.com,metadata_only,metadata_only_no_raw_download,false,false,false,false,true,,,,,,false,false,1,"Review source terms, robots policy, event identity, and storage/evaluation rights before any raw download.",sha256:29d0d6234790a1057c2b8a1a0ac2d2751756422f15d53410aee96f5e4ac2e1ad
src_94c2d39628f20bacc,vz_2025_q4,VZ,Verizon Communications Inc.,2025,Q4,audio,official_ir,https://www.verizon.com/about/investors,www.verizon.com,metadata_only,metadata_only_no_raw_download,false,false,false,false,true,,,,,,false,false,2,"Review source terms, robots policy, event identity, and storage/evaluation rights before any raw download.",sha256:0f6760965f24941dd5a05758ae61bfec1bb1fdc1a23d19876a8acc5afd5bb47e
src_e879c0eee6b41cbb0,ibm_2025_q4,IBM,International Business Machines Corporation,2025,Q4,transcript,official_ir,https://www.ibm.com/investor,www.ibm.com,metadata_only,metadata_only_no_raw_download,false,false,false,false,true,,,,,,false,false,1,"Review source terms, robots policy, event identity, and storage/evaluation rights before any raw download.",sha256:e95e7124c374342e5ba7dcfa29cb09bbb2f5a453dbabf724ad624a768fa7f29b
src_ea007b6f34dd9decc,ibm_2025_q4,IBM,International Business Machines Corporation,2025,Q4,audio,official_ir,https://www.ibm.com/investor,www.ibm.com,metadata_only,metadata_only_no_raw_download,false,false,false,false,true,,,,,,false,false,2,"Review source terms, robots policy, event identity, and storage/evaluation rights before any raw download.",sha256:d50e7fbd36de76a407b2d3714bbba13538abc99c209227ed707481bdb263bcf2
src_dde94f6246d10bce0,orcl_2025_q4,ORCL,Oracle Corporation,2025,Q4,transcript,official_ir,https://investor.oracle.com/,investor.oracle.com,metadata_only,metadata_only_no_raw_download,false,false,false,false,true,,,,,,false,false,1,"Review source terms, robots policy, event identity, and storage/evaluation rights before any raw download.",sha256:263a5c258330c09601c522fecaa5afc2ade4e8d73de95e4b815aed645a711d88
src_7ad466e156bd4559f,orcl_2025_q4,ORCL,Oracle Corporation,2025,Q4,audio,official_ir,https://investor.oracle.com/,investor.oracle.com,metadata_only,metadata_only_no_raw_download,false,false,false,false,true,,,,,,false,false,2,"Review source terms, robots policy, event identity, and storage/evaluation rights before any raw download.",sha256:818f6ff5d653db562a208330f15602ecfdee2985d2a6aa250d501ae0219bbe18
src_1496046c3722e017c,crm_2025_q4,CRM,"Salesforce, Inc.",2025,Q4,transcript,official_ir,https://investor.salesforce.com/,investor.salesforce.com,metadata_only,metadata_only_no_raw_download,false,false,false,false,true,,,,,,false,false,1,"Review source terms, robots policy, event identity, and storage/evaluation rights before any raw download.",sha256:461fe4febec03da3663ef3d6819d620dd20ae2355567462930be00d1e934788c
src_f0d16db55975195b4,crm_2025_q4,CRM,"Salesforce, Inc.",2025,Q4,audio,official_ir,https://investor.salesforce.com/,investor.salesforce.com,metadata_only,metadata_only_no_raw_download,false,false,false,false,true,,,,,,false,false,2,"Review source terms, robots policy, event identity, and storage/evaluation rights before any raw download.",sha256:b8c23ce7a637558cc82bdef3741a988509704244ff262a7f3f0e8856720dcf60
src_54c324a0295bd40ca,now_2025_q4,NOW,"ServiceNow, Inc.",2025,Q4,transcript,official_ir,https://investors.servicenow.com/,investors.servicenow.com,metadata_only,metadata_only_no_raw_download,false,false,false,false,true,,,,,,false,false,1,"Review source terms, robots policy, event identity, and storage/evaluation rights before any raw download.",sha256:cd6185ba370cc899585fcba47251f406b640b192cab32f1e70536975475ab559
src_37f5a13b4e7c9b960,now_2025_q4,NOW,"ServiceNow, Inc.",2025,Q4,audio,official_ir,https://investors.servicenow.com/,investors.servicenow.com,metadata_only,metadata_only_no_raw_download,false,false,false,false,true,,,,,,false,false,2,"Review source terms, robots policy, event identity, and storage/evaluation rights before any raw download.",sha256:a37c56adc255f4f78d7a501922bb84ece298a8df8ef6f4d982c37d24a8232bef
src_34ed6d3f0efa8303c,acn_2025_q4,ACN,Accenture plc,2025,Q4,transcript,official_ir,https://investor.accenture.com/,investor.accenture.com,metadata_only,metadata_only_no_raw_download,false,false,false,false,true,,,,,,false,false,1,"Review source terms, robots policy, event identity, and storage/evaluation rights before any raw download.",sha256:b174742dfb3579a4945720fbe6b1c4ae60fbd2df6ea0cc070743ecadaf229ecc
src_94849a496f46f17fe,acn_2025_q4,ACN,Accenture plc,2025,Q4,audio,official_ir,https://investor.accenture.com/,investor.accenture.com,metadata_only,metadata_only_no_raw_download,false,false,false,false,true,,,,,,false,false,2,"Review source terms, robots policy, event identity, and storage/evaluation rights before any raw download.",sha256:fb66bc781a533b21d8497328f254587da313e018124ef5b36f9a8754606a4a9f
src_d00e551b217647ec1,dell_2025_q4,DELL,Dell Technologies Inc.,2025,Q4,transcript,official_ir,https://investors.delltechnologies.com/,investors.delltechnologies.com,metadata_only,metadata_only_no_raw_download,false,false,false,false,true,,,,,,false,false,1,"Review source terms, robots policy, event identity, and storage/evaluation rights before any raw download.",sha256:4f411f4a5a8b5892c7fd80178bf2c6f4cb953f11eac5bcbfafadda9f8d03c7e2
src_0d4aa033acecf8b63,dell_2025_q4,DELL,Dell Technologies Inc.,2025,Q4,audio,official_ir,https://investors.delltechnologies.com/,investors.delltechnologies.com,metadata_only,metadata_only_no_raw_download,false,false,false,false,true,,,,,,false,false,2,"Review source terms, robots policy, event identity, and storage/evaluation rights before any raw download.",sha256:ca2a99d261412c369b17205a260ae2e595372f947664a5b2a6fdb80be32e16ab
src_b0d6e1b09a02de3a5,hpq_2025_q4,HPQ,HP Inc.,2025,Q4,transcript,official_ir,https://investor.hp.com/,investor.hp.com,metadata_only,metadata_only_no_raw_download,false,false,false,false,true,,,,,,false,false,1,"Review source terms, robots policy, event identity, and storage/evaluation rights before any raw download.",sha256:76ce3ad8471b5340a456da680e646b38720e4130461ea7f9fef7d73a3b66a906
src_edbb3554e19b0fa8c,hpq_2025_q4,HPQ,HP Inc.,2025,Q4,audio,official_ir,https://investor.hp.com/,investor.hp.com,metadata_only,metadata_only_no_raw_download,false,false,false,false,true,,,,,,false,false,2,"Review source terms, robots policy, event identity, and storage/evaluation rights before any raw download.",sha256:10ae5a518e13077775113974e4b75cd8a5fd55d2f3ed6dfbd6423723bbd3d547
src_81a756b34f67ab503,net_2025_q4,NET,"Cloudflare, Inc.",2025,Q4,transcript,official_ir,https://cloudflare.net/news-and-events/events-and-presentations,cloudflare.net,metadata_only,metadata_only_no_raw_download,false,false,false,false,true,,,,,,false,false,1,"Review source terms, robots policy, event identity, and storage/evaluation rights before any raw download.",sha256:d76d4616074ceec4d2aab76050d59785f315eb1d7aa4c1aa949e694aa49cb9d6
src_4d5fb77bc7b635919,net_2025_q4,NET,"Cloudflare, Inc.",2025,Q4,audio,official_ir,https://cloudflare.net/news-and-events/events-and-presentations,cloudflare.net,metadata_only,metadata_only_no_raw_download,false,false,false,false,true,,,,,,false,false,2,"Review source terms, robots policy, event identity, and storage/evaluation rights before any raw download.",sha256:3e3d836addfb6afd03fe58aba3cd012677fd3a1434b94f9e2f12ddbb197b120b
src_00107e4dfa26263be,snow_2025_q4,SNOW,Snowflake Inc.,2025,Q4,transcript,official_ir,https://investors.snowflake.com/,investors.snowflake.com,metadata_only,metadata_only_no_raw_download,false,false,false,false,true,,,,,,false,false,1,"Review source terms, robots policy, event identity, and storage/evaluation rights before any raw download.",sha256:dd87b479ce495381289bb97858f524796894f28ddb5138331e7031f51b106bb6
src_b32e762efd02cb639,snow_2025_q4,SNOW,Snowflake Inc.,2025,Q4,audio,official_ir,https://investors.snowflake.com/,investors.snowflake.com,metadata_only,metadata_only_no_raw_download,false,false,false,false,true,,,,,,false,false,2,"Review source terms, robots policy, event identity, and storage/evaluation rights before any raw download.",sha256:33838623099e729203480358f35ede150e6eccacf959919dfaa9b5fcd0e54da2
src_c7844fa5ea5ebe4c2,jpm_2024_q4,JPM,JPMorgan Chase & Co.,2024,Q4,transcript,official_ir,https://www.jpmorganchase.com/ir,www.jpmorganchase.com,metadata_only,metadata_only_no_raw_download,false,false,false,false,true,,,,,,false,false,1,"Review source terms, robots policy, event identity, and storage/evaluation rights before any raw download.",sha256:ba013380a16ede797a198316987f604e172ad06a7b842910cc44dc8b9676462f
src_1531d8648eca53e4b,jpm_2024_q4,JPM,JPMorgan Chase & Co.,2024,Q4,audio,official_ir,https://www.jpmorganchase.com/ir,www.jpmorganchase.com,metadata_only,metadata_only_no_raw_download,false,false,false,false,true,,,,,,false,false,2,"Review source terms, robots policy, event identity, and storage/evaluation rights before any raw download.",sha256:6283d19259f102212ee03b771d1cef2205d2007c516e1d7a9c6bc2659278a0d8
src_785e1f491b7061ea9,bac_2024_q4,BAC,Bank of America Corporation,2024,Q4,transcript,official_ir,https://investor.bankofamerica.com/,investor.bankofamerica.com,metadata_only,metadata_only_no_raw_download,false,false,false,false,true,,,,,,false,false,1,"Review source terms, robots policy, event identity, and storage/evaluation rights before any raw download.",sha256:45d3221fe9a1c9e388e3840be4d3c39e478197b253d2478ea72531aa2972a185
src_1769854b2b14f9201,bac_2024_q4,BAC,Bank of America Corporation,2024,Q4,audio,official_ir,https://investor.bankofamerica.com/,investor.bankofamerica.com,metadata_only,metadata_only_no_raw_download,false,false,false,false,true,,,,,,false,false,2,"Review source terms, robots policy, event identity, and storage/evaluation rights before any raw download.",sha256:6b2074d27d33d107505e749f3766ce3b3f604b22295eb5c7dafd5b063880da4e
src_c8658e26009d26d29,c_2024_q4,C,Citigroup Inc.,2024,Q4,transcript,official_ir,https://www.citigroup.com/global/investors,www.citigroup.com,metadata_only,metadata_only_no_raw_download,false,false,false,false,true,,,,,,false,false,1,"Review source terms, robots policy, event identity, and storage/evaluation rights before any raw download.",sha256:c34cc50373481f69cd4447d4ef9c2f9fb2c218962650b9a9a2ef5b4f71e1c6a4
src_2ee34ddaf8366ab73,c_2024_q4,C,Citigroup Inc.,2024,Q4,audio,official_ir,https://www.citigroup.com/global/investors,www.citigroup.com,metadata_only,metadata_only_no_raw_download,false,false,false,false,true,,,,,,false,false,2,"Review source terms, robots policy, event identity, and storage/evaluation rights before any raw download.",sha256:4d9e1873e62f9005958f69d448ccf17a6402868a354d7fce3a70146ece29eab8
src_1a906bf1a2bf4d5d6,wfc_2024_q4,WFC,Wells Fargo & Company,2024,Q4,transcript,official_ir,https://www.wellsfargo.com/about/investor-relations/,www.wellsfargo.com,metadata_only,metadata_only_no_raw_download,false,false,false,false,true,,,,,,false,false,1,"Review source terms, robots policy, event identity, and storage/evaluation rights before any raw download.",sha256:46b24f4d4e9d80c7c7fcf1e965cdc40814603080145b40a9c52c7d4e44d23366
src_1d2a96fe97d0c6aa5,wfc_2024_q4,WFC,Wells Fargo & Company,2024,Q4,audio,official_ir,https://www.wellsfargo.com/about/investor-relations/,www.wellsfargo.com,metadata_only,metadata_only_no_raw_download,false,false,false,false,true,,,,,,false,false,2,"Review source terms, robots policy, event identity, and storage/evaluation rights before any raw download.",sha256:9ce546fa3c858a098a404f5c026a4e9be10ca10950ccace35f5dd8a816a0cf0d
src_b3218b5dfec9b024f,gs_2024_q4,GS,"The Goldman Sachs Group, Inc.",2024,Q4,transcript,official_ir,https://www.goldmansachs.com/investor-relations/,www.goldmansachs.com,metadata_only,metadata_only_no_raw_download,false,false,false,false,true,,,,,,false,false,1,"Review source terms, robots policy, event identity, and storage/evaluation rights before any raw download.",sha256:2b71fb84a60a335cf4f417a99bfe7fb1630ab5b0ec8a064b2fb83bfe5227eb4d
src_d1d1b5053f4891d7a,gs_2024_q4,GS,"The Goldman Sachs Group, Inc.",2024,Q4,audio,official_ir,https://www.goldmansachs.com/investor-relations/,www.goldmansachs.com,metadata_only,metadata_only_no_raw_download,false,false,false,false,true,,,,,,false,false,2,"Review source terms, robots policy, event identity, and storage/evaluation rights before any raw download.",sha256:52e0fd54708fc7990705745480382febbce81e1346c6bca847a9f9b6d6ea6618
src_35e0b7576be8d9c8a,ms_2024_q4,MS,Morgan Stanley,2024,Q4,transcript,official_ir,https://www.morganstanley.com/about-us-ir,www.morganstanley.com,metadata_only,metadata_only_no_raw_download,false,false,false,false,true,,,,,,false,false,1,"Review source terms, robots policy, event identity, and storage/evaluation rights before any raw download.",sha256:140e4c9c25288f63f846ba8e90d1a8af0f53f83cfe3a794c754ad2b2bf317d13
src_a9041d3ed38860a40,ms_2024_q4,MS,Morgan Stanley,2024,Q4,audio,official_ir,https://www.morganstanley.com/about-us-ir,www.morganstanley.com,metadata_only,metadata_only_no_raw_download,false,false,false,false,true,,,,,,false,false,2,"Review source terms, robots policy, event identity, and storage/evaluation rights before any raw download.",sha256:7616794c00385f5587d3c1f65f8a3fdfe6b12bb70c037afd510e4d820e9a3f81
src_5f7ee0e667bbc65e5,bk_2024_q4,BK,The Bank of New York Mellon Corporation,2024,Q4,transcript,official_ir,https://www.bny.com/corporate/global/en/investor-relations.html,www.bny.com,metadata_only,metadata_only_no_raw_download,false,false,false,false,true,,,,,,false,false,1,"Review source terms, robots policy, event identity, and storage/evaluation rights before any raw download.",sha256:c840ec86b99e2e1eee783f000a0448ace461d23054b83225345be43d9cfd308d
src_db95cf008166b2496,bk_2024_q4,BK,The Bank of New York Mellon Corporation,2024,Q4,audio,official_ir,https://www.bny.com/corporate/global/en/investor-relations.html,www.bny.com,metadata_only,metadata_only_no_raw_download,false,false,false,false,true,,,,,,false,false,2,"Review source terms, robots policy, event identity, and storage/evaluation rights before any raw download.",sha256:130d5a5e74e428745d4df6d415f4d20b52ce16aa7c204bc0c7b175f3dcccfaf6
src_80157ce17a455b4a8,stt_2024_q4,STT,State Street Corporation,2024,Q4,transcript,official_ir,https://investors.statestreet.com/,investors.statestreet.com,metadata_only,metadata_only_no_raw_download,false,false,false,false,true,,,,,,false,false,1,"Review source terms, robots policy, event identity, and storage/evaluation rights before any raw download.",sha256:be2c5e2d5fbe7e940671ee222c166c0824b50a9bb26d8effeb4f312a5f52b34a
src_b147c65b37ba71572,stt_2024_q4,STT,State Street Corporation,2024,Q4,audio,official_ir,https://investors.statestreet.com/,investors.statestreet.com,metadata_only,metadata_only_no_raw_download,false,false,false,false,true,,,,,,false,false,2,"Review source terms, robots policy, event identity, and storage/evaluation rights before any raw download.",sha256:488936c7b64bae97554f08198cce603476e7e6dd991dc2024283e35784bfa42e
src_df0b545f2d2a2764f,usb_2024_q4,USB,U.S. Bancorp,2024,Q4,transcript,official_ir,https://ir.usbank.com/,ir.usbank.com,metadata_only,metadata_only_no_raw_download,false,false,false,false,true,,,,,,false,false,1,"Review source terms, robots policy, event identity, and storage/evaluation rights before any raw download.",sha256:5f5406bed212dd07ee6a02f2e1889d42f2f8efaf881e1af1b651aa7a15eee08f
src_d411ac98a45802ec9,usb_2024_q4,USB,U.S. Bancorp,2024,Q4,audio,official_ir,https://ir.usbank.com/,ir.usbank.com,metadata_only,metadata_only_no_raw_download,false,false,false,false,true,,,,,,false,false,2,"Review source terms, robots policy, event identity, and storage/evaluation rights before any raw download.",sha256:6837cd3a41dd449cf9d3ce4a7b60f37378551e63d17bb841329423804d2693d9
src_f0967ac7eb017d4f6,pnc_2024_q4,PNC,"The PNC Financial Services Group, Inc.",2024,Q4,transcript,official_ir,https://investor.pnc.com/,investor.pnc.com,metadata_only,metadata_only_no_raw_download,false,false,false,false,true,,,,,,false,false,1,"Review source terms, robots policy, event identity, and storage/evaluation rights before any raw download.",sha256:7685a014dac3c0944cfba3cec1b751f2ec4aef81a74af880517e9efdd49093bd
src_9535645b190be5c78,pnc_2024_q4,PNC,"The PNC Financial Services Group, Inc.",2024,Q4,audio,official_ir,https://investor.pnc.com/,investor.pnc.com,metadata_only,metadata_only_no_raw_download,false,false,false,false,true,,,,,,false,false,2,"Review source terms, robots policy, event identity, and storage/evaluation rights before any raw download.",sha256:8d0e57c5d61a5b5b8e5858aa085f25fc21bb28ee8b5fd77bf08290739009952b
src_40da5f1fd32df9df4,tfc_2024_q4,TFC,Truist Financial Corporation,2024,Q4,transcript,official_ir,https://ir.truist.com/,ir.truist.com,metadata_only,metadata_only_no_raw_download,false,false,false,false,true,,,,,,false,false,1,"Review source terms, robots policy, event identity, and storage/evaluation rights before any raw download.",sha256:8bf01deecc6645ac7c2bcb54915160258d98a0088c9bfabcbe424d4384432490
src_aab153da2ff4aea86,tfc_2024_q4,TFC,Truist Financial Corporation,2024,Q4,audio,official_ir,https://ir.truist.com/,ir.truist.com,metadata_only,metadata_only_no_raw_download,false,false,false,false,true,,,,,,false,false,2,"Review source terms, robots policy, event identity, and storage/evaluation rights before any raw download.",sha256:d6a3586c2bf43a6b5de955e2cd7e232e89aa8a5e249f5b946b4da454a064e600
src_6e80325874149635e,cof_2024_q4,COF,Capital One Financial Corporation,2024,Q4,transcript,official_ir,https://investor.capitalone.com/,investor.capitalone.com,metadata_only,metadata_only_no_raw_download,false,false,false,false,true,,,,,,false,false,1,"Review source terms, robots policy, event identity, and storage/evaluation rights before any raw download.",sha256:42341e98476d091ead326ffd87314aee53cd1a4637320a6354b899be052fe273
src_6751467d9f918f640,cof_2024_q4,COF,Capital One Financial Corporation,2024,Q4,audio,official_ir,https://investor.capitalone.com/,investor.capitalone.com,metadata_only,metadata_only_no_raw_download,false,false,false,false,true,,,,,,false,false,2,"Review source terms, robots policy, event identity, and storage/evaluation rights before any raw download.",sha256:23ec9140972a8b95370fb903af2c3305d1f73c71bff64d22cc2290fa2cb5cb2a
src_c29f69d0029b8bc65,axp_2024_q4,AXP,American Express Company,2024,Q4,transcript,official_ir,https://ir.americanexpress.com/,ir.americanexpress.com,metadata_only,metadata_only_no_raw_download,false,false,false,false,true,,,,,,false,false,1,"Review source terms, robots policy, event identity, and storage/evaluation rights before any raw download.",sha256:8cec0c34b80f7e9d8257634e4eac894774f46bab5bce07149c667d7cba28f60b
src_0163f0c5f2b5ca8b9,axp_2024_q4,AXP,American Express Company,2024,Q4,audio,official_ir,https://ir.americanexpress.com/,ir.americanexpress.com,metadata_only,metadata_only_no_raw_download,false,false,false,false,true,,,,,,false,false,2,"Review source terms, robots policy, event identity, and storage/evaluation rights before any raw download.",sha256:4787acdf9905be27c924207c88c82ec0513126b2cf94f7687faf5c9f606a85ff
src_276c5b82dc2ef95d8,v_2024_q4,V,Visa Inc.,2024,Q4,transcript,official_ir,https://investor.visa.com/,investor.visa.com,metadata_only,metadata_only_no_raw_download,false,false,false,false,true,,,,,,false,false,1,"Review source terms, robots policy, event identity, and storage/evaluation rights before any raw download.",sha256:bfb1a42aabd4448173b3e69819c19fabc29d9cf51b8f534d8b3485f5671a3da4
src_98667a4430b211830,v_2024_q4,V,Visa Inc.,2024,Q4,audio,official_ir,https://investor.visa.com/,investor.visa.com,metadata_only,metadata_only_no_raw_download,false,false,false,false,true,,,,,,false,false,2,"Review source terms, robots policy, event identity, and storage/evaluation rights before any raw download.",sha256:6ce3fecf9a05e7a2dc02cf74bb0c0154b7073b6a92bb5dc17804728f1ce51208
src_cab20edd13582bcb6,ma_2024_q4,MA,Mastercard Incorporated,2024,Q4,transcript,official_ir,https://investor.mastercard.com/,investor.mastercard.com,metadata_only,metadata_only_no_raw_download,false,false,false,false,true,,,,,,false,false,1,"Review source terms, robots policy, event identity, and storage/evaluation rights before any raw download.",sha256:d587f7d2c1517103c21bedb1950a12d233cd45872ef283fc7ab6acfa21966514
src_ef0d90d818299580f,ma_2024_q4,MA,Mastercard Incorporated,2024,Q4,audio,official_ir,https://investor.mastercard.com/,investor.mastercard.com,metadata_only,metadata_only_no_raw_download,false,false,false,false,true,,,,,,false,false,2,"Review source terms, robots policy, event identity, and storage/evaluation rights before any raw download.",sha256:bd5a6b56186fdbe75976026220fcd3b39391409a0c812c247f5b454e6932919a
src_4adecc6afc933a0f2,fis_2024_q4,FIS,"Fidelity National Information Services, Inc.",2024,Q4,transcript,official_ir,https://investor.fisglobal.com/,investor.fisglobal.com,metadata_only,metadata_only_no_raw_download,false,false,false,false,true,,,,,,false,false,1,"Review source terms, robots policy, event identity, and storage/evaluation rights before any raw download.",sha256:9bee2a0be22e736a42e8ffbcb3a7851351db6479e69eeb2499a7af16d84ba269
src_1b6943cfa8c2cfa4f,fis_2024_q4,FIS,"Fidelity National Information Services, Inc.",2024,Q4,audio,official_ir,https://investor.fisglobal.com/,investor.fisglobal.com,metadata_only,metadata_only_no_raw_download,false,false,false,false,true,,,,,,false,false,2,"Review source terms, robots policy, event identity, and storage/evaluation rights before any raw download.",sha256:3ae2d9aff7bbda5c3932379dd250773eb8d9bfd5ed7472ef72a902331a8c7d3d
src_b97a1956b1c1279b4,gpn_2024_q4,GPN,Global Payments Inc.,2024,Q4,transcript,official_ir,https://investors.globalpayments.com/,investors.globalpayments.com,metadata_only,metadata_only_no_raw_download,false,false,false,false,true,,,,,,false,false,1,"Review source terms, robots policy, event identity, and storage/evaluation rights before any raw download.",sha256:128288047151a8223d223bb58aebabaa5f5ded4277ebc2cd68d5951713f3dbc9
src_a84acce56f4e4bf5c,gpn_2024_q4,GPN,Global Payments Inc.,2024,Q4,audio,official_ir,https://investors.globalpayments.com/,investors.globalpayments.com,metadata_only,metadata_only_no_raw_download,false,false,false,false,true,,,,,,false,false,2,"Review source terms, robots policy, event identity, and storage/evaluation rights before any raw download.",sha256:5b7d3fbb5f2768fd9eea0ad29adc318b0dd5b6cb42d730fce0c173baa5170105
src_442c013715f85e880,blk_2024_q4,BLK,"BlackRock, Inc.",2024,Q4,transcript,official_ir,https://ir.blackrock.com/,ir.blackrock.com,metadata_only,metadata_only_no_raw_download,false,false,false,false,true,,,,,,false,false,1,"Review source terms, robots policy, event identity, and storage/evaluation rights before any raw download.",sha256:d2bdffcf3c2552e436fe383c52dabc235dc3ff7fa04c523e4d9411d7bd7b816e
src_6354a2fe3058280d8,blk_2024_q4,BLK,"BlackRock, Inc.",2024,Q4,audio,official_ir,https://ir.blackrock.com/,ir.blackrock.com,metadata_only,metadata_only_no_raw_download,false,false,false,false,true,,,,,,false,false,2,"Review source terms, robots policy, event identity, and storage/evaluation rights before any raw download.",sha256:7bbd858258f50ffa70ea91bfa1d29c30e11891b4aa842d10f81c55dfcd4ea96f
src_48cf3bb4ed90db958,bx_2024_q4,BX,Blackstone Inc.,2024,Q4,transcript,official_ir,https://ir.blackstone.com/,ir.blackstone.com,metadata_only,metadata_only_no_raw_download,false,false,false,false,true,,,,,,false,false,1,"Review source terms, robots policy, event identity, and storage/evaluation rights before any raw download.",sha256:26996d1206e7763f955b2ed8e3afd5d6fb30db0f7ab0bf66b578171e23b3f2c4
src_cc53029002dc0fa44,bx_2024_q4,BX,Blackstone Inc.,2024,Q4,audio,official_ir,https://ir.blackstone.com/,ir.blackstone.com,metadata_only,metadata_only_no_raw_download,false,false,false,false,true,,,,,,false,false,2,"Review source terms, robots policy, event identity, and storage/evaluation rights before any raw download.",sha256:9391b87677eeef29a6a27a588b7fc5740aa2a26fd8859492b8ee310ceef69144
src_0a5a6d69e3baad3a0,schw_2024_q4,SCHW,The Charles Schwab Corporation,2024,Q4,transcript,official_ir,https://www.aboutschwab.com/investor-relations,www.aboutschwab.com,metadata_only,metadata_only_no_raw_download,false,false,false,false,true,,,,,,false,false,1,"Review source terms, robots policy, event identity, and storage/evaluation rights before any raw download.",sha256:8b56f6ecb066c0be0c70753af383ce51e86880593a1681a1d2480cdbf86e54c8
src_0adb8e18acf8c488d,schw_2024_q4,SCHW,The Charles Schwab Corporation,2024,Q4,audio,official_ir,https://www.aboutschwab.com/investor-relations,www.aboutschwab.com,metadata_only,metadata_only_no_raw_download,false,false,false,false,true,,,,,,false,false,2,"Review source terms, robots policy, event identity, and storage/evaluation rights before any raw download.",sha256:beb8b160bff329218db1ac9187da428b1cd41f02b2dfe4b176bae5df0fb49fb3
src_7a626e14ba8e32cb6,ice_2024_q4,ICE,"Intercontinental Exchange, Inc.",2024,Q4,transcript,official_ir,https://ir.theice.com/,ir.theice.com,metadata_only,metadata_only_no_raw_download,false,false,false,false,true,,,,,,false,false,1,"Review source terms, robots policy, event identity, and storage/evaluation rights before any raw download.",sha256:05ff3612928b70de1ca7cbfa0707ca8a2e44817a745b2e4a71cd082f4abd840e
src_97b04ad4d6e084fce,ice_2024_q4,ICE,"Intercontinental Exchange, Inc.",2024,Q4,audio,official_ir,https://ir.theice.com/,ir.theice.com,metadata_only,metadata_only_no_raw_download,false,false,false,false,true,,,,,,false,false,2,"Review source terms, robots policy, event identity, and storage/evaluation rights before any raw download.",sha256:48d6492112efa23ab621f7e248ec36d25a35b48c63cd91ae09daddb5589c91cc
src_f26c5a830e38d853f,spgi_2024_q4,SPGI,S&P Global Inc.,2024,Q4,transcript,official_ir,https://investor.spglobal.com/,investor.spglobal.com,metadata_only,metadata_only_no_raw_download,false,false,false,false,true,,,,,,false,false,1,"Review source terms, robots policy, event identity, and storage/evaluation rights before any raw download.",sha256:8c95cb85b2a899e9e1cc92162b8930f01156ecfb2e126e93e18bd3012360a68d
src_efa6e149a2e2e6d20,spgi_2024_q4,SPGI,S&P Global Inc.,2024,Q4,audio,official_ir,https://investor.spglobal.com/,investor.spglobal.com,metadata_only,metadata_only_no_raw_download,false,false,false,false,true,,,,,,false,false,2,"Review source terms, robots policy, event identity, and storage/evaluation rights before any raw download.",sha256:511e201e59ccfc63af913311abc52a375ba0b81a755a1f01ff679c67c67d9fcd
src_3669f7424adbcfa80,mco_2024_q4,MCO,Moody's Corporation,2024,Q4,transcript,official_ir,https://ir.moodys.com/,ir.moodys.com,metadata_only,metadata_only_no_raw_download,false,false,false,false,true,,,,,,false,false,1,"Review source terms, robots policy, event identity, and storage/evaluation rights before any raw download.",sha256:b98103be578eee3988fac4b908af1d4e63518eebae7c13e0e0b4a10eb9ed6cf1
src_d613283920edf8664,mco_2024_q4,MCO,Moody's Corporation,2024,Q4,audio,official_ir,https://ir.moodys.com/,ir.moodys.com,metadata_only,metadata_only_no_raw_download,false,false,false,false,true,,,,,,false,false,2,"Review source terms, robots policy, event identity, and storage/evaluation rights before any raw download.",sha256:2838235364a859036155d94420a243da980b9959cfd4255518f8665eb616b2de
src_308033eb5c2705bc5,aon_2024_q4,AON,Aon plc,2024,Q4,transcript,official_ir,https://investors.aon.com/,investors.aon.com,metadata_only,metadata_only_no_raw_download,false,false,false,false,true,,,,,,false,false,1,"Review source terms, robots policy, event identity, and storage/evaluation rights before any raw download.",sha256:08683fc9062da0e65b1ba2d4bc1d32ba6596ecda6c5669b65370b79c3a86bfbd
src_e40a8012d62d91892,aon_2024_q4,AON,Aon plc,2024,Q4,audio,official_ir,https://investors.aon.com/,investors.aon.com,metadata_only,metadata_only_no_raw_download,false,false,false,false,true,,,,,,false,false,2,"Review source terms, robots policy, event identity, and storage/evaluation rights before any raw download.",sha256:601632c25c934af02369ccddb6a958632facb36212a6d6bea9ca0622c649f569
src_99b135990f3ee4d36,aig_2024_q4,AIG,"American International Group, Inc.",2024,Q4,transcript,official_ir,https://www.aig.com/investor-relations,www.aig.com,metadata_only,metadata_only_no_raw_download,false,false,false,false,true,,,,,,false,false,1,"Review source terms, robots policy, event identity, and storage/evaluation rights before any raw download.",sha256:46b4f54c54ba2504ec90ce7f059adc5f623defe4528f308fba2adf2cde3d747a
src_70e5876598664e78f,aig_2024_q4,AIG,"American International Group, Inc.",2024,Q4,audio,official_ir,https://www.aig.com/investor-relations,www.aig.com,metadata_only,metadata_only_no_raw_download,false,false,false,false,true,,,,,,false,false,2,"Review source terms, robots policy, event identity, and storage/evaluation rights before any raw download.",sha256:ccb1c201279fa517f4c0b0d6a53fc4331839b2406a2e92d0aeee6e6517d69189
src_f6739989713d1063e,met_2024_q4,MET,"MetLife, Inc.",2024,Q4,transcript,official_ir,https://investor.metlife.com/,investor.metlife.com,metadata_only,metadata_only_no_raw_download,false,false,false,false,true,,,,,,false,false,1,"Review source terms, robots policy, event identity, and storage/evaluation rights before any raw download.",sha256:956101e6d6ca612d26c92327a8435bf17c3b07822ac76d26feb8256b2ba63f80
src_cbb4337b1835037d7,met_2024_q4,MET,"MetLife, Inc.",2024,Q4,audio,official_ir,https://investor.metlife.com/,investor.metlife.com,metadata_only,metadata_only_no_raw_download,false,false,false,false,true,,,,,,false,false,2,"Review source terms, robots policy, event identity, and storage/evaluation rights before any raw download.",sha256:53115667515b085a3bbfbc7285d77b1640f43a81b5a31b6280c330c22677dbe1
src_36f07fcc52314f8c8,pru_2024_q4,PRU,"Prudential Financial, Inc.",2024,Q4,transcript,official_ir,https://www.investor.prudential.com/,www.investor.prudential.com,metadata_only,metadata_only_no_raw_download,false,false,false,false,true,,,,,,false,false,1,"Review source terms, robots policy, event identity, and storage/evaluation rights before any raw download.",sha256:81fdd93d94909399161e8b6914ea2610a284ab2c000870a65929b429cf2aedab
src_241a01cf5de0c30f1,pru_2024_q4,PRU,"Prudential Financial, Inc.",2024,Q4,audio,official_ir,https://www.investor.prudential.com/,www.investor.prudential.com,metadata_only,metadata_only_no_raw_download,false,false,false,false,true,,,,,,false,false,2,"Review source terms, robots policy, event identity, and storage/evaluation rights before any raw download.",sha256:f4f93e20104ac0b5d0b0c04856a7319a20fda317fc958f7b373e4dfebc9e6e9c
src_d8b53f67aa0180479,trv_2024_q4,TRV,"The Travelers Companies, Inc.",2024,Q4,transcript,official_ir,https://investor.travelers.com/,investor.travelers.com,metadata_only,metadata_only_no_raw_download,false,false,false,false,true,,,,,,false,false,1,"Review source terms, robots policy, event identity, and storage/evaluation rights before any raw download.",sha256:46d52d39606cd4626344c2ea80da1a12ab46c652bfb3cc0b7ae286a68208cb78
src_07b2a3009a164008c,trv_2024_q4,TRV,"The Travelers Companies, Inc.",2024,Q4,audio,official_ir,https://investor.travelers.com/,investor.travelers.com,metadata_only,metadata_only_no_raw_download,false,false,false,false,true,,,,,,false,false,2,"Review source terms, robots policy, event identity, and storage/evaluation rights before any raw download.",sha256:be4f6834a95bf3964aad6a837b8554d60762fa6379597c1ea148641484f48399
src_a197a029faed11f10,cb_2024_q4,CB,Chubb Limited,2024,Q4,transcript,official_ir,https://investors.chubb.com/,investors.chubb.com,metadata_only,metadata_only_no_raw_download,false,false,false,false,true,,,,,,false,false,1,"Review source terms, robots policy, event identity, and storage/evaluation rights before any raw download.",sha256:ffe5b4772054db9bec14bca651025caf25d13360fcfcdd51c95e7306d3fecf84
src_81fdc2052623cd837,cb_2024_q4,CB,Chubb Limited,2024,Q4,audio,official_ir,https://investors.chubb.com/,investors.chubb.com,metadata_only,metadata_only_no_raw_download,false,false,false,false,true,,,,,,false,false,2,"Review source terms, robots policy, event identity, and storage/evaluation rights before any raw download.",sha256:2511af8bd1fe057f83653aa6dae2fc281ae72cfd80400f201169c5db92985fca
src_2f7891052640a45d6,jnj_2024_q4,JNJ,Johnson & Johnson,2024,Q4,transcript,official_ir,https://www.investor.jnj.com/,www.investor.jnj.com,metadata_only,metadata_only_no_raw_download,false,false,false,false,true,,,,,,false,false,1,"Review source terms, robots policy, event identity, and storage/evaluation rights before any raw download.",sha256:9fe5cbe621a90a9d6700835912a903b6fa863ac628cb21dcc3d6c26c2b1fd040
src_a416c6e28065ba25b,jnj_2024_q4,JNJ,Johnson & Johnson,2024,Q4,audio,official_ir,https://www.investor.jnj.com/,www.investor.jnj.com,metadata_only,metadata_only_no_raw_download,false,false,false,false,true,,,,,,false,false,2,"Review source terms, robots policy, event identity, and storage/evaluation rights before any raw download.",sha256:209139d2b2305954ea50ca51a1ccfaeab517f44e5d6020a6cc4308bbf10d6bfe
src_721053780cc696cdb,lly_2024_q4,LLY,Eli Lilly and Company,2024,Q4,transcript,official_ir,https://investor.lilly.com/,investor.lilly.com,metadata_only,metadata_only_no_raw_download,false,false,false,false,true,,,,,,false,false,1,"Review source terms, robots policy, event identity, and storage/evaluation rights before any raw download.",sha256:e8cb8ebad4008e11f683a00681eaedd2119485e4f89573db6214a794788b59a7
src_83752b2116d25f3dc,lly_2024_q4,LLY,Eli Lilly and Company,2024,Q4,audio,official_ir,https://investor.lilly.com/,investor.lilly.com,metadata_only,metadata_only_no_raw_download,false,false,false,false,true,,,,,,false,false,2,"Review source terms, robots policy, event identity, and storage/evaluation rights before any raw download.",sha256:8cdd879bd164db72ce1623f3c89c4feb773473ff61395a3ca61bf276aed49c81
src_ddadb4312f6c691e7,mrk_2024_q4,MRK,"Merck & Co., Inc.",2024,Q4,transcript,official_ir,https://www.merck.com/investor-relations/,www.merck.com,metadata_only,metadata_only_no_raw_download,false,false,false,false,true,,,,,,false,false,1,"Review source terms, robots policy, event identity, and storage/evaluation rights before any raw download.",sha256:6b4ae6659b1bcf3e88640e7dd2e887a88ab27dd6c4f6b8ac420c3c046b688a51
src_820be0e33bdb189d5,mrk_2024_q4,MRK,"Merck & Co., Inc.",2024,Q4,audio,official_ir,https://www.merck.com/investor-relations/,www.merck.com,metadata_only,metadata_only_no_raw_download,false,false,false,false,true,,,,,,false,false,2,"Review source terms, robots policy, event identity, and storage/evaluation rights before any raw download.",sha256:42076c9678ff2e9124eb744296e8a93eebc49db8bc8b4624a40d8bf30831743e
src_23fe6ab0f3d32a671,pfe_2024_q4,PFE,Pfizer Inc.,2024,Q4,transcript,official_ir,https://investors.pfizer.com/,investors.pfizer.com,metadata_only,metadata_only_no_raw_download,false,false,false,false,true,,,,,,false,false,1,"Review source terms, robots policy, event identity, and storage/evaluation rights before any raw download.",sha256:47b8ce16d5fc59202ba59f8c15c48dedf9bc094e3197c074879b11b503ef7907
src_df4689a16b77c2eed,pfe_2024_q4,PFE,Pfizer Inc.,2024,Q4,audio,official_ir,https://investors.pfizer.com/,investors.pfizer.com,metadata_only,metadata_only_no_raw_download,false,false,false,false,true,,,,,,false,false,2,"Review source terms, robots policy, event identity, and storage/evaluation rights before any raw download.",sha256:b1db926d271ea88eff444a63507ffaa8e6e3ba1096d8988243e9bdd88cea8a47
src_0237297d411f98e8d,unh_2024_q4,UNH,UnitedHealth Group Incorporated,2024,Q4,transcript,official_ir,https://www.unitedhealthgroup.com/investors.html,www.unitedhealthgroup.com,metadata_only,metadata_only_no_raw_download,false,false,false,false,true,,,,,,false,false,1,"Review source terms, robots policy, event identity, and storage/evaluation rights before any raw download.",sha256:a5236304b33da94b0f3b1d618685ec4acc7afe61176b45a7be6fa8ab7496c912
src_6da2bc326ff795191,unh_2024_q4,UNH,UnitedHealth Group Incorporated,2024,Q4,audio,official_ir,https://www.unitedhealthgroup.com/investors.html,www.unitedhealthgroup.com,metadata_only,metadata_only_no_raw_download,false,false,false,false,true,,,,,,false,false,2,"Review source terms, robots policy, event identity, and storage/evaluation rights before any raw download.",sha256:23d04ff2c1569f73b01680c34f5ac1f8df1b010cea01927394028c81477ca935
src_25a1a356772c37250,cvs_2024_q4,CVS,CVS Health Corporation,2024,Q4,transcript,official_ir,https://investors.cvshealth.com/,investors.cvshealth.com,metadata_only,metadata_only_no_raw_download,false,false,false,false,true,,,,,,false,false,1,"Review source terms, robots policy, event identity, and storage/evaluation rights before any raw download.",sha256:db6a92eb33593e2240fcb3d9e797665f356730f89a262a9ddb8396562aa1ad7e
src_7bf664545f9dcf4dd,cvs_2024_q4,CVS,CVS Health Corporation,2024,Q4,audio,official_ir,https://investors.cvshealth.com/,investors.cvshealth.com,metadata_only,metadata_only_no_raw_download,false,false,false,false,true,,,,,,false,false,2,"Review source terms, robots policy, event identity, and storage/evaluation rights before any raw download.",sha256:15158bfd842bffacf6edee269aeab3186027ed4bdf0581d87f60bb92152ec464
src_2a5b1b3395dd8a270,abt_2024_q4,ABT,Abbott Laboratories,2024,Q4,transcript,official_ir,https://www.abbottinvestor.com/,www.abbottinvestor.com,metadata_only,metadata_only_no_raw_download,false,false,false,false,true,,,,,,false,false,1,"Review source terms, robots policy, event identity, and storage/evaluation rights before any raw download.",sha256:5da1d104539a49fd681e310f118ba1bf8788fc24836eefa2252950cd0b174ac8
src_a73613fbf54059085,abt_2024_q4,ABT,Abbott Laboratories,2024,Q4,audio,official_ir,https://www.abbottinvestor.com/,www.abbottinvestor.com,metadata_only,metadata_only_no_raw_download,false,false,false,false,true,,,,,,false,false,2,"Review source terms, robots policy, event identity, and storage/evaluation rights before any raw download.",sha256:2623774abdeaeb97be44a413bb469ae0522441aa48b18f662e74504885f55102
src_020fd65f4a18934d7,bmy_2024_q4,BMY,Bristol Myers Squibb Company,2024,Q4,transcript,official_ir,https://investors.bms.com/,investors.bms.com,metadata_only,metadata_only_no_raw_download,false,false,false,false,true,,,,,,false,false,1,"Review source terms, robots policy, event identity, and storage/evaluation rights before any raw download.",sha256:e8869aa2d3ef32b803e262ed428de0c921feab46f72e87a5c019a5d0aa8f5304
src_01b165fa937fb0494,bmy_2024_q4,BMY,Bristol Myers Squibb Company,2024,Q4,audio,official_ir,https://investors.bms.com/,investors.bms.com,metadata_only,metadata_only_no_raw_download,false,false,false,false,true,,,,,,false,false,2,"Review source terms, robots policy, event identity, and storage/evaluation rights before any raw download.",sha256:922fa3e6e4c2590b72cdc6e140362b7bf53d1cf3e664ca5e27c6037ad1f75fb7
src_50dacb0750cc19848,mdt_2024_q4,MDT,Medtronic plc,2024,Q4,transcript,official_ir,https://investorrelations.medtronic.com/,investorrelations.medtronic.com,metadata_only,metadata_only_no_raw_download,false,false,false,false,true,,,,,,false,false,1,"Review source terms, robots policy, event identity, and storage/evaluation rights before any raw download.",sha256:64f0e1751174261aebd613aebc5f2a9106cce82f416e90f27c263f436c07c02e
src_039d81795d8714d7f,mdt_2024_q4,MDT,Medtronic plc,2024,Q4,audio,official_ir,https://investorrelations.medtronic.com/,investorrelations.medtronic.com,metadata_only,metadata_only_no_raw_download,false,false,false,false,true,,,,,,false,false,2,"Review source terms, robots policy, event identity, and storage/evaluation rights before any raw download.",sha256:6926c0cc9271853b2d1c6dfad35423a1cd9c107d3c50f339778774db01fe0ec2
src_9ea2f4c7456d2d37d,tmo_2024_q4,TMO,Thermo Fisher Scientific Inc.,2024,Q4,transcript,official_ir,https://ir.thermofisher.com/,ir.thermofisher.com,metadata_only,metadata_only_no_raw_download,false,false,false,false,true,,,,,,false,false,1,"Review source terms, robots policy, event identity, and storage/evaluation rights before any raw download.",sha256:76651b122545216fa554f39a866db06a4643e2e156bdcf630022de2866e91875
src_090da2cad33f7a95b,tmo_2024_q4,TMO,Thermo Fisher Scientific Inc.,2024,Q4,audio,official_ir,https://ir.thermofisher.com/,ir.thermofisher.com,metadata_only,metadata_only_no_raw_download,false,false,false,false,true,,,,,,false,false,2,"Review source terms, robots policy, event identity, and storage/evaluation rights before any raw download.",sha256:e2a9d67374fa93efa0eaf0fb13971ce7464ccbc70aebb364d8fc845e8e23dc0e
src_a91ccee2901da50b2,dhr_2024_q4,DHR,Danaher Corporation,2024,Q4,transcript,official_ir,https://investors.danaher.com/,investors.danaher.com,metadata_only,metadata_only_no_raw_download,false,false,false,false,true,,,,,,false,false,1,"Review source terms, robots policy, event identity, and storage/evaluation rights before any raw download.",sha256:2110f4b68c0976352eabfdb79c965a15afd8d95bd9e79cd49e6b1ea8f967b4ee
src_dc1c9f3f19ca05f02,dhr_2024_q4,DHR,Danaher Corporation,2024,Q4,audio,official_ir,https://investors.danaher.com/,investors.danaher.com,metadata_only,metadata_only_no_raw_download,false,false,false,false,true,,,,,,false,false,2,"Review source terms, robots policy, event identity, and storage/evaluation rights before any raw download.",sha256:004f44485607b13bcac4b18d0c2cb5f131df0f70256ea3f3ca6316defc93568c
src_7ab52673f7fd3bf05,bdx_2024_q4,BDX,"Becton, Dickinson and Company",2024,Q4,transcript,official_ir,https://investors.bd.com/,investors.bd.com,metadata_only,metadata_only_no_raw_download,false,false,false,false,true,,,,,,false,false,1,"Review source terms, robots policy, event identity, and storage/evaluation rights before any raw download.",sha256:92bca9c0b81966ed9dfca4da9d516c6dd22f6612a33709140ebb8a841df1046c
src_2f25d3505cb17e1e6,bdx_2024_q4,BDX,"Becton, Dickinson and Company",2024,Q4,audio,official_ir,https://investors.bd.com/,investors.bd.com,metadata_only,metadata_only_no_raw_download,false,false,false,false,true,,,,,,false,false,2,"Review source terms, robots policy, event identity, and storage/evaluation rights before any raw download.",sha256:315bc25a31c14adbd6420a79c61e75b3a6fdae7624625422fb9cee1c03b018e0
src_0a7711b80cf3ecb17,ci_2024_q4,CI,The Cigna Group,2024,Q4,transcript,official_ir,https://investors.thecignagroup.com/,investors.thecignagroup.com,metadata_only,metadata_only_no_raw_download,false,false,false,false,true,,,,,,false,false,1,"Review source terms, robots policy, event identity, and storage/evaluation rights before any raw download.",sha256:b9f87d60ff18d90b057a44d9e2463f417ccf0e8fa31a6448261e27fc3cb5de31
src_117449e5eb8f8b18e,ci_2024_q4,CI,The Cigna Group,2024,Q4,audio,official_ir,https://investors.thecignagroup.com/,investors.thecignagroup.com,metadata_only,metadata_only_no_raw_download,false,false,false,false,true,,,,,,false,false,2,"Review source terms, robots policy, event identity, and storage/evaluation rights before any raw download.",sha256:f0390487c944b1d47662ae832a39c09915ca9b202fd19a0c4688620b58802d37
src_5bbff7da85719f397,hca_2024_q4,HCA,"HCA Healthcare, Inc.",2024,Q4,transcript,official_ir,https://investor.hcahealthcare.com/,investor.hcahealthcare.com,metadata_only,metadata_only_no_raw_download,false,false,false,false,true,,,,,,false,false,1,"Review source terms, robots policy, event identity, and storage/evaluation rights before any raw download.",sha256:7ca5f7be7068d7e231d3e794d52ac5c67809c6562b4638f289ffb612381bee21
src_dc1eca1b6c1a5f30d,hca_2024_q4,HCA,"HCA Healthcare, Inc.",2024,Q4,audio,official_ir,https://investor.hcahealthcare.com/,investor.hcahealthcare.com,metadata_only,metadata_only_no_raw_download,false,false,false,false,true,,,,,,false,false,2,"Review source terms, robots policy, event identity, and storage/evaluation rights before any raw download.",sha256:5831246ec7078565e5f18b208e84d32c3c8356d50f8e9fdfd1cb11e2b275d4eb
src_8bce88993a261e20a,syk_2024_q4,SYK,Stryker Corporation,2024,Q4,transcript,official_ir,https://investors.stryker.com/,investors.stryker.com,metadata_only,metadata_only_no_raw_download,false,false,false,false,true,,,,,,false,false,1,"Review source terms, robots policy, event identity, and storage/evaluation rights before any raw download.",sha256:15f114d86b40c838f9d4842168a6f030a331ab43f80d7b53e1da34ea53dd5e76
src_819b5f50fd681be5d,syk_2024_q4,SYK,Stryker Corporation,2024,Q4,audio,official_ir,https://investors.stryker.com/,investors.stryker.com,metadata_only,metadata_only_no_raw_download,false,false,false,false,true,,,,,,false,false,2,"Review source terms, robots policy, event identity, and storage/evaluation rights before any raw download.",sha256:58436cd6d8d0383d30db7333c6b6c1b8f1cb4cfe800e0a48cad1bc7a9f3e7bb8
src_c671b024e4e2ebf31,xom_2024_q4,XOM,Exxon Mobil Corporation,2024,Q4,transcript,official_ir,https://corporate.exxonmobil.com/investors,corporate.exxonmobil.com,metadata_only,metadata_only_no_raw_download,false,false,false,false,true,,,,,,false,false,1,"Review source terms, robots policy, event identity, and storage/evaluation rights before any raw download.",sha256:1d2b1b7957f3464b6139b6966dc2b550439b421e8534a66ad88bb77cca9e4669
src_0390d511beb663eb1,xom_2024_q4,XOM,Exxon Mobil Corporation,2024,Q4,audio,official_ir,https://corporate.exxonmobil.com/investors,corporate.exxonmobil.com,metadata_only,metadata_only_no_raw_download,false,false,false,false,true,,,,,,false,false,2,"Review source terms, robots policy, event identity, and storage/evaluation rights before any raw download.",sha256:22d387036548dbfa7a909cd04d1d7628432f702060d4b2a6cbb41fad30ffb2f0
src_f27a8e74bcd9a268e,cvx_2024_q4,CVX,Chevron Corporation,2024,Q4,transcript,official_ir,https://www.chevron.com/investors,www.chevron.com,metadata_only,metadata_only_no_raw_download,false,false,false,false,true,,,,,,false,false,1,"Review source terms, robots policy, event identity, and storage/evaluation rights before any raw download.",sha256:7bddabdc45572ca5963b83007e537ad8fc3fe4815bc08eb583c408d1c3d3a6d6
src_95912b6ae0733da6d,cvx_2024_q4,CVX,Chevron Corporation,2024,Q4,audio,official_ir,https://www.chevron.com/investors,www.chevron.com,metadata_only,metadata_only_no_raw_download,false,false,false,false,true,,,,,,false,false,2,"Review source terms, robots policy, event identity, and storage/evaluation rights before any raw download.",sha256:4d87d071f52b8f57092a021f8dcaa535178df7c2c51b46335db5337bf50ffc7c
src_270f5e6df4e517e32,cop_2024_q4,COP,ConocoPhillips,2024,Q4,transcript,official_ir,https://www.conocophillips.com/investor-relations/,www.conocophillips.com,metadata_only,metadata_only_no_raw_download,false,false,false,false,true,,,,,,false,false,1,"Review source terms, robots policy, event identity, and storage/evaluation rights before any raw download.",sha256:05b8b0313011fcd30f08c9eb310bf831358780892fd18c0b60088a22ace3310b
src_b81f782d26afbee8b,cop_2024_q4,COP,ConocoPhillips,2024,Q4,audio,official_ir,https://www.conocophillips.com/investor-relations/,www.conocophillips.com,metadata_only,metadata_only_no_raw_download,false,false,false,false,true,,,,,,false,false,2,"Review source terms, robots policy, event identity, and storage/evaluation rights before any raw download.",sha256:93231bf1d5f90df58046d0a9d8c9907db362b0c61989ee641c92e26a7398596a
src_338e008a04d41efbe,slb_2024_q4,SLB,SLB,2024,Q4,transcript,official_ir,https://investorcenter.slb.com/,investorcenter.slb.com,metadata_only,metadata_only_no_raw_download,false,false,false,false,true,,,,,,false,false,1,"Review source terms, robots policy, event identity, and storage/evaluation rights before any raw download.",sha256:0bf79d4318564f2b949b356523d7b4006c042c48eed06d4aa60b73868c9c0e41
src_302c1434ea892830d,slb_2024_q4,SLB,SLB,2024,Q4,audio,official_ir,https://investorcenter.slb.com/,investorcenter.slb.com,metadata_only,metadata_only_no_raw_download,false,false,false,false,true,,,,,,false,false,2,"Review source terms, robots policy, event identity, and storage/evaluation rights before any raw download.",sha256:dde5a8082e2445a386ec6fe15049dd2e5c1ef6e6466816d59e4521cfef1a3f4f
src_19c34ab481896f128,hal_2024_q4,HAL,Halliburton Company,2024,Q4,transcript,official_ir,https://ir.halliburton.com/,ir.halliburton.com,metadata_only,metadata_only_no_raw_download,false,false,false,false,true,,,,,,false,false,1,"Review source terms, robots policy, event identity, and storage/evaluation rights before any raw download.",sha256:4f2df491da990280ea5f257b0aa0a13474c31e98fb42db452207d43bc7b08a7b
src_3ed31c8e9c590d33a,hal_2024_q4,HAL,Halliburton Company,2024,Q4,audio,official_ir,https://ir.halliburton.com/,ir.halliburton.com,metadata_only,metadata_only_no_raw_download,false,false,false,false,true,,,,,,false,false,2,"Review source terms, robots policy, event identity, and storage/evaluation rights before any raw download.",sha256:0b729ebcd8d5f756ec11828db5df7db9933c187bf7fb41418fec29069aeb5fb9
src_8eed694ea8c3fee11,eog_2024_q4,EOG,"EOG Resources, Inc.",2024,Q4,transcript,official_ir,https://investors.eogresources.com/,investors.eogresources.com,metadata_only,metadata_only_no_raw_download,false,false,false,false,true,,,,,,false,false,1,"Review source terms, robots policy, event identity, and storage/evaluation rights before any raw download.",sha256:04adaa4f7828277eb7a92ceb9ad876bbd8693022d438168b1a66f4a746c33a54
src_117134ed164730ffd,eog_2024_q4,EOG,"EOG Resources, Inc.",2024,Q4,audio,official_ir,https://investors.eogresources.com/,investors.eogresources.com,metadata_only,metadata_only_no_raw_download,false,false,false,false,true,,,,,,false,false,2,"Review source terms, robots policy, event identity, and storage/evaluation rights before any raw download.",sha256:5df12c48f0b28555777a08bbc331392e8625db78e48f1ccc981031bc983e7dc3
src_8ccf86cf532dfbc2e,oxy_2024_q4,OXY,Occidental Petroleum Corporation,2024,Q4,transcript,official_ir,https://www.oxy.com/investors/,www.oxy.com,metadata_only,metadata_only_no_raw_download,false,false,false,false,true,,,,,,false,false,1,"Review source terms, robots policy, event identity, and storage/evaluation rights before any raw download.",sha256:8c273c220634e87a0a3a7f19e793ef8fcf23267dc7c70b140d93e8764d2453e3
src_aaa181ac5b9937755,oxy_2024_q4,OXY,Occidental Petroleum Corporation,2024,Q4,audio,official_ir,https://www.oxy.com/investors/,www.oxy.com,metadata_only,metadata_only_no_raw_download,false,false,false,false,true,,,,,,false,false,2,"Review source terms, robots policy, event identity, and storage/evaluation rights before any raw download.",sha256:f33635536ef632ecb27c7423dc52546980471f8f906b56696186fb4a8f656027
src_825f1920ab42f18f0,mpc_2024_q4,MPC,Marathon Petroleum Corporation,2024,Q4,transcript,official_ir,https://www.marathonpetroleum.com/Investors/,www.marathonpetroleum.com,metadata_only,metadata_only_no_raw_download,false,false,false,false,true,,,,,,false,false,1,"Review source terms, robots policy, event identity, and storage/evaluation rights before any raw download.",sha256:e82197b36dbefb1a9b9ef7c6eac4234ded8944e3178eac94726c527bbfae6e07
src_3c5e4d4828ea66fe0,mpc_2024_q4,MPC,Marathon Petroleum Corporation,2024,Q4,audio,official_ir,https://www.marathonpetroleum.com/Investors/,www.marathonpetroleum.com,metadata_only,metadata_only_no_raw_download,false,false,false,false,true,,,,,,false,false,2,"Review source terms, robots policy, event identity, and storage/evaluation rights before any raw download.",sha256:2b1232989981b556ccaef60b3bbe39416c9726435ba53a80247f5e784301a94e
src_ab2be8822a24677a0,psx_2024_q4,PSX,Phillips 66,2024,Q4,transcript,official_ir,https://investor.phillips66.com/,investor.phillips66.com,metadata_only,metadata_only_no_raw_download,false,false,false,false,true,,,,,,false,false,1,"Review source terms, robots policy, event identity, and storage/evaluation rights before any raw download.",sha256:c5592697ff837031b265a46fc28f257ad30d66a36a21b2a8a8fa9b73ff189b11
src_160ae6142c97522f1,psx_2024_q4,PSX,Phillips 66,2024,Q4,audio,official_ir,https://investor.phillips66.com/,investor.phillips66.com,metadata_only,metadata_only_no_raw_download,false,false,false,false,true,,,,,,false,false,2,"Review source terms, robots policy, event identity, and storage/evaluation rights before any raw download.",sha256:6e30c98c34178b47fdf9bbe350bf4a50788980a9f7ba534a21056e77bafc7bfd
src_deda744e2dd1c02bc,vlo_2024_q4,VLO,Valero Energy Corporation,2024,Q4,transcript,official_ir,https://investorvalero.com/,investorvalero.com,metadata_only,metadata_only_no_raw_download,false,false,false,false,true,,,,,,false,false,1,"Review source terms, robots policy, event identity, and storage/evaluation rights before any raw download.",sha256:e3580e88cca671ff7d20c7d40f92acaad962a812e6723259019b287f64ee30fe
src_fbc4a113fce436efc,vlo_2024_q4,VLO,Valero Energy Corporation,2024,Q4,audio,official_ir,https://investorvalero.com/,investorvalero.com,metadata_only,metadata_only_no_raw_download,false,false,false,false,true,,,,,,false,false,2,"Review source terms, robots policy, event identity, and storage/evaluation rights before any raw download.",sha256:f57580eb0b01b31579861964113b4cd6515717f275007ed4e597d17cbfae06f3
src_0ac842425b5c944e9,ba_2024_q4,BA,The Boeing Company,2024,Q4,transcript,official_ir,https://investors.boeing.com/,investors.boeing.com,metadata_only,metadata_only_no_raw_download,false,false,false,false,true,,,,,,false,false,1,"Review source terms, robots policy, event identity, and storage/evaluation rights before any raw download.",sha256:bfaabe90c1002ff09f958665e96753ae59fdcc89b1be61aba54c34873f720e14
src_26935c011292f2b7e,ba_2024_q4,BA,The Boeing Company,2024,Q4,audio,official_ir,https://investors.boeing.com/,investors.boeing.com,metadata_only,metadata_only_no_raw_download,false,false,false,false,true,,,,,,false,false,2,"Review source terms, robots policy, event identity, and storage/evaluation rights before any raw download.",sha256:cee7e2eb0051507a77d3d3c4b1ea20dc6448e97ce14949da14c6397130bd6438
src_2caec259ee9b7f81f,rtx_2024_q4,RTX,RTX Corporation,2024,Q4,transcript,official_ir,https://www.rtx.com/investors,www.rtx.com,metadata_only,metadata_only_no_raw_download,false,false,false,false,true,,,,,,false,false,1,"Review source terms, robots policy, event identity, and storage/evaluation rights before any raw download.",sha256:31721789846e71bb4768383cd0ae6e764349f89f681b00fe1e7df8c7f36e4229
src_aedec06679df96ca3,rtx_2024_q4,RTX,RTX Corporation,2024,Q4,audio,official_ir,https://www.rtx.com/investors,www.rtx.com,metadata_only,metadata_only_no_raw_download,false,false,false,false,true,,,,,,false,false,2,"Review source terms, robots policy, event identity, and storage/evaluation rights before any raw download.",sha256:e6f775b2987d3d667d8d470b7184452561c641a18bc1a93e4362c64a21a3e58f
src_5f9ca0f005ea13e01,lmt_2024_q4,LMT,Lockheed Martin Corporation,2024,Q4,transcript,official_ir,https://investors.lockheedmartin.com/,investors.lockheedmartin.com,metadata_only,metadata_only_no_raw_download,false,false,false,false,true,,,,,,false,false,1,"Review source terms, robots policy, event identity, and storage/evaluation rights before any raw download.",sha256:6b3c8cf65e9fa4d67272ce31fb82fb6ef3e0e5e3f011aed6a561674cdff27143
src_dd832cf6dd88080d9,lmt_2024_q4,LMT,Lockheed Martin Corporation,2024,Q4,audio,official_ir,https://investors.lockheedmartin.com/,investors.lockheedmartin.com,metadata_only,metadata_only_no_raw_download,false,false,false,false,true,,,,,,false,false,2,"Review source terms, robots policy, event identity, and storage/evaluation rights before any raw download.",sha256:337f5429627c5988ac764d3fd17914cb651f3aea439953880f7c30a9ea9bc64a
src_edbe524a46484b36c,noc_2024_q4,NOC,Northrop Grumman Corporation,2024,Q4,transcript,official_ir,https://investor.northropgrumman.com/,investor.northropgrumman.com,metadata_only,metadata_only_no_raw_download,false,false,false,false,true,,,,,,false,false,1,"Review source terms, robots policy, event identity, and storage/evaluation rights before any raw download.",sha256:06384e49f8b5a75c63d2f824da0baec5fbe26af90fe38152312b01896059bb5d
src_b9ceaaa8c2aad300e,noc_2024_q4,NOC,Northrop Grumman Corporation,2024,Q4,audio,official_ir,https://investor.northropgrumman.com/,investor.northropgrumman.com,metadata_only,metadata_only_no_raw_download,false,false,false,false,true,,,,,,false,false,2,"Review source terms, robots policy, event identity, and storage/evaluation rights before any raw download.",sha256:f7d841e974f6a484d199a834fe1008b48a3036f35484c30eb08dd1faa169a907
src_c2da1bf66ebb402eb,gd_2024_q4,GD,General Dynamics Corporation,2024,Q4,transcript,official_ir,https://investorrelations.gd.com/,investorrelations.gd.com,metadata_only,metadata_only_no_raw_download,false,false,false,false,true,,,,,,false,false,1,"Review source terms, robots policy, event identity, and storage/evaluation rights before any raw download.",sha256:5737adb7685eec686edaa7aebf8ecad44115b288fa78811866057e6bb8d1630a
src_c6f2ea3ba0b07b784,gd_2024_q4,GD,General Dynamics Corporation,2024,Q4,audio,official_ir,https://investorrelations.gd.com/,investorrelations.gd.com,metadata_only,metadata_only_no_raw_download,false,false,false,false,true,,,,,,false,false,2,"Review source terms, robots policy, event identity, and storage/evaluation rights before any raw download.",sha256:3e5b93aa44193b61132c862a7ecec30f5cf4cf26fb134bfced106b63d99500f5
src_2002e198e2d6058fe,cat_2024_q4,CAT,Caterpillar Inc.,2024,Q4,transcript,official_ir,https://investors.caterpillar.com/,investors.caterpillar.com,metadata_only,metadata_only_no_raw_download,false,false,false,false,true,,,,,,false,false,1,"Review source terms, robots policy, event identity, and storage/evaluation rights before any raw download.",sha256:9251b627e6b070545dd010f2d8490c99a53e98a81f9dd0f5338eee3f583e01f6
src_e8e82bf5b5d363812,cat_2024_q4,CAT,Caterpillar Inc.,2024,Q4,audio,official_ir,https://investors.caterpillar.com/,investors.caterpillar.com,metadata_only,metadata_only_no_raw_download,false,false,false,false,true,,,,,,false,false,2,"Review source terms, robots policy, event identity, and storage/evaluation rights before any raw download.",sha256:e7e1150eb47f54c2240da5a65f06aac127f8932de2e3ea0348d1bffbe89f4148
src_f4b30350ed9d1cd00,de_2024_q4,DE,Deere & Company,2024,Q4,transcript,official_ir,https://investor.deere.com/,investor.deere.com,metadata_only,metadata_only_no_raw_download,false,false,false,false,true,,,,,,false,false,1,"Review source terms, robots policy, event identity, and storage/evaluation rights before any raw download.",sha256:5bc9bb7c9545ea8d5a2e190db589de539800d2c0bd1ad1d53a7087aeb13857a1
src_2bc05244d0362c53e,de_2024_q4,DE,Deere & Company,2024,Q4,audio,official_ir,https://investor.deere.com/,investor.deere.com,metadata_only,metadata_only_no_raw_download,false,false,false,false,true,,,,,,false,false,2,"Review source terms, robots policy, event identity, and storage/evaluation rights before any raw download.",sha256:a51be384d05ce3ce79dcac715201747feec8117b01ec629a1aeba967aa1be500
src_ab2b6283b746129cd,ge_2024_q4,GE,GE Aerospace,2024,Q4,transcript,official_ir,https://www.geaerospace.com/investors,www.geaerospace.com,metadata_only,metadata_only_no_raw_download,false,false,false,false,true,,,,,,false,false,1,"Review source terms, robots policy, event identity, and storage/evaluation rights before any raw download.",sha256:824a9b828e7bb46a8903eaa1dc197363b155f59dfb37b1609abc01e3e1fc7aa5
src_332a0b615b1012f18,ge_2024_q4,GE,GE Aerospace,2024,Q4,audio,official_ir,https://www.geaerospace.com/investors,www.geaerospace.com,metadata_only,metadata_only_no_raw_download,false,false,false,false,true,,,,,,false,false,2,"Review source terms, robots policy, event identity, and storage/evaluation rights before any raw download.",sha256:c9fa30efe6146dfabafce275b8010036d2ccc6647c4533cbee7ca20b89b233c6
src_a616dcf4807ec2e82,etn_2024_q4,ETN,Eaton Corporation plc,2024,Q4,transcript,official_ir,https://www.eaton.com/us/en-us/company/investor-relations.html,www.eaton.com,metadata_only,metadata_only_no_raw_download,false,false,false,false,true,,,,,,false,false,1,"Review source terms, robots policy, event identity, and storage/evaluation rights before any raw download.",sha256:3b0294f82e258577d1285797708762cc99a8fb53d312817b8cb30007d9d5190b
src_4d12651543ca0943f,etn_2024_q4,ETN,Eaton Corporation plc,2024,Q4,audio,official_ir,https://www.eaton.com/us/en-us/company/investor-relations.html,www.eaton.com,metadata_only,metadata_only_no_raw_download,false,false,false,false,true,,,,,,false,false,2,"Review source terms, robots policy, event identity, and storage/evaluation rights before any raw download.",sha256:d08628c3304e69e68e8c55be54621efe2398f67c9316c930478c3ae4cbf5ee98
src_effb2b94ad533a2e8,emr_2024_q4,EMR,Emerson Electric Co.,2024,Q4,transcript,official_ir,https://www.emerson.com/en-us/investors,www.emerson.com,metadata_only,metadata_only_no_raw_download,false,false,false,false,true,,,,,,false,false,1,"Review source terms, robots policy, event identity, and storage/evaluation rights before any raw download.",sha256:b06bdf785f55f342403112e68b325dc050dba48ec593348239ef46e9b2ed3492
src_6ac5c05b01c28a625,emr_2024_q4,EMR,Emerson Electric Co.,2024,Q4,audio,official_ir,https://www.emerson.com/en-us/investors,www.emerson.com,metadata_only,metadata_only_no_raw_download,false,false,false,false,true,,,,,,false,false,2,"Review source terms, robots policy, event identity, and storage/evaluation rights before any raw download.",sha256:7626bf9c7bda1085f21e93e2eaf134226ce50c7e7e8e2f190c995e61b544adba
src_4e400f36ff4134797,mmm_2024_q4,MMM,3M Company,2024,Q4,transcript,official_ir,https://investors.3m.com/,investors.3m.com,metadata_only,metadata_only_no_raw_download,false,false,false,false,true,,,,,,false,false,1,"Review source terms, robots policy, event identity, and storage/evaluation rights before any raw download.",sha256:0c125e9648a947ca37f1e2058f1a8eae26102192d3add70245f3b35b1d425573
src_dc54861fe310424b1,mmm_2024_q4,MMM,3M Company,2024,Q4,audio,official_ir,https://investors.3m.com/,investors.3m.com,metadata_only,metadata_only_no_raw_download,false,false,false,false,true,,,,,,false,false,2,"Review source terms, robots policy, event identity, and storage/evaluation rights before any raw download.",sha256:d32fea4f181b4a4a9262878fcb94e086fa43fa3985920ccafb9e9e0419ce363f
src_3c87db9942b8bf4ff,itw_2024_q4,ITW,Illinois Tool Works Inc.,2024,Q4,transcript,official_ir,https://investor.itw.com/,investor.itw.com,metadata_only,metadata_only_no_raw_download,false,false,false,false,true,,,,,,false,false,1,"Review source terms, robots policy, event identity, and storage/evaluation rights before any raw download.",sha256:66355db43522feee19e877dbe8480248e54c2114e0d8382af854e14a6aac3056
src_b26513fe37fd81a31,itw_2024_q4,ITW,Illinois Tool Works Inc.,2024,Q4,audio,official_ir,https://investor.itw.com/,investor.itw.com,metadata_only,metadata_only_no_raw_download,false,false,false,false,true,,,,,,false,false,2,"Review source terms, robots policy, event identity, and storage/evaluation rights before any raw download.",sha256:90663b729ffabcd2e638dc8272bdc04027de941cc879dcdecaa7bc6a88d3e7fc
src_dd0247e5000704abb,ph_2024_q4,PH,Parker-Hannifin Corporation,2024,Q4,transcript,official_ir,https://investors.parker.com/,investors.parker.com,metadata_only,metadata_only_no_raw_download,false,false,false,false,true,,,,,,false,false,1,"Review source terms, robots policy, event identity, and storage/evaluation rights before any raw download.",sha256:bf0fdc01b2252379024a38b75a6ddeacb18c24588f99ce2545f4a5d83c9e3b63
src_75f08adb502aac19b,ph_2024_q4,PH,Parker-Hannifin Corporation,2024,Q4,audio,official_ir,https://investors.parker.com/,investors.parker.com,metadata_only,metadata_only_no_raw_download,false,false,false,false,true,,,,,,false,false,2,"Review source terms, robots policy, event identity, and storage/evaluation rights before any raw download.",sha256:bd4fff7bee24a7c0c59193f308ba002a16357257ed6a2ff98d750bb2a8cd2f76
src_9b4d523b6f8ce70b5,carr_2024_q4,CARR,Carrier Global Corporation,2024,Q4,transcript,official_ir,https://ir.carrier.com/,ir.carrier.com,metadata_only,metadata_only_no_raw_download,false,false,false,false,true,,,,,,false,false,1,"Review source terms, robots policy, event identity, and storage/evaluation rights before any raw download.",sha256:5701e86788ce008a52916a8f23266db238245fcc69dcfd1b8d46866ec4e1b4bc
src_1828e444ce8fcb11f,carr_2024_q4,CARR,Carrier Global Corporation,2024,Q4,audio,official_ir,https://ir.carrier.com/,ir.carrier.com,metadata_only,metadata_only_no_raw_download,false,false,false,false,true,,,,,,false,false,2,"Review source terms, robots policy, event identity, and storage/evaluation rights before any raw download.",sha256:98325d9510edcd51c37a6813aa551b7e528cc8d4edea1716c6fc5ad2590adb0a
src_f864c215d73d0662c,otis_2024_q4,OTIS,Otis Worldwide Corporation,2024,Q4,transcript,official_ir,https://www.otis.com/en/us/investors,www.otis.com,metadata_only,metadata_only_no_raw_download,false,false,false,false,true,,,,,,false,false,1,"Review source terms, robots policy, event identity, and storage/evaluation rights before any raw download.",sha256:80e8d93378d1cedc936a7fbc0deb21c02eed45fc4d6bfb6b44fd5ca2c3ba07b2
src_37fe8b9d70f97e398,otis_2024_q4,OTIS,Otis Worldwide Corporation,2024,Q4,audio,official_ir,https://www.otis.com/en/us/investors,www.otis.com,metadata_only,metadata_only_no_raw_download,false,false,false,false,true,,,,,,false,false,2,"Review source terms, robots policy, event identity, and storage/evaluation rights before any raw download.",sha256:2f52ef5b2af23e20277afea96670034bbe3080246fedca831661cd6a1dbedc7a
src_72021452c65ba83f0,ups_2024_q4,UPS,"United Parcel Service, Inc.",2024,Q4,transcript,official_ir,https://investors.ups.com/,investors.ups.com,metadata_only,metadata_only_no_raw_download,false,false,false,false,true,,,,,,false,false,1,"Review source terms, robots policy, event identity, and storage/evaluation rights before any raw download.",sha256:04099170c1a3be2305ddad3422f44acbdddfbcb8712fc3f4dd2d5135a6c77d8c
src_64e24e1ebbfab93fb,ups_2024_q4,UPS,"United Parcel Service, Inc.",2024,Q4,audio,official_ir,https://investors.ups.com/,investors.ups.com,metadata_only,metadata_only_no_raw_download,false,false,false,false,true,,,,,,false,false,2,"Review source terms, robots policy, event identity, and storage/evaluation rights before any raw download.",sha256:92aefb79c5346f429ea8e38e5f55f8defbae41da60ef9518274a2499107e95d5
src_bfab92b8506a88f0f,fdx_2024_q4,FDX,FedEx Corporation,2024,Q4,transcript,official_ir,https://investors.fedex.com/,investors.fedex.com,metadata_only,metadata_only_no_raw_download,false,false,false,false,true,,,,,,false,false,1,"Review source terms, robots policy, event identity, and storage/evaluation rights before any raw download.",sha256:fe979f67cd9b74ff39b77d235d236ef3b4e85e2e46d28c7094cf2a81feeb6a9b
src_5d9083e58224333ab,fdx_2024_q4,FDX,FedEx Corporation,2024,Q4,audio,official_ir,https://investors.fedex.com/,investors.fedex.com,metadata_only,metadata_only_no_raw_download,false,false,false,false,true,,,,,,false,false,2,"Review source terms, robots policy, event identity, and storage/evaluation rights before any raw download.",sha256:f47ef4923a034daaed0433233576050eb8f9a3b36edf40109e90472f661dadd5
src_6392e293f6712c8b0,dal_2024_q4,DAL,"Delta Air Lines, Inc.",2024,Q4,transcript,official_ir,https://ir.delta.com/,ir.delta.com,metadata_only,metadata_only_no_raw_download,false,false,false,false,true,,,,,,false,false,1,"Review source terms, robots policy, event identity, and storage/evaluation rights before any raw download.",sha256:d92c3217456abb140b8cb518b8c01c61d624a23620bf97eb800b3a89758bd1b3
src_00ccf219080edefa0,dal_2024_q4,DAL,"Delta Air Lines, Inc.",2024,Q4,audio,official_ir,https://ir.delta.com/,ir.delta.com,metadata_only,metadata_only_no_raw_download,false,false,false,false,true,,,,,,false,false,2,"Review source terms, robots policy, event identity, and storage/evaluation rights before any raw download.",sha256:f387e46bedd3919c8c480c522d2685c66dadaa362b923304823548f360afec4b
src_46787047600d62117,unp_2024_q4,UNP,Union Pacific Corporation,2024,Q4,transcript,official_ir,https://investor.unionpacific.com/,investor.unionpacific.com,metadata_only,metadata_only_no_raw_download,false,false,false,false,true,,,,,,false,false,1,"Review source terms, robots policy, event identity, and storage/evaluation rights before any raw download.",sha256:6786fc918558ec129092f0362cdb80cc257b86ff8aa2e24eb1742970b519a4ec
src_0d27d80625f182053,unp_2024_q4,UNP,Union Pacific Corporation,2024,Q4,audio,official_ir,https://investor.unionpacific.com/,investor.unionpacific.com,metadata_only,metadata_only_no_raw_download,false,false,false,false,true,,,,,,false,false,2,"Review source terms, robots policy, event identity, and storage/evaluation rights before any raw download.",sha256:9ee34ff8b5de3067c5f49b829b005399fd11f4e754f8212fc4c551fa9083f18a
src_43081809e39ed3fa4,nsc_2024_q4,NSC,Norfolk Southern Corporation,2024,Q4,transcript,official_ir,https://norfolksouthern.investorroom.com/,norfolksouthern.investorroom.com,metadata_only,metadata_only_no_raw_download,false,false,false,false,true,,,,,,false,false,1,"Review source terms, robots policy, event identity, and storage/evaluation rights before any raw download.",sha256:5659e58605018520ca5de48727086aba8f48104f5b6358fc81762c63b555cb77
src_5950704dd35e8bc28,nsc_2024_q4,NSC,Norfolk Southern Corporation,2024,Q4,audio,official_ir,https://norfolksouthern.investorroom.com/,norfolksouthern.investorroom.com,metadata_only,metadata_only_no_raw_download,false,false,false,false,true,,,,,,false,false,2,"Review source terms, robots policy, event identity, and storage/evaluation rights before any raw download.",sha256:d68992d5590ba9a38e539df9d323aeb2ccda01bb8149b0806d728454e2c1de3a
src_56e1da461ba398edd,hd_2024_q4,HD,"The Home Depot, Inc.",2024,Q4,transcript,official_ir,https://ir.homedepot.com/,ir.homedepot.com,metadata_only,metadata_only_no_raw_download,false,false,false,false,true,,,,,,false,false,1,"Review source terms, robots policy, event identity, and storage/evaluation rights before any raw download.",sha256:6d3a3d6a44c89ca6a2cc274d32e8976c0adc2cb8303622265bcff8357078ac7d
src_fb54e00e8bbbe22b4,hd_2024_q4,HD,"The Home Depot, Inc.",2024,Q4,audio,official_ir,https://ir.homedepot.com/,ir.homedepot.com,metadata_only,metadata_only_no_raw_download,false,false,false,false,true,,,,,,false,false,2,"Review source terms, robots policy, event identity, and storage/evaluation rights before any raw download.",sha256:13c2310abd4032123a1bd8d6c91753221e5405c416c52cd3b14c8672c0ee73f3
src_8350c4c9e03689f93,low_2024_q4,LOW,"Lowe's Companies, Inc.",2024,Q4,transcript,official_ir,https://corporate.lowes.com/investors,corporate.lowes.com,metadata_only,metadata_only_no_raw_download,false,false,false,false,true,,,,,,false,false,1,"Review source terms, robots policy, event identity, and storage/evaluation rights before any raw download.",sha256:a388141cf556be6550fa4aa5fbf0f80642878d8cf0ea5099a7bfde18e7936fc4
src_e8e8b9831a1b42364,low_2024_q4,LOW,"Lowe's Companies, Inc.",2024,Q4,audio,official_ir,https://corporate.lowes.com/investors,corporate.lowes.com,metadata_only,metadata_only_no_raw_download,false,false,false,false,true,,,,,,false,false,2,"Review source terms, robots policy, event identity, and storage/evaluation rights before any raw download.",sha256:cd5e9efee3ec852b29fb1f2826872fb69e09f1c80b68219314be6b0b768510a9
src_75f553e89eb773e34,tgt_2024_q4,TGT,Target Corporation,2024,Q4,transcript,official_ir,https://investors.target.com/,investors.target.com,metadata_only,metadata_only_no_raw_download,false,false,false,false,true,,,,,,false,false,1,"Review source terms, robots policy, event identity, and storage/evaluation rights before any raw download.",sha256:e32e9affcee563e88f3ccb95b25fb824e655777f3cd5f2d6f4772f15e038f669
src_2969fbb1fa8b3fdae,tgt_2024_q4,TGT,Target Corporation,2024,Q4,audio,official_ir,https://investors.target.com/,investors.target.com,metadata_only,metadata_only_no_raw_download,false,false,false,false,true,,,,,,false,false,2,"Review source terms, robots policy, event identity, and storage/evaluation rights before any raw download.",sha256:4950da70a0d1f0ded311ba72c2225e57624fab67427d74ebedea509595abdce3
src_897de0bbef9283a8c,kr_2024_q4,KR,The Kroger Co.,2024,Q4,transcript,official_ir,https://ir.kroger.com/,ir.kroger.com,metadata_only,metadata_only_no_raw_download,false,false,false,false,true,,,,,,false,false,1,"Review source terms, robots policy, event identity, and storage/evaluation rights before any raw download.",sha256:53321e02761852d1b3ad5476b20472fde07070e9535fd43a49059420c0b62541
src_5aafd4d508535f942,kr_2024_q4,KR,The Kroger Co.,2024,Q4,audio,official_ir,https://ir.kroger.com/,ir.kroger.com,metadata_only,metadata_only_no_raw_download,false,false,false,false,true,,,,,,false,false,2,"Review source terms, robots policy, event identity, and storage/evaluation rights before any raw download.",sha256:5e1389b4f4be470b364e97c2104495aaed828ee0ba402ccb5af9d00bec6792fc
src_033fbc1985f9c9f75,dg_2024_q4,DG,Dollar General Corporation,2024,Q4,transcript,official_ir,https://investor.dollargeneral.com/,investor.dollargeneral.com,metadata_only,metadata_only_no_raw_download,false,false,false,false,true,,,,,,false,false,1,"Review source terms, robots policy, event identity, and storage/evaluation rights before any raw download.",sha256:6287d820b3c06e1db35e9be936f8569e78e530b3c8def5f4de537a3dffb6754e
src_10abdfb451f783444,dg_2024_q4,DG,Dollar General Corporation,2024,Q4,audio,official_ir,https://investor.dollargeneral.com/,investor.dollargeneral.com,metadata_only,metadata_only_no_raw_download,false,false,false,false,true,,,,,,false,false,2,"Review source terms, robots policy, event identity, and storage/evaluation rights before any raw download.",sha256:096b6b68d4cee01504b1446732bf3fda70b5d3cd26325345dea6310d802cdfbc
src_5f41cba0f1841bf9c,mcd_2024_q4,MCD,McDonald's Corporation,2024,Q4,transcript,official_ir,https://corporate.mcdonalds.com/corpmcd/investors.html,corporate.mcdonalds.com,metadata_only,metadata_only_no_raw_download,false,false,false,false,true,,,,,,false,false,1,"Review source terms, robots policy, event identity, and storage/evaluation rights before any raw download.",sha256:873aad00c418949c1aa2dd628939dfa3bff4de251255872a34a05a4453c64166
src_dc8c701f8df7244aa,mcd_2024_q4,MCD,McDonald's Corporation,2024,Q4,audio,official_ir,https://corporate.mcdonalds.com/corpmcd/investors.html,corporate.mcdonalds.com,metadata_only,metadata_only_no_raw_download,false,false,false,false,true,,,,,,false,false,2,"Review source terms, robots policy, event identity, and storage/evaluation rights before any raw download.",sha256:eb121b7ccd3f60c1d0a235b36879275147fc07e1d6a0703afe6192be727329e0
src_c095004a432029dd8,yum_2024_q4,YUM,"Yum! Brands, Inc.",2024,Q4,transcript,official_ir,https://investors.yum.com/,investors.yum.com,metadata_only,metadata_only_no_raw_download,false,false,false,false,true,,,,,,false,false,1,"Review source terms, robots policy, event identity, and storage/evaluation rights before any raw download.",sha256:9b610d5e83b1f62fc37b9dff52ccd01fd8934ef7ff95c7d08b4632fe17b40cad
src_0c791f81fe14cbf77,yum_2024_q4,YUM,"Yum! Brands, Inc.",2024,Q4,audio,official_ir,https://investors.yum.com/,investors.yum.com,metadata_only,metadata_only_no_raw_download,false,false,false,false,true,,,,,,false,false,2,"Review source terms, robots policy, event identity, and storage/evaluation rights before any raw download.",sha256:79052f72220affd2d5609468e51df023058572bd4e4fe2551b08db31e3c43bc6
src_259e89a1f7b106345,nke_2024_q4,NKE,"NIKE, Inc.",2024,Q4,transcript,official_ir,https://investors.nike.com/,investors.nike.com,metadata_only,metadata_only_no_raw_download,false,false,false,false,true,,,,,,false,false,1,"Review source terms, robots policy, event identity, and storage/evaluation rights before any raw download.",sha256:aa7d8ef7e01217749cc4eaf1e57339811d7953dabcee39510e59bda892c95d62
src_2adae4021f5f24bdf,nke_2024_q4,NKE,"NIKE, Inc.",2024,Q4,audio,official_ir,https://investors.nike.com/,investors.nike.com,metadata_only,metadata_only_no_raw_download,false,false,false,false,true,,,,,,false,false,2,"Review source terms, robots policy, event identity, and storage/evaluation rights before any raw download.",sha256:02f6866facf506e0fd5461a9a1192b5c856dec77dd8b106228efa3dd251b62d8
src_917aa414d47b3387f,dis_2024_q4,DIS,The Walt Disney Company,2024,Q4,transcript,official_ir,https://thewaltdisneycompany.com/investor-relations/,thewaltdisneycompany.com,metadata_only,metadata_only_no_raw_download,false,false,false,false,true,,,,,,false,false,1,"Review source terms, robots policy, event identity, and storage/evaluation rights before any raw download.",sha256:36c9052aa489c68527bec0bacc510714cbf64065676c3a35dbd97b3d751c64c7
src_e37efc67b82bb18ee,dis_2024_q4,DIS,The Walt Disney Company,2024,Q4,audio,official_ir,https://thewaltdisneycompany.com/investor-relations/,thewaltdisneycompany.com,metadata_only,metadata_only_no_raw_download,false,false,false,false,true,,,,,,false,false,2,"Review source terms, robots policy, event identity, and storage/evaluation rights before any raw download.",sha256:eaf7703a66dc06eac15357d2105f7cb53bf31200c05bcfd9c6e2bee7957600fd
src_8a05bb4a819811d6c,ko_2024_q4,KO,The Coca-Cola Company,2024,Q4,transcript,official_ir,https://investors.coca-colacompany.com/,investors.coca-colacompany.com,metadata_only,metadata_only_no_raw_download,false,false,false,false,true,,,,,,false,false,1,"Review source terms, robots policy, event identity, and storage/evaluation rights before any raw download.",sha256:a3b371e737e5620ed75446b2e3f390679884e6a588c8b7793052e39d7ff3958f
src_268ad1f4afc23f925,ko_2024_q4,KO,The Coca-Cola Company,2024,Q4,audio,official_ir,https://investors.coca-colacompany.com/,investors.coca-colacompany.com,metadata_only,metadata_only_no_raw_download,false,false,false,false,true,,,,,,false,false,2,"Review source terms, robots policy, event identity, and storage/evaluation rights before any raw download.",sha256:bf9d8dae39131c8617d4bb9e36b9783f4d4dce9789f329c31d438be8e4eb6c6a
src_fa1074e0b9e8f3384,pg_2024_q4,PG,The Procter & Gamble Company,2024,Q4,transcript,official_ir,https://www.pginvestor.com/,www.pginvestor.com,metadata_only,metadata_only_no_raw_download,false,false,false,false,true,,,,,,false,false,1,"Review source terms, robots policy, event identity, and storage/evaluation rights before any raw download.",sha256:f850228c68cf8447caccddd5f6f316bda8c51f408be62adcbd6958b4f275dcfa
src_f1ea8b09982d858a3,pg_2024_q4,PG,The Procter & Gamble Company,2024,Q4,audio,official_ir,https://www.pginvestor.com/,www.pginvestor.com,metadata_only,metadata_only_no_raw_download,false,false,false,false,true,,,,,,false,false,2,"Review source terms, robots policy, event identity, and storage/evaluation rights before any raw download.",sha256:9919113f73259fc428a607ce5c4ab8b1deb824bdf0345deadd079ff41604adc7
src_663fbe781527fe461,cl_2024_q4,CL,Colgate-Palmolive Company,2024,Q4,transcript,official_ir,https://investor.colgatepalmolive.com/,investor.colgatepalmolive.com,metadata_only,metadata_only_no_raw_download,false,false,false,false,true,,,,,,false,false,1,"Review source terms, robots policy, event identity, and storage/evaluation rights before any raw download.",sha256:cd194face74c9ec4d1bbbd1d2f7813857724ed706f20e570263b69d4ad4018f8
src_311973885a8db4a72,cl_2024_q4,CL,Colgate-Palmolive Company,2024,Q4,audio,official_ir,https://investor.colgatepalmolive.com/,investor.colgatepalmolive.com,metadata_only,metadata_only_no_raw_download,false,false,false,false,true,,,,,,false,false,2,"Review source terms, robots policy, event identity, and storage/evaluation rights before any raw download.",sha256:e9d0c481a27299b4fc669c1336454e593b16b4116c0a78b0ea6bc40c1fbab445
src_e8f74599b9fc3fe53,el_2024_q4,EL,The Estee Lauder Companies Inc.,2024,Q4,transcript,official_ir,https://ir.elcompanies.com/,ir.elcompanies.com,metadata_only,metadata_only_no_raw_download,false,false,false,false,true,,,,,,false,false,1,"Review source terms, robots policy, event identity, and storage/evaluation rights before any raw download.",sha256:0ef2f7396616afe8e3ae4a814a7c7567c391ed4b06afda8ead019949e189d792
src_a9753d2e53bfa5458,el_2024_q4,EL,The Estee Lauder Companies Inc.,2024,Q4,audio,official_ir,https://ir.elcompanies.com/,ir.elcompanies.com,metadata_only,metadata_only_no_raw_download,false,false,false,false,true,,,,,,false,false,2,"Review source terms, robots policy, event identity, and storage/evaluation rights before any raw download.",sha256:c7c7844e6ebe14dc54daeac0449d17633d72a1a09a79da258382cbbeae48b838
src_075152fd01a8a9402,gis_2024_q4,GIS,"General Mills, Inc.",2024,Q4,transcript,official_ir,https://investors.generalmills.com/,investors.generalmills.com,metadata_only,metadata_only_no_raw_download,false,false,false,false,true,,,,,,false,false,1,"Review source terms, robots policy, event identity, and storage/evaluation rights before any raw download.",sha256:284dda4b802bdd33d34598ecf4874656b7bed00a704a8e31e8e6ff4bb7c3b372
src_5de0bc41aa7ee0b31,gis_2024_q4,GIS,"General Mills, Inc.",2024,Q4,audio,official_ir,https://investors.generalmills.com/,investors.generalmills.com,metadata_only,metadata_only_no_raw_download,false,false,false,false,true,,,,,,false,false,2,"Review source terms, robots policy, event identity, and storage/evaluation rights before any raw download.",sha256:0a9902a60c965516a253138d159e623cf88245a2be6b61eac4ee38ece9334172
src_4aa6364451b35f902,hsy_2024_q4,HSY,The Hershey Company,2024,Q4,transcript,official_ir,https://www.thehersheycompany.com/en_us/investors.html,www.thehersheycompany.com,metadata_only,metadata_only_no_raw_download,false,false,false,false,true,,,,,,false,false,1,"Review source terms, robots policy, event identity, and storage/evaluation rights before any raw download.",sha256:3fea6639b979975c01322e10adc500e621bb910408e64b83217c7944ea6aa69a
src_3d064673122c62744,hsy_2024_q4,HSY,The Hershey Company,2024,Q4,audio,official_ir,https://www.thehersheycompany.com/en_us/investors.html,www.thehersheycompany.com,metadata_only,metadata_only_no_raw_download,false,false,false,false,true,,,,,,false,false,2,"Review source terms, robots policy, event identity, and storage/evaluation rights before any raw download.",sha256:b8f8221d3ed058123522260351d3468b23d035652d386eea6c4fa0f665137fb3
src_200962f933fb83510,t_2024_q4,T,AT&T Inc.,2024,Q4,transcript,official_ir,https://investors.att.com/,investors.att.com,metadata_only,metadata_only_no_raw_download,false,false,false,false,true,,,,,,false,false,1,"Review source terms, robots policy, event identity, and storage/evaluation rights before any raw download.",sha256:1c303cd690f5fe2b6eedcd30de7a89c681001f8ce3facb34486ce00e59012927
src_d6ed148d33110e90f,t_2024_q4,T,AT&T Inc.,2024,Q4,audio,official_ir,https://investors.att.com/,investors.att.com,metadata_only,metadata_only_no_raw_download,false,false,false,false,true,,,,,,false,false,2,"Review source terms, robots policy, event identity, and storage/evaluation rights before any raw download.",sha256:e7868275e7289662fd6ec9f2d62783e59c7e43e22cdb2149bd5505c5674a30dc
src_a8a9f3e5c100a1e66,vz_2024_q4,VZ,Verizon Communications Inc.,2024,Q4,transcript,official_ir,https://www.verizon.com/about/investors,www.verizon.com,metadata_only,metadata_only_no_raw_download,false,false,false,false,true,,,,,,false,false,1,"Review source terms, robots policy, event identity, and storage/evaluation rights before any raw download.",sha256:3f55c7a8ea8106bdf8d4272da75dbdd327b12f048e9e50fa16ad2baa575678da
src_d842024947fc8341c,vz_2024_q4,VZ,Verizon Communications Inc.,2024,Q4,audio,official_ir,https://www.verizon.com/about/investors,www.verizon.com,metadata_only,metadata_only_no_raw_download,false,false,false,false,true,,,,,,false,false,2,"Review source terms, robots policy, event identity, and storage/evaluation rights before any raw download.",sha256:13070b2303e64a131e9b3323426af054c997d3fd7f66ebbfff3959a24003a311
src_af79536bf557d80b2,ibm_2024_q4,IBM,International Business Machines Corporation,2024,Q4,transcript,official_ir,https://www.ibm.com/investor,www.ibm.com,metadata_only,metadata_only_no_raw_download,false,false,false,false,true,,,,,,false,false,1,"Review source terms, robots policy, event identity, and storage/evaluation rights before any raw download.",sha256:b0eeb118fecd8975f572f8f0e43d77b8e014ee04e6c204ea8998f6fcbce149ee
src_bf18273670e9b9ff4,ibm_2024_q4,IBM,International Business Machines Corporation,2024,Q4,audio,official_ir,https://www.ibm.com/investor,www.ibm.com,metadata_only,metadata_only_no_raw_download,false,false,false,false,true,,,,,,false,false,2,"Review source terms, robots policy, event identity, and storage/evaluation rights before any raw download.",sha256:b707f589a5f22c47b9a9ada6c5e0664cfdf9fc94407f65055f61c16053afe7ae
src_363bb6f4ebd416175,orcl_2024_q4,ORCL,Oracle Corporation,2024,Q4,transcript,official_ir,https://investor.oracle.com/,investor.oracle.com,metadata_only,metadata_only_no_raw_download,false,false,false,false,true,,,,,,false,false,1,"Review source terms, robots policy, event identity, and storage/evaluation rights before any raw download.",sha256:45351875daae5453e878327da101cc183a7eaa8552254a37d9521f7b226335b3
src_c39951a2da3b178db,orcl_2024_q4,ORCL,Oracle Corporation,2024,Q4,audio,official_ir,https://investor.oracle.com/,investor.oracle.com,metadata_only,metadata_only_no_raw_download,false,false,false,false,true,,,,,,false,false,2,"Review source terms, robots policy, event identity, and storage/evaluation rights before any raw download.",sha256:6de7428f514088c37409f1675e586a3ec5444bd6a2ea79637ac38422a0482f7f
src_8513cb72fee19c5db,crm_2024_q4,CRM,"Salesforce, Inc.",2024,Q4,transcript,official_ir,https://investor.salesforce.com/,investor.salesforce.com,metadata_only,metadata_only_no_raw_download,false,false,false,false,true,,,,,,false,false,1,"Review source terms, robots policy, event identity, and storage/evaluation rights before any raw download.",sha256:5ae75999415cf6d2c06a9ff860f8087510da3d482a62bc8df2c835203c8623ed
src_4390c68755639d636,crm_2024_q4,CRM,"Salesforce, Inc.",2024,Q4,audio,official_ir,https://investor.salesforce.com/,investor.salesforce.com,metadata_only,metadata_only_no_raw_download,false,false,false,false,true,,,,,,false,false,2,"Review source terms, robots policy, event identity, and storage/evaluation rights before any raw download.",sha256:624794101505d562f26ce1765e181ebd32e1763ee7245aad1312f0bf5c075a6c
src_9ce850ac733c87c77,now_2024_q4,NOW,"ServiceNow, Inc.",2024,Q4,transcript,official_ir,https://investors.servicenow.com/,investors.servicenow.com,metadata_only,metadata_only_no_raw_download,false,false,false,false,true,,,,,,false,false,1,"Review source terms, robots policy, event identity, and storage/evaluation rights before any raw download.",sha256:c242ad2de8a5aff125d02fa3417712008d38507bbf77653b313e7b2fdc8474dd
src_d9059f6845072bb46,now_2024_q4,NOW,"ServiceNow, Inc.",2024,Q4,audio,official_ir,https://investors.servicenow.com/,investors.servicenow.com,metadata_only,metadata_only_no_raw_download,false,false,false,false,true,,,,,,false,false,2,"Review source terms, robots policy, event identity, and storage/evaluation rights before any raw download.",sha256:b99f4041176a365d08dc8f95aef1b7eea1a2c4723da3bd569b240bc9b8670919
src_5b9a7c06edfe3fb10,acn_2024_q4,ACN,Accenture plc,2024,Q4,transcript,official_ir,https://investor.accenture.com/,investor.accenture.com,metadata_only,metadata_only_no_raw_download,false,false,false,false,true,,,,,,false,false,1,"Review source terms, robots policy, event identity, and storage/evaluation rights before any raw download.",sha256:5c828de5fee538cd30bca2716a3e24b97bdca904458d7315975aff429b2d3cf4
src_da1269c6b5a9e11c8,acn_2024_q4,ACN,Accenture plc,2024,Q4,audio,official_ir,https://investor.accenture.com/,investor.accenture.com,metadata_only,metadata_only_no_raw_download,false,false,false,false,true,,,,,,false,false,2,"Review source terms, robots policy, event identity, and storage/evaluation rights before any raw download.",sha256:c150a088d9bd1907f966a490a9a83215565c002596333a0f5cc07787a270f602
src_9f9613fcaf2478104,dell_2024_q4,DELL,Dell Technologies Inc.,2024,Q4,transcript,official_ir,https://investors.delltechnologies.com/,investors.delltechnologies.com,metadata_only,metadata_only_no_raw_download,false,false,false,false,true,,,,,,false,false,1,"Review source terms, robots policy, event identity, and storage/evaluation rights before any raw download.",sha256:a7e71183ee58ec6b66cff5f76ab871c75d75392ce3c5059afdc55921fcc84d53
src_e77fb9357f17d1919,dell_2024_q4,DELL,Dell Technologies Inc.,2024,Q4,audio,official_ir,https://investors.delltechnologies.com/,investors.delltechnologies.com,metadata_only,metadata_only_no_raw_download,false,false,false,false,true,,,,,,false,false,2,"Review source terms, robots policy, event identity, and storage/evaluation rights before any raw download.",sha256:03dd4687e3c764484c2734fdf3b3ac9ec5bccc2fcad1fd3c68d6fc49ff547fdc
src_0ce895fd90524df0d,hpq_2024_q4,HPQ,HP Inc.,2024,Q4,transcript,official_ir,https://investor.hp.com/,investor.hp.com,metadata_only,metadata_only_no_raw_download,false,false,false,false,true,,,,,,false,false,1,"Review source terms, robots policy, event identity, and storage/evaluation rights before any raw download.",sha256:13d0cb35acd515141cda45f3d9e4661052f37d23bc3310e81cc7208a030365c3
src_3f6ba12576c96e744,hpq_2024_q4,HPQ,HP Inc.,2024,Q4,audio,official_ir,https://investor.hp.com/,investor.hp.com,metadata_only,metadata_only_no_raw_download,false,false,false,false,true,,,,,,false,false,2,"Review source terms, robots policy, event identity, and storage/evaluation rights before any raw download.",sha256:b23875bbc8ae7516e89efd15e4d1cf095198604a55f05bd1391733882875e94d
src_b75275437e819e315,net_2024_q4,NET,"Cloudflare, Inc.",2024,Q4,transcript,official_ir,https://cloudflare.net/news-and-events/events-and-presentations,cloudflare.net,metadata_only,metadata_only_no_raw_download,false,false,false,false,true,,,,,,false,false,1,"Review source terms, robots policy, event identity, and storage/evaluation rights before any raw download.",sha256:d640bbe2135e4776335215d57016f2770db1dfecb75c9b8a22fadbf775d3738e
src_888832077c35d1ff1,net_2024_q4,NET,"Cloudflare, Inc.",2024,Q4,audio,official_ir,https://cloudflare.net/news-and-events/events-and-presentations,cloudflare.net,metadata_only,metadata_only_no_raw_download,false,false,false,false,true,,,,,,false,false,2,"Review source terms, robots policy, event identity, and storage/evaluation rights before any raw download.",sha256:08b99ffe5a06d11ca1dd258526271c47325cb10201a6814fff2aeaa653a4973c
src_54b07cf15ea0cde50,snow_2024_q4,SNOW,Snowflake Inc.,2024,Q4,transcript,official_ir,https://investors.snowflake.com/,investors.snowflake.com,metadata_only,metadata_only_no_raw_download,false,false,false,false,true,,,,,,false,false,1,"Review source terms, robots policy, event identity, and storage/evaluation rights before any raw download.",sha256:f6064aea062c6cfaec16536c8ec42bab503bc8aabc82587a112a6d441d580de7
src_c100220d760085a07,snow_2024_q4,SNOW,Snowflake Inc.,2024,Q4,audio,official_ir,https://investors.snowflake.com/,investors.snowflake.com,metadata_only,metadata_only_no_raw_download,false,false,false,false,true,,,,,,false,false,2,"Review source terms, robots policy, event identity, and storage/evaluation rights before any raw download.",sha256:4b420555bf6153d54266629551308ef213953f3ace4c7066178dcfea3c6a203b
src_ec5390b61cb4a9b79,jpm_2023_q4,JPM,JPMorgan Chase & Co.,2023,Q4,transcript,official_ir,https://www.jpmorganchase.com/ir,www.jpmorganchase.com,metadata_only,metadata_only_no_raw_download,false,false,false,false,true,,,,,,false,false,1,"Review source terms, robots policy, event identity, and storage/evaluation rights before any raw download.",sha256:1660db1e5f98ac0a8341bb83043b7ea3e7f4500411ba2708cc173536af9e7f87
src_8e499ac5443e016c0,jpm_2023_q4,JPM,JPMorgan Chase & Co.,2023,Q4,audio,official_ir,https://www.jpmorganchase.com/ir,www.jpmorganchase.com,metadata_only,metadata_only_no_raw_download,false,false,false,false,true,,,,,,false,false,2,"Review source terms, robots policy, event identity, and storage/evaluation rights before any raw download.",sha256:6412b98e57b54de532b4f817d96833fff2d8fb7f205da47cf34a1819f4994ef2
src_210ffdaa62e3a4b8f,bac_2023_q4,BAC,Bank of America Corporation,2023,Q4,transcript,official_ir,https://investor.bankofamerica.com/,investor.bankofamerica.com,metadata_only,metadata_only_no_raw_download,false,false,false,false,true,,,,,,false,false,1,"Review source terms, robots policy, event identity, and storage/evaluation rights before any raw download.",sha256:b64906e7dc1b742c2d63be47aba97081e8ac83412527f9a018b918027b1ef50c
src_9882b04afb57fa566,bac_2023_q4,BAC,Bank of America Corporation,2023,Q4,audio,official_ir,https://investor.bankofamerica.com/,investor.bankofamerica.com,metadata_only,metadata_only_no_raw_download,false,false,false,false,true,,,,,,false,false,2,"Review source terms, robots policy, event identity, and storage/evaluation rights before any raw download.",sha256:48a406ddace9bf7ee582faf454cd898039fd43729382c37d631c6f4b8ab9d7db
src_9778838a889ef7649,c_2023_q4,C,Citigroup Inc.,2023,Q4,transcript,official_ir,https://www.citigroup.com/global/investors,www.citigroup.com,metadata_only,metadata_only_no_raw_download,false,false,false,false,true,,,,,,false,false,1,"Review source terms, robots policy, event identity, and storage/evaluation rights before any raw download.",sha256:92868a23e1a68491b5a22b8e7e3d03442f566a973713e8205ee81f5dba841c75
src_386690eda62c38a57,c_2023_q4,C,Citigroup Inc.,2023,Q4,audio,official_ir,https://www.citigroup.com/global/investors,www.citigroup.com,metadata_only,metadata_only_no_raw_download,false,false,false,false,true,,,,,,false,false,2,"Review source terms, robots policy, event identity, and storage/evaluation rights before any raw download.",sha256:4f10e28f2e8689d98ab8c11970abc16882f995911a75d50fcd002674963bbab7
src_7586292fcf78e6db0,wfc_2023_q4,WFC,Wells Fargo & Company,2023,Q4,transcript,official_ir,https://www.wellsfargo.com/about/investor-relations/,www.wellsfargo.com,metadata_only,metadata_only_no_raw_download,false,false,false,false,true,,,,,,false,false,1,"Review source terms, robots policy, event identity, and storage/evaluation rights before any raw download.",sha256:35961beb589b8f3432670e008564d65d700f0b106dca5e98228984b06e5510e9
src_de877320eb503863b,wfc_2023_q4,WFC,Wells Fargo & Company,2023,Q4,audio,official_ir,https://www.wellsfargo.com/about/investor-relations/,www.wellsfargo.com,metadata_only,metadata_only_no_raw_download,false,false,false,false,true,,,,,,false,false,2,"Review source terms, robots policy, event identity, and storage/evaluation rights before any raw download.",sha256:c9730d95512fe4fc70fe278e342368c038ccdde7066d0e30edac10e411d41d8d
src_0af6323b9453ed704,gs_2023_q4,GS,"The Goldman Sachs Group, Inc.",2023,Q4,transcript,official_ir,https://www.goldmansachs.com/investor-relations/,www.goldmansachs.com,metadata_only,metadata_only_no_raw_download,false,false,false,false,true,,,,,,false,false,1,"Review source terms, robots policy, event identity, and storage/evaluation rights before any raw download.",sha256:9d1ede30f7c59ee0349f16d1fa08ee93791ef7f658416d21367533fc98e4b727
src_7d4f6730f27d82ff6,gs_2023_q4,GS,"The Goldman Sachs Group, Inc.",2023,Q4,audio,official_ir,https://www.goldmansachs.com/investor-relations/,www.goldmansachs.com,metadata_only,metadata_only_no_raw_download,false,false,false,false,true,,,,,,false,false,2,"Review source terms, robots policy, event identity, and storage/evaluation rights before any raw download.",sha256:579dd57fe11a2bd9b02837a7d7b3b2585f5f9b14c353a24fbd0842907c6ce961
src_4f870fb5c040c444d,ms_2023_q4,MS,Morgan Stanley,2023,Q4,transcript,official_ir,https://www.morganstanley.com/about-us-ir,www.morganstanley.com,metadata_only,metadata_only_no_raw_download,false,false,false,false,true,,,,,,false,false,1,"Review source terms, robots policy, event identity, and storage/evaluation rights before any raw download.",sha256:3ce68a2ed26705cede46bc63c795ad10dd1d92eb996e5acec07960b96843ce90
src_5eb6df28f4c2c3b5d,ms_2023_q4,MS,Morgan Stanley,2023,Q4,audio,official_ir,https://www.morganstanley.com/about-us-ir,www.morganstanley.com,metadata_only,metadata_only_no_raw_download,false,false,false,false,true,,,,,,false,false,2,"Review source terms, robots policy, event identity, and storage/evaluation rights before any raw download.",sha256:5b0cb390685fc572eefa8417524eacbcf83e2c627606fe4762c0efa7e2c90bc9
src_391a59ac2943f8b0f,bk_2023_q4,BK,The Bank of New York Mellon Corporation,2023,Q4,transcript,official_ir,https://www.bny.com/corporate/global/en/investor-relations.html,www.bny.com,metadata_only,metadata_only_no_raw_download,false,false,false,false,true,,,,,,false,false,1,"Review source terms, robots policy, event identity, and storage/evaluation rights before any raw download.",sha256:a33a1f61db085c63f3a682d2680ce1259f3b9977c79ea430a52b3d47860d4575
src_3744f9c228bc11570,bk_2023_q4,BK,The Bank of New York Mellon Corporation,2023,Q4,audio,official_ir,https://www.bny.com/corporate/global/en/investor-relations.html,www.bny.com,metadata_only,metadata_only_no_raw_download,false,false,false,false,true,,,,,,false,false,2,"Review source terms, robots policy, event identity, and storage/evaluation rights before any raw download.",sha256:b21b8625e99d82bf2e4da55e80c7ad16b204b3b4c0076bc3b9c21ef09e74f182
src_58fa63b5ce3e00aa9,stt_2023_q4,STT,State Street Corporation,2023,Q4,transcript,official_ir,https://investors.statestreet.com/,investors.statestreet.com,metadata_only,metadata_only_no_raw_download,false,false,false,false,true,,,,,,false,false,1,"Review source terms, robots policy, event identity, and storage/evaluation rights before any raw download.",sha256:b881c8ee6a7bc65d7970cb83bea8e362dd3187936c07738c161dd1472dd8cfdf
src_29e3bbf7b1b717c91,stt_2023_q4,STT,State Street Corporation,2023,Q4,audio,official_ir,https://investors.statestreet.com/,investors.statestreet.com,metadata_only,metadata_only_no_raw_download,false,false,false,false,true,,,,,,false,false,2,"Review source terms, robots policy, event identity, and storage/evaluation rights before any raw download.",sha256:f134e96a50e202704f08a8992bcd45e0f064cba1667fb1d39f84086d42612f85
src_8524f3b2c4907b5a3,usb_2023_q4,USB,U.S. Bancorp,2023,Q4,transcript,official_ir,https://ir.usbank.com/,ir.usbank.com,metadata_only,metadata_only_no_raw_download,false,false,false,false,true,,,,,,false,false,1,"Review source terms, robots policy, event identity, and storage/evaluation rights before any raw download.",sha256:6b0737cdb8ef5777d721fec619558ad94a6132bf6a2a8f4c06906cf60f30debb
src_fd795c7d663c3484a,usb_2023_q4,USB,U.S. Bancorp,2023,Q4,audio,official_ir,https://ir.usbank.com/,ir.usbank.com,metadata_only,metadata_only_no_raw_download,false,false,false,false,true,,,,,,false,false,2,"Review source terms, robots policy, event identity, and storage/evaluation rights before any raw download.",sha256:cfd8c54ce1a59f516401f4db0df5f6bba6cdac917bd83029ff94ee6ef719ebf2
src_d7755f1e22b1e66b0,pnc_2023_q4,PNC,"The PNC Financial Services Group, Inc.",2023,Q4,transcript,official_ir,https://investor.pnc.com/,investor.pnc.com,metadata_only,metadata_only_no_raw_download,false,false,false,false,true,,,,,,false,false,1,"Review source terms, robots policy, event identity, and storage/evaluation rights before any raw download.",sha256:7aaef98f3f9674fd392a722cdb87217643d52e0aec849a0500591e34cb8fe7a2
src_0fb9ee6776c2558bc,pnc_2023_q4,PNC,"The PNC Financial Services Group, Inc.",2023,Q4,audio,official_ir,https://investor.pnc.com/,investor.pnc.com,metadata_only,metadata_only_no_raw_download,false,false,false,false,true,,,,,,false,false,2,"Review source terms, robots policy, event identity, and storage/evaluation rights before any raw download.",sha256:382ffa24c421f0e91cbc87b3493d952906e7d1f1ae1947c848dd452abc4b5b2c
src_c13c1cb4f5231c70f,tfc_2023_q4,TFC,Truist Financial Corporation,2023,Q4,transcript,official_ir,https://ir.truist.com/,ir.truist.com,metadata_only,metadata_only_no_raw_download,false,false,false,false,true,,,,,,false,false,1,"Review source terms, robots policy, event identity, and storage/evaluation rights before any raw download.",sha256:a2a1d899d663dd8799422f3a9be86450cdbe66c7ee3a5694104cccc4f65b04b2
src_f4514129312868081,tfc_2023_q4,TFC,Truist Financial Corporation,2023,Q4,audio,official_ir,https://ir.truist.com/,ir.truist.com,metadata_only,metadata_only_no_raw_download,false,false,false,false,true,,,,,,false,false,2,"Review source terms, robots policy, event identity, and storage/evaluation rights before any raw download.",sha256:69e3ea1beaacaf22771d510483f23712e253d4617387fef08a92432e73171820
src_d8392994b232e145c,cof_2023_q4,COF,Capital One Financial Corporation,2023,Q4,transcript,official_ir,https://investor.capitalone.com/,investor.capitalone.com,metadata_only,metadata_only_no_raw_download,false,false,false,false,true,,,,,,false,false,1,"Review source terms, robots policy, event identity, and storage/evaluation rights before any raw download.",sha256:1dc43a8b10cbba8fd36d8cd3a477addf4768bce82e666b531305b4621b2a0b3e
src_8c98af7be52a4da36,cof_2023_q4,COF,Capital One Financial Corporation,2023,Q4,audio,official_ir,https://investor.capitalone.com/,investor.capitalone.com,metadata_only,metadata_only_no_raw_download,false,false,false,false,true,,,,,,false,false,2,"Review source terms, robots policy, event identity, and storage/evaluation rights before any raw download.",sha256:7aec7cc84a832eef01378963e2210e870f8e671d99acd4616e59dea84d358157
src_47af6db2a5d1de57f,axp_2023_q4,AXP,American Express Company,2023,Q4,transcript,official_ir,https://ir.americanexpress.com/,ir.americanexpress.com,metadata_only,metadata_only_no_raw_download,false,false,false,false,true,,,,,,false,false,1,"Review source terms, robots policy, event identity, and storage/evaluation rights before any raw download.",sha256:b255062c2380aaa3a4ab87cdaeaa94e30e6a5777f2677f64ba2590a74419382e
src_e1f9b4354b0be4b9d,axp_2023_q4,AXP,American Express Company,2023,Q4,audio,official_ir,https://ir.americanexpress.com/,ir.americanexpress.com,metadata_only,metadata_only_no_raw_download,false,false,false,false,true,,,,,,false,false,2,"Review source terms, robots policy, event identity, and storage/evaluation rights before any raw download.",sha256:9c50f571003ea1576dcbf2a254789ed61e067fad9140e91d19af284e2236e932
src_41ff12462f9d576ab,v_2023_q4,V,Visa Inc.,2023,Q4,transcript,official_ir,https://investor.visa.com/,investor.visa.com,metadata_only,metadata_only_no_raw_download,false,false,false,false,true,,,,,,false,false,1,"Review source terms, robots policy, event identity, and storage/evaluation rights before any raw download.",sha256:b2269546da74c25ff108bc69194dd455d84669acfd14c7eb86f7e358e259bb41
src_81b72d11b1f8fb87b,v_2023_q4,V,Visa Inc.,2023,Q4,audio,official_ir,https://investor.visa.com/,investor.visa.com,metadata_only,metadata_only_no_raw_download,false,false,false,false,true,,,,,,false,false,2,"Review source terms, robots policy, event identity, and storage/evaluation rights before any raw download.",sha256:3e4d1c84f102f19546b7c5f6c9b84d703ff6e5c04b13cc9d151e18c0a8e81187
src_451106596499ec515,ma_2023_q4,MA,Mastercard Incorporated,2023,Q4,transcript,official_ir,https://investor.mastercard.com/,investor.mastercard.com,metadata_only,metadata_only_no_raw_download,false,false,false,false,true,,,,,,false,false,1,"Review source terms, robots policy, event identity, and storage/evaluation rights before any raw download.",sha256:4547657290eecd437f88b90ee37c864fb800423ada8ddd01403c8698cc1c27c0
src_e706b02c05f37f4d2,ma_2023_q4,MA,Mastercard Incorporated,2023,Q4,audio,official_ir,https://investor.mastercard.com/,investor.mastercard.com,metadata_only,metadata_only_no_raw_download,false,false,false,false,true,,,,,,false,false,2,"Review source terms, robots policy, event identity, and storage/evaluation rights before any raw download.",sha256:92bae6b617353812c77039a5f504289121a276ea44b31e92e25492f930e3cd52
src_3281cbda78d71bf7f,fis_2023_q4,FIS,"Fidelity National Information Services, Inc.",2023,Q4,transcript,official_ir,https://investor.fisglobal.com/,investor.fisglobal.com,metadata_only,metadata_only_no_raw_download,false,false,false,false,true,,,,,,false,false,1,"Review source terms, robots policy, event identity, and storage/evaluation rights before any raw download.",sha256:35555e3ab9e57504704a9d9d30a54bbd3d0ddaff8b8c73221e2d48cb5f24bf83
src_179d35630e45c1bbc,fis_2023_q4,FIS,"Fidelity National Information Services, Inc.",2023,Q4,audio,official_ir,https://investor.fisglobal.com/,investor.fisglobal.com,metadata_only,metadata_only_no_raw_download,false,false,false,false,true,,,,,,false,false,2,"Review source terms, robots policy, event identity, and storage/evaluation rights before any raw download.",sha256:80a44fd25e1cc1f87c740562c8928b48c1c3aa8e9e29966a1079013bf3201c41
src_6ff407d04ee66c784,gpn_2023_q4,GPN,Global Payments Inc.,2023,Q4,transcript,official_ir,https://investors.globalpayments.com/,investors.globalpayments.com,metadata_only,metadata_only_no_raw_download,false,false,false,false,true,,,,,,false,false,1,"Review source terms, robots policy, event identity, and storage/evaluation rights before any raw download.",sha256:3d8be65742e2bc1176dfd8b347c6e3c46ffd90ee34b00df7b15dabf096940856
src_d1f26b06fcbd610c4,gpn_2023_q4,GPN,Global Payments Inc.,2023,Q4,audio,official_ir,https://investors.globalpayments.com/,investors.globalpayments.com,metadata_only,metadata_only_no_raw_download,false,false,false,false,true,,,,,,false,false,2,"Review source terms, robots policy, event identity, and storage/evaluation rights before any raw download.",sha256:fb84a606af5f8b9eb6a0ac85f5da1ec70a76fac17ff4a8cd23cdda26031aedb5
src_c706ac55ead57913f,blk_2023_q4,BLK,"BlackRock, Inc.",2023,Q4,transcript,official_ir,https://ir.blackrock.com/,ir.blackrock.com,metadata_only,metadata_only_no_raw_download,false,false,false,false,true,,,,,,false,false,1,"Review source terms, robots policy, event identity, and storage/evaluation rights before any raw download.",sha256:5bb4ce6b92ab91df9b52098191dcd4e585af20485e07284405e74138c46f669b
src_6db3694eebe60568f,blk_2023_q4,BLK,"BlackRock, Inc.",2023,Q4,audio,official_ir,https://ir.blackrock.com/,ir.blackrock.com,metadata_only,metadata_only_no_raw_download,false,false,false,false,true,,,,,,false,false,2,"Review source terms, robots policy, event identity, and storage/evaluation rights before any raw download.",sha256:98fd4547d47cb76c31c770b234312d8a8720bddf18a59d4eb4215d7b0af0514e
src_23f70c2b44a48a2f2,bx_2023_q4,BX,Blackstone Inc.,2023,Q4,transcript,official_ir,https://ir.blackstone.com/,ir.blackstone.com,metadata_only,metadata_only_no_raw_download,false,false,false,false,true,,,,,,false,false,1,"Review source terms, robots policy, event identity, and storage/evaluation rights before any raw download.",sha256:c1b23388aec73381005449c7087af4fcf5a0fcc57383a171c08c4fce3d01c710
src_0b25d9eaca10ccb7f,bx_2023_q4,BX,Blackstone Inc.,2023,Q4,audio,official_ir,https://ir.blackstone.com/,ir.blackstone.com,metadata_only,metadata_only_no_raw_download,false,false,false,false,true,,,,,,false,false,2,"Review source terms, robots policy, event identity, and storage/evaluation rights before any raw download.",sha256:8d0f6fdbe53dfaa396037195aeadd12e7b42c66548c053e20f6c5acf6bfc5209
src_5adbf76d31e03e835,schw_2023_q4,SCHW,The Charles Schwab Corporation,2023,Q4,transcript,official_ir,https://www.aboutschwab.com/investor-relations,www.aboutschwab.com,metadata_only,metadata_only_no_raw_download,false,false,false,false,true,,,,,,false,false,1,"Review source terms, robots policy, event identity, and storage/evaluation rights before any raw download.",sha256:ffc13ef86454a327d3639c887bbf6af20bd60c348fb064954592aeefc9d92009
src_ce4dd6249ca82f7e9,schw_2023_q4,SCHW,The Charles Schwab Corporation,2023,Q4,audio,official_ir,https://www.aboutschwab.com/investor-relations,www.aboutschwab.com,metadata_only,metadata_only_no_raw_download,false,false,false,false,true,,,,,,false,false,2,"Review source terms, robots policy, event identity, and storage/evaluation rights before any raw download.",sha256:5c2d85013381c17b42ab07ce38ebfdf679bcf75c295898c5579ba9541c7a8d1d
src_d96de502207c0f73b,ice_2023_q4,ICE,"Intercontinental Exchange, Inc.",2023,Q4,transcript,official_ir,https://ir.theice.com/,ir.theice.com,metadata_only,metadata_only_no_raw_download,false,false,false,false,true,,,,,,false,false,1,"Review source terms, robots policy, event identity, and storage/evaluation rights before any raw download.",sha256:9fbb26e67b544daca63a516ae266bf0749975cb01d9f4484672c53d18118e688
src_0a018a9b4840674f2,ice_2023_q4,ICE,"Intercontinental Exchange, Inc.",2023,Q4,audio,official_ir,https://ir.theice.com/,ir.theice.com,metadata_only,metadata_only_no_raw_download,false,false,false,false,true,,,,,,false,false,2,"Review source terms, robots policy, event identity, and storage/evaluation rights before any raw download.",sha256:3a2c404595c8698a921883fb4a3cc6dc61fcf680cefbb2ca8ec56dfa251b590f
src_92c8491dbdc771629,spgi_2023_q4,SPGI,S&P Global Inc.,2023,Q4,transcript,official_ir,https://investor.spglobal.com/,investor.spglobal.com,metadata_only,metadata_only_no_raw_download,false,false,false,false,true,,,,,,false,false,1,"Review source terms, robots policy, event identity, and storage/evaluation rights before any raw download.",sha256:6eb30358ee49e6c021c57b519268f1512380362a8a49a4b6e11d20baca51bba1
src_07a7c62042982b31c,spgi_2023_q4,SPGI,S&P Global Inc.,2023,Q4,audio,official_ir,https://investor.spglobal.com/,investor.spglobal.com,metadata_only,metadata_only_no_raw_download,false,false,false,false,true,,,,,,false,false,2,"Review source terms, robots policy, event identity, and storage/evaluation rights before any raw download.",sha256:43537b68a221d22dfc063592646542c50141585a09ca81d7c769269402e5fd6c
src_37fe698b94b28d379,mco_2023_q4,MCO,Moody's Corporation,2023,Q4,transcript,official_ir,https://ir.moodys.com/,ir.moodys.com,metadata_only,metadata_only_no_raw_download,false,false,false,false,true,,,,,,false,false,1,"Review source terms, robots policy, event identity, and storage/evaluation rights before any raw download.",sha256:a598b3c45d1dd0b7b80b4d877e651ce061671e23c286146d1cf486290afc95d1
src_4288c22882b4228b1,mco_2023_q4,MCO,Moody's Corporation,2023,Q4,audio,official_ir,https://ir.moodys.com/,ir.moodys.com,metadata_only,metadata_only_no_raw_download,false,false,false,false,true,,,,,,false,false,2,"Review source terms, robots policy, event identity, and storage/evaluation rights before any raw download.",sha256:4548fb309c773433be4ed5edac72d63ac89291dd5a4142d0bbedf36fc70259f7
src_c899a00f9db9ba923,aon_2023_q4,AON,Aon plc,2023,Q4,transcript,official_ir,https://investors.aon.com/,investors.aon.com,metadata_only,metadata_only_no_raw_download,false,false,false,false,true,,,,,,false,false,1,"Review source terms, robots policy, event identity, and storage/evaluation rights before any raw download.",sha256:4f6164489b8ff2975e6fd2028ebc77a3896c1644831682b968fd6da631e970b1
src_954af7698d74f70e1,aon_2023_q4,AON,Aon plc,2023,Q4,audio,official_ir,https://investors.aon.com/,investors.aon.com,metadata_only,metadata_only_no_raw_download,false,false,false,false,true,,,,,,false,false,2,"Review source terms, robots policy, event identity, and storage/evaluation rights before any raw download.",sha256:61d0aed3976ae7fbde62172fe2022ddb793f497f3fcdb10df2ab2c6ff1d5e644
src_750df9aa85a4baf42,aig_2023_q4,AIG,"American International Group, Inc.",2023,Q4,transcript,official_ir,https://www.aig.com/investor-relations,www.aig.com,metadata_only,metadata_only_no_raw_download,false,false,false,false,true,,,,,,false,false,1,"Review source terms, robots policy, event identity, and storage/evaluation rights before any raw download.",sha256:f12233dea453095062008084e0814c074ec20eda216eb9ec325a6e5c0a0398bf
src_1bf7db2256d765b07,aig_2023_q4,AIG,"American International Group, Inc.",2023,Q4,audio,official_ir,https://www.aig.com/investor-relations,www.aig.com,metadata_only,metadata_only_no_raw_download,false,false,false,false,true,,,,,,false,false,2,"Review source terms, robots policy, event identity, and storage/evaluation rights before any raw download.",sha256:0aeee37c7538677e6c6a13241e360952d2e83a1f0f4d2b6c1eb3664032fe4f55
src_0e8f2f66c88bed19e,met_2023_q4,MET,"MetLife, Inc.",2023,Q4,transcript,official_ir,https://investor.metlife.com/,investor.metlife.com,metadata_only,metadata_only_no_raw_download,false,false,false,false,true,,,,,,false,false,1,"Review source terms, robots policy, event identity, and storage/evaluation rights before any raw download.",sha256:a5a7827da490d67ccf1f8f1b8d83887d0eeb37cde174e73ea2f9a9fd8319db1c
src_638787103cb863349,met_2023_q4,MET,"MetLife, Inc.",2023,Q4,audio,official_ir,https://investor.metlife.com/,investor.metlife.com,metadata_only,metadata_only_no_raw_download,false,false,false,false,true,,,,,,false,false,2,"Review source terms, robots policy, event identity, and storage/evaluation rights before any raw download.",sha256:54bdfc244369b92c34357ced57ab2ee1135728b2c9cbab6d0a4472c2ec44970f
src_ef523275793d9f8f3,pru_2023_q4,PRU,"Prudential Financial, Inc.",2023,Q4,transcript,official_ir,https://www.investor.prudential.com/,www.investor.prudential.com,metadata_only,metadata_only_no_raw_download,false,false,false,false,true,,,,,,false,false,1,"Review source terms, robots policy, event identity, and storage/evaluation rights before any raw download.",sha256:ba13de29fc0515b8f52520b7659717b8bd15d787b058c0a8bc7da014abbda8be
src_8d5f93fb1892cc4b8,pru_2023_q4,PRU,"Prudential Financial, Inc.",2023,Q4,audio,official_ir,https://www.investor.prudential.com/,www.investor.prudential.com,metadata_only,metadata_only_no_raw_download,false,false,false,false,true,,,,,,false,false,2,"Review source terms, robots policy, event identity, and storage/evaluation rights before any raw download.",sha256:1431ed5c2804ee22e42a97ef079318370b8f98f289464f6e707fc095dd41134a
src_85a94e9a47ecf8f5c,trv_2023_q4,TRV,"The Travelers Companies, Inc.",2023,Q4,transcript,official_ir,https://investor.travelers.com/,investor.travelers.com,metadata_only,metadata_only_no_raw_download,false,false,false,false,true,,,,,,false,false,1,"Review source terms, robots policy, event identity, and storage/evaluation rights before any raw download.",sha256:5425651a29ed01839663883cbc4aaa5686d86b8576474e1bf2d56d2f3af629e4
src_2d7b22c6fc72910b2,trv_2023_q4,TRV,"The Travelers Companies, Inc.",2023,Q4,audio,official_ir,https://investor.travelers.com/,investor.travelers.com,metadata_only,metadata_only_no_raw_download,false,false,false,false,true,,,,,,false,false,2,"Review source terms, robots policy, event identity, and storage/evaluation rights before any raw download.",sha256:8f39591f078ca84839d597b5302c7c94546d51daf5f9f9298298293f58bf1faa
src_6224a9dcb4192b421,cb_2023_q4,CB,Chubb Limited,2023,Q4,transcript,official_ir,https://investors.chubb.com/,investors.chubb.com,metadata_only,metadata_only_no_raw_download,false,false,false,false,true,,,,,,false,false,1,"Review source terms, robots policy, event identity, and storage/evaluation rights before any raw download.",sha256:67518ddc732cec8c341fe0b0eba1673ff946fe257db061e99022289c10b7cddb
src_2d399063c29c9568d,cb_2023_q4,CB,Chubb Limited,2023,Q4,audio,official_ir,https://investors.chubb.com/,investors.chubb.com,metadata_only,metadata_only_no_raw_download,false,false,false,false,true,,,,,,false,false,2,"Review source terms, robots policy, event identity, and storage/evaluation rights before any raw download.",sha256:e579b2a0f760dc54bb5eb58c88deec472c5d7f1ec2867c07ea7e0dfd4e3c498c
src_171451260e34f8845,jnj_2023_q4,JNJ,Johnson & Johnson,2023,Q4,transcript,official_ir,https://www.investor.jnj.com/,www.investor.jnj.com,metadata_only,metadata_only_no_raw_download,false,false,false,false,true,,,,,,false,false,1,"Review source terms, robots policy, event identity, and storage/evaluation rights before any raw download.",sha256:2310f4051846f6998d6d3007806bbc8d7c9b52c0cf8d87ffd5d3251a45dcb054
src_531bed95f73213676,jnj_2023_q4,JNJ,Johnson & Johnson,2023,Q4,audio,official_ir,https://www.investor.jnj.com/,www.investor.jnj.com,metadata_only,metadata_only_no_raw_download,false,false,false,false,true,,,,,,false,false,2,"Review source terms, robots policy, event identity, and storage/evaluation rights before any raw download.",sha256:1b338a56bbff199b9271e8e53461d1847b65342d46ff301ad4f104b4264364c7
src_22b8268226d870439,lly_2023_q4,LLY,Eli Lilly and Company,2023,Q4,transcript,official_ir,https://investor.lilly.com/,investor.lilly.com,metadata_only,metadata_only_no_raw_download,false,false,false,false,true,,,,,,false,false,1,"Review source terms, robots policy, event identity, and storage/evaluation rights before any raw download.",sha256:3d4abe4a7accb4fc5548107bbef5c0729a8f49e32f96b3ab74133064cca5385d
src_c32c89a5814d0ce96,lly_2023_q4,LLY,Eli Lilly and Company,2023,Q4,audio,official_ir,https://investor.lilly.com/,investor.lilly.com,metadata_only,metadata_only_no_raw_download,false,false,false,false,true,,,,,,false,false,2,"Review source terms, robots policy, event identity, and storage/evaluation rights before any raw download.",sha256:51afee9b3b50e8fec4c76cc92da0af772d4cb2bc6f0be2661a08ff905607d15a
src_29c234b3cab5b81d1,mrk_2023_q4,MRK,"Merck & Co., Inc.",2023,Q4,transcript,official_ir,https://www.merck.com/investor-relations/,www.merck.com,metadata_only,metadata_only_no_raw_download,false,false,false,false,true,,,,,,false,false,1,"Review source terms, robots policy, event identity, and storage/evaluation rights before any raw download.",sha256:768d7ff80d592187c09fe364a16aae0be7537a03d3dc03ba1715458bf0f6b2f3
src_26875b8dfff62a8c2,mrk_2023_q4,MRK,"Merck & Co., Inc.",2023,Q4,audio,official_ir,https://www.merck.com/investor-relations/,www.merck.com,metadata_only,metadata_only_no_raw_download,false,false,false,false,true,,,,,,false,false,2,"Review source terms, robots policy, event identity, and storage/evaluation rights before any raw download.",sha256:318a45d0a694451586fc52e6fd47eb2e72d186f1a28ffdc4e864afed56346a76
src_a5f0047c773caae33,pfe_2023_q4,PFE,Pfizer Inc.,2023,Q4,transcript,official_ir,https://investors.pfizer.com/,investors.pfizer.com,metadata_only,metadata_only_no_raw_download,false,false,false,false,true,,,,,,false,false,1,"Review source terms, robots policy, event identity, and storage/evaluation rights before any raw download.",sha256:2f473822b9cccce7415e82cfa2532799139ca648c90229c3d98c9509abe577e1
src_a07ac1b30c95b7f37,pfe_2023_q4,PFE,Pfizer Inc.,2023,Q4,audio,official_ir,https://investors.pfizer.com/,investors.pfizer.com,metadata_only,metadata_only_no_raw_download,false,false,false,false,true,,,,,,false,false,2,"Review source terms, robots policy, event identity, and storage/evaluation rights before any raw download.",sha256:a5b9e3cb98a491310288431e9d29fe0587bdf879dfb99f75274ebb80a2a8da6b
src_0d7396ce6335899fd,unh_2023_q4,UNH,UnitedHealth Group Incorporated,2023,Q4,transcript,official_ir,https://www.unitedhealthgroup.com/investors.html,www.unitedhealthgroup.com,metadata_only,metadata_only_no_raw_download,false,false,false,false,true,,,,,,false,false,1,"Review source terms, robots policy, event identity, and storage/evaluation rights before any raw download.",sha256:831d65589c3bdc7324589d46627d746cc03287866f6aaf525c2ba9e750a79393
src_8a8a4c49beee676ea,unh_2023_q4,UNH,UnitedHealth Group Incorporated,2023,Q4,audio,official_ir,https://www.unitedhealthgroup.com/investors.html,www.unitedhealthgroup.com,metadata_only,metadata_only_no_raw_download,false,false,false,false,true,,,,,,false,false,2,"Review source terms, robots policy, event identity, and storage/evaluation rights before any raw download.",sha256:6aaaa260cf044bb9bf717f971fc22a578832ba031b976824398bf9bea93ed8d5
src_0a074e72242f35721,cvs_2023_q4,CVS,CVS Health Corporation,2023,Q4,transcript,official_ir,https://investors.cvshealth.com/,investors.cvshealth.com,metadata_only,metadata_only_no_raw_download,false,false,false,false,true,,,,,,false,false,1,"Review source terms, robots policy, event identity, and storage/evaluation rights before any raw download.",sha256:5114ccfbcbdf21336e2b812b12535efd758130d8f0b12061613f7c4f787e7c65
src_cfc75c42e060ee11a,cvs_2023_q4,CVS,CVS Health Corporation,2023,Q4,audio,official_ir,https://investors.cvshealth.com/,investors.cvshealth.com,metadata_only,metadata_only_no_raw_download,false,false,false,false,true,,,,,,false,false,2,"Review source terms, robots policy, event identity, and storage/evaluation rights before any raw download.",sha256:2969b95b7bd2f7176c4da2e511e5655242e87256b66e945bcff7ad14d1f35e12
src_4891413daf6e9d365,abt_2023_q4,ABT,Abbott Laboratories,2023,Q4,transcript,official_ir,https://www.abbottinvestor.com/,www.abbottinvestor.com,metadata_only,metadata_only_no_raw_download,false,false,false,false,true,,,,,,false,false,1,"Review source terms, robots policy, event identity, and storage/evaluation rights before any raw download.",sha256:0096f8465a5dc7ddb9e0d31cb58e07b33a0dbe0de57012a3abe8f7669b41ec6c
src_70b13f64ee5be8324,abt_2023_q4,ABT,Abbott Laboratories,2023,Q4,audio,official_ir,https://www.abbottinvestor.com/,www.abbottinvestor.com,metadata_only,metadata_only_no_raw_download,false,false,false,false,true,,,,,,false,false,2,"Review source terms, robots policy, event identity, and storage/evaluation rights before any raw download.",sha256:21ff0b767ff532395fcab16913b194916a181364c314fa741f8a33e8203b6d4b
src_e488316649ea1fb7e,bmy_2023_q4,BMY,Bristol Myers Squibb Company,2023,Q4,transcript,official_ir,https://investors.bms.com/,investors.bms.com,metadata_only,metadata_only_no_raw_download,false,false,false,false,true,,,,,,false,false,1,"Review source terms, robots policy, event identity, and storage/evaluation rights before any raw download.",sha256:c83d80d23ff7dfcded2902e3ab6c6c36bd12a748a5a670a8e50d11b4cf4a9d82
src_675eccacbf3c986f7,bmy_2023_q4,BMY,Bristol Myers Squibb Company,2023,Q4,audio,official_ir,https://investors.bms.com/,investors.bms.com,metadata_only,metadata_only_no_raw_download,false,false,false,false,true,,,,,,false,false,2,"Review source terms, robots policy, event identity, and storage/evaluation rights before any raw download.",sha256:aadb77d642bb01d0e0d6e67cb00f0a5b47291f7d2c525715ffdd394e6fc526c0
src_9acb5ef5a66026a26,mdt_2023_q4,MDT,Medtronic plc,2023,Q4,transcript,official_ir,https://investorrelations.medtronic.com/,investorrelations.medtronic.com,metadata_only,metadata_only_no_raw_download,false,false,false,false,true,,,,,,false,false,1,"Review source terms, robots policy, event identity, and storage/evaluation rights before any raw download.",sha256:67a0e5182f504eb5d927cdbaa48c482f066081512f1b5a3089eb53e49f5ddbd4
src_adb735ccf7a87460c,mdt_2023_q4,MDT,Medtronic plc,2023,Q4,audio,official_ir,https://investorrelations.medtronic.com/,investorrelations.medtronic.com,metadata_only,metadata_only_no_raw_download,false,false,false,false,true,,,,,,false,false,2,"Review source terms, robots policy, event identity, and storage/evaluation rights before any raw download.",sha256:14a9129bf3ca20a39321885fd15a2650ae459bb346eed558806ce3afb07e0bb2
src_890dc17f2151116a5,tmo_2023_q4,TMO,Thermo Fisher Scientific Inc.,2023,Q4,transcript,official_ir,https://ir.thermofisher.com/,ir.thermofisher.com,metadata_only,metadata_only_no_raw_download,false,false,false,false,true,,,,,,false,false,1,"Review source terms, robots policy, event identity, and storage/evaluation rights before any raw download.",sha256:75e8df3cfbef8786edaedbb5e48f33b1890bf32e537aac8093f78600872be1f8
src_03953c52d229add51,tmo_2023_q4,TMO,Thermo Fisher Scientific Inc.,2023,Q4,audio,official_ir,https://ir.thermofisher.com/,ir.thermofisher.com,metadata_only,metadata_only_no_raw_download,false,false,false,false,true,,,,,,false,false,2,"Review source terms, robots policy, event identity, and storage/evaluation rights before any raw download.",sha256:c13ef95a640673d818e83217b8759a93f6469f695f77bf4d9a5ad15e8ace5571
src_0ed34e53a2d9f95a7,dhr_2023_q4,DHR,Danaher Corporation,2023,Q4,transcript,official_ir,https://investors.danaher.com/,investors.danaher.com,metadata_only,metadata_only_no_raw_download,false,false,false,false,true,,,,,,false,false,1,"Review source terms, robots policy, event identity, and storage/evaluation rights before any raw download.",sha256:2a02663782d7dd336c37c784a20905f016efef431b9fef2eb2b34673beeccb75
src_0ae9e20396c95b064,dhr_2023_q4,DHR,Danaher Corporation,2023,Q4,audio,official_ir,https://investors.danaher.com/,investors.danaher.com,metadata_only,metadata_only_no_raw_download,false,false,false,false,true,,,,,,false,false,2,"Review source terms, robots policy, event identity, and storage/evaluation rights before any raw download.",sha256:8ae072abb4213bbf31038596f8ed7e251917a576a031bd794e3ed3e1cffe77ae
src_564397cea042eeeb1,bdx_2023_q4,BDX,"Becton, Dickinson and Company",2023,Q4,transcript,official_ir,https://investors.bd.com/,investors.bd.com,metadata_only,metadata_only_no_raw_download,false,false,false,false,true,,,,,,false,false,1,"Review source terms, robots policy, event identity, and storage/evaluation rights before any raw download.",sha256:e650e18a7c62dab3dbb1d730a8d889b253bc79559652f4a3fbbf97835a840082
src_b94122ee76dab9e34,bdx_2023_q4,BDX,"Becton, Dickinson and Company",2023,Q4,audio,official_ir,https://investors.bd.com/,investors.bd.com,metadata_only,metadata_only_no_raw_download,false,false,false,false,true,,,,,,false,false,2,"Review source terms, robots policy, event identity, and storage/evaluation rights before any raw download.",sha256:262d12a478cb4aba5e8077d47b65d56bc7586a44fea35853f83ffe868ab7682f
src_440477b298c199d97,ci_2023_q4,CI,The Cigna Group,2023,Q4,transcript,official_ir,https://investors.thecignagroup.com/,investors.thecignagroup.com,metadata_only,metadata_only_no_raw_download,false,false,false,false,true,,,,,,false,false,1,"Review source terms, robots policy, event identity, and storage/evaluation rights before any raw download.",sha256:0b708993d37b5df6827a0c43fe64065ab52cfd734e37d7044d752e0bf9d7924a
src_7aaf09a3971f616b2,ci_2023_q4,CI,The Cigna Group,2023,Q4,audio,official_ir,https://investors.thecignagroup.com/,investors.thecignagroup.com,metadata_only,metadata_only_no_raw_download,false,false,false,false,true,,,,,,false,false,2,"Review source terms, robots policy, event identity, and storage/evaluation rights before any raw download.",sha256:25f83bdc876120cae5c19d9209e9f28bf9ba9e18c861154fe975fa4cf3ebf11a
src_f24cabdda3634080f,hca_2023_q4,HCA,"HCA Healthcare, Inc.",2023,Q4,transcript,official_ir,https://investor.hcahealthcare.com/,investor.hcahealthcare.com,metadata_only,metadata_only_no_raw_download,false,false,false,false,true,,,,,,false,false,1,"Review source terms, robots policy, event identity, and storage/evaluation rights before any raw download.",sha256:77526d3464ef3d24ba9296790c78ad262712737f12d0c5a67a80c713adcd3d6a
src_e83599cfb8ece561b,hca_2023_q4,HCA,"HCA Healthcare, Inc.",2023,Q4,audio,official_ir,https://investor.hcahealthcare.com/,investor.hcahealthcare.com,metadata_only,metadata_only_no_raw_download,false,false,false,false,true,,,,,,false,false,2,"Review source terms, robots policy, event identity, and storage/evaluation rights before any raw download.",sha256:8bf1da55b0be2937dc6fdaf42c46977ea6f372dc89ca3ae58dd32e2246b3596c
src_a989a4ddd4dd3836a,syk_2023_q4,SYK,Stryker Corporation,2023,Q4,transcript,official_ir,https://investors.stryker.com/,investors.stryker.com,metadata_only,metadata_only_no_raw_download,false,false,false,false,true,,,,,,false,false,1,"Review source terms, robots policy, event identity, and storage/evaluation rights before any raw download.",sha256:42fdac9471e7037c0e055acd6c2f0047ab5195d18ecd0451ddc1d7548a57be53
src_aed71859a433c44f3,syk_2023_q4,SYK,Stryker Corporation,2023,Q4,audio,official_ir,https://investors.stryker.com/,investors.stryker.com,metadata_only,metadata_only_no_raw_download,false,false,false,false,true,,,,,,false,false,2,"Review source terms, robots policy, event identity, and storage/evaluation rights before any raw download.",sha256:b22372eead416a471abafba0c945a6c7e5ff77011ac6b82ec1426621db2de893
src_de8748f0d430a3084,xom_2023_q4,XOM,Exxon Mobil Corporation,2023,Q4,transcript,official_ir,https://corporate.exxonmobil.com/investors,corporate.exxonmobil.com,metadata_only,metadata_only_no_raw_download,false,false,false,false,true,,,,,,false,false,1,"Review source terms, robots policy, event identity, and storage/evaluation rights before any raw download.",sha256:cec1c4671d615e2ef51cb95ae6009774d16e78befde4773c09a138541a67678e
src_8461e749d8596ece3,xom_2023_q4,XOM,Exxon Mobil Corporation,2023,Q4,audio,official_ir,https://corporate.exxonmobil.com/investors,corporate.exxonmobil.com,metadata_only,metadata_only_no_raw_download,false,false,false,false,true,,,,,,false,false,2,"Review source terms, robots policy, event identity, and storage/evaluation rights before any raw download.",sha256:adcd282e7a22a837fddc5291919c45667c4061e2d165ef3286b42f33b7f416b7
src_043976f36da944c4a,cvx_2023_q4,CVX,Chevron Corporation,2023,Q4,transcript,official_ir,https://www.chevron.com/investors,www.chevron.com,metadata_only,metadata_only_no_raw_download,false,false,false,false,true,,,,,,false,false,1,"Review source terms, robots policy, event identity, and storage/evaluation rights before any raw download.",sha256:8aa1306d6c2abf29158a68923cf651adfa389b33d75a572684df61b344bdf5d8
src_8873e46941ecbd516,cvx_2023_q4,CVX,Chevron Corporation,2023,Q4,audio,official_ir,https://www.chevron.com/investors,www.chevron.com,metadata_only,metadata_only_no_raw_download,false,false,false,false,true,,,,,,false,false,2,"Review source terms, robots policy, event identity, and storage/evaluation rights before any raw download.",sha256:1a7a6d7d61be21986adaaea7c13e818943b3ff339312ffb70a86b32f28beab61
src_8f5bcefbeb13c6eee,cop_2023_q4,COP,ConocoPhillips,2023,Q4,transcript,official_ir,https://www.conocophillips.com/investor-relations/,www.conocophillips.com,metadata_only,metadata_only_no_raw_download,false,false,false,false,true,,,,,,false,false,1,"Review source terms, robots policy, event identity, and storage/evaluation rights before any raw download.",sha256:c80753965f923f483834ce11adbb2a6d9a73ac45a96fb6874a81e6e438ba4106
src_9e871cea1dd6eba08,cop_2023_q4,COP,ConocoPhillips,2023,Q4,audio,official_ir,https://www.conocophillips.com/investor-relations/,www.conocophillips.com,metadata_only,metadata_only_no_raw_download,false,false,false,false,true,,,,,,false,false,2,"Review source terms, robots policy, event identity, and storage/evaluation rights before any raw download.",sha256:838107c39957daaae71d775f5b2815485348146ea1c9b0638fc87438e978998d
src_87a757b23f73626a6,slb_2023_q4,SLB,SLB,2023,Q4,transcript,official_ir,https://investorcenter.slb.com/,investorcenter.slb.com,metadata_only,metadata_only_no_raw_download,false,false,false,false,true,,,,,,false,false,1,"Review source terms, robots policy, event identity, and storage/evaluation rights before any raw download.",sha256:0b986fda59a26fcef7b168b7bb7a244fbbcbc6fd79bf3d2a2ca99531d9ee0aca
src_8712adff12585e8c8,slb_2023_q4,SLB,SLB,2023,Q4,audio,official_ir,https://investorcenter.slb.com/,investorcenter.slb.com,metadata_only,metadata_only_no_raw_download,false,false,false,false,true,,,,,,false,false,2,"Review source terms, robots policy, event identity, and storage/evaluation rights before any raw download.",sha256:c9a89c0dd54b830a13699e7a66624c5b727fe027d5be9f1ce97c4a093d654dc4
src_11c19eccf79677a81,hal_2023_q4,HAL,Halliburton Company,2023,Q4,transcript,official_ir,https://ir.halliburton.com/,ir.halliburton.com,metadata_only,metadata_only_no_raw_download,false,false,false,false,true,,,,,,false,false,1,"Review source terms, robots policy, event identity, and storage/evaluation rights before any raw download.",sha256:2e962e1fc6dbd8d4ee007555142b466d4c1ef02ab861fa4fd1aa13430afd135b
src_5d1794ae15b98d458,hal_2023_q4,HAL,Halliburton Company,2023,Q4,audio,official_ir,https://ir.halliburton.com/,ir.halliburton.com,metadata_only,metadata_only_no_raw_download,false,false,false,false,true,,,,,,false,false,2,"Review source terms, robots policy, event identity, and storage/evaluation rights before any raw download.",sha256:95a901a5c85b60b9c71aeb85be2f0ca5ce7512b4a2ecfc914a1439bcfbfd0eee
src_1ea47cfd0094b3866,eog_2023_q4,EOG,"EOG Resources, Inc.",2023,Q4,transcript,official_ir,https://investors.eogresources.com/,investors.eogresources.com,metadata_only,metadata_only_no_raw_download,false,false,false,false,true,,,,,,false,false,1,"Review source terms, robots policy, event identity, and storage/evaluation rights before any raw download.",sha256:c1477f0e557bacf15013d9319230fa3d38c2ed37980c62efb4cce10b79b253f3
src_0cc5cae215b473063,eog_2023_q4,EOG,"EOG Resources, Inc.",2023,Q4,audio,official_ir,https://investors.eogresources.com/,investors.eogresources.com,metadata_only,metadata_only_no_raw_download,false,false,false,false,true,,,,,,false,false,2,"Review source terms, robots policy, event identity, and storage/evaluation rights before any raw download.",sha256:d3b2896d47a51edbb0992b5686f5f232d84b3c66ee8b478d19d427177c69905c
src_5fec337240998650d,oxy_2023_q4,OXY,Occidental Petroleum Corporation,2023,Q4,transcript,official_ir,https://www.oxy.com/investors/,www.oxy.com,metadata_only,metadata_only_no_raw_download,false,false,false,false,true,,,,,,false,false,1,"Review source terms, robots policy, event identity, and storage/evaluation rights before any raw download.",sha256:0fb1c923feed512cc9b0364aa1da61625436718a21bbb913324ab904b4520aa4
src_e9bca59eaab1b09a9,oxy_2023_q4,OXY,Occidental Petroleum Corporation,2023,Q4,audio,official_ir,https://www.oxy.com/investors/,www.oxy.com,metadata_only,metadata_only_no_raw_download,false,false,false,false,true,,,,,,false,false,2,"Review source terms, robots policy, event identity, and storage/evaluation rights before any raw download.",sha256:74918a7a089722b86a8101dbc2eb4fef18132677c4547424a40a2ca4bda642fd
src_b36c084097e1ca5bf,mpc_2023_q4,MPC,Marathon Petroleum Corporation,2023,Q4,transcript,official_ir,https://www.marathonpetroleum.com/Investors/,www.marathonpetroleum.com,metadata_only,metadata_only_no_raw_download,false,false,false,false,true,,,,,,false,false,1,"Review source terms, robots policy, event identity, and storage/evaluation rights before any raw download.",sha256:43ade46ebc6db573f1625284af92fd8001ae059f38ac013d0f3e1227b7050077
src_5f94b3c338d32084a,mpc_2023_q4,MPC,Marathon Petroleum Corporation,2023,Q4,audio,official_ir,https://www.marathonpetroleum.com/Investors/,www.marathonpetroleum.com,metadata_only,metadata_only_no_raw_download,false,false,false,false,true,,,,,,false,false,2,"Review source terms, robots policy, event identity, and storage/evaluation rights before any raw download.",sha256:6569eabbcbfc7dabc610048a5c5a30957ba60e6dec2538f7b69e707f85fbb245
src_0e42d5f626f049199,psx_2023_q4,PSX,Phillips 66,2023,Q4,transcript,official_ir,https://investor.phillips66.com/,investor.phillips66.com,metadata_only,metadata_only_no_raw_download,false,false,false,false,true,,,,,,false,false,1,"Review source terms, robots policy, event identity, and storage/evaluation rights before any raw download.",sha256:3a973404a66f717abe13a3fc03f0012b7e8a9bca896c84cb7ec66a84e72ac9d5
src_64f13e303224528a3,psx_2023_q4,PSX,Phillips 66,2023,Q4,audio,official_ir,https://investor.phillips66.com/,investor.phillips66.com,metadata_only,metadata_only_no_raw_download,false,false,false,false,true,,,,,,false,false,2,"Review source terms, robots policy, event identity, and storage/evaluation rights before any raw download.",sha256:e49e646d32fc734ef9a858346027802ebb62182d1984c3e14854a40095bf6661
src_f29254ba000bdc3d4,vlo_2023_q4,VLO,Valero Energy Corporation,2023,Q4,transcript,official_ir,https://investorvalero.com/,investorvalero.com,metadata_only,metadata_only_no_raw_download,false,false,false,false,true,,,,,,false,false,1,"Review source terms, robots policy, event identity, and storage/evaluation rights before any raw download.",sha256:41891e496e27d7c5a273942ab4470db3693989bcd1eef5a5021b318c85c8d517
src_097b5217248de28d3,vlo_2023_q4,VLO,Valero Energy Corporation,2023,Q4,audio,official_ir,https://investorvalero.com/,investorvalero.com,metadata_only,metadata_only_no_raw_download,false,false,false,false,true,,,,,,false,false,2,"Review source terms, robots policy, event identity, and storage/evaluation rights before any raw download.",sha256:fb8540f55b5fdc8b12832062dd9623aee1ad950a80f7831d275f703eecb9816b
src_d6375acc4d6b61c23,ba_2023_q4,BA,The Boeing Company,2023,Q4,transcript,official_ir,https://investors.boeing.com/,investors.boeing.com,metadata_only,metadata_only_no_raw_download,false,false,false,false,true,,,,,,false,false,1,"Review source terms, robots policy, event identity, and storage/evaluation rights before any raw download.",sha256:e4f7dd596f1b2270b5551f1e5485103898ec6adefcb78d742abcfaec8ae0d2b4
src_fa7d092fc306a7013,ba_2023_q4,BA,The Boeing Company,2023,Q4,audio,official_ir,https://investors.boeing.com/,investors.boeing.com,metadata_only,metadata_only_no_raw_download,false,false,false,false,true,,,,,,false,false,2,"Review source terms, robots policy, event identity, and storage/evaluation rights before any raw download.",sha256:90f0d42553c337863abd117d7aaf80cc5a6bcff6a158e58d5a40dc1032b71806
src_3312a1dfbe65a6169,rtx_2023_q4,RTX,RTX Corporation,2023,Q4,transcript,official_ir,https://www.rtx.com/investors,www.rtx.com,metadata_only,metadata_only_no_raw_download,false,false,false,false,true,,,,,,false,false,1,"Review source terms, robots policy, event identity, and storage/evaluation rights before any raw download.",sha256:e89e9a05f8c28008cb36c9d2ac672fc168f9fb934d990423de7d5f61abe1fd33
src_61c873d37534c1f66,rtx_2023_q4,RTX,RTX Corporation,2023,Q4,audio,official_ir,https://www.rtx.com/investors,www.rtx.com,metadata_only,metadata_only_no_raw_download,false,false,false,false,true,,,,,,false,false,2,"Review source terms, robots policy, event identity, and storage/evaluation rights before any raw download.",sha256:2bee99c9a3ce1ab68c1dfe17fe1041017f1b74d4c8bdb25c163a9ac7f0ad09b5
src_3c4cbf3203eea4735,lmt_2023_q4,LMT,Lockheed Martin Corporation,2023,Q4,transcript,official_ir,https://investors.lockheedmartin.com/,investors.lockheedmartin.com,metadata_only,metadata_only_no_raw_download,false,false,false,false,true,,,,,,false,false,1,"Review source terms, robots policy, event identity, and storage/evaluation rights before any raw download.",sha256:2d3b20bc0895e2b8a6efab86e1d91ec15d4fb46c0bce30cb613cf8a9e9db29da
src_fb3a2608771e8d8d9,lmt_2023_q4,LMT,Lockheed Martin Corporation,2023,Q4,audio,official_ir,https://investors.lockheedmartin.com/,investors.lockheedmartin.com,metadata_only,metadata_only_no_raw_download,false,false,false,false,true,,,,,,false,false,2,"Review source terms, robots policy, event identity, and storage/evaluation rights before any raw download.",sha256:8eb614c4f7b04e7d6dc801fcee3e7666c5d40a68d1587bc90ec7d79ed6173ce9
src_4fb557cf7b7548404,noc_2023_q4,NOC,Northrop Grumman Corporation,2023,Q4,transcript,official_ir,https://investor.northropgrumman.com/,investor.northropgrumman.com,metadata_only,metadata_only_no_raw_download,false,false,false,false,true,,,,,,false,false,1,"Review source terms, robots policy, event identity, and storage/evaluation rights before any raw download.",sha256:c873e7778249363e3a0513cecbe8d2655790b51b646b37ea7bd853a6e217d6c5
src_8bd88b4eca03ede33,noc_2023_q4,NOC,Northrop Grumman Corporation,2023,Q4,audio,official_ir,https://investor.northropgrumman.com/,investor.northropgrumman.com,metadata_only,metadata_only_no_raw_download,false,false,false,false,true,,,,,,false,false,2,"Review source terms, robots policy, event identity, and storage/evaluation rights before any raw download.",sha256:134900019dc5db8eb19e26b83561208c2f37b171b9f937bc33e6478349d0b208
src_a5a69c3a9eb2109a3,gd_2023_q4,GD,General Dynamics Corporation,2023,Q4,transcript,official_ir,https://investorrelations.gd.com/,investorrelations.gd.com,metadata_only,metadata_only_no_raw_download,false,false,false,false,true,,,,,,false,false,1,"Review source terms, robots policy, event identity, and storage/evaluation rights before any raw download.",sha256:5d269de9f42dd373b62b0f45d2ee318df3ee48617c318df264cd4e19ae95926d
src_137b8e7ac22fda811,gd_2023_q4,GD,General Dynamics Corporation,2023,Q4,audio,official_ir,https://investorrelations.gd.com/,investorrelations.gd.com,metadata_only,metadata_only_no_raw_download,false,false,false,false,true,,,,,,false,false,2,"Review source terms, robots policy, event identity, and storage/evaluation rights before any raw download.",sha256:ada4e156b2e45548492f579b31f8084ba6893bd83b544386641166cda7601446
src_c94222d31c8e68058,cat_2023_q4,CAT,Caterpillar Inc.,2023,Q4,transcript,official_ir,https://investors.caterpillar.com/,investors.caterpillar.com,metadata_only,metadata_only_no_raw_download,false,false,false,false,true,,,,,,false,false,1,"Review source terms, robots policy, event identity, and storage/evaluation rights before any raw download.",sha256:d1d9be61e885d0c54ce632b7271d973b0a4435c85faa232e5150e95cc3f24338
src_fce360971986a0794,cat_2023_q4,CAT,Caterpillar Inc.,2023,Q4,audio,official_ir,https://investors.caterpillar.com/,investors.caterpillar.com,metadata_only,metadata_only_no_raw_download,false,false,false,false,true,,,,,,false,false,2,"Review source terms, robots policy, event identity, and storage/evaluation rights before any raw download.",sha256:68a3b331b318ac9ccc60d6d6183613ac7f87fc70e6ec53e162c18033c5061715
src_f916a6afe00d4a32d,de_2023_q4,DE,Deere & Company,2023,Q4,transcript,official_ir,https://investor.deere.com/,investor.deere.com,metadata_only,metadata_only_no_raw_download,false,false,false,false,true,,,,,,false,false,1,"Review source terms, robots policy, event identity, and storage/evaluation rights before any raw download.",sha256:2fba176791ba722bb4aa35583c004df218bb4c4f70eb81183363bc525d636455
src_48f4144ab38e8214d,de_2023_q4,DE,Deere & Company,2023,Q4,audio,official_ir,https://investor.deere.com/,investor.deere.com,metadata_only,metadata_only_no_raw_download,false,false,false,false,true,,,,,,false,false,2,"Review source terms, robots policy, event identity, and storage/evaluation rights before any raw download.",sha256:41eeb23a8be1bb51a6edee372a5bee8288fba9c899d3474ae4a4b377d5874bce
src_ecb3d02b2476f6c17,ge_2023_q4,GE,GE Aerospace,2023,Q4,transcript,official_ir,https://www.geaerospace.com/investors,www.geaerospace.com,metadata_only,metadata_only_no_raw_download,false,false,false,false,true,,,,,,false,false,1,"Review source terms, robots policy, event identity, and storage/evaluation rights before any raw download.",sha256:37de2540154ddf82c4ef005afa61255197169b15f5ef737e583cad23bf6c4c49
src_e76cd4ecbade8ec4b,ge_2023_q4,GE,GE Aerospace,2023,Q4,audio,official_ir,https://www.geaerospace.com/investors,www.geaerospace.com,metadata_only,metadata_only_no_raw_download,false,false,false,false,true,,,,,,false,false,2,"Review source terms, robots policy, event identity, and storage/evaluation rights before any raw download.",sha256:c609bf8c22e91610498b29e5a3b0f2510dc45accb717563fc2a5c1739d32f976
src_2a56a248d69d6f1a6,etn_2023_q4,ETN,Eaton Corporation plc,2023,Q4,transcript,official_ir,https://www.eaton.com/us/en-us/company/investor-relations.html,www.eaton.com,metadata_only,metadata_only_no_raw_download,false,false,false,false,true,,,,,,false,false,1,"Review source terms, robots policy, event identity, and storage/evaluation rights before any raw download.",sha256:b4fc2f2664dcbc234b0b44d5bf0d994b59545f2b47e1bb6d7ec37673a4de9128
src_2f5e99218ae9c05ee,etn_2023_q4,ETN,Eaton Corporation plc,2023,Q4,audio,official_ir,https://www.eaton.com/us/en-us/company/investor-relations.html,www.eaton.com,metadata_only,metadata_only_no_raw_download,false,false,false,false,true,,,,,,false,false,2,"Review source terms, robots policy, event identity, and storage/evaluation rights before any raw download.",sha256:f7d92f9c0b89476491f8d86ec50f91e9f16cbbcb69d5b49ebc20f9798d44d42e
src_ee4e6054d40c0683b,emr_2023_q4,EMR,Emerson Electric Co.,2023,Q4,transcript,official_ir,https://www.emerson.com/en-us/investors,www.emerson.com,metadata_only,metadata_only_no_raw_download,false,false,false,false,true,,,,,,false,false,1,"Review source terms, robots policy, event identity, and storage/evaluation rights before any raw download.",sha256:894369d5951b24aa2cb07e2f7cac9df190fff8e3704c9b12033401320958a3cd
src_7c502c05744694ad3,emr_2023_q4,EMR,Emerson Electric Co.,2023,Q4,audio,official_ir,https://www.emerson.com/en-us/investors,www.emerson.com,metadata_only,metadata_only_no_raw_download,false,false,false,false,true,,,,,,false,false,2,"Review source terms, robots policy, event identity, and storage/evaluation rights before any raw download.",sha256:252c971f3adca03b38b70ccc37af32a510b43f479a34be5c807a244b214e7ddd
src_3bf38bbe82f76782a,mmm_2023_q4,MMM,3M Company,2023,Q4,transcript,official_ir,https://investors.3m.com/,investors.3m.com,metadata_only,metadata_only_no_raw_download,false,false,false,false,true,,,,,,false,false,1,"Review source terms, robots policy, event identity, and storage/evaluation rights before any raw download.",sha256:3eb7ab7b31da0871692eed78514db1461878bc105f2dcf81c023f95f4d09c048
src_3b425c8b80d6bb809,mmm_2023_q4,MMM,3M Company,2023,Q4,audio,official_ir,https://investors.3m.com/,investors.3m.com,metadata_only,metadata_only_no_raw_download,false,false,false,false,true,,,,,,false,false,2,"Review source terms, robots policy, event identity, and storage/evaluation rights before any raw download.",sha256:508120f1501112b54928404fc1c614ad4188beefbcd9a00c07f4470cbc7307b5
src_17449b47517c7d6c5,itw_2023_q4,ITW,Illinois Tool Works Inc.,2023,Q4,transcript,official_ir,https://investor.itw.com/,investor.itw.com,metadata_only,metadata_only_no_raw_download,false,false,false,false,true,,,,,,false,false,1,"Review source terms, robots policy, event identity, and storage/evaluation rights before any raw download.",sha256:b1077a99b1e750fca3298d53019937835942b5d2ef7a6d93b403a31b59f3b478
src_6704b655ce7fd77ea,itw_2023_q4,ITW,Illinois Tool Works Inc.,2023,Q4,audio,official_ir,https://investor.itw.com/,investor.itw.com,metadata_only,metadata_only_no_raw_download,false,false,false,false,true,,,,,,false,false,2,"Review source terms, robots policy, event identity, and storage/evaluation rights before any raw download.",sha256:4ecacc405330c3d0dd037d3ea50a121baecf5992fda9ac71bd7f447e8a675fd5
src_97f6e9efe838c3b1b,ph_2023_q4,PH,Parker-Hannifin Corporation,2023,Q4,transcript,official_ir,https://investors.parker.com/,investors.parker.com,metadata_only,metadata_only_no_raw_download,false,false,false,false,true,,,,,,false,false,1,"Review source terms, robots policy, event identity, and storage/evaluation rights before any raw download.",sha256:b08cdc7bbf8f259aacd224b76e5789f39f0e2d7ad82a1884155085db63152525
src_1c718ed734e136368,ph_2023_q4,PH,Parker-Hannifin Corporation,2023,Q4,audio,official_ir,https://investors.parker.com/,investors.parker.com,metadata_only,metadata_only_no_raw_download,false,false,false,false,true,,,,,,false,false,2,"Review source terms, robots policy, event identity, and storage/evaluation rights before any raw download.",sha256:7f1ea5a6b140d71ce8614c9ce75e9fd484c1ef80dee43c8bf188474c78b432b0
src_037ee7974b5ffa888,carr_2023_q4,CARR,Carrier Global Corporation,2023,Q4,transcript,official_ir,https://ir.carrier.com/,ir.carrier.com,metadata_only,metadata_only_no_raw_download,false,false,false,false,true,,,,,,false,false,1,"Review source terms, robots policy, event identity, and storage/evaluation rights before any raw download.",sha256:3865f68e743c92792b1103c9bcf23053ef2c7ae5f6a38fc2ad618e2a56435f19
src_46fc750f1f270a78d,carr_2023_q4,CARR,Carrier Global Corporation,2023,Q4,audio,official_ir,https://ir.carrier.com/,ir.carrier.com,metadata_only,metadata_only_no_raw_download,false,false,false,false,true,,,,,,false,false,2,"Review source terms, robots policy, event identity, and storage/evaluation rights before any raw download.",sha256:58651114ba3352cf7877a9f9d0c827e1f605b766c0e61be20e0561007ac7dd8a
src_1b1c8f5edde876d01,otis_2023_q4,OTIS,Otis Worldwide Corporation,2023,Q4,transcript,official_ir,https://www.otis.com/en/us/investors,www.otis.com,metadata_only,metadata_only_no_raw_download,false,false,false,false,true,,,,,,false,false,1,"Review source terms, robots policy, event identity, and storage/evaluation rights before any raw download.",sha256:509c8a0323b24f7069cc96e1b74d175dfda65f8e0f8c7064901adede0ec6fa92
src_1dec139b1d72f8e73,otis_2023_q4,OTIS,Otis Worldwide Corporation,2023,Q4,audio,official_ir,https://www.otis.com/en/us/investors,www.otis.com,metadata_only,metadata_only_no_raw_download,false,false,false,false,true,,,,,,false,false,2,"Review source terms, robots policy, event identity, and storage/evaluation rights before any raw download.",sha256:7bd11b2314296f19787208e8080b946582108cf51b58739c6b85012be10022d4
src_0e0613a9e39b5f3a7,ups_2023_q4,UPS,"United Parcel Service, Inc.",2023,Q4,transcript,official_ir,https://investors.ups.com/,investors.ups.com,metadata_only,metadata_only_no_raw_download,false,false,false,false,true,,,,,,false,false,1,"Review source terms, robots policy, event identity, and storage/evaluation rights before any raw download.",sha256:74b7ccd3d0656c3ab0a3a31d1d6959e09757020e5cdfb3a8b9c2f407203b0385
src_f95493137dddd94d4,ups_2023_q4,UPS,"United Parcel Service, Inc.",2023,Q4,audio,official_ir,https://investors.ups.com/,investors.ups.com,metadata_only,metadata_only_no_raw_download,false,false,false,false,true,,,,,,false,false,2,"Review source terms, robots policy, event identity, and storage/evaluation rights before any raw download.",sha256:2b35b0afe4f3b616e268121066d9892d9ab4d3b2bcd52fe422b053e9ea8e3371
src_060d8e12e21de6708,fdx_2023_q4,FDX,FedEx Corporation,2023,Q4,transcript,official_ir,https://investors.fedex.com/,investors.fedex.com,metadata_only,metadata_only_no_raw_download,false,false,false,false,true,,,,,,false,false,1,"Review source terms, robots policy, event identity, and storage/evaluation rights before any raw download.",sha256:ab77427a1a42c7bff7a9b18b044a057c5ee55d9fdb48e8a0afff5bd8e195ed05
src_d67cb90542d7f91d6,fdx_2023_q4,FDX,FedEx Corporation,2023,Q4,audio,official_ir,https://investors.fedex.com/,investors.fedex.com,metadata_only,metadata_only_no_raw_download,false,false,false,false,true,,,,,,false,false,2,"Review source terms, robots policy, event identity, and storage/evaluation rights before any raw download.",sha256:5827f2223be444b19827b5305a549c4b2ef463a2c3c87b85412ffbd13e489171
src_b328101e0c3fdcd8a,dal_2023_q4,DAL,"Delta Air Lines, Inc.",2023,Q4,transcript,official_ir,https://ir.delta.com/,ir.delta.com,metadata_only,metadata_only_no_raw_download,false,false,false,false,true,,,,,,false,false,1,"Review source terms, robots policy, event identity, and storage/evaluation rights before any raw download.",sha256:5798c6636680ac30e5dbac2395b470b939df8cbe538b461ee0a7f38d742c0e97
src_268a9706293267f11,dal_2023_q4,DAL,"Delta Air Lines, Inc.",2023,Q4,audio,official_ir,https://ir.delta.com/,ir.delta.com,metadata_only,metadata_only_no_raw_download,false,false,false,false,true,,,,,,false,false,2,"Review source terms, robots policy, event identity, and storage/evaluation rights before any raw download.",sha256:9719cebf030313135635272bbcff00071285552089dd08f989c0560e659c1514
src_4fba365e2968b34ea,unp_2023_q4,UNP,Union Pacific Corporation,2023,Q4,transcript,official_ir,https://investor.unionpacific.com/,investor.unionpacific.com,metadata_only,metadata_only_no_raw_download,false,false,false,false,true,,,,,,false,false,1,"Review source terms, robots policy, event identity, and storage/evaluation rights before any raw download.",sha256:52ddd15e45e184c0a1fa7c9d57aa385a1a08e47e5185c529907f4f380cc52672
src_c8a6098b72cf7fab9,unp_2023_q4,UNP,Union Pacific Corporation,2023,Q4,audio,official_ir,https://investor.unionpacific.com/,investor.unionpacific.com,metadata_only,metadata_only_no_raw_download,false,false,false,false,true,,,,,,false,false,2,"Review source terms, robots policy, event identity, and storage/evaluation rights before any raw download.",sha256:e0e8de780e2aaa145db6d75d57586e71dba5b35825e7d99329d88116eb4b4915
src_0dda473c40f2b2085,nsc_2023_q4,NSC,Norfolk Southern Corporation,2023,Q4,transcript,official_ir,https://norfolksouthern.investorroom.com/,norfolksouthern.investorroom.com,metadata_only,metadata_only_no_raw_download,false,false,false,false,true,,,,,,false,false,1,"Review source terms, robots policy, event identity, and storage/evaluation rights before any raw download.",sha256:a3bacbdfc0df2777de0c2d55437cdc4257d07d403d28ba0d66aa7acdce072568
src_d2b319b6e53637e66,nsc_2023_q4,NSC,Norfolk Southern Corporation,2023,Q4,audio,official_ir,https://norfolksouthern.investorroom.com/,norfolksouthern.investorroom.com,metadata_only,metadata_only_no_raw_download,false,false,false,false,true,,,,,,false,false,2,"Review source terms, robots policy, event identity, and storage/evaluation rights before any raw download.",sha256:6e6bc89f1e38694c8aad287f84cdf8d9db012e95c8ef174a64c8ae304922b52b
src_923c4d8da2b73219e,hd_2023_q4,HD,"The Home Depot, Inc.",2023,Q4,transcript,official_ir,https://ir.homedepot.com/,ir.homedepot.com,metadata_only,metadata_only_no_raw_download,false,false,false,false,true,,,,,,false,false,1,"Review source terms, robots policy, event identity, and storage/evaluation rights before any raw download.",sha256:18148b931c80d828a21e1100315d10a7ecad29cb3789bc7a367792e63fabf5c0
src_51392ba4ba8b3e44e,hd_2023_q4,HD,"The Home Depot, Inc.",2023,Q4,audio,official_ir,https://ir.homedepot.com/,ir.homedepot.com,metadata_only,metadata_only_no_raw_download,false,false,false,false,true,,,,,,false,false,2,"Review source terms, robots policy, event identity, and storage/evaluation rights before any raw download.",sha256:2c3df1a325fb52c2692945a98a30c0be48c52f0df67e5e498561ae8cffc651b8
src_e953589e876b67cdd,low_2023_q4,LOW,"Lowe's Companies, Inc.",2023,Q4,transcript,official_ir,https://corporate.lowes.com/investors,corporate.lowes.com,metadata_only,metadata_only_no_raw_download,false,false,false,false,true,,,,,,false,false,1,"Review source terms, robots policy, event identity, and storage/evaluation rights before any raw download.",sha256:a66bcc3325ceef32b26a8c0e05f9811c2934e9679a9ffd6e5cbde38dea0ff406
src_999f21f6c0cc9c2df,low_2023_q4,LOW,"Lowe's Companies, Inc.",2023,Q4,audio,official_ir,https://corporate.lowes.com/investors,corporate.lowes.com,metadata_only,metadata_only_no_raw_download,false,false,false,false,true,,,,,,false,false,2,"Review source terms, robots policy, event identity, and storage/evaluation rights before any raw download.",sha256:578efc2011c0cfd9e13f1a01bc90d954b52aa74def572b34727f582c28810972
src_3a69ee75c2b4e6ce5,tgt_2023_q4,TGT,Target Corporation,2023,Q4,transcript,official_ir,https://investors.target.com/,investors.target.com,metadata_only,metadata_only_no_raw_download,false,false,false,false,true,,,,,,false,false,1,"Review source terms, robots policy, event identity, and storage/evaluation rights before any raw download.",sha256:9a79bcc844a77ec35ace9b2699a4d399c363d0d4864331877b0e88e8c7323966
src_0158ee087f60e845c,tgt_2023_q4,TGT,Target Corporation,2023,Q4,audio,official_ir,https://investors.target.com/,investors.target.com,metadata_only,metadata_only_no_raw_download,false,false,false,false,true,,,,,,false,false,2,"Review source terms, robots policy, event identity, and storage/evaluation rights before any raw download.",sha256:d2790db02382d8a616e6c04e03ab6c7ac9a55250c58cf19b6330f9429d4470dd
src_703fe2ed52804b144,kr_2023_q4,KR,The Kroger Co.,2023,Q4,transcript,official_ir,https://ir.kroger.com/,ir.kroger.com,metadata_only,metadata_only_no_raw_download,false,false,false,false,true,,,,,,false,false,1,"Review source terms, robots policy, event identity, and storage/evaluation rights before any raw download.",sha256:11761b590b0fc5e1cb04562cd4efaab82661ff7b3c5a7f77c794419c0b0216cc
src_1d6e43f0ca4008b73,kr_2023_q4,KR,The Kroger Co.,2023,Q4,audio,official_ir,https://ir.kroger.com/,ir.kroger.com,metadata_only,metadata_only_no_raw_download,false,false,false,false,true,,,,,,false,false,2,"Review source terms, robots policy, event identity, and storage/evaluation rights before any raw download.",sha256:45b12c63d83075f3559b532574247ffbc50e0e0683a540345b0873cc63f79096
src_b68d0e3077bf94bce,dg_2023_q4,DG,Dollar General Corporation,2023,Q4,transcript,official_ir,https://investor.dollargeneral.com/,investor.dollargeneral.com,metadata_only,metadata_only_no_raw_download,false,false,false,false,true,,,,,,false,false,1,"Review source terms, robots policy, event identity, and storage/evaluation rights before any raw download.",sha256:d73e4fa9b6d2f33e034c6f5b831e03081bbc015829d5c5b391d17a57d3b02e8e
src_d0fec1696f104c7db,dg_2023_q4,DG,Dollar General Corporation,2023,Q4,audio,official_ir,https://investor.dollargeneral.com/,investor.dollargeneral.com,metadata_only,metadata_only_no_raw_download,false,false,false,false,true,,,,,,false,false,2,"Review source terms, robots policy, event identity, and storage/evaluation rights before any raw download.",sha256:3f2783b262f1ecfec9ee40fa92d698ae5e4981a27b03d88c4e7effef53a501ae
src_ed88429828b86f5c0,mcd_2023_q4,MCD,McDonald's Corporation,2023,Q4,transcript,official_ir,https://corporate.mcdonalds.com/corpmcd/investors.html,corporate.mcdonalds.com,metadata_only,metadata_only_no_raw_download,false,false,false,false,true,,,,,,false,false,1,"Review source terms, robots policy, event identity, and storage/evaluation rights before any raw download.",sha256:269c4d846ab557d51da3d94ad441e4e413ec657321e3cd6cc8584f82111e46ca
src_0f4c7b8a69c07c5fe,mcd_2023_q4,MCD,McDonald's Corporation,2023,Q4,audio,official_ir,https://corporate.mcdonalds.com/corpmcd/investors.html,corporate.mcdonalds.com,metadata_only,metadata_only_no_raw_download,false,false,false,false,true,,,,,,false,false,2,"Review source terms, robots policy, event identity, and storage/evaluation rights before any raw download.",sha256:aaf111ed43cb46222e26f5c0f9c3a0fd302f514c2820049ee94db6738ed0076e
src_51bb6f63d78f3f0dd,yum_2023_q4,YUM,"Yum! Brands, Inc.",2023,Q4,transcript,official_ir,https://investors.yum.com/,investors.yum.com,metadata_only,metadata_only_no_raw_download,false,false,false,false,true,,,,,,false,false,1,"Review source terms, robots policy, event identity, and storage/evaluation rights before any raw download.",sha256:d3d88b95edd0338de3415d3f246f7ef9ecc3f9860e291bce08e44309b76a4ab1
src_4720c225f98f78262,yum_2023_q4,YUM,"Yum! Brands, Inc.",2023,Q4,audio,official_ir,https://investors.yum.com/,investors.yum.com,metadata_only,metadata_only_no_raw_download,false,false,false,false,true,,,,,,false,false,2,"Review source terms, robots policy, event identity, and storage/evaluation rights before any raw download.",sha256:5ab73f45ab9fc3b865247c1a20aed6256a1e831afdf9dd39ce4824c5a99bbdba
src_8bc3fe101f432189c,nke_2023_q4,NKE,"NIKE, Inc.",2023,Q4,transcript,official_ir,https://investors.nike.com/,investors.nike.com,metadata_only,metadata_only_no_raw_download,false,false,false,false,true,,,,,,false,false,1,"Review source terms, robots policy, event identity, and storage/evaluation rights before any raw download.",sha256:8c2ff8708864db488ceb0c79702eb6e343ae84f7734266d0ae4fec3d52a4f9fd
src_073b1a87cb515ca67,nke_2023_q4,NKE,"NIKE, Inc.",2023,Q4,audio,official_ir,https://investors.nike.com/,investors.nike.com,metadata_only,metadata_only_no_raw_download,false,false,false,false,true,,,,,,false,false,2,"Review source terms, robots policy, event identity, and storage/evaluation rights before any raw download.",sha256:f28d06c179f47f6bf228fca1e3c2d8ec0d0a5a96c2a8c97fe9b56f79fe007d68
src_0106137dd68b2524b,dis_2023_q4,DIS,The Walt Disney Company,2023,Q4,transcript,official_ir,https://thewaltdisneycompany.com/investor-relations/,thewaltdisneycompany.com,metadata_only,metadata_only_no_raw_download,false,false,false,false,true,,,,,,false,false,1,"Review source terms, robots policy, event identity, and storage/evaluation rights before any raw download.",sha256:9556c3cf838be7d672f79fbea1a0f5620c41f65efb93fbb51e7b4f6ef6eb7c55
src_1918fbfeb54eda95a,dis_2023_q4,DIS,The Walt Disney Company,2023,Q4,audio,official_ir,https://thewaltdisneycompany.com/investor-relations/,thewaltdisneycompany.com,metadata_only,metadata_only_no_raw_download,false,false,false,false,true,,,,,,false,false,2,"Review source terms, robots policy, event identity, and storage/evaluation rights before any raw download.",sha256:79b0a903512d70ffc292dce2d7886fd24a4c233f52b19208ee893ee75a2c01d1
src_57396298dfa568ef8,ko_2023_q4,KO,The Coca-Cola Company,2023,Q4,transcript,official_ir,https://investors.coca-colacompany.com/,investors.coca-colacompany.com,metadata_only,metadata_only_no_raw_download,false,false,false,false,true,,,,,,false,false,1,"Review source terms, robots policy, event identity, and storage/evaluation rights before any raw download.",sha256:b18dc26ebe0a1e1129949e72e8ccb5fbad123feeab801f5a27fe347dc4db8e79
src_98755a03140abfe94,ko_2023_q4,KO,The Coca-Cola Company,2023,Q4,audio,official_ir,https://investors.coca-colacompany.com/,investors.coca-colacompany.com,metadata_only,metadata_only_no_raw_download,false,false,false,false,true,,,,,,false,false,2,"Review source terms, robots policy, event identity, and storage/evaluation rights before any raw download.",sha256:c094fe3424898b7e818181beb098ad94a02d9dcb1f2b5e02858a0238e6c0fbda
src_0d3858a3477464f36,pg_2023_q4,PG,The Procter & Gamble Company,2023,Q4,transcript,official_ir,https://www.pginvestor.com/,www.pginvestor.com,metadata_only,metadata_only_no_raw_download,false,false,false,false,true,,,,,,false,false,1,"Review source terms, robots policy, event identity, and storage/evaluation rights before any raw download.",sha256:ebb8d52e31e7c7f26697626a450a7ff3ca3db5e2d9416646a24c8a680fe3fb72
src_dce7754785bd3831c,pg_2023_q4,PG,The Procter & Gamble Company,2023,Q4,audio,official_ir,https://www.pginvestor.com/,www.pginvestor.com,metadata_only,metadata_only_no_raw_download,false,false,false,false,true,,,,,,false,false,2,"Review source terms, robots policy, event identity, and storage/evaluation rights before any raw download.",sha256:d181599b8519026cceaedec15ccd994849c2f64a8fd4fa1801fcc89daddb0209
src_c5b93c88276837b5d,cl_2023_q4,CL,Colgate-Palmolive Company,2023,Q4,transcript,official_ir,https://investor.colgatepalmolive.com/,investor.colgatepalmolive.com,metadata_only,metadata_only_no_raw_download,false,false,false,false,true,,,,,,false,false,1,"Review source terms, robots policy, event identity, and storage/evaluation rights before any raw download.",sha256:a7eb34cbbb93b750437c6622a28b8299e42550ca36bdacf4f1a25a112c3e887e
src_39571bffb6564767a,cl_2023_q4,CL,Colgate-Palmolive Company,2023,Q4,audio,official_ir,https://investor.colgatepalmolive.com/,investor.colgatepalmolive.com,metadata_only,metadata_only_no_raw_download,false,false,false,false,true,,,,,,false,false,2,"Review source terms, robots policy, event identity, and storage/evaluation rights before any raw download.",sha256:66e9ed998d337aeccd5ccbae8ef1d795715f6569e7a36430fed08458bcf3e9ed
src_69bccaef16dee6122,el_2023_q4,EL,The Estee Lauder Companies Inc.,2023,Q4,transcript,official_ir,https://ir.elcompanies.com/,ir.elcompanies.com,metadata_only,metadata_only_no_raw_download,false,false,false,false,true,,,,,,false,false,1,"Review source terms, robots policy, event identity, and storage/evaluation rights before any raw download.",sha256:ba6d4eb818308c9e3eeb3f600c92b1a87f301fe41e6e59a303c652874b074c86
src_340a46f6406cbf453,el_2023_q4,EL,The Estee Lauder Companies Inc.,2023,Q4,audio,official_ir,https://ir.elcompanies.com/,ir.elcompanies.com,metadata_only,metadata_only_no_raw_download,false,false,false,false,true,,,,,,false,false,2,"Review source terms, robots policy, event identity, and storage/evaluation rights before any raw download.",sha256:d16d9848bdd1dcc910f3096726a94b04bdfe655cf545309242ede58b9d0c30cc
src_75c1e0db32cfe57b8,gis_2023_q4,GIS,"General Mills, Inc.",2023,Q4,transcript,official_ir,https://investors.generalmills.com/,investors.generalmills.com,metadata_only,metadata_only_no_raw_download,false,false,false,false,true,,,,,,false,false,1,"Review source terms, robots policy, event identity, and storage/evaluation rights before any raw download.",sha256:dbdacd77fed7e8028113becc463a30cbb65e7746351bb629ebd1d73a2423f7ee
src_244a15e0bcf89a2d4,gis_2023_q4,GIS,"General Mills, Inc.",2023,Q4,audio,official_ir,https://investors.generalmills.com/,investors.generalmills.com,metadata_only,metadata_only_no_raw_download,false,false,false,false,true,,,,,,false,false,2,"Review source terms, robots policy, event identity, and storage/evaluation rights before any raw download.",sha256:1e0a25828bd1144a32404cc79e4017fbc38b85d912a6cc2e9da8cce251229224
src_e0bf603c16ef1965e,hsy_2023_q4,HSY,The Hershey Company,2023,Q4,transcript,official_ir,https://www.thehersheycompany.com/en_us/investors.html,www.thehersheycompany.com,metadata_only,metadata_only_no_raw_download,false,false,false,false,true,,,,,,false,false,1,"Review source terms, robots policy, event identity, and storage/evaluation rights before any raw download.",sha256:c150615df8f899024e47d6a609fb44b55776fae1d22422a1a26f34038239efe5
src_4308bca6daeae5950,hsy_2023_q4,HSY,The Hershey Company,2023,Q4,audio,official_ir,https://www.thehersheycompany.com/en_us/investors.html,www.thehersheycompany.com,metadata_only,metadata_only_no_raw_download,false,false,false,false,true,,,,,,false,false,2,"Review source terms, robots policy, event identity, and storage/evaluation rights before any raw download.",sha256:1dc01d9651e1d74b657317baee4674805387bf07877d45a42e250b6ee8ba63cc
src_119199156d51c2317,t_2023_q4,T,AT&T Inc.,2023,Q4,transcript,official_ir,https://investors.att.com/,investors.att.com,metadata_only,metadata_only_no_raw_download,false,false,false,false,true,,,,,,false,false,1,"Review source terms, robots policy, event identity, and storage/evaluation rights before any raw download.",sha256:3ea38ee370e20ceab889a2d6631cc8ad328d977e17bf5e2fd1546accf4dcf7d0
src_de5e2d7a4d9f091b0,t_2023_q4,T,AT&T Inc.,2023,Q4,audio,official_ir,https://investors.att.com/,investors.att.com,metadata_only,metadata_only_no_raw_download,false,false,false,false,true,,,,,,false,false,2,"Review source terms, robots policy, event identity, and storage/evaluation rights before any raw download.",sha256:525448130f0718f0364b81f38edaec8d5697ab0cec30694567cb2a7fbcd3ae06
src_c330d42f39cb7bd7b,vz_2023_q4,VZ,Verizon Communications Inc.,2023,Q4,transcript,official_ir,https://www.verizon.com/about/investors,www.verizon.com,metadata_only,metadata_only_no_raw_download,false,false,false,false,true,,,,,,false,false,1,"Review source terms, robots policy, event identity, and storage/evaluation rights before any raw download.",sha256:5919d4bae224eec4d80e580ba6b78312847d0a62f7acbadc16bae8127f14654a
src_801781bba65fa8b4e,vz_2023_q4,VZ,Verizon Communications Inc.,2023,Q4,audio,official_ir,https://www.verizon.com/about/investors,www.verizon.com,metadata_only,metadata_only_no_raw_download,false,false,false,false,true,,,,,,false,false,2,"Review source terms, robots policy, event identity, and storage/evaluation rights before any raw download.",sha256:a7905e042d54974f0bb39f7775c33d7db969d800a0d6e77c9014a3e4cf7d7258
src_e5bad25471bd08fc0,ibm_2023_q4,IBM,International Business Machines Corporation,2023,Q4,transcript,official_ir,https://www.ibm.com/investor,www.ibm.com,metadata_only,metadata_only_no_raw_download,false,false,false,false,true,,,,,,false,false,1,"Review source terms, robots policy, event identity, and storage/evaluation rights before any raw download.",sha256:14484aa68309785d99938467e5eae85ee1789bd5c566394d75c3d10b38eab48d
src_20832ba4ccd16d0f5,ibm_2023_q4,IBM,International Business Machines Corporation,2023,Q4,audio,official_ir,https://www.ibm.com/investor,www.ibm.com,metadata_only,metadata_only_no_raw_download,false,false,false,false,true,,,,,,false,false,2,"Review source terms, robots policy, event identity, and storage/evaluation rights before any raw download.",sha256:a94937faeaaad6c9e3054d3f1f47938d6200f6d981f8a3c9bb21e188f4b57ffc
src_fb3cf80c625bb33bd,orcl_2023_q4,ORCL,Oracle Corporation,2023,Q4,transcript,official_ir,https://investor.oracle.com/,investor.oracle.com,metadata_only,metadata_only_no_raw_download,false,false,false,false,true,,,,,,false,false,1,"Review source terms, robots policy, event identity, and storage/evaluation rights before any raw download.",sha256:a5e9141a4c114b60bac5d5849cdb8750cf08aa98e8fb7c363bb3797a6e872f02
src_590f4c0e351a4993f,orcl_2023_q4,ORCL,Oracle Corporation,2023,Q4,audio,official_ir,https://investor.oracle.com/,investor.oracle.com,metadata_only,metadata_only_no_raw_download,false,false,false,false,true,,,,,,false,false,2,"Review source terms, robots policy, event identity, and storage/evaluation rights before any raw download.",sha256:f873c7cfb90cd4bed5a9b29b25443155d1ac9353aa1f1518a9e68c1be8535069
src_7470d1b00d13b46c5,crm_2023_q4,CRM,"Salesforce, Inc.",2023,Q4,transcript,official_ir,https://investor.salesforce.com/,investor.salesforce.com,metadata_only,metadata_only_no_raw_download,false,false,false,false,true,,,,,,false,false,1,"Review source terms, robots policy, event identity, and storage/evaluation rights before any raw download.",sha256:ead22600bf8e017bfd9acf910907cf87ad304d13f0500c0205322a949ca7ec97
src_5250ff2bc48785625,crm_2023_q4,CRM,"Salesforce, Inc.",2023,Q4,audio,official_ir,https://investor.salesforce.com/,investor.salesforce.com,metadata_only,metadata_only_no_raw_download,false,false,false,false,true,,,,,,false,false,2,"Review source terms, robots policy, event identity, and storage/evaluation rights before any raw download.",sha256:e1cae28f2b45d4e6eef315ff7b407c65fc44f9b127d50931827ffbf748d590fc
src_c761b6da7fd250e90,now_2023_q4,NOW,"ServiceNow, Inc.",2023,Q4,transcript,official_ir,https://investors.servicenow.com/,investors.servicenow.com,metadata_only,metadata_only_no_raw_download,false,false,false,false,true,,,,,,false,false,1,"Review source terms, robots policy, event identity, and storage/evaluation rights before any raw download.",sha256:3f9e870fbdab2ef3377113dad1397c365e26c077066b0ba98a4504bb3376549e
src_da078ad73a77d9997,now_2023_q4,NOW,"ServiceNow, Inc.",2023,Q4,audio,official_ir,https://investors.servicenow.com/,investors.servicenow.com,metadata_only,metadata_only_no_raw_download,false,false,false,false,true,,,,,,false,false,2,"Review source terms, robots policy, event identity, and storage/evaluation rights before any raw download.",sha256:b6322014dc72c4efd7eb43e8e73e9f84d15f04b1ee3dac31f300633f55d28fc0
src_9ed0352503af87a9f,acn_2023_q4,ACN,Accenture plc,2023,Q4,transcript,official_ir,https://investor.accenture.com/,investor.accenture.com,metadata_only,metadata_only_no_raw_download,false,false,false,false,true,,,,,,false,false,1,"Review source terms, robots policy, event identity, and storage/evaluation rights before any raw download.",sha256:09186d77eadcd746bf65ea079eb0aac1c7b53ee04cdceaefce198b6b9db1bed6
src_84cf9d47dc844d768,acn_2023_q4,ACN,Accenture plc,2023,Q4,audio,official_ir,https://investor.accenture.com/,investor.accenture.com,metadata_only,metadata_only_no_raw_download,false,false,false,false,true,,,,,,false,false,2,"Review source terms, robots policy, event identity, and storage/evaluation rights before any raw download.",sha256:128bf4fcbf7178bc125c31cd19baa754ba739448568a9d8e87dba7d0ee130751
src_33e2ae7131585a769,dell_2023_q4,DELL,Dell Technologies Inc.,2023,Q4,transcript,official_ir,https://investors.delltechnologies.com/,investors.delltechnologies.com,metadata_only,metadata_only_no_raw_download,false,false,false,false,true,,,,,,false,false,1,"Review source terms, robots policy, event identity, and storage/evaluation rights before any raw download.",sha256:677a9511ca04450244cfcfaeacc8218acb79cd43da2b041bb907985896b39dd4
src_ea1e7e01a36c8f2ec,dell_2023_q4,DELL,Dell Technologies Inc.,2023,Q4,audio,official_ir,https://investors.delltechnologies.com/,investors.delltechnologies.com,metadata_only,metadata_only_no_raw_download,false,false,false,false,true,,,,,,false,false,2,"Review source terms, robots policy, event identity, and storage/evaluation rights before any raw download.",sha256:26888baaf0a3304af537dcd18ec951641bc8d29bc79a64682b7e54d28d43d8ce
src_4e7bc80bbec56e4e7,hpq_2023_q4,HPQ,HP Inc.,2023,Q4,transcript,official_ir,https://investor.hp.com/,investor.hp.com,metadata_only,metadata_only_no_raw_download,false,false,false,false,true,,,,,,false,false,1,"Review source terms, robots policy, event identity, and storage/evaluation rights before any raw download.",sha256:9e3994fa4b31cf25ca3c177e3461c976570d9238623ac882fce2103e0d929fb9
src_075112a9310f27374,hpq_2023_q4,HPQ,HP Inc.,2023,Q4,audio,official_ir,https://investor.hp.com/,investor.hp.com,metadata_only,metadata_only_no_raw_download,false,false,false,false,true,,,,,,false,false,2,"Review source terms, robots policy, event identity, and storage/evaluation rights before any raw download.",sha256:ef9c224fa2bce7a07f59ea907791b7870181a1511762a4559cb8cd67da5959a4
src_58fb5049e7cc3e265,net_2023_q4,NET,"Cloudflare, Inc.",2023,Q4,transcript,official_ir,https://cloudflare.net/news-and-events/events-and-presentations,cloudflare.net,metadata_only,metadata_only_no_raw_download,false,false,false,false,true,,,,,,false,false,1,"Review source terms, robots policy, event identity, and storage/evaluation rights before any raw download.",sha256:def3d707269008e7b70c71b423673be1b6c0a746fe62c02966e95acf92e5ecdd
src_f16693b70f10efcea,net_2023_q4,NET,"Cloudflare, Inc.",2023,Q4,audio,official_ir,https://cloudflare.net/news-and-events/events-and-presentations,cloudflare.net,metadata_only,metadata_only_no_raw_download,false,false,false,false,true,,,,,,false,false,2,"Review source terms, robots policy, event identity, and storage/evaluation rights before any raw download.",sha256:4948cb96303484db9e0eadf6bd35770a7297de473e54d5d9cb0017f1db0d9266
src_5327abac1bdb076fe,snow_2023_q4,SNOW,Snowflake Inc.,2023,Q4,transcript,official_ir,https://investors.snowflake.com/,investors.snowflake.com,metadata_only,metadata_only_no_raw_download,false,false,false,false,true,,,,,,false,false,1,"Review source terms, robots policy, event identity, and storage/evaluation rights before any raw download.",sha256:98536fdacc8580c300f70fee1cc4b2e2e29cda54ef57a4da1f446b4bc999ba39
src_7c7ade17494f6af1a,snow_2023_q4,SNOW,Snowflake Inc.,2023,Q4,audio,official_ir,https://investors.snowflake.com/,investors.snowflake.com,metadata_only,metadata_only_no_raw_download,false,false,false,false,true,,,,,,false,false,2,"Review source terms, robots policy, event identity, and storage/evaluation rights before any raw download.",sha256:59e9e1684aaac4a760d231ab6b5231690609ad15fdbdfcd665bca770cb315088
src_16075b30303a48da4,jpm_2022_q4,JPM,JPMorgan Chase & Co.,2022,Q4,transcript,official_ir,https://www.jpmorganchase.com/ir,www.jpmorganchase.com,metadata_only,metadata_only_no_raw_download,false,false,false,false,true,,,,,,false,false,1,"Review source terms, robots policy, event identity, and storage/evaluation rights before any raw download.",sha256:a8e45bc9d02dacef02dce169ed0f40fa3da4312f9d6a7c14cc96a378dd261add
src_63143e7646fb2ed22,jpm_2022_q4,JPM,JPMorgan Chase & Co.,2022,Q4,audio,official_ir,https://www.jpmorganchase.com/ir,www.jpmorganchase.com,metadata_only,metadata_only_no_raw_download,false,false,false,false,true,,,,,,false,false,2,"Review source terms, robots policy, event identity, and storage/evaluation rights before any raw download.",sha256:5b5172ed0f8d963109308d292a07ad42e68bc4f1aa45cafed1cfb9619112f4b5
src_27bedbbb6d6ee29c5,bac_2022_q4,BAC,Bank of America Corporation,2022,Q4,transcript,official_ir,https://investor.bankofamerica.com/,investor.bankofamerica.com,metadata_only,metadata_only_no_raw_download,false,false,false,false,true,,,,,,false,false,1,"Review source terms, robots policy, event identity, and storage/evaluation rights before any raw download.",sha256:834dc5f9ee12b1c2f60fab859e5b4698a1a7ca854ca3958116f2598b220a92dc
src_976f8d376ffee6858,bac_2022_q4,BAC,Bank of America Corporation,2022,Q4,audio,official_ir,https://investor.bankofamerica.com/,investor.bankofamerica.com,metadata_only,metadata_only_no_raw_download,false,false,false,false,true,,,,,,false,false,2,"Review source terms, robots policy, event identity, and storage/evaluation rights before any raw download.",sha256:62642761c2955ebf5ef2180041b7119a929ab4384bfbcc7ea30ade916e7c8724
src_257fd86525d66b8cb,c_2022_q4,C,Citigroup Inc.,2022,Q4,transcript,official_ir,https://www.citigroup.com/global/investors,www.citigroup.com,metadata_only,metadata_only_no_raw_download,false,false,false,false,true,,,,,,false,false,1,"Review source terms, robots policy, event identity, and storage/evaluation rights before any raw download.",sha256:9e6b1242336d52b9162f400ab3ff31e90794f8abb26b3d1cb5e93daf16b9073c
src_4fb95a3cc1d3ddfe3,c_2022_q4,C,Citigroup Inc.,2022,Q4,audio,official_ir,https://www.citigroup.com/global/investors,www.citigroup.com,metadata_only,metadata_only_no_raw_download,false,false,false,false,true,,,,,,false,false,2,"Review source terms, robots policy, event identity, and storage/evaluation rights before any raw download.",sha256:1cb268ae06574377d161e77a08959f21037256d2d04fb1c02f10bdd4efc7a7ae
src_063168bac14bc6cfc,wfc_2022_q4,WFC,Wells Fargo & Company,2022,Q4,transcript,official_ir,https://www.wellsfargo.com/about/investor-relations/,www.wellsfargo.com,metadata_only,metadata_only_no_raw_download,false,false,false,false,true,,,,,,false,false,1,"Review source terms, robots policy, event identity, and storage/evaluation rights before any raw download.",sha256:fe07ace51d9db7d6cb646b05952b5294ede4c818244dde4c2e9fa6310180ef36
src_7c8f2b6a6f01a2782,wfc_2022_q4,WFC,Wells Fargo & Company,2022,Q4,audio,official_ir,https://www.wellsfargo.com/about/investor-relations/,www.wellsfargo.com,metadata_only,metadata_only_no_raw_download,false,false,false,false,true,,,,,,false,false,2,"Review source terms, robots policy, event identity, and storage/evaluation rights before any raw download.",sha256:4b8a82437ccd41cb31488773f97fa1914389047bb7f23419ab6b8c9d5d89e553
src_a9bae4577947dc0d8,gs_2022_q4,GS,"The Goldman Sachs Group, Inc.",2022,Q4,transcript,official_ir,https://www.goldmansachs.com/investor-relations/,www.goldmansachs.com,metadata_only,metadata_only_no_raw_download,false,false,false,false,true,,,,,,false,false,1,"Review source terms, robots policy, event identity, and storage/evaluation rights before any raw download.",sha256:490b3535ffa3b33c773080b995c07ecc406e8f7955fc616b751ecc4b100866e8
src_4038f4f1f910abaeb,gs_2022_q4,GS,"The Goldman Sachs Group, Inc.",2022,Q4,audio,official_ir,https://www.goldmansachs.com/investor-relations/,www.goldmansachs.com,metadata_only,metadata_only_no_raw_download,false,false,false,false,true,,,,,,false,false,2,"Review source terms, robots policy, event identity, and storage/evaluation rights before any raw download.",sha256:6cad6be9164fc47cfa13973804d85722f7c1aa519e9e46e6429faf30ce97df5e
src_a3bda42fb0decafae,ms_2022_q4,MS,Morgan Stanley,2022,Q4,transcript,official_ir,https://www.morganstanley.com/about-us-ir,www.morganstanley.com,metadata_only,metadata_only_no_raw_download,false,false,false,false,true,,,,,,false,false,1,"Review source terms, robots policy, event identity, and storage/evaluation rights before any raw download.",sha256:0ce73141897fa55d0679c5ebe6562adba73c01327bf31795d6afd8365287c71e
src_d2530830d4d2ab6cb,ms_2022_q4,MS,Morgan Stanley,2022,Q4,audio,official_ir,https://www.morganstanley.com/about-us-ir,www.morganstanley.com,metadata_only,metadata_only_no_raw_download,false,false,false,false,true,,,,,,false,false,2,"Review source terms, robots policy, event identity, and storage/evaluation rights before any raw download.",sha256:f44b11366847109c363ee6038aec4a584ae29606658edf795acfe9667b18e76f
src_52ff656248ad28c69,bk_2022_q4,BK,The Bank of New York Mellon Corporation,2022,Q4,transcript,official_ir,https://www.bny.com/corporate/global/en/investor-relations.html,www.bny.com,metadata_only,metadata_only_no_raw_download,false,false,false,false,true,,,,,,false,false,1,"Review source terms, robots policy, event identity, and storage/evaluation rights before any raw download.",sha256:7037d440caa91e5b31618a7c9f61f55a99901d2a9706bcecb2d2c7cc60db7445
src_8f9ba333ba63b8c7b,bk_2022_q4,BK,The Bank of New York Mellon Corporation,2022,Q4,audio,official_ir,https://www.bny.com/corporate/global/en/investor-relations.html,www.bny.com,metadata_only,metadata_only_no_raw_download,false,false,false,false,true,,,,,,false,false,2,"Review source terms, robots policy, event identity, and storage/evaluation rights before any raw download.",sha256:c73ad7ed644a287cd82e74f1ce9a82e353d5b5118a85aea83b1fdd34c8c4aac9
src_5923b13025e4aafd9,stt_2022_q4,STT,State Street Corporation,2022,Q4,transcript,official_ir,https://investors.statestreet.com/,investors.statestreet.com,metadata_only,metadata_only_no_raw_download,false,false,false,false,true,,,,,,false,false,1,"Review source terms, robots policy, event identity, and storage/evaluation rights before any raw download.",sha256:75450908c4b86d99f3776f3b7f7df05fc69fa81ced4dc02bc605826858abfa9e
src_7279a8803333cfc03,stt_2022_q4,STT,State Street Corporation,2022,Q4,audio,official_ir,https://investors.statestreet.com/,investors.statestreet.com,metadata_only,metadata_only_no_raw_download,false,false,false,false,true,,,,,,false,false,2,"Review source terms, robots policy, event identity, and storage/evaluation rights before any raw download.",sha256:c98bcc87cf6148ed02a42f7f53802bff4dfd84564b356bfe32c0d07d4bd07693
src_cbf98b1249fbdf6ea,usb_2022_q4,USB,U.S. Bancorp,2022,Q4,transcript,official_ir,https://ir.usbank.com/,ir.usbank.com,metadata_only,metadata_only_no_raw_download,false,false,false,false,true,,,,,,false,false,1,"Review source terms, robots policy, event identity, and storage/evaluation rights before any raw download.",sha256:fb5fa37f7ea89c949f696ff380544370e24d1f388b4dda337b38c29cd3c44277
src_9d155b228aa3d7aaa,usb_2022_q4,USB,U.S. Bancorp,2022,Q4,audio,official_ir,https://ir.usbank.com/,ir.usbank.com,metadata_only,metadata_only_no_raw_download,false,false,false,false,true,,,,,,false,false,2,"Review source terms, robots policy, event identity, and storage/evaluation rights before any raw download.",sha256:8791edfde8ea02a6e776afdaf6c264e46363f0474fc7f4e8ed20b320b7ef6458
src_8bcb18ebc61998aae,pnc_2022_q4,PNC,"The PNC Financial Services Group, Inc.",2022,Q4,transcript,official_ir,https://investor.pnc.com/,investor.pnc.com,metadata_only,metadata_only_no_raw_download,false,false,false,false,true,,,,,,false,false,1,"Review source terms, robots policy, event identity, and storage/evaluation rights before any raw download.",sha256:f307e2148b44b807fc7c189aa95cea63456ea1dc134c38f826ebc44babbb8710
src_f057790aa85e78853,pnc_2022_q4,PNC,"The PNC Financial Services Group, Inc.",2022,Q4,audio,official_ir,https://investor.pnc.com/,investor.pnc.com,metadata_only,metadata_only_no_raw_download,false,false,false,false,true,,,,,,false,false,2,"Review source terms, robots policy, event identity, and storage/evaluation rights before any raw download.",sha256:b93d3abf32f186dae082524d7eb8eb925a358078b7d394165f4d18e6620c8db7
src_9d7ad8faee920cb0c,tfc_2022_q4,TFC,Truist Financial Corporation,2022,Q4,transcript,official_ir,https://ir.truist.com/,ir.truist.com,metadata_only,metadata_only_no_raw_download,false,false,false,false,true,,,,,,false,false,1,"Review source terms, robots policy, event identity, and storage/evaluation rights before any raw download.",sha256:e7f3748b4cea156e2f95e6226e1947f8805c363bbc2bb51e166d66c2bf82fa14
src_5f72bcf969015e07f,tfc_2022_q4,TFC,Truist Financial Corporation,2022,Q4,audio,official_ir,https://ir.truist.com/,ir.truist.com,metadata_only,metadata_only_no_raw_download,false,false,false,false,true,,,,,,false,false,2,"Review source terms, robots policy, event identity, and storage/evaluation rights before any raw download.",sha256:462da577667818e1b32c57d5014f730d7271588d2b3ef1a2ba228d2b5d7d7299
src_baaa856d4306bbcb2,cof_2022_q4,COF,Capital One Financial Corporation,2022,Q4,transcript,official_ir,https://investor.capitalone.com/,investor.capitalone.com,metadata_only,metadata_only_no_raw_download,false,false,false,false,true,,,,,,false,false,1,"Review source terms, robots policy, event identity, and storage/evaluation rights before any raw download.",sha256:1cbc27e346c99c58d58ad63366d84ed20526552dad735339f97a842135701b3a
src_45eb2518bb2541b2e,cof_2022_q4,COF,Capital One Financial Corporation,2022,Q4,audio,official_ir,https://investor.capitalone.com/,investor.capitalone.com,metadata_only,metadata_only_no_raw_download,false,false,false,false,true,,,,,,false,false,2,"Review source terms, robots policy, event identity, and storage/evaluation rights before any raw download.",sha256:819c17c7dab9037d8c9fb063a04f1fb41643f7c47fe6e1080d7381f56441b657
src_6f05b193a517f6994,axp_2022_q4,AXP,American Express Company,2022,Q4,transcript,official_ir,https://ir.americanexpress.com/,ir.americanexpress.com,metadata_only,metadata_only_no_raw_download,false,false,false,false,true,,,,,,false,false,1,"Review source terms, robots policy, event identity, and storage/evaluation rights before any raw download.",sha256:ddf423b79f795672b1961d57d29814cc44bb6f99ad2e2d3416762574ba2fbe84
src_482d7503482b747d9,axp_2022_q4,AXP,American Express Company,2022,Q4,audio,official_ir,https://ir.americanexpress.com/,ir.americanexpress.com,metadata_only,metadata_only_no_raw_download,false,false,false,false,true,,,,,,false,false,2,"Review source terms, robots policy, event identity, and storage/evaluation rights before any raw download.",sha256:fe663e4347bfab6fc791e0e4c37be33a781de709c49b4738ceb241fb18f8e25a
src_4067f1a9a795400a0,v_2022_q4,V,Visa Inc.,2022,Q4,transcript,official_ir,https://investor.visa.com/,investor.visa.com,metadata_only,metadata_only_no_raw_download,false,false,false,false,true,,,,,,false,false,1,"Review source terms, robots policy, event identity, and storage/evaluation rights before any raw download.",sha256:7e923e1a1dfc36eac7ea1873bce5816f1fbec1a0f62bdfb67d6d7c9802489acb
src_daebba8962cf1d681,v_2022_q4,V,Visa Inc.,2022,Q4,audio,official_ir,https://investor.visa.com/,investor.visa.com,metadata_only,metadata_only_no_raw_download,false,false,false,false,true,,,,,,false,false,2,"Review source terms, robots policy, event identity, and storage/evaluation rights before any raw download.",sha256:35a55752d6dc8f210e641012d111814a52a2bce71a7d68a20e9e34136fa5c142
src_d2653bfd2ebde88e8,ma_2022_q4,MA,Mastercard Incorporated,2022,Q4,transcript,official_ir,https://investor.mastercard.com/,investor.mastercard.com,metadata_only,metadata_only_no_raw_download,false,false,false,false,true,,,,,,false,false,1,"Review source terms, robots policy, event identity, and storage/evaluation rights before any raw download.",sha256:afaa4e191c9eb4f874e5677a0ff89b6a70017a471db92c896aa2a4ad4b0a86b3
src_5b13938cc11377f59,ma_2022_q4,MA,Mastercard Incorporated,2022,Q4,audio,official_ir,https://investor.mastercard.com/,investor.mastercard.com,metadata_only,metadata_only_no_raw_download,false,false,false,false,true,,,,,,false,false,2,"Review source terms, robots policy, event identity, and storage/evaluation rights before any raw download.",sha256:602a63f7e1b86430c9c60dcb3328176210b6e665b2c2b3978f92bbf91df0ffdf
src_0baade28b5af7f654,fis_2022_q4,FIS,"Fidelity National Information Services, Inc.",2022,Q4,transcript,official_ir,https://investor.fisglobal.com/,investor.fisglobal.com,metadata_only,metadata_only_no_raw_download,false,false,false,false,true,,,,,,false,false,1,"Review source terms, robots policy, event identity, and storage/evaluation rights before any raw download.",sha256:ff8daa695d7c78ff96b2e8b30e82c9178d941d808350e06291ef09baa7fd4a3f
src_19389c75e555a03d4,fis_2022_q4,FIS,"Fidelity National Information Services, Inc.",2022,Q4,audio,official_ir,https://investor.fisglobal.com/,investor.fisglobal.com,metadata_only,metadata_only_no_raw_download,false,false,false,false,true,,,,,,false,false,2,"Review source terms, robots policy, event identity, and storage/evaluation rights before any raw download.",sha256:4cfcac9f786b94ea0e3d312b73494da367960429954d013ae751a0ac5f8be0e9
src_cec96e78dddc9718e,gpn_2022_q4,GPN,Global Payments Inc.,2022,Q4,transcript,official_ir,https://investors.globalpayments.com/,investors.globalpayments.com,metadata_only,metadata_only_no_raw_download,false,false,false,false,true,,,,,,false,false,1,"Review source terms, robots policy, event identity, and storage/evaluation rights before any raw download.",sha256:1b72d417216d57aa4be8bf9d0fa8a3e50aa74cdfebfffc77cebc85170a10e3b4
src_c52a4f2c699699f2f,gpn_2022_q4,GPN,Global Payments Inc.,2022,Q4,audio,official_ir,https://investors.globalpayments.com/,investors.globalpayments.com,metadata_only,metadata_only_no_raw_download,false,false,false,false,true,,,,,,false,false,2,"Review source terms, robots policy, event identity, and storage/evaluation rights before any raw download.",sha256:f7d7da68369d6cba5f8a60e2dae0997737a65319c1851bc29870f463525978b4
src_31060ca0d32aefaca,blk_2022_q4,BLK,"BlackRock, Inc.",2022,Q4,transcript,official_ir,https://ir.blackrock.com/,ir.blackrock.com,metadata_only,metadata_only_no_raw_download,false,false,false,false,true,,,,,,false,false,1,"Review source terms, robots policy, event identity, and storage/evaluation rights before any raw download.",sha256:8f4027e5216e4ce5614d6057c53f52e9b53b3622a1fc9c76f6cf69f24a9177a5
src_bc8c95ccbe96181d5,blk_2022_q4,BLK,"BlackRock, Inc.",2022,Q4,audio,official_ir,https://ir.blackrock.com/,ir.blackrock.com,metadata_only,metadata_only_no_raw_download,false,false,false,false,true,,,,,,false,false,2,"Review source terms, robots policy, event identity, and storage/evaluation rights before any raw download.",sha256:42490e7898c9b0f070af9045d1c1abac464b68633e22e1e25436e3ccd83d6255
src_f44bca498ef669112,bx_2022_q4,BX,Blackstone Inc.,2022,Q4,transcript,official_ir,https://ir.blackstone.com/,ir.blackstone.com,metadata_only,metadata_only_no_raw_download,false,false,false,false,true,,,,,,false,false,1,"Review source terms, robots policy, event identity, and storage/evaluation rights before any raw download.",sha256:951ba2267896fe8bf46d139921490adb69f6c4a60fc20dc1097d36ab8ee834b9
src_c703be552c2b2f21e,bx_2022_q4,BX,Blackstone Inc.,2022,Q4,audio,official_ir,https://ir.blackstone.com/,ir.blackstone.com,metadata_only,metadata_only_no_raw_download,false,false,false,false,true,,,,,,false,false,2,"Review source terms, robots policy, event identity, and storage/evaluation rights before any raw download.",sha256:70390054c27a3c509c26ebede23f256d1dbc26fd6d72ecb4031e993adf184ea9
src_806f3b56a47aa3857,schw_2022_q4,SCHW,The Charles Schwab Corporation,2022,Q4,transcript,official_ir,https://www.aboutschwab.com/investor-relations,www.aboutschwab.com,metadata_only,metadata_only_no_raw_download,false,false,false,false,true,,,,,,false,false,1,"Review source terms, robots policy, event identity, and storage/evaluation rights before any raw download.",sha256:91df63788d760afc4fbda21a0d8a2c626d38a6afbfc18a2cd1a939768582d00f
src_45082814e3dd1f0ef,schw_2022_q4,SCHW,The Charles Schwab Corporation,2022,Q4,audio,official_ir,https://www.aboutschwab.com/investor-relations,www.aboutschwab.com,metadata_only,metadata_only_no_raw_download,false,false,false,false,true,,,,,,false,false,2,"Review source terms, robots policy, event identity, and storage/evaluation rights before any raw download.",sha256:b51969f75a6b5b6eb972a4edcbba3243bd8d7e7c325fd631dd816e99273c94c8
src_804ec3473c6b1db40,ice_2022_q4,ICE,"Intercontinental Exchange, Inc.",2022,Q4,transcript,official_ir,https://ir.theice.com/,ir.theice.com,metadata_only,metadata_only_no_raw_download,false,false,false,false,true,,,,,,false,false,1,"Review source terms, robots policy, event identity, and storage/evaluation rights before any raw download.",sha256:d8e3cf774d2768a6695b979934477fe5a6b99671a88c027422a95b4726999d0b
src_488416e92d6ba11ca,ice_2022_q4,ICE,"Intercontinental Exchange, Inc.",2022,Q4,audio,official_ir,https://ir.theice.com/,ir.theice.com,metadata_only,metadata_only_no_raw_download,false,false,false,false,true,,,,,,false,false,2,"Review source terms, robots policy, event identity, and storage/evaluation rights before any raw download.",sha256:05149da2a5cef3d27efbcb915fa59730e87750ac223b6bed1114a024057fd4aa
src_e99d852885bbe93ce,spgi_2022_q4,SPGI,S&P Global Inc.,2022,Q4,transcript,official_ir,https://investor.spglobal.com/,investor.spglobal.com,metadata_only,metadata_only_no_raw_download,false,false,false,false,true,,,,,,false,false,1,"Review source terms, robots policy, event identity, and storage/evaluation rights before any raw download.",sha256:a00e88323887b430f552a66677e319ec233534f856b918a60177097d9fba6678
src_03f176bcebe440221,spgi_2022_q4,SPGI,S&P Global Inc.,2022,Q4,audio,official_ir,https://investor.spglobal.com/,investor.spglobal.com,metadata_only,metadata_only_no_raw_download,false,false,false,false,true,,,,,,false,false,2,"Review source terms, robots policy, event identity, and storage/evaluation rights before any raw download.",sha256:6579c791b3f9f3b3733d3449f0d7e8efc0ca81d929f0c0374dd1018cc2ea2f7e
src_a3ce12477b46eaf8c,mco_2022_q4,MCO,Moody's Corporation,2022,Q4,transcript,official_ir,https://ir.moodys.com/,ir.moodys.com,metadata_only,metadata_only_no_raw_download,false,false,false,false,true,,,,,,false,false,1,"Review source terms, robots policy, event identity, and storage/evaluation rights before any raw download.",sha256:0d4a5c0dd7f425803e3ae39060268953118353a3e2fd87118beeab323e0461f1
src_a0d684a27b96c3de6,mco_2022_q4,MCO,Moody's Corporation,2022,Q4,audio,official_ir,https://ir.moodys.com/,ir.moodys.com,metadata_only,metadata_only_no_raw_download,false,false,false,false,true,,,,,,false,false,2,"Review source terms, robots policy, event identity, and storage/evaluation rights before any raw download.",sha256:0092ba9d69f2592cfcdf68fead73f61f631f03e6018df7cc5f84217040e85aba
src_6825f17e90ee40a19,aon_2022_q4,AON,Aon plc,2022,Q4,transcript,official_ir,https://investors.aon.com/,investors.aon.com,metadata_only,metadata_only_no_raw_download,false,false,false,false,true,,,,,,false,false,1,"Review source terms, robots policy, event identity, and storage/evaluation rights before any raw download.",sha256:ec51803d4b8ec74c1a1622c25aa6ada2ff114a65032a18495afb2133df648561
src_25f8880bf4d747e46,aon_2022_q4,AON,Aon plc,2022,Q4,audio,official_ir,https://investors.aon.com/,investors.aon.com,metadata_only,metadata_only_no_raw_download,false,false,false,false,true,,,,,,false,false,2,"Review source terms, robots policy, event identity, and storage/evaluation rights before any raw download.",sha256:9c67fb5310be512edb31e606f73fd2deea8e11569b55d96908e6a792bdac6b3a
src_60166d4e9407e8128,aig_2022_q4,AIG,"American International Group, Inc.",2022,Q4,transcript,official_ir,https://www.aig.com/investor-relations,www.aig.com,metadata_only,metadata_only_no_raw_download,false,false,false,false,true,,,,,,false,false,1,"Review source terms, robots policy, event identity, and storage/evaluation rights before any raw download.",sha256:a3b958299ddc5b7cdf78ee2dd39a6c761e406623e8053dac655a5da099c88627
src_56d3e269928897d22,aig_2022_q4,AIG,"American International Group, Inc.",2022,Q4,audio,official_ir,https://www.aig.com/investor-relations,www.aig.com,metadata_only,metadata_only_no_raw_download,false,false,false,false,true,,,,,,false,false,2,"Review source terms, robots policy, event identity, and storage/evaluation rights before any raw download.",sha256:b4dedb9f4b4ae4c0910592a3fc9a91b1012b41cdb9e91da413b96fb2da9206ae
src_24a4b44d31e71ba1d,met_2022_q4,MET,"MetLife, Inc.",2022,Q4,transcript,official_ir,https://investor.metlife.com/,investor.metlife.com,metadata_only,metadata_only_no_raw_download,false,false,false,false,true,,,,,,false,false,1,"Review source terms, robots policy, event identity, and storage/evaluation rights before any raw download.",sha256:4612c1bf8c37907d469ccd29117b1c4da7edd8e1501190f0de3441c4b3263884
src_dddcb4bb65e353961,met_2022_q4,MET,"MetLife, Inc.",2022,Q4,audio,official_ir,https://investor.metlife.com/,investor.metlife.com,metadata_only,metadata_only_no_raw_download,false,false,false,false,true,,,,,,false,false,2,"Review source terms, robots policy, event identity, and storage/evaluation rights before any raw download.",sha256:455d5a72a5f300f02d42811f4d3393dd06634aee483cc46226d43703bf1df916
src_05e2702629510b9b2,pru_2022_q4,PRU,"Prudential Financial, Inc.",2022,Q4,transcript,official_ir,https://www.investor.prudential.com/,www.investor.prudential.com,metadata_only,metadata_only_no_raw_download,false,false,false,false,true,,,,,,false,false,1,"Review source terms, robots policy, event identity, and storage/evaluation rights before any raw download.",sha256:1c81b27f9c7737dedcdf40b3808595f7d5cd6369be98525af849624be63c0f00
src_845604f7ff47bc70e,pru_2022_q4,PRU,"Prudential Financial, Inc.",2022,Q4,audio,official_ir,https://www.investor.prudential.com/,www.investor.prudential.com,metadata_only,metadata_only_no_raw_download,false,false,false,false,true,,,,,,false,false,2,"Review source terms, robots policy, event identity, and storage/evaluation rights before any raw download.",sha256:0dcc67e1d68f21da820e7b798e383af6d727177a533680ebf4b25b91d43a788b
src_21f36f083dfc627a7,trv_2022_q4,TRV,"The Travelers Companies, Inc.",2022,Q4,transcript,official_ir,https://investor.travelers.com/,investor.travelers.com,metadata_only,metadata_only_no_raw_download,false,false,false,false,true,,,,,,false,false,1,"Review source terms, robots policy, event identity, and storage/evaluation rights before any raw download.",sha256:b4ce74f8286fa32c07f1a85bcf69879a7ca22e8081a2c3ec02f0640437e9ef96
src_e8d6cf525478ff8a3,trv_2022_q4,TRV,"The Travelers Companies, Inc.",2022,Q4,audio,official_ir,https://investor.travelers.com/,investor.travelers.com,metadata_only,metadata_only_no_raw_download,false,false,false,false,true,,,,,,false,false,2,"Review source terms, robots policy, event identity, and storage/evaluation rights before any raw download.",sha256:4a57616fff5e25645a63f01baf0739491ffd74db5e1034571230d3ee1b7c029c
src_0af90d759e188d674,cb_2022_q4,CB,Chubb Limited,2022,Q4,transcript,official_ir,https://investors.chubb.com/,investors.chubb.com,metadata_only,metadata_only_no_raw_download,false,false,false,false,true,,,,,,false,false,1,"Review source terms, robots policy, event identity, and storage/evaluation rights before any raw download.",sha256:da3a71afdecd0aacddb928d9bab6b973e89eb85358b6d039c3dddf1e0b4559c1
src_bac46607367439598,cb_2022_q4,CB,Chubb Limited,2022,Q4,audio,official_ir,https://investors.chubb.com/,investors.chubb.com,metadata_only,metadata_only_no_raw_download,false,false,false,false,true,,,,,,false,false,2,"Review source terms, robots policy, event identity, and storage/evaluation rights before any raw download.",sha256:b285ce74cc5e3fb8ac85e17f79d5d783ebbd07892fe7f0c7abc9c634854a431f
src_09e8b225a6e3aa0b4,jnj_2022_q4,JNJ,Johnson & Johnson,2022,Q4,transcript,official_ir,https://www.investor.jnj.com/,www.investor.jnj.com,metadata_only,metadata_only_no_raw_download,false,false,false,false,true,,,,,,false,false,1,"Review source terms, robots policy, event identity, and storage/evaluation rights before any raw download.",sha256:0642ef50a1b16d00c667af8ce92ebcc6c51d37d814d428f90563c42cb32aace6
src_1abd950c5e8bb159a,jnj_2022_q4,JNJ,Johnson & Johnson,2022,Q4,audio,official_ir,https://www.investor.jnj.com/,www.investor.jnj.com,metadata_only,metadata_only_no_raw_download,false,false,false,false,true,,,,,,false,false,2,"Review source terms, robots policy, event identity, and storage/evaluation rights before any raw download.",sha256:ffcbb2dffde76e789f44fef37261ceaec74e0ed70c5406398b159d657ecb1938
src_63c6b4658951cf033,lly_2022_q4,LLY,Eli Lilly and Company,2022,Q4,transcript,official_ir,https://investor.lilly.com/,investor.lilly.com,metadata_only,metadata_only_no_raw_download,false,false,false,false,true,,,,,,false,false,1,"Review source terms, robots policy, event identity, and storage/evaluation rights before any raw download.",sha256:8673c4e1307418eccda5e9f0488504fdf21180c298a5b7c26a5a7985ab4427bb
src_37264092fdd1ebb13,lly_2022_q4,LLY,Eli Lilly and Company,2022,Q4,audio,official_ir,https://investor.lilly.com/,investor.lilly.com,metadata_only,metadata_only_no_raw_download,false,false,false,false,true,,,,,,false,false,2,"Review source terms, robots policy, event identity, and storage/evaluation rights before any raw download.",sha256:d556540feb57ad869ac108525719aec6483a2451e69f4da96cf77af78278530a
src_9147b3ea1ea22a289,mrk_2022_q4,MRK,"Merck & Co., Inc.",2022,Q4,transcript,official_ir,https://www.merck.com/investor-relations/,www.merck.com,metadata_only,metadata_only_no_raw_download,false,false,false,false,true,,,,,,false,false,1,"Review source terms, robots policy, event identity, and storage/evaluation rights before any raw download.",sha256:62545cea39343de5ab3c6c89a287838e44ddfc912047c11ba9870ff2dab54e7d
src_461f8934320d949b6,mrk_2022_q4,MRK,"Merck & Co., Inc.",2022,Q4,audio,official_ir,https://www.merck.com/investor-relations/,www.merck.com,metadata_only,metadata_only_no_raw_download,false,false,false,false,true,,,,,,false,false,2,"Review source terms, robots policy, event identity, and storage/evaluation rights before any raw download.",sha256:7d0b609f425822d7a8dc09a133b8665287b6efff7e0d46d1c6c655fb66325a51
src_0bdb6faa76705da1f,pfe_2022_q4,PFE,Pfizer Inc.,2022,Q4,transcript,official_ir,https://investors.pfizer.com/,investors.pfizer.com,metadata_only,metadata_only_no_raw_download,false,false,false,false,true,,,,,,false,false,1,"Review source terms, robots policy, event identity, and storage/evaluation rights before any raw download.",sha256:00d71187f6c94bac2299d7b10b675dbc57cb89d0f22db753af1602556ba73f12
src_e610a1b46365302ef,pfe_2022_q4,PFE,Pfizer Inc.,2022,Q4,audio,official_ir,https://investors.pfizer.com/,investors.pfizer.com,metadata_only,metadata_only_no_raw_download,false,false,false,false,true,,,,,,false,false,2,"Review source terms, robots policy, event identity, and storage/evaluation rights before any raw download.",sha256:65320aaa583d2d6b8322546ba9a4d1ddea02d3459bc2ac804d39cda4af357f2f
src_cf111e6db189767f6,unh_2022_q4,UNH,UnitedHealth Group Incorporated,2022,Q4,transcript,official_ir,https://www.unitedhealthgroup.com/investors.html,www.unitedhealthgroup.com,metadata_only,metadata_only_no_raw_download,false,false,false,false,true,,,,,,false,false,1,"Review source terms, robots policy, event identity, and storage/evaluation rights before any raw download.",sha256:22b01152c3326ffd9c518fdb77b80e436e9927f622d70853abe057ae8552f51b
src_54ff335cb41bf43ff,unh_2022_q4,UNH,UnitedHealth Group Incorporated,2022,Q4,audio,official_ir,https://www.unitedhealthgroup.com/investors.html,www.unitedhealthgroup.com,metadata_only,metadata_only_no_raw_download,false,false,false,false,true,,,,,,false,false,2,"Review source terms, robots policy, event identity, and storage/evaluation rights before any raw download.",sha256:b971b76eff560b94feddf78b46a6468e0260d47df2391ffb8b696a3e7e53d249
src_149ac84289e297ad1,cvs_2022_q4,CVS,CVS Health Corporation,2022,Q4,transcript,official_ir,https://investors.cvshealth.com/,investors.cvshealth.com,metadata_only,metadata_only_no_raw_download,false,false,false,false,true,,,,,,false,false,1,"Review source terms, robots policy, event identity, and storage/evaluation rights before any raw download.",sha256:895f3f38701afaa62e7e0138c9f3e8b4bc4ac1adc1fb2f91f70711335c47185d
src_6dd3f59749adf8dc5,cvs_2022_q4,CVS,CVS Health Corporation,2022,Q4,audio,official_ir,https://investors.cvshealth.com/,investors.cvshealth.com,metadata_only,metadata_only_no_raw_download,false,false,false,false,true,,,,,,false,false,2,"Review source terms, robots policy, event identity, and storage/evaluation rights before any raw download.",sha256:20bd701ff2e0e2f3e226250bc2bbd575dad18ab1ea82aeec220aaf548afb5a70
src_8773065b889eccab9,abt_2022_q4,ABT,Abbott Laboratories,2022,Q4,transcript,official_ir,https://www.abbottinvestor.com/,www.abbottinvestor.com,metadata_only,metadata_only_no_raw_download,false,false,false,false,true,,,,,,false,false,1,"Review source terms, robots policy, event identity, and storage/evaluation rights before any raw download.",sha256:3d6c41ceb5eafcae4e75687c6470970e59bf7e51ff78fd23e45c9a0e1a7fc72e
src_502cf979eab3dd451,abt_2022_q4,ABT,Abbott Laboratories,2022,Q4,audio,official_ir,https://www.abbottinvestor.com/,www.abbottinvestor.com,metadata_only,metadata_only_no_raw_download,false,false,false,false,true,,,,,,false,false,2,"Review source terms, robots policy, event identity, and storage/evaluation rights before any raw download.",sha256:3e75980b736d63606e6fccc5b0d94ae4b35e687ad182b462a2bdd850b2eb65ae
src_404f4bda42d86ad70,bmy_2022_q4,BMY,Bristol Myers Squibb Company,2022,Q4,transcript,official_ir,https://investors.bms.com/,investors.bms.com,metadata_only,metadata_only_no_raw_download,false,false,false,false,true,,,,,,false,false,1,"Review source terms, robots policy, event identity, and storage/evaluation rights before any raw download.",sha256:13c5db5f5ed532507236ce1efb976268ada6905257e66d947db6ef8ef7f085f4
src_eb20d091297d76dbb,bmy_2022_q4,BMY,Bristol Myers Squibb Company,2022,Q4,audio,official_ir,https://investors.bms.com/,investors.bms.com,metadata_only,metadata_only_no_raw_download,false,false,false,false,true,,,,,,false,false,2,"Review source terms, robots policy, event identity, and storage/evaluation rights before any raw download.",sha256:dcac89cf4f04b9ce4d5b4edab01363ab1a1d8bc824cc8cac455c80bb57afe771
src_df51c6293296757ef,mdt_2022_q4,MDT,Medtronic plc,2022,Q4,transcript,official_ir,https://investorrelations.medtronic.com/,investorrelations.medtronic.com,metadata_only,metadata_only_no_raw_download,false,false,false,false,true,,,,,,false,false,1,"Review source terms, robots policy, event identity, and storage/evaluation rights before any raw download.",sha256:e7d0895f931eec3dc2740dcd217e51eaa39085979cf084b4aace6e7eba517da0
src_dc017267f30044bc1,mdt_2022_q4,MDT,Medtronic plc,2022,Q4,audio,official_ir,https://investorrelations.medtronic.com/,investorrelations.medtronic.com,metadata_only,metadata_only_no_raw_download,false,false,false,false,true,,,,,,false,false,2,"Review source terms, robots policy, event identity, and storage/evaluation rights before any raw download.",sha256:437d65a4a52c133d5b57aaea87204988a5ea18c867a93b37160ca48d86b11016
src_10f0c383faf0f3a5a,tmo_2022_q4,TMO,Thermo Fisher Scientific Inc.,2022,Q4,transcript,official_ir,https://ir.thermofisher.com/,ir.thermofisher.com,metadata_only,metadata_only_no_raw_download,false,false,false,false,true,,,,,,false,false,1,"Review source terms, robots policy, event identity, and storage/evaluation rights before any raw download.",sha256:c2ed6ed2b1a19836f2db0f4ba48a5979703c514daed95dd9e68ddd5ce66b58f1
src_2375b8809113ab4ee,tmo_2022_q4,TMO,Thermo Fisher Scientific Inc.,2022,Q4,audio,official_ir,https://ir.thermofisher.com/,ir.thermofisher.com,metadata_only,metadata_only_no_raw_download,false,false,false,false,true,,,,,,false,false,2,"Review source terms, robots policy, event identity, and storage/evaluation rights before any raw download.",sha256:9f5c041e164196568b239f2d804cc58d17940f2d7ae99fab08875f38ae024d84
src_37d23bcad3f05946e,dhr_2022_q4,DHR,Danaher Corporation,2022,Q4,transcript,official_ir,https://investors.danaher.com/,investors.danaher.com,metadata_only,metadata_only_no_raw_download,false,false,false,false,true,,,,,,false,false,1,"Review source terms, robots policy, event identity, and storage/evaluation rights before any raw download.",sha256:17c8092ff584edc8f307f56b3644b7577777b8d6495cc21f194f60a3561c7c07
src_e16660a06faebbb39,dhr_2022_q4,DHR,Danaher Corporation,2022,Q4,audio,official_ir,https://investors.danaher.com/,investors.danaher.com,metadata_only,metadata_only_no_raw_download,false,false,false,false,true,,,,,,false,false,2,"Review source terms, robots policy, event identity, and storage/evaluation rights before any raw download.",sha256:ced9ffa25aa81633897baf10e86e33c34c612ba3957a9e47f7837f9ae806d31b
src_ade8aa89debfe16a6,bdx_2022_q4,BDX,"Becton, Dickinson and Company",2022,Q4,transcript,official_ir,https://investors.bd.com/,investors.bd.com,metadata_only,metadata_only_no_raw_download,false,false,false,false,true,,,,,,false,false,1,"Review source terms, robots policy, event identity, and storage/evaluation rights before any raw download.",sha256:9485813eeee5b8e8f583119de3123f157f93025d538d92b3f59586b2b058bb19
src_bc400e9f62193ec17,bdx_2022_q4,BDX,"Becton, Dickinson and Company",2022,Q4,audio,official_ir,https://investors.bd.com/,investors.bd.com,metadata_only,metadata_only_no_raw_download,false,false,false,false,true,,,,,,false,false,2,"Review source terms, robots policy, event identity, and storage/evaluation rights before any raw download.",sha256:1b6113fc3ec752f26d1cbed31d0ffc0edc4260d0e9ea9a5095db25045b53ce7f
src_909c2f6d087cf5a1c,ci_2022_q4,CI,The Cigna Group,2022,Q4,transcript,official_ir,https://investors.thecignagroup.com/,investors.thecignagroup.com,metadata_only,metadata_only_no_raw_download,false,false,false,false,true,,,,,,false,false,1,"Review source terms, robots policy, event identity, and storage/evaluation rights before any raw download.",sha256:f2c04044ad0915859c1dc90d674e91dbdff13cd4bb846939c21adffa291cf52f
src_8915a287032858e68,ci_2022_q4,CI,The Cigna Group,2022,Q4,audio,official_ir,https://investors.thecignagroup.com/,investors.thecignagroup.com,metadata_only,metadata_only_no_raw_download,false,false,false,false,true,,,,,,false,false,2,"Review source terms, robots policy, event identity, and storage/evaluation rights before any raw download.",sha256:8817e42e2eebf83b8b2e5dc06776d0a39e24dfc892aa24f9321db7077a8b0359
src_be117dc89836c91cd,hca_2022_q4,HCA,"HCA Healthcare, Inc.",2022,Q4,transcript,official_ir,https://investor.hcahealthcare.com/,investor.hcahealthcare.com,metadata_only,metadata_only_no_raw_download,false,false,false,false,true,,,,,,false,false,1,"Review source terms, robots policy, event identity, and storage/evaluation rights before any raw download.",sha256:98f78d9b34dbbf7caecdd81488fa2874950789ec438ae6de40989e050b71ccd6
src_a5831f26bc7d7e70e,hca_2022_q4,HCA,"HCA Healthcare, Inc.",2022,Q4,audio,official_ir,https://investor.hcahealthcare.com/,investor.hcahealthcare.com,metadata_only,metadata_only_no_raw_download,false,false,false,false,true,,,,,,false,false,2,"Review source terms, robots policy, event identity, and storage/evaluation rights before any raw download.",sha256:75998d539fa2b68c736d6d2c9ca0932c5319c900bdff96e5e37ec8362e08b542
src_6ca9dd8b29f6a64aa,syk_2022_q4,SYK,Stryker Corporation,2022,Q4,transcript,official_ir,https://investors.stryker.com/,investors.stryker.com,metadata_only,metadata_only_no_raw_download,false,false,false,false,true,,,,,,false,false,1,"Review source terms, robots policy, event identity, and storage/evaluation rights before any raw download.",sha256:b8f67c4f34508a5daf755c4ff01b29de3de7294607fc3c8deec2a19d5a4a1bd7
src_a7e5e9acb7f914237,syk_2022_q4,SYK,Stryker Corporation,2022,Q4,audio,official_ir,https://investors.stryker.com/,investors.stryker.com,metadata_only,metadata_only_no_raw_download,false,false,false,false,true,,,,,,false,false,2,"Review source terms, robots policy, event identity, and storage/evaluation rights before any raw download.",sha256:fecc8c77dd6818915a32b42b47284f00f661455b6407cf1bd1fef76e5dddf3fe
src_2bbaf591f9be31398,xom_2022_q4,XOM,Exxon Mobil Corporation,2022,Q4,transcript,official_ir,https://corporate.exxonmobil.com/investors,corporate.exxonmobil.com,metadata_only,metadata_only_no_raw_download,false,false,false,false,true,,,,,,false,false,1,"Review source terms, robots policy, event identity, and storage/evaluation rights before any raw download.",sha256:0b4b3652b127ceafe1c1a235df6a2e937c51bba55c91f37b06910b9b4f8ac5bd
src_c1e309dd7e39c6f68,xom_2022_q4,XOM,Exxon Mobil Corporation,2022,Q4,audio,official_ir,https://corporate.exxonmobil.com/investors,corporate.exxonmobil.com,metadata_only,metadata_only_no_raw_download,false,false,false,false,true,,,,,,false,false,2,"Review source terms, robots policy, event identity, and storage/evaluation rights before any raw download.",sha256:48ca836dc79656b6ea0e2c9208bc63c53ba97ee09929b4760ef4fda60d227bdf
src_02854cd1b17327f4f,cvx_2022_q4,CVX,Chevron Corporation,2022,Q4,transcript,official_ir,https://www.chevron.com/investors,www.chevron.com,metadata_only,metadata_only_no_raw_download,false,false,false,false,true,,,,,,false,false,1,"Review source terms, robots policy, event identity, and storage/evaluation rights before any raw download.",sha256:1a3020a45689360a652755216d9dc34997a00f3d52abbbd5ad31d42979cfd8ae
src_11b56a354d1952ec7,cvx_2022_q4,CVX,Chevron Corporation,2022,Q4,audio,official_ir,https://www.chevron.com/investors,www.chevron.com,metadata_only,metadata_only_no_raw_download,false,false,false,false,true,,,,,,false,false,2,"Review source terms, robots policy, event identity, and storage/evaluation rights before any raw download.",sha256:6c75db9b3c4521bc6985665f5687e55e322cc119e5419c8ec6fe57acf4ca5124
src_feb0aac745c394bd3,cop_2022_q4,COP,ConocoPhillips,2022,Q4,transcript,official_ir,https://www.conocophillips.com/investor-relations/,www.conocophillips.com,metadata_only,metadata_only_no_raw_download,false,false,false,false,true,,,,,,false,false,1,"Review source terms, robots policy, event identity, and storage/evaluation rights before any raw download.",sha256:ebf7fa843cfece962c0a90818b4109ce2cbdcaa076f76805c5b4ba9c70898bc6
src_6c045e98d64ed5af3,cop_2022_q4,COP,ConocoPhillips,2022,Q4,audio,official_ir,https://www.conocophillips.com/investor-relations/,www.conocophillips.com,metadata_only,metadata_only_no_raw_download,false,false,false,false,true,,,,,,false,false,2,"Review source terms, robots policy, event identity, and storage/evaluation rights before any raw download.",sha256:b749f8bc6e9657d8115ec7423ec66525d5b9f0b956bbd69ceedb1274038d4f6f
src_e62a87ba43ebbc7c6,slb_2022_q4,SLB,SLB,2022,Q4,transcript,official_ir,https://investorcenter.slb.com/,investorcenter.slb.com,metadata_only,metadata_only_no_raw_download,false,false,false,false,true,,,,,,false,false,1,"Review source terms, robots policy, event identity, and storage/evaluation rights before any raw download.",sha256:d5f4e80a5eab88a9995283e6b0e2accea2b3fd52d350f75e9494fedbede4a59e
src_a8330705b0b9e9072,slb_2022_q4,SLB,SLB,2022,Q4,audio,official_ir,https://investorcenter.slb.com/,investorcenter.slb.com,metadata_only,metadata_only_no_raw_download,false,false,false,false,true,,,,,,false,false,2,"Review source terms, robots policy, event identity, and storage/evaluation rights before any raw download.",sha256:ea84c6c3c193e76e4ed6b2ed6364d601da259c234c34becba55b17b893e21081
src_146b0285826cf9c4a,hal_2022_q4,HAL,Halliburton Company,2022,Q4,transcript,official_ir,https://ir.halliburton.com/,ir.halliburton.com,metadata_only,metadata_only_no_raw_download,false,false,false,false,true,,,,,,false,false,1,"Review source terms, robots policy, event identity, and storage/evaluation rights before any raw download.",sha256:f4b9b6b44b5159682f6ea12bee051e05841c6b2758ce2397e285ff97571be119
src_a9a96884ed1b1638e,hal_2022_q4,HAL,Halliburton Company,2022,Q4,audio,official_ir,https://ir.halliburton.com/,ir.halliburton.com,metadata_only,metadata_only_no_raw_download,false,false,false,false,true,,,,,,false,false,2,"Review source terms, robots policy, event identity, and storage/evaluation rights before any raw download.",sha256:03e618bfeca41633a13bd7e243b67487f86eef8a6098b9049b4809dd04455681
src_0540c522ca3ce49f9,eog_2022_q4,EOG,"EOG Resources, Inc.",2022,Q4,transcript,official_ir,https://investors.eogresources.com/,investors.eogresources.com,metadata_only,metadata_only_no_raw_download,false,false,false,false,true,,,,,,false,false,1,"Review source terms, robots policy, event identity, and storage/evaluation rights before any raw download.",sha256:01d6a4b00850c10ff8c8e1d5f7f33b025c62cd4403d84b5e969a3c8753239f88
src_48d06afbda9b7f6b7,eog_2022_q4,EOG,"EOG Resources, Inc.",2022,Q4,audio,official_ir,https://investors.eogresources.com/,investors.eogresources.com,metadata_only,metadata_only_no_raw_download,false,false,false,false,true,,,,,,false,false,2,"Review source terms, robots policy, event identity, and storage/evaluation rights before any raw download.",sha256:e32875f0e4a31f6005d422f14494d5e10c8e6f6b7df036ac01590b7ba8836941
src_8c82057c0e6167ab6,oxy_2022_q4,OXY,Occidental Petroleum Corporation,2022,Q4,transcript,official_ir,https://www.oxy.com/investors/,www.oxy.com,metadata_only,metadata_only_no_raw_download,false,false,false,false,true,,,,,,false,false,1,"Review source terms, robots policy, event identity, and storage/evaluation rights before any raw download.",sha256:30cc84162a2012ec34b4d2c8ac7bef19ada5ed99b204a398656f4efae49888c5
src_3e9d35f5a86dc2010,oxy_2022_q4,OXY,Occidental Petroleum Corporation,2022,Q4,audio,official_ir,https://www.oxy.com/investors/,www.oxy.com,metadata_only,metadata_only_no_raw_download,false,false,false,false,true,,,,,,false,false,2,"Review source terms, robots policy, event identity, and storage/evaluation rights before any raw download.",sha256:f3f172758eb475fcd9daa44c5aaf8197a2850950e6661cef8e527f82de133c05
src_d474fd3db252d0862,mpc_2022_q4,MPC,Marathon Petroleum Corporation,2022,Q4,transcript,official_ir,https://www.marathonpetroleum.com/Investors/,www.marathonpetroleum.com,metadata_only,metadata_only_no_raw_download,false,false,false,false,true,,,,,,false,false,1,"Review source terms, robots policy, event identity, and storage/evaluation rights before any raw download.",sha256:6df1f8349a0ba598bb6286898b148e2a7adc3441ebd1999b8588e6c6eb8a4299
src_5a3cb03562b7f9559,mpc_2022_q4,MPC,Marathon Petroleum Corporation,2022,Q4,audio,official_ir,https://www.marathonpetroleum.com/Investors/,www.marathonpetroleum.com,metadata_only,metadata_only_no_raw_download,false,false,false,false,true,,,,,,false,false,2,"Review source terms, robots policy, event identity, and storage/evaluation rights before any raw download.",sha256:d8b024b5a297cfe84d8835e20291030418fab42991136784e0f362706a2e57d3
src_346c120896bfc0320,psx_2022_q4,PSX,Phillips 66,2022,Q4,transcript,official_ir,https://investor.phillips66.com/,investor.phillips66.com,metadata_only,metadata_only_no_raw_download,false,false,false,false,true,,,,,,false,false,1,"Review source terms, robots policy, event identity, and storage/evaluation rights before any raw download.",sha256:a15995c7ff3caeb75589543fad909620de51968ac5da8c607d083835fafb1843
src_79e9e68839c563a2c,psx_2022_q4,PSX,Phillips 66,2022,Q4,audio,official_ir,https://investor.phillips66.com/,investor.phillips66.com,metadata_only,metadata_only_no_raw_download,false,false,false,false,true,,,,,,false,false,2,"Review source terms, robots policy, event identity, and storage/evaluation rights before any raw download.",sha256:d845226c3d291320a559f4942078fc5cba1a33989af062c165733ecf40964b09
src_60af5782c0c61e98e,vlo_2022_q4,VLO,Valero Energy Corporation,2022,Q4,transcript,official_ir,https://investorvalero.com/,investorvalero.com,metadata_only,metadata_only_no_raw_download,false,false,false,false,true,,,,,,false,false,1,"Review source terms, robots policy, event identity, and storage/evaluation rights before any raw download.",sha256:ac596a2ea7154e9bdeedbfd5162dbe800563357757a0898f887720c173028dac
src_988b0fe889bb29660,vlo_2022_q4,VLO,Valero Energy Corporation,2022,Q4,audio,official_ir,https://investorvalero.com/,investorvalero.com,metadata_only,metadata_only_no_raw_download,false,false,false,false,true,,,,,,false,false,2,"Review source terms, robots policy, event identity, and storage/evaluation rights before any raw download.",sha256:569b2e9b90768f31770f4d7a4ba787e432e6258623a2542f0fd2cfb72e4911e7
src_eab2d5b11e2966a2b,ba_2022_q4,BA,The Boeing Company,2022,Q4,transcript,official_ir,https://investors.boeing.com/,investors.boeing.com,metadata_only,metadata_only_no_raw_download,false,false,false,false,true,,,,,,false,false,1,"Review source terms, robots policy, event identity, and storage/evaluation rights before any raw download.",sha256:bf49e1a5da8e137e7a09f17937858385c4c95c755fb675fcd48e234c42a8deec
src_5628b50fcd3011825,ba_2022_q4,BA,The Boeing Company,2022,Q4,audio,official_ir,https://investors.boeing.com/,investors.boeing.com,metadata_only,metadata_only_no_raw_download,false,false,false,false,true,,,,,,false,false,2,"Review source terms, robots policy, event identity, and storage/evaluation rights before any raw download.",sha256:eb5495b3b98eb815cae21a597adfcb40d6e271114ff7bd6e1c41bbcced378fe8
src_fd2e17368fc523bce,rtx_2022_q4,RTX,RTX Corporation,2022,Q4,transcript,official_ir,https://www.rtx.com/investors,www.rtx.com,metadata_only,metadata_only_no_raw_download,false,false,false,false,true,,,,,,false,false,1,"Review source terms, robots policy, event identity, and storage/evaluation rights before any raw download.",sha256:affe79d00c95bfdb4c785043ef7b36cdd9ca5d4aeed294025e3233bdb0c90cee
src_19a26982a438e770e,rtx_2022_q4,RTX,RTX Corporation,2022,Q4,audio,official_ir,https://www.rtx.com/investors,www.rtx.com,metadata_only,metadata_only_no_raw_download,false,false,false,false,true,,,,,,false,false,2,"Review source terms, robots policy, event identity, and storage/evaluation rights before any raw download.",sha256:4f9895ea8078341aa5ddd416ede33e1229f4f7d8122b3bc8790c26e914aebfb9
src_b491f5af1e5a44aae,lmt_2022_q4,LMT,Lockheed Martin Corporation,2022,Q4,transcript,official_ir,https://investors.lockheedmartin.com/,investors.lockheedmartin.com,metadata_only,metadata_only_no_raw_download,false,false,false,false,true,,,,,,false,false,1,"Review source terms, robots policy, event identity, and storage/evaluation rights before any raw download.",sha256:5336532a4cb81354088bd12a8be8f7c4fa18219e339d68893c497ceccf3a89d6
src_1be73612b9f99983d,lmt_2022_q4,LMT,Lockheed Martin Corporation,2022,Q4,audio,official_ir,https://investors.lockheedmartin.com/,investors.lockheedmartin.com,metadata_only,metadata_only_no_raw_download,false,false,false,false,true,,,,,,false,false,2,"Review source terms, robots policy, event identity, and storage/evaluation rights before any raw download.",sha256:dc3ecfb3ffe465aa137b7b1b81c960fccb58176ff7ea1c9dbe59517fa8b03ecb
src_cc021708baed424a3,noc_2022_q4,NOC,Northrop Grumman Corporation,2022,Q4,transcript,official_ir,https://investor.northropgrumman.com/,investor.northropgrumman.com,metadata_only,metadata_only_no_raw_download,false,false,false,false,true,,,,,,false,false,1,"Review source terms, robots policy, event identity, and storage/evaluation rights before any raw download.",sha256:4d081de114a3f1153389ae575c81c1d308d5f420b9c9b24267aa9099523ca304
src_13984cefc9207c968,noc_2022_q4,NOC,Northrop Grumman Corporation,2022,Q4,audio,official_ir,https://investor.northropgrumman.com/,investor.northropgrumman.com,metadata_only,metadata_only_no_raw_download,false,false,false,false,true,,,,,,false,false,2,"Review source terms, robots policy, event identity, and storage/evaluation rights before any raw download.",sha256:6263ae1c758e03c44d46d5cc7606507717af7f08e375644d08dd3efc9f02f754
src_260fda1d0e051d101,gd_2022_q4,GD,General Dynamics Corporation,2022,Q4,transcript,official_ir,https://investorrelations.gd.com/,investorrelations.gd.com,metadata_only,metadata_only_no_raw_download,false,false,false,false,true,,,,,,false,false,1,"Review source terms, robots policy, event identity, and storage/evaluation rights before any raw download.",sha256:24a60a6ec42aae0cc96dd8e9f974ddb757e51ea4b64658159f6a96b89aadb76e
src_83d235d33001efba0,gd_2022_q4,GD,General Dynamics Corporation,2022,Q4,audio,official_ir,https://investorrelations.gd.com/,investorrelations.gd.com,metadata_only,metadata_only_no_raw_download,false,false,false,false,true,,,,,,false,false,2,"Review source terms, robots policy, event identity, and storage/evaluation rights before any raw download.",sha256:b36522f08d1a1aa611052cbfe476f2f203eeb5c97ade097a6db19951f920d621
src_83b5b46c488a03abd,cat_2022_q4,CAT,Caterpillar Inc.,2022,Q4,transcript,official_ir,https://investors.caterpillar.com/,investors.caterpillar.com,metadata_only,metadata_only_no_raw_download,false,false,false,false,true,,,,,,false,false,1,"Review source terms, robots policy, event identity, and storage/evaluation rights before any raw download.",sha256:ecfb607f93fe515c67af93bff346bc1e67b430455c49357624d67c5b90a50ccc
src_1e434f0cfc932d9fa,cat_2022_q4,CAT,Caterpillar Inc.,2022,Q4,audio,official_ir,https://investors.caterpillar.com/,investors.caterpillar.com,metadata_only,metadata_only_no_raw_download,false,false,false,false,true,,,,,,false,false,2,"Review source terms, robots policy, event identity, and storage/evaluation rights before any raw download.",sha256:745b18ea3ce64a89b2943ce7e7b0f18981528ec4f8686554962bceb4e85bb939
src_45cb6debc64afaef3,de_2022_q4,DE,Deere & Company,2022,Q4,transcript,official_ir,https://investor.deere.com/,investor.deere.com,metadata_only,metadata_only_no_raw_download,false,false,false,false,true,,,,,,false,false,1,"Review source terms, robots policy, event identity, and storage/evaluation rights before any raw download.",sha256:0f1bb6dfefb30b03f608ff7aa39d3ef6674d12da2a89973883f641c11d29bca8
src_f6aa9288aaf2fcab9,de_2022_q4,DE,Deere & Company,2022,Q4,audio,official_ir,https://investor.deere.com/,investor.deere.com,metadata_only,metadata_only_no_raw_download,false,false,false,false,true,,,,,,false,false,2,"Review source terms, robots policy, event identity, and storage/evaluation rights before any raw download.",sha256:cc3e7a4d7c9f8941c80158fe4f0f4a1d4695e4b5e01276ca235cc959e7bc109e
src_e8f3c8ad7f9271fc2,ge_2022_q4,GE,GE Aerospace,2022,Q4,transcript,official_ir,https://www.geaerospace.com/investors,www.geaerospace.com,metadata_only,metadata_only_no_raw_download,false,false,false,false,true,,,,,,false,false,1,"Review source terms, robots policy, event identity, and storage/evaluation rights before any raw download.",sha256:e4e3fc7453d066eec75ce140295b445f17e744e4c93be9dd5f724ca8133c7c30
src_ca9f7a01ce80d1379,ge_2022_q4,GE,GE Aerospace,2022,Q4,audio,official_ir,https://www.geaerospace.com/investors,www.geaerospace.com,metadata_only,metadata_only_no_raw_download,false,false,false,false,true,,,,,,false,false,2,"Review source terms, robots policy, event identity, and storage/evaluation rights before any raw download.",sha256:c2560c19bc0944da544d9dbf9ee300f6911ce6fa351a3b43c3748dbd2d44aa65
src_aab4e7e23ec996880,etn_2022_q4,ETN,Eaton Corporation plc,2022,Q4,transcript,official_ir,https://www.eaton.com/us/en-us/company/investor-relations.html,www.eaton.com,metadata_only,metadata_only_no_raw_download,false,false,false,false,true,,,,,,false,false,1,"Review source terms, robots policy, event identity, and storage/evaluation rights before any raw download.",sha256:5120f1d7a39a050fe51e1cd7642078d97efafa030ee4c41b3a5f9e0cfbfc9acf
src_22fc00dd9c5c15037,etn_2022_q4,ETN,Eaton Corporation plc,2022,Q4,audio,official_ir,https://www.eaton.com/us/en-us/company/investor-relations.html,www.eaton.com,metadata_only,metadata_only_no_raw_download,false,false,false,false,true,,,,,,false,false,2,"Review source terms, robots policy, event identity, and storage/evaluation rights before any raw download.",sha256:d3353d88c69a61172fa45c23b7d3c44a02e7b834cb35f8310c52c670b93e91ff
src_53d29ff615c9c4d0d,emr_2022_q4,EMR,Emerson Electric Co.,2022,Q4,transcript,official_ir,https://www.emerson.com/en-us/investors,www.emerson.com,metadata_only,metadata_only_no_raw_download,false,false,false,false,true,,,,,,false,false,1,"Review source terms, robots policy, event identity, and storage/evaluation rights before any raw download.",sha256:814746b6a9e5b6a2e7ec711cd98d1e76bfdb82d38986373419c2a29c948dc8d4
src_91dec5aa4f1b9ecba,emr_2022_q4,EMR,Emerson Electric Co.,2022,Q4,audio,official_ir,https://www.emerson.com/en-us/investors,www.emerson.com,metadata_only,metadata_only_no_raw_download,false,false,false,false,true,,,,,,false,false,2,"Review source terms, robots policy, event identity, and storage/evaluation rights before any raw download.",sha256:0a638a83011b71d29f1cade0ec2d757bebb51afb01916ea893e5698cf63bd6bb
src_09ed617ae7ce64171,mmm_2022_q4,MMM,3M Company,2022,Q4,transcript,official_ir,https://investors.3m.com/,investors.3m.com,metadata_only,metadata_only_no_raw_download,false,false,false,false,true,,,,,,false,false,1,"Review source terms, robots policy, event identity, and storage/evaluation rights before any raw download.",sha256:cc76da7818b69e2ddb0d68ec4a5a2b1bd67768aeaf7034ef4e15ff0bef41195d
src_5d5ad5890eaa3c2c2,mmm_2022_q4,MMM,3M Company,2022,Q4,audio,official_ir,https://investors.3m.com/,investors.3m.com,metadata_only,metadata_only_no_raw_download,false,false,false,false,true,,,,,,false,false,2,"Review source terms, robots policy, event identity, and storage/evaluation rights before any raw download.",sha256:e7c2bbeaf34dcf044b7cb3a7b6baa4e789bab1b93c8898ef5d26d44d56ac1639
src_f17c617ff1ab98ef8,itw_2022_q4,ITW,Illinois Tool Works Inc.,2022,Q4,transcript,official_ir,https://investor.itw.com/,investor.itw.com,metadata_only,metadata_only_no_raw_download,false,false,false,false,true,,,,,,false,false,1,"Review source terms, robots policy, event identity, and storage/evaluation rights before any raw download.",sha256:6179a9fb10f690a9c7acdfc96a8fe033af32867ab4352943469fb98b3ffb1427
src_f81ab4028c61c4f93,itw_2022_q4,ITW,Illinois Tool Works Inc.,2022,Q4,audio,official_ir,https://investor.itw.com/,investor.itw.com,metadata_only,metadata_only_no_raw_download,false,false,false,false,true,,,,,,false,false,2,"Review source terms, robots policy, event identity, and storage/evaluation rights before any raw download.",sha256:81ad1a2d84e25bce460f0c932a155f1a45a946b73ff60b4ed8c7010eb8fc4a9d
src_5d2eb1ce3faede378,ph_2022_q4,PH,Parker-Hannifin Corporation,2022,Q4,transcript,official_ir,https://investors.parker.com/,investors.parker.com,metadata_only,metadata_only_no_raw_download,false,false,false,false,true,,,,,,false,false,1,"Review source terms, robots policy, event identity, and storage/evaluation rights before any raw download.",sha256:b3b6e9ec398e5f6b0c45daa3171145bc16e3b727576586ede630a4afaea2eca2
src_198618bbfbe476e05,ph_2022_q4,PH,Parker-Hannifin Corporation,2022,Q4,audio,official_ir,https://investors.parker.com/,investors.parker.com,metadata_only,metadata_only_no_raw_download,false,false,false,false,true,,,,,,false,false,2,"Review source terms, robots policy, event identity, and storage/evaluation rights before any raw download.",sha256:c1ba7e8428fbee71542138ce913958fd8f74c5dabf3b6d1d5bc11023a8e73daf
src_8543da7ca23bd0157,carr_2022_q4,CARR,Carrier Global Corporation,2022,Q4,transcript,official_ir,https://ir.carrier.com/,ir.carrier.com,metadata_only,metadata_only_no_raw_download,false,false,false,false,true,,,,,,false,false,1,"Review source terms, robots policy, event identity, and storage/evaluation rights before any raw download.",sha256:bc08e43c8a24bcd3d94be4edf4acd05bc668325af4ccaccb5c0e0b48e56c49ba
src_021243f3389e7bae7,carr_2022_q4,CARR,Carrier Global Corporation,2022,Q4,audio,official_ir,https://ir.carrier.com/,ir.carrier.com,metadata_only,metadata_only_no_raw_download,false,false,false,false,true,,,,,,false,false,2,"Review source terms, robots policy, event identity, and storage/evaluation rights before any raw download.",sha256:3caa7459c71ff26efd5010075750c5fbb4e8f38e872be75ca2ee95f3f020c6f5
src_013f12153107b2dbb,otis_2022_q4,OTIS,Otis Worldwide Corporation,2022,Q4,transcript,official_ir,https://www.otis.com/en/us/investors,www.otis.com,metadata_only,metadata_only_no_raw_download,false,false,false,false,true,,,,,,false,false,1,"Review source terms, robots policy, event identity, and storage/evaluation rights before any raw download.",sha256:c21071ed087ff87cc4d3305203f0343e668c73befd9669d3defae8f920e7d2c8
src_3cec1da813136f439,otis_2022_q4,OTIS,Otis Worldwide Corporation,2022,Q4,audio,official_ir,https://www.otis.com/en/us/investors,www.otis.com,metadata_only,metadata_only_no_raw_download,false,false,false,false,true,,,,,,false,false,2,"Review source terms, robots policy, event identity, and storage/evaluation rights before any raw download.",sha256:82ff9f88acd3ba22c8afc9a1421fefeef337deb77576fc5c698cc198fbc8fbc7
src_deb11eee509cef72b,ups_2022_q4,UPS,"United Parcel Service, Inc.",2022,Q4,transcript,official_ir,https://investors.ups.com/,investors.ups.com,metadata_only,metadata_only_no_raw_download,false,false,false,false,true,,,,,,false,false,1,"Review source terms, robots policy, event identity, and storage/evaluation rights before any raw download.",sha256:d365bcc61affb0ee858ebbf1c5252eb8b98751afee4f7b51c1375792ca08114c
src_f368327375c148e9b,ups_2022_q4,UPS,"United Parcel Service, Inc.",2022,Q4,audio,official_ir,https://investors.ups.com/,investors.ups.com,metadata_only,metadata_only_no_raw_download,false,false,false,false,true,,,,,,false,false,2,"Review source terms, robots policy, event identity, and storage/evaluation rights before any raw download.",sha256:571df745ba56376c9e70d78a912ad40ce0fcf82434f6fd4eec1b12ca6a8c1d96
src_a5ad11bf23e83f48c,fdx_2022_q4,FDX,FedEx Corporation,2022,Q4,transcript,official_ir,https://investors.fedex.com/,investors.fedex.com,metadata_only,metadata_only_no_raw_download,false,false,false,false,true,,,,,,false,false,1,"Review source terms, robots policy, event identity, and storage/evaluation rights before any raw download.",sha256:664e852f795d79f36e134be31166eff2b703ed481440bbbc7ce2b6598e9b095d
src_6fc0e90623eae26e5,fdx_2022_q4,FDX,FedEx Corporation,2022,Q4,audio,official_ir,https://investors.fedex.com/,investors.fedex.com,metadata_only,metadata_only_no_raw_download,false,false,false,false,true,,,,,,false,false,2,"Review source terms, robots policy, event identity, and storage/evaluation rights before any raw download.",sha256:d0f6f985e0d64eac44f8f331ac5749c5889a1895109d30c4e013ccf1553693b3
src_962ec988a3f8a331d,dal_2022_q4,DAL,"Delta Air Lines, Inc.",2022,Q4,transcript,official_ir,https://ir.delta.com/,ir.delta.com,metadata_only,metadata_only_no_raw_download,false,false,false,false,true,,,,,,false,false,1,"Review source terms, robots policy, event identity, and storage/evaluation rights before any raw download.",sha256:568363c49d96e63d5b3359ee10e86f5a2d7f3371f4ffba8a9bbe31f734af645b
src_b692fee8fec348a6f,dal_2022_q4,DAL,"Delta Air Lines, Inc.",2022,Q4,audio,official_ir,https://ir.delta.com/,ir.delta.com,metadata_only,metadata_only_no_raw_download,false,false,false,false,true,,,,,,false,false,2,"Review source terms, robots policy, event identity, and storage/evaluation rights before any raw download.",sha256:1b3eda4b1cd956fd3c3ec2d2aec835323c52c4954b9a07b3c2d2a88b82727e46
src_fc4495841096cb3a3,unp_2022_q4,UNP,Union Pacific Corporation,2022,Q4,transcript,official_ir,https://investor.unionpacific.com/,investor.unionpacific.com,metadata_only,metadata_only_no_raw_download,false,false,false,false,true,,,,,,false,false,1,"Review source terms, robots policy, event identity, and storage/evaluation rights before any raw download.",sha256:e15d17c0c2d62fb03afad5b4244c24e78b84e34b0cf70bd35adcb13b5441b408
src_5befc7fe07a67b0f0,unp_2022_q4,UNP,Union Pacific Corporation,2022,Q4,audio,official_ir,https://investor.unionpacific.com/,investor.unionpacific.com,metadata_only,metadata_only_no_raw_download,false,false,false,false,true,,,,,,false,false,2,"Review source terms, robots policy, event identity, and storage/evaluation rights before any raw download.",sha256:1e7b72cc0bbd53fb4c8a0287a3587df624546c13e75c91a2c1df2c1e3a2d69c0
src_316bb73c79d3ccc3b,nsc_2022_q4,NSC,Norfolk Southern Corporation,2022,Q4,transcript,official_ir,https://norfolksouthern.investorroom.com/,norfolksouthern.investorroom.com,metadata_only,metadata_only_no_raw_download,false,false,false,false,true,,,,,,false,false,1,"Review source terms, robots policy, event identity, and storage/evaluation rights before any raw download.",sha256:f0e24a4a0185d0ca3ea51c83cdca0670240e83acada78efe805d68cb04eeb887
src_84312cfd997406beb,nsc_2022_q4,NSC,Norfolk Southern Corporation,2022,Q4,audio,official_ir,https://norfolksouthern.investorroom.com/,norfolksouthern.investorroom.com,metadata_only,metadata_only_no_raw_download,false,false,false,false,true,,,,,,false,false,2,"Review source terms, robots policy, event identity, and storage/evaluation rights before any raw download.",sha256:75c338799d0f9b5b39706d0b5ab12d1539b8eb43833e108a06debf9076325a42
src_dd7fad214c4c31d56,hd_2022_q4,HD,"The Home Depot, Inc.",2022,Q4,transcript,official_ir,https://ir.homedepot.com/,ir.homedepot.com,metadata_only,metadata_only_no_raw_download,false,false,false,false,true,,,,,,false,false,1,"Review source terms, robots policy, event identity, and storage/evaluation rights before any raw download.",sha256:bdbb66dc5c1567a3520293b53451ec2ac03f6891e81ab302abad113187a94154
src_9641d8fe34a672d37,hd_2022_q4,HD,"The Home Depot, Inc.",2022,Q4,audio,official_ir,https://ir.homedepot.com/,ir.homedepot.com,metadata_only,metadata_only_no_raw_download,false,false,false,false,true,,,,,,false,false,2,"Review source terms, robots policy, event identity, and storage/evaluation rights before any raw download.",sha256:5879ee1435218fd14a5c038924349cd148491bb92a748da0aaf63e8cef261584
src_59c50c3dcf9c3fc84,low_2022_q4,LOW,"Lowe's Companies, Inc.",2022,Q4,transcript,official_ir,https://corporate.lowes.com/investors,corporate.lowes.com,metadata_only,metadata_only_no_raw_download,false,false,false,false,true,,,,,,false,false,1,"Review source terms, robots policy, event identity, and storage/evaluation rights before any raw download.",sha256:d6ff407434db3109355f32ceb5b84128394cb19cc0bf4321b58ea6fbb3cc9d0a
src_fa52ae04208a9a7a8,low_2022_q4,LOW,"Lowe's Companies, Inc.",2022,Q4,audio,official_ir,https://corporate.lowes.com/investors,corporate.lowes.com,metadata_only,metadata_only_no_raw_download,false,false,false,false,true,,,,,,false,false,2,"Review source terms, robots policy, event identity, and storage/evaluation rights before any raw download.",sha256:dabab549fad873a5c04da412407e650ddabf7f9e5bb9ef5d2610df22876ba550
src_6105b9a82928d77d1,tgt_2022_q4,TGT,Target Corporation,2022,Q4,transcript,official_ir,https://investors.target.com/,investors.target.com,metadata_only,metadata_only_no_raw_download,false,false,false,false,true,,,,,,false,false,1,"Review source terms, robots policy, event identity, and storage/evaluation rights before any raw download.",sha256:7850276a343c6f012e661a2f77370ffe2cf045ffd2f2cb6f5bf09f477796c86d
src_4fc3d94a0da4309d9,tgt_2022_q4,TGT,Target Corporation,2022,Q4,audio,official_ir,https://investors.target.com/,investors.target.com,metadata_only,metadata_only_no_raw_download,false,false,false,false,true,,,,,,false,false,2,"Review source terms, robots policy, event identity, and storage/evaluation rights before any raw download.",sha256:f0b214bccb3e2ae73949f6ea85d8c3778f9b5d3621720a6991ec195ab2a7fdf1
src_5268b818c50a807e8,kr_2022_q4,KR,The Kroger Co.,2022,Q4,transcript,official_ir,https://ir.kroger.com/,ir.kroger.com,metadata_only,metadata_only_no_raw_download,false,false,false,false,true,,,,,,false,false,1,"Review source terms, robots policy, event identity, and storage/evaluation rights before any raw download.",sha256:3fc620fb0b1c7504f5c3f09a2416ce826df6c324d3e5beba91da8ee892559f0c
src_557c69d08323a6e15,kr_2022_q4,KR,The Kroger Co.,2022,Q4,audio,official_ir,https://ir.kroger.com/,ir.kroger.com,metadata_only,metadata_only_no_raw_download,false,false,false,false,true,,,,,,false,false,2,"Review source terms, robots policy, event identity, and storage/evaluation rights before any raw download.",sha256:4b4e20634123f6f2aecaaaec22e9c911d5e1273f2600e074410e6f9143ad5103
src_cf0a846a649b09cb8,dg_2022_q4,DG,Dollar General Corporation,2022,Q4,transcript,official_ir,https://investor.dollargeneral.com/,investor.dollargeneral.com,metadata_only,metadata_only_no_raw_download,false,false,false,false,true,,,,,,false,false,1,"Review source terms, robots policy, event identity, and storage/evaluation rights before any raw download.",sha256:2d400e2c1a6654752cbbfec0bbc6298319f74ff97b6749734fca503636b58a82
src_180615d0893b083fc,dg_2022_q4,DG,Dollar General Corporation,2022,Q4,audio,official_ir,https://investor.dollargeneral.com/,investor.dollargeneral.com,metadata_only,metadata_only_no_raw_download,false,false,false,false,true,,,,,,false,false,2,"Review source terms, robots policy, event identity, and storage/evaluation rights before any raw download.",sha256:e263e4bdd1052d31958b61af8e516cdefc2ab226edef8ec1a91359ef918fe685
src_df3934694796b68fa,mcd_2022_q4,MCD,McDonald's Corporation,2022,Q4,transcript,official_ir,https://corporate.mcdonalds.com/corpmcd/investors.html,corporate.mcdonalds.com,metadata_only,metadata_only_no_raw_download,false,false,false,false,true,,,,,,false,false,1,"Review source terms, robots policy, event identity, and storage/evaluation rights before any raw download.",sha256:31d6b57b38043d9d906c29f743806762310281e3fe8bca4e32042731d688aac2
src_0cfed5e1224328ae0,mcd_2022_q4,MCD,McDonald's Corporation,2022,Q4,audio,official_ir,https://corporate.mcdonalds.com/corpmcd/investors.html,corporate.mcdonalds.com,metadata_only,metadata_only_no_raw_download,false,false,false,false,true,,,,,,false,false,2,"Review source terms, robots policy, event identity, and storage/evaluation rights before any raw download.",sha256:765d23f9708f166fc4bbb533d1610afc1ec6838971196a3caa28a981e595b39d
src_49474dc7dc1670b88,yum_2022_q4,YUM,"Yum! Brands, Inc.",2022,Q4,transcript,official_ir,https://investors.yum.com/,investors.yum.com,metadata_only,metadata_only_no_raw_download,false,false,false,false,true,,,,,,false,false,1,"Review source terms, robots policy, event identity, and storage/evaluation rights before any raw download.",sha256:89fc2cd592abfeb32f7e7f7731ad0c75501a7668f2432cd505ecddc17eab7e7d
src_9b84da59cb1661ff5,yum_2022_q4,YUM,"Yum! Brands, Inc.",2022,Q4,audio,official_ir,https://investors.yum.com/,investors.yum.com,metadata_only,metadata_only_no_raw_download,false,false,false,false,true,,,,,,false,false,2,"Review source terms, robots policy, event identity, and storage/evaluation rights before any raw download.",sha256:de556e46fa233d4adaf775ae936b9d51de2bb8298a17c13df6123fb6679b69f6
src_b2c65e05b00658a1f,nke_2022_q4,NKE,"NIKE, Inc.",2022,Q4,transcript,official_ir,https://investors.nike.com/,investors.nike.com,metadata_only,metadata_only_no_raw_download,false,false,false,false,true,,,,,,false,false,1,"Review source terms, robots policy, event identity, and storage/evaluation rights before any raw download.",sha256:1e7c3715a79e04172eab6c26eb1d38d8847d7a313a1d727cbcd8ff0e4af9617d
src_2064a4b124a969f81,nke_2022_q4,NKE,"NIKE, Inc.",2022,Q4,audio,official_ir,https://investors.nike.com/,investors.nike.com,metadata_only,metadata_only_no_raw_download,false,false,false,false,true,,,,,,false,false,2,"Review source terms, robots policy, event identity, and storage/evaluation rights before any raw download.",sha256:79ac35aad978fa3459ba46dd07e96502169bf801e74319eb68cc59e807a561a5
src_71adc79da94d7fa28,dis_2022_q4,DIS,The Walt Disney Company,2022,Q4,transcript,official_ir,https://thewaltdisneycompany.com/investor-relations/,thewaltdisneycompany.com,metadata_only,metadata_only_no_raw_download,false,false,false,false,true,,,,,,false,false,1,"Review source terms, robots policy, event identity, and storage/evaluation rights before any raw download.",sha256:03da81f57baaa7ad21635298c02cf7229efe94bff657d05dab0a6f4ef9ec450b
src_5c2d0238a1141acc6,dis_2022_q4,DIS,The Walt Disney Company,2022,Q4,audio,official_ir,https://thewaltdisneycompany.com/investor-relations/,thewaltdisneycompany.com,metadata_only,metadata_only_no_raw_download,false,false,false,false,true,,,,,,false,false,2,"Review source terms, robots policy, event identity, and storage/evaluation rights before any raw download.",sha256:28b2861d36762f4aa36c9eb39d86ce45406b5b62bb9027023c10ddff70bc7db5
src_84ed741292939e78c,ko_2022_q4,KO,The Coca-Cola Company,2022,Q4,transcript,official_ir,https://investors.coca-colacompany.com/,investors.coca-colacompany.com,metadata_only,metadata_only_no_raw_download,false,false,false,false,true,,,,,,false,false,1,"Review source terms, robots policy, event identity, and storage/evaluation rights before any raw download.",sha256:af6effbc08609893fef7ceaab78753a7d54169f5b3d5568fad2e3b74291ae681
src_23dd48772482a1fda,ko_2022_q4,KO,The Coca-Cola Company,2022,Q4,audio,official_ir,https://investors.coca-colacompany.com/,investors.coca-colacompany.com,metadata_only,metadata_only_no_raw_download,false,false,false,false,true,,,,,,false,false,2,"Review source terms, robots policy, event identity, and storage/evaluation rights before any raw download.",sha256:1590608381d8a8ef2fc98e7585efc7feb8cee1f3dc6bc72f54b51c3261998f23
src_6f2eecbeb5e9277d4,pg_2022_q4,PG,The Procter & Gamble Company,2022,Q4,transcript,official_ir,https://www.pginvestor.com/,www.pginvestor.com,metadata_only,metadata_only_no_raw_download,false,false,false,false,true,,,,,,false,false,1,"Review source terms, robots policy, event identity, and storage/evaluation rights before any raw download.",sha256:58a66e59130dbdccbca55560895600cac2f64b366fd957ede8ee4bb90f179a8c
src_23607791fc006ff9e,pg_2022_q4,PG,The Procter & Gamble Company,2022,Q4,audio,official_ir,https://www.pginvestor.com/,www.pginvestor.com,metadata_only,metadata_only_no_raw_download,false,false,false,false,true,,,,,,false,false,2,"Review source terms, robots policy, event identity, and storage/evaluation rights before any raw download.",sha256:bbe19837cc9556e68aec580e85bda9b2b3247ba8119fd58028fda8ef7010b1ef
src_2cee7bb7b332e29bb,cl_2022_q4,CL,Colgate-Palmolive Company,2022,Q4,transcript,official_ir,https://investor.colgatepalmolive.com/,investor.colgatepalmolive.com,metadata_only,metadata_only_no_raw_download,false,false,false,false,true,,,,,,false,false,1,"Review source terms, robots policy, event identity, and storage/evaluation rights before any raw download.",sha256:67ee8215a3b404f0bd136748eeab6e7b3063ec6939015f8e1c5d9b04cc023bae
src_f08ecc04dd83084fc,cl_2022_q4,CL,Colgate-Palmolive Company,2022,Q4,audio,official_ir,https://investor.colgatepalmolive.com/,investor.colgatepalmolive.com,metadata_only,metadata_only_no_raw_download,false,false,false,false,true,,,,,,false,false,2,"Review source terms, robots policy, event identity, and storage/evaluation rights before any raw download.",sha256:e4ff89d9c949a75d038eb2f82b00b7a7109f6dac1a130f4760af9ebf6d362d66
src_cdf0ed188f2fb3b0c,el_2022_q4,EL,The Estee Lauder Companies Inc.,2022,Q4,transcript,official_ir,https://ir.elcompanies.com/,ir.elcompanies.com,metadata_only,metadata_only_no_raw_download,false,false,false,false,true,,,,,,false,false,1,"Review source terms, robots policy, event identity, and storage/evaluation rights before any raw download.",sha256:fa0b3f3ddd3947d39f57614dd7d4b6805e8e0e26f093a879225d0de7af788738
src_b0ae4e76d105c7a18,el_2022_q4,EL,The Estee Lauder Companies Inc.,2022,Q4,audio,official_ir,https://ir.elcompanies.com/,ir.elcompanies.com,metadata_only,metadata_only_no_raw_download,false,false,false,false,true,,,,,,false,false,2,"Review source terms, robots policy, event identity, and storage/evaluation rights before any raw download.",sha256:42a70219f434e300af4972be4f4f5a1ff35d4b09a5019e4cbacb49069e2663cd
src_b73bd9ef65d59bcab,gis_2022_q4,GIS,"General Mills, Inc.",2022,Q4,transcript,official_ir,https://investors.generalmills.com/,investors.generalmills.com,metadata_only,metadata_only_no_raw_download,false,false,false,false,true,,,,,,false,false,1,"Review source terms, robots policy, event identity, and storage/evaluation rights before any raw download.",sha256:43ae2692c1d0980ba07e945de732a6b09a7d268441afc0ddd566d7438a910756
src_80ca903e1a939dc6e,gis_2022_q4,GIS,"General Mills, Inc.",2022,Q4,audio,official_ir,https://investors.generalmills.com/,investors.generalmills.com,metadata_only,metadata_only_no_raw_download,false,false,false,false,true,,,,,,false,false,2,"Review source terms, robots policy, event identity, and storage/evaluation rights before any raw download.",sha256:fa35f37b1ea315fed2221d7c14a0282281299343df038374c15faae3806dabc7
src_b15f1b38555442240,hsy_2022_q4,HSY,The Hershey Company,2022,Q4,transcript,official_ir,https://www.thehersheycompany.com/en_us/investors.html,www.thehersheycompany.com,metadata_only,metadata_only_no_raw_download,false,false,false,false,true,,,,,,false,false,1,"Review source terms, robots policy, event identity, and storage/evaluation rights before any raw download.",sha256:804e3f828524b3f5e68d196e0c0a36b4d6004b31215995792007090ae1b65ff8
src_23e3f013ceae73c66,hsy_2022_q4,HSY,The Hershey Company,2022,Q4,audio,official_ir,https://www.thehersheycompany.com/en_us/investors.html,www.thehersheycompany.com,metadata_only,metadata_only_no_raw_download,false,false,false,false,true,,,,,,false,false,2,"Review source terms, robots policy, event identity, and storage/evaluation rights before any raw download.",sha256:56adfe818a91a7b3f8622bc2b0e1830cb127dcc5e23c2017544a636c50c011e5
src_13bd3761f1c997e51,t_2022_q4,T,AT&T Inc.,2022,Q4,transcript,official_ir,https://investors.att.com/,investors.att.com,metadata_only,metadata_only_no_raw_download,false,false,false,false,true,,,,,,false,false,1,"Review source terms, robots policy, event identity, and storage/evaluation rights before any raw download.",sha256:6afaa66f3ae0e0f472a1aabb508eebdedcf79228a1dacf57f872d57a788a82c8
src_278071dbca797b29c,t_2022_q4,T,AT&T Inc.,2022,Q4,audio,official_ir,https://investors.att.com/,investors.att.com,metadata_only,metadata_only_no_raw_download,false,false,false,false,true,,,,,,false,false,2,"Review source terms, robots policy, event identity, and storage/evaluation rights before any raw download.",sha256:0da4e4519378c1cbf6103d2802f582923ab64ae961967a8a720529b369dd001f
src_92bef318ca9fc5526,vz_2022_q4,VZ,Verizon Communications Inc.,2022,Q4,transcript,official_ir,https://www.verizon.com/about/investors,www.verizon.com,metadata_only,metadata_only_no_raw_download,false,false,false,false,true,,,,,,false,false,1,"Review source terms, robots policy, event identity, and storage/evaluation rights before any raw download.",sha256:64fc711d6212f1970d70485fee84bc210c9e691c6d7bc8aa64c0edd354ca0d8e
src_7dfde166b4c42cdbe,vz_2022_q4,VZ,Verizon Communications Inc.,2022,Q4,audio,official_ir,https://www.verizon.com/about/investors,www.verizon.com,metadata_only,metadata_only_no_raw_download,false,false,false,false,true,,,,,,false,false,2,"Review source terms, robots policy, event identity, and storage/evaluation rights before any raw download.",sha256:a7cd6d247e61fb8e4a12056a34a9c0e3919aed245efe92d55c1a2696365f4c26
src_48950b533b8dddebf,ibm_2022_q4,IBM,International Business Machines Corporation,2022,Q4,transcript,official_ir,https://www.ibm.com/investor,www.ibm.com,metadata_only,metadata_only_no_raw_download,false,false,false,false,true,,,,,,false,false,1,"Review source terms, robots policy, event identity, and storage/evaluation rights before any raw download.",sha256:b019d3b3cd189914f9e620f28428275b107bb9dc9128d4003f09a8784721f553
src_29cf073b9226e6de5,ibm_2022_q4,IBM,International Business Machines Corporation,2022,Q4,audio,official_ir,https://www.ibm.com/investor,www.ibm.com,metadata_only,metadata_only_no_raw_download,false,false,false,false,true,,,,,,false,false,2,"Review source terms, robots policy, event identity, and storage/evaluation rights before any raw download.",sha256:98e908f8b845662accedf47c93801ba9f6e5e8168675b267d3d71c322ca2bbb5
src_d4634e13c7b83c5f4,orcl_2022_q4,ORCL,Oracle Corporation,2022,Q4,transcript,official_ir,https://investor.oracle.com/,investor.oracle.com,metadata_only,metadata_only_no_raw_download,false,false,false,false,true,,,,,,false,false,1,"Review source terms, robots policy, event identity, and storage/evaluation rights before any raw download.",sha256:7df0d24bf4186f8aae7124a4b9b3eaf6b476d9cbcb7e00624184c8247afd01c0
src_e5bde1c1ce34589e5,orcl_2022_q4,ORCL,Oracle Corporation,2022,Q4,audio,official_ir,https://investor.oracle.com/,investor.oracle.com,metadata_only,metadata_only_no_raw_download,false,false,false,false,true,,,,,,false,false,2,"Review source terms, robots policy, event identity, and storage/evaluation rights before any raw download.",sha256:9c511d9d39e4857978874a011ca47cf9f8c17394dbffa58c8b332bb693f5eebb
src_4f43a05c2cf9e1954,crm_2022_q4,CRM,"Salesforce, Inc.",2022,Q4,transcript,official_ir,https://investor.salesforce.com/,investor.salesforce.com,metadata_only,metadata_only_no_raw_download,false,false,false,false,true,,,,,,false,false,1,"Review source terms, robots policy, event identity, and storage/evaluation rights before any raw download.",sha256:ba121b6886a19fc7f29200c7cd4bfee07ba9c9abb92e85b4e37ab21306772319
src_d1c5afd7fe966cc94,crm_2022_q4,CRM,"Salesforce, Inc.",2022,Q4,audio,official_ir,https://investor.salesforce.com/,investor.salesforce.com,metadata_only,metadata_only_no_raw_download,false,false,false,false,true,,,,,,false,false,2,"Review source terms, robots policy, event identity, and storage/evaluation rights before any raw download.",sha256:b90e212a11834d510a1b0565f651b92e63427719d4f87212f5cef0c9014014b7
src_2c16823c6a26d3b8b,now_2022_q4,NOW,"ServiceNow, Inc.",2022,Q4,transcript,official_ir,https://investors.servicenow.com/,investors.servicenow.com,metadata_only,metadata_only_no_raw_download,false,false,false,false,true,,,,,,false,false,1,"Review source terms, robots policy, event identity, and storage/evaluation rights before any raw download.",sha256:5ee87d68816fe37a0d441144f6737e33aa1a805319dc29852bfd3e6d3d5eec59
src_e9ac5740f7fae0ea5,now_2022_q4,NOW,"ServiceNow, Inc.",2022,Q4,audio,official_ir,https://investors.servicenow.com/,investors.servicenow.com,metadata_only,metadata_only_no_raw_download,false,false,false,false,true,,,,,,false,false,2,"Review source terms, robots policy, event identity, and storage/evaluation rights before any raw download.",sha256:ce047c9e3073365ce210da09b8ad46af3416a5c0994ca6a4ce1ab8dbfd26fb5b
src_826065d6bb76e2ed8,acn_2022_q4,ACN,Accenture plc,2022,Q4,transcript,official_ir,https://investor.accenture.com/,investor.accenture.com,metadata_only,metadata_only_no_raw_download,false,false,false,false,true,,,,,,false,false,1,"Review source terms, robots policy, event identity, and storage/evaluation rights before any raw download.",sha256:3457fe59dc570cacff6aa81eba14fdef6e4013d055e0fdb803ec192603650c92
src_63f7501333b587d4c,acn_2022_q4,ACN,Accenture plc,2022,Q4,audio,official_ir,https://investor.accenture.com/,investor.accenture.com,metadata_only,metadata_only_no_raw_download,false,false,false,false,true,,,,,,false,false,2,"Review source terms, robots policy, event identity, and storage/evaluation rights before any raw download.",sha256:243bafd2fb5c31e049743629e084555a8246ab57561d29b31decec07037be81a
src_12c0e769851cb5e17,dell_2022_q4,DELL,Dell Technologies Inc.,2022,Q4,transcript,official_ir,https://investors.delltechnologies.com/,investors.delltechnologies.com,metadata_only,metadata_only_no_raw_download,false,false,false,false,true,,,,,,false,false,1,"Review source terms, robots policy, event identity, and storage/evaluation rights before any raw download.",sha256:d54be6affaeffa5f6bf0a0e2dec2d4348054a8861f62368234869e6b37c54a64
src_93a957cd45eaef9c1,dell_2022_q4,DELL,Dell Technologies Inc.,2022,Q4,audio,official_ir,https://investors.delltechnologies.com/,investors.delltechnologies.com,metadata_only,metadata_only_no_raw_download,false,false,false,false,true,,,,,,false,false,2,"Review source terms, robots policy, event identity, and storage/evaluation rights before any raw download.",sha256:3bcde7918408f32236eeb46a9ed9ecafa26cfebdfeac3b4e8f133e624b89bcc8
src_37c904285d30e922e,hpq_2022_q4,HPQ,HP Inc.,2022,Q4,transcript,official_ir,https://investor.hp.com/,investor.hp.com,metadata_only,metadata_only_no_raw_download,false,false,false,false,true,,,,,,false,false,1,"Review source terms, robots policy, event identity, and storage/evaluation rights before any raw download.",sha256:f4da783cbea99720cfde3b1fd0c370d41cc948e988a4df4297dc2d38a5fbfefb
src_d6555dc9d083105cb,hpq_2022_q4,HPQ,HP Inc.,2022,Q4,audio,official_ir,https://investor.hp.com/,investor.hp.com,metadata_only,metadata_only_no_raw_download,false,false,false,false,true,,,,,,false,false,2,"Review source terms, robots policy, event identity, and storage/evaluation rights before any raw download.",sha256:2b04bd566c7bf1fb445cece28bc13eaf2db994456764355f2abde8e1c5c82320
src_47fc4f0ba3423f6a9,net_2022_q4,NET,"Cloudflare, Inc.",2022,Q4,transcript,official_ir,https://cloudflare.net/news-and-events/events-and-presentations,cloudflare.net,metadata_only,metadata_only_no_raw_download,false,false,false,false,true,,,,,,false,false,1,"Review source terms, robots policy, event identity, and storage/evaluation rights before any raw download.",sha256:87d4e387f95ca70c41cf5c58cf3d7911c7975765e1c71102357bee7e24d6a115
src_7facac8e73209069b,net_2022_q4,NET,"Cloudflare, Inc.",2022,Q4,audio,official_ir,https://cloudflare.net/news-and-events/events-and-presentations,cloudflare.net,metadata_only,metadata_only_no_raw_download,false,false,false,false,true,,,,,,false,false,2,"Review source terms, robots policy, event identity, and storage/evaluation rights before any raw download.",sha256:9af3ecf68c7a8733d6683780e9530498711d901891b7d58656d0e76c35e4dda0
src_876143cee2a227247,snow_2022_q4,SNOW,Snowflake Inc.,2022,Q4,transcript,official_ir,https://investors.snowflake.com/,investors.snowflake.com,metadata_only,metadata_only_no_raw_download,false,false,false,false,true,,,,,,false,false,1,"Review source terms, robots policy, event identity, and storage/evaluation rights before any raw download.",sha256:699d6b291c0b187c521a1dfec2bfdf0d0d9865213d3a0fa6a335a4d434c76d95
src_d9b71d1ffa273aee7,snow_2022_q4,SNOW,Snowflake Inc.,2022,Q4,audio,official_ir,https://investors.snowflake.com/,investors.snowflake.com,metadata_only,metadata_only_no_raw_download,false,false,false,false,true,,,,,,false,false,2,"Review source terms, robots policy, event identity, and storage/evaluation rights before any raw download.",sha256:89bbf18a01e81e4ba5c248ee43f889e52a3ed80f316095360cf78c8a25be7fea
src_94b8ecb6dd785cbf3,jpm_2021_q4,JPM,JPMorgan Chase & Co.,2021,Q4,transcript,official_ir,https://www.jpmorganchase.com/ir,www.jpmorganchase.com,metadata_only,metadata_only_no_raw_download,false,false,false,false,true,,,,,,false,false,1,"Review source terms, robots policy, event identity, and storage/evaluation rights before any raw download.",sha256:429ed88360a37ba440b66b130677d8fc6a8404711cb42cdf980f174451f0cb43
src_a4bd13a3e4f957668,jpm_2021_q4,JPM,JPMorgan Chase & Co.,2021,Q4,audio,official_ir,https://www.jpmorganchase.com/ir,www.jpmorganchase.com,metadata_only,metadata_only_no_raw_download,false,false,false,false,true,,,,,,false,false,2,"Review source terms, robots policy, event identity, and storage/evaluation rights before any raw download.",sha256:f5870337f019e4af59f5753c43b511753e6cc0e12ed8c8dda3f4b068df0f80ac
src_14a1d4c6b6b798b55,bac_2021_q4,BAC,Bank of America Corporation,2021,Q4,transcript,official_ir,https://investor.bankofamerica.com/,investor.bankofamerica.com,metadata_only,metadata_only_no_raw_download,false,false,false,false,true,,,,,,false,false,1,"Review source terms, robots policy, event identity, and storage/evaluation rights before any raw download.",sha256:d8d9b2da3ab58c01c77c734bed4b082b159a16fdc7319d496ef79595ac892484
src_28d859badec563b58,bac_2021_q4,BAC,Bank of America Corporation,2021,Q4,audio,official_ir,https://investor.bankofamerica.com/,investor.bankofamerica.com,metadata_only,metadata_only_no_raw_download,false,false,false,false,true,,,,,,false,false,2,"Review source terms, robots policy, event identity, and storage/evaluation rights before any raw download.",sha256:5b0347c9a83805f5333ea047c88350e5d436fb5c05fb604ea502571b165da658
src_8292ef49979085f77,c_2021_q4,C,Citigroup Inc.,2021,Q4,transcript,official_ir,https://www.citigroup.com/global/investors,www.citigroup.com,metadata_only,metadata_only_no_raw_download,false,false,false,false,true,,,,,,false,false,1,"Review source terms, robots policy, event identity, and storage/evaluation rights before any raw download.",sha256:f6b6c56cd099397c0719711b6d1656748e156c7f6ab0a67590796d55deb065e1
src_355e56c7f1e249cc2,c_2021_q4,C,Citigroup Inc.,2021,Q4,audio,official_ir,https://www.citigroup.com/global/investors,www.citigroup.com,metadata_only,metadata_only_no_raw_download,false,false,false,false,true,,,,,,false,false,2,"Review source terms, robots policy, event identity, and storage/evaluation rights before any raw download.",sha256:9563abec3b629d32570b773d803a7f1d64187a78626c2c86cfb4b335dc069721
src_e1be953b40d516a9d,wfc_2021_q4,WFC,Wells Fargo & Company,2021,Q4,transcript,official_ir,https://www.wellsfargo.com/about/investor-relations/,www.wellsfargo.com,metadata_only,metadata_only_no_raw_download,false,false,false,false,true,,,,,,false,false,1,"Review source terms, robots policy, event identity, and storage/evaluation rights before any raw download.",sha256:f37fd0c41f9e2856028e43c97edf3b58b08a2e4185b6e870f7e3958823979ca3
src_096eca98b32f28b8b,wfc_2021_q4,WFC,Wells Fargo & Company,2021,Q4,audio,official_ir,https://www.wellsfargo.com/about/investor-relations/,www.wellsfargo.com,metadata_only,metadata_only_no_raw_download,false,false,false,false,true,,,,,,false,false,2,"Review source terms, robots policy, event identity, and storage/evaluation rights before any raw download.",sha256:675fdd53ab1c37e13a92f24d9a01bc13c4435e6b55e81a1e0adc8d308e703e34
src_6ef0b122ff6dea983,gs_2021_q4,GS,"The Goldman Sachs Group, Inc.",2021,Q4,transcript,official_ir,https://www.goldmansachs.com/investor-relations/,www.goldmansachs.com,metadata_only,metadata_only_no_raw_download,false,false,false,false,true,,,,,,false,false,1,"Review source terms, robots policy, event identity, and storage/evaluation rights before any raw download.",sha256:266a0c6dab96a08735aeca5a20d9cd381c063d4a3c837c865c16b81516845cc4
src_cc06cab1025bd924f,gs_2021_q4,GS,"The Goldman Sachs Group, Inc.",2021,Q4,audio,official_ir,https://www.goldmansachs.com/investor-relations/,www.goldmansachs.com,metadata_only,metadata_only_no_raw_download,false,false,false,false,true,,,,,,false,false,2,"Review source terms, robots policy, event identity, and storage/evaluation rights before any raw download.",sha256:2f313b2b8a2f4871bac1e6dda4f5b22a3e01d9c0723d9064c1f6ef8691bb14cc
src_bd16f27f3222ad017,ms_2021_q4,MS,Morgan Stanley,2021,Q4,transcript,official_ir,https://www.morganstanley.com/about-us-ir,www.morganstanley.com,metadata_only,metadata_only_no_raw_download,false,false,false,false,true,,,,,,false,false,1,"Review source terms, robots policy, event identity, and storage/evaluation rights before any raw download.",sha256:060b4fad2fdebf0c5872b6fefc6da633977e3d8b300ecbd27dc6d170641802e9
src_6d19483ab9d1d133a,ms_2021_q4,MS,Morgan Stanley,2021,Q4,audio,official_ir,https://www.morganstanley.com/about-us-ir,www.morganstanley.com,metadata_only,metadata_only_no_raw_download,false,false,false,false,true,,,,,,false,false,2,"Review source terms, robots policy, event identity, and storage/evaluation rights before any raw download.",sha256:871343c4aadf242ff70ab5082da8aec65928187952eab7731f13afc0ca27fbba
src_f36b13676aa351e30,bk_2021_q4,BK,The Bank of New York Mellon Corporation,2021,Q4,transcript,official_ir,https://www.bny.com/corporate/global/en/investor-relations.html,www.bny.com,metadata_only,metadata_only_no_raw_download,false,false,false,false,true,,,,,,false,false,1,"Review source terms, robots policy, event identity, and storage/evaluation rights before any raw download.",sha256:41a2624a4c6f3b3ec08162eb52141ac8268d1883aa81cb3e1c5f46a30a41ba04
src_63d11c5f9f9a65d0f,bk_2021_q4,BK,The Bank of New York Mellon Corporation,2021,Q4,audio,official_ir,https://www.bny.com/corporate/global/en/investor-relations.html,www.bny.com,metadata_only,metadata_only_no_raw_download,false,false,false,false,true,,,,,,false,false,2,"Review source terms, robots policy, event identity, and storage/evaluation rights before any raw download.",sha256:a46bb89bec90a65e6734b4714fab2d84bf877a572a6f3e9752ea616d7d1cb0ef
src_47c5e68a5c5bba463,stt_2021_q4,STT,State Street Corporation,2021,Q4,transcript,official_ir,https://investors.statestreet.com/,investors.statestreet.com,metadata_only,metadata_only_no_raw_download,false,false,false,false,true,,,,,,false,false,1,"Review source terms, robots policy, event identity, and storage/evaluation rights before any raw download.",sha256:c3039257af68668d83294ccb1255d2c3ab60aecf976f82616a880094d1e89884
src_15ff8c5061a3deca6,stt_2021_q4,STT,State Street Corporation,2021,Q4,audio,official_ir,https://investors.statestreet.com/,investors.statestreet.com,metadata_only,metadata_only_no_raw_download,false,false,false,false,true,,,,,,false,false,2,"Review source terms, robots policy, event identity, and storage/evaluation rights before any raw download.",sha256:e8ccf76e7c22828b92acd08d5d654f6e50235f34c889965a9a392128cc289b8c
src_cf50240299b6fbe6b,usb_2021_q4,USB,U.S. Bancorp,2021,Q4,transcript,official_ir,https://ir.usbank.com/,ir.usbank.com,metadata_only,metadata_only_no_raw_download,false,false,false,false,true,,,,,,false,false,1,"Review source terms, robots policy, event identity, and storage/evaluation rights before any raw download.",sha256:1bbeefc017977a31b5cedbe32a61b0f7ddb55e7655c07d6cbf0423139539dad7
src_3673dc608ab840aa3,usb_2021_q4,USB,U.S. Bancorp,2021,Q4,audio,official_ir,https://ir.usbank.com/,ir.usbank.com,metadata_only,metadata_only_no_raw_download,false,false,false,false,true,,,,,,false,false,2,"Review source terms, robots policy, event identity, and storage/evaluation rights before any raw download.",sha256:8ed4b926407a159de8753e760beb2d4120076f757b6aff07216ac13c6283c599
src_72b111986677c1584,pnc_2021_q4,PNC,"The PNC Financial Services Group, Inc.",2021,Q4,transcript,official_ir,https://investor.pnc.com/,investor.pnc.com,metadata_only,metadata_only_no_raw_download,false,false,false,false,true,,,,,,false,false,1,"Review source terms, robots policy, event identity, and storage/evaluation rights before any raw download.",sha256:79bb4f0c4b9cfb89bf6b8f1db98a9313fffa0212ac10e1458ec946ceb1f75d62
src_dd63e98767ed0605e,pnc_2021_q4,PNC,"The PNC Financial Services Group, Inc.",2021,Q4,audio,official_ir,https://investor.pnc.com/,investor.pnc.com,metadata_only,metadata_only_no_raw_download,false,false,false,false,true,,,,,,false,false,2,"Review source terms, robots policy, event identity, and storage/evaluation rights before any raw download.",sha256:e7f221062bf51ed80fd099887a896fc3a31f560c218fda11e16db40c19da6303
src_4c6109bb95ac19549,tfc_2021_q4,TFC,Truist Financial Corporation,2021,Q4,transcript,official_ir,https://ir.truist.com/,ir.truist.com,metadata_only,metadata_only_no_raw_download,false,false,false,false,true,,,,,,false,false,1,"Review source terms, robots policy, event identity, and storage/evaluation rights before any raw download.",sha256:5666d0ab1d6ec99c0d196ba5e5b4bcbb096d5ea2ecddb4eddcb3a51e1bcbe7fc
src_6d3b7b019660eca5b,tfc_2021_q4,TFC,Truist Financial Corporation,2021,Q4,audio,official_ir,https://ir.truist.com/,ir.truist.com,metadata_only,metadata_only_no_raw_download,false,false,false,false,true,,,,,,false,false,2,"Review source terms, robots policy, event identity, and storage/evaluation rights before any raw download.",sha256:62d611d0c9a73266086f2ef3b4ad8dfa265a9cc718fe7109bb01fd186adc3c50
src_9855241bf5e3ec592,cof_2021_q4,COF,Capital One Financial Corporation,2021,Q4,transcript,official_ir,https://investor.capitalone.com/,investor.capitalone.com,metadata_only,metadata_only_no_raw_download,false,false,false,false,true,,,,,,false,false,1,"Review source terms, robots policy, event identity, and storage/evaluation rights before any raw download.",sha256:bcdf647bde7791f21799229bac267a32ef91c7c9a870277a9120fbf240548414
src_b0009b90ac2eb1954,cof_2021_q4,COF,Capital One Financial Corporation,2021,Q4,audio,official_ir,https://investor.capitalone.com/,investor.capitalone.com,metadata_only,metadata_only_no_raw_download,false,false,false,false,true,,,,,,false,false,2,"Review source terms, robots policy, event identity, and storage/evaluation rights before any raw download.",sha256:8e358e92e9ee7c81e37dde842d1904ee13df3070557e264b01ed033d233104ef
src_f79d10799430aeee4,axp_2021_q4,AXP,American Express Company,2021,Q4,transcript,official_ir,https://ir.americanexpress.com/,ir.americanexpress.com,metadata_only,metadata_only_no_raw_download,false,false,false,false,true,,,,,,false,false,1,"Review source terms, robots policy, event identity, and storage/evaluation rights before any raw download.",sha256:f6b47ac7acb3e16f78c1bec3c5aadaa762866a8eb4b87b73cdb435ee46e66a38
src_2d2d2670811d40447,axp_2021_q4,AXP,American Express Company,2021,Q4,audio,official_ir,https://ir.americanexpress.com/,ir.americanexpress.com,metadata_only,metadata_only_no_raw_download,false,false,false,false,true,,,,,,false,false,2,"Review source terms, robots policy, event identity, and storage/evaluation rights before any raw download.",sha256:6e9cc2670060991e6eb2e53c3fdfe1922a150bccf2b3db494c6bdedef921c72a
src_f34c27d8245ca52bf,v_2021_q4,V,Visa Inc.,2021,Q4,transcript,official_ir,https://investor.visa.com/,investor.visa.com,metadata_only,metadata_only_no_raw_download,false,false,false,false,true,,,,,,false,false,1,"Review source terms, robots policy, event identity, and storage/evaluation rights before any raw download.",sha256:06dbf3a9fa5ecd84ac54a9983574a23fa3fe7b7fa29cc6f41fbb0fc3dca1df5a
src_b7b5288ad918215f7,v_2021_q4,V,Visa Inc.,2021,Q4,audio,official_ir,https://investor.visa.com/,investor.visa.com,metadata_only,metadata_only_no_raw_download,false,false,false,false,true,,,,,,false,false,2,"Review source terms, robots policy, event identity, and storage/evaluation rights before any raw download.",sha256:d2f4638acc1795275f796b254fc67faba1918241dceb274ffda1f452ea487ce4
src_b7e1d74f65ccfc75a,ma_2021_q4,MA,Mastercard Incorporated,2021,Q4,transcript,official_ir,https://investor.mastercard.com/,investor.mastercard.com,metadata_only,metadata_only_no_raw_download,false,false,false,false,true,,,,,,false,false,1,"Review source terms, robots policy, event identity, and storage/evaluation rights before any raw download.",sha256:6dfa79c8719354a99eca761a8043e663253b8a975b0c311de39fb89990eaec9e
src_636154c9f1f5aef1f,ma_2021_q4,MA,Mastercard Incorporated,2021,Q4,audio,official_ir,https://investor.mastercard.com/,investor.mastercard.com,metadata_only,metadata_only_no_raw_download,false,false,false,false,true,,,,,,false,false,2,"Review source terms, robots policy, event identity, and storage/evaluation rights before any raw download.",sha256:31aa4c23f1dc6018d947ed4744bfc31a040d83ae157baf1ac605f67e9fcbc26c
src_0d36fcb0aa9c645b4,fis_2021_q4,FIS,"Fidelity National Information Services, Inc.",2021,Q4,transcript,official_ir,https://investor.fisglobal.com/,investor.fisglobal.com,metadata_only,metadata_only_no_raw_download,false,false,false,false,true,,,,,,false,false,1,"Review source terms, robots policy, event identity, and storage/evaluation rights before any raw download.",sha256:b7d319a76a3b32f85940582b291374a9cf55258b82d28fb3277c4d94ab2a7837
src_340aecc45fe4fb69a,fis_2021_q4,FIS,"Fidelity National Information Services, Inc.",2021,Q4,audio,official_ir,https://investor.fisglobal.com/,investor.fisglobal.com,metadata_only,metadata_only_no_raw_download,false,false,false,false,true,,,,,,false,false,2,"Review source terms, robots policy, event identity, and storage/evaluation rights before any raw download.",sha256:3adddeedd2b912e5d0ce4a9ab4029e297232f7fdf84a7500011332546627c660
src_1be05be4859fef86f,gpn_2021_q4,GPN,Global Payments Inc.,2021,Q4,transcript,official_ir,https://investors.globalpayments.com/,investors.globalpayments.com,metadata_only,metadata_only_no_raw_download,false,false,false,false,true,,,,,,false,false,1,"Review source terms, robots policy, event identity, and storage/evaluation rights before any raw download.",sha256:4db679f97b2f4322e3c748a9b91d8f4744c23b243f2c35658d1052b11b3585c2
src_ca4c208bf0d02854e,gpn_2021_q4,GPN,Global Payments Inc.,2021,Q4,audio,official_ir,https://investors.globalpayments.com/,investors.globalpayments.com,metadata_only,metadata_only_no_raw_download,false,false,false,false,true,,,,,,false,false,2,"Review source terms, robots policy, event identity, and storage/evaluation rights before any raw download.",sha256:8dbd6cb1516491bafd79893ec31ac44335b2a845966a14012ca44c17135bebd5
src_d02fb864853c5a9f0,blk_2021_q4,BLK,"BlackRock, Inc.",2021,Q4,transcript,official_ir,https://ir.blackrock.com/,ir.blackrock.com,metadata_only,metadata_only_no_raw_download,false,false,false,false,true,,,,,,false,false,1,"Review source terms, robots policy, event identity, and storage/evaluation rights before any raw download.",sha256:202764775e6ca1af99070bbc7896bef2d0f0537dae998ebf0d13b9018d533ef4
src_88ab0803ab4cfe0d0,blk_2021_q4,BLK,"BlackRock, Inc.",2021,Q4,audio,official_ir,https://ir.blackrock.com/,ir.blackrock.com,metadata_only,metadata_only_no_raw_download,false,false,false,false,true,,,,,,false,false,2,"Review source terms, robots policy, event identity, and storage/evaluation rights before any raw download.",sha256:57c361847c47c5b0322f0fb8e052a38d460d3ca46473a689ef26813e1b26adac
src_b2b3c7b144ea3bbc0,bx_2021_q4,BX,Blackstone Inc.,2021,Q4,transcript,official_ir,https://ir.blackstone.com/,ir.blackstone.com,metadata_only,metadata_only_no_raw_download,false,false,false,false,true,,,,,,false,false,1,"Review source terms, robots policy, event identity, and storage/evaluation rights before any raw download.",sha256:652780b1b03b653a2ae912a19ae73cda6475cac2eed4cb5a76cbf10163b7a3c8
src_10a5b8097643274ae,bx_2021_q4,BX,Blackstone Inc.,2021,Q4,audio,official_ir,https://ir.blackstone.com/,ir.blackstone.com,metadata_only,metadata_only_no_raw_download,false,false,false,false,true,,,,,,false,false,2,"Review source terms, robots policy, event identity, and storage/evaluation rights before any raw download.",sha256:ad85374e638c17a02578038a4b07b553100d76f959c76413d13769c29b3a9d29
src_b1a39f94e60d2c32a,schw_2021_q4,SCHW,The Charles Schwab Corporation,2021,Q4,transcript,official_ir,https://www.aboutschwab.com/investor-relations,www.aboutschwab.com,metadata_only,metadata_only_no_raw_download,false,false,false,false,true,,,,,,false,false,1,"Review source terms, robots policy, event identity, and storage/evaluation rights before any raw download.",sha256:d6767d687c6fe534b3efd636b47dcf991502bb18014d86e9946c33fe99e951be
src_5f006029553aaede7,schw_2021_q4,SCHW,The Charles Schwab Corporation,2021,Q4,audio,official_ir,https://www.aboutschwab.com/investor-relations,www.aboutschwab.com,metadata_only,metadata_only_no_raw_download,false,false,false,false,true,,,,,,false,false,2,"Review source terms, robots policy, event identity, and storage/evaluation rights before any raw download.",sha256:83febb74d3ecf4ecd5235e3cb0ad045f331ff2b15fbfbd0eb892b504d30b498e
src_e47310ea692fec6e7,ice_2021_q4,ICE,"Intercontinental Exchange, Inc.",2021,Q4,transcript,official_ir,https://ir.theice.com/,ir.theice.com,metadata_only,metadata_only_no_raw_download,false,false,false,false,true,,,,,,false,false,1,"Review source terms, robots policy, event identity, and storage/evaluation rights before any raw download.",sha256:ddd674855afc29b69a22f8a8e5464ef38d44768e15336048591c2c7ebbeac327
src_a4afcecbab4b5ca60,ice_2021_q4,ICE,"Intercontinental Exchange, Inc.",2021,Q4,audio,official_ir,https://ir.theice.com/,ir.theice.com,metadata_only,metadata_only_no_raw_download,false,false,false,false,true,,,,,,false,false,2,"Review source terms, robots policy, event identity, and storage/evaluation rights before any raw download.",sha256:a72f01ff594dced3a28301418b565b293c8d1b7ad4a11e78c54317b39e9152f9
src_7ab141d7c4f3c5530,spgi_2021_q4,SPGI,S&P Global Inc.,2021,Q4,transcript,official_ir,https://investor.spglobal.com/,investor.spglobal.com,metadata_only,metadata_only_no_raw_download,false,false,false,false,true,,,,,,false,false,1,"Review source terms, robots policy, event identity, and storage/evaluation rights before any raw download.",sha256:8f299ad780bd6d46c1fb36ce637b8a30314b3a9d6b10b109a4b5e2959ca96f0e
src_fba838a4780b4e721,spgi_2021_q4,SPGI,S&P Global Inc.,2021,Q4,audio,official_ir,https://investor.spglobal.com/,investor.spglobal.com,metadata_only,metadata_only_no_raw_download,false,false,false,false,true,,,,,,false,false,2,"Review source terms, robots policy, event identity, and storage/evaluation rights before any raw download.",sha256:20c6cccfe380358cb885ab7bbe8fd3696e34e3a2a0cd376d467e419976e9b18d
src_fd7dc4afcaa1c7d7c,mco_2021_q4,MCO,Moody's Corporation,2021,Q4,transcript,official_ir,https://ir.moodys.com/,ir.moodys.com,metadata_only,metadata_only_no_raw_download,false,false,false,false,true,,,,,,false,false,1,"Review source terms, robots policy, event identity, and storage/evaluation rights before any raw download.",sha256:7c5c24ce76f160957225957c08c6794872f99a7a843cfc891878b6573c131921
src_3e9e0353971719f41,mco_2021_q4,MCO,Moody's Corporation,2021,Q4,audio,official_ir,https://ir.moodys.com/,ir.moodys.com,metadata_only,metadata_only_no_raw_download,false,false,false,false,true,,,,,,false,false,2,"Review source terms, robots policy, event identity, and storage/evaluation rights before any raw download.",sha256:18f213d6dbe164d6518a13bc488bf76852197b716b7b4d5cf9fdbbaec302f205
src_b4acfdd5280d4d146,aon_2021_q4,AON,Aon plc,2021,Q4,transcript,official_ir,https://investors.aon.com/,investors.aon.com,metadata_only,metadata_only_no_raw_download,false,false,false,false,true,,,,,,false,false,1,"Review source terms, robots policy, event identity, and storage/evaluation rights before any raw download.",sha256:aa089d5ba464af60e1cecfeabbf3d1b6dce0a9815ba9d39d2d73d8447a459be9
src_08b06f5286e78642c,aon_2021_q4,AON,Aon plc,2021,Q4,audio,official_ir,https://investors.aon.com/,investors.aon.com,metadata_only,metadata_only_no_raw_download,false,false,false,false,true,,,,,,false,false,2,"Review source terms, robots policy, event identity, and storage/evaluation rights before any raw download.",sha256:32e54a832f7b69437517171e7048c5f6ffc60b18de555d017c6f6ed142d3e2fc
src_693ea59e791d272c7,aig_2021_q4,AIG,"American International Group, Inc.",2021,Q4,transcript,official_ir,https://www.aig.com/investor-relations,www.aig.com,metadata_only,metadata_only_no_raw_download,false,false,false,false,true,,,,,,false,false,1,"Review source terms, robots policy, event identity, and storage/evaluation rights before any raw download.",sha256:44cd71dac98e3b5c6d571f00631d668e80a23d04f1bba5947098b096a9ac2919
src_f60353bcc1538f73b,aig_2021_q4,AIG,"American International Group, Inc.",2021,Q4,audio,official_ir,https://www.aig.com/investor-relations,www.aig.com,metadata_only,metadata_only_no_raw_download,false,false,false,false,true,,,,,,false,false,2,"Review source terms, robots policy, event identity, and storage/evaluation rights before any raw download.",sha256:14597d6a5119043b4363ab7c71871786e7843ab45e1f0f9f7883f903f200e1fe
src_6352e1913ba43a06a,met_2021_q4,MET,"MetLife, Inc.",2021,Q4,transcript,official_ir,https://investor.metlife.com/,investor.metlife.com,metadata_only,metadata_only_no_raw_download,false,false,false,false,true,,,,,,false,false,1,"Review source terms, robots policy, event identity, and storage/evaluation rights before any raw download.",sha256:47727c6e00590f392e14fe05d2a8c05ae9ae16b855b43efb279105e17b03f350
src_d5fc28fbc36f4796f,met_2021_q4,MET,"MetLife, Inc.",2021,Q4,audio,official_ir,https://investor.metlife.com/,investor.metlife.com,metadata_only,metadata_only_no_raw_download,false,false,false,false,true,,,,,,false,false,2,"Review source terms, robots policy, event identity, and storage/evaluation rights before any raw download.",sha256:bb0e102efc98769e6a09ac027faf1d8a54dbc9eac00e0ea298973c86ef2485b9
src_d5be9e871a6999dfb,pru_2021_q4,PRU,"Prudential Financial, Inc.",2021,Q4,transcript,official_ir,https://www.investor.prudential.com/,www.investor.prudential.com,metadata_only,metadata_only_no_raw_download,false,false,false,false,true,,,,,,false,false,1,"Review source terms, robots policy, event identity, and storage/evaluation rights before any raw download.",sha256:10a85a2881dca7ded6ca21a7b8cde8444317e70472740ee6f5e413a204020157
src_d4b256e6cff607711,pru_2021_q4,PRU,"Prudential Financial, Inc.",2021,Q4,audio,official_ir,https://www.investor.prudential.com/,www.investor.prudential.com,metadata_only,metadata_only_no_raw_download,false,false,false,false,true,,,,,,false,false,2,"Review source terms, robots policy, event identity, and storage/evaluation rights before any raw download.",sha256:f63656488019bc0a62393a74730ddac72f1fc9f620b71f15a04482be469c4368
src_7204589fd3672805f,trv_2021_q4,TRV,"The Travelers Companies, Inc.",2021,Q4,transcript,official_ir,https://investor.travelers.com/,investor.travelers.com,metadata_only,metadata_only_no_raw_download,false,false,false,false,true,,,,,,false,false,1,"Review source terms, robots policy, event identity, and storage/evaluation rights before any raw download.",sha256:3a1752ffb9e2b9fc013d1dd5c8da57535eba71aa4715500f1ed48f6ec92fd3ed
src_9d669b59f83e29f10,trv_2021_q4,TRV,"The Travelers Companies, Inc.",2021,Q4,audio,official_ir,https://investor.travelers.com/,investor.travelers.com,metadata_only,metadata_only_no_raw_download,false,false,false,false,true,,,,,,false,false,2,"Review source terms, robots policy, event identity, and storage/evaluation rights before any raw download.",sha256:85948f8e1abd4fcfe8899d3a9efe8a1bad70240a67bf8192c02f5ae942f92321
src_1f2e9370b8abf12d0,cb_2021_q4,CB,Chubb Limited,2021,Q4,transcript,official_ir,https://investors.chubb.com/,investors.chubb.com,metadata_only,metadata_only_no_raw_download,false,false,false,false,true,,,,,,false,false,1,"Review source terms, robots policy, event identity, and storage/evaluation rights before any raw download.",sha256:b8d58ce6967dfbfb90b8748180a80e41aa769a72f1255e7cca3e39a6b28a3440
src_731f7840baf5539e5,cb_2021_q4,CB,Chubb Limited,2021,Q4,audio,official_ir,https://investors.chubb.com/,investors.chubb.com,metadata_only,metadata_only_no_raw_download,false,false,false,false,true,,,,,,false,false,2,"Review source terms, robots policy, event identity, and storage/evaluation rights before any raw download.",sha256:86ef8afe13f15c44d1fd06d4642c7fe6de891720f80a459124d4ca0063da5da5
src_d3dbf96f91589ea26,jnj_2021_q4,JNJ,Johnson & Johnson,2021,Q4,transcript,official_ir,https://www.investor.jnj.com/,www.investor.jnj.com,metadata_only,metadata_only_no_raw_download,false,false,false,false,true,,,,,,false,false,1,"Review source terms, robots policy, event identity, and storage/evaluation rights before any raw download.",sha256:86f8b938ec1a8a7a6e0acd95178066c53bff3332ecb0f0736bf77d60d03f59ad
src_b692eb38886345fd7,jnj_2021_q4,JNJ,Johnson & Johnson,2021,Q4,audio,official_ir,https://www.investor.jnj.com/,www.investor.jnj.com,metadata_only,metadata_only_no_raw_download,false,false,false,false,true,,,,,,false,false,2,"Review source terms, robots policy, event identity, and storage/evaluation rights before any raw download.",sha256:4cc0234b4da99cb74dbc566076e8fd07724ad2a93d531d17522c169cd7279a26
src_0296654e24ab149cb,lly_2021_q4,LLY,Eli Lilly and Company,2021,Q4,transcript,official_ir,https://investor.lilly.com/,investor.lilly.com,metadata_only,metadata_only_no_raw_download,false,false,false,false,true,,,,,,false,false,1,"Review source terms, robots policy, event identity, and storage/evaluation rights before any raw download.",sha256:7fca799349f484d4987d2e838fb63b35715920554e2ba0a50924e664439c8bee
src_51b521a7caf86e8b9,lly_2021_q4,LLY,Eli Lilly and Company,2021,Q4,audio,official_ir,https://investor.lilly.com/,investor.lilly.com,metadata_only,metadata_only_no_raw_download,false,false,false,false,true,,,,,,false,false,2,"Review source terms, robots policy, event identity, and storage/evaluation rights before any raw download.",sha256:b41e8ea8abe9af8a4937f8bf17bdad480a70030303321f7c4cfdef2e4686502e
src_cad23641bb946b861,mrk_2021_q4,MRK,"Merck & Co., Inc.",2021,Q4,transcript,official_ir,https://www.merck.com/investor-relations/,www.merck.com,metadata_only,metadata_only_no_raw_download,false,false,false,false,true,,,,,,false,false,1,"Review source terms, robots policy, event identity, and storage/evaluation rights before any raw download.",sha256:156866b6faed2ca83a02012113052ae0d4bbc32b86d72e2be41b4e435170c35a
src_8b906ab8b607cbf50,mrk_2021_q4,MRK,"Merck & Co., Inc.",2021,Q4,audio,official_ir,https://www.merck.com/investor-relations/,www.merck.com,metadata_only,metadata_only_no_raw_download,false,false,false,false,true,,,,,,false,false,2,"Review source terms, robots policy, event identity, and storage/evaluation rights before any raw download.",sha256:b548de2b28297564b3be50cb76e0231c4e25063cf5a4a58e81a569ffb8313578
src_c1dc20a05e20c3b1d,pfe_2021_q4,PFE,Pfizer Inc.,2021,Q4,transcript,official_ir,https://investors.pfizer.com/,investors.pfizer.com,metadata_only,metadata_only_no_raw_download,false,false,false,false,true,,,,,,false,false,1,"Review source terms, robots policy, event identity, and storage/evaluation rights before any raw download.",sha256:f00e728b559cd3c853d7777df11299b3490b2ae977b2483645eafa4709fe89a8
src_851ef522d4b18206d,pfe_2021_q4,PFE,Pfizer Inc.,2021,Q4,audio,official_ir,https://investors.pfizer.com/,investors.pfizer.com,metadata_only,metadata_only_no_raw_download,false,false,false,false,true,,,,,,false,false,2,"Review source terms, robots policy, event identity, and storage/evaluation rights before any raw download.",sha256:985536762632abb71f0d9ea74c4509e1e445e3393f979228c49c671c8124759b
src_730acaea2ebac9b38,unh_2021_q4,UNH,UnitedHealth Group Incorporated,2021,Q4,transcript,official_ir,https://www.unitedhealthgroup.com/investors.html,www.unitedhealthgroup.com,metadata_only,metadata_only_no_raw_download,false,false,false,false,true,,,,,,false,false,1,"Review source terms, robots policy, event identity, and storage/evaluation rights before any raw download.",sha256:9be2e9fdb22df38f5e35aa23a24b99951c53f9489255fc7400bf3a7d9bff6663
src_04d7ba16daf59fcf3,unh_2021_q4,UNH,UnitedHealth Group Incorporated,2021,Q4,audio,official_ir,https://www.unitedhealthgroup.com/investors.html,www.unitedhealthgroup.com,metadata_only,metadata_only_no_raw_download,false,false,false,false,true,,,,,,false,false,2,"Review source terms, robots policy, event identity, and storage/evaluation rights before any raw download.",sha256:91dc61a6dc063d13d3170bbcb20391bdfedf4db8b525a948452a496a97a4427c
src_ff3086dc2b8d0734b,cvs_2021_q4,CVS,CVS Health Corporation,2021,Q4,transcript,official_ir,https://investors.cvshealth.com/,investors.cvshealth.com,metadata_only,metadata_only_no_raw_download,false,false,false,false,true,,,,,,false,false,1,"Review source terms, robots policy, event identity, and storage/evaluation rights before any raw download.",sha256:90c0def54d7ca3f4983ff23d0f730fa5a0c27a58a707b84792f390cbe7a1ae68
src_13f5a4313033243e6,cvs_2021_q4,CVS,CVS Health Corporation,2021,Q4,audio,official_ir,https://investors.cvshealth.com/,investors.cvshealth.com,metadata_only,metadata_only_no_raw_download,false,false,false,false,true,,,,,,false,false,2,"Review source terms, robots policy, event identity, and storage/evaluation rights before any raw download.",sha256:e28fee9027fc9cb184806742b7d4bff013ffbf5d74297460474095a4b6f6774e
src_7cb7649dd373cc3c0,abt_2021_q4,ABT,Abbott Laboratories,2021,Q4,transcript,official_ir,https://www.abbottinvestor.com/,www.abbottinvestor.com,metadata_only,metadata_only_no_raw_download,false,false,false,false,true,,,,,,false,false,1,"Review source terms, robots policy, event identity, and storage/evaluation rights before any raw download.",sha256:1de72a42ac27c589de778407d1494e8ad1150a6646b0b8817fb504fabe55bcfb
src_32b057d9b716d2cc1,abt_2021_q4,ABT,Abbott Laboratories,2021,Q4,audio,official_ir,https://www.abbottinvestor.com/,www.abbottinvestor.com,metadata_only,metadata_only_no_raw_download,false,false,false,false,true,,,,,,false,false,2,"Review source terms, robots policy, event identity, and storage/evaluation rights before any raw download.",sha256:20ca1e0d867e30b49a6ca0f69e864431a457c2abbd7098b06d537243e641e622
src_a5a7ec05b7b7a096d,bmy_2021_q4,BMY,Bristol Myers Squibb Company,2021,Q4,transcript,official_ir,https://investors.bms.com/,investors.bms.com,metadata_only,metadata_only_no_raw_download,false,false,false,false,true,,,,,,false,false,1,"Review source terms, robots policy, event identity, and storage/evaluation rights before any raw download.",sha256:f26e50995e56365d9b33afcff066389525e745510d8f6c2a4ff67f991ab5df30
src_b4ae51b7f2d243ccd,bmy_2021_q4,BMY,Bristol Myers Squibb Company,2021,Q4,audio,official_ir,https://investors.bms.com/,investors.bms.com,metadata_only,metadata_only_no_raw_download,false,false,false,false,true,,,,,,false,false,2,"Review source terms, robots policy, event identity, and storage/evaluation rights before any raw download.",sha256:bcf9201c8669567c85d3e1d0a459a7382616b94e7b631dd83740e34db94b2e8c
src_c696830298f35442f,mdt_2021_q4,MDT,Medtronic plc,2021,Q4,transcript,official_ir,https://investorrelations.medtronic.com/,investorrelations.medtronic.com,metadata_only,metadata_only_no_raw_download,false,false,false,false,true,,,,,,false,false,1,"Review source terms, robots policy, event identity, and storage/evaluation rights before any raw download.",sha256:f004b962a480da70752f25414f982940ac66c651f1e1d6b2a66c9d5430621ee7
src_8f94e75b0e774bc95,mdt_2021_q4,MDT,Medtronic plc,2021,Q4,audio,official_ir,https://investorrelations.medtronic.com/,investorrelations.medtronic.com,metadata_only,metadata_only_no_raw_download,false,false,false,false,true,,,,,,false,false,2,"Review source terms, robots policy, event identity, and storage/evaluation rights before any raw download.",sha256:9549ac63986fece0a60fe0ee715cbeb82077dc678c1772d33f7272c38e2ea87c
src_b06d7a0859e90c8ee,tmo_2021_q4,TMO,Thermo Fisher Scientific Inc.,2021,Q4,transcript,official_ir,https://ir.thermofisher.com/,ir.thermofisher.com,metadata_only,metadata_only_no_raw_download,false,false,false,false,true,,,,,,false,false,1,"Review source terms, robots policy, event identity, and storage/evaluation rights before any raw download.",sha256:46ba93547ccda77011cc51a12feb2d8a2a78e8601953127764d9e6b050ac216d
src_846bcc66890d556f7,tmo_2021_q4,TMO,Thermo Fisher Scientific Inc.,2021,Q4,audio,official_ir,https://ir.thermofisher.com/,ir.thermofisher.com,metadata_only,metadata_only_no_raw_download,false,false,false,false,true,,,,,,false,false,2,"Review source terms, robots policy, event identity, and storage/evaluation rights before any raw download.",sha256:ae557802acf6487221906846d1570b72c86bbe3125ad6b73bd68a2c2e339ccfd
src_34c899a71eab13978,dhr_2021_q4,DHR,Danaher Corporation,2021,Q4,transcript,official_ir,https://investors.danaher.com/,investors.danaher.com,metadata_only,metadata_only_no_raw_download,false,false,false,false,true,,,,,,false,false,1,"Review source terms, robots policy, event identity, and storage/evaluation rights before any raw download.",sha256:4c6b6c14d192ac47c5b72c16f8b051c2bdbe04b098cb191260abe2b260a818cf
src_57bed758a3deb2ed5,dhr_2021_q4,DHR,Danaher Corporation,2021,Q4,audio,official_ir,https://investors.danaher.com/,investors.danaher.com,metadata_only,metadata_only_no_raw_download,false,false,false,false,true,,,,,,false,false,2,"Review source terms, robots policy, event identity, and storage/evaluation rights before any raw download.",sha256:248b7ad482d4b8eab20e44fd0ab147972d10ebdca4f0295f6dfc0590117208b8
src_be8b29c64904cb713,bdx_2021_q4,BDX,"Becton, Dickinson and Company",2021,Q4,transcript,official_ir,https://investors.bd.com/,investors.bd.com,metadata_only,metadata_only_no_raw_download,false,false,false,false,true,,,,,,false,false,1,"Review source terms, robots policy, event identity, and storage/evaluation rights before any raw download.",sha256:629e71c1ef8ceee19ce96631db41f1a5929212b2e785e38256bdcc546663f98b
src_a7b27dd380d29915c,bdx_2021_q4,BDX,"Becton, Dickinson and Company",2021,Q4,audio,official_ir,https://investors.bd.com/,investors.bd.com,metadata_only,metadata_only_no_raw_download,false,false,false,false,true,,,,,,false,false,2,"Review source terms, robots policy, event identity, and storage/evaluation rights before any raw download.",sha256:bcdda4e97c3b5ae3727834cda7f5342c811f08a25b6fdefd917a44642036bca3
src_b6009bf585d94fd7d,ci_2021_q4,CI,The Cigna Group,2021,Q4,transcript,official_ir,https://investors.thecignagroup.com/,investors.thecignagroup.com,metadata_only,metadata_only_no_raw_download,false,false,false,false,true,,,,,,false,false,1,"Review source terms, robots policy, event identity, and storage/evaluation rights before any raw download.",sha256:4aa30496d9b3722d598ffa0647041677821b1756c79c8d5881438e7f325b937a
src_eeffefe867c770648,ci_2021_q4,CI,The Cigna Group,2021,Q4,audio,official_ir,https://investors.thecignagroup.com/,investors.thecignagroup.com,metadata_only,metadata_only_no_raw_download,false,false,false,false,true,,,,,,false,false,2,"Review source terms, robots policy, event identity, and storage/evaluation rights before any raw download.",sha256:8c5ce2957ab8f73afd6d9a168e0e0363306fdd52ab9712dbf84844cf3502782e
src_ba76a7c7bed71bfe2,hca_2021_q4,HCA,"HCA Healthcare, Inc.",2021,Q4,transcript,official_ir,https://investor.hcahealthcare.com/,investor.hcahealthcare.com,metadata_only,metadata_only_no_raw_download,false,false,false,false,true,,,,,,false,false,1,"Review source terms, robots policy, event identity, and storage/evaluation rights before any raw download.",sha256:8a70bcfc03a89be3a84a81351822729db8b950f2d632b7e2a2481af0499128b3
src_827c2f7b6bb95a538,hca_2021_q4,HCA,"HCA Healthcare, Inc.",2021,Q4,audio,official_ir,https://investor.hcahealthcare.com/,investor.hcahealthcare.com,metadata_only,metadata_only_no_raw_download,false,false,false,false,true,,,,,,false,false,2,"Review source terms, robots policy, event identity, and storage/evaluation rights before any raw download.",sha256:95a8070002ab205f43d6e208135c72747c3071218392c61e23e4e7bd9c5421b8
src_2e0999e6be9908ab5,syk_2021_q4,SYK,Stryker Corporation,2021,Q4,transcript,official_ir,https://investors.stryker.com/,investors.stryker.com,metadata_only,metadata_only_no_raw_download,false,false,false,false,true,,,,,,false,false,1,"Review source terms, robots policy, event identity, and storage/evaluation rights before any raw download.",sha256:3e31d3038a5dbe0ebd32b1241e832856779d8549e96014f6ffd6b5d41c72bb51
src_42ce676585da91b97,syk_2021_q4,SYK,Stryker Corporation,2021,Q4,audio,official_ir,https://investors.stryker.com/,investors.stryker.com,metadata_only,metadata_only_no_raw_download,false,false,false,false,true,,,,,,false,false,2,"Review source terms, robots policy, event identity, and storage/evaluation rights before any raw download.",sha256:d7b02fc68f9b94d7d3327a2ba49a5596efa8016ac073af57703fdfb2c749364d
src_8e5a8ee2587cf9967,xom_2021_q4,XOM,Exxon Mobil Corporation,2021,Q4,transcript,official_ir,https://corporate.exxonmobil.com/investors,corporate.exxonmobil.com,metadata_only,metadata_only_no_raw_download,false,false,false,false,true,,,,,,false,false,1,"Review source terms, robots policy, event identity, and storage/evaluation rights before any raw download.",sha256:59e786b7d90e561c1cc5fac839ed7c115ef469746a244bff55d6fcdfe2017eb3
src_c5c88130e7fe8989d,xom_2021_q4,XOM,Exxon Mobil Corporation,2021,Q4,audio,official_ir,https://corporate.exxonmobil.com/investors,corporate.exxonmobil.com,metadata_only,metadata_only_no_raw_download,false,false,false,false,true,,,,,,false,false,2,"Review source terms, robots policy, event identity, and storage/evaluation rights before any raw download.",sha256:44b895cd191de606ed26552b3472dfa0476aa34176aebcf74737339ac2ab3a70
src_6fd68c2bfb80aa9b1,cvx_2021_q4,CVX,Chevron Corporation,2021,Q4,transcript,official_ir,https://www.chevron.com/investors,www.chevron.com,metadata_only,metadata_only_no_raw_download,false,false,false,false,true,,,,,,false,false,1,"Review source terms, robots policy, event identity, and storage/evaluation rights before any raw download.",sha256:1075af36dceab968cf2d7628925854940c26c07e41c9ce36abb833c3def60f83
src_26af2d943bb401bc3,cvx_2021_q4,CVX,Chevron Corporation,2021,Q4,audio,official_ir,https://www.chevron.com/investors,www.chevron.com,metadata_only,metadata_only_no_raw_download,false,false,false,false,true,,,,,,false,false,2,"Review source terms, robots policy, event identity, and storage/evaluation rights before any raw download.",sha256:1c950dbac252a89b076af280a59febcc21a4de5fd9cae3990fc977b0764a3a83
src_93d2b65f91abad7f2,cop_2021_q4,COP,ConocoPhillips,2021,Q4,transcript,official_ir,https://www.conocophillips.com/investor-relations/,www.conocophillips.com,metadata_only,metadata_only_no_raw_download,false,false,false,false,true,,,,,,false,false,1,"Review source terms, robots policy, event identity, and storage/evaluation rights before any raw download.",sha256:9b3fedccb074eca88c9d9ee78e45e3b344a941472920d75f3396be1617e6a447
src_b7b9ce0a45718e6d0,cop_2021_q4,COP,ConocoPhillips,2021,Q4,audio,official_ir,https://www.conocophillips.com/investor-relations/,www.conocophillips.com,metadata_only,metadata_only_no_raw_download,false,false,false,false,true,,,,,,false,false,2,"Review source terms, robots policy, event identity, and storage/evaluation rights before any raw download.",sha256:ad5c5f016c3149a3ffc9b433d65d066c45a4f8d1ff7b0f949ad798efdb1e5521
src_e3d62686e41324cbc,slb_2021_q4,SLB,SLB,2021,Q4,transcript,official_ir,https://investorcenter.slb.com/,investorcenter.slb.com,metadata_only,metadata_only_no_raw_download,false,false,false,false,true,,,,,,false,false,1,"Review source terms, robots policy, event identity, and storage/evaluation rights before any raw download.",sha256:b9b170783c265760874029fe214d9f0fb3b3e651acd7f90ee66a5068042c8291
src_f921da490184f9895,slb_2021_q4,SLB,SLB,2021,Q4,audio,official_ir,https://investorcenter.slb.com/,investorcenter.slb.com,metadata_only,metadata_only_no_raw_download,false,false,false,false,true,,,,,,false,false,2,"Review source terms, robots policy, event identity, and storage/evaluation rights before any raw download.",sha256:3f2088e4bdeb4ca7b70b3db9836e931f0f6d0e487ad11eeddc47eb33d9fb4ba7
src_0685297c25b5d10cd,hal_2021_q4,HAL,Halliburton Company,2021,Q4,transcript,official_ir,https://ir.halliburton.com/,ir.halliburton.com,metadata_only,metadata_only_no_raw_download,false,false,false,false,true,,,,,,false,false,1,"Review source terms, robots policy, event identity, and storage/evaluation rights before any raw download.",sha256:6f900be4e063ab63d2dc0176084f3875225d5285873378cb5aa681998fd43048
src_ea99361f410458eba,hal_2021_q4,HAL,Halliburton Company,2021,Q4,audio,official_ir,https://ir.halliburton.com/,ir.halliburton.com,metadata_only,metadata_only_no_raw_download,false,false,false,false,true,,,,,,false,false,2,"Review source terms, robots policy, event identity, and storage/evaluation rights before any raw download.",sha256:5a47fe4992513363cf331659306c199fea1117c1af8901ef54f44a97d1ff2a04
src_6c94ad4fb9595258a,eog_2021_q4,EOG,"EOG Resources, Inc.",2021,Q4,transcript,official_ir,https://investors.eogresources.com/,investors.eogresources.com,metadata_only,metadata_only_no_raw_download,false,false,false,false,true,,,,,,false,false,1,"Review source terms, robots policy, event identity, and storage/evaluation rights before any raw download.",sha256:704674531c242fa1d62e56a690870614e14e1e84de0aefff545c32369593c65c
src_bf1e618347c9a3f1c,eog_2021_q4,EOG,"EOG Resources, Inc.",2021,Q4,audio,official_ir,https://investors.eogresources.com/,investors.eogresources.com,metadata_only,metadata_only_no_raw_download,false,false,false,false,true,,,,,,false,false,2,"Review source terms, robots policy, event identity, and storage/evaluation rights before any raw download.",sha256:0d3e66a1852cab98da4000193421a7083b86cd515ae3996288a31d12adc28c5e
src_31f15052bc5a1136b,oxy_2021_q4,OXY,Occidental Petroleum Corporation,2021,Q4,transcript,official_ir,https://www.oxy.com/investors/,www.oxy.com,metadata_only,metadata_only_no_raw_download,false,false,false,false,true,,,,,,false,false,1,"Review source terms, robots policy, event identity, and storage/evaluation rights before any raw download.",sha256:a3281f68f8e55c40f032a292b2112ca4df6698d31713870fce1b49d45c080824
src_53c938eb9040966bf,oxy_2021_q4,OXY,Occidental Petroleum Corporation,2021,Q4,audio,official_ir,https://www.oxy.com/investors/,www.oxy.com,metadata_only,metadata_only_no_raw_download,false,false,false,false,true,,,,,,false,false,2,"Review source terms, robots policy, event identity, and storage/evaluation rights before any raw download.",sha256:126e7fe7d75fca941789b23401e2dace45cb019526aef0cdeb2d112aca0d677b
src_1f2b77f67582d4875,mpc_2021_q4,MPC,Marathon Petroleum Corporation,2021,Q4,transcript,official_ir,https://www.marathonpetroleum.com/Investors/,www.marathonpetroleum.com,metadata_only,metadata_only_no_raw_download,false,false,false,false,true,,,,,,false,false,1,"Review source terms, robots policy, event identity, and storage/evaluation rights before any raw download.",sha256:76d7a636dfd28897cabb8e5dc32f8e1046b649310d1cd31c71fa84754d478c26
src_5251f53622750a510,mpc_2021_q4,MPC,Marathon Petroleum Corporation,2021,Q4,audio,official_ir,https://www.marathonpetroleum.com/Investors/,www.marathonpetroleum.com,metadata_only,metadata_only_no_raw_download,false,false,false,false,true,,,,,,false,false,2,"Review source terms, robots policy, event identity, and storage/evaluation rights before any raw download.",sha256:c7e032accbfe538bddd0fa9c06abea692b8ef37ef950e9cc805217aa4d0c25de
src_169379bc7d0c463f4,psx_2021_q4,PSX,Phillips 66,2021,Q4,transcript,official_ir,https://investor.phillips66.com/,investor.phillips66.com,metadata_only,metadata_only_no_raw_download,false,false,false,false,true,,,,,,false,false,1,"Review source terms, robots policy, event identity, and storage/evaluation rights before any raw download.",sha256:d6fcf2b2a54a18dcad9997e56d17f47327c6444dfc17bfe71fb636b007499331
src_e1238ee7ee196c239,psx_2021_q4,PSX,Phillips 66,2021,Q4,audio,official_ir,https://investor.phillips66.com/,investor.phillips66.com,metadata_only,metadata_only_no_raw_download,false,false,false,false,true,,,,,,false,false,2,"Review source terms, robots policy, event identity, and storage/evaluation rights before any raw download.",sha256:a2e111b9ac51c8d30a646973bb10f8f1b8d04d165ae1ba36e6a14705f78e3f5c
src_25f6077a5fbbae540,vlo_2021_q4,VLO,Valero Energy Corporation,2021,Q4,transcript,official_ir,https://investorvalero.com/,investorvalero.com,metadata_only,metadata_only_no_raw_download,false,false,false,false,true,,,,,,false,false,1,"Review source terms, robots policy, event identity, and storage/evaluation rights before any raw download.",sha256:9201a00df50f31fe0d49a86d02bab8a8eb689fe808df0f3654664a09cfa1c4e0
src_9f48537552112db7c,vlo_2021_q4,VLO,Valero Energy Corporation,2021,Q4,audio,official_ir,https://investorvalero.com/,investorvalero.com,metadata_only,metadata_only_no_raw_download,false,false,false,false,true,,,,,,false,false,2,"Review source terms, robots policy, event identity, and storage/evaluation rights before any raw download.",sha256:1fcc015150b4f3cea70de5a1febf84956355180d60f492e612f10665f33def27
src_0aa8ac34e692f26c4,ba_2021_q4,BA,The Boeing Company,2021,Q4,transcript,official_ir,https://investors.boeing.com/,investors.boeing.com,metadata_only,metadata_only_no_raw_download,false,false,false,false,true,,,,,,false,false,1,"Review source terms, robots policy, event identity, and storage/evaluation rights before any raw download.",sha256:77a8e524f477f2ec82dbbf1e9264c82da9bf9e36e0cccaf061df8f85bfe3b6d7
src_582cb17f8ce6e878e,ba_2021_q4,BA,The Boeing Company,2021,Q4,audio,official_ir,https://investors.boeing.com/,investors.boeing.com,metadata_only,metadata_only_no_raw_download,false,false,false,false,true,,,,,,false,false,2,"Review source terms, robots policy, event identity, and storage/evaluation rights before any raw download.",sha256:67615be670749f9620cbf9f315acec2aa798dc0439adf458e9b5373097f71b77
src_a5e0dfd1ffa672be9,rtx_2021_q4,RTX,RTX Corporation,2021,Q4,transcript,official_ir,https://www.rtx.com/investors,www.rtx.com,metadata_only,metadata_only_no_raw_download,false,false,false,false,true,,,,,,false,false,1,"Review source terms, robots policy, event identity, and storage/evaluation rights before any raw download.",sha256:666bdd98273a4ffefe2c71098104992b487812c69f891aef37fcafd52cb11f7c
src_9faf5a7c50cef42e5,rtx_2021_q4,RTX,RTX Corporation,2021,Q4,audio,official_ir,https://www.rtx.com/investors,www.rtx.com,metadata_only,metadata_only_no_raw_download,false,false,false,false,true,,,,,,false,false,2,"Review source terms, robots policy, event identity, and storage/evaluation rights before any raw download.",sha256:fa1ecd5f66f4945534ba495aa056a80dc63ce54420d7169c7bea3afc2d773752
src_85677c91f3cdf072e,lmt_2021_q4,LMT,Lockheed Martin Corporation,2021,Q4,transcript,official_ir,https://investors.lockheedmartin.com/,investors.lockheedmartin.com,metadata_only,metadata_only_no_raw_download,false,false,false,false,true,,,,,,false,false,1,"Review source terms, robots policy, event identity, and storage/evaluation rights before any raw download.",sha256:73657cd5a7de140fc05a19b5fb88df8f5eb51d19e309f0e6b21d7ef83ad28e02
src_5c807c3ab3b987f88,lmt_2021_q4,LMT,Lockheed Martin Corporation,2021,Q4,audio,official_ir,https://investors.lockheedmartin.com/,investors.lockheedmartin.com,metadata_only,metadata_only_no_raw_download,false,false,false,false,true,,,,,,false,false,2,"Review source terms, robots policy, event identity, and storage/evaluation rights before any raw download.",sha256:fb657914432ad7337043852f22d5fa333422e5c9d0b033aa22af0aecc9e51bd9
src_3ebb3812e1ec43c52,noc_2021_q4,NOC,Northrop Grumman Corporation,2021,Q4,transcript,official_ir,https://investor.northropgrumman.com/,investor.northropgrumman.com,metadata_only,metadata_only_no_raw_download,false,false,false,false,true,,,,,,false,false,1,"Review source terms, robots policy, event identity, and storage/evaluation rights before any raw download.",sha256:460d5eac2ab50a4bb7cccd5466abb1e1c98f7b5eade7ac24469ce87fa260bb43
src_16da0c5f97d6e1717,noc_2021_q4,NOC,Northrop Grumman Corporation,2021,Q4,audio,official_ir,https://investor.northropgrumman.com/,investor.northropgrumman.com,metadata_only,metadata_only_no_raw_download,false,false,false,false,true,,,,,,false,false,2,"Review source terms, robots policy, event identity, and storage/evaluation rights before any raw download.",sha256:f356dc5855a4895774423bac011faadf29aa5f5407605bf492977e42de6c5a77
src_5e2801fed4055eeb8,gd_2021_q4,GD,General Dynamics Corporation,2021,Q4,transcript,official_ir,https://investorrelations.gd.com/,investorrelations.gd.com,metadata_only,metadata_only_no_raw_download,false,false,false,false,true,,,,,,false,false,1,"Review source terms, robots policy, event identity, and storage/evaluation rights before any raw download.",sha256:45c266099ffec6a19441e63f8fad3bcf69d126f5e8d0509c2ab857fc7ae1547a
src_59b19a47ae417c910,gd_2021_q4,GD,General Dynamics Corporation,2021,Q4,audio,official_ir,https://investorrelations.gd.com/,investorrelations.gd.com,metadata_only,metadata_only_no_raw_download,false,false,false,false,true,,,,,,false,false,2,"Review source terms, robots policy, event identity, and storage/evaluation rights before any raw download.",sha256:f94465e92854f91ab8a6c6f8adcb5b885f2e03e13384d444559bc6ba9c7d94b4
src_0f6dc8d473b429b5e,cat_2021_q4,CAT,Caterpillar Inc.,2021,Q4,transcript,official_ir,https://investors.caterpillar.com/,investors.caterpillar.com,metadata_only,metadata_only_no_raw_download,false,false,false,false,true,,,,,,false,false,1,"Review source terms, robots policy, event identity, and storage/evaluation rights before any raw download.",sha256:9ca180f5078b3455bae382cea1499e7f384024da46f9b8f845dcbf7bd31b3874
src_e91953e0c703aedf4,cat_2021_q4,CAT,Caterpillar Inc.,2021,Q4,audio,official_ir,https://investors.caterpillar.com/,investors.caterpillar.com,metadata_only,metadata_only_no_raw_download,false,false,false,false,true,,,,,,false,false,2,"Review source terms, robots policy, event identity, and storage/evaluation rights before any raw download.",sha256:a413b4cb627caf8caff9d7319fd616cdfb6faf6e7d47807d0df1b54b177b2528
src_7d08cb1294513c0c3,de_2021_q4,DE,Deere & Company,2021,Q4,transcript,official_ir,https://investor.deere.com/,investor.deere.com,metadata_only,metadata_only_no_raw_download,false,false,false,false,true,,,,,,false,false,1,"Review source terms, robots policy, event identity, and storage/evaluation rights before any raw download.",sha256:43901dbf20676f03fc22729c99b494544cd4fbae75032a4dc5b5bb67861aec31
src_0c6f855ca134294c5,de_2021_q4,DE,Deere & Company,2021,Q4,audio,official_ir,https://investor.deere.com/,investor.deere.com,metadata_only,metadata_only_no_raw_download,false,false,false,false,true,,,,,,false,false,2,"Review source terms, robots policy, event identity, and storage/evaluation rights before any raw download.",sha256:f9eb29e03941af7a34a47285914a5aff93c9ed852bd6b328bb9250d453748e20
src_5eedceade5a431d4a,ge_2021_q4,GE,GE Aerospace,2021,Q4,transcript,official_ir,https://www.geaerospace.com/investors,www.geaerospace.com,metadata_only,metadata_only_no_raw_download,false,false,false,false,true,,,,,,false,false,1,"Review source terms, robots policy, event identity, and storage/evaluation rights before any raw download.",sha256:398710257b336734f7359620f63788b699ce660aefb3bcee9d18e28122a84947
src_ea795beb807313088,ge_2021_q4,GE,GE Aerospace,2021,Q4,audio,official_ir,https://www.geaerospace.com/investors,www.geaerospace.com,metadata_only,metadata_only_no_raw_download,false,false,false,false,true,,,,,,false,false,2,"Review source terms, robots policy, event identity, and storage/evaluation rights before any raw download.",sha256:e0767fc3fdc4bb56238747dada8b877afeddb9332bc80e4928fc593bf56476cd
src_1aa4fc2862c3b20f1,etn_2021_q4,ETN,Eaton Corporation plc,2021,Q4,transcript,official_ir,https://www.eaton.com/us/en-us/company/investor-relations.html,www.eaton.com,metadata_only,metadata_only_no_raw_download,false,false,false,false,true,,,,,,false,false,1,"Review source terms, robots policy, event identity, and storage/evaluation rights before any raw download.",sha256:70c5a4901dc93c5b7ca6963babddea01c02cb121437f32af6f9c074dd7ee34f5
src_50aacfe82443549a7,etn_2021_q4,ETN,Eaton Corporation plc,2021,Q4,audio,official_ir,https://www.eaton.com/us/en-us/company/investor-relations.html,www.eaton.com,metadata_only,metadata_only_no_raw_download,false,false,false,false,true,,,,,,false,false,2,"Review source terms, robots policy, event identity, and storage/evaluation rights before any raw download.",sha256:7770e0bf24e62a352eadafed922d44bd48dac8a8e50a51bd1e287490018b7bda
src_396e5a87a5b473e7d,emr_2021_q4,EMR,Emerson Electric Co.,2021,Q4,transcript,official_ir,https://www.emerson.com/en-us/investors,www.emerson.com,metadata_only,metadata_only_no_raw_download,false,false,false,false,true,,,,,,false,false,1,"Review source terms, robots policy, event identity, and storage/evaluation rights before any raw download.",sha256:4d0d1aaf0914a44388b535a666b01bef495e71c9cd097aac574d8b539fd8b261
src_88321d4957c5bd37d,emr_2021_q4,EMR,Emerson Electric Co.,2021,Q4,audio,official_ir,https://www.emerson.com/en-us/investors,www.emerson.com,metadata_only,metadata_only_no_raw_download,false,false,false,false,true,,,,,,false,false,2,"Review source terms, robots policy, event identity, and storage/evaluation rights before any raw download.",sha256:4dc1ac1686ac5192296bbcae0af809b1c2a559ce7b1e6ab68833130c5d3f5335
src_a97f6ad746a87c45f,mmm_2021_q4,MMM,3M Company,2021,Q4,transcript,official_ir,https://investors.3m.com/,investors.3m.com,metadata_only,metadata_only_no_raw_download,false,false,false,false,true,,,,,,false,false,1,"Review source terms, robots policy, event identity, and storage/evaluation rights before any raw download.",sha256:e664566e0ed234be4236a730ccc6f6d6bb5d191fbd8c443d52deccb7f66dbad5
src_b98a8210358dbfef6,mmm_2021_q4,MMM,3M Company,2021,Q4,audio,official_ir,https://investors.3m.com/,investors.3m.com,metadata_only,metadata_only_no_raw_download,false,false,false,false,true,,,,,,false,false,2,"Review source terms, robots policy, event identity, and storage/evaluation rights before any raw download.",sha256:6fc88803acc72bfddc94be1c0044b5208cf1df4fdfde37a441001a8205d02d9c
src_51f919dba86097fb7,itw_2021_q4,ITW,Illinois Tool Works Inc.,2021,Q4,transcript,official_ir,https://investor.itw.com/,investor.itw.com,metadata_only,metadata_only_no_raw_download,false,false,false,false,true,,,,,,false,false,1,"Review source terms, robots policy, event identity, and storage/evaluation rights before any raw download.",sha256:b2f135216aa1ceba6cbbed804ef978078c2e7911d12236166ea65983c4c3bd39
src_ed6ba4eddf5712023,itw_2021_q4,ITW,Illinois Tool Works Inc.,2021,Q4,audio,official_ir,https://investor.itw.com/,investor.itw.com,metadata_only,metadata_only_no_raw_download,false,false,false,false,true,,,,,,false,false,2,"Review source terms, robots policy, event identity, and storage/evaluation rights before any raw download.",sha256:ef72dbab1d7e8e85ad53964ef1d2196a6bb0a77c55eb561e98329516b8b64574
src_03dea83d159a439fc,ph_2021_q4,PH,Parker-Hannifin Corporation,2021,Q4,transcript,official_ir,https://investors.parker.com/,investors.parker.com,metadata_only,metadata_only_no_raw_download,false,false,false,false,true,,,,,,false,false,1,"Review source terms, robots policy, event identity, and storage/evaluation rights before any raw download.",sha256:65ef7c8b272447a873eb8affda809e875d6264fec32be67f84fe25def5a40ba4
src_14310ebc293b75941,ph_2021_q4,PH,Parker-Hannifin Corporation,2021,Q4,audio,official_ir,https://investors.parker.com/,investors.parker.com,metadata_only,metadata_only_no_raw_download,false,false,false,false,true,,,,,,false,false,2,"Review source terms, robots policy, event identity, and storage/evaluation rights before any raw download.",sha256:86bcdde1c62b65bfc9864f22a63c094ce0a705807d6cfd2a2dc807fb63001bc5
src_d6f89aed9eef32e45,carr_2021_q4,CARR,Carrier Global Corporation,2021,Q4,transcript,official_ir,https://ir.carrier.com/,ir.carrier.com,metadata_only,metadata_only_no_raw_download,false,false,false,false,true,,,,,,false,false,1,"Review source terms, robots policy, event identity, and storage/evaluation rights before any raw download.",sha256:2e79f598e898443ef5cb502c11793fe635d6e16354b8742cef2645b6e67aba1c
src_a8c3b5288e78579f5,carr_2021_q4,CARR,Carrier Global Corporation,2021,Q4,audio,official_ir,https://ir.carrier.com/,ir.carrier.com,metadata_only,metadata_only_no_raw_download,false,false,false,false,true,,,,,,false,false,2,"Review source terms, robots policy, event identity, and storage/evaluation rights before any raw download.",sha256:5ee8f892f092623f147da966b5baaf347745db1021cdb063ba7ec3b969ccd6a8
src_107e2679fa592d531,otis_2021_q4,OTIS,Otis Worldwide Corporation,2021,Q4,transcript,official_ir,https://www.otis.com/en/us/investors,www.otis.com,metadata_only,metadata_only_no_raw_download,false,false,false,false,true,,,,,,false,false,1,"Review source terms, robots policy, event identity, and storage/evaluation rights before any raw download.",sha256:9e27263c6df4f2beb5e5842b7a4f93f86bc9de62b67fea7bf899e27287052269
src_08991aebbae9f1147,otis_2021_q4,OTIS,Otis Worldwide Corporation,2021,Q4,audio,official_ir,https://www.otis.com/en/us/investors,www.otis.com,metadata_only,metadata_only_no_raw_download,false,false,false,false,true,,,,,,false,false,2,"Review source terms, robots policy, event identity, and storage/evaluation rights before any raw download.",sha256:441fe7379528e0326da66d4e75ab3fee2488bb0bf611d9d94f6271d6bdf960bc
src_ae18594583606e224,ups_2021_q4,UPS,"United Parcel Service, Inc.",2021,Q4,transcript,official_ir,https://investors.ups.com/,investors.ups.com,metadata_only,metadata_only_no_raw_download,false,false,false,false,true,,,,,,false,false,1,"Review source terms, robots policy, event identity, and storage/evaluation rights before any raw download.",sha256:7333b7af6dbd9f5e71de92909731817021c350ae32f76268b03cc4a3050c35f6
src_d6255a6fbd8c51647,ups_2021_q4,UPS,"United Parcel Service, Inc.",2021,Q4,audio,official_ir,https://investors.ups.com/,investors.ups.com,metadata_only,metadata_only_no_raw_download,false,false,false,false,true,,,,,,false,false,2,"Review source terms, robots policy, event identity, and storage/evaluation rights before any raw download.",sha256:d668183bbc2027e8129ae6722b436cc22afa3dcdfa45e87568bf48650d8d09f9
src_f5b2b3a8ee3112a2c,fdx_2021_q4,FDX,FedEx Corporation,2021,Q4,transcript,official_ir,https://investors.fedex.com/,investors.fedex.com,metadata_only,metadata_only_no_raw_download,false,false,false,false,true,,,,,,false,false,1,"Review source terms, robots policy, event identity, and storage/evaluation rights before any raw download.",sha256:15e4008a5bcf4ca81f35a58422a36f7a2658e0ea78fc59f08459d31d811c389d
src_f98faa8f2258441f7,fdx_2021_q4,FDX,FedEx Corporation,2021,Q4,audio,official_ir,https://investors.fedex.com/,investors.fedex.com,metadata_only,metadata_only_no_raw_download,false,false,false,false,true,,,,,,false,false,2,"Review source terms, robots policy, event identity, and storage/evaluation rights before any raw download.",sha256:2af1b97005d071b7b0265a4daaa11ee11719a6613f20dc54ea4b5103fe55c9e8
src_36e239cfe544362b7,dal_2021_q4,DAL,"Delta Air Lines, Inc.",2021,Q4,transcript,official_ir,https://ir.delta.com/,ir.delta.com,metadata_only,metadata_only_no_raw_download,false,false,false,false,true,,,,,,false,false,1,"Review source terms, robots policy, event identity, and storage/evaluation rights before any raw download.",sha256:8ebdb8179f5111bc94d1f53e663d068075e476eb2f92f1df691f2967bd268049
src_54c07e5d150814349,dal_2021_q4,DAL,"Delta Air Lines, Inc.",2021,Q4,audio,official_ir,https://ir.delta.com/,ir.delta.com,metadata_only,metadata_only_no_raw_download,false,false,false,false,true,,,,,,false,false,2,"Review source terms, robots policy, event identity, and storage/evaluation rights before any raw download.",sha256:b7b194990ed6d7e1b001cca03ada674a2b06c7329b4e86f931ccbad5df11c08f
src_6483de0f7fe117afb,unp_2021_q4,UNP,Union Pacific Corporation,2021,Q4,transcript,official_ir,https://investor.unionpacific.com/,investor.unionpacific.com,metadata_only,metadata_only_no_raw_download,false,false,false,false,true,,,,,,false,false,1,"Review source terms, robots policy, event identity, and storage/evaluation rights before any raw download.",sha256:eba46c0c778c0875cf62fdf71ac2d9c5c93ecccdbe26b7a22d7ea66cf8d33f90
src_7c4d40d1fc891c354,unp_2021_q4,UNP,Union Pacific Corporation,2021,Q4,audio,official_ir,https://investor.unionpacific.com/,investor.unionpacific.com,metadata_only,metadata_only_no_raw_download,false,false,false,false,true,,,,,,false,false,2,"Review source terms, robots policy, event identity, and storage/evaluation rights before any raw download.",sha256:f4cc85d99914401b1baf3f343eca92cfeeeaa3d85425c44fd592f3387713ac78
src_b2f44c2d8529382bc,nsc_2021_q4,NSC,Norfolk Southern Corporation,2021,Q4,transcript,official_ir,https://norfolksouthern.investorroom.com/,norfolksouthern.investorroom.com,metadata_only,metadata_only_no_raw_download,false,false,false,false,true,,,,,,false,false,1,"Review source terms, robots policy, event identity, and storage/evaluation rights before any raw download.",sha256:b7ba343d34b781cb8dfa1a424d3391bfcc405a58954e5aa601713eee51bac93b
src_d838c5b4a801bd664,nsc_2021_q4,NSC,Norfolk Southern Corporation,2021,Q4,audio,official_ir,https://norfolksouthern.investorroom.com/,norfolksouthern.investorroom.com,metadata_only,metadata_only_no_raw_download,false,false,false,false,true,,,,,,false,false,2,"Review source terms, robots policy, event identity, and storage/evaluation rights before any raw download.",sha256:388e7d4da5cddcccec5ea5dc4ad9a6df252f853245eeae98faeb31aae0d41263
src_b549ea8c2606bc956,hd_2021_q4,HD,"The Home Depot, Inc.",2021,Q4,transcript,official_ir,https://ir.homedepot.com/,ir.homedepot.com,metadata_only,metadata_only_no_raw_download,false,false,false,false,true,,,,,,false,false,1,"Review source terms, robots policy, event identity, and storage/evaluation rights before any raw download.",sha256:f76e228f6a0a0b0cc0f3a0f986cb71e496baa9a7d8831ec9784a2db55351e792
src_27aeddf18b0261683,hd_2021_q4,HD,"The Home Depot, Inc.",2021,Q4,audio,official_ir,https://ir.homedepot.com/,ir.homedepot.com,metadata_only,metadata_only_no_raw_download,false,false,false,false,true,,,,,,false,false,2,"Review source terms, robots policy, event identity, and storage/evaluation rights before any raw download.",sha256:263fb7b53437e71a6f0f07d926fda7dc989d260ef9658b73b965df1798f574ca
src_1105392bdea9824fd,low_2021_q4,LOW,"Lowe's Companies, Inc.",2021,Q4,transcript,official_ir,https://corporate.lowes.com/investors,corporate.lowes.com,metadata_only,metadata_only_no_raw_download,false,false,false,false,true,,,,,,false,false,1,"Review source terms, robots policy, event identity, and storage/evaluation rights before any raw download.",sha256:2998ef571d4955f76a1f3b46a571280c096487fa41fd9107cbd787efb6139af2
src_31fe1d7c351cad1ee,low_2021_q4,LOW,"Lowe's Companies, Inc.",2021,Q4,audio,official_ir,https://corporate.lowes.com/investors,corporate.lowes.com,metadata_only,metadata_only_no_raw_download,false,false,false,false,true,,,,,,false,false,2,"Review source terms, robots policy, event identity, and storage/evaluation rights before any raw download.",sha256:5a30032528d1fa31a888a2154f72c707746bedb2de6f51873ab289a4a8cb1f6f
src_ffe2859c6c8632fd4,tgt_2021_q4,TGT,Target Corporation,2021,Q4,transcript,official_ir,https://investors.target.com/,investors.target.com,metadata_only,metadata_only_no_raw_download,false,false,false,false,true,,,,,,false,false,1,"Review source terms, robots policy, event identity, and storage/evaluation rights before any raw download.",sha256:a7d6592138d7f75bc747d231ea9c0a66c10d0ccad763b836e1a4807a704f8f75
src_18517f678720950fd,tgt_2021_q4,TGT,Target Corporation,2021,Q4,audio,official_ir,https://investors.target.com/,investors.target.com,metadata_only,metadata_only_no_raw_download,false,false,false,false,true,,,,,,false,false,2,"Review source terms, robots policy, event identity, and storage/evaluation rights before any raw download.",sha256:51478eb3ec0d5485c2a1d13a6dda9774fb2681b9d2a786b1780aac2967becaf9
src_1da6344607a7eac04,kr_2021_q4,KR,The Kroger Co.,2021,Q4,transcript,official_ir,https://ir.kroger.com/,ir.kroger.com,metadata_only,metadata_only_no_raw_download,false,false,false,false,true,,,,,,false,false,1,"Review source terms, robots policy, event identity, and storage/evaluation rights before any raw download.",sha256:feb5d838b15dfb9f9ed2d708dea6a7612b63c9540a69f89eb369380032ac5342
src_92da253c4b039e54b,kr_2021_q4,KR,The Kroger Co.,2021,Q4,audio,official_ir,https://ir.kroger.com/,ir.kroger.com,metadata_only,metadata_only_no_raw_download,false,false,false,false,true,,,,,,false,false,2,"Review source terms, robots policy, event identity, and storage/evaluation rights before any raw download.",sha256:232b3f630a63c91e6248be31ff7f83b7fbc917f98a09ce42636f582b80e38e4a
src_41935ed17787e970a,dg_2021_q4,DG,Dollar General Corporation,2021,Q4,transcript,official_ir,https://investor.dollargeneral.com/,investor.dollargeneral.com,metadata_only,metadata_only_no_raw_download,false,false,false,false,true,,,,,,false,false,1,"Review source terms, robots policy, event identity, and storage/evaluation rights before any raw download.",sha256:898e3c388001a1ad1f2e6974254c2a58cc4ab5d12766b5b25333101628eeebad
src_e14b4d4e6e55978b6,dg_2021_q4,DG,Dollar General Corporation,2021,Q4,audio,official_ir,https://investor.dollargeneral.com/,investor.dollargeneral.com,metadata_only,metadata_only_no_raw_download,false,false,false,false,true,,,,,,false,false,2,"Review source terms, robots policy, event identity, and storage/evaluation rights before any raw download.",sha256:37e1ccd77ed06cee95350a3bdc4cd29eb66b693de849d38975c98725e1c2d08f
src_f8f539ae9888cff6b,mcd_2021_q4,MCD,McDonald's Corporation,2021,Q4,transcript,official_ir,https://corporate.mcdonalds.com/corpmcd/investors.html,corporate.mcdonalds.com,metadata_only,metadata_only_no_raw_download,false,false,false,false,true,,,,,,false,false,1,"Review source terms, robots policy, event identity, and storage/evaluation rights before any raw download.",sha256:56cc1a9760b201a0e819e9e9d4ba7d39fb5a044b9bc19b8e18d33cf315620197
src_66b43df3a6c62a616,mcd_2021_q4,MCD,McDonald's Corporation,2021,Q4,audio,official_ir,https://corporate.mcdonalds.com/corpmcd/investors.html,corporate.mcdonalds.com,metadata_only,metadata_only_no_raw_download,false,false,false,false,true,,,,,,false,false,2,"Review source terms, robots policy, event identity, and storage/evaluation rights before any raw download.",sha256:8632d4a3cffb9d568a435d625f5860cca0745fe3f7a2dc418505ae10a4080ef1
src_388425bd76d860871,yum_2021_q4,YUM,"Yum! Brands, Inc.",2021,Q4,transcript,official_ir,https://investors.yum.com/,investors.yum.com,metadata_only,metadata_only_no_raw_download,false,false,false,false,true,,,,,,false,false,1,"Review source terms, robots policy, event identity, and storage/evaluation rights before any raw download.",sha256:3534e6e040b05e70391822fc5f7f2dff83ff674bc18c84681cf12508a12f7680
src_53b31b5a2dbebfb66,yum_2021_q4,YUM,"Yum! Brands, Inc.",2021,Q4,audio,official_ir,https://investors.yum.com/,investors.yum.com,metadata_only,metadata_only_no_raw_download,false,false,false,false,true,,,,,,false,false,2,"Review source terms, robots policy, event identity, and storage/evaluation rights before any raw download.",sha256:e54b754f85587512fc1ea184e61ccabc22c7cfad7c3a826f4fe05ad4c84bb468
src_4d183b576d132085c,nke_2021_q4,NKE,"NIKE, Inc.",2021,Q4,transcript,official_ir,https://investors.nike.com/,investors.nike.com,metadata_only,metadata_only_no_raw_download,false,false,false,false,true,,,,,,false,false,1,"Review source terms, robots policy, event identity, and storage/evaluation rights before any raw download.",sha256:d8e1b3253874a8c3feeef4200c7c808c81cf9b84d093c75a7312150ddc103051
src_84f56d8e55154289b,nke_2021_q4,NKE,"NIKE, Inc.",2021,Q4,audio,official_ir,https://investors.nike.com/,investors.nike.com,metadata_only,metadata_only_no_raw_download,false,false,false,false,true,,,,,,false,false,2,"Review source terms, robots policy, event identity, and storage/evaluation rights before any raw download.",sha256:01ee6115b1bf4086d264d0476e14c3cb08e43f18bf231eb8c5f9666e87bb927f
src_c6cf3952d00410569,dis_2021_q4,DIS,The Walt Disney Company,2021,Q4,transcript,official_ir,https://thewaltdisneycompany.com/investor-relations/,thewaltdisneycompany.com,metadata_only,metadata_only_no_raw_download,false,false,false,false,true,,,,,,false,false,1,"Review source terms, robots policy, event identity, and storage/evaluation rights before any raw download.",sha256:e49afb5d913714728fab81cb37c7a73cac323fe748b13938d5c46b6dd2f96639
src_fea2ce1e4c352ae24,dis_2021_q4,DIS,The Walt Disney Company,2021,Q4,audio,official_ir,https://thewaltdisneycompany.com/investor-relations/,thewaltdisneycompany.com,metadata_only,metadata_only_no_raw_download,false,false,false,false,true,,,,,,false,false,2,"Review source terms, robots policy, event identity, and storage/evaluation rights before any raw download.",sha256:6436a70f705031b438653b183664dda814ae92731fc64703053e361b68b94767
src_44599e1433c6c8346,ko_2021_q4,KO,The Coca-Cola Company,2021,Q4,transcript,official_ir,https://investors.coca-colacompany.com/,investors.coca-colacompany.com,metadata_only,metadata_only_no_raw_download,false,false,false,false,true,,,,,,false,false,1,"Review source terms, robots policy, event identity, and storage/evaluation rights before any raw download.",sha256:00eb8af24b07d65bb56f95d139621732532afe0640e8df6e151e60f736e76b26
src_832b0f116f96308e6,ko_2021_q4,KO,The Coca-Cola Company,2021,Q4,audio,official_ir,https://investors.coca-colacompany.com/,investors.coca-colacompany.com,metadata_only,metadata_only_no_raw_download,false,false,false,false,true,,,,,,false,false,2,"Review source terms, robots policy, event identity, and storage/evaluation rights before any raw download.",sha256:b66bc0004c87a2be7f89980849a042670710b526c446128ebfaccfc4d276c24d
src_13524638a1202fc0a,pg_2021_q4,PG,The Procter & Gamble Company,2021,Q4,transcript,official_ir,https://www.pginvestor.com/,www.pginvestor.com,metadata_only,metadata_only_no_raw_download,false,false,false,false,true,,,,,,false,false,1,"Review source terms, robots policy, event identity, and storage/evaluation rights before any raw download.",sha256:47c69ac2e9d54aa603bd33805e3e125f6a19295c6f7e4ca02b650d2ed94378cf
src_d12438fa8b440fd19,pg_2021_q4,PG,The Procter & Gamble Company,2021,Q4,audio,official_ir,https://www.pginvestor.com/,www.pginvestor.com,metadata_only,metadata_only_no_raw_download,false,false,false,false,true,,,,,,false,false,2,"Review source terms, robots policy, event identity, and storage/evaluation rights before any raw download.",sha256:9db624a7a761c3d011921dbf356d9e2fb18b7c51b0eecdadd25fdcc446f340c0
src_68057805206788f0a,cl_2021_q4,CL,Colgate-Palmolive Company,2021,Q4,transcript,official_ir,https://investor.colgatepalmolive.com/,investor.colgatepalmolive.com,metadata_only,metadata_only_no_raw_download,false,false,false,false,true,,,,,,false,false,1,"Review source terms, robots policy, event identity, and storage/evaluation rights before any raw download.",sha256:b04628211e78870c8e758dd2260394d5803bea6e8ffaf35940994e3e00bae49e
src_ab2485754befa7d3e,cl_2021_q4,CL,Colgate-Palmolive Company,2021,Q4,audio,official_ir,https://investor.colgatepalmolive.com/,investor.colgatepalmolive.com,metadata_only,metadata_only_no_raw_download,false,false,false,false,true,,,,,,false,false,2,"Review source terms, robots policy, event identity, and storage/evaluation rights before any raw download.",sha256:cc9b4fa876b2d9c5a980e391ef1ef956836c15a9211f1366e70f30f4a626730a
src_ef9f979a5be84e254,el_2021_q4,EL,The Estee Lauder Companies Inc.,2021,Q4,transcript,official_ir,https://ir.elcompanies.com/,ir.elcompanies.com,metadata_only,metadata_only_no_raw_download,false,false,false,false,true,,,,,,false,false,1,"Review source terms, robots policy, event identity, and storage/evaluation rights before any raw download.",sha256:1ce84f812a2cf7ed14d19e0aa0245bb0f0f33392b86ed8e168e0282475c48b47
src_82a9531e40d305da8,el_2021_q4,EL,The Estee Lauder Companies Inc.,2021,Q4,audio,official_ir,https://ir.elcompanies.com/,ir.elcompanies.com,metadata_only,metadata_only_no_raw_download,false,false,false,false,true,,,,,,false,false,2,"Review source terms, robots policy, event identity, and storage/evaluation rights before any raw download.",sha256:de56bd65f4fd26cf4989c956c7da388c836c2903ed5a6342a91f7fa35f10c132
src_830a497ea6ed1032a,gis_2021_q4,GIS,"General Mills, Inc.",2021,Q4,transcript,official_ir,https://investors.generalmills.com/,investors.generalmills.com,metadata_only,metadata_only_no_raw_download,false,false,false,false,true,,,,,,false,false,1,"Review source terms, robots policy, event identity, and storage/evaluation rights before any raw download.",sha256:72bacea7f8f3827fe3335f7be84f5d9178888a61a563a7a70ab7717c8c4b9d20
src_978e136ed61754359,gis_2021_q4,GIS,"General Mills, Inc.",2021,Q4,audio,official_ir,https://investors.generalmills.com/,investors.generalmills.com,metadata_only,metadata_only_no_raw_download,false,false,false,false,true,,,,,,false,false,2,"Review source terms, robots policy, event identity, and storage/evaluation rights before any raw download.",sha256:95443fe6c9885fba165d8ee7632753a903256a4e5f96f6f6631fa6992fb7f33b
src_14830197414746fc8,hsy_2021_q4,HSY,The Hershey Company,2021,Q4,transcript,official_ir,https://www.thehersheycompany.com/en_us/investors.html,www.thehersheycompany.com,metadata_only,metadata_only_no_raw_download,false,false,false,false,true,,,,,,false,false,1,"Review source terms, robots policy, event identity, and storage/evaluation rights before any raw download.",sha256:752133971410d02efe5fe942d800b059ffdfa752a427828664100240e2030fb4
src_2a534634c38b1a84a,hsy_2021_q4,HSY,The Hershey Company,2021,Q4,audio,official_ir,https://www.thehersheycompany.com/en_us/investors.html,www.thehersheycompany.com,metadata_only,metadata_only_no_raw_download,false,false,false,false,true,,,,,,false,false,2,"Review source terms, robots policy, event identity, and storage/evaluation rights before any raw download.",sha256:84f9a76b03ebab2cde95f2fa5a632370455348e025efd1e2d2ee358417c51872
src_20a5a13e54883cbbd,t_2021_q4,T,AT&T Inc.,2021,Q4,transcript,official_ir,https://investors.att.com/,investors.att.com,metadata_only,metadata_only_no_raw_download,false,false,false,false,true,,,,,,false,false,1,"Review source terms, robots policy, event identity, and storage/evaluation rights before any raw download.",sha256:62daa38fae41542033a602405241ab1df09facaf34b0fc3a901c6ba762b3039b
src_c30a66e5a6511924f,t_2021_q4,T,AT&T Inc.,2021,Q4,audio,official_ir,https://investors.att.com/,investors.att.com,metadata_only,metadata_only_no_raw_download,false,false,false,false,true,,,,,,false,false,2,"Review source terms, robots policy, event identity, and storage/evaluation rights before any raw download.",sha256:bb6d67965a469865b04967f9e5a4d56db66f39c4a95edab90c1ded48ff53255a
src_b6ca558fb9b220a26,vz_2021_q4,VZ,Verizon Communications Inc.,2021,Q4,transcript,official_ir,https://www.verizon.com/about/investors,www.verizon.com,metadata_only,metadata_only_no_raw_download,false,false,false,false,true,,,,,,false,false,1,"Review source terms, robots policy, event identity, and storage/evaluation rights before any raw download.",sha256:5a026a5a8ba6a2220fc7aab3af4b68cfb21d7f81e7564fb5dba0fc5a1a043af3
src_a2a762f9bb99bc9c5,vz_2021_q4,VZ,Verizon Communications Inc.,2021,Q4,audio,official_ir,https://www.verizon.com/about/investors,www.verizon.com,metadata_only,metadata_only_no_raw_download,false,false,false,false,true,,,,,,false,false,2,"Review source terms, robots policy, event identity, and storage/evaluation rights before any raw download.",sha256:9b2cfed89290eb6b77f0d2ab70a67a97532f359a373e469bb6cf7d16887e2118
src_6534ebe2d817978c9,ibm_2021_q4,IBM,International Business Machines Corporation,2021,Q4,transcript,official_ir,https://www.ibm.com/investor,www.ibm.com,metadata_only,metadata_only_no_raw_download,false,false,false,false,true,,,,,,false,false,1,"Review source terms, robots policy, event identity, and storage/evaluation rights before any raw download.",sha256:23a34bd0989a4afd467641f616af550adb76b18f500c019b198d8ef1e62a6322
src_c7a14419fa187ab8f,ibm_2021_q4,IBM,International Business Machines Corporation,2021,Q4,audio,official_ir,https://www.ibm.com/investor,www.ibm.com,metadata_only,metadata_only_no_raw_download,false,false,false,false,true,,,,,,false,false,2,"Review source terms, robots policy, event identity, and storage/evaluation rights before any raw download.",sha256:93a05fd44449ac55e6b1536f5335ea939b6be2529ed15ef91472dc87fdd8ef3e
src_16e19ff0d93d32954,orcl_2021_q4,ORCL,Oracle Corporation,2021,Q4,transcript,official_ir,https://investor.oracle.com/,investor.oracle.com,metadata_only,metadata_only_no_raw_download,false,false,false,false,true,,,,,,false,false,1,"Review source terms, robots policy, event identity, and storage/evaluation rights before any raw download.",sha256:3e4f0370c5e349a42d0786e2dc6496f1d385da6d38d50ed10f6a5c6921b0770e
src_52645b92e60aec347,orcl_2021_q4,ORCL,Oracle Corporation,2021,Q4,audio,official_ir,https://investor.oracle.com/,investor.oracle.com,metadata_only,metadata_only_no_raw_download,false,false,false,false,true,,,,,,false,false,2,"Review source terms, robots policy, event identity, and storage/evaluation rights before any raw download.",sha256:31100ddc30fda9fa799af360ddc8a6f1d6042f29df67b55ae9e61ae064c5b295
src_930299cab47026622,crm_2021_q4,CRM,"Salesforce, Inc.",2021,Q4,transcript,official_ir,https://investor.salesforce.com/,investor.salesforce.com,metadata_only,metadata_only_no_raw_download,false,false,false,false,true,,,,,,false,false,1,"Review source terms, robots policy, event identity, and storage/evaluation rights before any raw download.",sha256:3a0d94a2c72a02bb5b8a80064ef0627d5bebf760ab6b1663070b33286e0bdc95
src_a11d91c1180044d18,crm_2021_q4,CRM,"Salesforce, Inc.",2021,Q4,audio,official_ir,https://investor.salesforce.com/,investor.salesforce.com,metadata_only,metadata_only_no_raw_download,false,false,false,false,true,,,,,,false,false,2,"Review source terms, robots policy, event identity, and storage/evaluation rights before any raw download.",sha256:72f5ffd32e177f4a366114200681411d3f51a2489b575723ee445c2332d89b52
src_8cc36ef185c9041fe,now_2021_q4,NOW,"ServiceNow, Inc.",2021,Q4,transcript,official_ir,https://investors.servicenow.com/,investors.servicenow.com,metadata_only,metadata_only_no_raw_download,false,false,false,false,true,,,,,,false,false,1,"Review source terms, robots policy, event identity, and storage/evaluation rights before any raw download.",sha256:0e85de30174429982c6311955a6974ecfb57bd8ee5a6591c622783dcfcd06414
src_d9ecd2f5720b4d4b3,now_2021_q4,NOW,"ServiceNow, Inc.",2021,Q4,audio,official_ir,https://investors.servicenow.com/,investors.servicenow.com,metadata_only,metadata_only_no_raw_download,false,false,false,false,true,,,,,,false,false,2,"Review source terms, robots policy, event identity, and storage/evaluation rights before any raw download.",sha256:f7ab2d068e049f4c4bcbf90751d47e64baaa7310749f240f0e7b958c77c83dfa
src_e8637bc321e1a6f4d,acn_2021_q4,ACN,Accenture plc,2021,Q4,transcript,official_ir,https://investor.accenture.com/,investor.accenture.com,metadata_only,metadata_only_no_raw_download,false,false,false,false,true,,,,,,false,false,1,"Review source terms, robots policy, event identity, and storage/evaluation rights before any raw download.",sha256:416fa5017fa98ba8471eeddbea11f96ade9db9f96203b71c310b775a0a204b7f
src_dcc58122f1e4a1bd1,acn_2021_q4,ACN,Accenture plc,2021,Q4,audio,official_ir,https://investor.accenture.com/,investor.accenture.com,metadata_only,metadata_only_no_raw_download,false,false,false,false,true,,,,,,false,false,2,"Review source terms, robots policy, event identity, and storage/evaluation rights before any raw download.",sha256:4528ec0175699f3e8ab4b0854cc3a26aae9ddb187dde3221cf0fbdcdc3e52a6e
src_82a45c739289c3f7f,dell_2021_q4,DELL,Dell Technologies Inc.,2021,Q4,transcript,official_ir,https://investors.delltechnologies.com/,investors.delltechnologies.com,metadata_only,metadata_only_no_raw_download,false,false,false,false,true,,,,,,false,false,1,"Review source terms, robots policy, event identity, and storage/evaluation rights before any raw download.",sha256:8a40611c28d1d9899ff9d86c445878358e8525de28efea6050d104d8d912fda3
src_9e77678fdd27feb9d,dell_2021_q4,DELL,Dell Technologies Inc.,2021,Q4,audio,official_ir,https://investors.delltechnologies.com/,investors.delltechnologies.com,metadata_only,metadata_only_no_raw_download,false,false,false,false,true,,,,,,false,false,2,"Review source terms, robots policy, event identity, and storage/evaluation rights before any raw download.",sha256:fea16a298731b4a27ed683918851649deaee221134ec6b30352c98f32a11ca4f
src_875af64ca6fcd0609,hpq_2021_q4,HPQ,HP Inc.,2021,Q4,transcript,official_ir,https://investor.hp.com/,investor.hp.com,metadata_only,metadata_only_no_raw_download,false,false,false,false,true,,,,,,false,false,1,"Review source terms, robots policy, event identity, and storage/evaluation rights before any raw download.",sha256:5e4d42c8798f16059135643505c62f289a28f2283af1a34259fa5c647da7be92
src_6a02088c49310937a,hpq_2021_q4,HPQ,HP Inc.,2021,Q4,audio,official_ir,https://investor.hp.com/,investor.hp.com,metadata_only,metadata_only_no_raw_download,false,false,false,false,true,,,,,,false,false,2,"Review source terms, robots policy, event identity, and storage/evaluation rights before any raw download.",sha256:f867c528ce8706c0ea3b39b4d0563f034417f3e342f135347bb4967078b0e070
src_82eced744418ce03a,net_2021_q4,NET,"Cloudflare, Inc.",2021,Q4,transcript,official_ir,https://cloudflare.net/news-and-events/events-and-presentations,cloudflare.net,metadata_only,metadata_only_no_raw_download,false,false,false,false,true,,,,,,false,false,1,"Review source terms, robots policy, event identity, and storage/evaluation rights before any raw download.",sha256:4a350b0b06cb076d18a528c17103c1aa2b66bd217e136b8e17fc56048bd40248
src_a39e9f66069bcb560,net_2021_q4,NET,"Cloudflare, Inc.",2021,Q4,audio,official_ir,https://cloudflare.net/news-and-events/events-and-presentations,cloudflare.net,metadata_only,metadata_only_no_raw_download,false,false,false,false,true,,,,,,false,false,2,"Review source terms, robots policy, event identity, and storage/evaluation rights before any raw download.",sha256:7b6ecce548414bd34204cb6d30684ca81b6d7cda5112c9e1ef9ca4dd484db00a
src_e2328d2bc80bfaf9d,snow_2021_q4,SNOW,Snowflake Inc.,2021,Q4,transcript,official_ir,https://investors.snowflake.com/,investors.snowflake.com,metadata_only,metadata_only_no_raw_download,false,false,false,false,true,,,,,,false,false,1,"Review source terms, robots policy, event identity, and storage/evaluation rights before any raw download.",sha256:3575c1972acd9eb056cdd4db485e5c11dac0a3afa2ff7e79d7eb6b92123e44f4
src_7578caf4cf66792a6,snow_2021_q4,SNOW,Snowflake Inc.,2021,Q4,audio,official_ir,https://investors.snowflake.com/,investors.snowflake.com,metadata_only,metadata_only_no_raw_download,false,false,false,false,true,,,,,,false,false,2,"Review source terms, robots policy, event identity, and storage/evaluation rights before any raw download.",sha256:cd7d8ddaa4c82bb5aaa72fded62ffe54d070659edfc702a2254b1346cec34d84
